Price,Close,High,Low,Open,Volume
Ticker,2330.TW,2330.TW,2330.TW,2330.TW,2330.TW
Date,,,,,
2000-01-04,33.78450012207031,33.78450012207031,33.21510284228228,33.78450012207031,200662336736
2000-01-05,34.54364013671875,34.54364013671875,33.404845442388684,33.78450411980316,402466805912
2000-01-06,33.78450012207031,34.543636049157065,33.78450012207031,34.35389740185835,197545715802
2000-01-07,32.83544921875,33.21510790915521,32.26605185210197,32.645710542507175,235270344752
2000-01-10,33.9742431640625,34.16398183590461,33.21510713877871,33.78450449222039,276171685539
2000-01-11,33.404842376708984,34.73337561886545,33.2151037243714,34.353898314190296,277769544650
2000-01-12,34.3538932800293,34.3538932800293,33.404837481621,33.594576106154605,216246806621
2000-01-13,33.78450012207031,34.35389740185835,33.78450012207031,34.35389740185835,147490954216
2000-01-14,34.54364013671875,35.11303748388379,33.97424278955371,34.163981459304274,288318964353
2000-01-17,35.492679595947266,36.062076736730205,35.492679595947266,36.062076736730205,155256940719
2000-01-18,34.92330551147461,35.49269926706016,34.73338546738919,35.49269926706016,131648031590
2000-01-19,34.92330551147461,35.49269926706016,34.73338546738919,34.92330551147461,134848688061
2000-01-20,34.54364013671875,34.923298814133226,34.35390146696819,34.923298814133226,125758120596
2000-01-21,35.302764892578125,35.302764892578125,34.54363273900862,34.54363273900862,113397441219
2000-01-24,35.68242645263672,36.251823725159,35.492687807759154,35.68242645263672,175113122879
2000-01-25,36.6314811706543,36.6314811706543,36.06208391650727,36.6314811706543,223692148326
2000-01-26,39.098812103271484,39.098812103271484,37.77028241989062,37.77028241989062,357880999032
2000-01-27,39.47846603393555,40.047863321159085,38.719330096935586,39.47846603393555,287927232252
2000-01-28,38.719337463378906,38.719337463378906,38.14975872989743,38.14975872989743,197904810671
2000-01-31,38.5294189453125,38.719338976538026,37.39062781047697,37.58036650376664,168059342623
2000-02-01,38.33967208862305,38.90906938519011,38.149752097835865,38.90906938519011,153081850577
2000-02-02,38.33967208862305,38.33967208862305,38.33967208862305,38.33967208862305,0
2000-02-03,38.33967208862305,38.33967208862305,38.33967208862305,38.33967208862305,0
2000-02-04,38.33967208862305,38.33967208862305,38.33967208862305,38.33967208862305,0
2000-02-07,38.33967208862305,38.33967208862305,38.33967208862305,38.33967208862305,0
2000-02-08,38.33967208862305,38.33967208862305,38.33967208862305,38.33967208862305,0
2000-02-09,40.04786682128906,40.617264158277166,39.28873081794163,40.617264158277166,252580321587
2000-02-10,40.61726379394531,40.80700245860271,39.288730465526555,39.66820779484135,177540543615
2000-02-11,41.566322326660156,42.1357159924737,40.80700494593057,41.186663636295364,215027859365
2000-02-14,40.61726379394531,41.37639608970975,40.61726379394531,41.37639608970975,140301270822
2000-02-15,40.8069953918457,41.186653993321556,40.237598158570464,40.61725676004632,105105248690
2000-02-16,40.42751693725586,40.99673281588496,40.42751693725586,40.80699418967526,79352313450
2000-02-17,40.04786682128906,40.42752549191784,39.85812815492974,40.04786682128906,116400258474
2000-02-18,39.47846603393555,40.61726060838262,39.288727384159124,40.23760197093551,121805090619
2000-02-21,37.010955810546875,38.52940512524685,37.010955810546875,38.52940512524685,153903007581
2000-02-22,37.010955810546875,37.58035302411535,36.062081346513295,36.4415585969784,168143612807
2000-02-23,36.82122802734375,37.010966708444954,36.631489346242546,37.010966708444954,73892584628
2000-02-24,37.010955810546875,37.39061439888279,36.82121718531432,37.010955810546875,83371097848
2000-02-25,37.7702751159668,37.9600137518931,37.010957896499534,37.010957896499534,165796729239
2000-02-28,37.7702751159668,37.7702751159668,37.7702751159668,37.7702751159668,0
2000-02-29,38.149749755859375,38.52940837622962,37.960014815390494,37.960014815390494,98749286567
2000-03-01,39.098812103271484,39.098812103271484,38.719334758036496,38.90907343065399,90504908649
2000-03-02,38.5294189453125,39.47847508763256,38.5294189453125,39.28873639434289,68745687934
2000-03-03,38.5294189453125,38.719338976538026,38.33968025202283,38.33968025202283,58129351241
2000-03-06,37.96002197265625,38.90907433280702,37.77028329563944,38.71933565579021,72312707991
2000-03-07,37.7702751159668,38.14974868704631,37.390616506233165,37.58035514215947,83737461434
2000-03-08,37.58034896850586,37.77026891111338,37.20087175899331,37.58034896850586,64819045052
2000-03-09,37.96002197265625,37.96002197265625,37.58036328070232,37.58036328070232,71897783191
2000-03-10,37.010955810546875,38.3396665000143,36.82121718531432,38.14974653691094,99978344966
2000-03-13,34.54364013671875,36.06208980768955,34.54364013671875,36.06208980768955,232179364310
2000-03-14,35.302764892578125,35.49268485956963,34.16397414290014,34.54363273900862,145477589021
2000-03-15,34.73337936401367,35.682431703053744,34.543640691217405,35.11303804752247,154204016711
2000-03-16,34.92330551147461,35.302779222974735,32.645715686034606,33.9742493048919,233438180185
2000-03-17,36.06208419799805,36.06208419799805,34.733373403467404,35.113032021823514,267728113852
2000-03-20,34.92330551147461,34.92330551147461,34.92330551147461,34.92330551147461,21190095663
2000-03-21,37.010955810546875,37.20087577365024,33.78449619301229,33.78449619301229,447638099122
2000-03-22,36.44157028198242,37.58036507427437,35.87217288583645,36.44157028198242,247260900862
2000-03-23,38.149749755859375,38.52940837622962,36.63148165092381,36.821220292165876,280164605464
2000-03-24,37.58034896850586,38.149742419853446,37.20087175899331,38.149742419853446,189561198505
2000-03-27,40.04786682128906,40.04786682128906,37.960019840469656,37.960019840469656,257812048419
2000-03-28,39.668209075927734,40.6172651056815,39.288731734357704,40.237606426197125,181779906634
2000-03-29,38.719337463378906,39.478473544806256,38.719337463378906,39.478473544806256,105678469394
2000-03-30,39.47846603393555,40.23760197093551,38.719330096935586,38.719330096935586,227815979813
2000-03-31,38.90907287597656,39.85812890136674,38.90907287597656,39.28873155371534,127027740887
2000-04-03,38.90907287597656,38.90907287597656,38.90907287597656,38.90907287597656,0
2000-04-04,38.90907287597656,38.90907287597656,38.90907287597656,38.90907287597656,0
2000-04-05,39.47846603393555,39.85812467138266,38.14975147181778,38.14975147181778,182695562287
2000-04-06,38.33967208862305,40.04786397832423,38.33967208862305,39.47846668175717,145596416273
2000-04-07,37.96002197265625,38.90907433280702,37.96002197265625,38.71933565579021,110518474790
2000-04-10,39.85811996459961,40.42751718458392,37.96001204017625,38.14974696677382,201610650952
2000-04-11,38.90907287597656,39.47847022362797,38.90907287597656,39.47847022362797,117967570843
2000-04-12,37.96002197265625,38.71933565579021,37.96002197265625,38.33967696383629,128216408046
2000-04-13,36.44157028198242,36.82122899205606,36.062092909837745,36.062092909837745,248891269216
2000-04-14,35.302764892578125,36.062082084795094,35.113029964234094,35.113029964234094,239165097006
2000-04-17,33.9742431640625,34.16398183590461,33.21510713877871,33.40484581062082,208060407784
2000-04-18,35.87216567993164,35.87216567993164,35.11303345097984,35.87216567993164,217523114345
2000-04-19,34.73337936401367,36.82122641566388,34.543640691217405,36.82122641566388,145654459349
2000-04-20,35.302764892578125,35.302764892578125,34.16397414290014,34.7333713681256,95074579646
2000-04-21,35.302764892578125,35.87216211780359,35.113029964234094,35.49268485956963,70356985905
2000-04-24,34.16398620605469,35.4926973918863,34.16398620605469,35.30277735783486,80690194617
2000-04-25,35.492679595947266,35.6824181969257,34.16396907632772,34.16396907632772,129573988875
2000-04-26,35.113033294677734,36.44156279948268,34.73337466255893,36.25182415236914,221065619149
2000-04-27,35.68242645263672,36.062085080281435,35.113032880887694,35.872165097514284,105813977898
2000-04-28,37.39061737060547,37.7702759891158,35.87216423444935,36.251822852959684,237572314797
2000-05-01,37.39061737060547,37.39061737060547,37.39061737060547,37.39061737060547,0
2000-05-02,36.6314811706543,37.20087842480133,36.44156119401613,37.20087842480133,84578099452
2000-05-03,35.68242645263672,36.631482352803715,35.68242645263672,36.251823725159,75426358510
2000-05-04,35.492679595947266,36.44155393868708,35.11302475691516,35.6824181969257,111779167839
2000-05-05,36.44157028198242,36.82122899205606,34.923301818319864,35.1130405043922,110709562579
2000-05-08,36.6314811706543,36.82121980940873,36.06208391650727,36.06208391650727,82047327484
2000-05-09,36.6314811706543,36.6314811706543,36.6314811706543,36.6314811706543,0
2000-05-10,35.68242645263672,36.82122099768128,35.68242645263672,36.82122099768128,93664437942
2000-05-11,33.9742431640625,34.92329919910375,33.59458448246293,34.54364051750418,165385745438
2000-05-12,35.113033294677734,35.113033294677734,33.97423873621303,34.54363601544538,213521853794
2000-05-15,34.25513458251953,35.71279161621748,34.13358637199098,35.71279161621748,134465742550
2000-05-16,36.320064544677734,36.44161273670812,34.49799260465914,35.10550411687826,105315890488
2000-05-17,38.628108978271484,38.628108978271484,37.656415162749234,37.899278479046714,165332157320
2000-05-18,39.60001754760742,39.60001754760742,37.89926441594171,38.3852277177705,124512470273
2000-05-19,39.356929779052734,39.356929779052734,38.62810309166944,38.87119951970469,83311748884
2000-05-22,38.38523483276367,39.114061495865336,38.38523483276367,38.87119822466945,106654860230
2000-05-23,37.17044448852539,38.3852345340803,36.92758121921928,38.3852345340803,78500882016
2000-05-24,36.07719802856445,36.44161316096535,35.7127865969367,35.7127865969367,85726893995
2000-05-25,35.34837341308594,36.441615169779546,34.98395826059695,36.198748217436275,96828793828
2000-05-26,35.34837341308594,35.469921613231655,34.74109500902703,34.98395826059695,70008419144
2000-05-29,35.34837341308594,35.95565181714485,35.22682521294023,35.34837341308594,52122944798
2000-05-30,35.34837341308594,35.34837341308594,35.34837341308594,35.34837341308594,0
2000-05-31,38.14214324951172,38.38523970027424,37.413312793215724,38.14214324951172,158989878703
2000-06-01,37.17044448852539,37.8992711459559,36.92758121921928,37.8992711459559,55122098697
2000-06-02,37.65640640258789,38.62809999206115,37.65640640258789,38.14213662295982,101225329179
2000-06-05,38.38523483276367,38.62810180473321,37.656408169662015,38.142138412827435,59798968599
2000-06-06,38.38523483276367,38.38523483276367,38.38523483276367,38.38523483276367,0
2000-06-07,39.114051818847656,39.114051818847656,37.65639885327518,37.899262064385454,81345149055
2000-06-08,38.14214324951172,39.35693345856285,38.14214324951172,39.11406645579611,70697027392
2000-06-09,38.38523483276367,38.62810180473321,37.899271440857895,38.38523483276367,45171655346
2000-06-12,38.14214324951172,38.8712031538035,38.14214324951172,38.8712031538035,67123280572
2000-06-13,37.65640640258789,37.89926966238711,37.65640640258789,37.89926966238711,48311780619
2000-06-14,37.41331481933594,38.385241779029215,37.41331481933594,38.385241779029215,64295991259
2000-06-15,36.44160842895508,37.41329810499031,36.44160842895508,37.41329810499031,69274685557
2000-06-16,36.44160842895508,36.68447163560112,36.19874152153636,36.44160842895508,75573138725
2000-06-19,35.95566940307617,36.44163299339585,35.59125407235151,36.32008473380084,57780102371
2000-06-20,36.07719802856445,36.684476399147634,35.95564983511898,36.684476399147634,45751547817
2000-06-21,35.71278762817383,36.19874726727954,35.71278762817383,36.07719907032427,37673562283
2000-06-22,36.19874954223633,36.320068298873906,35.46992291135815,35.46992291135815,64192016747
2000-06-23,35.469913482666016,36.077191747521994,35.469913482666016,35.95564357523808,49329023488
2000-06-26,34.376678466796875,35.22682378883035,34.13358207633307,35.10550504153733,95197240574
2000-06-27,34.376678466796875,34.741093604553704,34.376678466796875,34.49799351331669,54066359094
2000-06-28,34.98395538330078,35.105503573449624,34.497992070634695,34.61954396155659,64997227603
2000-06-29,34.61955261230469,35.469927559207,34.49800069100935,35.469927559207,77624156393
2000-06-30,35.469913482666016,35.469913482666016,34.37667197656991,34.741087045526115,78027855479
2000-07-03,34.862403869628906,35.469915314528194,34.13357739484839,34.741088839747675,104447180852
2000-07-04,34.25513458251953,34.983961248981664,34.01227131020385,34.86241303845312,73680107655
2000-07-05,36.19874954223633,36.44161650346803,34.012269649601784,34.61954807588584,119441525468
2000-07-06,35.22683334350586,35.834345036503635,34.86241810690763,35.22683334350586,101119813131
2000-07-07,34.49799728393555,35.46992405614426,34.49799728393555,35.226827639110105,56914463307
2000-07-10,34.862403869628906,35.10550022675158,34.01226236496715,34.619540661186335,65217525581
2000-07-11,34.98395538330078,35.348370505818025,34.497992070634695,34.74109215170543,52507541337
2000-07-12,34.862403869628906,35.10550022675158,34.619540661186335,34.98395204819025,40919616069
2000-07-13,35.22683334350586,35.71279680830386,34.98396633510741,34.98396633510741,69994503658
2000-07-14,35.469913482666016,35.7127803793383,35.22681713809818,35.22681713809818,62976544862
2000-07-17,34.862403869628906,35.71278222374347,34.741088839747675,35.469915314528194,50712314469
2000-07-18,34.49799728393555,34.86241246152283,34.49799728393555,34.86241246152283,32287023418
2000-07-19,34.49799728393555,34.86241246152283,34.49799728393555,34.86241246152283,32287023418
2000-07-20,32.797481536865234,34.25513874780851,32.797481536865234,34.25513874780851,115203218360
2000-07-21,31.58268165588379,32.91902338101426,31.09695150017786,32.797471492158856,162136495092
2000-07-24,30.7325382232666,31.339816530274227,30.610988192159546,31.218268349553558,110822798308
2000-07-25,30.489442825317383,31.096952486690096,30.125029547821438,30.125029547821438,93606483860
2000-07-26,31.58268165588379,31.704229843966207,30.85385512401302,30.85385512401302,123597006270
2000-07-27,31.339820861816406,31.339820861816406,30.368127326258453,31.218272664296304,75383138177
2000-07-28,30.97540855407715,31.46137194072124,30.368130107518805,30.368130107518805,112145144460
2000-07-31,30.853862762451172,31.09695919879898,30.6109976244725,30.975410980625075,44307028697
2000-08-01,30.610990524291992,31.46136710791423,30.610990524291992,31.218270727952323,54874186395
2000-08-02,30.368122100830078,30.975400387276835,30.368122100830078,30.73253718274246,39456927657
2000-08-03,29.639307022094727,30.36813376508573,29.39620872512478,30.36813376508573,50216489866
2000-08-04,30.489442825317383,31.218271230695823,29.760614419938943,29.760614419938943,80865639734
2000-08-07,29.88217544555664,30.611002268431246,29.63931027073318,30.611002268431246,88230506600
2000-08-08,30.489442825317383,30.610991017255767,29.63929937670632,29.88216446226388,87806300921
2000-08-09,31.58268165588379,31.58268165588379,30.73254008462897,30.73254008462897,97692062259
2000-08-10,32.31151580810547,32.31151580810547,31.58268548705028,31.947100647577876,102063658059
2000-08-11,31.82579231262207,32.3115226297986,31.82579231262207,32.06865562082323,55832817569
2000-08-14,31.58268165588379,31.94709677220567,31.33981842841732,31.825781732821618,42591720049
2000-08-15,31.704235076904297,32.06865025337467,31.461371809352066,32.06865025337467,53931312217
2000-08-16,32.797481536865234,32.797481536865234,31.704239553851306,31.704239553851306,77309224777
2000-08-17,33.52630615234375,33.769169411883155,33.0403427837623,33.28343919203086,93825423620
2000-08-18,33.890716552734375,34.13358350542758,33.64785330081453,33.76916835241353,86628725821
2000-08-21,33.52630615234375,33.769169411883155,33.40475424743599,33.647854356478035,50032384651
2000-08-22,33.2834358215332,33.5263027572518,32.91902439476219,33.5263027572518,47266781772
2000-08-23,33.2834358215332,33.2834358215332,33.2834358215332,33.2834358215332,0
2000-08-24,33.890716552734375,34.13358350542758,33.52630510049369,33.52630510049369,86961297607
2000-08-25,34.13357925415039,34.13357925415039,33.7691641465236,34.01226421766096,67969846253
2000-08-28,33.52630615234375,33.89071761601744,33.28343919203086,33.89071761601744,41797979053
2000-08-29,33.2834358215332,33.5263027572518,32.554609267218076,33.5263027572518,70881336756
2000-08-30,32.797481536865234,33.52631199272393,32.797481536865234,33.04034853948625,55343475749
2000-08-31,32.67592239379883,32.797470578495194,32.31151098840162,32.31151098840162,59711834325
2000-09-01,31.58268165588379,32.797471492158856,31.46136661649974,32.797471492158856,78236371122
2000-09-04,32.43307113647461,32.43307113647461,31.94710766635396,32.311522906943544,37302006304
2000-09-05,32.55461502075195,32.67593008531252,32.06865161549567,32.43306680744463,44200016942
2000-09-06,31.82579231262207,32.19020384931174,31.58269215487082,32.06865562082323,57121754055
2000-09-07,30.489442825317383,31.096952486690096,30.36812593169821,30.732541059580704,67406794020
2000-09-08,30.24658203125,30.732545420021058,30.125033822065934,30.489447151266106,53151311722
2000-09-11,30.125036239624023,30.368132677500842,30.003719319056206,30.003719319056206,59550218869
2000-09-12,30.125036239624023,30.125036239624023,30.125036239624023,30.125036239624023,0
2000-09-13,30.125036239624023,30.368132677500842,28.78892917439693,29.639305960611573,118942384480
2000-09-14,29.153335571289062,29.882163964527678,29.03178738137526,29.517748842715108,58547691419
2000-09-15,29.7606143951416,30.125029522720457,29.153336032594098,29.639299352010063,82176445198
2000-09-18,29.39620018005371,29.63929840635835,28.788921836881627,29.153335102447205,97868072327
2000-09-19,27.45282554626465,29.031797948685377,27.45282554626465,28.667382694228973,133186917707
2000-09-20,27.93854331970215,28.302956559863087,27.452813198351244,28.06009149918763,120368246850
2000-09-21,27.81700325012207,28.06010154652436,27.08817650883294,27.452823028242864,68452388650
2000-09-22,25.87361717224121,26.238032386939853,25.87361717224121,25.87361717224121,132834122636
2000-09-25,25.87361717224121,26.359347459073867,25.387655587034242,26.238032386939853,88873752030
2000-09-26,27.57413101196289,27.57413101196289,25.752061048772024,25.87360923236767,199394350975
2000-09-27,26.96685791015625,28.18164987045983,26.96685791015625,27.33127310856569,137224758488
2000-09-28,25.87361717224121,27.33127433026179,25.87361717224121,26.96685911556315,107525519700
2000-09-29,25.26609992980957,25.994928347687217,25.26609992980957,25.87361145198749,76034057956
2000-10-02,23.929994583129883,24.78037118061274,23.929994583129883,24.294407860696975,138001375937
2000-10-03,25.02323341369629,25.50919482782837,23.444028590714012,23.565578619206597,194590275197
2000-10-04,24.172861099243164,24.172861099243164,24.172861099243164,24.172861099243164,84448144144
2000-10-05,25.02323341369629,25.630511707641723,23.80844182673985,23.80844182673985,164805785309
2000-10-06,26.723764419555664,26.723764419555664,25.023243857415856,25.023243857415856,180029493800
2000-10-09,26.11647605895996,26.845304463365572,26.11647605895996,26.48089118635604,102031335801
2000-10-10,26.11647605895996,26.11647605895996,26.11647605895996,26.11647605895996,0
2000-10-11,25.26609992980957,25.26609992980957,25.26609992980957,25.26609992980957,29010663869
2000-10-12,23.565582275390625,24.537273956119197,23.565582275390625,23.687130472354987,183667251856
2000-10-13,23.44403839111328,23.808451779476215,21.986382987274435,21.986382987274435,191179714534
2000-10-16,23.44403839111328,23.44403839111328,23.44403839111328,23.44403839111328,0
2000-10-17,22.836755752563477,23.079620868504545,21.86506214006426,21.86506214006426,152970339373
2000-10-18,21.257553100585938,22.83675849015662,21.257553100585938,22.5938933451017,197565539457
2000-10-19,19.799890518188477,21.014682095260376,19.799890518188477,20.164305601635476,199457078987
2000-10-20,21.1362361907959,21.1362361907959,21.1362361907959,21.1362361907959,53403302845
2000-10-23,24.172861099243164,24.172861099243164,23.5655827001334,24.172861099243164,393125049096
2000-10-24,25.752065658569336,25.752065658569336,23.80844716386171,24.17286233196457,281450989671
2000-10-25,26.11647605895996,26.48089118635604,25.3876495049409,25.3876495049409,211862326584
2000-10-26,25.630523681640625,26.116485322802955,25.26610842498191,25.26610842498191,162335511542
2000-10-27,25.630523681640625,25.630523681640625,25.630523681640625,25.630523681640625,0
2000-10-30,23.929994583129883,23.929994583129883,23.929994583129883,23.929994583129883,43094344075
2000-10-31,23.80844497680664,24.051543215569502,23.201166602512934,23.201166602512934,237316567164
2000-11-01,23.565582275390625,24.537273956119197,23.44403222803963,24.537273956119197,178478658699
2000-11-02,25.14478874206543,25.14478874206543,23.56558532040151,23.68713353307164,190518503961
2000-11-03,26.60243797302246,26.723754860071885,25.7520614217566,26.238024715260813,246387764272
2000-11-06,26.480884552001953,26.845297737713697,25.38764314448063,25.63050816886814,242870995952
2000-11-07,28.302961349487305,28.302961349487305,27.209719593612146,27.695682945883036,252449083392
2000-11-08,28.424510955810547,29.760617879562766,28.302962749742377,28.910474332123886,235556099847
2000-11-09,27.93854331970215,27.93854331970215,27.08816680950843,27.93854331970215,166633646908
2000-11-10,27.695690155029297,27.93855532002151,26.96686151127064,27.209726676262854,174306612636
2000-11-13,25.87361717224121,26.359347459073867,25.87361717224121,25.87361717224121,146585514365
2000-11-14,25.87361717224121,26.48089753035618,25.63052073045057,25.75206895134589,104741997508
2000-11-15,25.99492645263672,26.84530300254415,25.02323486626011,26.723754817382204,138232731310
2000-11-16,24.294408798217773,25.630515618470923,24.294408798217773,24.294408798217773,145488774074
2000-11-17,23.929994583129883,24.294407860696975,22.593887814437068,22.593887814437068,149759745078
2000-11-20,21.379098892211914,22.350790576257484,21.379098892211914,21.379098892211914,121477336093
2000-11-21,22.836755752563477,22.836755752563477,21.1362354938929,21.1362354938929,141268915401
2000-11-22,22.10793113708496,23.565588386095108,22.10793113708496,22.958307990072612,176943588927
2000-11-23,21.621965408325195,21.865061819045316,21.379100295949826,21.500648501309886,93637447900
2000-11-24,23.079618453979492,23.079618453979492,21.986376748707553,22.10792494313613,159707601148
2000-11-27,22.95830535888672,23.808448965665974,22.95830535888672,23.808448965665974,107690655691
2000-11-28,22.472339630126953,22.836752907818134,22.472339630126953,22.71520471581463,63623002519
2000-11-29,21.986373901367188,22.229472109128555,21.865057020973673,21.986373901367188,73151677484
2000-11-30,21.74350929260254,22.350787602029055,21.50064422849169,21.986374356713387,121708583142
2000-12-01,22.22947883605957,22.22947883605957,21.13623694153834,21.13623694153834,104125416483
2000-12-04,21.379098892211914,21.743512186020197,21.379098892211914,21.743512186020197,46402605085
2000-12-05,21.50064468383789,21.743509753092198,21.136231430804585,21.136231430804585,89459185698
2000-12-06,21.621965408325195,22.836755417278297,21.500648501309886,22.836755417278297,116992933196
2000-12-07,22.10793113708496,22.10793113708496,21.500652591449573,21.6219695215434,95605339286
2000-12-08,21.86505889892578,22.229474018379644,21.74351070979871,22.107923978866065,78859568253
2000-12-11,21.86505889892578,22.229474018379644,21.74351070979871,22.107923978866065,73807371858
2000-12-12,22.472339630126953,22.59388782213046,22.10792450204922,22.10792450204922,143221466422
2000-12-13,22.350791931152344,22.593890191034053,22.229476875135198,22.472341986286573,38686726331
2000-12-14,21.986373901367188,22.229472109128555,21.743508842286165,22.107922080054696,48019688732
2000-12-15,21.379098892211914,21.621963988640914,21.379098892211914,21.500647089591197,48902934635
2000-12-18,20.52872085571289,21.257547393585938,20.52872085571289,21.13623235320279,56883986726
2000-12-19,20.407411575317383,20.407411575317383,19.921449936071607,20.164315106494477,94536729942
2000-12-20,19.799890518188477,20.164305601635476,19.799890518188477,19.921440545692032,93251563970
2000-12-21,19.192617416381836,19.314165626349954,19.192617416381836,19.192617416381836,72586742077
2000-12-22,18.949750900268555,19.678579360121848,18.585337595535254,19.071067802955323,110292068333
2000-12-25,18.949750900268555,18.949750900268555,18.949750900268555,18.949750900268555,0
2000-12-26,18.463787078857422,19.435480617935106,18.342238880897042,19.314163718305394,51800030525
2000-12-27,18.220922470092773,18.46378569914823,18.09937243082859,18.46378569914823,70824474913
2000-12-28,19.43548011779785,19.43548011779785,18.342238408892406,18.706651695065357,123757400996
2000-12-29,19.314163208007812,19.799893390354566,19.192615013258845,19.799893390354566,126381270066
2001-01-01,19.314163208007812,19.314163208007812,19.314163208007812,19.314163208007812,0
2001-01-02,20.28586196899414,20.28586196899414,18.828206597849363,18.949754824040635,109761621667
2001-01-03,19.557025909423828,20.042989181099788,19.31416084792718,19.557025909423828,110639113891
2001-01-04,20.6502742767334,20.893139418118608,20.285860915469396,20.77182434699917,234113138928
2001-01-05,21.986373901367188,21.986373901367188,20.650267278594228,20.650267278594228,200624646603
2001-01-08,21.74350929260254,22.715202697731108,21.379096047286872,21.74350929260254,193371911891
2001-01-09,22.593883514404297,22.593883514404297,21.98637211814704,21.98637211814704,156022413782
2001-01-10,22.836755752563477,23.079620868504545,22.472342429477795,22.836755752563477,115662646051
2001-01-11,22.472339630126953,23.201166185509315,22.350789587736895,23.07961799350581,126919807712
2001-01-12,22.836755752563477,22.836755752563477,22.472342429477795,22.593890636622405,94983533704
2001-01-15,22.95830535888672,22.95830535888672,22.472343799039827,22.836757144334435,89597298981
2001-01-16,24.537277221679688,24.537277221679688,22.836756879120937,22.836756879120937,261560243776
2001-01-17,24.537277221679688,25.023240626269768,24.172863880617175,24.537277221679688,224263841163
2001-01-18,24.78037452697754,25.14478785375535,24.53727625983854,25.02323964537925,233121389730
2001-01-19,24.78037452697754,24.78037452697754,24.78037452697754,24.78037452697754,0
2001-01-22,24.78037452697754,24.78037452697754,24.78037452697754,24.78037452697754,0
2001-01-23,24.78037452697754,24.78037452697754,24.78037452697754,24.78037452697754,0
2001-01-24,24.78037452697754,24.78037452697754,24.78037452697754,24.78037452697754,0
2001-01-25,24.78037452697754,24.78037452697754,24.78037452697754,24.78037452697754,0
2001-01-26,24.78037452697754,24.78037452697754,24.78037452697754,24.78037452697754,0
2001-01-29,23.565582275390625,24.65882215308356,23.565582275390625,24.294408860519248,162287082317
2001-01-30,24.051542282104492,24.051542282104492,23.322715741909153,23.565580822536095,104442681234
2001-01-31,25.630523681640625,25.630523681640625,24.17286820616738,24.415964675949017,225187996096
2001-02-01,24.658817291259766,25.63051063079231,24.53726911826029,25.26609555969079,114697036302
2001-02-02,24.41596221923828,25.387655955778307,24.41596221923828,24.780377439229888,159626108062
2001-02-05,23.929994583129883,24.294407860696975,23.80844454078121,24.051542775092,131682770311
2001-02-06,23.80844497680664,24.415956499810424,23.68712993132858,23.80844497680664,118522811741
2001-02-07,22.22947883605957,22.83675731667953,22.22947883605957,22.22947883605957,236950264906
2001-02-08,21.986373901367188,22.229472109128555,21.500643783205145,21.865057020973673,94213749009
2001-02-09,22.22947883605957,22.593892184104345,21.7435154221583,22.22947883605957,128952451939
2001-02-12,22.350791931152344,22.472341986286573,21.865061708849595,22.10792682000097,65390573400
2001-02-13,23.80844497680664,23.80844497680664,22.593888228219228,22.715205124083873,99125740632
2001-02-14,22.836755752563477,24.05154577935191,22.593890636622405,23.808447514675905,79813354005
2001-02-15,24.41596221923828,24.41596221923828,23.32272211042453,23.444037184320585,174380139732
2001-02-16,23.80844497680664,24.537273395675072,23.68712993132858,24.415956499810424,142289462156
2001-02-19,23.322717666625977,23.56558276729546,22.83675431656674,22.83675431656674,42987928103
2001-02-20,23.322717666625977,23.808446017578273,23.322717666625977,23.44403271740725,42253082111
2001-02-21,23.687131881713867,23.808446937180943,22.836755198637753,22.836755198637753,62630686703
2001-02-22,22.715206146240234,23.44403274751838,22.59388924491648,23.44403274751838,87930948679
2001-02-23,22.10793113708496,22.59389460301363,21.865065978508557,22.10793113708496,95466076101
2001-02-26,21.621965408325195,22.107926931420682,21.621965408325195,21.865061819045316,88333264549
2001-02-27,21.86505889892578,22.107923978866065,21.86505889892578,21.86505889892578,76196927473
2001-02-28,21.86505889892578,21.86505889892578,21.86505889892578,21.86505889892578,0
2001-03-01,20.407411575317383,21.136240235373233,20.407411575317383,21.136240235373233,179983114401
2001-03-02,20.28586196899414,20.650275349183566,20.164313742802868,20.528727122992294,98608467848
2001-03-05,20.52872085571289,20.650269044796325,20.2858557758598,20.2858557758598,85291005973
2001-03-06,21.50064468383789,21.865057936871192,21.01468324702559,21.379096500058893,118538885378
2001-03-07,22.350791931152344,22.593890191034053,22.229476875135198,22.229476875135198,143096743670
2001-03-08,21.986373901367188,22.350787139135715,21.865057020973673,22.350787139135715,54103039316
2001-03-09,21.379098892211914,21.379098892211914,21.257548844445992,21.257548844445992,55776539010
2001-03-12,20.771825790405273,20.89314086995473,20.65027571169315,20.65027571169315,60270770241
2001-03-13,21.1362361907959,21.1362361907959,20.407407670206855,20.407407670206855,103342974528
2001-03-14,21.1362361907959,21.1362361907959,21.1362361907959,21.1362361907959,0
2001-03-15,21.379098892211914,21.500647089591197,20.771820501974627,21.014685598403627,69605303342
2001-03-16,21.50064468383789,21.6219615693132,21.25754646589347,21.25754646589347,67691249055
2001-03-19,21.1362361907959,21.500649525896996,21.014687979643607,21.379101314744705,32191037811
2001-03-20,20.89313507080078,21.379098401214232,20.77182002492385,21.13623331036293,47933600202
2001-03-21,20.6502742767334,20.77182434699917,20.528726056854605,20.6502742767334,51471745876
2001-03-22,21.014690399169922,21.136238624316668,20.65027517172503,20.65027517172503,67485420683
2001-03-23,21.986373901367188,21.986373901367188,21.25754557544378,21.25754557544378,227713615167
2001-03-26,21.86505889892578,22.107923978866065,21.74351070979871,22.107923978866065,86627400933
2001-03-27,21.74350929260254,22.22947256950941,21.74350929260254,21.986374356713387,107902171080
2001-03-28,21.621965408325195,21.865061819045316,21.500648501309886,21.743513613685256,63876351860
2001-03-29,21.379098892211914,21.621963988640914,21.379098892211914,21.621963988640914,47865014354
2001-03-30,21.50064468383789,21.6219615693132,21.136231430804585,21.6219615693132,52554195712
2001-04-02,20.6502742767334,21.379102849648383,20.6502742767334,21.379102849648383,52770689846
2001-04-03,19.799890518188477,20.164305601635476,19.678575489748585,20.164305601635476,137153456204
2001-04-04,19.314163208007812,19.55702829918119,19.192615013258845,19.192615013258845,105939504251
2001-04-05,19.314163208007812,19.314163208007812,19.314163208007812,19.314163208007812,0
2001-04-06,20.042993545532227,20.650271980659014,19.921445339168205,20.650271980659014,83165377968
2001-04-09,19.43548011779785,19.678578357849563,19.19261502645746,19.678578357849563,50202053590
2001-04-10,19.192617416381836,19.557030747932668,19.071069206413718,19.43548253796455,64384767062
2001-04-11,20.164306640625,20.164306640625,19.435478286563594,19.678576503710293,63600441933
2001-04-12,20.89313507080078,21.13623331036293,20.528721785361704,20.65026997994948,172602523870
2001-04-13,20.6502742767334,21.25755277938261,20.6502742767334,21.25755277938261,59615425837
2001-04-16,20.407411575317383,20.650276745740253,20.04299817048306,20.5287285113288,26751186803
2001-04-17,20.28586196899414,20.407410195185413,20.042996814995988,20.164313742802868,35215179174
2001-04-18,20.6502742767334,20.6502742767334,20.40740913534819,20.6502742767334,72644312193
2001-04-19,21.986373901367188,21.986373901367188,21.865057020973673,21.986373901367188,290954416778
2001-04-20,21.986373901367188,22.229472109128555,21.743508842286165,22.107922080054696,135618069792
2001-04-23,21.86505889892578,21.986375789738993,21.621962520671637,21.986375789738993,47925092591
2001-04-24,21.379098892211914,21.621963988640914,21.379098892211914,21.500647089591197,53528517222
2001-04-25,21.014690399169922,21.62196892813884,20.893140323636118,21.379103776227755,41989129503
2001-04-26,21.014690399169922,21.62196892813884,20.893140323636118,21.379103776227755,41989129503
2001-04-27,21.1362361907959,21.621966438693516,21.1362361907959,21.621966438693516,44470839800
2001-04-30,22.10793113708496,22.22948121595465,21.500652591449573,21.6219695215434,182494001389
2001-05-01,22.10793113708496,22.10793113708496,22.10793113708496,22.10793113708496,0
2001-05-02,23.322717666625977,23.56558276729546,23.079619417236223,23.56558276729546,347857956012
2001-05-03,23.44403839111328,23.44403839111328,23.07962500275035,23.201173231667852,134483249398
2001-05-04,22.593883514404297,23.322711781215578,22.593883514404297,23.322711781215578,80099413071
2001-05-07,23.079618453979492,23.565581783756443,22.59388827291308,22.71520516901771,114545190851
2001-05-08,22.95830535888672,23.201170489629042,22.71520892978215,22.95830535888672,99755803847
2001-05-09,23.079618453979492,23.32271669322324,22.958301557874865,23.079618453979492,61278672235
2001-05-10,22.472339630126953,22.836752907818134,22.350789587736895,22.836752907818134,64391741470
2001-05-11,22.836755752563477,22.836755752563477,22.3507923719464,22.472342429477795,63826143619
2001-05-14,22.472339630126953,22.59388782213046,22.350789587736895,22.350789587736895,40124516855
2001-05-15,21.74350929260254,21.986374356713387,21.621961111397724,21.865057473807354,85139960454
2001-05-16,21.379098892211914,21.500647089591197,21.257548844445992,21.379098892211914,59935477852
2001-05-17,21.621965408325195,21.865061819045316,21.25755024020301,21.500648501309886,47654757191
2001-05-18,21.986373901367188,22.229472109128555,21.62196066359866,21.865057020973673,95308472805
2001-05-21,21.50064468383789,21.865057936871192,21.25754646589347,21.865057936871192,53491624518
2001-05-22,21.86505889892578,22.107923978866065,21.74351070979871,21.74351070979871,62981494442
2001-05-23,22.95830535888672,22.95830535888672,21.986380388806037,21.986380388806037,77986608978
2001-05-24,22.836755752563477,22.958303959708083,22.593890636622405,22.836755752563477,56666480178
2001-05-25,22.95830535888672,23.07962227507676,22.71520892978215,22.836757144334435,57861378809
2001-05-28,22.593883514404297,22.83674855378758,22.593883514404297,22.715200384958322,27492071866
2001-05-29,22.593883514404297,22.83674855378758,22.593883514404297,22.593883514404297,50391879153
2001-05-30,21.86505889892578,22.593887287447,21.86505889892578,22.472339098319928,49790259358
2001-05-31,21.74350929260254,21.865057473807354,21.621961111397724,21.621961111397724,54368179322
2001-06-01,21.621965408325195,22.107926931420682,21.500648501309886,21.98637872606062,40753226018
2001-06-04,21.86505889892578,22.107923978866065,21.500645629858425,21.621962520671637,38533131028
2001-06-05,22.10793113708496,22.10793113708496,21.74351775002598,21.865065978508557,28913070066
2001-06-06,22.715206146240234,22.83675434589789,22.47234104525882,22.47234104525882,72897807355
2001-06-07,22.593883514404297,22.715200384958322,22.35078532635958,22.47233534557504,62141449041
2001-06-08,23.565582275390625,23.687130472354987,23.322717179790676,23.322717179790676,163135010383
2001-06-11,24.051542282104492,24.051542282104492,23.44403078267885,23.565580822536095,71574202976
2001-06-12,23.565582275390625,23.929995567954936,23.44403222803963,23.808445520603943,61879767074
2001-06-13,22.836755752563477,23.56558424912162,22.836755752563477,23.444034191590227,58310724022
2001-06-14,22.472339630126953,22.836752907818134,22.10792450204922,22.836752907818134,54805425562
2001-06-15,22.715206146240234,22.715206146240234,22.229475944277404,22.350790995214492,33606221920
2001-06-18,22.350791931152344,22.715207097437947,21.98637861525349,22.593890191034053,132926523131
2001-06-19,21.986373901367188,22.350787139135715,21.865057020973673,22.229472109128555,89109248718
2001-06-20,21.86505889892578,21.986375789738993,21.74351070979871,21.86505889892578,41634972048
2001-06-21,20.89313507080078,21.621963492065532,20.89313507080078,21.621963492065532,101354893188
2001-06-22,20.6502742767334,21.136237708263174,20.40740913534819,20.893139418118608,119957081731
2001-06-25,20.6502742767334,20.6502742767334,20.6502742767334,20.6502742767334,0
2001-06-26,20.747509002685547,21.42753160606603,20.747509002685547,20.917352282112077,96070796227
2001-06-27,21.597698211669922,21.76786715525462,21.087518899325357,21.25768784291006,57765016150
2001-06-28,20.9173583984375,21.59770501839817,20.747515069348054,21.59770501839817,47031141048
2001-06-29,21.767868041992188,21.767868041992188,21.25768870886492,21.427531991345326,53805625856
2001-07-02,22.78822898864746,22.78822898864746,21.93771166937614,21.93771166937614,62442405056
2001-07-03,22.618064880371094,23.128244374158676,22.44789587626656,22.788233884475627,30191453577
2001-07-04,22.278047561645508,22.447888995161367,22.10787860970403,22.447888995161367,26744552544
2001-07-05,22.278047561645508,22.447888995161367,22.10787860970403,22.10787860970403,16044664142
2001-07-06,21.427534103393555,21.937711636420936,21.427534103393555,21.767870187586333,40584223689
2001-07-09,20.747509002685547,21.08751937918252,20.747509002685547,21.08751937918252,62249903530
2001-07-10,20.9173583984375,21.257694542480674,20.9173583984375,20.9173583984375,48435884971
2001-07-11,20.9173583984375,21.257694542480674,20.9173583984375,21.08752554526555,34178454624
2001-07-12,21.597698211669922,21.597698211669922,21.087518899325357,21.25768784291006,45144006501
2001-07-13,21.427534103393555,22.278049571000462,21.427534103393555,22.1078806037107,83440695087
2001-07-16,21.427534103393555,21.767870187586333,21.087521836882434,21.767870187586333,52098044529
2001-07-17,21.257686614990234,21.42752988074114,20.917350597866353,21.0875176812351,39253753226
2001-07-18,21.087520599365234,21.257689556668666,20.747510203194313,21.257689556668666,40148263650
2001-07-19,20.747509002685547,21.08751937918252,20.237329678731594,20.747509002685547,52451240755
2001-07-20,20.577341079711914,21.087520429066146,20.577341079711914,21.087520429066146,48338503352
2001-07-23,19.727153778076172,20.577343626062504,19.556984801089378,20.40717464907571,62147840760
2001-07-24,19.556982040405273,19.556982040405273,19.046802699936162,19.3868149378263,52030990693
2001-07-25,20.06716537475586,20.237334361589426,19.556985932747928,19.727154919581498,43066286931
2001-07-26,20.577341079711914,20.74751003564109,20.06716173035768,20.407172123782736,51942754131
2001-07-27,21.597698211669922,21.93770858042979,21.427531118471716,21.597698211669922,156155062051
2001-07-30,21.597698211669922,21.597698211669922,21.597698211669922,21.597698211669922,0
2001-07-31,22.447891235351562,22.447891235351562,21.767870396574118,21.937711847039328,103162152962
2001-08-01,23.298404693603516,23.298404693603516,22.788225389989194,23.298404693603516,137701829919
2001-08-02,23.978757858276367,24.14859931539626,23.808588882685335,23.808588882685335,99316282800
2001-08-03,23.46824836730957,23.97875334766542,23.46824836730957,23.97875334766542,69056552276
2001-08-06,23.12824058532715,23.298409561554873,22.958071609099427,23.12824058532715,46619357529
2001-08-07,22.447891235351562,22.78822917319859,22.278049784886356,22.618060204275075,45691471961
2001-08-08,22.95807456970215,22.95807456970215,22.447895093700165,22.447895093700165,33965064989
2001-08-09,22.10787582397461,22.447886166588535,22.10787582397461,22.10787582397461,29149178904
2001-08-10,23.298404693603516,23.298404693603516,22.27804608637487,22.618056449316445,51262912996
2001-08-13,23.12824058532715,23.12824058532715,22.788230151344067,23.12824058532715,22755986154
2001-08-14,23.46824836730957,23.46824836730957,23.12823614817104,23.12823614817104,30352773225
2001-08-15,23.298404693603516,23.63841505654509,23.298404693603516,23.4682479662588,37550138824
2001-08-16,23.12824058532715,23.298409561554873,22.958071609099427,23.12824058532715,22472824164
2001-08-17,22.95807456970215,23.298412566046533,22.788233090044553,23.128243567874343,24091688315
2001-08-20,22.447891235351562,22.447891235351562,22.10788081596284,22.278049784886356,54058062773
2001-08-21,22.618064880371094,22.618064880371094,22.107885386583508,22.107885386583508,28486645824
2001-08-22,21.087520599365234,21.93771034901051,21.087520599365234,21.76786891014302,131335001004
2001-08-23,21.087520599365234,21.257689556668666,20.40717228858745,20.40717228858745,109761355021
2001-08-24,20.577341079711914,20.74751003564109,20.407172123782736,20.74751003564109,92537405507
2001-08-27,21.597698211669922,21.93770858042979,20.57733958698079,20.57733958698079,172843967671
2001-08-28,21.427534103393555,21.767870187586333,21.087521836882434,21.767870187586333,97109196229
2001-08-29,21.937711715698242,21.937711715698242,21.257690880992083,21.427534180827212,99128757042
2001-08-30,21.427534103393555,21.767870187586333,21.427534103393555,21.597701220296567,50885587864
2001-08-31,21.767868041992188,21.937709474086027,21.0875197583482,21.25768870886492,49968004993
2001-09-03,21.767868041992188,21.937709474086027,21.597699091475473,21.767868041992188,39017023309
2001-09-04,22.447891235351562,22.447891235351562,21.597701427650605,21.767870396574118,52138689890
2001-09-05,22.278047561645508,22.278047561645508,21.93770965776255,22.278047561645508,45011258834
2001-09-06,21.767868041992188,21.937709474086027,21.427531991345326,21.767868041992188,32151543245
2001-09-07,21.427534103393555,21.597701220296567,21.2576908041722,21.597701220296567,41915298266
2001-09-10,21.767868041992188,21.937709474086027,21.25768870886492,21.25768870886492,28395811269
2001-09-11,21.427534103393555,21.767870187586333,21.427534103393555,21.767870187586333,29208435782
2001-09-12,21.427534103393555,21.427534103393555,21.427534103393555,21.427534103393555,0
2001-09-13,20.06716537475586,20.06716537475586,20.06716537475586,20.06716537475586,38823893860
2001-09-14,18.876636505126953,20.067162345896055,18.706793212034686,19.727151942041548,98405401741
2001-09-17,18.876636505126953,18.876636505126953,18.876636505126953,18.876636505126953,0
2001-09-18,18.876636505126953,18.876636505126953,18.876636505126953,18.876636505126953,0
2001-09-19,18.876636505126953,18.876636505126953,18.876636505126953,18.876636505126953,0
2001-09-20,17.856273651123047,17.856273651123047,17.856273651123047,17.856273651123047,4882070946
2001-09-21,17.34609603881836,17.34609603881836,17.34609603881836,17.34609603881836,2609586650
2001-09-24,17.34609603881836,17.34609603881836,17.34609603881836,17.34609603881836,0
2001-09-25,16.121667861938477,16.76811154995784,16.05386044215044,16.733883097201964,181477080515
2001-09-26,16.495908737182617,16.564041833369707,14.999274175633985,15.985729311984405,137796559978
2001-09-27,15.815560340881348,16.325741616793035,15.645718878027882,16.325741616793035,52486362776
2001-09-28,15.815560340881348,15.815560340881348,15.815560340881348,15.815560340881348,0
2001-10-01,15.815560340881348,15.815560340881348,15.815560340881348,15.815560340881348,0
2001-10-02,15.305384635925293,15.849793543043907,14.897241020962122,15.849793543043907,67122484210
2001-10-03,14.999266624450684,15.373507187350215,14.829424322017354,15.13553182303049,50025077532
2001-10-04,15.067400932312012,16.019628194735173,15.033498155642073,16.019628194735173,107361475283
2001-10-05,15.917595863342285,16.121667605180008,15.135537348202144,15.203343841716936,90599194936
2001-10-08,15.645716667175293,15.849788408548397,15.475548635079058,15.475548635079058,36931798424
2001-10-09,16.7338809967041,16.7338809967041,16.087761207456573,16.189797067192575,85981949737
2001-10-10,16.7338809967041,16.7338809967041,16.7338809967041,16.7338809967041,0
2001-10-11,17.856273651123047,17.856273651123047,17.34609620146637,17.516263290561508,70577691087
2001-10-12,18.706796646118164,19.04680711238979,18.366458661343074,19.04680711238979,146532259358
2001-10-15,18.196613311767578,18.706792661763796,18.02644435562427,18.196613311767578,45872414944
2001-10-16,18.876636505126953,18.876636505126953,18.02644488588233,18.366455289736837,42133562488
2001-10-17,19.727153778076172,20.06716421357594,19.38681767448944,19.727153778076172,129414568686
2001-10-18,20.23733139038086,20.23733139038086,19.386815949963903,19.386815949963903,85720721898
2001-10-19,19.896995544433594,20.067164524053226,19.38681797444047,19.896995544433594,87127763246
2001-10-22,19.727153778076172,20.06716421357594,19.38681767448944,19.896995236589145,53561188259
2001-10-23,19.556982040405273,20.237330333839953,19.556982040405273,20.237330333839953,59501452172
2001-10-24,20.9173583984375,20.9173583984375,19.72715612308281,19.72715612308281,133139455065
2001-10-25,21.257686614990234,21.42752988074114,20.917350597866353,21.42752988074114,100118530217
2001-10-26,21.427534103393555,21.767870187586333,21.427534103393555,21.427534103393555,63375879436
2001-10-29,22.78822898864746,22.78822898864746,21.93771166937614,22.618060021102067,159762803606
2001-10-30,21.257686614990234,21.93770731322954,21.257686614990234,21.257686614990234,103426940023
2001-10-31,20.747509002685547,21.2576883266395,20.407171107771585,20.407171107771585,87162486490
2001-11-01,20.747509002685547,21.2576883266395,20.577340055228568,21.2576883266395,67706863206
2001-11-02,21.257686614990234,21.767865897865022,21.0875176812351,21.42752988074114,107589015503
2001-11-05,22.10787582397461,22.10787582397461,21.257686208247616,21.42752947074876,72908380267
2001-11-06,22.278047561645508,22.958068332560185,22.278047561645508,22.788226899044325,114083762138
2001-11-07,22.78822898864746,22.958070437737202,22.44789105355667,22.618060021102067,62689312681
2001-11-08,22.95807456970215,23.638423043876323,22.788233090044553,23.128243567874343,97915110002
2001-11-09,22.95807456970215,22.95807456970215,22.95807456970215,22.95807456970215,0
2001-11-12,23.12824058532715,23.468252869697082,22.788230151344067,23.12824058532715,60076010572
2001-11-13,22.95807456970215,23.128243567874343,22.788233090044553,22.788233090044553,32001930937
2001-11-14,24.488935470581055,24.488935470581055,23.808587136584222,23.808587136584222,167287343831
2001-11-15,25.33913230895996,25.33913230895996,24.318773282906744,24.4889422934284,127912553253
2001-11-16,26.359487533569336,26.699497987039546,24.999116350810407,25.339128654667572,154915643388
2001-11-19,27.039833068847656,27.039833068847656,26.01947607956877,26.359486519964513,99340227197
2001-11-20,25.33913230895996,26.69950183751813,25.168963298438303,26.52966034553484,108705218429
2001-11-21,25.679128646850586,25.679128646850586,24.488928785328643,24.488928785328643,113891195141
2001-11-22,24.828948974609375,25.509297393447945,24.658779990277743,25.509297393447945,78148114323
2001-11-23,24.999114990234375,25.33912727558638,24.488937428936847,24.828947863902,67781672336
2001-11-26,25.16895866394043,25.339127643127945,24.828948224043458,24.999115352844093,106122556577
2001-11-27,25.679128646850586,26.86965602673024,25.16894941523898,26.86965602673024,208435722041
2001-11-28,25.16895866394043,26.52965546048443,25.16895866394043,25.849307062212432,82210650629
2001-11-29,24.828948974609375,24.828948974609375,24.48893852443407,24.658779990277743,78561674477
2001-11-30,24.828948974609375,25.509297393447945,24.828948974609375,25.509297393447945,121174113006
2001-12-03,26.359487533569336,26.359487533569336,25.509297640648246,25.679139108137782,95400454286
2001-12-04,26.69948959350586,26.869658525990427,25.679131035374795,26.01946890034393,87963745896
2001-12-05,28.40020179748535,28.40020179748535,27.71985345575252,27.890022420798438,205624746225
2001-12-06,30.270750045776367,30.270750045776367,29.590727378699025,30.270750045776367,194245604436
2001-12-07,30.100908279418945,30.270749722554253,29.25039098996573,29.930739317839468,118018166457
2001-12-10,28.570375442504883,29.59073251263169,28.570375442504883,29.42056537009825,107978018216
2001-12-11,29.08054542541504,29.250388705673224,27.71985072631693,27.89001967460716,95422642880
2001-12-12,30.100908279418945,30.61108764571321,29.08054769644373,29.25039098996573,118173177116
2001-12-13,28.570375442504883,30.440924290612088,28.570375442504883,30.27075529769162,105076597693
2001-12-14,28.40020179748535,28.57037076253127,27.890022420798438,28.060191385844355,73413581455
2001-12-17,27.55001449584961,28.230037276571355,27.379847354401747,28.060195803238873,62690628046
2001-12-18,28.06019401550293,28.570373440001262,27.89002503450964,28.570373440001262,90387456947
2001-12-19,29.08054542541504,29.420557653963453,28.400199001059256,28.57036794934949,95314211603
2001-12-20,29.08054542541504,29.250388705673224,28.230030052769028,28.230030052769028,82619407618
2001-12-21,27.20967674255371,28.06019413258751,27.20967674255371,27.89002515088417,184451732922
2001-12-24,27.55001449584961,27.89002681140399,26.699498905564617,26.699498905564617,69557938312
2001-12-25,28.40020179748535,28.57037076253127,27.379843044111524,27.550010158770714,56300051145
2001-12-26,28.06019401550293,28.740214902513017,27.89002503450964,28.400204459007973,50672647595
2001-12-27,27.89002799987793,28.91038695736284,27.89002799987793,28.400207478620384,74257765791
2001-12-28,28.910385131835938,29.08055226979002,28.060195227121973,28.40020568530842,90661600356
2001-12-31,29.760568618774414,30.27074795528332,29.420558233910164,29.420558233910164,142278227393
2002-01-01,29.760568618774414,29.760568618774414,29.760568618774414,29.760568618774414,0
2002-01-02,29.250391006469727,29.930739334727342,28.740211639887605,29.76057037305185,63219970044
2002-01-03,29.250391006469727,29.250391006469727,29.250391006469727,29.250391006469727,0
2002-01-04,30.270750045776367,30.44091900917286,29.93073963743105,30.10090860082754,161224084400
2002-01-07,31.461278915405273,31.631447885090882,30.270751164525535,30.611089103896756,143660633926
2002-01-08,30.780929565429688,31.291108939623058,30.611088119664725,31.291108939623058,66545271274
2002-01-09,31.12126922607422,31.631450509385104,30.611091643537197,31.461281525581473,72284564141
2002-01-10,30.780929565429688,31.291108939623058,30.611088119664725,31.121265643471375,51368481421
2002-01-11,29.760568618774414,30.78092729179222,29.760568618774414,30.61108585857262,69855335701
2002-01-14,29.930740356445312,29.930740356445312,29.250392004963278,29.42056097244767,47642526681
2002-01-15,29.760568618774414,30.100906522063717,29.59072533516823,29.930737570419065,36711147501
2002-01-16,28.910385131835938,29.930744024890963,28.910385131835938,29.760575036549902,63000476760
2002-01-17,28.740209579467773,28.91037852894365,28.06018881840601,28.230030249461016,74009989192
2002-01-18,28.910385131835938,29.42056457836345,28.740216143494873,28.910385131835938,64443521005
2002-01-21,30.780929565429688,30.780929565429688,29.080548146697893,29.250391442849576,106826877778
2002-01-22,30.6110897064209,31.63144850769895,30.100910305781873,30.95110013402484,128790074046
2002-01-23,30.100908279418945,31.291108455142776,29.76057035625999,29.930739317839468,120107453497
2002-01-24,30.780929565429688,30.95109852964389,29.760570817042947,30.611088119664725,91067250466
2002-01-25,31.29110336303711,31.461272296924427,30.611082664269578,31.121260097154273,131361617793
2002-01-28,31.29110336303711,31.461272296924427,30.95109301365334,31.29110336303711,88306395399
2002-01-29,30.270750045776367,30.951098380914665,30.270750045776367,30.951098380914665,58836080048
2002-01-30,29.590740203857422,29.930752609956933,29.420573017094124,29.590740203857422,73377524990
2002-01-31,29.590740203857422,29.590740203857422,29.590740203857422,29.590740203857422,0
2002-02-01,29.08054542541504,29.590724751867135,28.910378327511356,29.590724751867135,103873616415
2002-02-04,29.250391006469727,29.59072707943402,28.740211639887605,28.910380601563098,48429656333
2002-02-05,29.08054542541504,29.250388705673224,28.740209379221124,28.740209379221124,43280411623
2002-02-06,29.420562744140625,29.76057318112915,29.250393766408735,29.250393766408735,70636501574
2002-02-07,29.420562744140625,29.420562744140625,29.420562744140625,29.420562744140625,0
2002-02-08,29.420562744140625,29.420562744140625,29.420562744140625,29.420562744140625,0
2002-02-11,29.420562744140625,29.420562744140625,29.420562744140625,29.420562744140625,0
2002-02-12,29.420562744140625,29.420562744140625,29.420562744140625,29.420562744140625,0
2002-02-13,29.420562744140625,29.420562744140625,29.420562744140625,29.420562744140625,0
2002-02-14,29.420562744140625,29.420562744140625,29.420562744140625,29.420562744140625,0
2002-02-15,29.420562744140625,29.420562744140625,29.420562744140625,29.420562744140625,0
2002-02-18,29.760568618774414,30.27074795528332,29.59072533516823,30.100906522063717,79417673286
2002-02-19,29.08054542541504,29.93073698041555,28.910378327511356,29.76056803212532,49938769378
2002-02-20,27.89002799987793,28.570376477706656,27.89002799987793,28.570376477706656,64741959973
2002-02-21,28.06019401550293,28.400204459007973,27.550012740617696,28.230035478014685,53616987097
2002-02-22,27.719858169555664,27.890027163539074,27.209678706111973,27.209678706111973,45345656060
2002-02-25,27.55001449584961,28.230037276571355,27.55001449584961,27.89002681140399,33289509205
2002-02-26,27.20967674255371,28.06019413258751,27.20967674255371,27.89002515088417,63760930103
2002-02-27,27.89002799987793,28.0601969989642,27.37984852113548,27.37984852113548,74203270414
2002-02-28,27.89002799987793,27.89002799987793,27.89002799987793,27.89002799987793,0
2002-03-01,27.55001449584961,28.060195803238873,27.55001449584961,27.55001449584961,75910280361
2002-03-04,29.420562744140625,29.420562744140625,28.570372892431685,29.420562744140625,97211205432
2002-03-05,30.951093673706055,31.29110403034077,30.270745442038773,31.29110403034077,179088949780
2002-03-06,32.14162063598633,32.14162063598633,30.951094912889605,31.121262006832414,179561088297
2002-03-07,31.801288604736328,32.31146610352497,31.631445316913396,32.31146610352497,120272975169
2002-03-08,31.12126922607422,32.14162809192212,30.951102092657518,31.801293825088724,84486290907
2002-03-11,33.161991119384766,33.161991119384766,31.801297815945276,31.801297815945276,141985430804
2002-03-12,32.311466217041016,32.82164371762201,31.80128871646003,32.48163517350834,81775919652
2002-03-13,31.971452713012695,32.651802844039835,31.801287464020316,32.31146494450883,55129555206
2002-03-14,31.631450653076172,31.631450653076172,31.121269367447706,31.29111268392287,61840313278
2002-03-15,30.780929565429688,31.291108939623058,30.611088119664725,30.95109852964389,93412069400
2002-03-18,31.12126922607422,31.12126922607422,30.270753675929935,31.12126922607422,39047773677
2002-03-19,31.12126922607422,31.29111254177784,30.611091643537197,31.29111254177784,46678081714
2002-03-20,32.65180587768555,32.65180587768555,31.121265892472856,31.291109189983455,89969926892
2002-03-21,31.971452713012695,32.31146494450883,31.461275232524176,31.461275232524176,59678431206
2002-03-22,32.311466217041016,32.65180412997565,32.141622928621395,32.48163517350834,57703426137
2002-03-25,32.65180587768555,32.82164547442268,31.801290418645507,32.311467946534094,50071097438
2002-03-26,32.14162063598633,32.48163285662048,31.97145169165702,32.311463912291174,34394957091
2002-03-27,31.461278915405273,32.4816376965994,31.461278915405273,32.4816376965994,49892148333
2002-03-28,32.311466217041016,32.311466217041016,31.631445428040404,31.80128871646003,66767145308
2002-03-29,32.8216438293457,33.16198174343884,32.65180424112122,32.99181278639227,84362914469
2002-04-01,32.48163604736328,32.9918135616696,32.48163604736328,32.651805008408665,29433916653
2002-04-02,32.65180587768555,33.161983405574134,32.65180587768555,32.82164547442268,52946121391
2002-04-03,32.311466217041016,32.48163517350834,32.141622928621395,32.311466217041016,50674695041
2002-04-04,31.461278915405273,32.31146872691379,31.29110994571966,31.971456455615556,67791165578
2002-04-05,31.461278915405273,31.461278915405273,31.461278915405273,31.461278915405273,0
2002-04-08,31.12126922607422,31.461281525581473,30.951102092657518,31.29111254177784,61887291435
2002-04-09,31.12126922607422,31.29111254177784,30.780933108853887,31.29111254177784,39162192542
2002-04-10,30.780929565429688,30.95109852964389,30.611088119664725,30.780929565429688,76946484121
2002-04-11,30.6110897064209,30.95110013402484,30.6110897064209,30.6110897064209,65494044979
2002-04-12,31.29110336303711,31.29110336303711,30.100903380998492,30.440913730382256,69123195432
2002-04-15,31.12126922607422,31.461281525581473,30.951102092657518,31.29111254177784,45049916269
2002-04-16,31.461278915405273,31.631447885090882,31.121266644107042,31.29110994571966,33122690024
2002-04-17,32.65180587768555,32.99181443999841,32.48163691210982,32.48163691210982,119691131673
2002-04-18,32.48163604736328,32.9918135616696,32.3114670863179,32.9918135616696,43245786585
2002-04-19,32.14162063598633,32.311463912291174,31.97145169165702,32.311463912291174,33966082760
2002-04-22,31.631450653076172,32.14162823793076,31.631450653076172,31.801293969551335,33068661869
2002-04-23,31.971452713012695,31.971452713012695,31.291106282758676,31.291106282758676,29257137007
2002-04-24,32.311466217041016,32.48163517350834,31.971453972154077,31.971453972154077,39788585830
2002-04-25,31.29110336303711,31.80128449669458,31.29110336303711,31.631441230811745,54026886847
2002-04-26,31.29110336303711,31.29110336303711,30.95109301365334,30.95109301365334,51807319192
2002-04-29,30.270750045776367,30.611087972569347,29.93073963743105,30.611087972569347,139939925764
2002-04-30,29.760568618774414,30.100906522063717,29.59072533516823,29.930737570419065,75670931619
2002-05-01,29.760568618774414,29.760568618774414,29.760568618774414,29.760568618774414,0
2002-05-02,28.910385131835938,29.930744024890963,28.910385131835938,29.760575036549902,75300367818
2002-05-03,28.910385131835938,28.910385131835938,28.23003669696736,28.23003669696736,58913763934
2002-05-06,27.55001449584961,27.89002681140399,27.209678362566862,27.89002681140399,86268098080
2002-05-07,27.89002799987793,28.0601969989642,27.209679522049207,27.209679522049207,61861001999
2002-05-08,28.230022430419922,28.570360235106243,28.060181046406917,28.060181046406917,79020605781
2002-05-09,28.910385131835938,29.760575036549902,28.910385131835938,29.760575036549902,76347552789
2002-05-10,29.420562744140625,29.59072987148565,28.400203914699794,28.570372892431685,43498655013
2002-05-13,28.910385131835938,29.250395590022386,28.910385131835938,28.910385131835938,27724948539
2002-05-14,29.590740203857422,29.590740203857422,29.250403979943314,29.250403979943314,36539659073
2002-05-15,30.6110897064209,30.780931160989763,30.100910305781873,30.270751760350738,79152731477
2002-05-16,30.100908279418945,30.270749722554253,29.930739317839468,30.270749722554253,27776030515
2002-05-17,30.440919876098633,30.440919876098633,29.93074048982745,30.27075090785591,40331926640
2002-05-20,29.590740203857422,30.27076316566893,29.590740203857422,30.10092164710774,44740805587
2002-05-21,29.420562744140625,29.76057318112915,29.250393766408735,29.420562744140625,36348737770
2002-05-22,29.930740356445312,30.270750772958564,29.42056097244767,29.42056097244767,53130516462
2002-05-23,29.590740203857422,29.760583572806123,29.420573017094124,29.590740203857422,44650024598
2002-05-24,29.760568618774414,29.930737570419065,29.420558233910164,29.420558233910164,44515744323
2002-05-27,29.420562744140625,29.59072987148565,29.250393766408735,29.59072987148565,19161398245
2002-05-28,29.250391006469727,29.76057037305185,28.910380601563098,29.59072707943402,49149752981
2002-05-29,29.08054542541504,29.08054542541504,28.57036794934949,28.910378327511356,45141530520
2002-05-30,29.420562744140625,29.420562744140625,28.570372892431685,28.570372892431685,74988001460
2002-05-31,29.08054542541504,29.250388705673224,28.57036794934949,29.08054542541504,65398588791
2002-06-03,28.910385131835938,28.910385131835938,28.060195227121973,28.570374673649486,42716879074
2002-06-04,27.719858169555664,28.060196157522483,27.55001484369175,27.719858169555664,90498292782
2002-06-05,27.89002799987793,28.0601969989642,27.71985900079166,27.71985900079166,64899535890
2002-06-06,27.379844665527344,27.719855097303526,27.209675690404136,27.719855097303526,85301430088
2002-06-07,25.509294509887695,26.019473886724164,25.509294509887695,25.509294509887695,220255362174
2002-06-10,25.509294509887695,25.849304921628363,25.16895657969609,25.509294509887695,96887346002
2002-06-11,25.16895866394043,25.849307062212432,24.999115352844093,25.849307062212432,69473808544
2002-06-12,24.488935470581055,25.168956286130772,24.31876650747007,24.999112991080196,69348253720
2002-06-13,25.679128646850586,25.849297563507026,24.999106166554046,25.339118331895417,106950879163
2002-06-14,25.679128646850586,25.679128646850586,25.339118331895417,25.509287248551857,34995182956
2002-06-17,25.16895866394043,25.849307062212432,25.16895866394043,25.679138083024917,101340164674
2002-06-18,25.679128646850586,25.849297563507026,25.509287248551857,25.849297563507026,91342244994
2002-06-19,25.628246307373047,26.376629605352754,25.628246307373047,26.00225754367211,88099701354
2002-06-20,25.628246307373047,25.628246307373047,24.692677903746304,25.06704996542695,58709305089
2002-06-21,25.815431594848633,26.376629791134047,25.067050141984343,25.253876273952258,76163646854
2002-06-24,25.628246307373047,25.815431413020082,25.253876096078972,25.628246307373047,50425943958
2002-06-25,26.00225830078125,26.563456509454358,25.628247053592084,26.00225830078125,77223383791
2002-06-26,24.879863739013672,25.815430250109262,24.879863739013672,25.628245152894376,66817691886
2002-06-27,24.879863739013672,25.44106005567949,24.692676791412296,25.067048836228558,52370730270
2002-06-28,25.44106101989746,25.628246124206676,25.067049786271475,25.253875915588246,53725561220
2002-07-01,25.067058563232422,25.441069927814464,24.692686373145037,25.441069927814464,31670484218
2002-07-02,24.692672729492188,24.8798596463015,23.944650413639252,23.944650413639252,34987654104
2002-07-03,23.75747299194336,23.944658118599296,23.009089609968143,23.944658118599296,103732963846
2002-07-04,24.131488800048828,24.31867396184212,23.75747745156493,23.944662613358222,57177497811
2002-07-05,25.067058563232422,25.067058563232422,23.757478474130867,24.13148983871291,64912258296
2002-07-08,26.563457489013672,26.750642607013663,25.81543311666442,26.002259259645708,128201266856
2002-07-09,26.750642776489258,26.750642776489258,26.002259424380007,26.376631513138474,43663517110
2002-07-10,26.1894474029541,26.37663439296394,25.815436098768416,26.37663439296394,55840300646
2002-07-11,25.25387191772461,25.62824206707764,25.067045817983715,25.62824206707764,42029900287
2002-07-12,26.563457489013672,26.563457489013672,25.81543311666442,25.81543311666442,77343844351
2002-07-15,26.00225830078125,26.563456509454358,26.00225830078125,26.563456509454358,30993639582
2002-07-16,25.815431594848633,26.563455923101966,25.628246487883175,26.376629791134047,40165515704
2002-07-17,25.067058563232422,25.628255097664553,24.879873393382333,25.441069927814464,56765584704
2002-07-18,24.131488800048828,24.879872322506436,23.944662613358222,24.879872322506436,127583656914
2002-07-19,23.009082794189453,23.196267865397196,22.822256697910678,23.196267865397196,161639111963
2002-07-22,22.635072708129883,22.635072708129883,22.073876396746535,22.26106149219947,79529952182
2002-07-23,23.196273803710938,23.196273803710938,22.261064307727562,22.261064307727562,97899616728
2002-07-24,21.886695861816406,22.44789229013605,21.886695861816406,22.261066130729677,99113193428
2002-07-25,21.699874877929688,22.82226985265218,21.699874877929688,22.635082823163724,106641634836
2002-07-26,20.20310401916504,20.20310401916504,20.20310401916504,20.20310401916504,52826795476
2002-07-29,18.89388084411621,19.267892114907028,18.89388084411621,18.89388084411621,268685257937
2002-07-30,19.455078125,19.64190426363176,19.080706047329144,19.455078125,179507412116
2002-07-31,18.89388084411621,19.267892114907028,18.706695721206746,19.267892114907028,72425544064
2002-08-01,18.70669937133789,19.080710715107397,18.70669937133789,18.70669937133789,63482390422
2002-08-02,18.669403076171875,18.669403076171875,18.1454993755018,18.332684498906378,96478698311
2002-08-05,17.397111892700195,17.846069272762115,17.397111892700195,17.584296971841866,104370150049
2002-08-06,17.24757957458496,17.69653698329012,16.349664757174647,16.349664757174647,111234870709
2002-08-07,18.44492530822754,18.44492530822754,18.10820669627027,18.407273634804667,98428338108
2002-08-08,18.36997413635254,18.519507565328617,18.108201817095292,18.519507565328617,77595895479
2002-08-09,19.080705642700195,19.080705642700195,18.706694398357687,18.706694398357687,64740914607
2002-08-12,18.89388084411621,19.080706991997562,18.706695721206746,19.080706991997562,52770712571
2002-08-13,18.70669937133789,18.893884530771725,18.631753142467304,18.70669937133789,25020477487
2002-08-14,19.080705642700195,19.080705642700195,18.706694398357687,18.706694398357687,51260440263
2002-08-15,19.82908821105957,20.203101291723133,19.641903108426444,19.641903108426444,105961573482
2002-08-16,20.016273498535156,20.203101478290876,19.829088394173446,20.203101478290876,53287622182
2002-08-19,20.016273498535156,20.390286582652585,19.829088394173446,20.016273498535156,46580983350
2002-08-20,20.390295028686523,20.764306417339768,20.203109846789282,20.203109846789282,85566285325
2002-08-21,19.82908821105957,20.016273313692697,19.641903108426444,20.016273313692697,54778096387
2002-08-22,19.82908821105957,20.203101291723133,19.82908821105957,20.016273313692697,76792100033
2002-08-23,19.82908821105957,19.82908821105957,19.82908821105957,19.82908821105957,0
2002-08-26,19.64190673828125,19.82909187550648,19.45508057611159,19.82909187550648,49183911880
2002-08-27,19.080705642700195,19.82908895677456,19.080705642700195,19.641903847101936,46771935765
2002-08-28,18.70669937133789,18.893884530771725,18.70669937133789,18.70669937133789,66760743254
2002-08-29,18.70669937133789,19.080710715107397,18.482221510211392,18.519514211904053,46533076159
2002-08-30,18.669403076171875,18.893880894091044,18.594456861726883,18.893880894091044,44359594421
2002-09-02,18.220441818237305,18.63174759154705,18.220441818237305,18.63174759154705,32902936481
2002-09-03,18.220441818237305,18.407269797298788,18.14549746208185,18.220441818237305,31752749966
2002-09-04,17.9210205078125,18.220444553553346,17.771487047271215,17.95831505437996,57145958279
2002-09-05,17.771486282348633,18.14549940512608,17.771486282348633,18.14549940512608,31957792095
2002-09-06,17.771486282348633,17.771486282348633,17.771486282348633,17.771486282348633,0
2002-09-09,18.145503997802734,18.22044838095196,17.808785334763098,17.883729717912324,48750177031
2002-09-10,18.89388084411621,18.89388084411621,18.0705531132597,18.14549932750646,49558517546
2002-09-11,18.89388084411621,19.080706991997562,18.706695721206746,19.080706991997562,40989717968
2002-09-12,18.669403076171875,18.893880894091044,18.519510647281887,18.893880894091044,32294468079
2002-09-13,17.99596405029297,18.29502907652916,17.9583123846646,18.182790179240975,38608734895
2002-09-16,17.65925407409668,17.883731977561574,17.509361588084538,17.808787584942955,49178944769
2002-09-17,18.33268165588379,18.33268165588379,17.54700571423542,17.54700571423542,61144158051
2002-09-18,17.060394287109375,17.54700520364179,17.060394287109375,17.3971128023587,112968608908
2002-09-19,17.060394287109375,17.24757937603856,16.835916510534098,17.210286688392465,73465780491
2002-09-20,16.27471923828125,16.68638397617748,16.087893114328306,16.649089436151417,126676288003
2002-09-23,15.751177787780762,16.34966877147362,15.71352426510687,16.08789638958003,75797395458
2002-09-24,15.825770378112793,16.05024828820978,15.526703347584453,15.526703347584453,105920386500
2002-09-25,15.713523864746094,16.012949761684585,15.339512575244376,15.900710847406827,78987027462
2002-09-26,15.938006401062012,16.349671286081737,15.938006401062012,16.312376732727103,82077349709
2002-09-27,15.713523864746094,16.0502424579662,15.713523864746094,15.938003543688442,61569057069
2002-09-30,15.376805305480957,15.376805305480957,14.965499493150043,15.376805305480957,69557291722
2002-10-01,15.002795219421387,15.489046358513018,14.965500671976848,15.1150341360348,77405814202
2002-10-02,14.965503692626953,15.526701164546916,14.965503692626953,15.376809620374615,86896919194
2002-10-03,14.104881286621094,14.703372353488916,14.104881286621094,14.703372353488916,98992186377
2002-10-04,14.21711540222168,14.441595042020783,13.768157973009986,13.768157973009986,89524174664
2002-10-07,13.468728065490723,14.029925106769207,13.468728065490723,14.029925106769207,78537828557
2002-10-08,13.319202423095703,13.394148643803904,13.057430963592502,13.094723661223618,143018927543
2002-10-09,13.468728065490723,14.06757768278052,13.206955832857137,13.319194685997086,176815140516
2002-10-10,13.468728065490723,13.468728065490723,13.468728065490723,13.468728065490723,0
2002-10-11,13.356494903564453,13.91769218396957,13.281907669461221,13.843104949866339,142303923266
2002-10-14,14.21711540222168,14.21711540222168,13.693211768082458,13.80545158798201,143797064993
2002-10-15,15.18997573852539,15.18997573852539,14.666072161372085,14.77831104386996,107764602339
2002-10-16,16.2374267578125,16.2374267578125,15.863415487484836,16.2374267578125,202784225298
2002-10-17,16.27471923828125,16.424611647576775,15.938000705032781,16.0502395993201,114359757123
2002-10-18,17.397111892700195,17.397111892700195,16.686382211718023,16.985806173278593,193637858376
2002-10-21,17.023101806640625,17.284874124434268,16.83591671543333,17.284874124434268,94279112187
2002-10-22,16.27471923828125,17.210287608361032,15.938000705032781,17.060395199065507,136840209293
2002-10-23,16.835922241210938,17.023107393854932,15.60128664825121,15.900712577774204,207266918600
2002-10-24,16.835922241210938,17.135346320346894,16.68638876399201,17.135346320346894,124002532148
2002-10-25,17.210289001464844,17.359822447882358,16.686385326873392,16.83591877329091,125819877973
2002-10-28,17.434764862060547,17.808777923860863,17.39711319859395,17.73383172151235,131088738347
2002-10-29,17.509361267089844,17.54701480067925,17.210296101267435,17.43477400061703,59101295644
2002-10-30,17.023101806640625,17.322525787501547,16.686383287293317,17.135340696294254,74077746973
2002-10-31,17.397111892700195,17.54700428614573,17.247578474198846,17.35981920700406,72249828452
2002-11-01,16.835922241210938,17.397118724057783,16.835922241210938,17.359826023717854,56491857925
2002-11-04,17.584299087524414,17.771484189187554,17.35982129567821,17.397113985861274,88400985319
2002-11-05,17.84607696533203,18.220447284988083,17.84607696533203,18.145502906346774,124262282839
2002-11-06,19.080705642700195,19.080705642700195,17.65924604888773,17.84607218355762,204144045002
2002-11-07,19.267894744873047,19.64190791710143,18.893883423031657,19.455081743719294,152395751105
2002-11-08,19.080705642700195,19.080705642700195,18.706694398357687,18.706694398357687,107783107263
2002-11-11,17.84607696533203,18.706699410731932,17.808784263560838,18.706699410731932,91990724072
2002-11-12,17.509361267089844,17.54701480067925,17.023110909960533,17.023110909960533,95338546119
2002-11-13,17.509361267089844,17.584307508721945,17.023110909960533,17.509361267089844,72543369566
2002-11-14,17.35982322692871,17.771486166234848,17.35982322692871,17.509354829670013,57321657659
2002-11-15,18.108203887939453,18.44492244767635,17.846072563735685,18.44492244767635,105183977112
2002-11-18,18.03325653076172,18.33268237888656,17.80877873880151,18.108202736539816,42476953811
2002-11-19,17.80878257751465,18.070554966488874,17.80878257751465,17.95831604631548,45870578249
2002-11-20,17.24757957458496,17.621592632172256,17.172633373080668,17.434764665668936,55682754488
2002-11-21,17.547014236450195,17.771492128581645,17.359829051162286,17.621601500524637,85523015187
2002-11-22,18.70669937133789,18.70669937133789,18.407275281340805,18.557165888694875,183661410360
2002-11-25,19.455078125,19.455078125,18.51950968141318,18.893879908697386,147887832670
2002-11-26,18.89388084411621,19.455079088203238,18.89388084411621,19.267892114907028,102202628304
2002-11-27,18.70669937133789,18.70669937133789,18.36998072926104,18.519514211904053,50155420371
2002-11-28,18.89388084411621,19.267892114907028,18.706695721206746,19.267892114907028,88820138071
2002-11-29,18.89388084411621,19.080706991997562,18.706695721206746,18.89388084411621,42270212692
2002-12-02,18.89388084411621,18.89388084411621,18.89388084411621,18.89388084411621,0
2002-12-03,20.016273498535156,20.203101478290876,19.26789020569431,19.455077160442578,126338005013
2002-12-04,19.455078125,19.82908937727386,19.455078125,19.64190426363176,73386864025
2002-12-05,19.64190673828125,19.64190673828125,19.080708451274244,19.267893588499476,48143978458
2002-12-06,19.267894744873047,19.64190791710143,19.267894744873047,19.267894744873047,51058844811
2002-12-09,19.455078125,19.82908937727386,19.267891160971246,19.64190426363176,50093028478
2002-12-10,18.70669937133789,18.893884530771725,18.631753142467304,18.893884530771725,93248680123
2002-12-11,18.70669937133789,18.893884530771725,18.631753142467304,18.70669937133789,86301396122
2002-12-12,18.33268165588379,18.893877964038428,18.145496561507777,18.706692869662415,63603402883
2002-12-13,18.220441818237305,18.482216003840797,18.033256714571163,18.220441818237305,61258493589
2002-12-16,17.9210205078125,18.070553968353785,17.696540829478018,17.88372596124504,60298937548
2002-12-17,17.883726119995117,18.3326854806494,17.883726119995117,18.145500347220775,43846304633
2002-12-18,17.95831298828125,18.070551889342024,17.808779544943743,17.88372390372778,44765306756
2002-12-19,17.172632217407227,17.584296910333034,16.835915571328336,16.91085991740264,109025956371
2002-12-20,17.210289001464844,17.50935404391322,16.649090783828484,17.172635483408737,93595912570
2002-12-23,16.649093627929688,17.210291941433415,16.424615782837773,17.210291941433415,57534935020
2002-12-24,16.761329650878906,16.910861230078016,16.499198355583918,16.574142707475644,34911984116
2002-12-25,16.723676681518555,16.798622886236682,16.46190435267208,16.723676681518555,15449960942
2002-12-26,17.210289001464844,17.210289001464844,16.611439116159033,16.83591877329091,23857678406
2002-12-27,17.023101806640625,17.24757958594788,16.87356837850061,17.24757958594788,27456574932
2002-12-30,16.162485122680664,16.83592238828966,16.125190571627893,16.83592238828966,47293731325
2002-12-31,15.938006401062012,16.16248612024919,15.900713698094544,15.900713698094544,28136119555
2003-01-01,15.938006401062012,15.938006401062012,15.938006401062012,15.938006401062012,0
2003-01-02,15.90070915222168,16.23742585915736,15.863414609529226,16.08789426453965,29925258898
2003-01-03,16.761329650878906,16.83591687818629,16.312370387151446,16.461903816737003,52579684405
2003-01-06,16.761329650878906,17.098046323094827,16.61143724632256,16.761329650878906,49129154621
2003-01-07,16.985811233520508,17.547009513574185,16.985811233520508,17.098050149376498,61698515784
2003-01-08,17.397111892700195,17.733830390343215,16.985806173278593,17.02310070936104,67404817402
2003-01-09,17.210289001464844,17.359822447882358,17.023103887377875,17.210289001464844,48948028212
2003-01-10,17.65925407409668,17.696546782823056,17.547015122364233,17.65925407409668,57046935294
2003-01-13,18.89388084411621,18.89388084411621,17.95831420459699,17.95831420459699,137273311079
2003-01-14,18.89388084411621,19.080706991997562,18.706695721206746,19.080706991997562,96393056226
2003-01-15,18.89388084411621,19.080706991997562,18.557162267741344,18.89388084411621,86943424989
2003-01-16,18.18279266357422,18.893881510861608,18.18279266357422,18.893881510861608,59139106289
2003-01-17,18.257740020751953,18.40727348883334,17.77148794338351,17.958315959912902,78192755017
2003-01-20,17.9210205078125,17.95831505437996,17.58430191550419,17.808781593838674,63110711997
2003-01-21,17.80878257751465,18.145501188421758,17.77148802888721,17.92102149768804,55275862600
2003-01-22,17.883726119995117,17.95831521379215,17.547009375084677,17.808781751923487,39410885459
2003-01-23,18.89388084411621,19.080706991997562,18.257738236169168,18.257738236169168,99996484294
2003-01-24,18.482219696044922,19.267893983255025,18.36997892611183,19.08070884219479,76299782491
2003-01-27,18.295034408569336,18.295034408569336,17.995969295171395,18.220447155171257,51491860024
2003-01-28,17.84607696533203,18.108208354188474,17.21029320701738,17.284880460946873,74556364377
2003-01-29,17.84607696533203,17.84607696533203,17.84607696533203,17.84607696533203,0
2003-01-30,17.84607696533203,17.84607696533203,17.84607696533203,17.84607696533203,0
2003-01-31,17.84607696533203,17.84607696533203,17.84607696533203,17.84607696533203,0
2003-02-03,17.84607696533203,17.84607696533203,17.84607696533203,17.84607696533203,0
2003-02-04,17.84607696533203,17.84607696533203,17.84607696533203,17.84607696533203,0
2003-02-05,17.84607696533203,17.84607696533203,17.84607696533203,17.84607696533203,0
2003-02-06,16.611438751220703,16.835918403420962,16.611438751220703,16.64909041806298,78312317385
2003-02-07,15.713523864746094,15.975657065402968,15.45175241471555,15.45175241471555,156444098138
2003-02-10,15.227273941040039,15.45175269891778,15.152327721665422,15.45175269891778,86410429080
2003-02-11,15.526697158813477,15.713523309438965,15.41445824850218,15.451751868659276,58846760960
2003-02-12,15.115035057067871,15.414460053289318,15.00279613361519,15.302220204643143,72050164654
2003-02-13,15.040085792541504,15.376803399311207,15.040085792541504,15.11503107170989,58453282436
2003-02-14,15.339510917663574,15.45175074500616,15.189978398069204,15.376804535108674,71910988150
2003-02-17,16.38695526123047,16.38695526123047,16.01294410387704,16.38695526123047,77185984366
2003-02-18,16.05023956298828,16.386958095474544,16.01294687343314,16.386958095474544,42627000606
2003-02-19,16.087892532348633,16.424611053416303,16.087892532348633,16.424611053416303,69164819607
2003-02-20,16.499197006225586,16.53684866657757,16.012945093804934,16.087891289953763,71036376200
2003-02-21,16.798620223999023,17.172631387965083,16.723674031158335,16.83591475814968,93056499457
2003-02-24,16.948156356811523,17.02310256168938,16.649089487266576,16.91086181667096,48756659165
2003-02-25,16.087892532348633,16.835916801451404,16.087892532348633,16.835916801451404,63858229750
2003-02-26,16.012948989868164,16.349667566858596,15.97565629538404,16.16248244360693,48616795490
2003-02-27,15.713523864746094,16.012949761684585,15.526697707518274,15.751177386460622,45889288783
2003-02-28,15.713523864746094,15.713523864746094,15.713523864746094,15.713523864746094,0
2003-03-03,16.4619083404541,16.574147262035893,15.93800458086665,16.050243502448442,48204979777
2003-03-04,16.2374267578125,16.2374267578125,16.012948940765064,16.16248239404529,32170168559
2003-03-05,15.563989639282227,15.825761970525843,15.526695098879628,15.713521224718809,60949861764
2003-03-06,15.489042282104492,15.676227369010256,15.45174866966833,15.563988481935889,38581028912
2003-03-07,15.563989639282227,15.938000865946352,15.339509998054684,15.41445620345912,48518302763
2003-03-10,15.938006401062012,16.05024533546202,15.71352668187483,15.825767466662004,53968365297
2003-03-11,15.90070915222168,16.20013316685154,15.713522189517073,15.713522189517073,46218481635
2003-03-12,16.087892532348633,16.087892532348633,15.900707440184972,15.938000128475466,32006602890
2003-03-13,16.499197006225586,16.611435887784964,16.012945093804934,16.087891289953763,68480959873
2003-03-14,17.023101806640625,17.50935190374152,16.948155605086956,17.50935190374152,150857310190
2003-03-17,16.4619083404541,16.910865877168227,16.4619083404541,16.835921504681856,60341060598
2003-03-18,17.584299087524414,17.584299087524414,17.21028785918551,17.35982129567821,141363072348
2003-03-19,17.9210205078125,18.033259421786326,17.58430191550419,17.73383537604548,125366615560
2003-03-20,18.18279266357422,18.594457468723068,17.95831483832721,18.332685097357285,143544153548
2003-03-21,18.145503997802734,18.25774293535354,17.921024272313904,18.25774293535354,55634506417
2003-03-24,18.145503997802734,18.33268916888999,18.070557764266287,18.2950356393679,56761429212
2003-03-25,17.434764862060547,17.69653718263043,17.322525971216564,17.584298291786446,65069090229
2003-03-26,17.584299087524414,17.80877872975715,17.584299087524414,17.65924529326445,66753806613
2003-03-27,16.798620223999023,17.06039251135995,16.46190174379741,16.83591475814968,152417480863
2003-03-28,16.611438751220703,16.835918403420962,16.274720198113624,16.723677652127524,83406035690
2003-03-31,15.825770378112793,16.386967003742765,15.751183108068945,16.27472804869427,77543735402
2003-04-01,15.788470268249512,15.788470268249512,15.489046218179764,15.526697889949844,85137907165
2003-04-02,16.012948989868164,16.16248244360693,15.713523107361858,15.90071008100027,45530807291
2003-04-03,16.424612045288086,16.761330586689976,16.34966583882555,16.649089839298313,83089644783
2003-04-04,16.91086769104004,16.985813921952154,16.312376619454117,16.424617403461895,75165160133
2003-04-07,17.28487777709961,17.397116690471726,16.7986257268568,16.948159186596442,79856120398
2003-04-08,17.098052978515625,17.39711995409862,17.060401300428442,17.210293763330462,63372226608
2003-04-09,16.761329650878906,16.94815576892493,16.686383448600733,16.873568541617548,48875783259
2003-04-10,16.649093627929688,16.948160571853187,16.57414740441255,16.7236808763743,49287317610
2003-04-11,16.761329650878906,16.798622339339374,16.61143724632256,16.686383448600733,24538294367
2003-04-14,16.3123722076416,16.948157660369887,16.3123722076416,16.76133152147373,38926002352
2003-04-15,16.723676681518555,16.723676681518555,16.424611662997506,16.611437787125855,40375606106
2003-04-16,17.547014236450195,17.584306943293736,17.09805475141258,17.09805475141258,129519607395
2003-04-17,17.135345458984375,17.584302992770983,17.135345458984375,17.547010294305693,83916290022
2003-04-18,17.771486282348633,17.92101973645368,17.621595703600683,17.659247373205808,109353158050
2003-04-21,18.070556640625,18.070556640625,17.584304515868517,17.77148967531645,55647984710
2003-04-22,17.584299087524414,17.921017625680253,17.509352881784377,17.921017625680253,80199879114
2003-04-23,18.070556640625,18.10820831741866,17.808784227399023,17.921023157970726,126460202439
2003-04-24,17.696542739868164,17.958316993029353,17.509357587893994,17.958316993029353,98290763199
2003-04-25,17.023101806640625,17.54700541719523,16.91086106660057,17.210286897847922,84724571018
2003-04-28,16.4619083404541,16.574147262035893,16.0878970266133,16.499202889549522,98643352334
2003-04-29,16.87356948852539,17.023102926502435,16.611438178520167,16.7986232820414,118886537594
2003-04-30,17.883726119995117,18.03325958186378,17.73383553346501,18.03325958186378,239182284642
2003-05-01,17.883726119995117,17.883726119995117,17.883726119995117,17.883726119995117,0
2003-05-02,18.070556640625,18.10820831741866,17.846076929094494,17.846076929094494,83687050811
2003-05-05,18.145503997802734,18.33268916888999,18.070557764266287,18.145503997802734,91162699080
2003-05-06,17.883726119995117,18.29503195870259,17.808781751923487,18.145500347220775,70984042978
2003-05-07,17.84607696533203,17.995969423388864,17.69654348237412,17.95831774651875,61006929433
2003-05-08,17.472064971923828,17.771489051431907,17.472064971923828,17.771489051431907,42516871961
2003-05-09,17.771486282348633,17.883725191491457,17.509354944071106,17.509354944071106,47392932866
2003-05-12,18.070556640625,18.182795571196703,17.958317710053297,18.03326208854243,77305595431
2003-05-13,18.407272338867188,18.631750164110034,18.332685097017823,18.407272338867188,78423898828
2003-05-14,18.407272338867188,18.407272338867188,18.257738880127675,18.332685097017823,61289822100
2003-05-15,18.519500732421875,18.519500732421875,18.257728509747423,18.407261883552057,49432034770
2003-05-16,18.257740020751953,18.70669754967239,18.257740020751953,18.631751328100094,67041985629
2003-05-19,18.295034408569336,18.369980637063776,18.033261996676888,18.257741707063843,49004700893
2003-05-20,17.95831298828125,18.070551889342024,17.808779544943743,17.88372390372778,45992883891
2003-05-21,17.95831298828125,17.99596465517517,17.808779544943743,17.95831298828125,72198636907
2003-05-22,17.95831298828125,18.108203556235946,17.733833335773088,17.84607223683386,69367556736
2003-05-23,18.36997413635254,18.44492033832524,18.033255615122588,18.108201817095292,77408027218
2003-05-26,18.631746292114258,18.66939980544808,18.519507402817997,18.519507402817997,52531668998
2003-05-27,18.44492530822754,18.669404999661364,18.44492530822754,18.631751475851555,46901118529
2003-05-28,18.89388084411621,19.267892114907028,18.89388084411621,18.89388084411621,111594385664
2003-05-29,19.455078125,19.455078125,19.080706047329144,19.080706047329144,140509421824
2003-05-30,20.016273498535156,20.57747168701429,19.455077160442578,19.455077160442578,150196284018
2003-06-02,21.138671875,21.325498038394986,20.390290296246278,20.57747543469919,142074007706
2003-06-03,20.951486587524414,21.138671724645924,20.7643014504029,20.951486587524414,77388158773
2003-06-04,20.951486587524414,20.951486587524414,20.951486587524414,20.951486587524414,0
2003-06-05,21.512678146362305,21.88668932858199,21.138665113756314,21.138665113756314,135359642257
2003-06-06,21.886695861816406,21.886695861816406,21.512684567953396,21.699869702410034,86426629004
2003-06-09,22.073877334594727,22.447888566415678,21.512680999367948,21.69986610277378,111310611036
2003-06-10,21.512678146362305,21.88668932858199,21.325491217394603,21.6998632249437,53176084025
2003-06-11,21.138671875,21.69987016568771,21.138671875,21.69987016568771,60828892589
2003-06-12,21.886695861816406,22.44789229013605,20.951486289246898,21.13867142370353,136477069104
2003-06-13,21.325498580932617,21.51268557453461,21.138672412784626,21.51268557453461,66954963790
2003-06-16,20.951486587524414,21.325497886712064,20.951486587524414,20.951486587524414,51793235972
2003-06-17,21.699874877929688,21.886701081894966,21.138676465374793,21.32550266934007,100960450135
2003-06-18,22.073877334594727,22.26106243800056,21.886692231188896,22.073877334594727,84217703845
2003-06-19,22.073877334594727,22.26106243800056,21.886692231188896,22.26106243800056,64311302785
2003-06-20,21.886695861816406,22.261066130729677,21.699869702410034,22.073880996273044,47996945477
2003-06-23,21.512678146362305,22.073874407163387,21.512678146362305,21.6998632249437,39969704393
2003-06-24,21.325498580932617,21.325498580932617,20.951487269569572,21.138672412784626,55692212560
2003-06-25,21.325498580932617,21.699870717749665,20.951487269569572,21.138672412784626,53202099134
2003-06-26,21.325498580932617,21.699870717749665,21.138672412784626,21.325498580932617,32158938451
2003-06-27,21.325498580932617,21.699870717749665,21.138672412784626,21.51268557453461,46451329847
2003-06-30,21.325498580932617,21.51268557453461,21.138672412784626,21.138672412784626,28406805466
2003-07-01,21.886695861816406,21.886695861816406,21.325497583109904,21.325497583109904,60523815656
2003-07-02,22.447891235351562,22.447891235351562,21.88669483340149,22.073879959062648,57313162709
2003-07-03,22.822256088256836,23.57027840324786,22.822256088256836,22.822256088256836,85603235654
2003-07-04,23.196273803710938,23.196273803710938,22.82226254047644,23.009088684583258,76343664050
2003-07-07,22.822021484375,22.822021484375,21.88673969237637,22.073797161008276,93530385024
2003-07-08,23.196136474609375,23.383578839110474,22.822023357034702,23.196136474609375,99411800454
2003-07-09,22.634960174560547,22.82201574577029,22.26084718175456,22.447902752964303,70019638063
2003-07-10,21.51262092590332,22.634957943299412,21.51262092590332,22.634957943299412,60270951107
2003-07-11,21.51262092590332,21.51262092590332,20.951452417205275,21.13850796997585,56009057175
2003-07-14,22.260848999023438,22.4479045855035,21.699680389196594,21.699680389196594,66079095337
2003-07-15,22.260848999023438,22.634962022370217,21.886735975676658,22.4479045855035,43450568707
2003-07-16,22.260848999023438,22.4479045855035,21.886735975676658,22.260848999023438,37579022970
2003-07-17,21.69968032836914,22.260848936622946,21.69968032836914,22.073793350667223,56681934796
2003-07-18,21.69968032836914,21.88673591432486,21.325567306071058,21.325567306071058,49861129963
2003-07-21,21.32556915283203,22.073795262223413,21.32556915283203,21.699682207527722,33956792885
2003-07-22,21.138507843017578,21.51262079669812,20.951452291370458,20.951452291370458,55617671227
2003-07-23,21.51262092590332,21.886732031444474,21.325563522746428,21.325563522746428,63373451654
2003-07-24,21.886737823486328,21.886737823486328,21.512626618941486,21.699682221213905,79735509542
2003-07-25,21.32556915283203,21.699682207527722,21.32556915283203,21.51262660537328,58440488710
2003-07-28,21.69968032836914,21.88673591432486,21.512624742413422,21.69968032836914,39421419179
2003-07-29,21.32556915283203,21.699682207527722,21.32556915283203,21.699682207527722,27504470801
2003-07-30,21.32556915283203,21.51262660537328,20.951457948523146,21.32556915283203,53640030158
2003-07-31,22.07379722595215,22.07379722595215,20.951459812406522,20.951459812406522,114120709746
2003-08-01,22.447904586791992,22.634962023669445,22.07379341381039,22.260849000301192,93000327378
2003-08-04,22.447904586791992,22.634962023669445,22.07379341381039,22.447904586791992,51672965192
2003-08-05,21.886737823486328,22.63496393334962,21.886737823486328,22.447906480690396,58083135669
2003-08-06,21.886737823486328,22.073795276145553,21.699682221213905,21.699682221213905,32957914783
2003-08-07,22.447904586791992,22.447904586791992,21.699680390442136,21.886735976932936,52379980930
2003-08-08,21.69968032836914,22.260848936622946,21.69968032836914,22.260848936622946,45816399346
2003-08-11,21.32556915283203,21.51262660537328,20.951457948523146,21.32556915283203,50757723974
2003-08-12,21.32556915283203,21.699682207527722,21.32556915283203,21.32556915283203,28211681929
2003-08-13,22.07379722595215,22.26085284474743,21.699684137974618,21.699684137974618,58787871858
2003-08-14,22.260848999023438,22.634962022370217,22.073793412543374,22.260848999023438,75356431788
2003-08-15,22.822021484375,22.822021484375,22.447908397498157,22.447908397498157,69231520500
2003-08-18,23.009069442749023,23.009069442749023,22.44790092444394,22.822013886776112,64299970375
2003-08-19,23.383573532104492,23.757686564772552,23.196131210144262,23.570629123245173,108214104053
2003-08-20,23.57063102722168,23.757688483859088,23.383575420971116,23.57063102722168,46342243584
2003-08-21,23.944738388061523,23.944738388061523,23.383569852556104,23.57062541426244,59475468849
2003-08-22,23.944738388061523,24.13179394976786,23.757682826355182,23.944738388061523,48475414989
2003-08-25,24.13180923461914,24.13180923461914,23.757697874247995,23.944753554433568,55161731471
2003-08-26,23.57063102722168,23.94474409010965,23.383575420971116,23.94474409010965,46839490762
2003-08-27,23.944738388061523,24.318851361860606,23.57062541426244,23.57062541426244,69312341766
2003-08-28,24.50591468811035,24.88002778044479,24.13180159577591,24.31885906713663,110860504524
2003-08-29,25.067075729370117,25.254131293093472,24.318851624090275,24.50590718781363,80557554802
2003-09-01,25.254135131835938,25.441192574379293,24.88002394752264,25.254135131835938,42394075642
2003-09-02,25.067075729370117,25.254131293093472,24.692962751536985,25.067075729370117,37245231943
2003-09-03,24.880023956298828,25.25413514074409,24.880023956298828,25.25413514074409,33790180436
2003-09-04,24.692964553833008,25.067077558971995,24.692964553833008,24.88002198159578,35047594406
2003-09-05,25.441194534301758,25.815305747435595,25.25413707734799,25.25413707734799,47028517936
2003-09-08,26.56352424621582,26.56352424621582,25.44118722834272,25.6282427811928,73586720610
2003-09-09,26.376474380493164,27.1247005064841,26.376474380493164,27.1247005064841,75344037056
2003-09-10,26.002361297607422,26.37647248330727,25.815303854370782,26.189416890457345,60459657641
2003-09-11,26.002361297607422,26.002361297607422,26.002361297607422,26.002361297607422,0
2003-09-12,25.441194534301758,25.815305747435595,25.441194534301758,25.628250140868676,52673822244
2003-09-15,25.067075729370117,25.441188707203253,24.880020165646762,25.441188707203253,44112319124
2003-09-16,25.628246307373047,25.628246307373047,24.692964713665,24.692964713665,62011519134
2003-09-17,26.750587463378906,26.9376430698223,26.002363187218478,26.002363187218478,106909841604
2003-09-18,26.376474380493164,26.750587443488634,26.189418774188855,26.56353183718432,50232185345
2003-09-19,25.815303802490234,26.563529873159663,25.815303802490234,26.37647243029895,40103307278
2003-09-22,25.254135131835938,25.62824816653594,25.254135131835938,25.62824816653594,44099438423
2003-09-23,25.441194534301758,25.441194534301758,24.880025864214154,25.067081470781073,40647723574
2003-09-24,25.441194534301758,25.441194534301758,25.067081470781073,25.441194534301758,39425352026
2003-09-25,24.880023956298828,25.06707954852146,24.69296651368949,24.880023956298828,45384682924
2003-09-26,24.692964553833008,25.067077558971995,24.505908976456798,24.88002198159578,49326898990
2003-09-29,24.880023956298828,25.25413514074409,24.50591092146686,24.69296651368949,44230610155
2003-09-30,24.880023956298828,25.25413514074409,24.880023956298828,24.880023956298828,25407273678
2003-10-01,24.880023956298828,25.06707954852146,24.69296651368949,24.880023956298828,24671014590
2003-10-02,25.628246307373047,25.628246307373047,25.067077721225534,25.254133299812512,39922120749
2003-10-03,26.18941307067871,26.18941307067871,25.44118895802229,25.81530008915728,52698696877
2003-10-06,26.56352424621582,26.7505797990659,26.18941129012935,26.7505797990659,63513105311
2003-10-07,26.18941307067871,26.563526052200142,25.81530008915728,26.563526052200142,56382722765
2003-10-08,26.002361297607422,26.37647248330727,25.815303854370782,26.189416890457345,42244647482
2003-10-09,25.815303802490234,26.002361245350947,25.441192617542228,25.62824821001623,46467769050
2003-10-10,25.815303802490234,25.815303802490234,25.815303802490234,25.815303802490234,0
2003-10-13,26.18941307067871,26.376468636246205,26.002357505111217,26.002357505111217,56550702943
2003-10-14,25.628246307373047,26.563527901081095,25.628246307373047,26.376470472107542,57016066502
2003-10-15,25.441194534301758,26.002363204389365,25.441194534301758,25.628250140868676,53098224070
2003-10-16,26.002361297607422,26.002361297607422,25.254135225434297,25.441192668670933,43381505903
2003-10-17,25.441194534301758,26.189418810956283,25.441194534301758,26.189418810956283,28499052832
2003-10-20,25.441194534301758,25.628250140868676,25.067081470781073,25.25413707734799,53462906736
2003-10-21,25.067075729370117,25.628244270926608,24.692962751536985,25.628244270926608,124954937727
2003-10-22,24.692964553833008,24.88002198159578,24.505908976456798,24.505908976456798,47089780175
2003-10-23,24.13180923461914,24.50592244537786,24.13180923461914,24.50592244537786,59432923957
2003-10-24,24.13180923461914,24.31886676519229,24.13180923461914,24.13180923461914,50638370824
2003-10-27,24.50591468811035,24.692970309084075,24.31885906713663,24.31885906713663,27947760315
2003-10-28,25.441194534301758,25.441194534301758,24.50591280069347,24.692968407260388,68341319245
2003-10-29,26.002361297607422,26.56352992654391,25.815303854370782,26.56352992654391,86353845379
2003-10-30,26.002361297607422,26.002361297607422,25.62824826152086,26.002361297607422,46748108423
2003-10-31,25.067075729370117,26.002357248759743,25.067075729370117,26.002357248759743,35997276847
2003-11-03,25.067075729370117,25.441188707203253,25.067075729370117,25.067075729370117,32278812241
2003-11-04,25.628246307373047,25.815301885960025,25.441190728786065,25.441190728786065,39473986569
2003-11-05,26.002361297607422,26.002361297607422,25.62824826152086,25.62824826152086,49296353040
2003-11-06,25.815303802490234,26.189416837824947,25.254135174681515,26.189416837824947,62787532546
2003-11-07,25.815303802490234,26.002361245350947,25.441192617542228,26.002361245350947,37384807945
2003-11-10,25.441194534301758,25.815305747435595,25.25413707734799,25.815305747435595,36922991463
2003-11-11,24.692964553833008,24.88002198159578,24.318853399080584,24.692964553833008,105287284048
2003-11-12,24.880023956298828,25.06707954852146,24.50591092146686,24.69296651368949,74206026336
2003-11-13,25.254135131835938,25.441192574379293,25.067079539679288,25.254135131835938,34684860629
2003-11-14,25.254135131835938,25.441192574379293,25.067079539679288,25.254135131835938,30487816093
2003-11-17,24.880023956298828,25.06707954852146,24.50591092146686,25.06707954852146,33994685995
2003-11-18,25.067075729370117,25.067075729370117,24.50590718781363,24.50590718781363,44979795035
2003-11-19,24.692964553833008,24.88002198159578,24.505908976456798,24.692964553833008,34973078221
2003-11-20,24.50591468811035,24.692970309084075,24.13180159577591,24.50591468811035,56741012676
2003-11-21,24.318851470947266,24.318851470947266,23.944738495470034,24.318851470947266,65098363442
2003-11-24,23.944738388061523,24.505906923566943,23.944738388061523,24.318851361860606,33096361030
2003-11-25,24.50591468811035,24.692970309084075,24.31885906713663,24.50591468811035,31656347712
2003-11-26,24.318851470947266,24.692962596038086,24.131794058015444,24.505907033492676,30805913305
2003-11-27,23.57063102722168,24.318857152997623,23.57063102722168,24.131799696360215,53578953289
2003-11-28,23.757686614990234,24.131797798062372,23.757686614990234,23.757686614990234,33359333249
2003-12-01,23.944738388061523,24.13179394976786,23.383569852556104,23.57062541426244,27982847827
2003-12-02,24.692964553833008,24.692964553833008,24.131795971317814,24.318853399080584,45087494933
2003-12-03,24.880023956298828,24.880023956298828,24.69296651368949,24.880023956298828,38394367360
2003-12-04,25.067075729370117,25.067075729370117,24.692962751536985,24.692962751536985,38222902730
2003-12-05,24.318851470947266,24.88002000896991,24.318851470947266,24.88002000896991,38966839637
2003-12-08,23.757686614990234,24.131797798062372,23.757686614990234,24.131797798062372,37655906378
2003-12-09,24.13180923461914,24.13180923461914,23.757697874247995,23.944753554433568,38300392348
2003-12-10,23.196136474609375,23.383578839110474,22.822023357034702,23.383578839110474,137454348315
2003-12-11,23.383573532104492,23.383573532104492,23.009073768616886,23.009073768616886,84341179424
2003-12-12,23.196136474609375,23.757691956685147,23.00907899062848,23.757691956685147,58444822358
2003-12-15,23.57063102722168,23.57063102722168,23.19613308386976,23.383575420971116,44587677627
2003-12-16,22.822021484375,23.196134571251843,22.822021484375,23.196134571251843,62468891749
2003-12-17,22.260848999023438,22.82201760885028,22.073793412543374,22.82201760885028,105078026508
2003-12-18,22.447904586791992,22.634962023669445,21.886735976932936,22.07379341381039,53048845543
2003-12-19,22.447904586791992,23.009073196651048,22.447904586791992,23.009073196651048,38567770859
2003-12-22,23.009069442749023,23.196126849108285,22.44790092444394,22.6349583308032,48458250740
2003-12-23,23.196136474609375,23.383578839110474,23.00907899062848,23.00907899062848,35672806918
2003-12-24,23.009069442749023,23.196126849108285,22.822013886776112,23.196126849108285,25285535769
2003-12-25,23.196136474609375,23.196136474609375,22.822023357034702,23.00907899062848,7210784224
2003-12-26,23.196136474609375,23.383578839110474,23.00907899062848,23.196136474609375,14701175109
2003-12-29,23.196136474609375,23.383578839110474,23.00907899062848,23.196136474609375,21356611224
2003-12-30,23.57063102722168,23.757688483859088,23.19613308386976,23.383575420971116,92688485147
2003-12-31,23.757686614990234,23.757686614990234,23.383573581531397,23.570629173067466,19860295564
2004-01-01,23.757686614990234,23.757686614990234,23.757686614990234,23.757686614990234,0
2004-01-02,24.50591468811035,24.50591468811035,23.757690353828465,23.757690353828465,75096573281
2004-01-05,24.692964553833008,24.692964553833008,24.318853399080584,24.505908976456798,40274020409
2004-01-06,24.692964553833008,24.88002198159578,24.318853399080584,24.692964553833008,42246846871
2004-01-07,24.50591468811035,24.88002778044479,24.31885906713663,24.692970309084075,57748718393
2004-01-08,24.50591468811035,24.88002778044479,24.50591468811035,24.692970309084075,35635863203
2004-01-09,25.254135131835938,25.254135131835938,24.88002394752264,25.067079539679288,72428198964
2004-01-12,25.254135131835938,25.441192574379293,24.88002394752264,25.254135131835938,32366304318
2004-01-13,25.254135131835938,25.441192574379293,25.067079539679288,25.441192574379293,31056560933
2004-01-14,25.067075729370117,25.441188707203253,24.880020165646762,25.067075729370117,39630308484
2004-01-15,25.067075729370117,25.254131293093472,24.692962751536985,25.254131293093472,43363600175
2004-01-16,24.880023956298828,25.25413514074409,24.880023956298828,25.06707954852146,32418385738
2004-01-19,24.880023956298828,24.880023956298828,24.880023956298828,24.880023956298828,0
2004-01-20,24.880023956298828,24.880023956298828,24.880023956298828,24.880023956298828,0
2004-01-21,24.880023956298828,24.880023956298828,24.880023956298828,24.880023956298828,0
2004-01-22,24.880023956298828,24.880023956298828,24.880023956298828,24.880023956298828,0
2004-01-23,24.880023956298828,24.880023956298828,24.880023956298828,24.880023956298828,0
2004-01-26,24.880023956298828,24.880023956298828,24.880023956298828,24.880023956298828,0
2004-01-27,25.628246307373047,25.628246307373047,25.254133299812512,25.441190728786065,81458086671
2004-01-28,25.254135131835938,25.441192574379293,25.067079539679288,25.254135131835938,41273422056
2004-01-29,24.880023956298828,25.441192583353427,24.880023956298828,24.880023956298828,86873011292
2004-01-30,24.692964553833008,25.067077558971995,24.505908976456798,24.88002198159578,52905669859
2004-02-02,24.318851470947266,24.88002000896991,24.318851470947266,24.692962596038086,31620533751
2004-02-03,23.757686614990234,24.131797798062372,23.570629173067466,23.944742206526303,78128703415
2004-02-04,23.383573532104492,23.757686564772552,23.383573532104492,23.757686564772552,44442032014
2004-02-05,23.383573532104492,23.757686564772552,23.196131210144262,23.383573532104492,48073147328
2004-02-06,23.57063102722168,23.94474409010965,23.57063102722168,23.57063102722168,34788161750
2004-02-09,24.318851470947266,24.505907033492676,23.944738495470034,23.944738495470034,46450068732
2004-02-10,23.944738388061523,24.505906923566943,23.944738388061523,24.318851361860606,36529491296
2004-02-11,23.944738388061523,24.13179394976786,23.757682826355182,24.13179394976786,25306778155
2004-02-12,24.13180923461914,24.31886676519229,23.944753554433568,23.944753554433568,66227356167
2004-02-13,23.944738388061523,24.13179394976786,23.757682826355182,24.13179394976786,38525854722
2004-02-16,23.383573532104492,23.944742155913232,23.383573532104492,23.944742155913232,59737436564
2004-02-17,23.383573532104492,23.757686564772552,23.383573532104492,23.383573532104492,42890781741
2004-02-18,23.57063102722168,23.94474409010965,23.57063102722168,23.757688483859088,67158874865
2004-02-19,23.757686614990234,23.944742206526303,23.570629173067466,23.757686614990234,59513264264
2004-02-20,23.757686614990234,23.944742206526303,23.570629173067466,23.757686614990234,71642481189
2004-02-23,23.383573532104492,23.757686564772552,23.196131210144262,23.570629123245173,65118193009
2004-02-24,23.009069442749023,23.38356913582804,23.009069442749023,23.196126849108285,57056792765
2004-02-25,23.009069442749023,23.38356913582804,23.009069442749023,23.196126849108285,55758417063
2004-02-26,23.757686614990234,23.757686614990234,23.19613125917496,23.383573581531397,59569366206
2004-02-27,23.757686614990234,23.757686614990234,23.383573581531397,23.757686614990234,50344409270
2004-03-01,24.13180923461914,24.13180923461914,23.570640343674846,23.757697874247995,70684384459
2004-03-02,25.067075729370117,25.067075729370117,24.318851624090275,24.50590718781363,135451351653
2004-03-03,24.692964553833008,25.254133136348205,24.505908976456798,25.067077558971995,78815548906
2004-03-04,25.067075729370117,25.254131293093472,24.50590718781363,24.692962751536985,102016096914
2004-03-05,25.067075729370117,25.628244270926608,25.067075729370117,25.441188707203253,116491650582
2004-03-08,24.692964553833008,25.254133136348205,24.692964553833008,24.692964553833008,55670361361
2004-03-09,24.50591468811035,24.692970309084075,24.13180159577591,24.31885906713663,49940613560
2004-03-10,23.57063102722168,24.318857152997623,23.57063102722168,24.318857152997623,119262980330
2004-03-11,23.757686614990234,23.944742206526303,23.19613125917496,23.19613125917496,67802288695
2004-03-12,23.196136474609375,23.570634472704253,23.196136474609375,23.383578839110474,113946512162
2004-03-15,22.822021484375,23.757690007249217,22.822021484375,23.570632538617314,60407658886
2004-03-16,22.634960174560547,23.009071316980034,22.447902752964303,23.009071316980034,84634725148
2004-03-17,22.634960174560547,23.009071316980034,22.447902752964303,22.82201574577029,89454311868
2004-03-18,23.196136474609375,23.383578839110474,22.44791023946003,22.44791023946003,152536452257
2004-03-19,23.57063102722168,23.57063102722168,23.009075627232352,23.19613308386976,50284855440
2004-03-22,22.07379722595215,22.07379722595215,22.07379722595215,22.07379722595215,14709469158
2004-03-23,20.577342987060547,21.325567176732115,20.577342987060547,20.577342987060547,338383911337
2004-03-24,21.69968032836914,21.88673591432486,21.325567306071058,21.88673591432486,191804415239
2004-03-25,21.69968032836914,22.073793350667223,21.512624742413422,22.073793350667223,99468714016
2004-03-26,21.886737823486328,22.260850878417973,21.699682221213905,22.073795276145553,64095071532
2004-03-29,23.009069442749023,23.009069442749023,22.260845368471028,22.44790092444394,63163056845
2004-03-30,22.447904586791992,23.009073196651048,22.447904586791992,22.822017610160245,58881388456
2004-03-31,22.447904586791992,22.822017610160245,22.260849000301192,22.634962023669445,45705002070
2004-04-01,22.260848999023438,22.4479045855035,22.073793412543374,22.260848999023438,51577118946
2004-04-02,22.260848999023438,22.4479045855035,21.886735975676658,22.260848999023438,46253291094
2004-04-05,23.196136474609375,23.196136474609375,22.44791023946003,22.822023357034702,81636893451
2004-04-06,23.196136474609375,23.383578839110474,22.822023357034702,23.383578839110474,64074695876
2004-04-07,23.009069442749023,23.196126849108285,22.822013886776112,23.009069442749023,21580094650
2004-04-08,22.822021484375,23.00907710261994,22.63496586613006,22.822021484375,38234543457
2004-04-09,22.447904586791992,22.822017610160245,22.447904586791992,22.634962023669445,25151074974
2004-04-12,22.822021484375,23.196134571251843,22.63496586613006,22.63496586613006,41585915587
2004-04-13,22.634960174560547,23.196128738576277,22.447902752964303,23.009071316980034,40807655192
2004-04-14,23.57063102722168,23.757688483859088,22.447906958093817,22.634964414731225,86126732211
2004-04-15,22.822021484375,23.570632538617314,22.822021484375,23.570632538617314,57452402141
2004-04-16,22.822021484375,23.00907710261994,22.447908397498157,22.63496586613006,82229731365
2004-04-19,22.260848999023438,22.82201760885028,22.260848999023438,22.634962022370217,68277567038
2004-04-20,22.822021484375,23.00907710261994,22.447908397498157,22.447908397498157,51785354447
2004-04-21,23.009069442749023,23.009069442749023,22.822013886776112,22.822013886776112,57984263385
2004-04-22,23.196136474609375,23.944747590278926,22.822023357034702,23.383578839110474,168975343453
2004-04-23,23.944738388061523,23.944738388061523,23.383569852556104,23.57062541426244,123657919733
2004-04-26,23.757686614990234,24.131797798062372,23.757686614990234,23.944742206526303,75043367117
2004-04-27,23.757686614990234,23.757686614990234,23.19613125917496,23.757686614990234,61855492809
2004-04-28,23.196136474609375,23.757691956685147,23.196136474609375,23.570634472704253,42400077618
2004-04-29,22.634960174560547,22.82201574577029,22.26084718175456,22.447902752964303,116496329919
2004-04-30,21.51262092590332,22.44790054014252,21.13850796997585,22.44790054014252,117918718068
2004-05-03,21.69968032836914,21.88673591432486,21.325567306071058,21.512624742413422,45051533177
2004-05-04,22.07379722595215,22.26085284474743,21.8867397567699,22.07379722595215,40181643586
2004-05-05,20.577342987060547,22.073793216790314,20.577342987060547,22.073793216790314,100411635466
2004-05-06,20.764394760131836,21.325563261967655,20.764394760131836,20.951452161001306,107086995086
2004-05-07,21.32556915283203,21.32556915283203,20.577344893827455,20.577344893827455,79685895545
2004-05-10,20.577342987060547,20.951456007089647,20.203229967031447,20.951456007089647,73920681977
2004-05-11,21.51262092590332,21.51262092590332,20.016170952579756,20.76439501404838,67254610891
2004-05-12,21.51262092590332,21.886732031444474,21.325563522746428,21.699676478673897,66123068077
2004-05-13,21.32556915283203,21.32556915283203,20.577344893827455,21.32556915283203,66581452711
2004-05-14,20.577342987060547,21.325567176732115,20.390287402239316,21.13851159191088,78750063240
2004-05-17,19.26795196533203,20.016176223845736,19.26795196533203,20.016176223845736,86322031900
2004-05-18,19.455005645751953,19.829118663250277,19.2679500621961,19.455005645751953,57083896847
2004-05-19,20.764394760131836,20.764394760131836,20.01617070781284,20.203226258296016,81206930528
2004-05-20,20.577342987060547,20.577342987060547,19.829118797388983,20.203229967031447,90653143947
2004-05-21,20.577342987060547,20.951456007089647,20.203229967031447,20.390287402239316,73720612771
2004-05-24,20.203227996826172,20.57734098037202,20.01617243024647,20.57734098037202,38600894452
2004-05-25,20.390295028686523,20.76440633825537,20.016181868730353,20.203237523514776,39175308103
2004-05-26,20.951457977294922,21.325569182117558,20.951457977294922,21.138513579706242,61119564380
2004-05-27,21.32556915283203,21.32556915283203,20.951457948523146,21.32556915283203,48113713271
2004-05-28,21.69968032836914,21.69968032836914,21.325567306071058,21.512624742413422,69947358842
2004-05-31,20.951457977294922,21.512626634915684,20.951457977294922,21.512626634915684,33106919598
2004-06-01,21.138507843017578,21.325563394664695,20.764394889337037,20.951452291370458,30231917989
2004-06-02,20.764394760131836,21.138507711484483,20.390283659165487,20.951452161001306,50458326574
2004-06-03,19.829118728637695,20.951455934447008,19.829118728637695,20.764398499887704,70389020107
2004-06-04,19.829118728637695,20.203229896983046,19.642061294078392,19.829118728637695,58741995319
2004-06-07,20.577342987060547,20.577342987060547,20.203229967031447,20.390287402239316,43261676803
2004-06-08,21.138507843017578,21.138507843017578,20.57733933768992,20.764394889337037,52369399817
2004-06-09,20.577342987060547,20.951456007089647,20.577342987060547,20.76439857188178,38013850599
2004-06-10,19.829118728637695,20.39028733154235,19.829118728637695,20.203229896983046,61053061685
2004-06-11,18.893840789794922,19.455009502082774,18.7067851691613,19.455009502082774,107893814967
2004-06-14,18.713523864746094,19.6212391615809,18.67057599082385,19.015946369180895,113316447664
2004-06-15,18.583789825439453,18.713527163565825,18.367708940717556,18.713527163565825,98036108718
2004-06-16,18.799867630004883,19.405160490257895,18.58378863272263,19.405160490257895,84062262225
2004-06-17,19.145687103271484,19.44855744532007,18.71352720640986,18.71352720640986,103497931522
2004-06-18,18.49744415283203,18.843262335933535,18.281365166516853,18.843262335933535,70348210608
2004-06-21,18.799867630004883,19.145685830658365,18.670578083785717,19.145685830658365,50995565009
2004-06-22,18.799867630004883,18.799867630004883,18.799867630004883,18.799867630004883,0
2004-06-23,19.750978469848633,19.880715798196313,18.843263081419014,18.843263081419014,109654288439
2004-06-24,19.793928146362305,20.010009034428265,19.75098026420455,20.010009034428265,46748331561
2004-06-25,19.96705436706543,20.01000223462864,19.707577901400754,19.79392141999127,35313966816
2004-06-28,19.83732032775879,20.010005519718987,19.448554285686715,19.923661986953245,34155088882
2004-06-29,19.923660278320312,19.923660278320312,19.577842140519316,19.664633449379537,31987220079
2004-06-30,20.91771697998047,20.91771697998047,20.31287207272679,20.31287207272679,84527539216
2004-07-01,20.91771697998047,21.09084805003155,20.78797781294954,20.96111075657156,40285560726
2004-07-02,19.96705436706543,20.22608117569503,19.880710848474912,20.01000223462864,70731377312
2004-07-05,19.36176109313965,19.66463132732636,19.275417577096157,19.448550519063108,36094475644
2004-07-06,19.880706787109375,19.880706787109375,19.361757708936413,19.361757708936413,25355314700
2004-07-07,19.318817138671875,19.448554457161887,19.145684161647573,19.232027695174594,51088649390
2004-07-08,19.44855499267578,19.793925389150996,19.405159332946592,19.44855499267578,43033971834
2004-07-09,19.880706787109375,19.923654645898903,19.40515147752797,19.57783660586074,41715881710
2004-07-12,19.36176109313965,19.88071026201869,19.232023800919887,19.88071026201869,50840377531
2004-07-13,19.102733612060547,19.23202500247807,19.015944180714747,19.102733612060547,48811729097
2004-07-14,19.102733612060547,19.36176230280342,19.05933983317317,19.23202500247807,43236498540
2004-07-15,18.583789825439453,18.75692095509667,18.281367267693618,18.67057928207273,93174519231
2004-07-16,18.367704391479492,18.670574657820993,18.151625433846736,18.151625433846736,62835198344
2004-07-19,18.238414764404297,18.367704286158073,18.06528180504911,18.28136263501397,49032212214
2004-07-20,17.935548782348633,18.19502345480382,17.935548782348633,18.022338237711697,66092901386
2004-07-21,18.75691795349121,18.97299880363443,18.195020809411112,18.281364342189377,77488231029
2004-07-22,18.713523864746094,18.799865522549727,18.151626729798735,18.151626729798735,87100386778
2004-07-23,18.49744415283203,18.843262335933535,18.45449814984654,18.583787689503623,39942737760
2004-07-26,17.676517486572266,18.022335654797534,17.676517486572266,17.935546211872904,75751311690
2004-07-27,18.022336959838867,18.28136570389641,17.5897293173628,17.676518766572062,70110776710
2004-07-28,18.022336959838867,18.36770736953464,17.97894129844852,18.151628376867833,66424442861
2004-07-29,17.719467163085938,18.108681029136385,17.719467163085938,18.02233748739923,57120501501
2004-07-30,18.540836334228516,18.713521501600336,18.28136173648244,18.45449468732812,113113363251
2004-08-02,18.49744415283203,18.583787689503623,18.324758953060215,18.540839812946764,52584771024
2004-08-03,19.015941619873047,19.059337266487457,18.540834044919748,18.583781908115593,71687761475
2004-08-04,18.929603576660156,19.01594711140518,18.71352459516632,18.843261915486465,50814051124
2004-08-05,19.44855499267578,19.5778445311842,18.713524846459734,19.015947366759654,74169013338
2004-08-06,19.015941619873047,19.44854911504907,18.929598110062795,19.23202241253717,58624417859
2004-08-09,18.713523864746094,18.929602837806005,18.54083867556757,18.583786549489815,61371221716
2004-08-10,18.713523864746094,18.843261180002372,18.627180333371204,18.713523864746094,21795900924
2004-08-11,18.929603576660156,19.189080090871776,18.929603576660156,18.929603576660156,60926838978
2004-08-12,18.929603576660156,18.929603576660156,18.627181060421297,18.756918380741443,32492619043
2004-08-13,18.929603576660156,19.05934277055163,18.670576719567748,18.670576719567748,36585159046
2004-08-16,18.75691795349121,18.88665714442745,18.75691795349121,18.88665714442745,25559606746
2004-08-17,18.929603576660156,18.972999235806608,18.843261915486465,18.843261915486465,18408142353
2004-08-18,19.36176109313965,19.534894035106603,18.843257834140573,18.92959947661314,77122155631
2004-08-19,20.2260799407959,20.269475589173698,19.707576698158732,19.707576698158732,100609360288
2004-08-20,20.053401947021484,20.22608716173887,20.010008156722478,20.09679761089203,51903182740
2004-08-23,20.312875747680664,20.442165281076214,20.053399240245913,20.053399240245913,44596241037
2004-08-24,20.312875747680664,20.312875747680664,20.312875747680664,20.312875747680664,0
2004-08-25,20.312875747680664,20.312875747680664,20.312875747680664,20.312875747680664,0
2004-08-26,21.00406837463379,21.09085784167982,20.65825011029522,20.65825011029522,137066512391
2004-08-27,20.74503517150879,20.961114143177777,20.74503517150879,20.961114143177777,46286067066
2004-08-30,20.787981033325195,20.874772347094563,20.658243719766915,20.745035033536286,53305372453
2004-08-31,20.312875747680664,20.78798157385835,20.226084431654527,20.658244256926615,58552333124
2004-09-01,20.35582160949707,20.528954583258873,20.269479951168364,20.312875608884916,54005075237
2004-09-02,19.83732032775879,20.269480154411255,19.621239477646913,20.096794962451057,63918998808
2004-09-03,19.189075469970703,19.577839553765386,19.01594253219607,19.534893562079922,126728011270
2004-09-06,19.015941619873047,19.102731039531076,18.713519190969464,18.929598110062795,68694328141
2004-09-07,19.189075469970703,19.189075469970703,18.929599018243337,19.01594253219607,34033030082
2004-09-08,18.972997665405273,19.14568284703078,18.929602009850697,19.14568284703078,35283890157
2004-09-09,18.886655807495117,19.059340987256473,18.79986449732288,18.972997460590218,42881853941
2004-09-10,19.275415420532227,19.405152698236776,19.145678142827677,19.405152698236776,52491370462
2004-09-13,19.83732032775879,19.88071411233918,19.577843819495232,19.83732032775879,82727058838
2004-09-14,19.664636611938477,19.923663482537165,19.621240950529273,19.88071560469919,57759550350
2004-09-15,19.621234893798828,19.707576532822436,19.53489325477522,19.621234893798828,28846800196
2004-09-16,19.621234893798828,19.621234893798828,19.18907516810609,19.232023032686815,38571955299
2004-09-17,19.36176109313965,19.534894035106603,19.232023800919887,19.448550519063108,35446947013
2004-09-20,19.534893035888672,19.62123467394483,19.36176010277754,19.491497388361186,28751638685
2004-09-21,19.880706787109375,19.880706787109375,19.621232248022896,19.880706787109375,50264858982
2004-09-22,19.793928146362305,19.880717604338734,19.577847258296348,19.880717604338734,33621707955
2004-09-23,19.405162811279297,19.49150636266067,19.36176901734322,19.36176901734322,41734597832
2004-09-24,18.886655807495117,19.448552911800128,18.886655807495117,19.448552911800128,77032114486
2004-09-27,18.583789825439453,18.75692095509667,18.41110460581999,18.75692095509667,75683974052
2004-09-28,18.583789825439453,18.583789825439453,18.583789825439453,18.583789825439453,0
2004-09-29,18.454500198364258,18.799868762673704,18.367708868500635,18.367708868500635,40361650413
2004-09-30,18.713523864746094,18.886656837455018,18.627180333371204,18.627180333371204,44969847676
2004-10-01,19.23202133178711,19.23202133178711,18.843255414920108,18.97299269048335,44043250339
2004-10-04,19.664636611938477,19.664636611938477,19.40516008419713,19.44855574560634,86714251491
2004-10-05,19.57784652709961,19.664637855406156,19.491504855964152,19.664637855406156,47380051173
2004-10-06,19.44855499267578,19.664635850642576,19.23202822472645,19.5778445311842,51228958824
2004-10-07,19.44855499267578,19.5778445311842,19.05934302648884,19.5778445311842,47753789553
2004-10-08,18.713523864746094,19.05934202663354,18.54083867556757,18.886656837455018,98761848079
2004-10-11,18.49744415283203,18.670577136161718,18.411102489731807,18.49744415283203,38940151740
2004-10-12,18.411104202270508,18.670578872835872,18.411104202270508,18.49744587340194,55164258373
2004-10-13,18.411104202270508,18.54084153755319,18.367708538119256,18.49744587340194,31834946292
2004-10-14,18.454500198364258,18.627183543733192,18.281367195816166,18.367708868500635,47798054806
2004-10-15,18.367704391479492,18.45449570018824,18.23841486898436,18.367704391479492,42023999488
2004-10-18,18.238414764404297,18.497441591407718,18.238414764404297,18.454495594369156,25372937365
2004-10-19,18.583789825439453,18.67057928207273,18.41110460581999,18.45450027092242,36069093386
2004-10-20,18.49744415283203,18.713525012718577,18.49744415283203,18.583787689503623,45963440121
2004-10-21,18.670570373535156,18.799859866362574,18.36770017669247,18.36770017669247,43541046115
2004-10-22,18.670570373535156,19.015940647982976,18.670570373535156,19.015940647982976,47643991526
2004-10-25,18.670570373535156,18.670570373535156,18.670570373535156,18.670570373535156,0
2004-10-26,18.238414764404297,18.454495594369156,18.238414764404297,18.454495594369156,36858358653
2004-10-27,18.108675003051758,18.238412290704964,17.84919855417448,18.15162286783636,42310081250
2004-10-28,18.583789825439453,18.886660166794627,18.497446278843928,18.6271836169703,102666842616
2004-10-29,18.929603576660156,19.01594711140518,18.71352459516632,18.799866256340014,72732544402
2004-11-01,18.972997665405273,19.189078502585357,18.79986470026895,19.059341193003615,63414805282
2004-11-02,19.44855499267578,19.534898528580264,19.102736812646672,19.189080348551155,91234260777
2004-11-03,20.26947784423828,20.312873497444027,19.664632894561603,19.664632894561603,171405475533
2004-11-04,20.52895736694336,20.701642580587798,20.05340182242327,20.35582436970508,172666648797
2004-11-05,20.61530113220215,20.96111747323148,20.442168133102385,20.745038467234423,126636819579
2004-11-08,20.70163917541504,20.74503483187788,20.485560207283626,20.74503483187788,54924396034
2004-11-09,20.658239364624023,20.701635012360093,20.52894986184693,20.61529337388893,63245113030
2004-11-10,20.74503517150879,20.74503517150879,20.57190219991434,20.658243857162184,81425704318
2004-11-11,20.010000228881836,20.528949361051215,19.9670523656236,20.39921207800887,60703295059
2004-11-12,20.312875747680664,20.615298256021013,20.09679489825898,20.09679489825898,39705844004
2004-11-15,20.52895736694336,20.831379914225167,20.52895736694336,20.701642580587798,55523470022
2004-11-16,20.91771697998047,20.96111075657156,20.61529452635363,20.65824051948955,82531782324
2004-11-17,21.479616165161133,21.479616165161133,20.787979888526912,20.874771197516665,145949055570
2004-11-18,21.8254337310791,22.041512683744525,21.523011255188273,21.6093529048426,135703081123
2004-11-19,21.8254337310791,22.041512683744525,21.565959125056906,21.8254337310791,94392384566
2004-11-22,20.831375122070312,21.349878427318348,20.831375122070312,21.17719325339928,73892522380
2004-11-23,20.91771697998047,21.047454273440458,20.528951009484732,20.91771697998047,58128638244
2004-11-24,21.133806228637695,21.306939256737184,20.78798795611238,20.917727186447475,46604307007
2004-11-25,20.874771118164062,21.263537125998326,20.874771118164062,21.220141471668413,44418372009
2004-11-26,20.399215698242188,21.349878801661866,20.096793215228576,20.96111279338925,42229991004
2004-11-29,20.26947784423828,20.615295972282368,20.183134321313368,20.312873497444027,44086215739
2004-11-30,20.442163467407227,20.485559121570144,20.010003680477208,20.485559121570144,92781796853
2004-12-01,20.053401947021484,20.183139281464953,19.96706027644856,20.010008156722478,47480741449
2004-12-02,20.74503517150879,20.74503517150879,20.31287535459957,20.442164885493195,64620027794
2004-12-03,21.133806228637695,21.177201899973948,20.874779298784887,21.00406887187446,72926775765
2004-12-06,21.133806228637695,21.177201899973948,20.78798795611238,20.917727186447475,57341256884
2004-12-07,21.26354217529297,21.30693596635616,20.917723956171567,21.090855083962957,68897214941
2004-12-08,21.090850830078125,21.177194358328215,20.91771973720613,21.177194358328215,47607520997
2004-12-09,20.831375122070312,20.961112425862257,20.528952644359304,20.787979468452356,63210425407
2004-12-10,20.831375122070312,20.831375122070312,20.31287369039337,20.615296168104383,80976385652
2004-12-13,20.571903228759766,21.047458726625848,20.22608505180327,20.399218032056474,66565011387
2004-12-14,20.787981033325195,20.83137669020988,20.615297719978006,20.745035033536286,37938654785
2004-12-15,21.523014068603516,21.60935572954413,20.874773378729266,20.9177212542119,86281567427
2004-12-16,21.60935401916504,21.60935401916504,21.3498793997626,21.52301236505836,58561691185
2004-12-17,21.523014068603516,21.825436584025987,21.523014068603516,21.565961944086148,42662323757
2004-12-20,21.60935401916504,21.60935401916504,21.17719421797807,21.17719421797807,60753721438
2004-12-21,21.306930541992188,21.56595923947156,21.306930541992188,21.47961571578807,56773111485
2004-12-22,21.523014068603516,21.825436584025987,21.393276748633596,21.43622462411623,96826666077
2004-12-23,21.60935401916504,21.60935401916504,21.3498793997626,21.393275055357144,41782753860
2004-12-24,21.60935401916504,21.82543485654411,21.52301236505836,21.60935401916504,26070216099
2004-12-27,21.565956115722656,21.60934988945314,21.43621883081522,21.60934988945314,8412253410
2004-12-28,21.60935401916504,21.82543485654411,21.565960237141674,21.565960237141674,31476852253
2004-12-29,21.8254337310791,22.041512683744525,21.6093529048426,21.8254337310791,48221824340
2004-12-30,21.8254337310791,22.041512683744525,21.8254337310791,21.8254337310791,50723966064
2004-12-31,21.8254337310791,22.257593509981028,21.8254337310791,21.8254337310791,45287534302
2005-01-03,22.041521072387695,22.257601980861065,21.82544203748612,22.041521072387695,31140095998
2005-01-04,21.43622398376465,21.825435932047707,21.43622398376465,21.609355084020706,33197547587
2005-01-05,20.961122512817383,21.090859879041812,20.961122512817383,21.090859879041812,45343603622
2005-01-06,20.74503517150879,20.917720359575718,20.701639514335486,20.78798117158333,52027134231
2005-01-07,20.658239364624023,20.701635012360093,20.52894986184693,20.658239364624023,52145038772
2005-01-10,20.961122512817383,21.090859879041812,20.65825210586761,20.65825210586761,42064905324
2005-01-11,20.831375122070312,21.00406029598938,20.745033471896324,20.87477077568827,39142041694
2005-01-12,20.312875747680664,20.78798157385835,20.312875747680664,20.658244256926615,49071295621
2005-01-13,20.2260799407959,20.658239670114234,20.096790436106897,20.4421607422405,42903907522
2005-01-14,20.312875747680664,20.355821748586262,19.967057581327246,20.09679489825898,58380111429
2005-01-17,21.133806228637695,21.133806228637695,20.57190891392216,20.65825059934915,49625182164
2005-01-18,21.22014617919922,21.263541843156137,21.004065300181203,21.1338026348829,50467394471
2005-01-19,20.61530113220215,21.306935687832354,20.61530113220215,21.220146233268913,37326191436
2005-01-20,20.74503517150879,20.961114143177777,20.485560542666498,20.485560542666498,47151667938
2005-01-21,20.52895736694336,20.74503824418871,20.52895736694336,20.61530091055134,34275911505
2005-01-24,20.312875747680664,20.57190259800795,20.269480089667596,20.528954723531065,28352792508
2005-01-25,20.571903228759766,20.61529888810338,20.183137176009573,20.183137176009573,44250071829
2005-01-26,21.26354217529297,21.34988384738641,20.701643073778364,20.745038738413122,84585365094
2005-01-27,21.349882125854492,21.393277786990076,21.13380126088481,21.26354046072315,52258477265
2005-01-28,21.60935401916504,22.041513820352005,21.436222927440454,21.436222927440454,96812921013
2005-01-31,22.47367286682129,22.68975180535882,21.825432304066776,21.825432304066776,152370837131
2005-02-01,22.689748764038086,22.905829547183234,22.473669854463644,22.689748764038086,126248497378
2005-02-02,23.121915817260742,23.33799477811167,22.905834982838662,22.905834982838662,127649264280
2005-02-03,23.121915817260742,23.33799477811167,22.689754148416583,23.121915817260742,106363439154
2005-02-04,23.121915817260742,23.121915817260742,23.121915817260742,23.121915817260742,0
2005-02-07,23.121915817260742,23.121915817260742,23.121915817260742,23.121915817260742,0
2005-02-08,23.121915817260742,23.121915817260742,23.121915817260742,23.121915817260742,0
2005-02-09,23.121915817260742,23.121915817260742,23.121915817260742,23.121915817260742,0
2005-02-10,23.121915817260742,23.121915817260742,23.121915817260742,23.121915817260742,0
2005-02-11,23.121915817260742,23.121915817260742,23.121915817260742,23.121915817260742,0
2005-02-14,23.5540828704834,23.986242798922067,23.3380019694782,23.5540828704834,166804805119
2005-02-15,23.77015495300293,23.986235790875902,23.55407598870114,23.55407598870114,72234208996
2005-02-16,23.5540828704834,23.770161897916868,23.121922942044726,23.770161897916868,45692838023
2005-02-17,23.121915817260742,23.554075612533754,22.905834982838662,23.554075612533754,51282538224
2005-02-18,23.337995529174805,23.554076370550796,22.90583571999403,23.121916561370025,72099015536
2005-02-21,23.5540828704834,23.5540828704834,23.121922942044726,23.3380019694782,33289870061
2005-02-22,23.337995529174805,23.554076370550796,23.121916561370025,23.337995529174805,30276297793
2005-02-23,23.121915817260742,23.33799477811167,22.689754148416583,23.121915817260742,63483267116
2005-02-24,22.905838012695312,23.121918875699365,22.68975714969126,22.905838012695312,45716173892
2005-02-25,23.77015495300293,23.77015495300293,23.337995150828167,23.337995150828167,100432106055
2005-02-28,23.77015495300293,23.77015495300293,23.77015495300293,23.77015495300293,0
2005-03-01,23.46773338317871,23.726762103413773,23.337996068081882,23.55407691444748,45611671886
2005-03-02,23.381391525268555,23.64041836971434,23.337995868240835,23.467733182226738,54573620253
2005-03-03,23.121915817260742,23.33799477811167,22.992176635763784,23.33799477811167,76743661371
2005-03-04,22.689748764038086,22.94922519188594,22.517063625595647,22.905829547183234,79686501453
2005-03-07,22.81949234008789,22.949231526609346,22.60341337086873,22.68975502713766,41530428744
2005-03-08,23.208267211914062,23.424348137036652,22.819501034885015,23.121925522746803,39390950305
2005-03-09,22.905838012695312,23.078523214958544,22.776100687608572,22.776100687608572,31971749198
2005-03-10,22.47367286682129,22.819489099887306,22.343935572292807,22.819489099887306,52766961183
2005-03-11,22.689748764038086,22.862433902480525,22.517063625595647,22.517063625595647,32535323155
2005-03-14,22.257593154907227,22.473673977696606,22.171251506630302,22.430278325032123,38227024463
2005-03-15,22.084463119506836,22.25759609599024,22.041515244648284,22.214200437591526,36182466008
2005-03-16,22.47367286682129,22.47367286682129,22.041511242604308,22.041511242604308,51111133328
2005-03-17,21.998125076293945,22.25759975512074,21.91178152884187,22.041518868255267,62232356540
2005-03-18,21.998125076293945,22.21420408958781,21.91178152884187,22.041518868255267,35101998612
2005-03-21,21.868377685546875,21.955167103150217,21.739086315601675,21.955167103150217,52954513236
2005-03-22,21.8254337310791,21.9551710340902,21.565959125056906,21.739090207853696,44011491777
2005-03-23,21.739091873168945,21.825435403008665,21.52301290395087,21.56596077710951,48383695519
2005-03-24,21.868377685546875,22.214193879307096,21.65229689799833,21.695692543585373,44706895386
2005-03-25,22.257593154907227,22.257593154907227,21.998118553024412,21.998118553024412,29554956414
2005-03-28,22.257593154907227,22.3439366767552,22.12785585396582,22.300541024090716,21578933118
2005-03-29,22.084463119506836,22.25759609599024,21.955173584962314,22.25759609599024,25286949476
2005-03-30,21.868377685546875,22.041508737345595,21.825429823367795,21.825429823367795,57722223499
2005-03-31,22.257593154907227,22.300541024090716,21.955170683840922,22.12785585396582,32289271146
2005-04-01,22.733150482177734,22.776098354955646,22.084462049609172,22.257595017705025,44872512425
2005-04-04,22.56001853942871,22.819493174820707,22.517070664698828,22.517070664698828,28863799283
2005-04-05,22.56001853942871,22.56001853942871,22.56001853942871,22.56001853942871,0
2005-04-06,22.257593154907227,22.603411278638017,22.257593154907227,22.387330455848634,32716072938
2005-04-07,22.214195251464844,22.51706547532485,22.214195251464844,22.257590899732413,50403640211
2005-04-08,22.60341453552246,22.60341453552246,22.30054423733514,22.47367721588744,38373156886
2005-04-11,22.430280685424805,22.68975531461276,22.430280685424805,22.68975531461276,30677941288
2005-04-12,22.60341453552246,22.64636241089423,22.25759636196337,22.25759636196337,19729611654
2005-04-13,22.689748764038086,22.73314440874079,22.473669854463644,22.603407131602218,21487076131
2005-04-14,22.17125701904297,22.343942232102382,22.127861355589072,22.343942232102382,49927797525
2005-04-15,22.17125701904297,22.430283901846327,21.82543880933182,21.955176142529663,52396006947
2005-04-18,21.739091873168945,21.825435403008665,21.609354560219366,21.825435403008665,82500076458
2005-04-19,21.652299880981445,21.825432830203003,21.565958234890996,21.652299880981445,53314278200
2005-04-20,21.652299880981445,22.04151177394946,21.565958234890996,22.04151177394946,36464252987
2005-04-21,21.43622398376465,21.695698615953354,21.220143135737644,21.263538793470616,69457763228
2005-04-22,21.43622398376465,21.73909240011506,21.43622398376465,21.652302958220382,47564687339
2005-04-25,21.523014068603516,21.565961944086148,21.32840621507731,21.43622462411623,26072543538
2005-04-26,22.30054473876953,22.38733418498427,21.587883158272227,21.60935615965528,61575799203
2005-04-27,22.56001853942871,22.56001853942871,22.17125436987954,22.517070664698828,65262914721
2005-04-28,22.905838012695312,22.905838012695312,22.257597297254552,22.473678160258604,50355185568
2005-04-29,22.430280685424805,22.560018000018783,22.34393902806194,22.560018000018783,34023149445
2005-05-02,22.430280685424805,22.430280685424805,22.430280685424805,22.430280685424805,0
2005-05-03,22.60341453552246,22.949232709081556,22.560018876605177,22.560018876605177,48265716324
2005-05-04,22.689748764038086,22.905829547183234,22.603407131602218,22.603407131602218,31220693450
2005-05-05,23.294599533081055,23.510678480355732,22.949229195937907,22.949229195937907,69078812263
2005-05-06,23.597476959228516,23.640424844493037,23.208264910671126,23.294608464848825,58038276527
2005-05-09,23.640417098999023,23.640417098999023,23.29460083265729,23.59746922780585,51938652030
2005-05-10,23.640417098999023,23.77015440601131,23.424338139669576,23.640417098999023,41962019351
2005-05-11,23.16530990600586,23.251653433647583,22.819491759070278,23.121916124000652,53146597206
2005-05-12,23.5540828704834,23.5540828704834,23.208264621575154,23.251660289947772,56783075558
2005-05-13,23.68381690979004,23.856502118298735,23.4243422502322,23.467736038971037,64807210969
2005-05-16,23.68381690979004,23.81355423956896,23.55407958001112,23.770158577258655,36327799197
2005-05-17,23.46773338317871,23.77015588724183,23.424339599350652,23.68381422954431,34232561857
2005-05-18,23.726760864257812,23.770154645819584,23.381390504362578,23.46773215755081,42082145938
2005-05-19,24.375446319580078,24.41839231242055,23.986232568306786,23.986232568306786,111472123607
2005-05-20,24.41839599609375,24.504739525394122,24.20231702822542,24.20231702822542,49192818671
2005-05-23,23.85650062561035,24.33205612623194,23.726763303949028,24.33205612623194,26781931543
2005-05-24,24.375446319580078,24.50473582869544,23.81354740932793,23.85649527573933,58410723837
2005-05-25,24.11597442626953,24.591529910274197,24.029632767220228,24.375450934096868,57040854785
2005-05-26,24.202316284179688,24.24571006568444,23.89989192273713,24.115972757533754,45060152305
2005-05-27,24.548131942749023,24.59152759674516,24.2457094624025,24.2457094624025,44665914896
2005-05-30,24.50474739074707,24.50474739074707,24.288666479951473,24.41840383373278,28950202158
2005-05-31,24.591524124145508,24.677865762879527,24.288653903072927,24.46178683754331,78869368398
2005-06-01,24.159372329711914,24.5047427451503,24.115976667600012,24.33205753743111,57861588784
2005-06-02,24.591524124145508,24.634471988582188,24.37544519880929,24.37544519880929,67194816351
2005-06-03,24.93689727783203,24.98029293066264,24.59152693626015,24.67786858486759,65016333549
2005-06-06,25.11004066467285,25.11004066467285,24.764222395939715,24.850564080419893,59845128818
2005-06-07,24.850557327270508,25.06663818194302,24.720820007186116,25.06663818194302,75422326007
2005-06-08,25.15298080444336,25.282718119823265,24.93689995760629,24.93689995760629,84948744176
2005-06-09,25.06663703918457,25.28271788400621,24.764214537282346,25.28271788400621,56691036329
2005-06-10,25.11004066467285,25.282725907205045,24.980303309332292,25.19638234915303,105148682926
2005-06-13,25.64551544189453,25.786771943941922,25.174980995707482,25.410247247405135,69491925975
2005-06-14,25.64551544189453,25.880781693592184,25.598266746705658,25.73952324875305,44913267908
2005-06-15,25.88077735900879,25.880777359008786,25.59826245943863,25.645511146714163,45102875760
2005-06-16,26.304059982299805,26.351308667574276,25.880776262912892,26.068793779969116,49491777256
2005-06-17,26.727834701538086,27.057110675176848,26.30406328826528,26.351311979478094,53602356374
2005-06-20,26.774593353271484,26.821840094031508,26.44531743302585,26.727830367536306,43774458123
2005-06-21,26.25730323791504,26.774598714736634,26.257303237915036,26.774598714736634,29415958543
2005-06-22,26.774593353271484,26.915849820526713,26.351307706530648,26.351307706530648,41546281468
2005-06-23,26.915849685668945,27.057106152216427,26.821839959644763,26.963098368983502,49408583340
2005-06-24,26.63382339477539,26.86908959568917,26.539326024795567,26.82184091069926,37381755119
2005-06-27,26.586580276489258,26.586580276489258,26.163296471024346,26.445323775356755,33091091201
2005-06-28,26.53932762145996,26.586576309292454,26.257300359211104,26.492566574279024,32658503329
2005-06-29,25.83353042602539,26.774597281900864,25.78676937622024,26.774597281900864,119284584828
2005-06-30,25.928030014038086,26.21005928004515,25.786773503447932,26.116049524709464,42307439722
2005-07-01,26.21005630493164,26.21005630493164,25.645514081825667,25.928027070937823,20424031174
2005-07-04,25.928030014038086,26.304067092588976,25.88078325878362,26.068800826663132,19522557421
2005-07-05,25.598264694213867,25.928026367056937,25.598264694213867,25.928026367056937,20550143649
2005-07-06,25.69275665283203,25.786766382206107,25.504251496252895,25.69275665283203,53365764787
2005-07-07,25.69275665283203,25.786766382206107,25.174975565923802,25.69275665283203,60616153071
2005-07-08,25.316238403320312,25.551504645378923,25.268989710067256,25.504255952125867,72912106836
2005-07-11,26.727834701538086,26.727834701538086,25.645513283779337,25.645513283779337,108679945147
2005-07-12,26.86908531188965,27.198361189663828,26.821836634432703,26.821836634432703,76117239035
2005-07-13,26.727834701538086,26.96310287622925,26.63382690259049,26.82184444327726,47584695158
2005-07-14,26.82184600830078,26.8690947022705,26.445323264271124,26.82184600830078,30317490848
2005-07-15,26.63382339477539,26.91585064005686,26.586574709785477,26.86908959568917,27211882278
2005-07-18,26.63382339477539,26.633823394775387,26.633823394775387,26.633823394775387,0
2005-07-19,26.4453182220459,26.633823378476638,26.351308492745833,26.539326008554646,31257029623
2005-07-20,26.53932762145996,26.9631009472063,26.445319829237967,26.492566574279024,65479613711
2005-07-21,26.53932762145996,27.009861994387236,26.21005361417005,26.21005361417005,63424102491
2005-07-22,26.774593353271484,26.774593353271484,26.163290196331506,26.53932521672979,43749540098
2005-07-25,26.398550033569336,26.58656749849571,26.351301361395066,26.58656749849571,24601317660
2005-07-26,26.16329574584961,26.8218457832352,26.16329574584961,26.35131329592931,66825500732
2005-07-27,24.986474990844727,25.739522416786148,24.939713937894773,25.41024642608127,122266751309
2005-07-28,25.362993240356445,25.36299324035644,24.845697887671516,25.033717333192286,76499842386
2005-07-29,25.03371810913086,25.64550890133589,25.033718109130856,25.41024076684862,41934635454
2005-08-01,25.080957412719727,25.36298650611809,24.986462017252418,25.033710686381408,18557408454
2005-08-02,25.83353042602539,25.83353042602539,25.221739538710125,25.362997969483427,45061843410
2005-08-03,26.304059982299805,26.398557352848744,25.928023005396028,26.116042465243584,59730275041
2005-08-04,25.739517211914062,26.304059332554274,25.739517211914062,26.304059332554274,36365791448
2005-08-05,25.739517211914062,25.739517211914062,25.739517211914062,25.739517211914062,0
2005-08-08,25.127729415893555,25.362997583374526,25.080968366800263,25.221739154751642,70687652410
2005-08-09,24.939714431762695,25.221741734390736,24.845704683289444,25.03372418023595,60719869436
2005-08-10,24.845699310302734,25.316233648843628,24.751203884334853,25.127726551941198,49252872868
2005-08-11,25.22173500061035,25.22173500061035,24.892459091296143,24.939707773278855,33853893091
2005-08-12,25.22173500061035,25.551498550515745,25.17497395921883,25.26898368259306,38507261071
2005-08-15,24.939714431762695,25.12773198591748,24.469181934258494,25.080970932041545,51535837393
2005-08-16,24.939714431762695,25.12773198591748,24.75120923688653,25.12773198591748,31214533475
2005-08-17,24.798450469970703,24.939706927747423,24.610431029596665,24.704440749783686,40079514004
2005-08-18,24.469179153442383,24.939711597472613,24.46917915344238,24.79845511324695,38514103281
2005-08-19,24.280672073364258,24.37516750160798,24.045405869823277,24.37516750160798,42894422739
2005-08-22,24.469179153442383,24.563186948440336,24.32792072642522,24.421930464214675,21801291569
2005-08-23,24.469179153442383,24.65719668622979,24.421930464214675,24.46917915344238,28805441837
2005-08-24,24.233909606933594,24.37516607178119,24.139899882040726,24.37516607178119,27495679260
2005-08-25,24.375173568725586,24.515944379061494,24.045411854861342,24.092658609347513,23316013057
2005-08-26,24.845699310302734,25.033718766589242,24.327918230173545,24.375166914553134,37548418982
2005-08-29,24.139904022216797,24.70444622341385,24.045408583309417,24.610436482397603,38574733797
2005-08-30,24.0454044342041,24.42192708839857,24.045404434204105,24.42192708839857,47672464489
2005-08-31,25.410236358642578,25.410236358642575,24.045400487775797,24.045400487775797,60381322224
2005-09-01,25.410236358642578,25.410236358642575,25.410236358642575,25.410236358642575,0
2005-09-02,24.751209259033203,25.03372420263541,24.610438456558057,24.939714454078036,60075576635
2005-09-05,24.51594352722168,24.751209781147107,24.515943527221676,24.657200030606653,24361010117
2005-09-06,24.563182830810547,24.798450956178176,24.51593609229451,24.704441234147968,19749540219
2005-09-07,24.469179153442383,24.610435637668044,24.421930464214675,24.515940202004128,16220889832
2005-09-08,24.421926498413086,24.65719268222405,24.375165457444723,24.469175179968225,22802431148
2005-09-09,24.280672073364258,24.657194750038826,24.233911028474395,24.515938276905242,28265634941
2005-09-12,24.798450469970703,24.939706927747423,24.610431029596665,24.704440749783686,48137107447
2005-09-13,25.17498016357422,25.221741216489967,24.798457422274748,24.798457422274748,80149601150
2005-09-14,25.362993240356445,25.36299324035644,25.127725113161482,25.174973794835676,47095472940
2005-09-15,25.362993240356445,25.41023997923945,25.08096407207529,25.316232199270253,35857932990
2005-09-16,24.751209259033203,25.457008005921036,24.751209259033203,25.363000200155387,48407006712
2005-09-19,25.03371810913086,25.174974575152596,24.610432466086262,24.75120323429613,38608752463
2005-09-20,25.22173500061035,25.410240145158802,24.704441587338877,24.84569804990462,48550504926
2005-09-21,25.22173500061035,25.22173500061035,24.986468814670378,25.22173500061035,17546722820
2005-09-22,24.51594352722168,24.89246628453208,24.42193377668122,24.845705229627903,66175382015
2005-09-23,24.18665885925293,24.46917370761967,23.9513926895983,24.280668576119723,38302580282
2005-09-26,23.99864387512207,24.421929556991927,23.763377661846594,24.23391203118897,41551404761
2005-09-27,24.233909606933594,24.32791738903523,23.951394734447163,24.045404459340027,40158053043
2005-09-28,24.09265899658203,24.327925262463477,23.810144032663175,24.139907694619446,36602111187
2005-09-29,25.377601623535156,25.42631127775346,24.84179931271567,24.939216678361348,50183179
2005-09-30,25.96211814880371,25.962118148803707,25.523733159432954,25.572442818562052,52606810
2005-10-03,25.718576431274414,26.010834460800698,25.6698667596867,26.010834460800698,37066503
2005-10-04,26.303089141845703,26.3030891418457,25.8159943947915,25.8159943947915,61584074
2005-10-05,26.4005069732666,26.692764992003323,26.30308957647925,26.30308957647925,65270754
2005-10-06,26.156959533691406,26.25437886942143,26.05954019796138,26.205669201556418,31700637
2005-10-07,26.25436782836914,26.40049482772023,26.010821534256888,26.010821534256888,39124185
2005-10-10,26.25436782836914,26.254367828369144,26.254367828369144,26.254367828369144,0
2005-10-11,25.767290115356445,26.156965605946983,25.669870757010827,26.156965605946983,34435849
2005-10-12,25.23148536682129,25.52374147400967,25.1827756918246,25.52374147400967,49680260
2005-10-13,25.03663444519043,25.13405374762854,24.939215142752325,25.085344096409486,36270824
2005-10-14,24.890514373779297,25.280187806590735,24.84180470898003,25.18277041978355,40166618
2005-10-17,24.40342140197754,24.939223867245367,24.40342140197754,24.890516141777695,37037227
2005-10-18,24.598257064819336,25.036642117337284,24.549547398673848,24.598257064819332,35050644
2005-10-19,24.135520935058594,24.403424140548303,24.135520935058597,24.403424140548303,58063640
2005-10-20,24.50084114074707,24.598258536073292,23.867617385773247,24.15987345733496,53103456
2005-10-21,23.965036392211914,24.232937625536405,23.721488050288286,23.721488050288286,32710658
2005-10-24,24.50084114074707,24.695677874191038,24.257292795452706,24.30600246451158,43110943
2005-10-25,24.744386672973633,25.13406206894795,24.744386672973633,25.08535240160223,37500414
2005-10-26,24.744386672973633,25.08535240160223,24.549548003590743,24.744386672973633,28925694
2005-10-27,24.159873962402344,24.64696872038237,24.111164292325185,24.35471264271098,34633461
2005-10-28,24.549549102783203,25.182772863838377,24.403422036994733,24.403422036994733,64097625
2005-10-31,25.328901290893555,25.572449651616076,24.93922585652917,25.18277421725169,63756769
2005-11-01,25.23148536682129,25.572451149006366,25.23148536682129,25.572451149006366,27323881
2005-11-02,25.669862747192383,25.718572411166218,25.377606706140693,25.475026034088362,38550167
2005-11-03,26.059537887573242,26.108247551119753,25.91341083972502,25.96212050327153,50505214
2005-11-04,26.4005069732666,26.49792631284551,26.254379906689795,26.30308957647925,61786915
2005-11-07,26.4979248046875,26.4979248046875,26.205668745376403,26.40050547065332,42838049
2005-11-08,26.546630859375,26.546630859374996,26.2543748398326,26.49792119898607,42921695
2005-11-09,26.936307907104492,26.985017570580975,26.449213215130957,26.49792287860744,74806353
2005-11-10,27.22856903076172,27.277278703335906,26.985022610682456,27.13115162840501,69350569
2005-11-11,27.764373779296875,27.764373779296875,27.277278991206135,27.277278991206135,96114025
2005-11-14,27.764373779296875,27.86179312547336,27.4721176835591,27.569535086943905,62320156
2005-11-15,27.764373779296875,27.764373779296875,27.277278991206135,27.277278991206135,56931288
2005-11-16,27.66695785522461,27.86179657167703,27.033735912338106,27.76437721345082,36987039
2005-11-17,27.325984954833984,27.666950677374427,27.082438565245507,27.666950677374427,27130451
2005-11-18,27.81307601928711,27.959203056707423,27.715656699146127,27.76436635921662,52759463
2005-11-21,28.202754974365234,28.397591696845936,28.007916309093122,28.007916309093122,67668246
2005-11-22,28.25146484375,28.251464843750004,27.910499119864415,28.20275517708186,35614206
2005-11-23,29.07952880859375,29.323075228599144,28.641143698350714,28.738563043469536,99635505
2005-11-24,29.07952880859375,29.225655883480325,28.93339979091552,29.079528808593754,61217079
2005-11-25,28.787273406982422,29.079531469077555,28.73856567275841,29.079531469077555,23042272
2005-11-28,28.982105255126953,29.176941974281657,28.88468592415391,29.030814920613473,29944080
2005-11-29,28.15404510498047,28.884686208898167,28.154045104980465,28.348883768847266,38924481
2005-11-30,28.982105255126953,29.128234251586516,28.446300877566593,28.446300877566593,52173944
2005-12-01,28.88469123840332,29.225657016748997,28.88469123840332,28.982110587299726,57002387
2005-12-02,29.517898559570312,29.615317860410112,29.274352250261582,29.323061900681484,72773765
2005-12-05,30.1998348236084,30.199834823608395,29.371774567025547,29.712740212184784,46885451
2005-12-06,30.44339370727539,30.540813058276434,29.420496350139775,29.420496350139775,59293230
2005-12-07,30.44339370727539,30.930488519488826,30.15113759706404,30.44339370727539,43699599
2005-12-08,30.053712844848633,30.44338823602907,29.712747120414683,30.44338823602907,38101617
2005-12-09,29.615325927734375,29.81016458248875,29.37177955208271,29.761454918800155,41409801
2005-12-12,29.810163497924805,29.90758087896641,29.274359159635402,29.615324850259118,32498407
2005-12-13,30.1998348236084,30.199834823608395,29.517901590498944,29.8101595230277,45184308
2005-12-14,29.761451721191406,30.004998070676134,29.566613087370744,30.004998070676134,47646626
2005-12-15,29.664033889770508,29.712743550664914,29.42048752808968,29.712743550664914,32392805
2005-12-16,30.1998348236084,30.345961847081796,29.712740212184784,29.712740212184784,43199817
2005-12-19,30.44339370727539,30.44339370727539,30.102427921563518,30.297264680773825,36789427
2005-12-20,30.345977783203125,30.345977783203125,30.053721639987696,30.19985068299141,26550159
2005-12-21,30.686933517456055,30.68693351745605,30.2485504181707,30.394677470335367,33167572
2005-12-22,29.315759658813477,29.88030172032264,29.221749941058594,29.88030172032264,21024968367
2005-12-23,31.125322341918945,31.12532234191894,30.394681163933164,30.589519847551557,35697852
2005-12-26,30.02156639099121,30.115574185600284,29.457022268715384,30.115574185600284,12674941534
2005-12-27,31.076602935791016,31.320151214018765,30.784346944708698,31.076602935791012,21372497
2005-12-28,30.930484771728516,30.930484771728516,30.492099688133493,30.492099688133493,20573681
2005-12-29,30.686933517456055,30.930481842382758,30.492096800306047,30.930481842382758,55692287
2005-12-30,30.44339370727539,30.68694014198622,30.345974356274347,30.638230466485698,29157811
2006-01-02,29.712753295898438,30.10242876806883,29.225658469987494,30.10242876806883,30366490
2006-01-03,30.638227462768555,30.638227462768555,29.469203136532215,29.712749547366187,71325650
2006-01-04,30.88176918029785,30.88176918029785,30.199837822267764,30.73564019952376,55262558
2006-01-05,31.174028396606445,31.174028396606445,30.49209696862996,30.881772347872435,44492141
2006-01-06,31.904666900634766,31.904666900634766,31.51499155301614,31.563701214317373,68933386
2006-01-09,33.17111587524414,33.31724487504725,32.19692837159766,32.19692837159766,78626866
2006-01-10,32.48917770385742,33.12239935302492,32.245631364052464,33.12239935302492,46107547
2006-01-11,32.05080032348633,32.148219659581095,31.222739852263743,32.148219659581095,69942361
2006-01-12,31.904666900634766,32.39176157085585,31.709830198221063,32.39176157085585,48264558
2006-01-13,31.417570114135742,31.66111840423655,31.076604450785688,31.563699088196227,38442473
2006-01-16,31.125322341918945,31.320161025537335,30.930485601092148,31.076612671014345,37459637
2006-01-17,31.466276168823242,31.807243735918775,31.222729849403002,31.222729849403002,39285202
2006-01-18,30.0050048828125,30.540809304673683,29.90758554378473,30.199843560868032,82601078
2006-01-19,30.1998348236084,30.73563714766249,29.85886917844916,30.10241551276548,54131251
2006-01-20,30.44339370727539,30.68694014198622,30.248556948065083,30.68694014198622,36743422
2006-01-23,30.102426528930664,30.297263279127208,29.907587835942426,30.005007182436543,28493874
2006-01-24,30.15113067626953,30.492096383717218,30.053711347629807,30.10242101194967,40324499
2006-01-25,30.930484771728516,30.930484771728516,30.345970679337974,30.68693642373598,41525859
2006-02-03,30.88176918029785,31.41757155755385,30.345964860250685,31.174025199054867,82349095
2006-02-06,32.39176940917969,32.39176940917969,30.005007084605918,30.68693862225794,54588165
2006-02-07,31.661109924316406,31.8072388592386,31.174015417366313,31.174015417366313,41847894
2006-02-08,30.735645294189453,31.661125106914977,30.686935625857426,31.661125106914977,36292781
2006-02-09,30.686933517456055,31.271447554488784,30.492096800306047,31.174028224518104,38461293
2006-02-10,30.49210548400879,30.73565193550258,30.19984935365786,30.686942256645438,39062496
2006-02-13,30.394685745239258,30.540814779978675,30.19984897504526,30.24855865329173,27026939
2006-02-14,30.345977783203125,30.345977783203125,30.00501195898646,30.19985068299141,48076355
2006-02-15,29.858871459960938,30.443383484098966,29.761452141674226,30.443383484098966,38611855
2006-02-16,30.394685745239258,30.638232193679727,30.005010262059372,30.15113929679879,44765035
2006-02-17,30.053712844848633,30.638224960223575,30.00500317810215,30.44338823602907,33274220
2006-02-20,30.540809631347656,30.540809631347653,29.90758586368554,29.95629553372044,23522189
2006-02-21,30.248558044433594,30.784360608776105,30.199848367167576,30.638231576978047,32982506
2006-02-22,30.15113067626953,30.540806048037076,29.8588746331417,30.394677055077498,37527599
2006-02-23,29.615325927734375,30.102420621829005,29.4691988794599,30.05371095814041,43459118
2006-02-24,29.712753295898438,29.858882326509274,29.371787500598327,29.615333942157882,46726524
2006-02-27,29.664033889770508,29.712743550664914,29.371777867195277,29.712743550664914,45298276
2006-03-01,29.420486450195312,29.6153231438434,29.1769381546463,29.371776791085512,57964311
2006-03-02,30.540809631347656,30.589519301382552,29.95629553372044,29.95629553372044,80870659
2006-03-03,30.102426528930664,30.492101972115442,29.907587835942426,30.492101972115442,44579969
2006-03-06,29.664033889770508,30.053709234134555,29.5666145679817,30.053709234134555,28457279
2006-03-07,29.274362564086914,29.66403796194421,29.274362564086914,29.66403796194421,37496232
2006-03-08,28.738557815551758,29.22565056695403,28.68984815185327,29.17694090325554,62459217
2006-03-09,29.128236770629883,29.176944497537324,28.73856135582951,28.73856135582951,28139426
2006-03-10,29.9075870513916,30.29726248435422,29.128238128257998,29.128238128257998,65318851
2006-03-13,29.9075870513916,30.053716067299447,29.615330962367544,29.9075870513916,18581870
2006-03-14,29.22565460205078,29.712749363496048,29.12823720399499,29.712749363496048,34625097
2006-03-15,29.761451721191406,30.199836704496796,29.664032404281077,29.956288412220967,32314387
2006-03-16,29.46920394897461,30.19984514441131,29.46920394897461,29.956296784071313,37898776
2006-03-17,29.566608428955078,29.664027730516352,29.225642816281418,29.37177176862333,42512877
2006-03-20,29.32306671142578,29.566613060690738,29.27435705301457,29.566613060690738,35351768
2006-03-21,29.46920394897461,29.61533102238696,29.176945916566613,29.225655588634613,39790213
2006-03-22,29.030811309814453,29.274357664163833,28.982101650386348,29.225648004735728,46207921
2006-03-23,29.030811309814453,29.37177698302004,28.835972672102038,29.12823062867066,39473405
2006-03-24,29.128236770629883,29.323073506634294,28.982107761532912,29.030817431231903,22809110
2006-03-27,29.371784210205078,29.56662095306765,29.323074538791534,29.5179112816541,25907134
2006-03-28,29.9075870513916,29.956296723360882,29.37178454531277,29.615330962367544,41086719
2006-03-29,30.15113067626953,30.151130676269528,29.56661664722254,29.71274564018212,46391942
2006-03-30,30.638227462768555,30.686937133493668,30.248553982550835,30.443390722659696,91007461
2006-03-31,31.271455764770508,31.563711888622677,30.686941574274304,30.686941574274304,91399549
2006-04-03,31.563701629638672,31.661120953522992,31.0766069530083,31.271445600776943,37725212
2006-04-04,31.417570114135742,31.563699088196227,31.222733424846176,31.514989430176065,26653671
2006-04-06,32.09951400756836,32.09951400756836,31.61241920894458,31.661128883086132,65636704
2006-04-07,32.83015060424805,33.024989284867175,31.953382369836678,32.1482210504558,68181621
2006-04-10,32.635311126708984,32.83014589379015,32.34305314771337,32.53789180037711,47331909
2006-04-11,32.19692611694336,32.53789181648239,32.00208746418318,32.4404724901023,33915155
2006-04-12,32.53788757324219,32.78143197184941,31.709827292580673,31.709827292580673,55796844
2006-04-13,32.73273468017578,32.78144046404905,32.294347655068655,32.63531534126309,39164962
2006-04-14,33.12239074707031,33.12239074707031,32.44045961856493,32.63529819401819,38892068
2006-04-17,33.02498245239258,33.17111143262458,32.830143812083236,33.12240177254724,35193887
2006-04-18,33.07368469238281,33.171103990681445,32.586592086471114,33.024975043233496,29590677
2006-04-19,33.804344177246094,34.04789255723834,33.560795797253846,33.560795797253846,57104852
2006-04-20,34.04789352416992,34.09660320155169,33.70692578249757,33.70692578249757,38494751
2006-04-21,33.7556266784668,34.09659433143756,33.70691701375669,33.80433634317691,39472359
2006-04-24,33.219825744628906,33.755628194928164,33.171116077730524,33.31724507842566,41773659
2006-04-25,32.635311126708984,33.171113535951704,32.53789180037711,33.171113535951704,36433933
2006-04-26,33.6095085144043,33.706927875216174,32.44048395582965,32.53790331664153,37492050
2006-04-27,32.73273468017578,33.56079128976752,32.73273468017578,33.463375836437905,50857571
2006-04-28,33.17111587524414,33.56078932246959,32.635313428215575,33.073696542042065,46648106
2006-05-02,32.73273468017578,32.8301501335054,32.39176699398135,32.4404766634377,52414425
2006-05-03,32.635311126708984,33.171113535951704,32.635311126708984,32.83014589379015,41723472
2006-05-04,32.87885665893555,33.12240498292808,32.830146994137046,33.12240498292808,25590326
2006-05-05,33.3659553527832,33.85304814505208,33.12240701385729,33.171116681642474,55011621
2006-05-08,33.804344177246094,34.04789255723834,33.560795797253846,33.90176352924299,41549907
2006-05-09,33.12239074707031,33.65819294398575,32.97626181548037,33.65819294398575,42165748
2006-05-10,32.39176940917969,32.87886225447874,31.70983787152766,32.87886225447874,75295680
2006-05-11,32.44047164916992,32.44047164916992,31.758540267769103,31.758540267769103,42994885
2006-05-12,31.61241912841797,31.855965555713606,31.563709454400495,31.66112880243544,57094397
2006-05-15,30.78435707092285,31.125322829808077,30.73564739925473,30.97919575759534,61700133
2006-05-16,30.394685745239258,31.076617355106087,30.345976066992787,30.833070906665615,58757899
2006-05-17,31.02790069580078,31.174029697662206,30.589517575799427,30.686934967582253,33387142
2006-05-18,29.409772872924805,29.50426829968465,29.174506673078234,29.363011828769235,58946971613
2006-05-19,29.409772872924805,29.692287757546953,29.174506673078234,29.409772872924805,45212447317
2006-05-22,29.615325927734375,30.589515315923634,29.56661626404578,30.54080565223504,66874659
2006-05-23,29.761451721191406,30.0537077291313,29.128230046856455,29.274357079430853,60425583
2006-05-24,29.712753295898438,30.053719091198552,29.32307782372805,29.76146297276872,58294711
2006-05-25,29.128236770629883,29.664039251735673,29.128236770629883,29.46920251573126,53210104
2006-05-26,28.982105255126953,29.51790768989593,28.88468592415391,29.22565163976818,62662057
2006-05-29,28.327451705932617,28.797984139612463,28.13943223448961,28.233441970211114,35559318188
2006-05-30,29.32306671142578,29.810161352746796,29.128230020572033,29.225647394603357,34352203
2006-06-01,29.9075870513916,30.248554755176578,29.51791161842898,29.956296723360882,47066334
2006-06-02,30.44339370727539,30.44339370727539,30.053718246063,30.248556948065083,46201648
2006-06-05,29.420486450195312,30.63822015677588,29.225647813756105,30.540802781347402,55459125
2006-06-06,29.615325927734375,29.81016458248875,29.22565056101693,29.37177955208271,54823419
2006-06-07,29.274362564086914,29.615328294363117,29.274362564086914,29.469201234411294,33273175
2006-06-08,27.22856903076172,29.079528817414126,27.228569030761722,29.03081914483994,80875887
2006-06-09,28.4950008392334,28.689839434828247,27.715650342435445,28.25145453753056,71531628
2006-06-12,28.00791358947754,28.543717924156933,27.76436722432757,28.25146189741873,55858533
2006-06-13,27.37469482421875,27.861789549797606,27.32598515738172,27.76437021612355,54639398
2006-06-14,28.300172805786133,28.641138509134,27.374693080419554,27.374693080419554,58904278
2006-06-15,27.66695785522461,28.641147551902847,27.618248176111507,28.59243787278974,45438382
2006-06-16,28.933393478393555,29.030812802257984,28.689847111523708,28.98210314032577,57760425
2006-06-19,28.933393478393555,29.0795224641902,28.738556773455926,29.030812802257984,67351439
2006-06-20,28.648696899414062,29.172440507963216,28.386826109199234,28.858195559705425,91355412
2006-06-21,28.96293830871582,29.067688640121904,28.596319247211927,28.64869339885534,34227699
2006-06-22,30.219924926757812,30.272299086980905,29.43431252341141,29.643809164303786,42459279
2006-06-23,29.643808364868164,29.853305000110822,29.277189253193516,29.853305000110822,29058725
2006-06-26,29.853300094604492,30.115170845627105,29.329558592559263,29.329558592559263,24011566
2006-06-27,30.06280517578125,30.377050165653152,29.74856018590935,30.06280517578125,37100479
2006-06-28,29.38194465637207,29.69618968501733,29.22482214204944,29.329570484931196,57331751
2006-06-29,29.696178436279297,29.748552587881154,29.381933526668163,29.381933526668163,51614615
2006-06-30,30.58653450012207,30.63891067211448,30.272289636881318,30.58653450012207,71963641
2006-07-03,30.638916015625,30.79603644652865,30.481791528482727,30.638916015624996,30083993
2006-07-04,30.79604148864746,31.05791432468048,30.691295193601746,30.900791839932452,30927555
2006-07-05,30.219924926757812,30.796040689211836,30.167550766534717,30.743668557108332,23413662
2006-07-06,29.905675888061523,30.115172500391004,29.748553428814414,30.062798347308636,39664663
2006-07-07,29.80093002319336,29.958052495311964,29.43431092158328,29.905678337939097,39109394
2006-07-10,29.80093002319336,29.958052495311964,29.172440134718936,29.32956260683754,41145718
2006-07-11,29.539060592651367,29.80093139153983,29.43431227309598,29.539060592651367,26654930
2006-07-12,29.905675888061523,30.377043265802854,29.696179275732046,30.272294959638113,52523144
2006-07-13,29.486684799194336,29.74855558357412,29.486684799194336,29.643807269822208,19841467
2006-07-14,28.858192443847656,29.067689053399885,28.805816263340315,28.910566596235714,52402345
2006-07-17,28.177324295043945,28.75343992756535,27.967827701399795,28.648691630743276,56417131
2006-07-18,28.33445167541504,28.439199990481594,28.22970336034848,28.28207751788176,29474923
2006-07-19,28.177324295043945,28.648691630743276,28.17732429504394,28.386820888688092,32017790
2006-07-20,29.434314727783203,29.486688891928658,28.91057308632862,29.067695578764994,48255594
2006-07-21,28.75344467163086,29.329562427325758,28.648696357526234,29.329562427325758,43132301
2006-07-24,27.70595359802246,27.758327740079398,27.391708745680834,27.70595359802246,74943008
2006-07-25,28.177324295043945,28.543943333921202,28.02020184981083,28.43919503709913,43911911
2006-07-26,28.08932876586914,28.40200177931275,27.985103752015075,28.40200177931275,39066183301
2006-07-27,28.245418548583984,28.297792712322703,27.98511952267606,28.08934459526485,52802041866
2006-07-28,28.491575241088867,28.54394940063147,28.22970444337585,28.33445276246106,41668503
2006-07-31,28.701068878173828,29.06768998475641,28.386823953776776,28.962939648504708,39760084
2006-08-01,28.858192443847656,28.962938720504486,28.7010679585642,28.753442110952257,21196648
2006-08-02,28.75344467163086,28.91056917090726,28.543948043421608,28.75344467163086,22049346
2006-08-03,28.75344467163086,29.01531545689242,28.59632220047392,28.91056917090726,32050274
2006-08-04,28.75344467163086,29.01531545689242,28.59632220047392,28.858195013854946,35807220
2006-08-07,28.596323013305664,28.96294212309276,28.491574696223637,28.96294212309276,21937683
2006-08-08,29.067689895629883,29.067689895629883,28.596320482360255,28.70106879017143,21339779
2006-08-09,29.22480583190918,29.277179974120447,28.805810666100136,28.858186836430296,51550663
2006-08-10,29.748554229736328,29.85330253872121,29.224812684811905,29.224812684811905,60819692
2006-08-11,30.06280517578125,30.16755350573855,29.85330851586665,30.1151793407599,46873006
2006-08-14,30.16754722595215,30.324669688180915,30.010424763723382,30.062798917799636,25133270
2006-08-15,30.16754722595215,30.324669688180915,30.010424763723382,30.27229553410466,20543928
2006-08-16,30.90078353881836,31.005531833844373,30.63891280125332,30.796033215673248,58560042
2006-08-17,31.267398834228516,31.47689539924084,31.057902269216193,31.424521257987756,62238825
2006-08-18,31.215038299560547,31.58165744814081,31.110289971394756,31.529283284057914,57626135
2006-08-21,30.324665069580078,31.162653435289624,30.167542631281858,31.05790514309081,41619
2006-08-22,30.79604148864746,30.796041488647457,30.37704819598605,30.37704819598605,20302
2006-08-23,30.42941665649414,30.84841189877473,29.95804929056264,30.796035718885307,32399474
2006-08-24,29.80093002319336,30.16754912480344,29.69618170844762,29.958052495311964,36856851
2006-08-25,29.853300094604492,30.16754499583163,29.69617764399092,29.853300094604492,24699815
2006-08-28,29.434314727783203,29.853308040946867,29.277192235346828,29.853308040946867,26852877
2006-08-29,29.591432571411133,29.7485550391636,29.486684259576155,29.69618088324611,26054996
2006-08-30,30.010419845581055,30.272290573046654,29.853297409101692,30.062793991074173,26826484
2006-08-31,30.42941665649414,30.7436635952344,30.377042504723974,30.481790808264307,40281854
2006-09-01,30.79604148864746,30.848417678349776,30.53417068073408,30.53417068073408,29076998
2006-09-04,31.05791664123535,31.110290806724525,30.848419979278663,30.95316831025701,26855923
2006-09-05,30.6912899017334,31.11028312215096,30.638915749181205,31.11028312215096,15028800
2006-09-06,30.27229118347168,30.743660530533695,29.958046304176378,30.63891223743526,25035819
2006-09-07,29.905675888061523,30.010424194226264,29.748553428814414,29.748553428814414,23380164
2006-09-08,29.548486709594727,29.861161897546392,29.496112550850068,29.496112550850068,30968925561
2006-09-11,29.486684799194336,30.377045466085598,29.43431064231838,29.800929740450076,36606117
2006-09-12,29.696178436279297,29.905675042686717,29.43430767827002,29.591430133075587,28685163
2006-09-13,30.58653450012207,30.58653450012207,30.1675413491344,30.272289636881318,45216335
2006-09-14,30.58653450012207,30.900781391481775,30.1675413491344,30.900781391481775,40731551
2006-09-15,30.747329711914062,30.74732971191406,30.33043152725162,30.486505451529798,42647055608
2006-09-18,31.372159957885742,31.476908283267147,31.110289144432222,31.162663307122926,61945456
2006-09-19,31.686389923095703,31.895886474612784,31.58164164733716,31.686389923095703,51626796
2006-09-20,31.372159957885742,31.476908283267147,31.162663307122926,31.424534120576446,34033812
2006-09-21,31.686389923095703,31.79113819885424,31.42451923369935,31.686389923095703,34170852
2006-09-22,31.267398834228516,31.529269540493917,31.162650551722354,31.372147116734677,28759266
2006-09-25,31.267398834228516,31.424521257987756,31.00552812796311,31.267398834228516,16036811
2006-09-26,31.686389923095703,31.79113819885424,31.52926750945789,31.52926750945789,26138235
2006-09-27,31.895891189575195,31.94826533519659,31.63402046146819,31.89589118957519,35342297
2006-09-28,31.895891189575195,32.000639480817995,31.791142898332392,31.89589118957519,74300439
2006-09-29,31.267398834228516,31.791140246759323,31.00552812796311,31.73876610550624,46391840
2006-10-02,31.529279708862305,31.686402183294422,31.16266060185404,31.319783076286154,44685429
2006-10-03,31.424531936645508,31.581654413797978,31.215035300442217,31.42453193664551,31465567
2006-10-04,30.638916015625,31.424528310739802,30.638916015624996,31.424528310739802,46779615
2006-10-05,31.791147232055664,31.843521384816636,31.215031551685005,31.215031551685005,45036660
2006-10-09,31.791147232055664,31.791147232055668,31.791147232055668,31.791147232055668,0
2006-10-11,31.73877716064453,31.89589963913212,31.63402884165281,31.791151320140397,38087172
2006-10-12,31.948270797729492,32.000644952305855,31.738774179424045,31.948270797729492,31482824
2006-10-13,33.10050964355469,33.20525796984988,32.36726933136865,32.36726933136865,78219804
2006-10-16,34.043235778808594,34.14798407178222,33.15287326041374,33.51949228582142,80407380
2006-10-17,32.94337463378906,33.6242384959415,32.89100049054657,33.51949020945651,38272938
2006-10-18,32.47201156616211,32.6815081663679,32.210138787785674,32.52438571621355,36902531
2006-10-19,31.948270797729492,32.36726403434039,31.843522488576767,32.10539326145858,38504385
2006-10-20,32.36726379394531,32.41963997625204,32.05301886882107,32.05301886882107,19804923
2006-10-23,32.05300521850586,32.21012761415475,31.895882822856972,31.948256954739936,12936645
2006-10-24,32.995750427246094,33.10049871896985,32.31488450292262,32.31488450292262,52962690
2006-10-25,32.6291389465332,32.94338389432385,32.472016472637875,32.94338389432385,39131727
2006-10-26,32.04987335205078,32.88366962144532,32.04987335205078,32.570996527452145,33418405823
2006-10-27,32.73388671875,32.94338334713067,32.57676424746449,32.68151256165483,38132852
2006-10-30,31.791147232055664,32.31488875966536,31.791147232055668,32.21014045414342,60226864
2006-10-31,31.948270797729492,32.157767416034936,31.89589664315313,31.948270797729492,27665986
2006-11-01,31.529279708862305,32.21014376473481,31.476905550718268,32.15776960659077,54269145
2006-11-02,31.843523025512695,32.05301964735062,31.37215562637738,31.42452978183686,38329785
2006-11-03,32.000640869140625,32.210137460715075,31.529273538098124,31.529273538098124,59433042
2006-11-06,31.686389923095703,31.843512336733514,31.58164164733716,31.58164164733716,36353353
2006-11-07,31.73877716064453,32.10539627711557,31.686403001148673,31.948273798627984,40351897
2006-11-08,31.63402557373047,31.94827049824287,31.634025573730465,31.84352219007207,28891231
2006-11-09,31.686389923095703,32.105383026129864,31.686389923095703,31.948260612492053,42639970
2006-11-10,31.843523025512695,32.000645491891134,31.5816522482153,31.686400559134256,32187315
2006-11-13,31.424531936645508,31.738776890950447,31.372157777594687,31.686402731899626,27048795
2006-11-14,31.843523025512695,31.843523025512695,31.52927809275582,31.52927809275582,24290723
2006-11-15,32.36726379394531,32.576762438814164,32.105393023008446,32.26251548557057,52333317
2006-11-16,32.57675552368164,32.838626239030695,32.472007237542016,32.73387795289107,36581754
2006-11-17,32.681514739990234,32.891011382334575,32.472018097645886,32.73388890057632,30150991
2006-11-20,32.57675552368164,32.62912966675145,32.26250863714385,32.62912966675145,34728151
2006-11-21,32.995750427246094,32.995750427246094,31.424524023270656,31.424524023270656,44474285
2006-11-22,32.995750427246094,33.04812457310797,32.78625384379857,32.995750427246094,36937045
2006-11-23,33.257633209228516,33.36238153891341,33.04813654985874,33.15288487954363,44517935
2006-11-24,33.20525360107422,33.362376069844586,32.995756976047055,33.15287944481742,24710981
2006-11-27,33.833744049072266,33.88611820621592,33.467124949066665,33.57187326335398,43691630
2006-11-28,33.51949691772461,33.62424522517291,33.310000302828,33.51949691772461,34585020
2006-11-29,33.781375885009766,33.88612421788026,33.20526005422207,33.72900171857452,64572577
2006-11-30,34.30511474609375,34.30511474609375,33.72899696832423,33.990867763619676,73244718
2006-12-01,34.828853607177734,34.828853607177734,33.83374263492149,34.252737902677445,70899799
2006-12-04,34.72410202026367,34.933598620311216,34.46223127020425,34.671727870251786,51629842
2006-12-05,35.038352966308594,35.35259792060382,34.828856330111776,35.30022376155462,47807928
2006-12-06,35.562103271484375,35.614477443368145,35.24785824018172,35.3002324120655,48948919
2006-12-07,35.09072494506836,35.457344035633675,34.88122832188818,35.404969879838625,35983850
2006-12-08,34.619354248046875,35.09072160534031,34.04323858913267,35.09072160534031,38821101
2006-12-11,34.828853607177734,34.881227762132305,34.147989592768305,34.252737902677445,35027611
2006-12-12,33.624237060546875,34.82884433181937,33.467114637526834,34.82884433181937,42079625
2006-12-13,33.9908561706543,34.04323233996944,33.20524405270986,33.78135960586911,39262677
2006-12-14,33.571876525878906,34.2003685007993,33.571876525878906,34.1479943385659,23654245
2006-12-15,33.9908561706543,34.30510304595092,33.78135960586911,34.04323233996944,34750484
2006-12-18,34.8812255859375,35.09072219268557,34.200361614006304,34.200361614006304,33957678
2006-12-19,34.09561538696289,34.51460862597457,34.04324123208643,34.51460862597457,36219358
2006-12-20,33.93849182128906,34.35748709986553,33.8337435086748,34.35748709986553,33437938
2006-12-21,33.9908561706543,34.40985132834352,33.938482029458,33.938482029458,34600247
2006-12-22,34.357486724853516,34.357486724853516,34.09561594617619,34.30511256911805,9512657
2006-12-25,34.09561538696289,34.305112006468725,33.99086504909059,34.252737851592265,4135584
2006-12-26,34.56697463989258,34.61934878243427,34.04323321447569,34.04323321447569,19243564
2006-12-27,34.77647018432617,34.88121846631999,34.56697362033852,34.56697362033852,23128415
2006-12-28,34.619354248046875,34.98597330371955,34.619354248046875,34.8288508512884,20507384
2006-12-29,35.35258865356445,35.35258865356445,34.30510574715899,34.671724764400906,30997598
2007-01-02,35.45734405517578,35.61446652264751,35.24784743188014,35.509718210999694,26292533
2007-01-03,35.614463806152344,35.98108286895582,35.35259304700699,35.5097155024942,42463339
2007-01-04,35.45734405517578,35.666840678471424,35.40496989935187,35.45734405517578,22444226
2007-01-05,35.038352966308594,35.45734623870223,34.828856330111776,35.35259792060382,30905222
2007-01-08,34.46223831176758,34.828857436760934,34.409864151054244,34.61936079390759,24350615
2007-01-09,34.56697463989258,34.82884535260102,34.51460049735089,34.51460049735089,26319941
2007-01-10,33.624237060546875,34.25272878074588,33.519488778533514,34.25272878074588,74638473
2007-01-11,34.46223831176758,34.93360575818761,33.886120515801274,33.886120515801274,69732415
2007-01-12,36.19057846069336,36.40007506213075,35.09072130314706,35.3525920549438,134447109
2007-01-15,36.24294662475586,36.5571914750077,36.03345005792131,36.34769490817314,70399346
2007-01-16,36.81907272338867,36.92382102525144,36.19057885597356,36.24295300690495,76456547
2007-01-17,37.133323669433594,37.185697828884656,36.24295890252642,36.60958207492297,49354965
2007-01-18,37.10503387451172,37.36533486766657,36.948434674805775,37.00080882629651,55236218231
2007-01-19,36.55720520019531,37.133325031528884,36.40008271607868,36.40008271607868,47456698
2007-01-22,36.138221740722656,36.76671184817168,36.0858475651019,36.66196349693018,55429423
2007-01-23,36.03345489501953,36.138203192498125,35.71921000258374,36.03345489501953,39219027
2007-01-24,36.923831939697266,37.290451104587234,36.661957051393344,37.18570277176153,80198266
2007-01-25,37.18568801879883,37.290436310066944,36.9761914362626,37.133313873164774,39276889
2007-01-26,35.614463806152344,35.82396041346862,35.090722287861645,35.090722287861645,123692965
2007-01-29,35.928714752197266,36.03346307345034,35.614469788438036,35.771592270317655,46715662
2007-01-30,35.437442779541016,35.593514675130244,35.38506862573879,35.437442779541016,40901509938
2007-01-31,35.30021286010742,35.719206003107175,34.51460071698289,35.61445771735724,84426227
2007-02-01,35.09072494506836,35.50971819142872,34.93360247768322,35.50971819142872,34083552
2007-02-02,35.50971221923828,35.61446051321131,35.300215631292225,35.50971221923828,52608414
2007-02-05,35.50971221923828,35.719208807184344,35.24784148430571,35.50971221923828,26738169
2007-02-06,36.085838317871094,36.085838317871094,35.50972253367624,35.6144708580753,36294476
2007-02-07,36.03345489501953,36.34769978745532,35.87633244880164,36.24295148997672,31078807
2007-02-08,35.82395553588867,36.295322838171685,35.61445895709622,36.295322838171685,42722194
2007-02-09,35.614463806152344,36.033457020784894,35.35259304700699,35.82396041346862,60761830
2007-02-12,35.09072494506836,35.56209234722376,34.82885416609313,35.09072494506836,52307939
2007-02-13,34.46223831176758,35.143102401040956,34.46223831176758,34.828857436760934,59982220
2007-02-14,35.24784851074219,35.24784851074219,34.776481093899434,35.09072603846127,36108710
2007-02-26,36.085838317871094,36.24296080446969,35.98108999347203,36.19058664227016,92771500
2007-02-27,36.29532241821289,36.714315570949786,36.08582584184444,36.13819998593655,77431059
2007-03-01,34.933597564697266,35.61446149427761,34.933597564697266,34.933597564697266,93824176
2007-03-02,34.812095642089844,34.91632070442393,34.551271358836026,34.70787057975575,32609394488
2007-03-05,32.98789978027344,34.08252247674402,32.98789978027344,33.87407236299447,76199105583
2007-03-06,34.09561538696289,34.357486161345186,33.152878571067234,33.152878571067234,68872611
2007-03-07,34.30511474609375,34.61935970044828,34.14799226891648,34.61935970044828,52956599
2007-03-08,34.51460647583008,34.566980627443805,34.04323911130655,34.566980627443805,42735391
2007-03-09,34.828853607177734,34.933601917086875,34.514608677450305,34.881227762132305,38752073
2007-03-12,35.19547653198242,35.19547653198242,34.77648324663016,34.88123156796822,36451819
2007-03-13,36.19057846069336,36.19057846069336,35.509714506021844,35.61446280674054,88232914
2007-03-14,35.562103271484375,35.7192257871357,35.3002324120655,35.35260658394927,49611790
2007-03-15,36.138221740722656,36.29534426758491,35.87635086261889,35.92872503823965,39083001
2007-03-16,36.138221740722656,36.24297009196416,35.87635086261889,36.138221740722656,32378157
2007-03-19,36.138221740722656,36.190595916343405,35.92872503823965,36.138221740722656,24381068
2007-03-20,36.24294662475586,36.40006904988178,36.13819834133858,36.13819834133858,27396980
2007-03-21,36.50482940673828,36.66195188383016,36.3477069296464,36.50482940673828,36829443
2007-03-22,36.76668930053711,37.08093821778489,36.71431515703546,36.97618993078159,64008173
2007-03-23,36.66194534301758,36.76669364239081,36.504822893957716,36.7143194927042,52240942
2007-03-26,36.66194534301758,36.76669364239081,36.60957524956932,36.66194534301758,17781796
2007-03-27,36.24294662475586,37.02856280662319,36.24294662475586,36.66193975842498,47981513
2007-03-28,35.77159118652344,36.13821029980152,35.614468709404264,35.82396534556317,37260867
2007-03-29,35.981082916259766,36.19057952385147,35.35259309348467,35.35259309348467,58493045
2007-03-30,35.562103271484375,35.87634830278702,35.45735492771682,35.614477443368145,40987360
2007-04-02,35.719215393066406,35.92871201963929,35.352596296563846,35.50971876649351,25540332
2007-04-03,35.614463806152344,35.77158626163955,35.45734135066513,35.66683795798141,27851752
2007-04-04,36.29532241821289,36.45244485048923,35.61445854501543,35.61445854501543,57533759
2007-04-09,36.138221740722656,36.55721514568867,35.981099213860396,36.40009261882641,43425670
2007-04-10,35.87633514404297,36.24295421276063,35.719212686021116,36.24295421276063,38949006
2007-04-11,36.29532241821289,36.347696562305,35.92870340956811,35.92870340956811,30941767
2007-04-12,35.87633514404297,36.295328365434585,35.771586838695065,35.87633514404297,29913454
2007-04-13,35.77159118652344,36.347706935960424,35.666842868443986,36.295332776920695,15635840
2007-04-16,35.35258865356445,36.19057497868882,35.35258865356445,35.98107839740773,26257004
2007-04-17,35.614463806152344,36.138205324443035,35.5097155024942,35.98108286895582,29041468
2007-04-18,35.928714752197266,35.98108891282381,35.40497314593189,35.40497314593189,47689159
2007-04-19,35.30021286010742,35.876328431732084,35.19546457435749,35.876328431732084,71378934
2007-04-20,35.35258865356445,35.56208523484555,35.2478403629239,35.30021450824418,36506635
2007-04-23,35.928714752197266,36.242959715956495,35.5620956278115,35.614469788438036,50902003
2007-04-24,36.55720520019531,36.661953522939726,35.92871526372879,36.03346358647321,62405304
2007-04-25,36.29532241821289,36.50481899458134,35.98107755366022,36.347696562305,26780804
2007-04-26,36.60957717895508,36.923822093636026,36.50482481782285,36.8714479411892,54886335
2007-04-27,36.138221740722656,36.66196349693018,35.981099213860396,36.60959337754979,37065965
2007-04-30,35.981082916259766,35.981082916259766,35.56208970107637,35.981082916259766,41678654
2007-05-02,35.614463806152344,35.98108286895582,35.614463806152344,35.98108286895582,49526520
2007-05-03,35.82395553588867,35.92870382528489,35.61445895709622,35.61445895709622,63168671
2007-05-04,36.19057846069336,36.24295261105271,35.82395940817793,35.876333558537276,43466274
2007-05-07,35.87633514404297,36.45245082345644,35.82396099136902,36.40007667078249,40177297
2007-05-08,35.614463806152344,35.87633456529769,35.5097155024942,35.87633456529769,29353109
2007-05-09,35.614463806152344,35.87633456529769,35.45734135066513,35.56208965432327,33224764
2007-05-10,35.87633514404297,35.98108344939087,35.771586838695065,35.87633514404297,38463780
2007-05-11,35.35258865356445,35.61445938016582,35.35258865356445,35.35258865356445,48734729
2007-05-14,35.19547653198242,35.45734733532759,34.985979889306286,35.35259901398952,59656368
2007-05-15,34.828853607177734,35.195472691859734,34.724105297268586,35.038350226996016,52371892
2007-05-16,34.8812255859375,35.09072219268557,34.77647728256347,35.09072219268557,41476646
2007-05-17,35.45734405517578,35.666840678471424,35.143099120232314,35.19547327605623,50899973
2007-05-18,35.87633514404297,36.08583175473878,35.719212686021116,36.03345760206483,83547136
2007-05-21,36.24294662475586,36.34769490817314,35.87632763279539,36.03345005792131,69019803
2007-05-22,35.82395553588867,36.19057454877546,35.82395553588867,36.138200404077345,27513718
2007-05-23,36.085838317871094,36.24296080446969,36.03346415567156,36.085838317871094,61157725
2007-05-24,35.87633514404297,36.08583175473878,35.719212686021116,35.87633514404297,44111889
2007-05-25,35.30021286010742,35.5097094316073,35.03834214573258,35.404961145857364,68090971
2007-05-28,35.40496826171875,35.562090721922885,35.35259410831737,35.562090721922885,30897102
2007-05-29,35.928714752197266,35.928714752197266,35.50972146718496,35.5620956278115,50855308
2007-05-30,35.614463806152344,35.87633456529769,35.35259304700699,35.56208965432327,48759092
2007-05-31,35.719215393066406,35.98108617628251,35.719215393066406,35.87633786299607,48873800
2007-06-01,36.03345489501953,36.138203192498125,35.92870659754094,36.03345489501953,65352187
2007-06-04,36.19057846069336,36.40007506213075,36.13820431033402,36.13820431033402,65067954
2007-06-05,36.138221740722656,36.29534426758491,35.981099213860396,36.190595916343405,46546138
2007-06-06,36.085838317871094,36.34770912886876,35.9287158312725,36.13821248007063,90103773
2007-06-07,36.138221740722656,36.138221740722656,35.87635086261889,35.981099213860396,90202240
2007-06-08,35.988426208496094,36.31859366119926,35.933396179421365,36.31859366119926,143994171
2007-06-11,36.09847640991211,36.31858801080289,36.04344638939887,36.31858801080289,52761870
2007-06-12,35.65825271606445,36.098480204705275,35.65825271606445,36.043450178407106,58542485
2007-06-13,35.273048400878906,35.65824364494073,35.16299049657102,35.65824364494073,53593156
2007-06-14,35.76830291748047,35.82333293514665,35.54819132797741,35.6032213456436,63326163
2007-06-15,36.15350341796875,36.20853344035133,35.933391809600835,36.15350341796875,76806520
2007-06-20,37.584251403808594,37.694307249135214,36.59374455528624,36.59374455528624,156874548
2007-06-21,38.07948303222656,38.18953881455971,37.25406254443774,37.7493156852271,144017402
2007-06-22,37.969425201416016,38.35462253909056,37.58422786374147,38.35462253909056,61035331
2007-06-25,38.739830017089844,38.739830017089844,37.914405117194214,37.96943514008642,98997697
2007-06-26,38.02446746826172,38.51972503780582,37.96944167647814,38.464695005440255,43949034
2007-06-27,38.24458312988281,38.40966474483457,37.749329803863624,37.969441450853935,45260101
2007-06-28,38.739830017089844,38.849885822293004,38.29960255569592,38.62977421188668,76420675
2007-06-29,39.014976501464844,39.070002290617644,38.464693166446175,39.070002290617644,65587704
2007-07-02,39.06999588012695,39.06999588012695,38.46468685527282,39.01497010000262,34884691
2007-07-03,39.180049896240234,39.5652473018885,39.12502411862241,39.12502411862241,45479286
2007-07-04,39.565250396728516,39.62028041923173,39.290108765374875,39.510224614806525,45053037
2007-07-05,39.29011154174805,39.4001715945317,38.95994410514165,39.29011154174805,49550867
2007-07-06,38.79484939575195,39.06999098363441,38.574737821678205,39.01496521040625,41337000
2007-07-09,39.620269775390625,39.620269775390625,38.684789328217896,38.79484510307703,54256770
2007-07-10,39.620269775390625,39.95043709996802,39.290098210233154,39.620269775390625,83992138
2007-07-11,39.840396881103516,39.950452698934804,39.29011355136535,39.51022942760966,62059539
2007-07-12,39.45519256591797,40.11553159913602,39.18005094869537,39.89542000159034,66911902
2007-07-13,40.170562744140625,40.22559277116836,39.62028367677117,40.005481144220575,87624340
2007-07-16,39.895416259765625,40.170553610601864,39.40016309144756,40.170553610601864,47211551
2007-07-17,40.00547409057617,40.06049986732035,39.235079291511056,40.06049986732035,30858563
2007-07-18,39.06999588012695,39.7303349256865,39.06999588012695,39.51022332402701,42577363103
2007-07-19,38.51971435546875,38.68479592562083,38.18954273400298,38.46468433836419,66622013
2007-07-20,38.189552307128906,38.519724011360125,37.85938484347955,38.519724011360125,70424916
2007-07-23,37.80434799194336,37.914403793303606,37.58423638922285,37.80434799194336,55621371
2007-07-24,39.235069274902344,39.235069274902344,37.96942160535196,37.96942160535196,79181188726
2007-07-25,38.29961395263672,38.519729869124916,38.13453231599872,38.46469982985724,43271279
2007-07-26,37.529197692871094,38.519708157305686,37.47417192520147,38.519708157305686,74248020
2007-07-27,35.21802520751953,35.98842003900665,35.21802520751953,35.7683042010239,259580202
2007-07-30,35.76830291748047,35.933388729898184,34.72276862676011,34.832826541802056,124382706
2007-07-31,35.76830291748047,35.87835871223199,35.54819132797741,35.76830291748047,108052949
2007-08-01,33.732261657714844,35.49316282484809,33.732261657714844,35.21802334266501,184354436
2007-08-02,35.10797119140625,35.10797119140625,33.95238093600158,34.1174646524049,96617978
2007-08-03,35.163002014160156,35.49317159464992,34.61272079353782,35.43814368461678,43447030
2007-08-06,34.447635650634766,34.88786103313582,34.33757983508221,34.39260774285849,51372018
2007-08-07,33.732261657714844,34.61271224128147,33.67723376127823,34.55768434484485,68951228
2007-08-08,34.55768585205078,34.55768585205078,33.45712363473755,33.787291027757234,79317547
2007-08-09,35.10797119140625,35.383112839035846,34.77780163830889,35.273057028100304,50910417
2007-08-10,33.84232711791992,34.28255253545716,33.622215469296805,33.622215469296805,79525621
2007-08-13,34.11745834350586,34.44762783554926,33.89734464204681,34.392599940257085,60228287
2007-08-14,34.06243896484375,34.502664357541036,33.84232520834967,34.22752269199616,42393530
2007-08-15,33.567176818847656,33.84231629160818,33.40209101490103,33.84231629160818,70863285
2007-08-16,32.52165222167969,33.07193560676998,32.24651264942562,33.01690557202809,116610239
2007-08-17,32.466617584228516,33.181984564537174,32.246505972004705,32.52164548728447,77250950
2007-08-20,34.227516174316406,34.282544072888676,33.457123474014196,34.117460377171874,62321146
2007-08-21,34.06243896484375,34.11746687389455,33.29204399755077,33.84232520834967,50454877
2007-08-22,33.51215362548828,33.842321039117856,33.40209570065448,33.842321039117856,36245251
2007-08-23,34.55768585205078,34.66774164972401,34.282544237577234,34.39260215554094,81387175
2007-08-24,33.89735412597656,34.66774911619174,33.84232621528847,34.66774911619174,55273907
2007-08-27,33.89735412597656,34.44763747343937,33.78729830460038,34.337581652063186,39349188
2007-08-28,33.787288665771484,33.84231656076123,33.34706338556315,33.457121295832984,37855298
2007-08-29,33.12696075439453,33.18198866424931,32.796791174974956,32.796791174974956,51182125
2007-08-30,33.29204177856445,33.56718342577056,33.23701387318138,33.45712761500441,32552446
2007-08-31,34.50265884399414,34.50265884399414,33.34706657771906,33.34706657771906,57537468
2007-09-03,34.447635650634766,34.502663558411044,34.00741026813371,34.502663558411044,29107106
2007-09-04,33.89735412597656,34.392609562751275,33.78729830460038,34.007412067643685,18916538
2007-09-05,34.00741195678711,34.502665271656475,33.9523840462784,34.447637361147756,30499989
2007-09-06,34.227516174316406,34.447629888895946,33.622207169731,34.00740458002734,39366359
2007-09-07,34.11745834350586,34.55768362613362,33.84231674675463,34.55768362613362,26939502
2007-09-10,33.67723846435547,33.732266368476814,33.181985206972676,33.732266368476814,33192828655
2007-09-11,33.732261657714844,33.84231745058808,33.457122175531765,33.84231745058808,19271072
2007-09-12,33.84232711791992,34.00741297467826,33.567187557141025,33.567187557141025,31121180
2007-09-13,33.34706115722656,33.842314299330546,33.237005374601274,33.842314299330546,31171684
2007-09-14,34.00741195678711,34.00741195678711,33.51215864191775,33.78729819446132,46905501
2007-09-17,33.45712661743164,34.11746358263035,33.29204078591396,34.11746358263035,29274777
2007-09-18,33.45712661743164,33.45712661743164,33.45712661743164,33.45712661743164,0
2007-09-19,33.787288665771484,34.337571856249646,33.457121295832984,34.282541840969564,87697065
2007-09-20,33.567176818847656,34.17248577921112,33.51214892429555,33.952374201002705,67565415811
2007-09-21,33.84232711791992,34.00741297467826,33.567187557141025,33.84232711791992,30268684
2007-09-26,33.84232711791992,34.00741297467826,33.567187557141025,33.567187557141025,87819283
2007-09-27,34.9979133605957,34.9979133605957,33.95237897646871,34.22751848792812,75288389
2007-09-28,34.9979133605957,35.16299706747135,34.72277172884568,34.9979133605957,66759382
2007-10-01,35.163002014160156,35.3280878645505,34.942890374027584,34.942890374027584,59374780
2007-10-02,35.71328353881836,35.93339516775681,35.49316978958911,35.71328353881836,110099346
2007-10-03,35.76830291748047,35.933388729898184,35.6032213456436,35.933388729898184,78886249
2007-10-04,35.32808303833008,35.76830625845569,35.16299721049235,35.32808303833008,40264309
2007-10-05,35.54820251464844,35.768314173418474,35.218035026493375,35.32809085587839,27759677
2007-10-08,35.76830291748047,36.0984745423159,35.49316343060165,36.04344452464971,64394814
2007-10-09,35.65825271606445,35.93339436639228,35.21802946800515,35.93339436639228,42308685
2007-10-11,34.83283615112305,35.768312784871036,34.66775029316316,35.768312784871036,81860897
2007-10-12,33.732261657714844,34.44762855197162,33.67723376127823,34.44762855197162,79288255
2007-10-15,34.612709045410156,34.612709045410156,33.6772306517818,33.73225854313756,90365662
2007-10-16,34.33757781982422,34.557689438011074,34.00740827225324,34.00740827225324,80164994188
2007-10-17,34.11745834350586,34.50265573084144,33.89734464204681,34.50265573084144,47351950
2007-10-18,34.612709045410156,34.612709045410156,34.00740012020657,34.282539576985386,32670623
2007-10-19,34.11745834350586,34.612711521425794,34.06243044821368,34.612711521425794,26892029
2007-10-22,33.34706115722656,33.34706115722656,32.79678012380993,33.01689168906051,80311453
2007-10-23,33.84232711791992,33.95238506252248,33.347073788226915,33.347073788226915,35098825
2007-10-24,33.45712661743164,34.172491486372685,33.3470686896563,33.897349847370336,33074650
2007-10-25,33.6222038269043,33.732259613106734,33.237006454905504,33.29203434800672,46308551
2007-10-26,33.89735412597656,34.007412067643685,33.567186661848005,33.567186661848005,72908671
2007-10-29,35.163002014160156,35.21803204448421,34.11746748294862,34.11746748294862,83796185
2007-10-30,34.667747497558594,35.43814245180412,34.50266377320205,35.43814245180412,38215892
2007-10-31,35.10797119140625,35.32808493356807,34.667745827373345,35.21802912263253,48506457
2007-11-01,35.32808303833008,35.43813884336148,34.887857697913844,35.43813884336148,54973917971
2007-11-02,33.89735412597656,34.99791870061124,33.84232621528847,34.66774911619174,60329294
2007-11-05,34.39260482788086,34.39260482788086,33.29204040476218,34.117463192028524,64364512822
2007-11-06,34.447635650634766,34.667747281739885,34.117466083686274,34.39260774285849,32956472
2007-11-07,34.667747497558594,35.1079728828002,34.61271958943974,35.1079728828002,71047117
2007-11-08,34.06243896484375,34.28255060104696,33.787297299298864,33.84232520834967,58650562
2007-11-09,34.28253936767578,34.83282251845409,33.84231411922725,33.89734201024704,69057285
2007-11-12,33.89735412597656,34.17249579970797,33.78729830460038,33.89735412597656,77819618
2007-11-13,33.9523811340332,33.9523811340332,33.56718367322135,33.842323202165,53703253
2007-11-14,33.84232711791992,34.777805865150164,33.78729920576414,34.55769421652705,76601477
2007-11-15,33.51215362548828,33.89734894138945,33.51215362548828,33.56718152775988,49587229
2007-11-16,33.29204177856445,33.4020975893306,33.016900131358355,33.4020975893306,49988226
2007-11-19,33.29204177856445,34.117464599892024,33.23701387318138,33.29204177856445,71248120
2007-11-20,33.29204177856445,33.45712761500441,32.90684432059221,33.016900131358355,64323100
2007-11-21,32.24650955200195,33.347071975886365,32.24650955200195,33.29204406672123,83413370
2007-11-22,32.961875915527344,33.07193385890344,31.586171766090345,31.916341355636696,55509253
2007-11-23,32.79678726196289,33.126956801989664,32.631703552094834,33.016898875120305,54809277
2007-11-26,33.6222038269043,33.6222038269043,33.016892762210375,33.07192277560185,146777924701
2007-11-27,32.52165222167969,33.07193560676998,32.35656847832725,32.741765999774024,83528517
2007-11-28,32.191471099853516,32.63169634928791,32.191471099853516,32.191471099853516,54263840
2007-11-29,33.016902923583984,33.016902923583984,32.356565882851946,32.466621702925465,59114183
2007-11-30,33.34706115722656,33.34706115722656,32.631696449871995,32.631696449871995,47288316
2007-12-03,32.906837463378906,33.45712064312165,32.79678167554648,33.40209062891515,40504705
2007-12-04,33.181983947753906,33.457125578210004,32.41158907870931,32.90684231729781,41376393
2007-12-05,33.51215362548828,33.622209430031475,32.9618703621911,33.1269561892965,113492161
2007-12-06,34.06243896484375,34.06243896484375,33.56718566309566,33.84232520834967,93817062
2007-12-07,34.447635650634766,34.9428889409121,34.33757983508221,34.39260774285849,165686374
2007-12-10,33.6222038269043,34.66773803640797,33.6222038269043,34.66773803640797,75090416
2007-12-11,34.50265884399414,34.50265884399414,33.67723609955345,33.732263999810755,77784265
2007-12-12,33.732261657714844,34.28254274237139,33.51215007196838,34.11745905306154,118280890
2007-12-13,33.402095794677734,33.897349036806794,33.402095794677734,33.56718162224783,139614519
2007-12-14,32.906837463378906,33.29203484108271,32.466612191758884,33.29203484108271,153675665
2007-12-17,32.741756439208984,32.796784337591696,32.411586928622235,32.521642725387665,67113915
2007-12-18,32.35655975341797,32.79678507060931,32.24650395419277,32.46661555264318,82978031368
2007-12-19,32.57667922973633,33.01690250444188,32.35656547209267,33.01690250444188,87625350
2007-12-20,32.466617584228516,32.57667551063106,32.356561778116614,32.57667551063106,56875874
2007-12-21,32.466617584228516,32.796787122854866,32.466617584228516,32.57667551063106,77640836
2007-12-24,32.57667922973633,32.906846685765494,32.41159338143086,32.741762957750915,36075560
2007-12-25,32.79678726196289,32.85181516525225,32.521645625225474,32.74175935867354,25618334
2007-12-26,32.741756439208984,32.851812235974414,32.30153113185681,32.741756439208984,24080002286
2007-12-27,33.9523811340332,33.9523811340332,32.79678875159765,33.01690037475257,127516944
2007-12-28,33.29204177856445,34.39260624709812,33.29204177856445,33.842322952685926,74708611
2007-12-31,32.741756439208984,32.851812235974414,32.30153113185681,32.741756439208984,24080002
2008-01-02,33.29204177856445,34.117464599892024,33.126958062415234,34.117464599892024,39300705
2008-01-03,32.686737060546875,33.016904536900526,32.686737060546875,32.96187662417492,35123067
2008-01-04,33.016902923583984,33.23701668402194,32.19148215274166,32.631707553326656,48851900
2008-01-07,30.705724716186523,31.91634527984519,30.705724716186523,31.36606397646988,104088436
2008-01-08,30.815776824951172,31.145944272143243,30.54063516533362,30.705718888929653,47704464
2008-01-09,31.366050720214844,31.366050720214847,29.990346983045548,30.265486458305208,45426762
2008-01-10,30.65068817138672,31.586166759926087,30.430576560102462,31.366055148641827,61813083
2008-01-11,30.265485763549805,30.87079683580658,30.100402082183564,30.87079683580658,72260208
2008-01-14,30.21046257019043,31.25599907572192,30.100406765489417,31.09091324837978,77963047
2008-01-15,31.641199111938477,31.861312874464414,30.375552928505318,30.485608749622823,98374485
2008-01-16,30.485614776611328,30.9258402684046,30.210473049131274,30.595670619486807,79288255
2008-01-17,30.10040855407715,31.035887190203812,29.99035274283654,30.595661824950632,51692209
2008-01-18,30.04537582397461,30.21045951432751,29.33000892519792,29.715206322978414,66086677
2008-01-21,29.330015182495117,30.100410142413,29.330015182495114,30.045382233888986,43136940
2008-01-22,27.293970108032227,28.119390735883815,27.29397010803223,27.29397010803223,88136444
2008-01-23,28.06435775756836,28.284471440049018,27.734190414282615,28.06435775756836,78966044
2008-01-24,29.550125122070312,29.99035045372181,29.219955593259048,29.99035045372181,72080416
2008-01-25,30.540632247924805,30.815773881259318,30.265490614590288,30.265490614590288,50756887
2008-01-28,29.825273513793945,30.485612768124323,29.71521767816928,30.485612768124323,39967349
2008-01-29,31.366050720214844,31.366050720214847,30.595655948907133,30.76073963406293,58653592
2008-01-30,31.806285858154297,32.08142541868373,31.366060441016202,31.64120000154564,111730604
2008-01-31,32.961875915527344,32.961875915527344,31.531143854547782,31.64119967763291,172864922
2008-02-01,33.787288665771484,34.22751394597981,33.237007595583655,33.56717708581248,135886361
2008-02-12,33.016902923583984,33.18198877398518,32.8518191934737,32.8518191934737,104072274
2008-02-13,32.961875915527344,33.56718718307748,32.961875915527344,33.56718718307748,52671974
2008-02-14,34.11745834350586,34.11745834350586,33.126951987666,33.126951987666,73558144
2008-02-15,33.84232711791992,33.95238506252248,33.512159644985246,33.567187557141025,30468677
2008-02-18,33.016902923583984,34.00741166511842,32.8518191934737,33.84232581471722,52548746
2008-02-19,33.84232711791992,33.84232711791992,33.016904195001246,33.45713173282947,20237706
2008-02-20,33.6222038269043,33.78728750620795,32.85180908290672,33.78728750620795,41368312
2008-02-21,34.06243896484375,34.17249478294535,33.62221357214646,33.84232520834967,40795604
2008-02-22,33.51215362548828,33.56718152775988,33.0719282870249,33.51215362548828,37511876
2008-02-25,33.67723846435547,33.842322176719506,33.347068919336714,33.56718265611278,40391577
2008-02-26,34.33757781982422,34.39260572437093,33.84232243832239,34.00740827225324,59821230
2008-02-27,34.9979133605957,34.9979133605957,34.50266011967815,34.55768802197003,94417042
2008-02-29,33.89735412597656,34.94289078992315,33.89735412597656,34.44763747343937,64072603
2008-03-03,33.402095794677734,33.402095794677734,33.016898357401665,33.07192838011878,47462048
2008-03-04,34.612709045410156,34.66773693676592,33.0719217265782,33.0719217265782,74207617
2008-03-05,34.83283615112305,34.942891976235636,34.3926107303817,34.942891976235636,70510771
2008-03-06,35.71328353881836,35.71328353881836,34.94288859695219,34.94288859695219,64834194
2008-03-07,35.21802520751953,35.49316470427171,34.832827791775976,34.99791148982728,53416394
2008-03-10,33.67723846435547,34.61271707499971,33.56718265611278,34.61271707499971,60318183
2008-03-11,34.33757781982422,34.33757781982422,33.347069177111266,33.347069177111266,43667225
2008-03-12,35.10797119140625,35.32808493356807,34.72277373284112,35.21802912263253,47048930
2008-03-13,34.11745834350586,34.94288101346919,33.84231674675463,34.50265573084144,42630896
2008-03-14,33.6222038269043,34.44762646400309,33.34706224110794,34.392598570901875,45962098
2008-03-17,32.961875915527344,33.18198968198857,32.74176426935709,33.01690382706991,91075740
2008-03-18,32.961875915527344,33.34707341661626,32.74176426935709,32.961875915527344,47983242
2008-03-19,34.1724853515625,34.1724853515625,33.457120611047195,33.84231586809143,43634903
2008-03-20,34.447635650634766,34.61271937396361,33.56718488563266,33.95238236035743,54806246
2008-03-21,35.65825271606445,35.71328274236262,34.997915723684734,34.997915723684734,102541013
2008-03-24,37.08898162841797,38.13451805895755,37.03395160972392,38.13451805895755,131630948
2008-03-25,36.97893142700195,37.088987240462004,36.5387039325802,37.088987240462004,88833390
2008-03-26,36.868873596191406,36.868873596191406,36.04344867953339,36.20853451098126,54853719
2008-03-27,35.10797119140625,35.82333820306875,34.99791538047071,35.768308177310246,55009270
2008-03-28,34.28253936767578,34.83282251845409,34.117455694616396,34.227511476655984,110883158
2008-03-31,34.7227783203125,34.7227783203125,33.62221582497252,33.95238542169092,74797497
2008-04-01,34.00741195678711,34.942890676017115,34.00741195678711,34.39260945063904,49433699
2008-04-02,35.21802520751953,35.7683042010239,34.7227698727846,34.942883590476846,64325120
2008-04-03,35.43814468383789,35.71328636205247,35.16300300562332,35.21803303749901,28688938
2008-04-07,35.76830291748047,35.82333293514665,35.32807973847436,35.383107635850116,46050984238
2008-04-08,35.43814468383789,35.768312153346216,34.997919270869154,35.54820050700734,42646047
2008-04-09,34.7227783203125,35.493173339225095,34.557694582098804,34.6677504075746,43211685
2008-04-10,35.49317169189453,35.93339709365672,34.722776708737975,34.777804618921884,47965061
2008-04-11,35.273048400878906,35.548187860923065,34.94287892853569,35.38310418489657,37326023
2008-04-14,34.667747497558594,34.99791706656251,34.667747497558594,34.832833342205966,36523020
2008-04-15,34.667747497558594,35.1079728828002,34.5576916813209,34.667747497558594,38509822
2008-04-16,35.87836837768555,35.87836837768555,35.05294757439441,35.218033431285434,46918631
2008-04-17,36.92389678955078,37.14400838898707,36.6487551699649,36.92389678955078,102502630
2008-04-18,36.75880813598633,36.75880813598632,36.31858497105007,36.75880813598632,34048355
2008-04-21,37.08898162841797,37.144007406531095,36.75880999741551,36.75880999741551,39365349375
2008-04-22,37.03396224975586,37.03396224975586,36.64876472997121,37.03396224975586,38568406
2008-04-23,35.54820251464844,36.31859756092575,35.54820251464844,36.31859756092575,71430943
2008-04-24,35.163002014160156,35.49317159464992,34.942890374027584,35.43814368461678,64370573
2008-04-25,35.60322570800781,35.71328151624417,35.218028258889866,35.218028258889866,48321615
2008-04-28,36.59372329711914,36.59372329711914,34.942878095069666,35.2180196688413,76233812
2008-04-29,35.60322570800781,36.868873863598004,35.60322570800781,36.59373222271642,54811297
2008-04-30,36.70378112792969,36.97892271706432,35.87835636052579,35.87835636052579,79222601
2008-05-02,37.419151306152344,37.52920710968688,37.19903969908327,37.419151306152344,92729220214
2008-05-05,36.97893142700195,37.47418470786295,36.48367814614095,37.41915468084215,44992433
2008-05-06,37.419151306152344,37.419151306152344,36.75881224436394,37.088983895548736,33356459
2008-05-07,37.529197692871094,37.9694250371287,37.47417192520147,37.804339252959586,53091152
2008-05-08,37.14400863647461,37.41915025789373,36.31858801279829,37.41915025789373,47647900
2008-05-09,36.48367691040039,37.25407181910821,36.37362110066805,37.14401176879444,43383396
2008-05-12,37.19904708862305,37.30910291402002,36.37362627785472,36.75881954645312,28053606
2008-05-13,37.91440200805664,37.91440200805664,37.199037212608296,37.58423461952223,64676623
2008-05-14,37.74932098388672,38.079488377229914,37.47417936914358,37.96943257944885,67232093
2008-05-15,37.74932098388672,37.91440256026784,37.36412357136251,37.859376781667784,84659793
2008-05-16,38.07948303222656,38.13451304368332,37.7493156852271,37.7493156852271,97350277
2008-05-19,38.189552307128906,38.40966394956181,38.07949648591246,38.07949648591246,82585115
2008-05-20,37.529197692871094,38.244566597217194,37.088974589193604,38.07948081304807,76617638
2008-05-21,37.03396224975586,37.364133975618216,36.86888062740683,37.309103941113776,43023812
2008-05-22,36.813846588134766,36.813846588134766,36.263563265281114,36.428649110253545,44796480
2008-05-23,36.043453216552734,36.64876235394727,36.043453216552734,36.318594890072575,60767663
2008-05-26,36.043453216552734,36.208539068781015,35.49317198980398,35.65825572174133,49128659
2008-05-27,36.20853805541992,36.59373553945088,35.878366360203806,36.59373553945088,32916070
2008-05-28,36.868873596191406,37.14401099449608,36.6487577407338,36.758813548171936,109790265
2008-05-29,36.92389678955078,37.47418002872254,36.92389678955078,37.41915000857295,103415731
2008-05-30,36.09847640991211,37.41915025583787,36.09847640991211,37.364124475905705,180901017
2008-06-02,37.19904708862305,37.19904708862305,36.483682103251695,36.593737928648665,52833585
2008-06-03,36.37361526489258,37.19903582574554,36.37361526489258,37.08898003367053,62414073
2008-06-04,36.92389678955078,37.03395258926892,36.42864357052861,36.42864357052861,34817016
2008-06-05,37.30910110473633,37.30910110473633,36.59373615405619,37.08898946461657,81693225
2008-06-06,37.63925552368164,37.91439709879131,37.63925552368164,37.804341316863514,84141628
2008-06-09,35.93339920043945,36.868880089286094,35.82334337361904,36.868880089286094,107090355
2008-06-10,35.163002014160156,35.87836696488192,35.163002014160156,35.768311144815634,89169743
2008-06-11,36.2635612487793,36.2635612487793,35.32808474064499,35.493168456146805,46983276
2008-06-12,35.65825271606445,35.98842439269045,35.21802946800515,35.493168998042215,74684369
2008-06-13,35.65825271606445,35.98842439269045,35.65825271606445,35.87836434009411,52043712
2008-06-16,36.2635612487793,36.31859127423729,35.93339381777568,36.208535463902756,35600828
2008-06-17,35.87836837768555,35.988428442667555,35.658256728885505,35.768312553285526,44224782
2008-06-18,36.043453216552734,36.26356485913586,35.54819990044977,35.71328575267805,34896812
2008-06-19,35.38310623168945,35.76830149803352,34.94288094986304,35.38310623168945,65880623
2008-06-20,35.052940368652344,35.71327941989026,34.77779874392146,35.493165696047434,67444207746
2008-06-23,35.273048400878906,35.548187860923065,34.447625780165986,34.77779313221898,49626622
2008-06-24,35.32808303833008,35.823336281262016,35.32808303833008,35.76830625845569,60810086
2008-06-25,36.42864227294922,36.593728086936636,35.383107972287476,35.49316376808546,92978706
2008-06-26,35.76830291748047,36.703783533739724,35.54819132797741,36.703783533739724,53469927
2008-06-27,35.21802520751953,35.7683042010239,34.502658275382856,34.7227698727846,177331439
2008-06-30,35.76830291748047,35.82333293514665,34.94288233655358,35.162993926056636,88412192
2008-07-01,35.32808303833008,35.823336281262016,35.21802723329868,35.21802723329868,32120137
2008-07-02,34.00741195678711,35.32808816986905,34.00741195678711,35.21803234885162,80100349
2008-07-03,32.35655975341797,33.237010387800645,31.641192817873108,32.741757170996706,117381930
2008-07-04,32.466617584228516,32.961870832022726,32.13644804560216,32.63170341368701,56226401
2008-07-07,33.071922302246094,33.29203387150053,32.35655546158872,32.85180861270143,41049131
2008-07-08,32.41159439086914,32.96187562168012,32.08142480426617,32.96187562168012,65377610
2008-07-09,32.741756439208984,33.40209334009201,32.521642725387665,32.741756439208984,54682008
2008-07-10,32.741756439208984,33.181981746561156,32.30153113185681,32.411586928622235,42522819
2008-07-11,34.33757781982422,34.667745247104506,32.90684382044685,33.29204127256455,60408079
2008-07-14,33.34706115722656,34.06242798487131,33.07192170066334,33.62220273407997,40530966
2008-07-15,31.696231842041016,32.74176647227695,31.69623184204102,32.63171064178709,63559489
2008-07-16,31.403703689575195,31.87067362720452,31.0534762363532,31.87067362720452,86539545
2008-07-17,33.56343078613281,33.56343078613281,32.62949333309971,32.62949333309971,68844510
2008-07-18,33.85529327392578,34.67249065631951,33.27158085793025,34.4390056899213,68904810
2008-07-21,34.90596389770508,35.25619122966003,34.672479009735106,34.672479009735106,55555395
2008-07-22,33.79692077636719,34.614118128392285,33.38832210035464,34.614118128392285,64985310
2008-07-23,33.62180709838867,34.14714825389183,33.32995313870472,34.14714825389183,72415275
2008-07-24,34.380619049072266,34.380619049072266,33.9136493254339,33.9720205408887,40385925
2008-07-25,33.73854064941406,33.972025545630125,33.38831330508997,33.972025545630125,35268465
2008-07-28,33.73854064941406,33.73854064941406,33.73854064941406,33.73854064941406,0
2008-07-29,32.10415267944336,32.68786499390583,31.695554059319633,32.68786499390583,73118775
2008-07-30,33.271575927734375,33.271575927734375,32.68786583605114,33.15483346183422,50989680
2008-07-31,32.80461883544922,33.329960100685966,32.512762576984365,33.271586611174726,50981640
2008-08-01,32.6878662109375,33.03809137483704,32.10415387474231,32.10415387474231,37225200
2008-08-04,32.51274871826172,32.68786239869755,32.16252135739006,32.454377491449776,23351175
2008-08-05,32.33763885498047,32.80460872459742,32.104153920171996,32.80460872459742,60352260
2008-08-06,34.322261810302734,34.43900428875211,33.38832198270774,33.50506446115711,82447185
2008-08-07,34.73086166381836,34.905975387436676,34.20552049296341,34.49737669899394,45290224
2008-08-08,35.314571380615234,35.372942617366355,34.73085901310404,34.73085901310404,77002095
2008-08-11,35.372947692871094,36.07340263438965,35.31457644774454,35.89828889901001,48411855
2008-08-12,35.72317123413086,36.01502742765982,35.548057518013486,35.72317123413086,63225555
2008-08-13,35.72317123413086,36.30688362118877,35.66479999542507,36.073398666365605,56098095
2008-08-14,35.314571380615234,35.664798801121954,35.022715196859636,35.60642756437083,41157765
2008-08-15,35.372947692871094,35.83991765388347,35.02272022211181,35.54806142825073,50530395
2008-08-18,35.081092834472656,35.664805308487466,35.022721587071175,35.48969156628302,49773630
2008-08-19,35.02272415161133,35.2562091583142,34.38064038317844,34.555754138205586,50736420
2008-08-20,35.02272415161133,35.431322913341354,34.555754138205586,34.555754138205586,37273440
2008-08-21,34.6724853515625,34.78922781690046,34.49737165355557,34.614114118893525,46564665
2008-08-22,35.13945388793945,35.25619634887549,34.67248404419528,34.96434019653539,52435875
2008-08-25,35.314571380615234,35.60642756437083,34.67248777635292,35.022715196859636,52525320
2008-08-26,35.02272415161133,35.13946665496276,34.672496641557025,35.02272415161133,52961490
2008-08-27,35.25619125366211,35.66478980788773,34.73085025537203,34.96433514350095,65996340
2008-08-28,35.081092834472656,35.314577824078576,34.84760784486674,34.96435033966969,80459295
2008-08-29,34.380619049072266,35.022702419075024,34.380619049072266,34.964331203620226,78159855
2008-09-01,33.03809356689453,33.621805941818685,32.68786837975776,33.621805941818685,119573895
2008-09-02,31.695556640625,32.68786765602561,31.578814168224927,32.68786765602561,116539800
2008-09-03,32.10415267944336,32.396008836674596,31.637182827873385,31.812296522212126,78947775
2008-09-04,31.17021369934082,31.929039725744076,30.936728768139815,31.053471233740318,71765040
2008-09-05,30.93673324584961,31.22858945209344,30.23628058868228,30.469763315859478,81669315
2008-09-08,33.09646224975586,33.09646224975586,32.33763627223431,32.39600750127443,64699890
2008-09-09,31.695556640625,32.5127539474255,31.637185404424965,32.10415529402525,50564565
2008-09-10,31.345335006713867,31.812304982471225,31.053478771865514,31.286963759744193,66204375
2008-09-11,30.528133392333984,31.2869594996156,30.177908196021793,31.2869594996156,72654465000
2008-09-12,30.761621475219727,30.995106455039217,30.411396243308502,30.8199927201746,37015155
2008-09-15,30.17790412902832,30.995099127382684,29.7693055109424,30.81998543391729,41212035
2008-09-16,29.76930809020996,30.528131923155087,29.594194381572393,29.594194381572393,60774360
2008-09-17,30.878358840942383,31.812298605235355,30.819987605674072,31.5204424288938,85298370
2008-09-18,30.353025436401367,31.286963131339686,30.061169207415002,30.061169207415002,123948660
2008-09-19,32.45438003540039,32.45438003540039,31.52044033320204,31.87066772152642,130290210
2008-09-22,32.57112503051758,33.329951097551,32.454382558666275,33.329951097551,60327135
2008-09-23,32.10415267944336,32.62949376245958,31.929038985104622,31.929038985104622,56568435
2008-09-24,31.11183738708496,31.637178396517726,31.111837387084957,31.520435949977113,39469365
2008-09-25,30.93673324584961,31.695559382083573,30.819990763352077,30.819990763352077,39524640000
2008-09-26,31.17021369934082,31.170213699340817,30.353018677954854,30.995100000940067,71671575
2008-09-29,31.17021369934082,31.170213699340817,31.170213699340817,31.170213699340817,0
2008-09-30,30.644872665405273,30.644872665405273,29.068851614465196,29.185594080299094,78348795
2008-10-01,30.644872665405273,31.52044115915951,30.644872665405273,31.52044115915951,43628055
2008-10-02,30.00279998779297,30.99510899554204,28.514333119442075,28.60188999405095,43619010
2008-10-03,30.00279998779297,32.04579149084855,29.30234499092196,32.04579149084855,56136285
2008-10-06,28.601879119873047,32.04577930733068,28.601879119873043,32.04577930733068,59422635
2008-10-07,29.010475158691406,30.586495925894976,27.988978766548346,30.586495925894976,48947520
2008-10-08,26.996675491333008,29.0104808195551,26.996675491333008,29.0104808195551,86231010
2008-10-09,26.909120559692383,28.8645547935704,25.128797801879827,28.8645547935704,64536075
2008-10-13,27.23015594482422,27.492824215867255,25.975174624714143,25.975174624714143,93667005
2008-10-14,29.12721824645996,29.12721824645996,28.74780529243169,29.12721824645996,90937425
2008-10-15,28.134918212890625,31.111849523090473,28.134918212890625,31.111849523090473,68217390
2008-10-16,27.171789169311523,30.061165477798557,27.171789169311527,30.061165477798557,16615665
2008-10-17,26.237852096557617,29.068854983301584,26.237852096557617,29.068854983301584,52474065
2008-10-20,25.80006980895996,25.975183541647663,25.333099855126083,25.333099855126083,74536830
2008-10-21,25.7416934967041,27.58038509010527,24.953681854753224,27.58038509010527,72999180
2008-10-22,24.86612319946289,27.52201185826941,24.866123199462894,27.52201185826941,48494265
2008-10-23,24.01974105834961,24.01974105834961,24.01974105834961,24.01974105834961,27365145
2008-10-24,23.202545166015625,25.683320111628625,23.202545166015625,25.683320111628625,60111060
2008-10-27,22.35616111755371,24.807750312749132,21.59733743562893,24.807750312749132,64823505
2008-10-28,23.173362731933594,23.90300318012235,21.30548318457038,23.90300318012235,84327540
2008-10-29,24.515899658203125,24.77857022747344,24.340788183173977,24.77857022747344,102281865
2008-10-30,26.20866584777832,26.208665847778324,22.823136265302068,22.823136265302068,73326810
2008-10-31,28.01816749572754,28.01816749572754,24.399153541499324,24.399153541499324,108091770
2008-11-03,27.434452056884766,29.944412169027824,26.850739882475462,29.944412169027824,59412585
2008-11-04,28.01816749572754,29.30233453161469,27.259343757793435,29.30233453161469,58564365
2008-11-05,28.01816749572754,29.944418049558266,27.580383278947828,29.944418049558266,74490600
2008-11-06,26.062740325927734,29.944425817131602,26.062740325927734,29.944425817131602,39522630
2008-11-07,25.39145851135254,26.062727487202196,24.25322205098956,24.25322205098956,98908080
2008-11-10,25.216354370117188,26.850749014314747,24.45753052312889,26.850749014314747,63185355
2008-11-11,25.157978057861328,25.683319087522463,24.51589457716438,25.21634928337923,38927670
2008-11-12,25.33309555053711,26.909118876929227,24.895311293205967,26.909118876929227,58458840
2008-11-13,23.640335083007812,27.084236119628205,23.64033508300781,27.084236119628205,57074955
2008-11-14,24.340789794921875,24.515901281546192,22.00594013569263,22.00594013569263,45642075
2008-11-17,23.815439224243164,26.033543287449714,22.648014855283403,22.648014855283403,43537605
2008-11-18,22.4729061126709,25.479022282082905,22.356163650254217,25.479022282082905,69764085000
2008-11-19,22.181053161621094,22.998250516616594,22.181053161621094,22.47290935983377,50393715000
2008-11-20,21.480600357055664,21.830825554375597,20.634217388806174,20.634217388806174,43302435000
2008-11-21,22.4729061126709,22.939875962337616,19.992131024133947,19.992131024133947,56183520000
2008-11-24,21.772451400756836,22.472906177270406,20.926070783620432,20.926070783620432,50246985
2008-11-25,23.29010581970215,23.29010581970215,20.254803712766275,20.254803712766275,82679340
2008-11-26,22.76476287841797,23.52358890444991,21.684897309959283,21.684897309959283,57932220
2008-11-27,23.87381362915039,24.340783439061173,23.669514337314425,24.340783439061173,62983350000
2008-11-28,23.815439224243164,24.01973848881112,23.581954350451213,23.873810442691152,50929380
2008-12-01,23.815439224243164,25.47901671219383,23.231727039763282,25.47901671219383,62615520
2008-12-02,22.1518611907959,25.479018658696766,22.1518611907959,25.479018658696766,83978805
2008-12-03,21.68489646911621,23.698701683835562,21.30548123299472,23.698701683835562,73562985
2008-12-04,21.626522064208984,23.20254521968049,21.59733868803613,23.20254521968049,59691975000
2008-12-05,21.714080810546875,22.093493825694903,20.138059754672607,20.138059754672607,40846215
2008-12-08,23.231727600097656,23.231727600097656,20.196426405409753,20.196426405409753,101543190
2008-12-09,23.815439224243164,23.815439224243164,21.62651853244361,21.62651853244361,79399020000
2008-12-10,25.479026794433594,25.479026794433594,22.151868264133977,22.151868264133977,113429325000
2008-12-11,26.20866584777832,27.259348136835083,25.391468511845286,27.259348136835083,82269300000
2008-12-12,24.399152755737305,28.01816659341706,24.399152755737305,28.01816659341706,68770140000
2008-12-15,25.36227798461914,26.091918321931427,25.33309237112665,26.091918321931427,68397285
2008-12-16,25.975173950195312,27.11341279236547,24.749378274012066,27.11341279236547,58276935
2008-12-17,26.850749969482422,26.909121208851648,24.165675196315963,24.165675196315963,87302340
2008-12-18,26.267040252685547,26.850752705864384,24.9828728556921,24.9828728556921,49571625
2008-12-19,26.237852096557617,27.43446251003218,26.237852096557617,27.43446251003218,39498510000
2008-12-22,26.033546447753906,28.047351490855412,25.683319094550644,28.047351490855412,51111285
2008-12-23,25.595773696899414,25.946001206645327,24.224051521546187,24.224051521546187,38107590
2008-12-24,25.33309555053711,27.37608651359818,25.099610613293834,27.37608651359818,30835410000
2008-12-25,25.157978057861328,25.33309173441504,23.58195720669518,23.58195720669518,6107385000
2008-12-26,25.33309555053711,26.909118876929227,24.982868144672196,26.909118876929227,7415895000
2008-12-29,25.303905487060547,25.449833547195585,24.866121306655437,25.333091099087554,17648805000
2008-12-30,26.383773803710938,26.558887480330846,23.55277160283967,23.55277160283967,30441450000
2008-12-31,25.916805267333984,26.558888779686676,24.545083637852436,24.545083637852436,20743200000
2009-01-02,25.916805267333984,25.916805267333984,25.916805267333984,25.916805267333984,0
2009-01-05,26.996675491333008,27.492828740800565,25.91680766606536,25.91680766606536,41163795000
2009-01-06,26.617258071899414,26.99667102887234,26.26703072700133,26.99667102887234,34246380
2009-01-07,26.00436019897461,27.11341345699315,25.099606225327904,25.099606225327904,70769085
2009-01-08,24.25322914123535,25.391465934353143,24.194857908879698,24.194857908879698,88934460
2009-01-09,23.932191848754883,24.749387017078835,22.560467631302412,22.560467631302412,68485725
2009-01-12,24.311603546142578,25.595768587727097,23.640334286454994,25.595768587727097,49417860
2009-01-13,25.566579818725586,26.0043640646003,24.34078616809392,26.0043640646003,72003225
2009-01-14,25.099613189697266,27.34690594134197,25.099613189697266,27.34690594134197,45100380
2009-01-15,23.932191848754883,24.107305578642432,23.348479415796383,23.348479415796383,73444395
2009-01-16,24.340789794921875,24.515901281546192,22.26861072235592,22.26861072235592,32827320
2009-01-19,23.932191848754883,24.194862443586207,23.873820605459034,24.194862443586207,36530745000
2009-01-20,23.114992141723633,25.595767497040455,23.114992141723633,25.595767497040455,81333645
2009-01-21,23.465225219726562,24.720204890189056,22.589656446507433,24.720204890189056,65519970
2009-02-02,24.399152755737305,25.09960748002706,23.669514655752796,25.09960748002706,112945920
2009-02-03,25.012054443359375,26.091922307533913,24.691014883719742,26.091922307533913,88523415
2009-02-04,25.041242599487305,25.128799462214047,23.29010758277035,23.29010758277035,83271285
2009-02-05,24.749378204345703,25.274719206945466,23.290099879385725,23.290099879385725,69793230
2009-02-06,26.0919246673584,26.471337735032165,25.624954737913757,26.471337735032165,100351260
2009-02-09,26.55889129638672,27.20097486958275,24.282415411054732,24.282415411054732,104560200
2009-02-10,26.179475784301758,28.397580224604805,26.150290170115962,28.397580224604805,44570745
2009-02-11,26.87993621826172,27.988987554415257,25.683325783187325,27.988987554415257,80546730
2009-02-12,26.471343994140625,27.113427798946727,25.012062619581297,25.012062619581297,68792250
2009-02-13,26.821557998657227,26.99667167529931,24.632637040631167,24.632637040631167,49684185
2009-02-16,26.763195037841797,28.689443837931613,26.704823794268837,28.689443837931613,51524340
2009-02-17,25.566579818725586,28.63106730203106,25.128795572850866,28.63106730203106,69379170
2009-02-18,26.033546447753906,26.44214502649105,23.93218456635159,23.93218456635159,57631725
2009-02-19,26.500524520874023,27.84306088924201,25.683327108413014,27.84306088924201,57849810
2009-02-20,25.624950408935547,28.339210427478246,25.59576479327576,28.339210427478246,71748960
2009-02-23,26.267040252685547,27.405277298566258,25.391471572917286,27.405277298566258,48933450
2009-02-24,25.683320999145508,25.91680591859553,24.42834179491907,24.42834179491907,59968350
2009-02-25,26.0919246673584,27.46364883510202,25.858439702636076,27.46364883510202,53483085
2009-02-26,26.267040252685547,26.412968365980255,24.28242014969552,24.28242014969552,51748455
2009-02-27,26.237852096557617,26.529708294966046,24.428345904243155,24.428345904243155,59610570
2009-03-02,26.12110137939453,28.0473494435924,25.770874051755445,28.0473494435924,101285910
2009-03-03,26.033546447753906,26.1794745115886,24.31159753232179,24.31159753232179,58369395
2009-03-04,26.850749969482422,26.850749969482425,24.224046435685185,24.224046435685185,84194880
2009-03-05,27.20096778869629,28.71861723790779,26.850740476305095,28.71861723790779,78208095
2009-03-06,28.310022354125977,28.455950419756388,25.303906439956894,25.303906439956894,101923080
2009-03-09,28.164091110229492,30.236269408339744,27.434453102233064,30.236269408339744,69829410
2009-03-10,27.522018432617188,28.164102099465037,27.142607594570467,28.164102099465037,76816170
2009-03-11,28.42676544189453,29.41907631035686,28.018166848998277,29.41907631035686,84086340
2009-03-12,28.164091110229492,30.411383067334974,27.98897745123426,30.411383067334974,51724335
2009-03-13,28.89374542236328,29.185601662772825,26.208670248413632,26.208670248413632,114907680
2009-03-16,29.185598373413086,30.878362139187534,29.09804151115831,30.878362139187534,74268495
2009-03-17,29.185598373413086,31.22858958820664,28.98129902815194,31.22858958820664,58131210
2009-03-18,29.41908073425293,29.47745197058712,27.142604755037357,27.142604755037357,80529645
2009-03-19,28.718629837036133,30.9367348841332,28.660258592696263,30.9367348841332,50981640
2009-03-20,27.84305763244629,30.703246003686324,27.843057632446286,30.703246003686324,62498940
2009-03-23,29.36071014404297,29.419081381661698,27.84305796595604,27.84305796595604,59197515
2009-03-24,30.586509704589844,30.58650970458984,27.3177242528349,27.3177242528349,62127090
2009-03-25,30.46976089477539,30.936730787660753,28.45595546952495,28.45595546952495,74241360
2009-03-26,30.17790412902832,32.571122368571245,29.82767674209753,32.571122368571245,61318065
2009-03-27,30.294647216796875,30.70324360550113,30.11953351971611,30.177904752076365,53753430
2009-03-30,30.353025436401367,30.353025436401367,29.652570486834094,30.294654190604092,46200855
2009-03-31,30.00279998779297,30.819995246324286,28.251662495615445,28.251662495615445,69573135
2009-04-02,30.586509704589844,30.644880953293256,27.55120924764856,27.55120924764856,84861195
2009-04-03,30.703231811523438,31.40368633078215,28.45594246671841,28.45594246671841,69842475
2009-04-06,30.586509704589844,32.80461715531962,30.119541952780672,32.80461715531962,77220180
2009-04-07,30.411388397216797,32.68786412531156,29.76930486836977,32.68786412531156,75857400
2009-04-08,29.302339553833008,30.061165659642054,28.310028492390412,28.310028492390412,112552965
2009-04-09,30.586509704589844,30.58650970458984,29.18560197352603,29.18560197352603,85832025
2009-04-10,30.93673324584961,30.93673324584961,28.455957730594907,28.455957730594907,43027065
2009-04-13,30.761621475219727,31.228591434858707,28.77700138457207,28.77700138457207,57354345
2009-04-14,30.644872665405273,32.86297951624934,29.944420108219433,32.86297951624934,72156990
2009-04-15,30.353025436401367,30.644879427569688,28.514331193787278,28.514331193787278,89649015
2009-04-16,29.944421768188477,32.45438268493943,29.827679295882962,32.45438268493943,93780570
2009-04-17,29.41908073425293,30.58650322311897,27.872242971397004,27.872242971397004,153010245
2009-04-20,30.294647216796875,30.294647216796875,27.376085598784144,27.376085598784144,78258345
2009-04-21,30.119535446166992,30.11953544616699,28.193284655075242,28.193284655075242,64313970
2009-04-22,29.594194412231445,32.220897806698524,29.47745193968546,32.220897806698524,67226460
2009-04-23,29.944421768188477,30.00279300434124,27.551203323743046,27.551203323743046,62227590
2009-04-24,29.477441787719727,30.236267597930727,27.872233343042616,27.872233343042616,82606980
2009-04-27,29.477441787719727,29.76929786857011,29.185585706869343,29.185585706869343,63072795
2009-04-28,29.76930809020996,30.061164271272578,27.434460879526718,27.434460879526718,55329270
2009-04-29,30.119535446166992,30.236277918354368,27.697129148278883,27.697129148278883,58527180
2009-04-30,32.22089385986328,32.22089385986328,28.018167600830072,28.018167600830072,155433300
2009-05-04,34.43901062011719,34.43901062011719,30.002800099111035,30.002800099111035,177780480
2009-05-05,33.85529327392578,35.5480592803128,32.04578702215754,32.04578702215754,131490180
2009-05-06,33.56343078613281,33.855286939523616,33.03808971002937,33.855286939523616,176802615
2009-05-07,32.97972869873047,33.56343890896076,31.228591354585596,31.228591354585596,141852735
2009-05-08,32.86297607421875,33.27157242402394,32.33763503298983,32.97971852782518,96870945
2009-05-11,32.80461883544922,33.271586611174726,30.58651127111629,30.58651127111629,77070435
2009-05-12,32.33763885498047,32.687866257193186,30.528130610214784,30.528130610214784,83635095
2009-05-13,32.921356201171875,33.15483893368849,32.27927253275191,32.33764377533554,94040865
2009-05-14,31.812297821044922,32.33763892550978,30.644873144456362,30.644873144456362,82343670
2009-05-15,31.987411499023438,32.57112383688871,29.59419315159341,29.59419315159341,64244625
2009-05-18,32.6878662109375,32.6878662109375,31.637184005786153,31.987411407503267,62795415
2009-05-19,33.271575927734375,33.271575927734375,32.68786583605114,32.68786583605114,91570575
2009-05-20,32.80461883544922,33.271586611174726,32.512762576984365,33.271586611174726,64667730
2009-05-21,33.03809356689453,33.15483604187936,30.528132592538384,30.528132592538384,64073775
2009-05-22,32.80461883544922,33.09647509391408,32.62950508037031,33.03810160440284,57527205
2009-05-25,32.51274871826172,33.21320344000503,30.52812700665566,30.52812700665566,50797725
2009-05-26,33.03809356689453,34.73085945417458,32.454383429788095,34.73085945417458,62398440
2009-05-27,35.25619125366211,35.25619125366211,33.038084816437326,33.038084816437326,183899925
2009-06-01,34.43901062011719,35.372950619410354,34.14715437033807,35.25620811949871,102013530
2009-06-02,34.96434020996094,35.022711440451374,34.43899913554702,34.43899913554702,80862300
2009-06-03,34.90596389770508,37.357552983572646,34.32225167778015,37.357552983572646,73274550
2009-06-04,33.79692077636719,37.29919290437123,33.27157962149391,37.29919290437123,81700470
2009-06-05,33.50505065917969,36.13175310443633,33.27156579846204,36.13175310443633,42436125
2009-06-08,33.03809356689453,33.913662129280766,31.345329917432203,31.345329917432203,55954380
2009-06-09,32.74623489379883,35.31456673518066,32.687863664726116,35.31456673518066,75314700
2009-06-10,33.97203826904297,35.02272069552316,33.44669705580287,35.02272069552316,55321230
2009-06-11,34.0304069519043,34.0304069519043,32.97972684237579,33.855293227346564,54057945
2009-06-12,32.6878662109375,33.73854617827127,32.6878662109375,33.73854617827127,87307365
2009-06-15,31.11183738708496,32.104148182680184,30.703238824192805,31.870663289598955,98056845
2009-06-16,31.286951065063477,31.695549628062295,30.644867608922475,31.053466171921293,78092520
2009-06-17,30.353025436401367,30.878364410758778,30.23628294480682,30.878364410758778,83768760
2009-06-18,30.761621475219727,31.111848944948964,30.35302499835363,31.111848944948964,62847675
2009-06-19,30.528133392333984,30.644875870377312,30.177908196021793,30.469762153312324,66898830
2009-06-22,30.93673324584961,30.995104487098377,29.769310658692152,29.769310658692152,48037995
2009-06-23,29.944421768188477,30.23627794895227,29.94442176818848,30.23627794895227,59505045
2009-06-24,30.878358840942383,31.987412311040288,30.061163785003668,30.11953502027198,122965770
2009-06-25,31.345335006713867,31.462077500653205,30.995107524895843,31.228592512774526,56556375
2009-06-26,31.753929138183594,31.812300376702304,31.228587991515187,31.403701707071324,68721900
2009-06-29,31.17021369934082,31.812297260143573,30.995100000940067,31.812297260143573,64387335
2009-06-30,31.929039001464844,31.929039001464844,31.40369791817944,31.87066776998869,45144600
2009-07-01,32.10415267944336,32.396008836674596,31.286955439195907,31.695554059319633,46831995
2009-07-02,32.16252517700195,32.27926764449014,31.8122977745374,32.04578270951377,34404165
2009-07-03,32.10415267944336,32.10415267944336,31.57881159642714,31.57881159642714,27359115
2009-07-06,31.753929138183594,32.279270284852,31.637186661146167,32.16252780781457,33242385
2009-07-07,32.33763885498047,32.454381322384705,31.695555284257164,31.753926517959282,37127715
2009-07-08,31.753929138183594,31.929042853739723,31.578815422627457,31.929042853739723,58099050
2009-07-09,32.279258728027344,32.74622846898957,31.69554655182456,31.753917769444836,60531150
2009-07-10,32.74623489379883,32.80460612287154,32.33763629028986,32.687863664726116,52935360
2009-07-13,32.10415267944336,33.44668876488955,31.75392529076588,33.3883175334433,67172190
2009-07-14,32.57112503051758,32.80460997422017,32.27926885088933,32.39601132274063,88881195
2009-07-15,33.22987365722656,34.097819089115745,32.91989348368915,33.10588347978043,73533000
2009-07-16,33.539859771728516,34.22181769328366,33.47786467202417,34.097825128913506,49572000
2009-07-17,33.47785568237305,34.09781597278736,33.41586059931594,34.03582088973026,54577000
2009-07-20,33.97383117675781,34.22181629536827,33.787843520280646,34.035828638891104,69655000
2009-07-21,34.40780258178711,34.40780258178711,33.849837269611456,34.09782237834758,67895000
2009-07-22,34.283809661865234,34.46979730895359,33.911834367688535,34.22181456782287,55795000
2009-07-23,35.027767181396484,35.15175975060613,34.345811598185776,34.40780670030982,69194000
2009-07-24,35.461727142333984,35.523722221995406,35.213742093766896,35.33773461805044,81642000
2009-07-27,35.709716796875,35.895706802087986,35.27574642460779,35.46173406485962,49935000
2009-07-28,35.895713806152344,35.895713806152344,35.399743515424255,35.7097237646485,48101000
2009-07-29,35.027767181396484,35.95770790302648,34.65579183872911,35.95770790302648,56781000
2009-07-30,34.7177848815918,34.96577000530202,34.22181699913277,34.77977998003865,62361000
2009-07-31,36.515663146972656,36.701650766685006,36.01969300779187,36.14368554258707,196178000
2009-08-03,36.14369201660156,36.32967966962779,35.399739039535326,36.32967966962779,69991000
2009-08-04,35.709716796875,36.45366972284347,35.15175387611952,36.329677174355204,62034000
2009-08-05,35.275753021240234,35.957708618010976,35.08976298124676,35.89571351465421,53365000
2009-08-06,35.213748931884766,35.6477216686695,35.02776129182307,35.6477216686695,53205000
2009-08-07,35.213748931884766,35.213748931884766,35.213748931884766,35.213748931884766,0
2009-08-10,35.833717346191406,36.14369760414282,35.33774940646148,35.52373708823999,69103000
2009-08-11,35.39973831176758,35.70971851542566,35.027763013362396,35.52373086622306,64378000
2009-08-12,35.64772415161133,35.64772415161133,35.027763731583306,35.39973903761559,42908000
2009-08-13,36.329689025878906,36.329689025878906,35.64773333416658,35.9577136240289,79925000
2009-08-14,36.515663146972656,36.8256433014802,36.267678077382264,36.701650766685006,51220000
2009-08-17,35.833717346191406,36.70166301444005,35.58573455880729,36.57767043826715,48628000
2009-08-18,35.709716796875,35.833709345363275,35.0897564193948,35.3997366081349,32027000
2009-08-19,35.58573532104492,35.89571558563603,35.523737849149654,35.647730427978445,21153000
2009-08-20,35.77170944213867,35.833704525563604,35.027756616235315,35.58572182690304,25658000
2009-08-21,35.213748931884766,36.01969694879289,35.02776129182307,35.95770185709271,42051000
2009-08-24,36.2056884765625,36.57766377233052,35.709718262256814,35.833710815833236,59282000
2009-08-25,36.39167785644531,36.57766551318108,36.14369273749005,36.32968039422582,35268000
2009-08-26,36.57767105102539,36.57767105102539,35.957710524736825,36.39168336613116,50183000
2009-08-27,36.45367431640625,36.51567178094332,35.8957113253413,36.267686652717934,30410000
2009-08-28,36.88764572143555,36.88764572143555,36.14369272969164,36.57766550528903,49629000
2009-08-31,36.70165252685547,37.07362778411968,36.267679816739886,36.94963524337794,45013000
2009-09-01,37.81759262084961,37.81759262084961,36.3916838638755,36.82565671120547,84266000
2009-09-02,36.94963455200195,37.69358741757105,36.94963455200195,37.44560470568866,61298000
2009-09-03,37.07362747192383,37.321612551319035,36.76364730516032,37.321612551319035,42433000
2009-09-04,37.1976318359375,37.321624415049634,36.88765157063802,37.321624415049634,44401000
2009-09-07,38.437557220458984,38.437557220458984,37.01164831269242,37.25963113384721,74764000
2009-09-08,38.87152099609375,39.119503759082434,38.06557287769797,38.43754820466173,70265000
2009-09-09,38.437557220458984,39.057517820788966,38.437557220458984,38.93352522773057,50654000
2009-09-10,39.36749267578125,40.2974334476501,38.4375519039124,40.111443401306985,96349000
2009-09-11,38.6855354309082,38.93351820734743,38.37555518663798,38.93351820734743,47431000
2009-09-14,38.127567291259766,38.74752773502009,37.69359450763526,38.68553263662862,44672000
2009-09-15,38.74752426147461,38.87151681210357,37.817583679199224,37.817583679199224,36111000
2009-09-16,38.87152099609375,39.30549378752577,38.74752843211868,38.80952353162549,35054000
2009-09-17,38.74752426147461,39.05750445556641,38.43754406738282,39.05750445556641,38573000
2009-09-18,38.87152099609375,38.87152099609375,38.31355564068666,38.43754820466173,46352000
2009-09-21,38.6235466003418,38.80953431550347,38.12757857158996,38.74753919877028,33473000
2009-09-22,38.74752426147461,38.93351190493745,38.43754406738282,38.43754406738282,24321000
2009-09-23,38.6235466003418,38.99552439562726,38.06558345485677,38.87153179719877,34755000
2009-09-24,37.69358825683594,38.437541138969486,37.50760062754281,38.437541138969486,54162000
2009-09-25,37.87958526611328,38.00357783799954,37.44561481195379,37.81759016265096,45106000
2009-09-28,37.631591796875,38.06556449271262,37.507599260212686,38.06556449271262,27489000
2009-09-29,39.49147415161133,39.49147415161133,38.437541100068856,38.437541100068856,82548000
2009-09-30,39.98745346069336,40.29743372007858,39.49148551866934,39.49148551866934,102127000
2009-10-01,40.297428131103516,40.42141832569166,39.553475138767794,40.297428131103516,54800000
2009-10-02,38.87152099609375,39.24349632305751,38.74752843211868,39.057508659575625,77795000
2009-10-05,38.437557220458984,38.56154981351738,38.12757692029399,38.437557220458984,60826000
2009-10-06,38.6855354309082,39.057510778047835,38.18956514810659,38.43755028950739,81906000
2009-10-07,38.49953842163086,39.057503706276414,38.251555690091514,39.057503706276414,62388000
2009-10-08,37.755592346191406,38.313555332143714,37.755592346191406,37.941580008175514,82064000
2009-10-09,37.87958526611328,38.00357783799954,37.631602487302374,37.693597590764696,67762000
2009-10-12,37.94157409667969,38.3135493626922,37.56959646570611,38.3135493626922,36486000
2009-10-13,38.31355667114258,38.31355667114258,37.38361596376067,37.56960363224474,51266000
2009-10-14,39.36749267578125,39.36749267578125,38.623539585293834,38.74753216120202,85334000
2009-10-15,39.553470611572266,39.67746315692989,39.05750279510286,39.67746315692989,62541000
2009-10-16,38.375553131103516,39.05750868598535,38.31355566659334,38.7475284583188,75045000
2009-10-19,38.065574645996094,38.375554887852864,37.817589506526055,38.25156231811784,103211000
2009-10-20,38.437557220458984,38.623544927565575,38.31356462740058,38.31356462740058,67524000
2009-10-21,38.18955993652344,38.56153759786228,38.00357228833464,38.25155739589387,48816000
2009-10-22,38.31355667114258,38.56154180576237,37.81758876686453,38.56154180576237,72693000
2009-10-23,38.127567291259766,38.499542611531396,38.127567291259766,38.43754751313993,36966000
2009-10-26,38.127567291259766,38.62353517327574,38.127567291259766,38.31355495139558,36720000
2009-10-27,38.00358581542969,38.37556360917128,37.879593217515826,38.12757841334355,49427000
2009-10-28,37.50761032104492,38.12757082221922,37.50761032104492,38.003578248992035,62705000
2009-10-29,37.38361740112305,37.569605076758165,36.57766923006313,37.19762972548793,103965000
2009-10-30,37.1976318359375,38.065577524760734,37.1976318359375,38.065577524760734,65520000
2009-11-02,37.07362747192383,37.321612551319035,36.70165221779201,36.887639844857915,38079000
2009-11-03,36.70165252685547,37.01163269622931,36.6396550740041,37.01163269622931,52726000
2009-11-04,36.94963455200195,37.01163200369327,36.577659301697885,36.70165184011956,64073000
2009-11-05,37.01163864135742,37.19762629986447,36.82565098285038,37.135631202015915,43726000
2009-11-06,37.1976318359375,37.38361952212484,37.011644149750154,37.38361952212484,44520000
2009-11-09,37.1976318359375,37.50761210123697,37.07363925682536,37.50761210123697,34813000
2009-11-10,37.50761032104492,37.50761032104492,37.19763007045778,37.445615216912145,40584000
2009-11-11,38.56154251098633,38.747530182871806,37.75559435617491,37.81758945848288,94778000
2009-11-12,38.56154251098633,38.93351785475728,38.37555483910086,38.747530182871806,102770000
2009-11-13,38.31355667114258,38.56154180576237,38.127569002658504,38.31355667114258,43120000
2009-11-16,38.6855354309082,38.87152310447802,38.5615428602078,38.6855354309082,59633000
2009-11-17,38.80952453613281,39.181502237685926,38.49954430065264,39.05750967050155,57822000
2009-11-18,38.99552917480469,39.18151691276048,38.87153656118004,39.05752429913582,54524000
2009-11-19,38.99552917480469,39.18151691276048,38.87153656118004,38.99552917480469,40088000
2009-11-20,38.25157165527344,38.933527407838156,38.06558393775234,38.933527407838156,50419000
2009-11-23,38.437557220458984,38.49955233450718,38.065581806245795,38.065581806245795,25386000
2009-11-24,38.6855354309082,38.74753053377761,38.31355771880699,38.5615428602078,25992000
2009-11-25,38.87152099609375,39.057508659575625,38.561540768636796,38.561540768636796,46553000
2009-11-26,38.437557220458984,39.057517820788966,38.31356462740058,38.93352522773057,31172000
2009-11-27,37.1976318359375,38.00358005272379,37.1976318359375,37.87958747361166,93737000
2009-11-30,37.87958526611328,38.00357783799954,37.631602487302374,37.81759016265096,32695000
2009-12-01,37.631591796875,38.189554664414,37.445604174361996,38.12755957856331,53946000
2009-12-02,37.69358825683594,38.127560968493924,37.50760062754281,38.06556588038322,38474000
2009-12-03,38.127567291259766,38.31355495139558,37.817587069379606,38.189562389651236,54543000
2009-12-04,38.127567291259766,38.37555241474846,38.00357472951542,38.127567291259766,26379000
2009-12-07,38.74752426147461,38.93351190493745,38.43754406738282,38.43754406738282,46543000
2009-12-08,38.6855354309082,38.995515675178424,38.37555518663798,38.995515675178424,39388000
2009-12-09,38.6855354309082,38.6855354309082,38.37555518663798,38.5615428602078,37770000
2009-12-10,38.00358581542969,38.93352675234051,37.81759810103995,38.93352675234051,62875000
2009-12-11,38.80952453613281,38.80952453613281,38.06557386294961,38.37555409842978,40997000
2009-12-14,38.87152099609375,38.93351609560056,38.43754820466173,38.49954330416854,38704000
2009-12-15,38.87152099609375,38.87152099609375,38.561540768636796,38.74752843211868,27949000
2009-12-16,38.31355667114258,38.74752947424644,38.127569002658504,38.74752947424644,49488000
2009-12-17,38.56154251098633,38.68553508056383,38.12756969994585,38.4995450437168,33109000
2009-12-18,38.375553131103516,38.375553131103516,38.00357543892678,38.1275680029857,32071000
2009-12-21,38.56154251098633,38.93351785475728,38.56154251098633,38.68553508056383,52334000
2009-12-22,38.99552917480469,38.99552917480469,38.74754394755538,38.809539071886505,43944000
2009-12-23,39.30550003051758,39.367495139871224,38.9335222795102,39.05751486317933,65488000
2009-12-24,39.429481506347656,39.49147896691616,39.24349385456477,39.30549131513327,56297000
2009-12-25,39.30550003051758,39.61548030720948,39.119509972532974,39.61548030720948,20204000
2009-12-28,39.49147415161133,39.677461780716236,39.30548652250643,39.30548652250643,39136000
2009-12-29,39.243499755859375,39.49148490550186,38.99551697117854,39.49148490550186,28498000
2009-12-30,39.615474700927734,39.677469801507996,39.2434970025617,39.2434970025617,59566000
2009-12-31,39.98745346069336,39.98745346069336,39.615478095415774,39.925458354800995,51979000
2010-01-04,40.23543167114258,40.29742676633704,39.67746635454724,40.29742676633704,39407000
2010-01-05,39.98745346069336,40.359428825970944,39.615478095415774,40.29743372007858,37138000
2010-01-06,40.23543167114258,40.23543167114258,39.49147870400256,39.987446560442145,49261000
2010-01-07,39.801456451416016,40.29742667165152,39.801456451416016,40.23543157660273,42134000
2010-01-08,39.6774787902832,39.86346886408228,39.367498487234116,39.367498487234116,46076000
2010-01-11,39.98745346069336,40.235438614186215,39.36749294192292,39.67747320130814,36799000
2010-01-12,39.429481506347656,39.925451731050444,39.24349385456477,39.925451731050444,49853000
2010-01-13,38.93351745605469,39.119505126035534,38.809524887746946,39.05751002436243,47976000
2010-01-14,39.1815071105957,39.429489910843955,39.05751452799067,39.429489910843955,36149000
2010-01-15,39.36749267578125,39.36749267578125,38.93351984258345,38.99551731301838,47852000
2010-01-18,38.99552917480469,39.11951942346695,38.93353168551116,38.93353168551116,30136000
2010-01-19,38.74752426147461,39.181497006195364,38.43754406738282,39.05750445556641,47202000
2010-01-20,39.05751419067383,39.18150677220801,38.5615462294989,38.99551908238763,52281000
2010-01-21,38.80952453613281,39.05750967050155,38.49954430065264,39.05750967050155,24738000
2010-01-22,37.87958526611328,38.25156298177206,37.81759016265096,38.1275704098858,63918000
2010-01-25,37.44561004638672,37.69359279363777,37.259620029746806,37.259620029746806,62151000
2010-01-26,37.259620666503906,37.941578554261696,37.19762556987199,37.569600879586176,79112000
2010-01-27,36.94963455200195,37.44560470568866,36.8876394652716,37.259614715575665,52639000
2010-01-28,37.1976318359375,38.12757263183593,37.07363925682536,37.50761210123697,43988000
2010-01-29,38.127567291259766,38.127567291259766,36.825651305347655,37.259621724010756,91560000
2010-02-01,37.07362747192383,37.631592718082544,36.887639844857915,37.631592718082544,75480000
2010-02-02,36.57767105102539,37.44561673381407,36.57767105102539,37.32162415556401,65510000
2010-02-03,37.07362747192383,37.38360763868734,36.4536671383968,37.321612551319035,42426000
2010-02-04,36.63965606689453,37.19762133287204,36.57766097732417,37.19762133287204,42564000
2010-02-05,35.461727142333984,35.89569979484604,35.461727142333984,35.70970982594037,62227000
2010-02-08,35.58573532104492,36.08170327139836,35.337750163387334,35.95771069256956,45247000
2010-02-09,36.329689025878906,36.701666792690844,35.771725923103894,36.20569880190352,45754000
2010-02-10,36.2056884765625,36.70165632590694,36.08169592298608,36.57766377233052,53679000
2010-02-22,36.57767105102539,37.50761184045824,36.57767105102539,37.50761184045824,47519000
2010-02-23,37.07362747192383,37.13562492425312,36.639654765462716,36.949634932226225,50343000
2010-02-24,36.26769256591797,36.70166542858799,36.20569745623447,36.70166542858799,54884000
2010-02-25,36.08169174194336,36.515664446692696,35.89570411561106,36.26767936827565,55655000
2010-02-26,36.45367431640625,36.51567178094332,35.95770642491693,36.08169898902962,30877000
2010-03-01,36.94963455200195,37.13562454211495,36.08169151297214,36.8876394652716,60146000
2010-03-02,37.1356201171875,37.50759532316854,36.88763506989302,37.50759532316854,53495000
2010-03-03,37.1976318359375,37.2596269430127,36.94964667771322,36.94964667771322,32150000
2010-03-04,36.70165252685547,37.07362778411968,36.20568472884952,37.07362778411968,53405000
2010-03-05,37.44561004638672,37.44561004638672,36.949639821962016,37.0736323780682,59062000
2010-03-08,37.94157409667969,37.94157409667969,37.56959646570611,37.75558646367343,43993000
2010-03-09,38.00358581542969,38.06558329686767,37.693605503126086,37.94159069895381,29829000
2010-03-10,38.065574645996094,38.065574645996094,37.69359693679103,38.0035771786478,30540000
2010-03-11,38.065574645996094,38.31355742050457,37.94158207626107,38.18956485076955,25340000
2010-03-12,37.69358825683594,38.127560968493924,37.56959571565351,38.06556588038322,67894000
2010-03-15,37.07362747192383,38.00356797221436,37.07362747192383,38.00356797221436,37911000
2010-03-16,37.01163864135742,37.32161886052295,37.01163864135742,37.25962139771301,29394000
2010-03-17,37.50761032104492,37.75559546749929,37.13563496632499,37.50761032104492,68876000
2010-03-18,37.44561004638672,37.569600237531596,37.19762493417437,37.259620029746806,70048000
2010-03-19,37.1976318359375,37.38361952212484,37.011644149750154,37.1976318359375,45829000
2010-03-22,36.57767105102539,36.949646420813835,36.45367847277533,36.949646420813835,47044000
2010-03-23,36.94963455200195,37.259614715575665,36.8876394652716,36.8876394652716,48107000
2010-03-24,37.56959533691406,37.69358787684652,37.25961516956342,37.25961516956342,46973000
2010-03-25,38.127567291259766,38.127567291259766,37.32161918736363,37.75559197098814,62713000
2010-03-26,38.437557220458984,38.437557220458984,37.38362372690561,38.00358432723559,77332000
2010-03-29,38.56154251098633,38.6235376132943,38.251562269523355,38.43754994140883,37464000
2010-03-30,38.56154251098633,38.68553508056383,38.251562269523355,38.68553508056383,29950000
2010-03-31,38.127567291259766,38.56154007488428,38.127567291259766,38.56154007488428,39228000
2010-04-01,38.49953842163086,38.747523518131366,38.127563141841264,38.127563141841264,54656000
2010-04-02,38.6855354309082,38.74753053377761,38.4995453923768,38.74753053377761,17299000
2010-04-06,39.30550003051758,39.367495139871224,38.9335222795102,38.9335222795102,52915000
2010-04-07,39.36749267578125,39.36749267578125,39.119507523964884,39.36749267578125,48336000
2010-04-08,38.6235466003418,39.05751951236044,38.49955400191331,38.933526913931956,48530000
2010-04-09,38.87152099609375,39.057508659575625,38.37555310515492,38.37555310515492,31569000
2010-04-12,39.11949920654297,39.30548921334167,38.933511564705434,39.24349175608838,34914000
2010-04-13,38.99552917480469,39.11951942346695,38.49955872030606,39.05752429913582,42708000
2010-04-14,39.553470611572266,39.553470611572266,38.9955077049046,39.11949788530112,55548000
2010-04-15,39.92545700073242,40.235437249604686,39.67747185564996,39.98745210452223,70894000
2010-04-16,39.05751419067383,39.491487043562564,38.99551908238763,39.42948957031458,49654000
2010-04-19,38.80952453613281,39.181502237685926,38.685534333909956,38.747529435021384,66249000
2010-04-20,38.93351745605469,39.05751002436243,38.685534684400736,38.995514922689324,37426000
2010-04-21,38.6855354309082,39.119505880917245,38.62353796307721,38.995515675178424,44895000
2010-04-22,38.18955993652344,38.31355249030305,37.69359208636623,38.31355249030305,90506000
2010-04-23,38.25157165527344,38.68554457279741,38.189574172791644,38.375564255274874,48869000
2010-04-26,39.36749267578125,39.4294877812545,38.685537055728766,38.685537055728766,67358000
2010-04-27,39.49147415161133,39.49147415161133,39.11949652844051,39.36748161055439,25300000
2010-04-28,38.49953842163086,38.809518609775914,38.43754332998631,38.49953842163086,72599000
2010-04-29,38.18955993652344,38.56153759786228,38.18955993652344,38.56153759786228,40178000
2010-04-30,38.31355667114258,38.87152204155633,38.31355667114258,38.31355667114258,43339000
2010-05-03,38.18955993652344,38.80952034046025,38.06556974770508,38.80952034046025,22418000
2010-05-04,37.81759262084961,38.437553155617636,37.693600040903654,38.375558048125534,38039000
2010-05-05,37.07362747192383,37.321612551319035,37.07362747192383,37.13562492425312,93944000
2010-05-06,36.88764572143555,37.135630840337306,36.70165806473991,37.073633378131184,48824000
2010-05-07,36.82564926147461,37.25961965605177,36.267683947073586,36.32967904202424,61514000
2010-05-10,37.07362747192383,37.19762001162143,36.577659678094406,36.82564475748961,56272000
2010-05-11,37.259620666503906,37.569600879586176,37.13563047324008,37.44561068632234,67770000
2010-05-12,37.259620666503906,37.81758599603652,37.19762556987199,37.81758599603652,27694000
2010-05-13,37.94157409667969,38.127561729685944,37.50760137635772,37.56959646570611,39828000
2010-05-14,37.94157409667969,38.127561729685944,37.50760137635772,37.631593920015575,31551000
2010-05-17,36.70165252685547,37.50760049423526,36.6396550740041,37.50760049423526,73173000
2010-05-18,36.88764572143555,37.19762593758207,36.82565062419079,36.94964081868031,30445000
2010-05-19,36.7636604309082,36.94964812437739,36.329687569505545,36.577672737439016,48408000
2010-05-20,36.515663146972656,37.01163092119254,36.515663146972656,36.88763838639735,31637000
2010-05-21,36.45367431640625,36.63966198009456,35.8957113253413,36.14369408860524,45655000
2010-05-24,36.57767105102539,36.949646420813835,36.39168336613116,36.949646420813835,19294000
2010-05-25,36.2056884765625,36.515668678022934,36.01969846371724,36.453671218754096,48371000
2010-05-26,36.515663146972656,36.57765823188981,36.267678077382264,36.515663146972656,42766000
2010-05-27,36.39167785644531,36.76365316991685,35.77171742401852,36.267685296967684,55467000
2010-05-28,36.39167785644531,36.825650632136345,36.14369273749005,36.51567041592295,61106000
2010-05-31,37.32161331176758,37.32161331176758,36.45366788116048,36.639655512015985,25365000
2010-06-01,37.07362747192383,37.19762001162143,36.70165221779201,37.13562492425312,27295000
2010-06-02,37.07362747192383,37.44560509101664,36.76364730516032,37.07362747192383,35241000
2010-06-03,37.69358825683594,37.81758079801836,37.50760062754281,37.69358825683594,46916000
2010-06-04,37.81759262084961,37.81759262084961,37.32162466602754,37.507612353465596,41837000
2010-06-07,36.70165252685547,37.01163269622931,36.391672357481625,37.01163269622931,69197000
2010-06-08,36.26769256591797,36.70166542858799,36.20569745623447,36.51567773457565,40396000
2010-06-09,36.329689025878906,36.57767420375353,36.1437013249539,36.20569880190352,45955000
2010-06-10,36.82564926147461,37.07363200623852,36.453671596886835,37.07363200623852,28784000
2010-06-11,37.50761032104492,37.50761032104492,37.19763007045778,37.32162264368496,41097000
2010-06-14,37.87958526611328,38.065575306423476,37.75559505918863,37.75559505918863,44867000
2010-06-15,38.065574645996094,38.375554887852864,37.6316018344043,38.0035771786478,37382000
2010-06-17,38.49953842163086,38.62353096988111,38.251555690091514,38.43754332998631,55896000
2010-06-18,38.87152099609375,38.87152099609375,38.31355564068666,38.68553333261187,46267000
2010-06-21,39.243499755859375,39.49148490550186,39.119507181038124,39.119507181038124,68207000
2010-06-22,38.80952453613281,39.243497338797354,38.80952453613281,39.243497338797354,30437000
2010-06-23,38.49953842163086,38.747523518131366,38.43754332998631,38.43754332998631,37155000
2010-06-24,38.437557220458984,38.56154981351738,38.251569513352386,38.49955233450718,35311000
2010-06-25,38.065574645996094,38.375554887852864,38.0035771786478,38.127569748382825,30548000
2010-06-28,38.25157165527344,38.25157165527344,37.87959385526911,37.9415913377509,20466000
2010-06-29,37.81759262084961,38.80952853049375,37.81759262084961,38.437553155617636,47903000
2010-06-30,37.56959533691406,37.81758041677898,37.38360770949588,37.38360770949588,58283000
2010-07-01,37.32161331176758,37.56959603125458,37.197620769543555,37.56959603125458,15325000
2010-07-02,37.38361740112305,37.63160254527761,37.19762972548793,37.19762972548793,66885000
2010-07-05,38.065574645996094,38.31355742050457,37.38361669493426,37.38361669493426,86939000
2010-07-06,39.0431022644043,39.0431022644043,38.3261156073195,38.39129756874771,69631000
2010-07-07,38.78239440917969,39.04311738297648,38.58685342205137,38.97793539630801,59093000
2010-07-08,39.3690185546875,39.3690185546875,38.91275460885546,39.173475087589146,50323000
2010-07-09,39.3690185546875,39.4341980527613,39.04311609144154,39.3690185546875,37986000
2010-07-12,38.97792053222656,39.4993637945312,38.97792053222656,39.4993637945312,44157000
2010-07-13,38.84756088256836,39.23864521212035,38.78238140419522,39.04310429056322,37431000
2010-07-14,39.3690185546875,39.56455953534738,39.23865707210142,39.3690185546875,59702000
2010-07-15,39.3038215637207,39.434182996533934,39.173460130907465,39.36900352334608,32938000
2010-07-16,39.0431022644043,39.43418408722321,38.97792030297608,39.43418408722321,29874000
2010-07-19,39.82525634765625,39.955617752774195,38.71719062024623,38.7823700795867,56238000
2010-07-20,40.08599090576172,40.28153182752667,39.760088540674225,39.95562946243918,53905000
2010-07-21,40.28152847290039,40.3467104323522,40.08598756741999,40.3467104323522,41172000
2010-07-22,40.411888122558594,40.60742901941253,39.955624372274485,40.34670865241976,45274000
2010-07-23,40.9333381652832,41.063699613725454,40.67261775483653,40.80297671684096,65925000
2010-07-26,40.802978515625,41.128880907878994,40.60743757756019,41.06370142400337,26958000
2010-07-27,40.73778533935547,41.06368762207031,40.60742392898211,41.06368762207031,20942000
2010-07-28,41.063697814941406,41.063697814941406,40.54225453045191,40.60743400859896,26119000
2010-07-29,41.063697814941406,41.063697814941406,40.802974929477806,41.063697814941406,38043000
2010-07-30,40.67261505126953,40.67261505126953,40.02081033882251,40.67261505126953,43549000
2010-08-02,40.60744094848633,40.9333433677943,40.47707948347551,40.802981902783486,48015000
2010-08-03,40.411888122558594,40.802969916266456,40.216347225704666,40.802969916266456,32913000
2010-08-04,40.411888122558594,40.542249549273684,40.15116526912842,40.411888122558594,20350000
2010-08-05,40.346717834472656,40.411897319444954,40.28153586306238,40.411897319444954,21813000
2010-08-06,39.69489669799805,40.2163398224305,39.499353350703544,40.15115787785335,62419000
2010-08-09,39.564544677734375,39.69490611136602,39.36900377050567,39.43418324410273,56912000
2010-08-10,39.76008987426758,40.02081276965757,39.629728426572576,39.69491039363898,62187000
2010-08-11,39.76008987426758,39.89045132196257,39.56454894594398,39.629728426572576,28506000
2010-08-12,39.23863983154297,39.499360195722105,39.173457875670145,39.23863983154297,65513000
2010-08-13,39.173465728759766,39.49936811414525,39.04310676375587,39.23864769769959,64069000
2010-08-16,39.3038215637207,39.3038215637207,38.847557792093134,39.108280657719604,39691000
2010-08-17,38.97792053222656,39.434184319157225,38.97792053222656,39.434184319157225,37445000
2010-08-18,38.84756088256836,39.3038246904935,38.78238140419522,39.10828376893636,42369000
2010-08-19,39.173465728759766,39.369009149141355,38.782383860872336,38.782383860872336,45753000
2010-08-20,39.0431022644043,39.23864317581375,38.91274082798546,38.97792030297608,30073000
2010-08-23,39.173465728759766,39.69491153452684,38.84756334337428,39.04310676375587,27530000
2010-08-24,38.84756088256836,39.1734632473095,38.84756088256836,39.10828376893636,30548000
2010-08-25,38.26093673706055,38.717200528519136,38.19575477460211,38.717200528519136,70486000
2010-08-26,38.32612228393555,38.521663229409285,38.13058133846181,38.195760824807046,33540000
2010-08-27,38.32612228393555,38.39130425671881,38.13058133846181,38.26094279759031,43374000
2010-08-30,38.71719741821289,38.84755635978227,38.39129509141459,38.58683599020609,27583000
2010-08-31,38.39130401611328,38.45648350205003,38.06540161355354,38.45648350205003,77308000
2010-09-01,38.52165603637695,38.65201747116346,38.26093565324151,38.65201747116346,33670000
2010-09-02,38.78239440917969,39.17347638343633,38.717214908949764,39.10829688320641,25353000
2010-09-03,38.97792053222656,39.043102494038145,38.65201818248146,38.65201818248146,38247000
2010-09-06,39.43417739868164,39.43417739868164,39.1734545700659,39.36899793474629,25773000
2010-09-07,39.23863983154297,39.499360195722105,39.173457875670145,39.43418072628666,20235000
2010-09-08,38.652008056640625,39.04309226574321,38.391287737009186,38.84754891797344,66266000
2010-09-09,38.78239440917969,38.91275589607809,38.58685342205137,38.91275589607809,21194000
2010-09-10,38.652008056640625,38.91273086270902,38.521646653606425,38.78236945967482,32620000
2010-09-13,39.69489669799805,39.69489669799805,38.71718990727333,38.84754882355374,86590000
2010-09-14,39.76008987426758,39.89045132196257,39.56454894594398,39.89045132196257,33482000
2010-09-15,39.89044952392578,39.89044952392578,39.434185720778004,39.89044952392578,39289000
2010-09-16,39.43417739868164,39.760079691232725,39.43417739868164,39.62971827692486,27832000
2010-09-17,39.89044952392578,40.02081096574482,39.499365198468674,39.76008808210675,49333000
2010-09-20,40.411888122558594,40.411888122558594,39.955624372274485,40.085985798989576,65877000
2010-09-21,40.28152847290039,40.60743081084689,40.15116704043428,40.60743081084689,32205000
2010-09-23,39.108280181884766,39.69490537918803,39.04310070948995,39.69490537918803,106168000
2010-09-24,39.173465728759766,39.23864769769959,38.84756334337428,38.91274531231411,58578000
2010-09-27,39.564544677734375,39.62972415133143,39.36900377050567,39.62972415133143,57033000
2010-09-28,39.76008987426758,39.89045132196257,39.49936697887758,39.56454894594398,48335000
2010-09-29,40.08599090576172,40.3467137924068,39.760088540674225,40.08599090576172,79436000
2010-09-30,40.411888122558594,40.411888122558594,40.15116526912842,40.216347225704666,56151000
2010-10-01,40.411888122558594,40.60742901941253,40.216347225704666,40.542249549273684,38944000
2010-10-04,40.346717834472656,40.47707680441726,40.1511744066798,40.411897319444954,25742000
2010-10-05,39.82525634765625,40.21634056301008,39.6948974289753,40.21634056301008,28432000
2010-10-06,40.28152847290039,40.41188990536649,40.08598756741999,40.3467104323522,34117000
2010-10-07,39.955631256103516,40.216354154452816,39.76009032556046,40.02081322390976,37414000
2010-10-08,40.28152847290039,40.28152847290039,39.76008522947348,39.76008522947348,54186000
2010-10-11,40.08599090576172,40.41189327084921,39.825268019116635,40.41189327084921,24273000
2010-10-12,39.76008987426758,40.08599225028616,39.369008017620395,40.08599225028616,27854000
2010-10-13,39.76008987426758,39.955630802591166,39.369008017620395,39.955630802591166,28950000
2010-10-14,40.28152847290039,40.41188990536649,39.95562613495388,40.020808094405695,45889000
2010-10-15,40.346717834472656,40.346717834472656,39.89045398035262,39.95563346532492,29898000
2010-10-18,39.43417739868164,40.28152286202703,39.36899793474629,40.020802519848466,32498000
2010-10-19,39.564544677734375,39.564544677734375,39.17346037683943,39.49936271769978,34442000
2010-10-20,39.76008987426758,39.82526935489617,39.369008017620395,39.43418749824899,34445000
2010-10-21,39.76008987426758,40.02081276965757,39.629728426572576,39.955630802591166,37243000
2010-10-22,40.28152847290039,40.28152847290039,40.020808094405695,40.216348999886094,42883000
2010-10-25,40.411888122558594,40.542249549273684,40.2815266958435,40.411888122558594,38467000
2010-10-26,40.60744094848633,40.60744094848633,40.41189999418916,40.542261459199985,37835000
2010-10-27,40.411888122558594,40.672610975988775,40.34670865241976,40.60742901941253,26552000
2010-10-28,40.86815643310547,41.063697351778785,40.477072109321156,40.67261551443215,61848000
2010-10-29,40.9333381652832,41.128879094727665,40.73779723583874,41.063699613725454,67800000
2010-11-01,41.38959884643555,41.38959884643555,41.06369649331401,41.324419370386295,76051000
2010-11-02,41.25923156738281,41.324413520642764,41.06369068047752,41.06369068047752,24276000
2010-11-03,41.65032958984375,41.715509078203205,41.25924520037274,41.38960666352974,44405000
2010-11-04,41.65032958984375,41.78068856656266,41.454786151889195,41.65032958984375,32641000
2010-11-05,41.845863342285156,42.106586239236826,41.5851429317713,42.04140675821782,43711000
2010-11-08,41.25923156738281,41.8458542280987,41.12887014730019,41.8458542280987,23591000
2010-11-09,41.71550369262695,41.71550369262695,41.128878427374275,41.25923987370129,25317000
2010-11-10,41.845863342285156,41.9110477961798,41.51996345075229,41.71550438024714,37637000
2010-11-11,41.51995086669922,41.84585065945691,41.51995086669922,41.65031227566453,31688000
2010-11-12,41.063697814941406,41.715502542162696,41.063697814941406,41.454779656699095,29650000
2010-11-15,41.65032958984375,41.715509078203205,41.194065712013284,41.585147615046196,27583000
2010-11-16,42.041404724121094,42.17176367985193,41.78068183978402,41.91104576839025,55027000
2010-11-17,41.585147857666016,42.04141173815846,41.45478639374844,41.84586829906305,51345000
2010-11-18,41.25923156738281,41.650315827630685,41.06369068047752,41.51995440754806,39053000
2010-11-19,41.51995086669922,41.715491736928655,41.06368717853915,41.45476891899803,23769000
2010-11-22,41.585147857666016,41.911052760679006,41.194065952351416,41.45478639374844,25384000
2010-11-23,41.324424743652344,41.58514516818754,41.25924277269008,41.51996568366323,30876000
2010-11-24,41.194061279296875,41.715504589376515,41.06369983016751,41.06369983016751,26848000
2010-11-25,41.976226806640625,42.04140628692897,41.38960153829441,41.585142465597215,34656000
2010-11-26,41.976226806640625,42.04140628692897,41.65032443232335,41.65032443232335,30955000
2010-11-29,41.91103744506836,42.17175530475277,41.58513266115123,42.10657583983167,33430000
2010-11-30,41.324424743652344,41.97622953464725,41.324424743652344,41.58514516818754,66488000
2010-12-01,42.10657501220703,42.10657501220703,41.5851318437758,41.5851318437758,58038000
2010-12-02,43.14946365356445,43.279827560681085,42.30212063524194,42.36730010236297,87811000
2010-12-03,44.518272399902344,45.62633863473834,43.47538068137874,43.540565143443665,124694000
2010-12-06,44.648624420166016,45.30042915622683,44.583444941135035,44.90934730916544,58644000
2010-12-07,44.322723388671875,44.71380524752621,44.062000491810444,44.64862576652976,58928000
2010-12-08,44.322723388671875,44.77898472852266,44.19236442667898,44.71380524752621,46509000
2010-12-09,45.6263313293457,45.69151080809825,44.84416763856425,44.97452659606934,91264000
2010-12-10,45.43077850341797,45.56114240677697,45.17006064244884,45.36559903817569,32731000
2010-12-13,45.235252380371094,45.887057155382564,44.97452947579135,45.62633425080282,36075000
2010-12-14,44.97453308105469,45.56115842016542,44.778989643725716,45.56115842016542,45977000
2010-12-15,45.6263313293457,45.69151080809825,44.64862422943116,44.7138037081837,56590000
2010-12-16,46.40849304199219,46.66921591876467,45.495970432601396,45.626329384550004,61923000
2010-12-17,47.516571044921875,48.88536013410152,46.66922281344705,46.92994572873746,108365000
2010-12-20,46.40849304199219,47.58174350103072,46.21295461406927,47.58174350103072,91134000
2010-12-21,46.47367477416992,46.66921319066242,46.14777244047413,46.60403371849825,35454000
2010-12-22,46.40849304199219,46.66921591876467,46.0825906892454,46.34331356601788,26216000
2010-12-23,46.27813720703125,46.799582995697335,46.08259379306257,46.799582995697335,35499000
2010-12-24,46.14778137207031,46.278140341628756,45.95223794485672,46.278140341628756,21468000
2010-12-27,46.08259582519531,46.14778028130974,45.626334469649144,46.14778028130974,29035000
2010-12-28,46.212955474853516,46.27813495204188,46.01741207041306,46.212955474853516,35961000
2010-12-29,46.01740646362305,46.14777037499151,45.756683613760856,46.14777037499151,40312000
2010-12-30,46.01740646362305,46.14777037499151,45.69150414451399,46.01740646362304,53976000
2010-12-31,46.27813720703125,47.125485370394735,45.82187587160512,45.95223483233385,143558000
2011-01-03,46.343318939208984,46.66922132974192,46.147780488614714,46.6040418462105,35149000
2011-01-04,46.40849304199219,46.66921591876467,46.147775138094964,46.27813409004358,35448000
2011-01-05,45.49597930908203,46.3433226078192,45.36561535882354,46.21296363043694,51755000
2011-01-06,46.27813720703125,46.27813720703125,45.430789043667765,45.49597349690772,46666000
2011-01-07,47.25584030151367,47.58174264842066,46.864758479800315,46.864758479800315,169755000
2011-01-10,48.36390686035156,48.36390686035156,47.32102033256539,47.58174320773074,66767000
2011-01-11,48.55945587158203,48.82017877687709,48.10319451697252,48.29873296628697,81911000
2011-01-12,48.820159912109375,48.885339370027964,48.6897960233983,48.6897960233983,53397000
2011-01-13,48.624629974365234,49.08089625136463,48.363907097919196,48.95053232670398,92995000
2011-01-14,48.7549934387207,48.7549934387207,48.29872716602901,48.49427056473619,28681000
2011-01-17,49.40681838989258,49.47199789188803,49.08091590703808,49.146095409033535,67207000
2011-01-18,50.05862045288086,50.44970241505336,49.015728589918254,49.211272057442976,56518000
2011-01-19,50.840763092041016,51.036306477698815,49.92823558042941,50.12377896608721,86839000
2011-01-20,49.797889709472656,50.18897161056416,49.60234627248882,50.18897161056416,43578000
2011-01-21,48.624629974365234,49.01571180259668,48.2335481461338,48.2335481461338,81340000
2011-01-24,49.080894470214844,49.146073943742174,48.6246282097734,49.015710023812446,40750000
2011-01-25,48.88535690307617,49.47198218048822,48.820177421780535,49.47198218048822,43750000
2011-01-26,48.624629974365234,49.01571180259668,48.42909154668714,48.624629974365234,66493000
2011-01-27,49.015716552734375,49.14608049002866,48.75499862389728,48.82017810610655,69734000
2011-01-28,49.732704162597656,50.123786016044406,48.820176522638185,49.015714962923774,97365000
2011-02-08,49.21125411987305,50.18896115536721,48.75499282579249,50.18896115536721,105232000
2011-02-09,48.103187561035156,49.27643300589267,48.103187561035156,49.2112535322131,79084000
2011-02-10,46.929954528808594,47.8424824169997,46.929954528808594,47.64693895064556,83493000
2011-02-11,46.53886413574219,47.19066894164089,46.21296173279284,47.06030499673553,111841000
2011-02-14,47.25584030151367,47.516563173614294,46.604035607699686,46.92993795460668,64830000
2011-02-15,47.25584030151367,47.64692212322703,46.53885613289332,47.19066082670731,56427000
2011-02-16,46.9951171875,47.38619900720021,46.86475823855831,47.190660583787675,53849000
2011-02-17,47.25584030151367,47.516563173614294,46.66921508250605,47.19066082670731,49280000
2011-02-18,47.581748962402344,48.168374259253696,47.581748962402344,47.64692844585787,73532000
2011-02-21,47.84247970581055,47.84247970581055,47.125495324604415,47.64693625053767,37954000
2011-02-22,47.25584030151367,47.25584030151367,46.40849221040543,47.060296904219406,82528000
2011-02-23,46.27813720703125,46.8647624760617,45.95223483233385,46.60403958172866,78154000
2011-02-24,45.95223617553711,46.53886146171486,45.95223617553711,46.27813855976078,62708000
2011-02-25,45.95223617553711,46.34331804203037,45.56115430904386,46.0174156578067,78655000
2011-03-01,46.53886413574219,46.79958705267687,45.626336412908806,45.626336412908806,77441000
2011-03-02,45.88705825805664,46.278140137886126,45.88705825805664,46.1477811689016,52968000
2011-03-03,46.14778137207031,46.66922222318001,45.691515032863904,45.691515032863904,59349000
2011-03-04,46.79957962036133,46.92993857168815,46.473677269169045,46.604036220495864,55215000
2011-03-07,46.212955474853516,46.73439626523582,46.212955474853516,46.66921678804745,30090000
2011-03-08,46.604026794433594,46.799570154748736,45.952222223882075,45.952222223882075,49251000
2011-03-09,46.53886413574219,47.06030499673553,46.34332070482217,47.06030499673553,42715000
2011-03-10,45.95223617553711,46.9951228104777,45.691513273583034,46.9951228104777,61899000
2011-03-11,45.6263313293457,46.01741317473643,45.30042896270752,45.6263313293457,52528000
2011-03-14,45.82186508178711,45.95222401181981,45.03969658296766,45.82186508178711,47199000
2011-03-15,44.322723388671875,45.691512381099855,43.14947283923325,45.62633290010341,114456000
2011-03-16,44.648624420166016,45.03970626722741,44.38790153116659,44.84416783013446,60944000
2011-03-17,43.931636810302734,43.99681628429704,42.82356586089908,43.54055499346178,104629000
2011-03-18,44.518272399902344,44.583451889091,43.8012831001983,44.192369981082784,55649000
2011-03-21,44.97453308105469,45.03971256920561,44.322728253793024,44.518271691121996,34725000
2011-03-22,44.71380615234375,45.30043143893387,44.58344718771294,45.30043143893387,31467000
2011-03-23,44.77898025512695,45.03970312594231,44.387898435341484,45.03970312594231,31189000
2011-03-24,45.235252380371094,45.691513733728804,44.97452947579135,45.03970895871734,44701000
2011-03-25,46.40849304199219,46.40849304199219,45.626329384550004,45.88705226132249,51518000
2011-03-28,46.27813720703125,46.27813720703125,45.82187587160512,46.017414312698214,28535000
2011-03-29,46.14778137207031,46.4084993111872,45.8870584600775,46.01741742963594,34785000
2011-03-30,45.82186508178711,46.14776737974328,45.62632171386364,45.82186508178711,60127000
2011-03-31,46.01740646362305,46.27812931348523,45.62632467526713,46.27812931348523,41950000
2011-04-01,46.08259582519531,46.14778028130974,45.69151395288776,46.082595825195305,26616000
2011-04-06,47.516571044921875,47.516571044921875,46.60404332784345,46.60404332784345,114050000
2011-04-07,47.45138931274414,47.58174827777953,47.125486927279894,47.58174827777953,45048000
2011-04-08,47.516571044921875,47.581750530525476,47.190668644027866,47.516571044921875,64884000
2011-04-11,46.343318939208984,47.58174901780932,46.21295997214614,47.58174901780932,42409000
2011-04-12,45.69151306152344,46.08259492620164,45.69151306152344,45.95223596226747,45901000
2011-04-13,46.08259582519531,46.14778028130974,45.626334469649144,45.69151395288776,27328000
2011-04-14,45.49597930908203,45.95224070279618,45.36561535882354,45.82188172541392,46816000
2011-04-15,45.104888916015625,45.62633473065921,45.03970943240414,45.62633473065921,51993000
2011-04-18,44.97453308105469,45.49597893201449,44.844174104752824,45.49597893201449,27120000
2011-04-19,44.38790512084961,44.648628030933885,44.32272563654751,44.648628030933885,42649000
2011-04-20,45.49597930908203,45.49597930908203,44.64863103746863,44.97453345380052,48039000
2011-04-21,46.08259582519531,46.473682670378665,45.82187789224082,46.082595825195305,50849000
2011-04-22,46.212955474853516,46.27813495204188,45.82187363884795,46.212955474853516,25299000
2011-04-25,45.82186508178711,46.34330577479233,45.69150117887999,46.27812630977598,22040000
2011-04-26,45.82186508178711,45.82186508178711,45.03969658296766,45.430778345940176,31838000
2011-04-27,47.125492095947266,47.386210054613294,46.60404623286262,46.60404623286262,58612000
2011-04-28,47.581748962402344,48.03801031946683,47.51656947894682,47.84247186910026,83054000
2011-04-29,47.71210479736328,48.16837109735306,47.51656635983238,48.03800716612362,92890000
2011-05-03,48.624629974365234,48.754993899025884,47.97282526968775,48.1683686702411,81495000
2011-05-04,48.103187561035156,48.49426937598766,47.581741825848425,48.49426937598766,46461000
2011-05-05,48.7549934387207,48.7549934387207,47.97282481676717,48.233547690751685,45326000
2011-05-06,48.88535690307617,49.27643876372565,48.49427504242669,48.88535690307617,53441000
2011-05-09,49.21125411987305,49.60233593949569,49.01571072362416,49.27643359433096,59843000
2011-05-10,48.49427032470703,49.27643396991393,48.49427032470703,49.27643396991393,43183000
2011-05-11,48.88535690307617,49.08090031983874,48.62463400501797,49.08090031983874,43103000
2011-05-12,49.341609954833984,49.53715333874211,48.298723510698586,48.36390298104302,58360000
2011-05-13,49.471988677978516,49.60234765769071,49.21126574567781,49.53716816783461,37218000
2011-05-16,48.820159912109375,49.47196443704308,48.6897960233983,49.47196443704308,25843000
2011-05-17,49.27643585205078,49.53715873470324,48.62463113185732,48.62463113185732,41026000
2011-05-18,49.080894470214844,49.40679681072656,48.820171603230456,49.080894470214844,27879000
2011-05-19,49.015716552734375,49.7327057756636,48.82017810610655,48.82017810610655,52635000
2011-05-20,49.21125411987305,49.53715646503777,48.820172300250405,49.53715646503777,32925000
2011-05-23,48.950538635253906,49.21126154530087,48.559456756621394,48.689815725206934,38984000
2011-05-24,48.7549934387207,48.95053186455268,48.363906641306336,48.82017291399803,34727000
2011-05-25,48.55945587158203,48.82017877687709,47.77729212857264,48.36391244939178,59534000
2011-05-26,48.36390686035156,48.88535261068226,48.2335479092065,48.88535261068226,33168000
2011-05-27,48.23354721069336,48.55944955671156,48.103188261436145,48.103188261436145,46500000
2011-05-30,48.950538635253906,49.08090257671533,48.23355436228165,48.23355436228165,33671000
2011-05-31,49.993412017822266,50.1237759246421,49.146069001428835,49.21124846840147,62660000
2011-06-01,50.188968658447266,50.38451208392923,49.73270729615719,49.73270729615719,44950000
2011-06-02,49.797889709472656,50.44969453558388,49.73271022143677,49.73271022143677,61778000
2011-06-03,50.3193244934082,50.3193244934082,49.60234026608158,50.18896553312175,35389000
2011-06-07,50.51487350463867,50.97113488907851,49.92824817259023,50.31933006966382,40816000
2011-06-08,50.51487350463867,50.840775914346025,50.25415058229758,50.25415058229758,58158000
2011-06-09,50.123783111572266,50.84076729682422,50.05860363525396,50.84076729682422,33565000
2011-06-10,49.080894470214844,50.51486277931638,48.950530550285116,50.188960438804656,55263000
2011-06-13,48.6898078918457,48.8853512861403,48.16836712851859,48.55944894423269,68652000
2011-06-14,49.667510986328125,49.79787489649777,48.559445100697,48.559445100697,52699000
2011-06-15,50.188968658447266,50.44969156813126,49.60234335487725,50.188968658447266,85237000
2011-06-16,49.21125411987305,49.6675154139536,49.14607464541513,49.53715646503777,62276000
2011-06-17,48.36390686035156,48.950532086254796,48.298727384779035,48.88535261068226,79539000
2011-06-20,48.820159912109375,49.14606217457622,48.29871430301286,48.624616565479705,31713000
2011-06-21,49.471988677978516,49.66752714754681,49.08090676596561,49.14608625582171,40800000
2011-06-22,48.88535690307617,49.732705078546424,48.62463400501797,49.732705078546424,45315000
2011-06-23,48.36390686035156,48.820173135109734,48.10318895806144,48.68980921108945,53121000
2011-06-24,47.516571044921875,47.97283241702309,46.86476624313386,47.97283241702309,68685000
2011-06-27,46.929954528808594,46.99513402663433,46.66923156462872,46.929954528808594,64884000
2011-06-28,47.25584030151367,47.321019776320036,46.79957900499395,46.99511742941304,95586000
2011-06-29,48.54738998413086,49.02334270272706,47.86745456471024,48.20742227442055,93038000
2011-06-30,49.091339111328125,49.091339111328125,48.47940133517957,48.54739384502985,48764000
2011-07-01,49.49928665161133,49.63527162215383,48.9553363944531,49.0913213649956,40514000
2011-07-04,49.97525405883789,50.247229268085796,49.703278849589985,50.247229268085796,39959000
2011-07-05,49.771270751953125,49.83926844406291,49.227325527543904,49.771270751953125,34203000
2011-07-06,49.49928665161133,49.90724675073295,49.29530400830347,49.77125659269634,42991000
2011-07-07,48.68337631225586,49.15933423124531,48.61538380597043,49.02334403117873,47655000
2011-07-08,49.29531478881836,49.4992974767357,48.95534710061961,49.02333960076031,52356000
2011-07-11,48.47939682006836,49.36330974079113,47.73146371888574,49.36330974079113,47105000
2011-07-12,47.799461364746094,48.13942906950959,47.66347117034339,48.003438875106895,39821000
2011-07-13,49.091339111328125,49.295321828374966,47.66347565448818,47.93545088138531,69016000
2011-07-14,48.071434020996094,48.54739194632519,47.663473790353855,47.93544900661394,54343000
2011-07-15,47.5274772644043,47.73145473657241,47.25550211401895,47.595469755127,88064000
2011-07-18,47.39149856567383,47.73146628906459,47.187521044136844,47.39149856567383,34351000
2011-07-19,46.5755729675293,47.459491025852756,46.5755729675293,47.32350083899788,57401000
2011-07-20,48.68337631225586,48.751368818541295,47.18752042399352,47.39149794284982,55120000
2011-07-21,48.68337631225586,48.68337631225586,48.003440874410124,48.547391299684996,32798000
2011-07-22,48.955352783203125,49.2273280028312,48.75137007160811,49.2273280028312,37196000
2011-07-25,48.955352783203125,49.29532051086426,48.547392547508935,49.2273280028312,32490000
2011-07-26,50.111236572265625,50.111236572265625,49.15933116858257,49.15933116858257,52821000
2011-07-27,49.90726089477539,50.24722860497482,49.635285689116735,50.1112384083977,35569000
2011-07-28,49.63528823852539,49.907263458153466,49.15933549479814,49.499303222459275,33682000
2011-07-29,48.955352783203125,49.2273280028312,48.47940003947588,48.81936776713701,60614000
2011-08-01,49.36330032348633,49.499290492073904,48.955340192712626,48.955340192712626,41072000
2011-08-02,48.54738998413086,49.02334270272706,48.41139978774939,48.95535019828411,33350000
2011-08-03,47.66346740722656,47.93544258706353,47.45948991297015,47.66346740722656,45976000
2011-08-04,47.595462799072266,48.071415352065486,47.32348768843596,47.32348768843596,43900000
2011-08-05,45.28369903564453,46.235609684290836,44.87573881122346,44.87573881122346,89615000
2011-08-08,44.331783294677734,45.82764419572214,43.51586293955904,44.875733656420266,97375000
2011-08-09,43.0399169921875,44.263800383701486,42.29198897341453,42.49596910637551,115504000
2011-08-10,44.73976135253906,45.55568193913692,44.19581083647611,44.26380335410984,109734000
2011-08-11,45.14772415161133,45.419699424737885,43.515877700348874,43.92383801629027,54267000
2011-08-12,44.263797760009766,45.96363642350857,44.263797760009766,45.69166119984958,61038000
2011-08-15,45.4196891784668,45.48768168453573,44.80774624885506,45.48768168453573,39616000
2011-08-16,44.875732421875,45.41968276865329,44.875732421875,45.41968276865329,38915000
2011-08-17,44.73976135253906,45.01173142307396,44.39979357687386,44.875746387806515,35809000
2011-08-18,43.787841796875,44.73975241609967,43.03991128355625,44.73975241609967,73212000
2011-08-19,43.447879791259766,43.447879791259766,42.835936799482205,42.90392931245833,43186000
2011-08-22,44.19580841064453,44.535776167649495,42.83593738262471,43.24389765353139,46280000
2011-08-23,45.4196891784668,45.62366669667358,44.195803319243325,44.195803319243325,46451000
2011-08-24,45.895633697509766,46.031618685319295,45.14770588956782,46.031618685319295,48112000
2011-08-25,45.5556755065918,45.96363574228599,45.147715270897606,45.82765072621987,30837000
2011-08-26,46.16761016845703,46.439585339275354,45.55566733098953,45.623659826820386,40454000
2011-08-29,47.187522888183594,47.52749062485999,46.30360469782656,46.643572434502964,38554000
2011-08-30,46.915550231933594,47.799468470722154,46.64357499019125,47.799468470722154,33717000
2011-08-31,47.187522888183594,47.187522888183594,46.09962716831831,46.983540171179364,47445000
2011-09-01,46.64356994628906,47.45949558328424,46.64356994628906,47.18752037095251,47910000
2011-09-02,45.895633697509766,47.25550432558413,45.623658534395936,47.25550432558413,42191000
2011-09-05,45.28369903564453,45.62366675391137,44.80774630506922,44.94373131737768,49750000
2011-09-06,44.943729400634766,45.691657311425345,44.943729400634766,45.21570460114829,38972000
2011-09-07,46.64356994628906,46.64356994628906,45.419689272039854,45.555674284457865,40017000
2011-09-08,46.71156311035156,47.3235060498422,46.50758558885187,47.3235060498422,42602000
2011-09-09,47.11952590942383,47.66347112401947,46.847550708378265,47.255510916198865,38210000
2011-09-13,46.50758743286133,47.59548315314838,46.50758743286133,47.323507926202616,34863000
2011-09-14,45.691654205322266,47.32350010997559,45.48767670942506,47.255507611343184,60617000
2011-09-15,46.983543395996094,47.459501372509045,46.57558312148238,46.9155508814932,42178000
2011-09-16,48.34340286254883,48.95534572156744,47.799457689250694,47.867450187476074,76993000
2011-09-19,48.411399841308594,48.75136755139502,48.071432131222174,48.547390037840515,28682000
2011-09-20,47.935447692871094,48.751368131794045,47.39149727525869,48.27541540700493,46860000
2011-09-21,48.955352783203125,49.02334529123618,48.2074248198478,48.27541732788086,52306000
2011-09-22,46.915550231933594,47.935453497845195,46.915550231933594,47.73147076966437,64836000
2011-09-23,45.895633697509766,46.84754417466077,45.827641203605,46.371586342337885,85391000
2011-09-26,45.691654205322266,45.8276443900822,45.691654205322266,45.8276443900822,26574000
2011-09-27,47.5274772644043,47.73145473657241,46.71155181324826,46.8475419821882,56625000
2011-09-28,47.799461364746094,48.20742157296319,47.45949365998259,48.13942906950959,42230000
2011-09-29,47.799461364746094,48.20742157296319,47.119525955219096,47.3235034655799,39894000
2011-09-30,47.595462799072266,48.13941302034488,46.91552761622838,47.799445428922944,60198000
2011-10-03,46.64356994628906,47.59548059570225,46.30360222774833,47.59548059570225,33871000
2011-10-04,46.983543395996094,47.59548640151484,46.371600390477354,47.59548640151484,35690000
2011-10-05,46.983543395996094,47.39150367050981,46.711568150488176,46.847558366990306,30824000
2011-10-06,46.915550231933594,47.52749322897981,46.71156750375277,47.3915030143605,57224000
2011-10-07,46.983543395996094,46.9835433959961,46.9835433959961,46.9835433959961,13073000
2011-10-11,47.595462799072266,47.86743790970858,47.32348768843596,47.595462799072266,55155000
2011-10-12,47.86745071411133,47.93544321308475,47.32350034733358,47.93544321308475,41221000
2011-10-13,47.86745071411133,47.86745071411133,46.77955516805098,47.45949053277559,58272000
2011-10-14,47.799461364746094,48.13942906950959,47.527486163436194,48.13942906950959,35631000
2011-10-17,48.34340286254883,48.34340286254883,47.93544268570145,48.13942536787269,38911000
2011-10-18,48.071434020996094,48.071434020996094,47.59548128316278,47.663473790353855,25527000
2011-10-19,48.34340286254883,48.34340286254883,47.731460003530216,48.27541036432345,31141000
2011-10-20,47.39149856567383,48.071434012455356,47.323506058494836,47.935448998097364,25687000
2011-10-21,47.799461364746094,48.07143137856049,47.3235034655799,48.07143137856049,17897000
2011-10-24,48.751365661621094,48.887355852881555,48.41139796471301,48.41139796471301,50063000
2011-10-25,48.615379333496094,48.95534702114292,48.27541164584927,48.819362021082284,40816000
2011-10-26,48.88736343383789,48.95535594626402,48.343412959436485,48.547395684211054,25653000
2011-10-27,48.88736343383789,49.09134097111628,48.547395684211054,48.95535594626402,38771000
2011-10-28,49.70328140258789,50.31522435795409,49.023345938291214,49.97525662580575,90679000
2011-10-31,50.043251037597656,50.17924124812548,49.70328329252227,49.9752585260818,46670000
2011-11-01,50.179229736328125,50.31521472816303,49.635279393998665,49.97524706108084,37063000
2011-11-02,50.24724197387695,50.24724197387695,49.22733857192071,49.70329141783484,34533000
2011-11-03,49.97525405883789,50.45120678439999,49.15933361858981,50.45120678439999,36408000
2011-11-04,50.723182678222656,50.9271653847855,50.247229946236956,50.65519017186694,56744000
2011-11-07,50.99516296386719,51.131147990105674,50.519210184536256,50.99516296386719,28458000
2011-11-08,50.65518569946289,50.99515338872103,50.315218010204745,50.99515338872103,21447000
2011-11-09,50.38322067260742,50.92717116013071,50.38322067260742,50.92717116013071,17538000
2011-11-10,49.36330032348633,49.907250622847606,49.2953078329398,49.2953078329398,45120000
2011-11-11,49.90726089477539,50.043245903856935,49.36331048345807,49.97525339931616,27464000
2011-11-14,51.60710525512695,51.67509776732157,50.72318703410852,50.92716975818851,63557000
2011-11-15,51.67508316040039,51.67508316040039,50.99514785565828,51.33511550802933,35895000
2011-11-16,51.26713562011719,51.675095865768796,50.92716788415818,51.675095865768796,38931000
2011-11-17,51.47111511230469,51.67509783665839,50.85917731423593,51.131147363379306,34876000
2011-11-18,50.45119857788086,51.13113389665281,50.11123091849488,50.99514890789634,52324000
2011-11-21,49.83926010131836,50.247220248209494,49.63527743412544,49.771262420590915,21320000
2011-11-22,50.31521987915039,51.13114028867897,50.17923487339411,51.13114028867897,42423000
2011-11-23,49.90726089477539,50.65518881971502,49.7032781936575,50.31522110951559,42823000
2011-11-24,49.49928665161133,49.77125659269634,49.363296493574715,49.56727913688258,46889000
2011-11-25,48.68337631225586,49.839269669091046,48.47939879339957,49.63528696273904,36741000
2011-11-28,50.043251037597656,50.58720150471672,48.68338005729611,48.68338005729611,34892000
2011-11-29,50.043251037597656,50.4512112941889,49.56729826949056,50.17924124812548,42495000
2011-11-30,50.723182678222656,50.72318267822265,49.63528701404412,50.315222452592664,51206000
2011-12-01,52.083045959472656,52.083045959472656,51.33511812364699,51.33511812364699,78257000
2011-12-02,51.67508316040039,52.21903347919196,51.26712301505406,52.08304330574672,35285000
2011-12-05,51.87907409667969,51.87907409667969,51.2671311873652,51.67509139774302,28821000
2011-12-06,51.26713562011719,51.87907858234259,51.19914311042458,51.87907858234259,40835000
2011-12-07,51.94706344604492,52.01505594572984,51.26712807420531,52.01505594572984,40811000
2011-12-08,51.87907409667969,52.151044111934546,51.19913868355149,52.151044111934546,31661000
2011-12-09,50.38322067260742,51.67509918985301,49.97526040071311,51.67509918985301,41947000
2011-12-12,50.99516296386719,51.131147990105674,50.383219970801534,51.06315547698643,28286000
2011-12-13,51.131141662597656,51.131141662597656,50.11123852953391,50.11123852953391,29883000
2011-12-14,50.65518569946289,51.0631458890736,50.24722550985217,51.0631458890736,27551000
2011-12-15,49.29531478881836,50.3832103535553,49.29531478881836,50.3832103535553,35609000
2011-12-16,49.43131637573242,49.907274411415095,49.29533132982136,49.49931408618493,20783000
2011-12-19,49.29531478881836,49.975250165215854,48.95534710061961,49.975250165215854,24429000
2011-12-20,49.49928665161133,49.56727913688258,48.9553363944531,49.56727913688258,26756000
2011-12-21,51.67508316040039,51.67508316040039,50.383205043891444,50.92715536268301,52799000
2011-12-22,50.99516296386719,51.33513071695964,50.5872026976555,51.19914569072115,25805000
2011-12-23,51.26713562011719,51.539110846383586,50.72318516758439,51.539110846383586,28697000
2011-12-26,50.99516296386719,51.33513071695964,50.79118023701323,51.267138203840396,11293000
2011-12-27,51.33513259887695,51.33513259887695,50.79118209898962,50.859179802097856,14575000
2011-12-28,51.47111511230469,51.47111511230469,50.92716982652178,51.19914506316132,19957000
2011-12-29,51.53909683227539,51.60708932348001,51.13113151005855,51.26712167996235,24738000
2011-12-30,51.53909683227539,51.60708932348001,50.92715403644469,51.47109915357621,32240000
2012-01-02,47.45948791503906,51.267124709978916,47.45948791503906,50.99514954159146,26261000
2012-01-03,47.935447692871094,51.60710004301566,47.935447692871094,51.335124834209466,56936000
2012-01-04,47.935447692871094,51.743085053670946,47.935447692871094,51.743085053670946,56684000
2012-01-05,51.67508316040039,51.67508316040039,51.19913052207879,51.67508316040039,56718000
2012-01-06,51.40311813354492,51.60710084017434,50.92716540140391,51.60710084017434,29866000
2012-01-09,51.40311813354492,51.40311813354492,50.7231826947745,51.13114292053761,27627000
2012-01-10,52.01507568359375,52.01507568359375,51.53912281769699,51.675107868668306,56436000
2012-01-11,52.01507568359375,52.3550434985192,51.743100394153956,52.219058447547894,41075000
2012-01-12,52.35503005981445,52.42302256784751,52.01506233215332,52.151047348219436,55391000
2012-01-13,52.695011138916016,53.03497895271548,52.35504332511656,52.49102837563748,57301000
2012-01-16,51.19914245605469,52.28703815972005,50.723184519297654,51.74308771413941,37659000
2012-01-17,51.40311813354492,51.60710084017434,50.92716540140391,51.60710084017434,43605000
2012-01-18,52.15105438232422,52.15105438232421,51.40312631808877,51.60710905719687,56756000
2012-01-30,53.51091384887695,54.0548642433046,52.491010749946675,53.03496114437432,134364000
2012-01-31,53.37492752075195,53.37492752075195,51.87907175440416,53.102952330280914,84114000
2012-02-01,52.35503005981445,52.8309828035417,52.151047348219436,52.694997787475586,46150000
2012-02-02,52.21903610229492,52.69498876452491,51.74307825256998,52.69498876452491,53946000
2012-02-03,51.81107711791992,51.94706731491313,51.4031169019315,51.879074810164326,47741000
2012-02-06,52.627010345458984,52.695002860037185,52.08305985384071,52.559017830880784,47544000
2012-02-07,52.627010345458984,52.695002860037185,52.21905007049345,52.695002860037185,29943000
2012-02-08,52.695011138916016,52.695011138916016,52.2870507998561,52.695011138916016,34702000
2012-02-09,53.03496551513672,53.03496551513672,52.01506233215332,52.35503005981445,54953000
2012-02-10,52.28703689575195,53.03496484972325,52.15104669389622,53.03496484972325,42117000
2012-02-13,52.083045959472656,52.42301362916569,51.81107078621925,51.94706096659343,36380000
2012-02-14,52.559017181396484,52.62700969513448,51.811083967789656,52.4230269664242,41995000
2012-02-15,53.37492752075195,53.37492752075195,52.762984639065934,52.762984639065934,70978000
2012-02-16,53.37492752075195,53.646902711223,53.03495982953697,53.37492752075195,57944000
2012-02-17,54.39484786987305,55.14277599058442,53.986887548348385,54.054880070686345,63929000
2012-02-20,54.39484786987305,54.93879842357055,54.19086511536225,54.80280819139771,31043000
2012-02-21,54.39484786987305,54.39484786987305,53.91889502601043,54.39484786987305,27443000
2012-02-22,54.19084167480469,54.394824341081616,53.7148890368181,54.32683184815421,41090000
2012-02-23,53.10296630859375,53.98688461342495,52.83099104653056,53.71490935136176,59936000
2012-02-24,53.78289794921875,53.78289794921875,52.491019439219315,52.69500216777048,39386000
2012-02-29,55.14275360107422,55.14275360107421,53.98686562816124,54.53081077350477,77948000
2012-03-01,54.46281814575195,55.07476097182677,54.46281814575195,55.07476097182677,21169000
2012-03-02,54.39484786987305,54.462840392211,53.85089731617554,54.39484786987305,23782000
2012-03-05,53.64690017700195,54.122852847221324,53.37492499937872,53.51090999444281,22782000
2012-03-06,54.05485153198242,54.12284401842318,53.238931319704896,54.12284401842318,27703000
2012-03-07,53.78289794921875,53.918888164084954,53.51092270698261,53.71490543553379,30305000
2012-03-08,54.19084167480469,54.53080932693644,53.850874022672926,54.25883935522679,36169000
2012-03-09,54.39484786987305,54.39484786987305,53.57892722682373,54.054880070686345,22702000
2012-03-12,54.39484786987305,54.734815669059756,54.1228725930243,54.53083291454896,28913000
2012-03-13,55.278751373291016,55.278751373291016,54.4628257619259,54.802793469787474,47221000
2012-03-14,56.57063293457031,56.570632934570305,55.75471238923851,56.02668763351455,60618000
2012-03-15,56.57063293457031,56.570632934570305,56.09468014770948,56.570632934570305,30072000
2012-03-16,55.14275360107422,56.97858208378255,55.14275360107421,56.570616740406365,29079000
2012-03-19,56.91059494018555,57.25056266429059,56.02668197000992,56.91059494018555,37321000
2012-03-20,56.57063293457031,57.18257593731731,56.29866287779058,57.11458342312238,29232000
2012-03-21,57.72652816772461,57.93050571646427,56.978600114019564,57.658535651478054,61534000
2012-03-22,57.93049240112305,58.27046009171061,57.318554708061654,57.79450739988613,37740000
2012-03-23,58.06648635864258,58.066486358642585,57.38655093333645,57.794511151021005,29341000
2012-03-26,56.842594146728516,57.86249717036896,56.094666300224524,57.86249717036896,58830000
2012-03-27,58.338470458984375,58.338470458984375,57.31856716555805,57.794519960825106,34236000
2012-03-28,58.13447952270508,58.814414955719165,57.52253659549326,58.814414955719165,28246000
2012-03-29,57.18256378173828,57.454538968199216,56.70661109605306,57.454538968199216,49391000
2012-03-30,57.72652816772461,57.7265281677246,56.366657092807635,56.91060241027654,43730000
2012-04-02,57.86249542236328,57.9304879177196,57.11456759845393,57.658517936294295,23624000
2012-04-03,57.79452896118164,57.79452896118164,56.9786082743756,57.79452896118164,31241000
2012-04-05,56.502628326416016,57.11457119818129,56.502628326416016,56.63861851319452,42645000
2012-04-06,56.97858810424805,57.11457310807866,56.50263021585017,57.11457310807866,34072000
2012-04-09,56.43463897705078,56.84259918516892,55.75470356768873,55.75470356768873,23209000
2012-04-10,55.75470733642578,56.77461051940918,55.618722320359666,56.502635299781105,33332000
2012-04-11,56.02668762207031,56.774615653054404,55.55072964781039,55.754712377849835,40711000
2012-04-12,56.16264343261719,56.23063591142611,55.414715790731805,56.09465095380827,36673000
2012-04-13,57.72652816772461,57.79452068397116,56.230666872818055,56.70662486153688,44685000
2012-04-16,57.72652816772461,57.79452068397116,56.978600114019564,57.522545431488474,19461000
2012-04-17,56.97858810424805,57.72651600030715,56.70661290909146,57.72651600030715,29423000
2012-04-18,57.79452896118164,57.79452896118164,57.38656861777862,57.79452896118164,32325000
2012-04-19,58.338470458984375,58.338470458984375,57.31856716555805,57.45455219634967,31398000
2012-04-20,57.31856918334961,58.270474807393754,57.18257896027431,57.79452199537168,27633000
2012-04-23,57.31856918334961,57.52254673671768,56.70662614825224,57.25057147806367,20301000
2012-04-24,57.52253723144531,57.52253723144532,56.84260179091406,56.978591991517746,24868000
2012-04-25,57.25056457519531,57.72652251732633,57.046587046421415,57.72652251732633,31076000
2012-04-26,57.11457443237305,57.25055943935669,56.77460672741845,57.25055943935669,21008000
2012-04-27,58.47446060180664,61.05821791269916,58.47446060180663,59.15439619019973,116673000
2012-04-30,59.01839828491211,59.4263585115368,58.27046515068851,58.67843056480892,47549000
2012-05-02,60.10628128051758,60.44624892895094,59.01838584302974,59.15437082740523,47424000
2012-05-03,60.44625473022461,60.51424722893787,59.766319368101705,60.10628704916316,27641000
2012-05-04,59.56235885620117,59.83433413979054,58.950415764999356,58.950415764999356,37633000
2012-05-07,58.20247268676758,58.81441562090037,57.7945124598443,58.81441562090037,46464000
2012-05-08,57.386531829833984,58.47442711067331,57.386531829833984,58.47442711067331,45605000
2012-05-09,57.52253723144531,57.930497458264924,56.77460928436008,57.04658449807173,40753000
2012-05-10,57.99849319458008,58.27046321161567,57.31855777699999,57.79451049430783,28381000
2012-05-11,58.13447952270508,58.270464534309625,57.45454408969098,58.270464534309625,33565000
2012-05-14,58.06648635864258,58.13447886367407,57.658526140958024,57.658526140958024,13924000
2012-05-15,58.13447952270508,58.270464534309625,57.18256887898621,58.0664870169028,30654000
2012-05-16,56.70659637451172,57.45452405248914,56.706596374511726,57.25054141872536,64877000
2012-05-17,57.86249542236328,57.86249542236328,57.18256009381025,57.658517936294295,33612000
2012-05-18,55.61870193481445,57.04656483014715,55.61870193481445,57.04656483014715,57538000
2012-05-21,56.09465789794922,56.29864054712129,55.074755027077416,55.074755027077416,32372000
2012-05-22,55.89069747924805,56.36665545412993,55.89069747924804,56.23066523809383,33935000
2012-05-23,53.78289794921875,55.21076148658811,53.71490543553379,55.074776459218185,62853000
2012-05-24,54.80279541015625,54.80279541015625,53.10295681066322,53.64690723749928,40831000
2012-05-25,54.39484786987305,54.734815669059756,53.85089731617554,54.25886282519714,28205000
2012-05-28,55.48273849487305,55.55073101072225,54.25885764709799,54.39484267879641,28830000
2012-05-29,55.958675384521484,56.57061298396176,55.7546927263784,56.09466036495388,40599000
2012-05-30,55.550716400146484,55.754699081540394,54.59881105362844,55.482723902180204,75216000
2012-05-31,57.86249542236328,57.86249542236328,54.19084361067798,54.73479394851835,81199000
2012-06-01,54.326847076416016,55.550727854657374,54.326847076416016,55.550727854657374,66832000
2012-06-04,52.01507568359375,52.42303602400486,51.743100394153956,52.01507568359375,65908000
2012-06-05,53.170955657958984,53.170955657958984,52.49102013707717,52.695002868340254,37461000
2012-06-06,52.89897537231445,53.442920571357774,52.69499268048862,53.17094537808844,33650000
2012-06-07,54.25883483886719,54.258834838867195,53.44290942916959,53.986859702301324,47636000
2012-06-08,52.966976165771484,53.510921449969786,52.35503318198926,52.35503318198926,34628000
2012-06-11,54.666805267333984,54.73479776743423,54.12285489154151,54.3268375793375,36966000
2012-06-12,53.98687744140625,54.258852667338225,53.3749344799333,53.3749344799333,38319000
2012-06-13,54.39484786987305,54.93879842357055,54.054880070686345,54.93879842357055,32241000
2012-06-14,53.85088348388672,54.53081890761001,53.78289097901351,54.3948338978636,30382000
2012-06-15,53.10296630859375,54.05487713206658,53.10296630859375,53.850894388645024,83325000
2012-06-18,54.93877410888672,55.07475909337869,54.39482379592957,54.39482379592957,33626000
2012-06-19,54.73480987548828,55.00678512354899,54.39484211228649,55.00678512354899,28864000
2012-06-20,55.48273849487305,55.48273849487305,54.73481044553888,55.278760947325424,28945000
2012-06-21,54.80279541015625,55.07477062357428,54.59881789071453,54.73480290367568,27004000
2012-06-22,54.46281814575195,55.07476097182677,54.32683315662191,54.394825651186935,30162000
2012-06-25,54.12286376953125,54.938789467059514,53.782896025768494,54.938789467059514,39476000
2012-06-26,53.51091384887695,53.78288904609078,53.238943839158544,53.714896543661176,36877000
2012-06-27,53.918880462646484,54.054865470593164,53.170947356453176,53.238945047922044,31889000
2012-06-28,54.326847076416016,54.598822311857255,54.05487184097477,54.394839588402284,33067000
2012-06-29,55.278751373291016,55.278751373291016,53.91888054184469,54.12285805406432,47813000
2012-07-02,56.63862228393555,56.91059230060867,55.414736458924274,55.414736458924274,61179000
2012-07-03,57.25056457519531,57.72652251732633,56.706619310968954,56.84260433015155,59905000
2012-07-04,57.25020217895508,57.88474985450214,57.250202178955085,57.88474985450214,38922000
2012-07-05,57.10919189453125,57.81424364631559,56.89767421734876,57.81424364631559,26863000
2012-07-06,57.0386848449707,57.10918894067887,56.47464132107,57.10918894067887,38090000
2012-07-09,56.40412902832031,56.61564666382328,56.12210730735532,56.33362494285829,45026000
2012-07-10,55.769588470458984,56.33363198287752,55.41706261997679,55.98110613239533,33429000
2012-07-11,55.064544677734375,55.20555826564985,54.57101056782614,55.064544677734375,58592000
2012-07-12,53.372406005859375,54.641501085954154,53.372406005859375,54.641501085954154,68200000
2012-07-13,53.442928314208984,53.583936521829635,52.52635882731984,52.80838062167945,51423000
2012-07-16,53.23139953613281,53.79544300736786,53.23139953613281,53.79544300736786,35444000
2012-07-17,52.73786544799805,53.019881804043074,52.52634780184709,52.52634780184709,51636000
2012-07-18,52.73786544799805,53.090391272171516,52.73786544799805,52.87887362602056,37193000
2012-07-19,54.64152145385742,54.99404739872102,54.147987282696,54.147987282696,61961000
2012-07-20,54.07746124267578,54.28897889651696,53.724935405685414,53.865948967951994,48352000
2012-07-23,52.385353088378906,52.949391324560324,52.032827173596054,52.949391324560324,57404000
2012-07-24,52.73786544799805,52.73786544799805,52.31483015569613,52.38533962382458,39904000
2012-07-25,52.59684371948242,53.0198735669458,52.455835563366755,52.87886541083012,52097000
2012-07-26,53.79544448852539,54.07746085279051,53.01988334944427,53.37240918389302,46806000
2012-07-27,55.91059875488281,55.98110284501551,54.429985966509605,54.9235253556731,72384000
2012-07-30,55.69907760620117,56.68615094340027,55.55806943479427,56.40412922146954,37840000
2012-07-31,57.10919189453125,57.10919189453125,55.34656251507041,55.34656251507041,67536000
2012-08-01,56.40412902832031,56.75665483474731,55.98109913643129,56.474633113782325,35881000
2012-08-02,56.40412902832031,56.40412902832031,56.40412902832031,56.40412902832031,0
2012-08-03,56.26312255859375,56.47463482137518,55.84008727479672,56.05160491669524,46567000
2012-08-06,57.0386848449707,57.461714798337375,56.89767127443668,57.0386848449707,58403000
2012-08-07,57.391212463378906,57.3912124633789,56.897673020044685,57.32070836550769,40024000
2012-08-08,56.75666046142578,57.74373389310015,56.474638712502035,57.74373389310015,39881000
2012-08-09,58.025753021240234,58.025753021240234,57.32070137033387,57.32070137033387,54211000
2012-08-10,57.814231872558594,58.09625359166274,57.25018843435029,58.025749506665925,29859000
2012-08-13,58.307769775390625,59.08333089996304,58.166761595895956,59.08333089996304,30234000
2012-08-14,58.66029739379883,59.08333270343011,58.37828102620119,58.51928921000001,33268000
2012-08-15,58.519283294677734,59.01281726720297,58.16675749169775,59.01281726720297,27260000
2012-08-16,58.448795318603516,58.80132121874091,58.166773522669935,58.51929942280733,27999000
2012-08-17,57.814231872558594,58.660291650754154,57.81423187255859,58.51928348076052,27049000
2012-08-20,58.096256256103516,58.30776852079445,57.74373043583482,58.30776852079445,20997000
2012-08-21,58.94231414794922,59.15383178484877,58.30776661636751,58.30776661636751,36814000
2012-08-22,58.096256256103516,58.80130789664089,57.74373043583482,58.58979025283283,33548000
2012-08-23,58.307769775390625,58.378279244255204,57.95524394753671,58.096257506148625,22336000
2012-08-24,57.814231872558594,58.025749506665925,57.602714238451256,58.025749506665925,25460000
2012-08-27,58.519283294677734,58.871809097657724,58.09625340692513,58.44877920990511,25691000
2012-08-28,58.096256256103516,58.80130789664089,57.814234524065135,58.0257521678732,31760000
2012-08-29,58.307769775390625,58.51928742374987,57.88473985778938,58.237265685643294,18411000
2012-08-30,58.307769775390625,58.66029560324454,58.025753416401294,58.025753416401294,45455000
2012-08-31,58.73081970214844,58.73081970214844,58.09627197812002,58.09627197812002,13487000
2012-09-03,59.15382766723633,59.15382766723633,58.37827201778486,58.87180596404036,20728000
2012-09-04,59.22434997558594,59.22434997558594,58.87182408287411,59.22434997558594,21632000
2012-09-05,57.814231872558594,58.73080111486786,57.743727787561774,58.51928348076052,43274000
2012-09-06,57.17970275878906,58.37829410609798,57.10919865109292,58.37829410609798,25755000
2012-09-07,59.08332061767578,59.15382469515327,58.37826908466827,58.51927723962325,44441000
2012-09-10,58.871795654296875,58.942299722969906,58.660278069162125,58.7307875169508,16875000
2012-09-11,59.50636291503906,59.717875191736425,59.224341166991806,59.365349351456715,31566000
2012-09-12,59.57686233520508,59.85888406113596,59.57686233520508,59.57686233520508,37428000
2012-09-13,59.92940139770508,59.92940139770508,59.576875507130346,59.576875507130346,29565000
2012-09-14,60.986976623535156,60.98697662353516,60.281924870661925,60.35242897012565,51715000
2012-09-17,60.986976623535156,61.33950249997178,60.49344254817109,61.26899840050805,24786000
2012-09-18,60.42292785644531,60.98697136172679,60.2114155763029,60.98697136172679,35483000
2012-09-19,60.63444900512695,60.91647077399762,59.9999013699474,60.56394490768874,41915000
2012-09-20,60.14091873168945,60.63445282395813,59.999905148814,60.63445282395813,24807000
2012-09-21,60.42292785644531,60.98697136172679,60.1409114829221,60.634445515705245,50990000
2012-09-24,60.704959869384766,60.91647756439523,59.99990805817444,60.42293806907695,30299000
2012-09-25,60.56395721435547,60.77546954964965,60.42294361170709,60.49345310259074,35885000
2012-09-26,60.916481018066406,60.916481018066406,59.92940735058595,60.21142916688304,36796000
2012-09-27,61.76253128051758,61.903544855833836,60.77545776977531,61.198493116606194,53924000
2012-09-28,63.31364059448242,63.31364059448242,62.397071293885794,62.467575383366174,58535000
2012-10-01,62.6790771484375,62.89058936328277,62.25604733963111,62.89058936328277,38119000
2012-10-02,63.17262649536133,63.3136400522316,62.67909249410832,62.89060476073796,23575000
2012-10-03,63.31364059448242,63.3841446839628,62.96111476796329,63.172627036404435,26330000
2012-10-04,63.87767791748047,63.87767791748047,63.102122184334426,63.38414391796494,36462000
2012-10-05,64.15970611572266,64.37122378203696,63.736676162211765,64.15970611572266,35197000
2012-10-08,62.820106506347656,64.15970583588752,62.74960241092296,64.15970583588752,38011000
2012-10-09,61.40999984741211,62.39707326872962,61.40999984741211,61.48050393912392,60022000
2012-10-11,60.28192138671875,60.42292957749676,59.78838733987807,59.99989962604507,74170000
2012-10-12,60.845970153808594,60.845970153808594,60.14091838089827,60.35243068530048,23657000
2012-10-15,60.916481018066406,60.916481018066406,60.21142916688304,60.7049633110639,19093000
2012-10-16,61.69202423095703,61.69202423095703,61.12798071491265,61.12798071491265,29187000
2012-10-17,61.62151336669922,62.044543267701044,60.98696582563796,61.90353509373945,34739000
2012-10-18,62.11505889892578,62.18556299900995,61.33950303976387,61.33950303976387,20400000
2012-10-19,61.12797546386719,61.551010754119496,60.77544964140171,60.77544964140171,27597000
2012-10-22,60.63444900512695,60.84596667655941,60.35242723625628,60.84596667655941,20015000
2012-10-23,60.42292785644531,60.845963174965185,60.35242376306451,60.56394142232444,16134000
2012-10-24,60.21141815185547,60.91646987405725,59.99990048354783,59.99990048354783,28246000
2012-10-25,59.78837585449219,60.352413888369796,59.57685822984018,60.21140572467956,36358000
2012-10-26,61.55101776123047,62.256069486426156,60.84596603603479,60.986974229426814,65197000
2012-10-29,62.11505889892578,62.82011065800353,61.762533019386915,62.256072478212154,36010000
2012-10-30,62.04454040527344,62.749592000787906,61.83302277497238,62.60858383333172,30286000
2012-10-31,62.53807830810547,62.60858777538987,61.974040223650135,62.04454431181741,25911000
2012-11-01,62.89061737060547,62.89061737060546,61.833039688056374,62.46758737340948,35973000
2012-11-02,63.384159088134766,63.525167299139916,63.10213728700602,63.45466319363734,38858000
2012-11-05,63.666160583496094,63.666160583496094,62.60858320090723,63.38413887231572,31435000
2012-11-06,63.73668670654297,63.87769492133517,63.24314719653305,63.87769492133517,26333000
2012-11-07,64.15970611572266,64.15970611572266,63.45465440016527,63.80718025794396,22025000
2012-11-08,63.80717468261719,64.08919642002125,63.38414476606969,64.01869233044955,39566000
2012-11-09,64.01869201660156,64.08919610582763,63.102122719311055,63.66616619135401,36639000
2012-11-12,64.37122344970703,64.72374930566573,63.87768402389423,64.15970578448473,29882000
2012-11-13,63.666160583496094,64.1596945437242,62.96110899510352,64.1596945437242,37000000
2012-11-14,63.80717468261719,64.08919642002125,63.102123028665616,63.4546488556414,30190000
2012-11-15,63.59568786621094,63.877709740340265,62.74962762294279,63.38417549495382,25043000
2012-11-16,63.59568786621094,63.66619736908315,62.89063587044754,62.89063587044754,32472000
2012-11-19,63.454654693603516,63.80718055301242,63.243137026311075,63.243137026311075,23037000
2012-11-20,63.73668670654297,63.73668670654297,63.31365668304775,63.45466489783996,21424000
2012-11-21,63.80717468261719,64.08919642002125,62.89060538083325,63.66616650347376,30032000
2012-11-22,64.37122344970703,64.37122344970703,63.66617173778962,63.66617173778962,20745000
2012-11-23,67.33243560791016,67.33243560791016,64.51222888087727,64.5827329732296,63873000
2012-11-26,67.19143676757812,67.40294907405033,66.90941497983033,67.33244497189293,34282000
2012-11-27,67.89649200439453,67.89649200439453,66.48638837297715,66.69790069021867,48731000
2012-11-28,67.61444854736328,67.75545671369686,67.19141866924582,67.5439444641965,54692000
2012-11-29,68.0374755859375,68.60151898596493,67.33242402546146,67.68494980569947,48637000
2012-11-30,69.58860778808594,69.65911726862434,67.61446605272751,67.68497015414778,74919000
2012-12-03,69.0245590209961,69.51809303443213,68.24900326597492,69.30658076258125,41656000
2012-12-04,68.10797882080078,68.53100867601242,67.1914150310283,68.31949643796483,41419000
2012-12-05,68.31951141357422,68.46051960318155,66.6978903375017,66.6978903375017,60447000
2012-12-06,68.10797882080078,68.31949643796483,67.75545304493833,68.10797882080078,33074000
2012-12-07,69.16555786132812,69.44757956482586,68.46050629214209,68.46050629214209,37005000
2012-12-10,68.0374755859375,69.09505292665155,68.0374755859375,69.02454884642725,28995000
2012-12-11,69.30657958984375,69.30657958984375,68.17849264259154,68.60152793736972,40565000
2012-12-12,69.3770751953125,69.4475792761147,68.5310100883366,69.30657111451032,32453000
2012-12-13,69.94110107421875,70.08211459044995,69.02453742473627,69.30655907808304,39860000
2012-12-14,69.3770751953125,69.51808335691688,68.74252770985971,69.23606165459157,32975000
2012-12-17,68.3900146484375,68.88354868497507,67.82597113886521,67.96698470581707,46575000
2012-12-18,68.17851257324219,68.17851257324219,66.97992656530013,66.97992656530013,35265000
2012-12-19,68.60153198242188,68.60153198242188,67.82597081567613,68.17849666269963,27857000
2012-12-20,67.68497467041016,68.31952238376894,67.05042695705136,67.7554787765348,35458000
2012-12-21,66.83889770507812,68.03748334289153,66.69788414943605,67.05040996986554,34230000
2012-12-24,67.12089538574219,67.96696034687614,67.05039131709327,67.68493869316482,16019000
2012-12-25,68.0374755859375,68.60151898596493,67.40292810568576,67.68494980569947,15925000
2012-12-26,67.68497467041016,68.60154418738603,67.68497467041016,68.03750058015187,11988000
2012-12-27,67.4029541015625,68.17851004137816,67.33244999414627,67.82598412517845,24172000
2012-12-28,68.3900146484375,68.3900146484375,67.61445885711377,68.24900646060321,25594000
2013-01-02,70.22315216064453,70.43466983408828,68.4605228123396,68.8130486820006,40527000
2013-01-03,71.21021270751953,71.91526431848507,70.50516109655399,70.85768690203676,44107000
2013-01-04,71.562744140625,71.562744140625,70.50516664100985,70.8576924742149,39278000
2013-01-07,70.85769653320312,71.21022238660215,69.87062306786234,71.21022238660215,40288000
2013-01-08,70.29364776611328,70.50516541400218,69.7296096702716,70.22314367652272,31090000
2013-01-09,70.50516510009766,70.85769092559815,69.94112162764999,70.85769092559815,26137000
2013-01-10,71.21021270751953,71.21021270751953,70.15263529107122,70.43465701128082,35738000
2013-01-11,71.21021270751953,71.5627385130023,70.85768690203676,71.5627385130023,22418000
2013-01-14,71.91526794433594,71.91526794433594,70.50516465130974,71.21021629782284,23448000
2013-01-15,70.85769653320312,71.91527409340019,70.36416249009156,71.91527409340019,35617000
2013-01-16,69.94110107421875,70.85767010281685,69.94110107421875,70.85767010281685,34626000
2013-01-17,70.01162719726562,71.21021278557406,69.44758375622817,70.85768697970488,33698000
2013-01-18,71.562744140625,71.562744140625,70.8576924742149,71.562744140625,49737000
2013-01-21,70.85769653320312,71.21022238660215,70.50517067980411,71.21022238660215,17257000
2013-01-22,71.21021270751953,71.21021270751953,70.43465701128082,71.21021270751953,21797000
2013-01-23,71.21021270751953,71.5627385130023,70.50516109655399,71.5627385130023,23184000
2013-01-24,70.4346694946289,70.85769946035971,69.9411300520114,70.50517359239772,39614000
2013-01-25,69.80013275146484,70.43468048866553,69.09508090549046,70.43468048866553,47836000
2013-01-28,70.01162719726562,70.15263536796652,69.51808784157862,69.58859192692908,29117000
2013-01-29,71.21021270751953,71.5627385130023,70.29364346161756,70.50516109655399,35346000
2013-01-30,71.562744140625,71.91526997383005,70.8576924742149,71.91526997383005,27884000
2013-01-31,71.562744140625,71.562744140625,70.50516664100985,70.8576924742149,39667000
2013-02-01,71.562744140625,71.562744140625,70.8576924742149,71.562744140625,22085000
2013-02-04,72.62030792236328,72.62030792236328,71.91525638913646,71.91525638913646,33911000
2013-02-05,72.62030792236328,72.62030792236328,71.56273062252305,72.62030792236328,17175000
2013-02-06,74.03042602539062,74.03042602539062,72.62032267252604,72.9728485107422,30600000
2013-02-18,75.44053649902344,76.49811411349573,75.08801062753268,75.44053649902344,63701000
2013-02-19,75.44053649902344,76.49811411349573,75.08801062753268,76.49811411349573,21802000
2013-02-20,76.85064697265625,77.20317287620055,76.14559516556767,76.49812106911196,40532000
2013-02-21,75.44053649902344,76.49811411349573,75.44053649902344,76.49811411349573,30260000
2013-02-22,74.3829574584961,75.08800918796051,74.0304315937639,74.73548332322831,39344000
2013-02-25,74.03042602539062,75.44052937825522,74.03042602539062,75.08800354003907,35913000
2013-02-26,72.97286987304688,74.03044769729394,72.2678179902155,72.97286987304688,38440000
2013-02-27,73.67790985107422,73.67790985107422,71.21022865988992,71.91528042879972,80851000
2013-03-01,74.03042602539062,74.03042602539062,72.2677968343099,72.62032267252604,31408000
2013-03-04,71.91526794433594,73.67789706061868,71.56274212107938,73.67789706061868,50033000
2013-03-05,73.32538604736328,73.32538604736328,72.26780836398785,72.9728601529048,53913000
2013-03-06,73.32538604736328,73.67791194182176,72.62033425844633,73.32538604736328,35977000
2013-03-07,72.62030792236328,73.32535945559012,72.62030792236328,72.97283368897669,20518000
2013-03-08,72.97286987304688,73.67792175587824,71.91529204879981,72.62034393163118,44571000
2013-03-11,71.91526794433594,73.32537123736213,71.91526794433594,71.91526794433594,35709000
2013-03-12,72.2677993774414,72.62032522806308,71.56274767619809,71.91527352681975,29992000
2013-03-13,73.67790985107422,74.03043573552912,71.91528042879972,72.26780631325462,57399000
2013-03-14,73.32538604736328,73.67791194182176,72.62033425844633,73.32538604736328,32329000
2013-03-15,72.62030792236328,74.03041098881694,72.62030792236328,74.03041098881694,34424000
2013-03-18,70.85769653320312,71.91527409340019,70.85769653320312,71.91527409340019,43902000
2013-03-19,70.50516510009766,71.56274257659912,70.22314336387382,71.21021675109863,47215000
2013-03-20,69.65910339355469,70.15263738431004,69.65910339355469,70.15263738431004,61605000
2013-03-21,69.58860778808594,70.85770313012345,69.58860778808594,69.65911726862434,56415000
2013-03-22,69.09506225585938,69.87061800127516,69.09506225585938,69.51809217343914,44822000
2013-03-25,70.15264892578125,70.85770067377905,69.94113124973472,70.43467070080395,24203000
2013-03-26,69.80013275146484,70.08215456567835,69.65912453391745,69.94114096901225,27183000
2013-03-27,70.85769653320312,70.85769653320312,69.65911078329351,69.80011897300606,25674000
2013-03-28,70.50516510009766,70.85769092559815,70.01163109604386,70.50516510009766,27872000
2013-03-29,70.85769653320312,71.21022238660215,70.36416249009156,70.50517067980411,18943000
2013-04-01,71.21021270751953,71.91526431848507,70.85768690203676,71.21021270751953,15964000
2013-04-02,70.85769653320312,71.21022238660215,70.36416249009156,70.85769653320312,22291000
2013-04-03,70.85769653320312,71.56274824000117,70.50517067980411,71.56274824000117,26312000
2013-04-08,69.44760131835938,70.15265310839348,69.44760131835938,69.80012721337643,53948000
2013-04-09,68.74251556396484,69.44756700564653,68.74251556396484,69.09504128480569,40543000
2013-04-10,69.30657958984375,69.65910541608076,68.88354429506556,69.65910541608076,34877000
2013-04-11,71.562744140625,71.562744140625,69.65910679296466,69.80011497459975,54072000
2013-04-12,70.85769653320312,71.56274824000117,70.50517067980411,71.56274824000117,18954000
2013-04-15,70.08216094970703,71.21024293020324,69.87064322499934,70.85771697510323,23233000
2013-04-16,70.85769653320312,71.21022238660215,69.23607545592058,69.23607545592058,33395000
2013-04-17,70.50516510009766,71.56274257659912,70.29364745315048,71.56274257659912,35304000
2013-04-18,70.4346694946289,71.21022532832171,70.08214362666692,70.50517359239772,32242000
2013-04-19,75.08799743652344,75.08799743652344,74.38294581740115,74.38294581740115,66723000
2013-04-22,76.49810028076172,77.20315189625262,75.79304866527083,76.49810028076172,72170000
2013-04-23,74.73545837402344,75.79303561516528,74.38293262697616,75.08798412107072,45835000
2013-04-24,74.73545837402344,75.440509868118,73.6778811328816,75.08798412107072,35383000
2013-04-25,75.44053649902344,75.44053649902344,74.38295888455116,74.73548475604191,26145000
2013-04-26,76.49810028076172,76.85062608850717,75.44052285752538,75.44052285752538,36420000
2013-04-29,76.14558410644531,76.49810995878997,75.79305825410066,76.49810995878997,21008000
2013-04-30,77.20316314697266,77.20316314697266,76.49811142873547,76.49811142873547,34314000
2013-05-02,77.90821838378906,78.26074425882884,76.85064075866975,77.55569250874929,37313000
2013-05-03,77.5556640625,79.31829279119319,77.5556640625,78.61324129971591,36502000
2013-05-06,78.61325073242188,78.61325073242188,77.90819915634634,78.61325073242188,19268000
2013-05-07,79.31830596923828,79.670831773546,78.2607285563151,78.96578016493055,19273000
2013-05-08,80.7284164428711,81.08094227886616,79.31831309889081,79.31831309889081,40914000
2013-05-09,81.08094787597656,81.78599959663723,80.72842201564623,81.78599959663723,27151000
2013-05-10,80.7284164428711,81.08094227886616,80.02336477088095,81.08094227886616,27413000
2013-05-13,80.7284164428711,81.43346811486123,80.37589060687601,81.08094227886616,18197000
2013-05-14,81.4334716796875,82.13852338254193,81.08094582826028,81.4334716796875,27714000
2013-05-15,81.08094787597656,81.78599959663723,80.02337029498557,81.08094787597656,25970000
2013-05-16,80.02336120605469,81.78599030750964,79.67083538576371,81.08093866692766,44164000
2013-05-17,80.02336120605469,80.02336120605469,78.61325792489073,78.96578374518172,19214000
2013-05-20,80.37589263916016,80.37589263916016,79.31831510443436,79.31831510443436,14472000
2013-05-21,79.31830596923828,80.02335757785373,78.96578016493055,79.670831773546,17184000
2013-05-22,78.9657974243164,80.02337506839207,78.2607456615993,79.31832330567497,31200000
2013-05-23,76.14558410644531,78.61326507285789,76.14558410644531,77.90821336816859,46370000
2013-05-24,77.20316314697266,77.90821486520986,76.49811142873547,77.20316314697266,26614000
2013-05-27,78.9657974243164,78.9657974243164,77.20316801752364,77.20316801752364,19085000
2013-05-28,77.20316314697266,79.31831830168424,77.20316314697266,78.96579244256564,21209000
2013-05-29,78.2607421875,78.96579391891892,77.90821632179055,77.90821632179055,16736000
2013-05-30,77.5556640625,78.61324129971591,77.20313831676137,78.26071555397728,36088000
2013-05-31,77.20316314697266,78.61326658344704,76.85063728785407,78.61326658344704,37162000
2013-06-03,75.79306030273438,76.49811202648074,75.08800857898801,76.14558616460755,35739000
2013-06-04,76.85064697265625,77.55569877974484,75.79306926202337,76.85064697265625,27446000
2013-06-05,77.20316314697266,77.90821486520986,76.49811142873547,77.20316314697266,23334000
2013-06-06,75.79306030273438,77.2031637502271,75.44053444086119,76.49811202648074,31641000
2013-06-07,76.49810028076172,77.20315189625262,76.14557447301628,76.14557447301628,32987000
2013-06-10,76.49810028076172,77.55567770399806,76.14557447301628,77.55567770399806,21045000
2013-06-11,76.14558410644531,77.55568751582393,76.14558410644531,77.55568751582393,34785000
2013-06-13,73.67790985107422,75.44053927334872,73.32538396661931,74.73548750443892,60275000
2013-06-14,74.73545837402344,74.73545837402344,73.6778811328816,74.03040687992888,41147000
2013-06-17,74.73545837402344,74.73545837402344,74.03040687992888,74.38293262697616,22921000
2013-06-18,75.08799743652344,75.08799743652344,73.67789419827886,74.03042000784001,29969000
2013-06-19,74.3829574584961,75.08800918796051,74.0304315937639,74.73548332322831,21991000
2013-06-20,73.32538604736328,74.38296373073871,72.9728601529048,74.03043783628024,29951000
2013-06-21,72.97286987304688,72.97286987304688,71.56276610738414,71.91529204879981,38787000
2013-06-24,71.21021270751953,72.26779012396784,70.50516109655399,72.26779012396784,53521000
2013-06-25,71.21021270751953,72.62031592945061,71.21021270751953,71.21021270751953,32319000
2013-06-26,71.562744140625,73.32537330665025,71.562744140625,72.62032164024015,54819000
2013-06-27,73.67790985107422,74.03043573552912,72.62033219770952,72.62033219770952,45541000
2013-06-28,78.2607421875,78.2607421875,74.0304317989865,74.73548353040542,74198000
2013-07-01,76.14558410644531,77.20316166347928,76.14558410644531,76.85063581113462,51539000
2013-07-02,77.5556640625,77.5556640625,76.49808682528409,76.85061257102274,44320000
2013-07-03,77.55536651611328,77.55536651611328,76.4681417518687,77.55536651611328,44593000
2013-07-04,77.55536651611328,77.55536651611328,76.83055000661689,77.19295826136508,24252000
2013-07-05,79.0050048828125,79.36741316209145,77.55537176569668,77.91778004497563,28230000
2013-07-08,76.10572814941406,78.28017752511161,75.74331992013114,77.55536106654576,32729000
2013-07-09,76.83052062988281,77.1929287460615,75.01848004898935,75.74329628134673,34261000
2013-07-10,76.83052062988281,77.5553368622402,75.74329628134673,75.74329628134673,22045000
2013-07-11,79.36740112304688,79.36740112304688,77.91776822582227,77.91776822582227,55975000
2013-07-12,79.72978973388672,79.72978973388672,78.64256532842462,79.36738159873269,31046000
2013-07-15,79.36740112304688,79.36740112304688,78.28017645012842,78.64258467443457,33099000
2013-07-16,78.28018188476562,79.00499838369863,77.5553653858326,78.64259013423214,35863000
2013-07-17,79.0050048828125,79.0050048828125,77.55537176569668,78.28018832425458,36386000
2013-07-18,76.4681396484375,78.28018087233413,76.4681396484375,77.9177726275548,43963000
2013-07-19,71.17694091796875,72.26416510019786,71.17694091796875,72.04672358169692,117410000
2013-07-22,70.30719757080078,71.32194173450584,70.23471702980274,71.03201404060286,86924000
2013-07-23,72.48164367675781,73.56886833190917,71.39441902160644,71.39441902160644,85529000
2013-07-24,73.9312744140625,74.65609082988664,72.48164158241421,72.84404979032628,58261000
2013-07-25,74.29368591308594,75.01850236101848,73.20646124118711,73.93127768911967,36398000
2013-07-26,74.29368591308594,74.65609413705221,73.20646124118711,74.65609413705221,31781000
2013-07-29,72.48164367675781,73.56886833190917,72.48164367675781,72.48164367675781,38265000
2013-07-30,73.9312744140625,74.29368262197457,72.84404979032628,72.84404979032628,33818000
2013-07-31,74.29368591308594,74.65609413705221,73.20646124118711,73.5688694651534,36945000
2013-08-01,72.84405517578125,73.93127987989739,72.48164694107587,73.93127987989739,27849000
2013-08-02,72.84405517578125,74.65609634930814,72.48164694107587,74.29368811460277,27947000
2013-08-05,72.84405517578125,73.568871645192,72.40916640011696,72.48164694107587,23349000
2013-08-06,71.61186218261719,72.84404784464206,71.46689558537823,72.84404784464206,42742000
2013-08-07,70.30719757080078,71.39442227550389,70.30719757080078,71.39442227550389,45468000
2013-08-08,69.872314453125,70.37968381110862,69.07501737776018,69.58238673574381,55550000
2013-08-09,69.872314453125,72.48165284973314,69.872314453125,72.48165284973314,47046000
2013-08-12,69.58238983154297,70.08975921210003,69.29246210126257,69.87231756182337,33389000
2013-08-13,70.45215606689453,70.59712267348053,69.58237854702101,69.58237854702101,34361000
2013-08-14,70.1622543334961,70.52466266057012,69.43743767934804,69.58239879821276,41618000
2013-08-15,69.58238983154297,69.87231756182337,69.0750204509859,69.87231756182337,42647000
2013-08-16,69.94477844238281,70.6695947992987,69.00251496642818,69.14748155575734,37509000
2013-08-19,69.219970703125,69.65485946543475,69.07500962565862,69.219970703125,49081000
2013-08-20,68.42266845703125,69.14748484846186,68.42266845703125,69.0025182522296,41635000
2013-08-22,68.4951400756836,68.78506770050436,67.33543510631,67.40791563003782,60185000
2013-08-23,70.30719757080078,70.52464472370573,69.21997286609768,69.36493394809376,44276000
2013-08-26,70.1622543334961,70.74210433886721,69.65487935764513,70.74210433886721,18663000
2013-08-27,69.29246520996094,70.16224843982359,69.29246520996094,69.58239295324849,22435000
2013-08-28,70.1622543334961,70.52466266057012,68.93006270349707,69.29247103057111,34586000
2013-08-29,71.53939056396484,71.68435719047484,70.23472410484304,70.23472410484304,36841000
2013-08-30,72.84405517578125,72.84405517578125,71.61186938974728,72.1917192473294,37275000
2013-09-02,73.9312744140625,73.9312744140625,72.19171391010248,72.48164158241421,30751000
2013-09-03,73.9312744140625,74.65609082988664,73.56886620615043,74.65609082988664,31074000
2013-09-04,72.84405517578125,73.568871645192,72.48164694107587,72.84405517578125,25183000
2013-09-05,73.5688705444336,73.5688705444336,72.48164585658482,72.84405408586774,30002000
2013-09-06,73.9312744140625,73.9312744140625,73.20645799823835,73.9312744140625,24631000
2013-09-09,74.65607452392578,74.65607452392578,73.2064420088981,74.29366639516886,32515000
2013-09-10,75.74332427978516,75.74332427978516,74.29369127921511,74.65609952935762,37304000
2013-09-11,75.74332427978516,75.74332427978516,74.29369127921511,74.65609952935762,40290000
2013-09-12,75.01852416992188,75.74334082856846,74.65611584059859,74.65611584059859,32814000
2013-09-13,74.29368591308594,74.65609413705221,73.93127768911967,74.29368591308594,22273000
2013-09-16,76.4681396484375,76.4681396484375,75.38091491409952,75.38091491409952,40590000
2013-09-17,76.4681396484375,76.4681396484375,75.74332315887885,76.4681396484375,25402000
2013-09-18,74.65607452392578,76.46811516771038,74.65607452392578,76.10570703895345,28113000
2013-09-23,76.4681396484375,76.83054789321683,74.29369017976155,74.65609842454087,51403000
2013-09-24,76.10572814941406,76.46813637869698,75.38091169084821,76.10572814941406,28633000
2013-09-25,74.65607452392578,75.74329891019654,74.65607452392578,75.74329891019654,31708000
2013-09-26,73.5688705444336,75.01850346156529,73.5688705444336,75.01850346156529,23012000
2013-09-27,74.65607452392578,75.01848265268269,73.93125826641193,75.01848265268269,26146000
2013-09-30,72.84405517578125,73.93127987989739,72.48164694107587,72.84405517578125,45308000
2013-10-01,73.5688705444336,74.29368700299943,72.84405408586774,72.84405408586774,22557000
2013-10-02,74.65607452392578,75.01848265268269,73.93125826641193,75.01848265268269,14186000
2013-10-03,76.10572814941406,76.8305446079799,74.65609523228237,75.01850346156529,50622000
2013-10-04,75.38092041015625,76.1057369525616,75.01851213895357,75.74332868135892,19872000
2013-10-07,74.65607452392578,75.38089078143962,73.93125826641193,75.01848265268269,20847000
2013-10-08,76.10572814941406,76.46813637869698,74.65609523228237,75.01850346156529,21082000
2013-10-09,76.10572814941406,76.46813637869698,74.65609523228237,75.38091169084821,22183000
2013-10-11,77.19294738769531,77.91776379509152,76.10572277660101,76.10572277660101,56367000
2013-10-14,76.10572814941406,77.19295283726284,76.10572814941406,77.19295283726284,18568000
2013-10-15,77.55536651611328,77.55536651611328,76.83055000661689,77.19295826136508,21383000
2013-10-16,76.83052062988281,78.28015309459758,76.83052062988281,78.28015309459758,18482000
2013-10-17,77.55536651611328,78.28018302560966,77.55536651611328,77.91777477086147,28095000
2013-10-18,79.72978973388672,79.72978973388672,78.64256532842462,78.64256532842462,58487000
2013-10-21,79.72978973388672,80.81701413934881,79.36738159873269,80.45460600419477,40443000
2013-10-22,80.81702423095703,80.81702423095703,79.36739150932551,79.7297996897334,38261000
2013-10-23,80.45462799072266,80.8170362249151,79.72981152233777,80.45462799072266,21861000
2013-10-24,79.72978973388672,79.72978973388672,78.64256532842462,79.00497346357865,21193000
2013-10-25,77.55536651611328,79.00499953510605,77.19295826136508,78.64259128035785,36027000
2013-10-28,79.36740112304688,79.36740112304688,77.91776822582227,78.28017645012842,21177000
2013-10-29,79.36740112304688,79.36740112304688,78.28017645012842,78.64258467443457,21491000
2013-10-30,79.72978973388672,79.72978973388672,79.00497346357865,79.00497346357865,16582000
2013-10-31,79.36740112304688,79.36740112304688,78.28017645012842,78.64258467443457,22472000
2013-11-01,79.36740112304688,80.09221757165918,78.64258467443457,80.09221757165918,10837000
2013-11-04,79.0050048828125,79.0050048828125,78.28018832425458,78.28018832425458,9601000
2013-11-05,77.19294738769531,79.00498840618582,77.19294738769531,78.64258020248771,20304000
2013-11-06,77.55536651611328,77.91777477086147,77.19295826136508,77.19295826136508,16437000
2013-11-07,77.55536651611328,77.91777477086147,76.83055000661689,77.55536651611328,15925000
2013-11-08,76.83052062988281,77.1929287460615,76.10570439752543,76.10570439752543,30518000
2013-11-11,75.74332427978516,76.8305490302127,75.74332427978516,76.10573252992766,21451000
2013-11-12,76.10572814941406,76.8305446079799,75.74331992013114,76.8305446079799,31600000
2013-11-13,74.65607452392578,76.10570703895345,74.65607452392578,76.10570703895345,26650000
2013-11-14,75.01852416992188,75.74334082856846,75.01852416992188,75.38093249924518,29904000
2013-11-15,75.38092041015625,75.74332868135892,75.01851213895357,75.01851213895357,19182000
2013-11-18,75.38092041015625,76.1057369525616,75.38092041015625,75.74332868135892,25261000
2013-11-19,76.10572814941406,76.46813637869698,75.38091169084821,75.74331992013114,34470000
2013-11-20,74.65607452392578,75.38089078143962,74.29366639516886,75.38089078143962,45380000
2013-11-21,73.20645141601562,74.65608411732286,72.84404324068882,73.93126776666925,56509000
2013-11-22,72.48164367675781,73.56886833190917,72.48164367675781,72.48164367675781,56921000
2013-11-25,73.20645141601562,74.29367594199606,73.20645141601562,73.20645141601562,30887000
2013-11-26,75.01852416992188,76.10574915789176,73.5688908526287,73.931299181952,44922000
2013-11-27,76.10572814941406,76.46813637869698,75.74331992013114,76.10572814941406,21779000
2013-11-28,76.10572814941406,76.46813637869698,75.74331992013114,76.10572814941406,22729000
2013-11-29,76.10572814941406,76.10572814941406,75.38091169084821,75.74331992013114,34425000
2013-12-02,75.74332427978516,76.46814078007019,75.38091602964265,76.10573252992766,18860000
2013-12-03,75.38092041015625,76.1057369525616,75.01851213895357,75.38092041015625,21820000
2013-12-04,76.10572814941406,76.46813637869698,75.01850346156529,75.01850346156529,23415000
2013-12-05,75.38092041015625,76.1057369525616,75.01851213895357,76.1057369525616,25185000
2013-12-06,74.65607452392578,75.74329891019654,74.65607452392578,74.65607452392578,25116000
2013-12-09,76.10572814941406,76.10572814941406,75.38091169084821,75.38091169084821,23911000
2013-12-10,75.38092041015625,76.1057369525616,75.38092041015625,75.74332868135892,22217000
2013-12-11,76.10572814941406,76.10572814941406,75.01850346156529,75.01850346156529,24563000
2013-12-12,74.65607452392578,75.74329891019654,74.65607452392578,75.74329891019654,18272000
2013-12-13,74.29368591308594,75.01850236101848,74.29368591308594,74.29368591308594,28244000
2013-12-16,73.9312744140625,74.65609082988664,73.9312744140625,74.29368262197457,18669000
2013-12-17,75.01852416992188,75.74334082856846,74.65611584059859,74.65611584059859,26199000
2013-12-18,73.20645141601562,74.65608411732286,73.20645141601562,74.29367594199606,55359000
2013-12-19,74.29368591308594,74.65609413705221,73.5688694651534,73.93127768911967,27684000
2013-12-20,73.9312744140625,75.0184990377987,73.56886620615043,73.56886620615043,37568000
2013-12-23,75.38092041015625,75.74332868135892,74.6561038677509,74.6561038677509,28261000
2013-12-24,74.65607452392578,75.38089078143962,74.65607452392578,75.38089078143962,13997000
2013-12-25,74.65607452392578,75.01848265268269,74.29366639516886,74.29366639516886,9762000
2013-12-26,75.38092041015625,75.38092041015625,74.6561038677509,74.6561038677509,6738000
2013-12-27,75.74332427978516,75.74332427978516,74.65609952935762,75.01850777950013,24086000
2013-12-30,76.83052062988281,76.83052062988281,75.38088816516805,75.38088816516805,44182000
2013-12-31,76.4681396484375,76.83054789321683,76.10573140365818,76.4681396484375,24400000
2014-01-02,75.74332427978516,76.46814078007019,75.01850777950013,76.10573252992766,15071000
2014-01-03,74.29368591308594,74.65609413705221,73.93127768911967,74.65609413705221,38599000
2014-01-06,74.29368591308594,74.65609413705221,73.93127768911967,73.93127768911967,23706000
2014-01-07,73.9312744140625,74.65609082988664,73.9312744140625,74.29368262197457,15836000
2014-01-08,75.38092041015625,75.74332868135892,74.29369559654822,74.6561038677509,30218000
2014-01-09,73.20645141601562,74.65608411732286,72.84404324068882,74.29367594199606,63998000
2014-01-10,73.9312744140625,74.29368262197457,73.56886620615043,73.9312744140625,33266000
2014-01-13,74.65607452392578,75.01848265268269,74.29366639516886,74.65607452392578,19545000
2014-01-14,75.01852416992188,75.01852416992188,73.931299181952,74.29370751127529,21639000
2014-01-15,76.10572814941406,76.8305446079799,75.38091169084821,75.38091169084821,54299000
2014-01-16,77.55536651611328,77.91777477086147,76.83055000661689,76.83055000661689,49437000
2014-01-17,77.91777038574219,78.64258685444676,77.5553621513899,78.28017862009447,53446000
2014-01-20,77.91777038574219,78.64258685444676,77.5553621513899,77.5553621513899,24245000
2014-01-21,77.19294738769531,78.64258020248771,76.83053918399722,78.64258020248771,24568000
2014-01-22,77.91777038574219,77.91777038574219,76.83054568268533,76.83054568268533,28698000
2014-01-23,77.91777038574219,78.64258685444676,77.91777038574219,78.64258685444676,27910000
2014-01-24,78.28018188476562,78.64259013423214,77.5553653858326,77.5553653858326,33999000
2014-01-27,76.10572814941406,77.19295283726284,75.38091169084821,76.8305446079799,64827000
2014-02-05,72.84405517578125,73.93127987989739,72.84405517578125,73.93127987989739,145517000
2014-02-06,73.9312744140625,74.65609082988664,73.20645799823835,73.20645799823835,71895000
2014-02-07,75.38092041015625,75.74332868135892,74.6561038677509,75.01851213895357,54104000
2014-02-10,74.65607452392578,75.74329891019654,74.65607452392578,75.38089078143962,26221000
2014-02-11,75.74332427978516,76.10573252992766,75.38091602964265,75.74332427978516,21030000
2014-02-12,76.10572814941406,76.46813637869698,75.74331992013114,76.10572814941406,22692000
2014-02-13,76.10572814941406,76.8305446079799,76.10572814941406,76.10572814941406,19561000
2014-02-14,77.91777038574219,77.91777038574219,77.19295391703761,77.19295391703761,42658000
2014-02-17,78.642578125,78.642578125,77.91776173675116,78.28016993087559,33403000
2014-02-18,78.28018188476562,78.64259013423214,77.91777363529911,78.64259013423214,22196000
2014-02-19,78.28018188476562,78.28018188476562,77.5553653858326,78.28018188476562,26867000
2014-02-20,77.19294738769531,77.55535559139341,76.83053918399722,77.19294738769531,28429000
2014-02-21,77.91777038574219,77.91777038574219,77.5553621513899,77.5553621513899,31448000
2014-02-24,77.55536651611328,78.28018302560966,76.83055000661689,77.91777477086147,32033000
2014-02-25,78.28018188476562,78.28018188476562,77.1929571363661,77.91777363529911,31499000
2014-02-26,77.91777038574219,78.28017862009447,77.5553621513899,77.91777038574219,34908000
2014-02-27,78.28018188476562,78.28018188476562,77.91777363529911,77.91777363529911,48583000
2014-03-03,78.28018188476562,78.28018188476562,77.1929571363661,78.28018188476562,51435000
2014-03-04,77.91777038574219,78.28017862009447,77.91777038574219,78.28017862009447,47911000
2014-03-05,79.72978973388672,79.72978973388672,78.64256532842462,78.64256532842462,54846000
2014-03-06,81.90426635742188,82.26667461564057,79.7298168081098,79.7298168081098,69737000
2014-03-07,82.99148559570312,83.35389382974549,82.26666912761839,82.62907736166075,65651000
2014-03-10,81.90426635742188,82.99149113207793,81.5418580992032,82.99149113207793,37846000
2014-03-11,82.62907409667969,82.99148231640197,82.2666658769574,82.2666658769574,28415000
2014-03-12,81.90426635742188,81.90426635742188,81.17944984098452,81.5418580992032,18376000
2014-03-13,84.44110870361328,85.16592508733528,83.71629231989128,84.44110870361328,56987000
2014-03-14,83.35389709472656,83.7163053429645,82.62908059825068,83.35389709472656,44655000
2014-03-17,82.62907409667969,83.35389053612424,81.90425765723512,82.99148231640197,33845000
2014-03-18,82.99148559570312,83.35389382974549,82.26666912761839,82.99148559570312,37464000
2014-03-19,82.99148559570312,83.35389382974549,82.26666912761839,82.99148559570312,32171000
2014-03-20,81.17945098876953,82.2666757787977,81.17945098876953,81.90426751545498,45292000
2014-03-21,81.54183959960938,82.62906412760417,81.17943142361112,82.62906412760417,60088000
2014-03-24,81.54183959960938,81.54183959960938,80.81702324761285,80.81702324761285,28463000
2014-03-25,82.26666259765625,82.26666259765625,80.81702977655218,80.81702977655218,38029000
2014-03-26,83.71630096435547,84.07870919363839,82.99148450578961,83.71630096435547,43314000
2014-03-27,84.0787124633789,84.0787124633789,82.62907948987238,82.99148773324902,30745000
2014-03-28,85.1659164428711,85.1659164428711,83.71628382256691,84.07869197764296,43654000
2014-03-31,85.89075469970703,85.89075469970703,84.44112170899467,85.52834645202894,46921000
2014-04-01,86.61556243896484,86.61556243896484,85.89074601688145,86.25315422792315,40015000
2014-04-02,86.97797393798828,87.70279038747151,86.25315748850504,87.3403821627299,43151000
2014-04-03,85.89075469970703,86.2531629473851,85.16593820435085,85.89075469970703,36937000
2014-04-07,85.1659164428711,85.52832459794715,84.441100132719,85.1659164428711,45015000
2014-04-08,86.25314331054688,86.61555147571724,84.80351064986542,84.80351064986542,39873000
2014-04-09,86.25314331054688,86.9779596408876,86.25314331054688,86.61555147571724,28578000
2014-04-10,86.61556243896484,86.61556243896484,85.89074601688145,86.25315422792315,25612000
2014-04-11,86.97797393798828,86.97797393798828,85.52834103902181,85.89074926376342,34449000
2014-04-14,87.34037780761719,87.7027860142878,86.97796960094658,86.97796960094658,30297000
2014-04-15,88.7900161743164,88.7900161743164,87.70279148646763,88.06519971575055,28525000
2014-04-16,87.70278930664062,88.79001396746675,87.70278930664062,88.06519752691601,49971000
2014-04-17,86.97797393798828,88.06519861221314,86.25315748850504,87.3403821627299,35783000
2014-04-18,89.15243530273438,89.15243530273438,87.70280220838096,88.79002702914602,32741000
2014-04-21,88.06520080566406,88.42760903943223,87.7027925718959,88.42760903943223,21736000
2014-04-22,88.06520080566406,88.79001727320039,87.34038433812773,87.7027925718959,22674000
2014-04-23,87.70278930664062,89.15242218774213,87.34038108636526,89.15242218774213,31054000
2014-04-24,87.70278930664062,87.70278930664062,86.97797286608989,87.70278930664062,24389000
2014-04-25,85.89075469970703,87.70279593809747,85.52834645202894,87.70279593809747,49361000
2014-04-28,86.25314331054688,86.9779596408876,85.16591881503578,85.89073514537651,28017000
2014-04-29,87.34037780761719,87.7027860142878,86.25315318760536,87.34037780761719,21769000
2014-04-30,85.89075469970703,87.34038769041938,84.80352995667276,86.97797944274129,43654000
2014-05-02,85.52833557128906,86.61556017600884,84.80351916814254,86.25315197443558,42629000
2014-05-05,84.80352020263672,85.52833661462506,84.07870379064838,85.16592840863089,28604000
2014-05-06,85.52833557128906,86.25315197443558,84.4411109665693,84.80351916814254,27491000
2014-05-07,85.89075469970703,86.2531629473851,85.16593820435085,85.52834645202894,33234000
2014-05-08,86.61556243896484,86.97797065000654,86.25315422792315,86.61556243896484,27052000
2014-05-09,86.97797393798828,86.97797393798828,86.25315748850504,86.97797393798828,22485000
2014-05-12,85.89075469970703,86.97797944274129,85.16593820435085,86.6155711950632,35472000
2014-05-13,87.34037780761719,87.7027860142878,86.61556139427597,86.97796960094658,24007000
2014-05-14,88.4276123046875,88.4276123046875,87.34038756323643,87.70279581038679,32763000
2014-05-15,88.4276123046875,88.4276123046875,87.34038756323643,87.70279581038679,16779000
2014-05-16,88.4276123046875,89.15242879898823,87.70279581038679,88.4276123046875,28390000
2014-05-19,87.70278930664062,88.79001396746675,87.70278930664062,88.42760574719138,18373000
2014-05-20,87.70278930664062,88.42760574719138,87.70278930664062,88.42760574719138,25192000
2014-05-21,87.34037780761719,88.42760242762903,87.34037780761719,88.42760242762903,24178000
2014-05-22,88.4276123046875,88.4276123046875,87.70279581038679,88.06520405753714,26290000
2014-05-23,88.4276123046875,88.79002055183787,87.70279581038679,87.70279581038679,31726000
2014-05-26,89.15243530273438,89.51484357632272,88.42761875555766,89.15243530273438,19792000
2014-05-27,89.51481628417969,89.87722444727353,88.789999957992,88.789999957992,18012000
2014-05-28,89.87723541259766,89.87723541259766,88.79001079067108,89.87723541259766,36670000
2014-05-29,88.4276123046875,89.87724529328894,88.06520405753714,89.51483704613858,43028000
2014-05-30,86.61556243896484,88.79001170521501,86.61556243896484,88.42760349417331,69042000
2014-06-03,88.7900161743164,88.7900161743164,86.97797502790178,86.97797502790178,37556000
2014-06-04,89.51481628417969,89.87722444727353,89.15240812108584,89.51481628417969,33407000
2014-06-05,89.15243530273438,89.51484357632272,88.06521048196932,89.15243530273438,19524000
2014-06-06,88.7900161743164,89.51483263288225,88.42760794503349,89.51483263288225,19230000
2014-06-09,89.15243530273438,89.51484357632272,88.79002702914602,88.79002702914602,19684000
2014-06-10,90.2396469116211,90.2396469116211,88.79001402950671,89.1524222500353,25050000
2014-06-11,90.60205841064453,90.60205841064453,89.5148337097168,89.87724194335938,27770000
2014-06-12,89.51481628417969,89.87722444727353,89.15240812108584,89.87722444727353,22138000
2014-06-13,89.15243530273438,89.51484357632272,88.79002702914602,89.15243530273438,17160000
2014-06-16,89.87723541259766,89.87723541259766,88.79001079067108,88.79001079067108,13550000
2014-06-17,90.60205841064453,90.60205841064453,89.15242547607421,89.87724194335938,19795000
2014-06-18,90.9644546508789,91.68927102259906,89.87723009329868,90.60204646501883,37238000
2014-06-19,91.3268814086914,91.3268814086914,90.23965663001651,90.23965663001651,17873000
2014-06-20,90.2396469116211,92.05168801426409,89.8772386910925,91.6892797937355,30094000
2014-06-23,89.15243530273438,90.96447667067612,89.15243530273438,90.60206839708778,25096000
2014-06-24,89.15243530273438,89.51484357632272,88.42761875555766,89.15243530273438,33225000
2014-06-25,89.51481628417969,90.23963261036738,89.15240812108584,89.15240812108584,30757000
2014-06-26,90.2396469116211,90.6020551321497,89.5148304705639,90.2396469116211,30279000
2014-06-27,90.9644546508789,91.68927102259906,89.87723009329868,90.60204646501883,44396000
2014-06-30,91.68929290771484,92.05170118007736,90.60206809062731,91.32688463535234,33280000
2014-07-01,92.7765121459961,93.13892039656639,91.3268791437149,91.6892873942852,32922000
2014-07-02,96.03817749023438,96.03817749023438,93.50131997162441,93.86372818856869,51457000
2014-07-03,97.4878158569336,97.85022409431997,94.58854995784263,95.31336643261537,40176000
2014-07-04,97.8502426147461,98.57505922670717,95.67579277886284,96.76301769680447,44006000
2014-07-07,98.57505798339844,98.57505798339844,96.03819987353157,97.48783307916979,32123000
2014-07-08,97.4878158569336,98.5750405690927,97.12540761954722,98.21263233170633,36117000
2014-07-09,97.12541198730469,97.85022849467263,96.76300373362072,96.76300373362072,39145000
2014-07-10,97.4878158569336,98.5750405690927,97.4878158569336,97.4878158569336,47098000
2014-07-11,98.93744659423828,100.02467128208706,98.21263013567243,98.57503836495536,43144000
2014-07-14,98.19627380371094,99.67848171018204,98.19627380371094,99.67848171018204,46321000
2014-07-15,98.56681823730469,99.30792213382577,98.19626628904415,98.56681823730469,36989000
2014-07-16,96.71406555175781,98.93737740352236,96.34351357646372,98.56682542822827,39065000
2014-07-17,92.2674331665039,93.00853704735937,91.15577734522073,92.63798510693164,136198000
2014-07-18,91.5263442993164,91.89689630052821,90.04413629446918,90.04413629446918,95711000
2014-07-21,91.5263442993164,92.26744830174002,90.7852402968928,91.89689630052821,56612000
2014-07-22,92.2674331665039,92.63798510693164,90.78522540479301,91.52632928564846,53220000
2014-07-23,92.2674331665039,92.2674331665039,92.2674331665039,92.2674331665039,0
2014-07-24,92.63797760009766,92.63797760009766,91.89687377929688,92.26742568969728,65602000
2014-07-25,91.15579986572266,92.63800799362058,90.78524783374817,92.2674559616461,31299000
2014-07-28,90.04412841796875,90.7852323555652,89.67357644917053,90.41468038676697,43425000
2014-07-29,91.89689636230469,91.89689636230469,90.41468835646107,90.78524035792196,37994000
2014-07-30,92.2674331665039,92.63798510693164,91.15577734522073,91.52632928564846,32381000
2014-07-31,89.67359161376953,91.89690380254068,89.67359161376953,91.89690380254068,44748000
2014-08-01,88.93246459960938,89.67356847127277,88.56191266377766,88.93246459960938,52455000
2014-08-04,91.5263442993164,91.5263442993164,88.93248029083375,88.93248029083375,39633000
2014-08-05,88.56192779541016,90.78523979027402,88.56192779541016,90.78523979027402,61184000
2014-08-06,89.30302429199219,90.04412822802531,88.19136838794249,88.19136838794249,34561000
2014-08-07,90.04412841796875,90.04412841796875,88.56192054277585,89.3030244803723,29493000
2014-08-08,89.30302429199219,89.67357626000876,88.56192035595906,89.30302429199219,35075000
2014-08-11,89.30302429199219,89.67357626000876,88.56192035595906,88.93247232397562,42890000
2014-08-12,90.04412841796875,90.41468038676697,89.3030244803723,89.67357644917053,32237000
2014-08-13,90.78524780273438,91.52635186643018,89.3030396753428,89.6735917071907,39756000
2014-08-14,91.89689636230469,91.89689636230469,91.15579235938287,91.52634436084378,32907000
2014-08-15,91.89689636230469,92.6380003652265,91.15579235938287,92.2674483637656,19151000
2014-08-18,91.15579986572266,91.89690392967162,90.78524783374817,91.89690392967162,14578000
2014-08-19,91.89689636230469,92.6380003652265,91.52634436084378,91.89689636230469,31575000
2014-08-20,93.0085678100586,93.0085678100586,92.26746368408203,92.63801574707031,28876000
2014-08-21,92.2674331665039,93.37908898778709,91.89688122607619,93.37908898778709,22562000
2014-08-22,93.0085678100586,93.37911987304688,91.52635955810547,92.26746368408203,42715000
2014-08-25,92.63797760009766,93.37908142089844,92.63797760009766,93.00852951049805,20077000
2014-08-26,92.2674331665039,93.00853704735937,91.89688122607619,92.63798510693164,28801000
2014-08-27,93.0085678100586,93.37911987304688,92.26746368408203,93.0085678100586,36779000
2014-08-28,92.63797760009766,93.37908142089844,92.26742568969728,93.37908142089844,21587000
2014-08-29,91.89689636230469,92.6380003652265,91.89689636230469,92.2674483637656,28324000
2014-09-01,95.23186492919922,95.23186492919922,92.63800090389029,92.63800090389029,36304000
2014-09-02,93.37910461425781,94.86131262400794,93.00855261182028,94.86131262400794,19182000
2014-09-03,94.8613052368164,94.8613052368164,93.00854536890984,94.12020128965378,24561000
2014-09-04,94.49076843261719,94.86132046568628,93.37911233340992,94.86132046568628,21641000
2014-09-05,94.12020111083984,95.23185702947181,93.00854519220788,95.23185702947181,20096000
2014-09-09,94.12020111083984,94.49075308371717,93.74964913796252,94.49075308371717,22090000
2014-09-10,92.63797760009766,93.37908142089844,91.89687377929688,93.37908142089844,29294000
2014-09-11,92.63797760009766,93.37908142089844,92.63797760009766,93.37908142089844,22827000
2014-09-12,91.15579986572266,92.63800799362058,91.15579986572266,92.2674559616461,19798000
2014-09-15,91.5263442993164,91.5263442993164,90.41468829568099,90.7852402968928,19518000
2014-09-16,90.78524780273438,91.15579983458227,90.41469577088648,91.15579983458227,19187000
2014-09-17,92.2674331665039,92.63798510693164,91.15577734522073,91.52632928564846,23504000
2014-09-18,92.63797760009766,92.63797760009766,91.52632186889649,92.26742568969728,14726000
2014-09-19,92.63797760009766,93.37908142089844,92.63797760009766,93.00852951049805,30603000
2014-09-22,90.4146957397461,91.89690386662718,90.4146957397461,91.89690386662718,39365000
2014-09-23,90.78524780273438,91.52635186643018,90.41469577088648,91.15579983458227,15286000
2014-09-24,91.15579986572266,91.89690392967162,90.41469580177369,90.41469580177369,27613000
2014-09-25,90.4146957397461,91.89690386662718,90.04414370802583,91.15579980318664,23213000
2014-09-26,89.67359161376953,90.04414364523139,89.30303958230768,89.67359161376953,23545000
2014-09-29,89.30302429199219,90.41468019604189,88.93247232397562,90.41468019604189,54783000
2014-09-30,88.93246459960938,89.67356847127277,88.19136072794596,88.93246459960938,44070000
2014-10-01,90.04412841796875,90.41468038676697,88.93247251157408,88.93247251157408,42211000
2014-10-02,89.67359161376953,90.7852477081551,89.30303958230768,89.67359161376953,30761000
2014-10-03,92.2674331665039,92.63798510693164,90.41467346436528,90.78522540479301,52003000
2014-10-06,93.37910461425781,93.37910461425781,91.89689660450769,92.63800060938276,37186000
2014-10-07,92.63797760009766,93.00852951049805,91.52632186889649,92.63797760009766,39986000
2014-10-08,90.78524780273438,92.63800796197386,90.78524780273438,91.52635186643018,29221000
2014-10-09,92.63797760009766,92.63797760009766,91.52632186889649,91.89687377929688,35347000
2014-10-13,89.30302429199219,90.04412822802531,87.45026445190936,88.19136838794249,69183000
2014-10-14,89.67359161376953,90.04414364523139,88.56193551938395,88.93248755084582,31862000
2014-10-15,90.04412841796875,91.15578432436342,89.67357644917053,90.04412841796875,43922000
2014-10-16,90.04412841796875,91.89688826195989,88.93247251157408,90.04412841796875,45527000
2014-10-17,91.5263442993164,93.00855230416363,91.5263442993164,92.63800030295182,91597000
2014-10-20,93.37910461425781,93.37910461425781,92.26744860694522,92.63800060938276,38276000
2014-10-21,92.63797760009766,93.37908142089844,92.26742568969728,93.37908142089844,25582000
2014-10-22,95.6024169921875,95.6024169921875,94.49076098065044,94.49076098065044,64167000
2014-10-23,94.49076843261719,95.23187249875537,94.49076843261719,94.86132046568628,26374000
2014-10-24,93.0085678100586,94.49077606201172,92.63801574707031,94.12022399902344,42082000
2014-10-27,94.8613052368164,94.8613052368164,93.74964931607246,93.74964931607246,25119000
2014-10-28,94.8613052368164,95.97296115756035,94.49075326323509,95.60240918397903,34984000
2014-10-29,95.6024169921875,95.97296899603319,94.86131298449612,95.6024169921875,34583000
2014-10-30,95.23186492919922,95.60241693281478,94.12020891835255,95.23186492919922,35688000
2014-10-31,96.71406555175781,96.71406555175781,94.49075369999326,94.86130567528735,41983000
2014-11-03,97.0846176147461,98.1962735416325,96.7140656391173,97.8257215660037,44912000
2014-11-04,97.82572174072266,97.82572174072266,97.08461778814143,97.82572174072266,32171000
2014-11-05,97.82572174072266,97.82572174072266,97.08461778814143,97.45516976443204,22440000
2014-11-06,97.82572174072266,98.19627371701328,97.45516976443204,98.19627371701328,28374000
2014-11-07,97.0846176147461,97.4551695903749,96.7140656391173,97.4551695903749,16709000
2014-11-10,99.67849731445312,99.67849731445312,97.82573714132202,98.19628917594824,42569000
2014-11-11,99.30794525146484,100.04904932050563,98.56684118242406,100.04904932050563,20451000
2014-11-12,97.82572174072266,99.67848162217574,97.45516976443204,99.67848162217574,27373000
2014-11-13,99.30794525146484,99.67849728598523,98.19628914790367,98.93739321694446,24882000
2014-11-14,100.04904174804688,100.04904174804688,98.93738572862414,99.30793773509838,23655000
2014-11-17,98.56681823730469,100.4195779786074,98.19626628904415,100.04902603034687,23562000
2014-11-18,97.4551773071289,99.67848933694934,97.08462530215884,99.30793733197928,42688000
2014-11-19,100.79015350341797,101.160705538357,98.19628925884471,98.56684129378375,70920000
2014-11-20,103.01343536376953,103.01343536376953,101.5312276606937,101.90177958646267,44092000
2014-11-21,102.64289855957031,103.38400252028924,101.9017945988514,103.38400252028924,30388000
2014-11-24,102.64289855957031,104.12510648100816,102.27234657921086,103.7545545006487,33292000
2014-11-25,103.01343536376953,103.75453921530743,102.64288343800057,102.64288343800057,42648000
2014-11-26,103.01343536376953,103.01343536376953,102.27233151223162,102.64288343800057,23137000
2014-11-27,103.75455474853516,105.23676267351422,103.75455474853516,103.75455474853516,26123000
2014-11-28,104.86622619628906,104.86622619628906,103.01346601614262,103.01346601614262,35681000
2014-12-01,103.75455474853516,105.23676267351422,102.64289880480085,103.01345078604561,41250000
2014-12-02,101.90179443359375,103.38400235262785,101.90179443359375,103.38400235262785,45913000
2014-12-03,102.2723388671875,103.01344277202219,101.16068300993545,101.90178691477016,38940000
2014-12-04,103.01343536376953,103.75453921530743,102.64288343800057,103.01343536376953,28226000
2014-12-05,101.90179443359375,103.38400235262785,101.53124245383522,102.6428983931108,27050000
2014-12-08,102.2723388671875,102.64289081960484,101.53123496235281,102.2723388671875,19595000
2014-12-09,102.2723388671875,103.01344277202219,101.90178691477016,102.2723388671875,31770000
2014-12-10,100.79015350341797,103.01346571305218,100.79015350341797,102.27236164317412,39726000
2014-12-11,99.67849731445312,100.79015341833178,99.67849731445312,100.04904934907934,32283000
2014-12-12,100.04904174804688,100.79014576099537,99.67848974157263,100.04904174804688,31433000
2014-12-15,100.79015350341797,101.160705538357,99.67849739860085,99.67849739860085,44381000
2014-12-16,98.56681823730469,100.4195779786074,98.56681823730469,99.67847408208632,41199000
2014-12-17,96.71406555175781,98.56682542822827,96.34351357646372,98.56682542822827,70497000
2014-12-18,97.4551773071289,98.56683332203913,97.08462530215884,97.82572931209899,50410000
2014-12-19,102.2723388671875,102.2723388671875,99.30792324784873,99.67847520026608,44362000
2014-12-22,102.64289855957031,103.7545545006487,101.53124261849194,101.9017945988514,34577000
2014-12-23,101.90179443359375,103.75455433238636,101.53124245383522,103.01345037286931,19122000
2014-12-24,102.2723388671875,102.2723388671875,100.79013105751811,100.79013105751811,16679000
2014-12-25,101.90179443359375,102.27234641335227,101.53124245383522,101.53124245383522,7358000
2014-12-26,103.01343536376953,103.01343536376953,101.5312276606937,102.27233151223162,13112000
2014-12-29,104.49564361572266,104.49564361572266,102.27233204943069,102.27233204943069,34993000
2014-12-30,103.75455474853516,104.86621069226946,103.01345078604561,104.49565871102469,21789000
2014-12-31,104.49564361572266,104.49564361572266,103.01343590486134,103.01343590486134,18306000
2015-01-05,103.38401794433594,104.12512201562151,101.90180980176481,104.12512201562151,32046000
2015-01-06,98.93736267089844,101.90177803182422,98.56681075078271,101.90177803182422,66778000
2015-01-07,99.30794525146484,100.04904932050563,98.93739321694446,98.93739321694446,43703000
2015-01-08,102.2723388671875,102.2723388671875,100.79013105751811,101.16068300993545,42491000
2015-01-09,99.30794525146484,100.41960135502602,98.56684118242406,100.04904932050563,61558000
2015-01-12,97.82572174072266,98.93737766959451,97.82572174072266,98.19627371701328,30338000
2015-01-13,98.19627380371094,98.56682578032871,96.71406589723982,97.08461787385761,37818000
2015-01-14,96.343505859375,98.56681753305288,96.343505859375,98.19626558743991,48740000
2015-01-15,97.4551773071289,98.56683332203913,97.4551773071289,97.4551773071289,40607000
2015-01-16,101.53125,103.75456204379562,100.79014598540147,103.75456204379562,124042000
2015-01-19,103.01343536376953,103.38398728953848,101.90177958646267,102.64288343800057,49986000
2015-01-20,102.2723388671875,103.01344277202219,101.90178691477016,103.01344277202219,32739000
2015-01-21,104.49564361572266,104.49564361572266,103.38398783257668,103.38398783257668,70464000
2015-01-22,103.75455474853516,105.23676267351422,103.38400276729038,104.86621069226946,43846000
2015-01-23,107.46006774902344,107.46006774902344,105.60730796024717,105.60730796024717,82089000
2015-01-26,107.46006774902344,107.83061970677869,106.34841187575768,107.83061970677869,46716000
2015-01-27,108.94227600097656,108.94227600097656,107.08951620504159,107.83062012341558,52805000
2015-01-28,108.57173156738281,108.94228355225442,107.83062759763958,108.57173156738281,45898000
2015-01-29,106.34842681884766,107.46008284831296,105.97787480902589,106.71897882866942,34459000
2015-01-30,104.49564361572266,107.83061096516062,104.49564361572266,107.46005903744529,43666000
2015-02-02,105.60730743408203,105.9778593899911,104.12509961044579,104.12509961044579,29181000
2015-02-03,107.0895004272461,107.0895004272461,105.23674090428337,105.97784471346846,27160000
2015-02-04,108.20118713378906,108.57173914452122,106.71897909086044,107.0895311015926,40416000
2015-02-05,107.83062744140625,108.20117942574097,106.34841950406732,107.83062744140624,23363000
2015-02-06,105.97785186767578,107.83061151571206,105.97785186767578,107.83061151571206,27301000
2015-02-09,105.23677062988281,106.34842665766327,104.86621862062266,105.97787464840312,26315000
2015-02-10,105.60730743408203,105.9778593899911,104.86620352226392,105.23675547817297,33294000
2015-02-11,109.68335723876953,110.42446100389635,108.2011497085159,108.2011497085159,71259000
2015-02-12,110.053955078125,110.79505915272517,109.31285100352483,110.79505915272517,33577000
2015-02-13,110.053955078125,111.16561119002526,109.68340304082491,110.053955078125,37815000
2015-02-24,111.90668487548828,112.6477887488359,110.05392519211927,110.42447712879307,72531000
2015-02-25,114.50057983398438,114.50057983398438,113.01837168079363,113.01837168079363,48183000
2015-02-26,111.53614044189453,114.13000417310138,111.53614044189453,113.7594522115004,55574000
2015-03-02,110.4245376586914,113.38895477704554,110.05398551889715,112.27729835766274,41388000
2015-03-03,111.53614044189453,111.90669240349551,110.05393259549062,111.16558848029356,29134000
2015-03-04,111.53614044189453,112.2772443650965,110.4244845570916,111.16558848029356,32627000
2015-03-05,111.16561126708984,111.90671534220377,110.05395515441894,111.16561126708984,28872000
2015-03-06,110.4245376586914,110.79508979848568,110.05398551889715,110.42453765869142,31316000
2015-03-09,107.83062744140625,109.31283537874516,107.46007545707151,109.31283537874516,67163000
2015-03-10,106.71896362304688,107.46006753709581,106.71896362304688,107.46006753709581,46809000
2015-03-11,108.20118713378906,109.68339517671768,105.97787506939613,106.34842708012829,51795000
2015-03-12,109.68335723876953,110.05390912133295,108.5717015910793,108.94225347364271,32183000
2015-03-13,110.4245376586914,110.79508979848568,108.94232909951435,109.68343337910288,45451000
2015-03-16,108.20118713378906,110.79505120891415,108.20118713378906,110.42449919818199,36912000
2015-03-17,110.4245376586914,111.16564193827995,110.05398551889715,110.05398551889715,55718000
2015-03-18,113.75946807861328,114.13002009189867,111.16560398561559,111.90670801218636,70808000
2015-03-19,114.1300048828125,114.87110881062297,113.01834899109679,113.01834899109679,43070000
2015-03-20,114.1300048828125,114.1300048828125,112.27724506328632,112.27724506328632,37536000
2015-03-23,113.75946807861328,114.13002009189867,113.01836405204251,114.13002009189867,26285000
2015-03-24,112.27725219726562,113.7594601470645,112.27725219726561,113.7594601470645,36086000
2015-03-25,111.90668487548828,113.01834068550968,111.53613293881448,112.6477887488359,44424000
2015-03-26,107.83062744140625,108.94228339441042,107.08952347273679,107.83062744140624,157081000
2015-03-27,105.60730743408203,107.83061916953639,105.60730743408203,106.71896330180921,106610000
2015-03-30,105.60730743408203,106.71896330180921,105.23675547817297,105.60730743408203,59832000
2015-03-31,107.83062744140625,107.83062744140624,105.9778675197326,106.71897148840205,56539000
2015-04-01,106.71896362304688,107.46006753709581,106.3484116660224,107.46006753709581,38697000
2015-04-02,108.94227600097656,109.68337991935056,107.08951620504159,107.46006816422859,49213000
2015-04-07,108.20118713378906,109.31284316598553,107.46008311232475,108.57173914452122,33362000
2015-04-08,105.97785186767578,108.20116344531932,105.97785186767578,107.83061151571206,47500000
2015-04-09,105.97785186767578,107.83061151571206,105.97785186767578,106.7189557268903,46493000
2015-04-10,108.94227600097656,108.94227600097656,107.46006816422859,108.20117208260258,33819000
2015-04-13,108.94227600097656,109.31282796016356,108.20117208260258,108.57172404178958,23821000
2015-04-14,106.71896362304688,107.83061949412027,106.3484116660224,107.46006753709581,41528000
2015-04-15,105.97785186767578,107.08950765649756,104.866196078854,106.34840379728304,71481000
2015-04-16,108.94227600097656,108.94227600097656,107.08951620504159,107.46006816422859,54354000
2015-04-17,105.60730743408203,106.71896330180921,105.60730743408203,105.9778593899911,76708000
2015-04-20,105.97785186767578,106.7189557268903,104.866196078854,105.23674800846126,34341000
2015-04-21,105.60730743408203,106.34841134590015,104.86620352226392,105.23675547817297,36209000
2015-04-22,106.34842681884766,107.46008284831296,105.97787480902589,106.34842681884766,40606000
2015-04-23,108.94227600097656,108.94227600097656,107.46006816422859,107.83062012341558,46931000
2015-04-24,113.01837158203125,113.01837158203125,110.05395527824027,110.42450731621413,122689000
2015-04-27,112.27725219726562,113.38890815961479,111.16559623491645,113.38890815961479,57529000
2015-04-28,112.27725219726562,113.7594601470645,111.53614822236618,113.7594601470645,43177000
2015-04-29,110.053955078125,111.90671526462542,109.68340304082491,111.16561119002526,37363000
2015-04-30,108.94227600097656,110.05393187853755,108.57172404178958,108.94227600097656,48913000
2015-05-04,109.31282806396484,110.05393198304257,108.20117218534826,110.05393198304257,30811000
2015-05-05,108.94227600097656,109.68337991935056,108.20117208260258,109.31282796016356,27559000
2015-05-06,109.31282806396484,109.68338002350372,107.83062022580938,107.83062022580938,18784000
2015-05-07,108.57173156738281,109.31283553712603,108.20117958251119,108.20117958251119,21826000
2015-05-08,108.57173156738281,109.31283553712603,108.20117958251119,108.20117958251119,19987000
2015-05-11,110.053955078125,110.42450711542509,108.94229896622475,110.42450711542509,20326000
2015-05-12,109.31282806396484,110.05393198304257,108.94227610442599,108.94227610442599,20509000
2015-05-13,109.68335723876953,110.42446100389635,108.94225347364271,109.31280535620613,18844000
2015-05-14,108.20118713378906,110.05394718744984,108.20118713378906,109.68339517671768,38700000
2015-05-15,108.57173156738281,108.94228355225442,107.46007561276797,108.94228355225442,24295000
2015-05-18,108.57173156738281,108.94228355225442,107.46007561276797,108.94228355225442,22879000
2015-05-19,108.57173156738281,109.31283553712603,107.46007561276797,107.83062759763958,26257000
2015-05-20,108.57173156738281,108.94228355225442,108.20117958251119,108.57173156738281,26920000
2015-05-21,107.83062744140625,108.5717314100757,107.08952347273679,108.20117942574097,40819000
2015-05-22,107.83062744140625,108.94228339441042,107.46007545707151,108.20117942574097,22074000
2015-05-25,109.31282806396484,109.31282806396484,107.83062022580938,108.57172414488711,16253000
2015-05-26,108.57173156738281,110.05393950686926,108.57173156738281,110.05393950686926,15545000
2015-05-27,107.46006774902344,108.94227558004445,107.46006774902344,107.83061970677869,23825000
2015-05-28,108.94227600097656,109.31282796016356,108.20117208260258,108.94227600097656,35891000
2015-05-29,108.20118713378906,109.31284316598553,107.83063512305691,108.94229115525337,56616000
2015-06-01,107.46006774902344,108.20117166453394,106.71896383351293,107.83061970677869,31570000
2015-06-02,106.71896362304688,107.08951558007134,106.3484116660224,107.08951558007134,33317000
2015-06-03,105.97785186767578,107.08950765649756,105.97785186767578,106.34840379728304,29870000
2015-06-04,104.49564361572266,105.60729939886865,103.754539760292,105.23674747115332,58172000
2015-06-05,103.75455474853516,104.12510672977992,103.01345078604561,103.38400276729038,42648000
2015-06-08,102.64289855957031,103.7545545006487,102.64289855957031,103.38400252028924,45469000
2015-06-09,103.01343536376953,103.75453921530743,102.27233151223162,102.64288343800057,31575000
2015-06-10,103.38401794433594,104.86622608690706,103.38401794433594,104.49567405126429,37077000
2015-06-11,106.34842681884766,106.71897882866942,104.49566676973882,104.49566676973882,44613000
2015-06-12,107.0895004272461,107.0895004272461,105.60729280887591,106.71894852265355,31448000
2015-06-15,105.97785186767578,107.08950765649756,105.60729993806852,107.08950765649756,23608000
2015-06-16,105.23677062988281,105.97787464840312,104.49566661136251,105.97787464840312,27272000
2015-06-17,105.60730743408203,106.34841134590015,105.23675547817297,105.9778593899911,31326000
2015-06-18,105.23677062988281,105.97787464840312,105.23677062988281,105.23677062988281,28591000
2015-06-22,105.23677062988281,106.34842665766327,105.23677062988281,105.23677062988281,28278000
2015-06-23,107.0895004272461,107.46005233183864,105.60729280887591,105.97784471346846,37230000
2015-06-24,107.46006774902344,107.46006774902344,106.34841187575768,107.08951579126818,18555000
2015-06-25,108.57173156738281,108.94228355225442,107.46007561276797,107.46007561276797,43496000
2015-06-26,108.20118713378906,109.31284316598553,107.83063512305691,108.94229115525337,33561000
2015-06-29,105.9070816040039,107.81876177736137,105.9070816040039,107.43642574268988,53014000
2015-06-30,107.43643951416016,107.43643951416016,105.90709517943903,106.2894312631193,45261000
2015-07-01,107.81873321533203,108.96574101549513,106.28938948178121,107.05406134855662,32546000
2015-07-02,108.20110321044922,108.58343926419639,107.43643110295488,107.43643110295488,23908000
2015-07-03,108.96575164794922,108.96575164794922,107.05407179447643,108.2010797065601,16093000
2015-07-06,107.43643951416016,108.20111168152073,107.43643951416016,107.81877559784044,20617000
2015-07-07,107.43643951416016,108.58344776520102,107.43643951416016,107.81877559784044,26349000
2015-07-08,105.52472686767578,107.818742669147,105.52472686767578,107.43640670223513,51986000
2015-07-09,104.37772369384766,105.5247316465273,102.46604377271491,102.46604377271491,53233000
2015-07-10,104.37772369384766,104.37772369384766,104.37772369384766,104.37772369384766,0
2015-07-13,105.9070816040039,106.6717536733469,104.76007349998942,104.76007349998942,34518000
2015-07-14,105.9070816040039,107.43642574268988,105.52474556933241,106.6717536733469,27536000
2015-07-15,105.9070816040039,106.6717536733469,105.52474556933241,106.2894176386754,23295000
2015-07-16,104.37772369384766,107.05407558343349,103.61305172539456,107.05407558343349,36999000
2015-07-17,107.05408477783203,107.05408477783203,105.52474070957729,105.52474070957729,55781000
2015-07-20,106.28939819335938,108.58341398170526,105.90706222863506,108.20107801698094,27655000
2015-07-21,107.43643951416016,108.20111168152073,106.67176734679958,107.81877559784044,19431000
2015-07-22,106.28939819335938,106.6717341580837,105.52472626391075,106.28939819335938,24620000
2015-07-23,103.99539947509766,105.14240755754359,103.99539947509766,104.76007153006162,36389000
2015-07-24,104.76007080078125,105.524742850422,103.99539875114051,105.524742850422,38194000
2015-07-27,102.46604919433594,103.61305720770537,102.46604919433594,103.23072120324889,43371000
2015-07-28,102.46604919433594,104.37772921661832,102.46604919433594,103.23072120324889,34219000
2015-07-29,103.6130599975586,103.99539601230973,102.84838796805631,103.23072398280745,29871000
2015-07-30,105.9070816040039,106.2894176386754,103.99540143064644,103.99540143064644,36097000
2015-07-31,106.6717529296875,107.43642499369959,105.14240880166331,107.43642499369959,39992000
2015-08-03,102.848388671875,105.90707681081552,102.848388671875,105.90707681081552,33631000
2015-08-04,104.37772369384766,104.37772369384766,102.84837975694147,103.23071574116801,26546000
2015-08-05,102.46604919433594,103.61305720770537,102.46604919433594,103.61305720770537,28491000
2015-08-06,102.46604919433594,103.99539321216184,100.93670517651002,103.99539321216184,38414000
2015-08-07,101.70137786865234,102.08371387567735,100.55436984757732,101.70137786865234,30554000
2015-08-10,98.6426773071289,100.17202114134795,95.96632559724557,100.17202114134795,63646000
2015-08-11,99.78968811035156,102.08370392898034,99.78968811035156,102.08370392898034,64344000
2015-08-12,98.26036071777344,99.40736881953734,97.49568864993086,99.02503278561603,41642000
2015-08-13,97.87801361083984,99.40735757350922,97.4956776201725,98.64268559217453,35943000
2015-08-14,96.34867858886719,98.26035871959868,95.58400653657459,97.87802269345238,39413000
2015-08-17,94.81932830810547,95.96633631183255,94.05465630562075,95.96633631183255,37847000
2015-08-18,96.34867858886719,96.73101461501348,95.58400653657459,95.58400653657459,40722000
2015-08-19,95.583984375,97.4956640625,94.8193125,97.4956640625,41301000
2015-08-20,96.34867858886719,96.34867858886719,94.43699845813569,95.20167051042829,38012000
2015-08-21,92.52532196044922,95.20167424856139,92.52532196044922,94.05466612508475,59694000
2015-08-24,87.93728637695312,92.52531870966372,86.0256062383237,91.76064665421195,116158000
2015-08-25,94.43698120117188,94.81931715745192,89.8489497258113,90.23128568209134,94960000
2015-08-26,93.67233276367188,95.20167697205837,91.37831645109216,92.52532460738202,64879000
2015-08-27,94.81932830810547,95.5840003105902,93.28998430313602,95.5840003105902,53388000
2015-08-28,95.583984375,97.113328125,95.2016484375,97.113328125,41466000
2015-08-31,98.6426773071289,98.6426773071289,94.43698176302651,96.34866155580033,56941000
2015-09-01,94.81932830810547,97.495680316802,94.81932830810547,97.495680316802,42340000
2015-09-02,95.96634674072266,97.11335486909783,94.05466652676404,94.05466652676404,36973000
2015-09-03,97.11334228515625,97.4956782784049,95.58399831216165,97.4956782784049,24004000
2015-09-04,95.583984375,97.113328125,94.4369765625,96.73099218750001,22006000
2015-09-07,93.67233276367188,96.34868512834822,93.28999671157526,95.20167697205837,25891000
2015-09-08,94.05464935302734,94.43698532600713,93.28997740706777,93.67231338004756,15090000
2015-09-09,98.6426773071289,98.6426773071289,96.7309975143551,96.7309975143551,53588000
2015-09-10,95.583984375,97.878,95.583984375,97.113328125,32912000
2015-09-11,97.49568176269531,97.49568176269531,94.81932971430759,95.96633773504519,20525000
2015-09-14,97.49568176269531,98.6426897834329,96.34867374195771,97.87801776960784,25508000
2015-09-15,96.34867858886719,97.87802269345238,95.96634256272088,97.49568666730607,21658000
2015-09-16,99.0250244140625,99.4073604156612,97.4956804076677,97.87801640926641,39923000
2015-09-17,100.17202758789062,100.55436357105052,99.40735562157084,99.78969160473073,49472000
2015-09-18,100.55437469482422,100.55437469482422,98.6426945675462,99.0250305930018,31937000
2015-09-21,99.0250244140625,99.4073604156612,98.26035241086511,99.4073604156612,29930000
2015-09-22,98.6426773071289,99.40734922423843,98.26034134857414,99.40734922423843,17636000
2015-09-23,95.20164489746094,97.49566043715879,95.20164489746094,97.11332451387582,32905000
2015-09-24,97.11334228515625,97.87801427165354,95.96633430541031,97.11334228515625,43432000
2015-09-25,97.11334228515625,97.4956782784049,95.58399831216165,97.11334228515625,24630000
2015-09-29,97.11334228515625,97.11334228515625,97.11334228515625,97.11334228515625,0
2015-09-30,99.40735626220703,100.17202823345478,97.1133403484638,97.87801231971154,67112000
2015-10-01,102.08369445800781,102.46603039230747,99.02500698361058,100.17201478650954,49600000
2015-10-02,100.93669891357422,101.31903489430745,100.55436293284097,101.31903489430745,25216000
2015-10-05,101.31903076171875,102.08370269199588,100.55435883144163,101.70136672685732,30276000
2015-10-06,101.70137786865234,103.61305790377739,101.31904186162734,103.23072189675237,48613000
2015-10-07,103.23072814941406,103.23072814941406,101.701384028682,102.08372005886501,31784000
2015-10-08,103.99539947509766,104.76007153006162,103.2307274201337,104.76007153006162,31144000
2015-10-12,105.9070816040039,106.2894176386754,104.37773746531792,104.76007349998942,46971000
2015-10-13,105.14238739013672,105.90705929842863,103.99537952769887,105.90705929842863,36108000
2015-10-14,104.37772369384766,105.14239566230076,103.99538770962111,104.37772369384766,18007000
2015-10-15,107.05408477783203,107.8187568119594,106.28941274370466,106.28941274370466,57142000
2015-10-16,105.14238739013672,105.14238739013672,103.99537952769887,104.76005143599077,36196000
2015-10-19,105.52472686767578,106.28939880149952,104.76005493385205,105.90706283458765,26150000
2015-10-20,106.28939819335938,106.28939819335938,105.14239029918643,106.28939819335938,27462000
2015-10-21,105.9070816040039,107.05408970801838,105.14240953466091,106.6717536733469,17976000
2015-10-22,105.14238739013672,105.90705929842863,104.76005143599077,105.52472334428268,15149000
2015-10-23,107.05408477783203,107.43642079489571,106.28941274370466,107.05408477783203,35644000
2015-10-26,107.05408477783203,107.43642079489571,106.28941274370466,107.43642079489571,24382000
2015-10-27,106.28939819335938,107.054070122808,105.14239029918643,105.90706222863506,26012000
2015-10-28,105.52472686767578,106.28939880149952,104.76005493385205,104.76005493385205,22522000
2015-10-29,104.37772369384766,106.67173959920694,104.37772369384766,106.2894036149804,20428000
2015-10-30,104.37772369384766,105.14239566230076,103.99538770962111,104.7600596780742,27844000
2015-11-02,105.14238739013672,105.90705929842863,103.61304357355291,105.90705929842863,21663000
2015-11-03,106.6717529296875,107.05408896169355,105.52474483366935,105.9070808656754,33082000
2015-11-04,110.49507904052734,110.49507904052734,107.81872764508205,108.20106355871708,75144000
2015-11-05,108.96575164794922,110.49509553072745,108.96575164794922,110.1127595600329,35773000
2015-11-06,107.05408477783203,110.11277291434152,106.28941274370466,110.11277291434152,45683000
2015-11-09,108.58341979980469,109.34809177022585,107.43641184417295,107.81874782938353,24833000
2015-11-10,106.6717529296875,108.20109705771169,106.28941689768145,108.20109705771169,23307000
2015-11-11,105.14238739013672,107.43640311501244,104.37771548184482,107.43640311501244,29412000
2015-11-12,105.9070816040039,106.2894176386754,105.52474556933241,105.9070816040039,16474000
2015-11-13,103.99539947509766,106.28941563998953,103.99539947509766,105.14240755754359,21639000
2015-11-16,103.23072814941406,103.61306417959707,102.46605608904802,102.46605608904802,32110000
2015-11-17,105.9070816040039,107.05408970801838,105.14240953466091,105.52474556933241,28188000
2015-11-18,104.76007080078125,107.05408694970347,104.37773477596089,106.6717509248831,29074000
2015-11-19,107.43643951416016,107.43643951416016,105.52475909575874,105.90709517943903,27426000
2015-11-20,107.81873321533203,107.81873321533203,107.05406134855662,107.43639728194432,20271000
2015-11-23,107.81873321533203,108.20106914871972,107.05406134855662,107.81873321533203,17170000
2015-11-24,106.6717529296875,108.20109705771169,106.6717529296875,107.05408896169355,21843000
2015-11-25,107.81873321533203,107.81873321533203,105.90705354839352,106.67172541516892,27099000
2015-11-26,108.96575164794922,108.96575164794922,107.05407179447643,107.81874373586554,31976000
2015-11-27,106.28939819335938,109.34808591115389,106.28939819335938,109.34808591115389,23135000
2015-11-30,106.28939819335938,106.28939819335938,103.99538240501349,104.3777183697378,108490000
2015-12-01,108.96575164794922,108.96575164794922,105.90706388239275,107.43640776517098,46117000
2015-12-02,108.96575164794922,110.1127595600329,108.58341567725466,110.1127595600329,31609000
2015-12-03,108.96575164794922,109.34808761864377,108.2010797065601,108.2010797065601,18825000
2015-12-04,107.43643951416016,108.9657838488813,107.43643951416016,107.81877559784044,30869000
2015-12-07,109.73043823242188,110.49511027585338,108.5834301672746,108.5834301672746,40284000
2015-12-08,108.96575164794922,110.1127595600329,107.81874373586554,109.73042358933833,32173000
2015-12-09,107.43643951416016,108.58344776520102,107.43643951416016,108.58344776520102,26751000
2015-12-10,107.81873321533203,108.20106914871972,106.28938948178121,107.43639728194432,41414000
2015-12-11,106.6717529296875,108.58343308971774,106.28941689768145,107.81876102570564,29914000
2015-12-14,106.28939819335938,106.6717341580837,105.14239029918643,105.14239029918643,32656000
2015-12-15,105.52472686767578,107.43640670223513,105.52472686767578,106.67173476841138,23558000
2015-12-16,109.73043823242188,110.11277425413763,107.8187581238431,108.5834301672746,56401000
2015-12-17,110.87743377685547,110.87743377685547,109.34808986269194,110.49509779831459,34462000
2015-12-18,108.58341979980469,110.87743571106816,108.58341979980469,109.34809177022585,36298000
2015-12-21,108.20110321044922,108.96577531794357,107.43643110295488,108.20110321044922,26847000
2015-12-22,108.58341979980469,108.58341979980469,107.43641184417295,107.81874782938353,17085000
2015-12-23,108.20110321044922,109.34811137169073,107.43643110295488,107.81876715670205,18064000
2015-12-24,108.58341979980469,109.73042775543642,108.58341979980469,109.34809177022585,13471000
2015-12-25,109.34806823730469,109.73040414023232,108.5833964314494,108.5833964314494,6126000
2015-12-28,109.73043823242188,110.11277425413763,109.34810221070612,109.73043823242188,10797000
2015-12-29,108.58341979980469,110.11276374064701,108.2010838145941,109.73042775543642,12801000
2015-12-30,108.96575164794922,110.1127595600329,108.58341567725466,108.96575164794922,14578000
2015-12-31,109.34806823730469,110.11274004315996,107.81872462559413,108.5833964314494,18336000
2016-01-04,106.6717529296875,109.73044118573588,106.28941689768145,108.96576912172378,39169000
2016-01-05,105.52472686767578,107.05407073532325,104.76005493385205,106.28939880149952,46381000
2016-01-06,103.6130599975586,105.52474007131428,103.23072398280745,105.52474007131428,53617000
2016-01-07,101.70137786865234,103.23072189675237,99.7896978335273,102.84838588972737,62539000
2016-01-08,102.46604919433594,103.23072120324889,100.93670517651002,100.93670517651002,50123000
2016-01-11,101.70137786865234,102.84838588972737,99.7896978335273,101.70137786865234,48345000
2016-01-12,101.70137786865234,102.46604988270236,100.55436984757732,101.70137786865234,34688000
2016-01-13,102.08369445800781,103.61303819520643,101.70135852370817,102.08369445800781,37717000
2016-01-14,100.55437469482422,100.93671072027983,99.78970264391302,99.78970264391302,39253000
2016-01-15,104.76007080078125,105.524742850422,103.61306272632015,105.14240682560163,79464000
2016-01-18,104.76007080078125,105.524742850422,102.84839067667941,103.23072670149978,36757000
2016-01-19,105.52472686767578,105.52472686767578,103.99538300002831,105.14239090076391,23737000
2016-01-20,102.848388671875,105.1424047760804,102.08371663713987,105.1424047760804,43839000
2016-01-21,103.23072814941406,104.37773623996311,102.46605608904802,102.46605608904802,31933000
2016-01-22,105.9070816040039,105.9070816040039,103.99540143064644,104.37773746531792,33889000
2016-01-25,106.6717529296875,107.05408896169355,106.28941689768145,107.05408896169355,27184000
2016-01-26,105.14238739013672,106.28939525257458,104.76005143599077,105.14238739013672,24049000
2016-01-27,106.6717529296875,106.6717529296875,105.9070808656754,106.28941689768145,24029000
2016-01-28,107.05408477783203,107.43642079489571,105.52474070957729,105.52474070957729,37867000
2016-01-29,109.34806823730469,109.34806823730469,105.5247092080283,105.90704511095593,55616000
2016-02-01,110.11275482177734,110.11275482177734,108.20107505056593,110.11275482177734,40943000
2016-02-02,108.96575164794922,110.49509553072745,108.2010797065601,110.1127595600329,25380000
2016-02-03,111.64212036132812,111.64212036132812,110.49511227542406,110.87744830405876,70465000
2016-02-15,110.87743377685547,112.02444171247811,108.58341790561018,108.58341790561018,72875000
2016-02-16,112.78910827636719,113.17144423662606,111.2597644353317,111.64210039559057,55006000
2016-02-17,113.17143249511719,113.93610433630042,112.40676065393397,113.93610433630042,38453000
2016-02-18,115.46546173095703,115.46546173095703,114.31845383296739,114.70078979896394,61657000
2016-02-19,115.46546173095703,115.46546173095703,113.93611786697085,113.93611786697085,35668000
2016-02-22,115.46546173095703,116.61246962894667,114.31845383296739,114.31845383296739,27003000
2016-02-23,114.31844329833984,115.46545109063088,113.93610736757616,115.08311515986719,22302000
2016-02-24,113.17143249511719,115.08311209807526,112.40676065393397,114.31844025689203,22026000
2016-02-25,115.08313751220703,115.46547351723096,113.55379349211125,113.9361294971352,25202000
2016-02-26,113.93616485595703,115.84784547434556,113.17149260860161,115.46550935066786,37655000
2016-03-01,116.23013305664062,116.23013305664062,113.55378130862589,113.55378130862589,38629000
2016-03-02,116.99480438232422,118.14181226842543,116.99480438232422,117.75947630639169,36010000
2016-03-03,117.75949096679688,118.14182697642933,116.99481894753197,117.75949096679688,28822000
2016-03-04,116.61248779296875,117.37715984407019,115.84781574186732,116.99482381851946,32794000
2016-03-07,116.23013305664062,117.37714094864695,115.46546112863642,116.61246902064273,23906000
2016-03-08,116.23013305664062,116.23013305664062,114.31845323663009,115.46546112863642,35683000
2016-03-09,116.99480438232422,116.99480438232422,115.08312457215551,116.23013245825673,24004000
2016-03-10,118.14183807373047,118.14183807373045,115.84782180045414,116.9948299370923,28302000
2016-03-11,118.52418518066406,118.52418518066406,116.99484085575227,118.14184909943612,29566000
2016-03-14,119.288818359375,120.43582622821515,118.90648240309496,119.67115431565504,32751000
2016-03-15,118.14183807373047,119.67118225591467,116.9948299370923,118.52417411927651,28689000
2016-03-16,119.288818359375,119.288818359375,117.7594745342548,118.90648240309496,30962000
2016-03-17,121.20049285888672,122.34750067774053,120.43582097965083,121.9651647381226,48193000
2016-03-18,121.96519470214844,121.96519470214844,121.20052263505032,121.20052263505032,55975000
2016-03-21,122.34754943847656,122.34754943847656,120.81820507049561,122.34754943847656,26100000
2016-03-22,121.20049285888672,121.9651647381226,120.0534850400329,121.9651647381226,25809000
2016-03-23,121.96519470214844,121.96519470214844,120.81818660150127,121.20052263505032,27478000
2016-03-24,121.20049285888672,121.58282879850465,120.0534850400329,120.81815691926877,24853000
2016-03-25,120.81819915771484,121.58287130428266,120.05352701114703,121.20053523099875,10175000
2016-03-28,121.5828628540039,121.5828628540039,120.05351866716109,120.8181907605825,15268000
2016-03-29,121.5828628540039,121.96519890071461,120.8181907605825,121.2005268072932,18977000
2016-03-30,123.49453735351562,123.87687338247387,121.2005211797661,121.2005211797661,43616000
2016-03-31,123.87686920166016,124.64154123376917,121.58285310533313,123.87686920166017,49433000
2016-04-01,121.20049285888672,123.1121725569764,120.43582097965083,123.1121725569764,31564000
2016-04-06,117.37715148925781,119.28883148093954,117.37715148925781,118.90649548260319,58134000
2016-04-07,118.14183807373047,118.52417411927651,116.61249389154625,118.52417411927651,35238000
2016-04-08,120.43583679199219,120.81817278180803,117.75948486328124,117.75948486328124,41032000
2016-04-11,121.20049285888672,121.58282879850465,118.90647722117907,119.28881316079702,21758000
2016-04-12,121.20049285888672,121.9651647381226,120.43582097965083,120.43582097965083,14859000
2016-04-13,123.49453735351562,123.87687338247387,121.96519323768261,122.34752926664086,39611000
2016-04-14,123.49453735351562,124.25920941143212,122.34752926664086,123.87687338247387,31338000
2016-04-15,121.96519470214844,122.34753073569749,119.28884246730505,120.05351453440316,48779000
2016-04-18,120.81819915771484,121.20053523099875,120.43586308443093,120.81819915771484,20279000
2016-04-19,120.43583679199219,123.11218872070312,120.05350080217634,122.34751674107143,26577000
2016-04-20,117.75949096679688,120.81817904385653,117.75949096679688,120.43584303422408,40996000
2016-04-21,120.05345153808594,120.05345153808594,117.7594365405429,119.28877987223825,29723000
2016-04-22,119.67115783691406,120.8181657395043,118.52414993432383,118.90648590185391,28990000
2016-04-25,120.43583679199219,120.43583679199219,119.28882882254464,119.67116481236049,14306000
2016-04-26,120.81819915771484,121.20053523099875,119.67119093786312,119.67119093786312,18119000
2016-04-27,119.67115783691406,120.43582977197421,118.90648590185391,119.28882186938398,28845000
2016-04-28,116.99480438232422,120.8181640026616,116.99480438232422,120.43582804062787,48915000
2016-04-29,114.70081329345703,115.46548538208009,113.93614120483399,115.46548538208009,66445000
2016-05-03,112.78910827636719,113.55378019688494,112.02443635584945,113.17144423662606,68550000
2016-05-04,112.40677642822266,113.93612032520528,112.02444045397701,112.40677642822266,52973000
2016-05-05,112.78910827636719,113.55378019688494,111.64210039559057,112.78910827636719,38269000
2016-05-06,113.17143249511719,113.5537684157088,112.40676065393397,113.5537684157088,36510000
2016-05-09,112.78910827636719,113.93611615714381,112.02443635584945,113.55378019688494,38478000
2016-05-10,112.40677642822266,113.17144837671397,112.02444045397701,112.40677642822266,29785000
2016-05-11,112.40677642822266,113.93612032520528,112.02444045397701,113.55378435095962,40057000
2016-05-12,111.64212036132812,113.17146447586687,111.64212036132812,112.40679241859749,23749000
2016-05-13,110.11275482177734,111.2597626845042,109.34808291329279,110.87742673026192,60038000
2016-05-16,110.49507904052734,111.25975086779744,109.34807129962222,109.34807129962222,31133000
2016-05-17,112.40677642822266,112.40677642822266,110.87743253124003,111.2597685054857,30277000
2016-05-18,112.40677642822266,112.40677642822266,110.87743253124003,111.64210447973134,31057000
2016-05-19,112.40677642822266,113.55378435095962,111.2597685054857,113.17144837671397,35132000
2016-05-20,113.55380249023438,114.31847456087569,112.40679438427242,112.78913041959306,36306000
2016-05-23,117.75949096679688,118.14182697642933,114.31846688010476,115.08313889936967,50127000
2016-05-24,115.46546173095703,117.37714156093976,115.46546173095703,116.61246962894667,24470000
2016-05-25,118.14183807373047,118.52417411927651,116.61249389154625,117.37716598263836,30719000
2016-05-26,118.52418518066406,118.52418518066406,117.37717693698022,118.14184909943612,17196000
2016-05-27,119.67115783691406,119.67115783691406,118.14181396679375,119.28882186938398,22992000
2016-05-30,120.05345153808594,120.81812320393361,118.52410820639057,120.05345153808594,36339000
2016-05-31,119.67115783691406,120.43582977197421,118.52414993432383,119.67115783691406,69656000
2016-06-01,121.5828628540039,121.5828628540039,119.28884657373968,119.28884657373968,26926000
2016-06-02,121.5828628540039,122.34753494742532,120.8181907605825,121.5828628540039,21977000
2016-06-03,122.7298583984375,122.72985839843751,121.58285037602221,121.58285037602221,31853000
2016-06-06,123.1122055053711,123.87687758925539,122.3475334214868,123.1122055053711,28757000
2016-06-07,123.87686920166016,125.02387724982368,123.11219716955115,123.49453318560566,47046000
2016-06-08,126.55320739746094,126.93554337147138,125.02386350141911,125.40619947542956,45214000
2016-06-13,123.87686920166016,124.25920521771467,123.11219716955115,123.11219716955115,48750000
2016-06-14,123.87686920166016,124.64154123376917,123.11219716955115,123.11219716955115,27509000
2016-06-15,124.64152526855469,124.64152526855469,123.11218140022888,123.87685333439178,29270000
2016-06-16,122.7298583984375,124.25920242832458,121.96518638349397,123.49453041338104,24408000
2016-06-17,124.64152526855469,125.78853316979907,123.87685333439178,124.25918930147324,30633000
2016-06-20,124.64152526855469,126.17086913688053,124.64152526855469,125.78853316979907,24911000
2016-06-21,126.55320739746094,126.55320739746094,125.02386350141911,125.40619947542956,27970000
2016-06-22,126.93553161621094,126.93553161621094,125.0238519231957,125.7885238004018,30359000
2016-06-23,125.40621948242188,126.93556362245141,125.40621948242188,126.55322758744403,22494000
2016-06-24,121.5828628540039,125.40622332111094,118.14183843360756,125.40622332111094,86547000
2016-06-27,123.56951141357422,123.96684103226738,122.37752255749473,122.77485217618789,42874000
2016-06-28,124.76145935058594,125.1587888389636,123.1721413970753,123.56947088545296,1327000
2016-06-29,126.35075378417969,127.145412613011,125.55609495534837,125.95342436976402,31514000
2016-06-30,129.13211059570312,129.52944016676682,126.74813316932091,127.94012188251202,42398000
2016-07-01,131.91343688964844,131.91343688964844,129.92678874371998,130.72144800209136,36212000
2016-07-04,131.91343688964844,132.31076651883413,130.72144800209136,131.51610726046275,25724000
2016-07-05,130.3240966796875,131.51608536883097,130.3240966796875,131.11875580578317,16346000
2016-07-06,128.3374481201172,129.5294368023474,127.5427889986304,129.5294368023474,34803000
2016-07-07,130.721435546875,131.1187651382029,129.52944677289133,129.92677636421922,23769000
2016-07-08,130.721435546875,130.721435546875,130.721435546875,130.721435546875,0
2016-07-11,135.09205627441406,135.48938585169174,133.90006754258098,135.09205627441406,50643000
2016-07-12,135.8866729736328,136.2840024267721,134.694684614215,135.8866729736328,41961000
2016-07-13,133.90005493164062,135.09204355121014,132.70806631207114,134.69471401135362,50653000
2016-07-14,134.29736328125,135.09202223557693,132.70804537259616,132.70804537259616,34790000
2016-07-15,134.6947021484375,134.6947021484375,132.31072511926163,133.50271363384957,41546000
2016-07-18,134.6947021484375,135.09203165330015,133.50271363384957,133.50271363384957,24749000
2016-07-19,135.48936462402344,135.48936462402344,134.29737607894404,135.48936462402344,42456000
2016-07-20,135.09205627441406,135.48938585169174,134.2973971198587,135.09205627441406,38053000
2016-07-21,136.6813507080078,136.6813507080078,135.09203267651935,135.88669169226358,33130000
2016-07-22,135.8866729736328,136.68133187991137,135.48934352049355,136.68133187991137,28504000
2016-07-25,136.28404235839844,137.47603106707248,134.29739451060837,136.68137192795646,27145000
2016-07-26,137.4760284423828,137.4760284423828,136.2840397564662,136.68136931843839,32685000
2016-07-27,139.06532287597656,139.8599818638393,138.6679933820452,139.06532287597656,34117000
2016-07-28,140.25733947753906,140.25733947753906,137.47603246240374,139.06535075676678,31071000
2016-07-29,137.07867431640625,140.654639733356,137.07867431640625,140.654639733356,29795000
2016-08-01,140.65464782714844,140.65464782714844,138.6680002589684,139.0653297726044,34188000
2016-08-02,139.8599853515625,141.0519738630815,139.46265584772283,141.0519738630815,15250000
2016-08-03,137.07867431640625,138.27066278872283,136.68134482563406,137.07867431640625,21627000
2016-08-04,138.66796875,138.66796875,137.07865105659027,137.4759804799427,13612000
2016-08-05,140.65464782714844,141.05197734078445,138.27067074533235,139.0653297726044,25759000
2016-08-08,141.44931030273438,141.44931030273438,140.2573217327675,141.44931030273438,16200000
2016-08-09,141.84661865234375,142.64127758036807,140.65463026030724,141.84661865234375,16413000
2016-08-10,142.6413116455078,142.6413116455078,141.4493229688044,142.24398208660668,19279000
2016-08-11,140.25733947753906,141.44932819831135,139.46268033035753,141.0519986247206,28180000
2016-08-12,141.05197143554688,141.84663042954995,140.65464193854532,141.84663042954995,22947000
2016-08-15,142.24400329589844,142.24400329589844,141.05201444146354,141.84667367775347,12020000
2016-08-16,139.462646484375,142.24395282451923,139.06531700721155,141.44929387019232,34260000
2016-08-17,140.65464782714844,141.05197734078445,139.85998879987642,140.65464782714844,21487000
2016-08-18,139.8599853515625,140.25731485540217,139.06532634388316,139.8599853515625,27253000
2016-08-19,138.66796875,141.05194529011462,138.27063932664757,140.65461586676219,23470000
2016-08-22,137.07867431640625,138.27066278872283,136.28401533486186,137.47600380717844,21337000
2016-08-23,139.06532287597656,139.06532287597656,137.87333439418248,138.27066388811386,20888000
2016-08-24,137.87335205078125,139.46267023004097,137.87335205078125,139.06534068522603,12092000
2016-08-25,140.25733947753906,140.65466905112982,138.66802118317602,139.06535075676678,23892000
2016-08-26,140.65464782714844,140.65464782714844,139.0653297726044,139.0653297726044,15076000
2016-08-29,139.8599853515625,140.65464435924184,138.27066733620384,139.06532634388316,16975000
2016-08-30,138.27069091796875,140.25733877598554,138.27069091796875,139.86000920438218,19471000
2016-08-31,140.25733947753906,140.65466905112982,138.66802118317602,140.25733947753906,38524000
2016-09-01,138.27069091796875,139.86000920438218,137.47603177476202,139.86000920438218,22692000
2016-09-02,138.27069091796875,140.25733877598554,138.27069091796875,140.25733877598554,16999000
2016-09-05,140.65464782714844,141.05197734078445,140.25731831351243,140.25731831351243,22381000
2016-09-06,141.44931030273438,142.24396934937894,140.2573217327675,140.65465125608978,26024000
2016-09-07,147.0119171142578,147.0119171142578,143.03862205711573,143.43595156282993,49761000
2016-09-08,145.42259216308594,146.61458062343908,145.02526267630154,145.02526267630154,30204000
2016-09-09,143.43594360351562,143.83327308718188,142.64128463618312,143.83327308718188,29793000
2016-09-12,139.462646484375,141.05196439302887,138.2706580528846,141.05196439302887,43036000
2016-09-13,139.462646484375,140.25730543870193,137.87332857572116,140.25730543870193,36834000
2016-09-14,138.27069091796875,139.86000920438218,137.87336134636539,138.27069091796875,52877000
2016-09-19,145.42259216308594,145.42259216308594,141.84662678202645,142.64128575559522,57055000
2016-09-20,145.81991577148438,145.81991577148438,144.2305978884164,144.62792735918342,23641000
2016-09-21,146.21730041503906,146.21730041503906,143.43599307018778,143.83332269088083,25008000
2016-09-22,147.0119171142578,147.40924661997204,145.8199285971152,147.0119171142578,20980000
2016-09-23,148.6012420654297,148.9985715896688,146.61459444423411,147.0119239684732,23213000
2016-09-26,145.81991577148438,147.01190418378533,145.42258630071737,145.81991577148438,24225000
2016-09-27,145.81991577148438,145.81991577148438,145.81991577148438,145.81991577148438,0
2016-09-28,145.81991577148438,145.81991577148438,145.81991577148438,145.81991577148438,0
2016-09-29,148.6012420654297,148.9985715896688,147.40925349271234,147.40925349271234,54272000
2016-09-30,146.21730041503906,148.20394851850426,145.02531155295995,147.4092892771182,42592000
2016-10-03,147.80661010742188,148.20393970448484,146.61462131623298,147.80661010742188,17742000
2016-10-04,148.6012420654297,148.6012420654297,147.0119239684732,147.0119239684732,16859000
2016-10-05,147.80661010742188,147.80661010742188,146.61462131623298,147.80661010742188,19148000
2016-10-06,148.9986114501953,148.9986114501953,147.01196329752605,147.01196329752605,15524000
2016-10-07,149.39588928222656,149.39588928222656,147.80657131113907,149.39588928222656,15380000
2016-10-11,148.9986114501953,151.7799188639323,147.80662255859374,151.7799188639323,30294000
2016-10-12,150.58790588378906,150.98523545076475,147.80659891495918,148.20392848193487,22604000
2016-10-13,149.79322814941406,151.77987573760257,148.60123959650096,151.38254621996487,37642000
2016-10-14,149.39588928222656,150.19054826777034,148.20390080391093,148.60123029668281,33248000
2016-10-17,148.2039337158203,148.99859287783545,147.01194497279764,148.2039337158203,37340000
2016-10-18,148.6012420654297,148.6012420654297,147.40925349271234,148.2039125411906,38150000
2016-10-19,150.58790588378906,150.58790588378906,148.99858761588627,148.99858761588627,33272000
2016-10-20,151.38255310058594,151.38255310058594,150.19056449349472,150.5878940291918,13226000
2016-10-21,149.79322814941406,152.574534772878,149.79322814941406,151.77987573760257,21936000
2016-10-24,151.7799072265625,151.7799072265625,150.5879184263539,151.7799072265625,13459000
2016-10-25,153.36915588378906,153.36915588378906,151.77983820623683,152.57449704501295,18878000
2016-10-26,152.17721557617188,152.97187466534248,151.38255648700127,151.38255648700127,21043000
2016-10-27,149.79322814941406,152.17720525524027,149.79322814941406,152.17720525524027,26231000
2016-10-28,150.58790588378906,150.98523545076475,149.79324674983766,150.58790588378906,24348000
2016-10-31,149.79322814941406,151.38254621996487,148.20391007886326,150.19055766705176,25330000
2016-11-01,150.58790588378906,150.58790588378906,148.99858761588627,149.79324674983766,14290000
2016-11-02,147.80661010742188,149.3959284956737,147.80661010742188,148.99859889861074,16488000
2016-11-03,146.6146240234375,148.20394244103574,146.6146240234375,147.40928323223662,25038000
2016-11-04,146.6146240234375,147.80661283663616,146.21729441903793,146.6146240234375,14860000
2016-11-07,150.1905517578125,150.1905517578125,147.80657474578373,148.20390424778853,21332000
2016-11-08,149.79322814941406,150.98521670232716,149.39589863177636,150.98521670232716,15437000
2016-11-09,144.62794494628906,151.38254677070367,144.62794494628906,150.98521725162047,55541000
2016-11-10,147.4092559814453,149.39590363618177,147.4092559814453,148.6012445742872,38234000
2016-11-11,144.23062133789062,145.4226099439889,143.83329180252454,144.23062133789062,67603000
2016-11-14,143.43594360351562,144.62793205451436,143.03861411984937,143.83327308718188,47989000
2016-11-15,143.0386199951172,144.62793799506292,142.2439609951443,142.64129049513076,33505000
2016-11-16,143.0386199951172,145.4225969950358,143.0386199951172,143.4359494951036,34833000
2016-11-17,144.23062133789062,145.02528040862282,143.43596226715846,144.6279508732567,22434000
2016-11-18,143.83331298828125,144.23064258217153,143.0386538005007,144.23064258217153,22474000
2016-11-21,143.83331298828125,144.23064258217153,143.0386538005007,143.43598339439097,15600000
2016-11-22,146.21730041503906,147.01195965642515,144.23065231157386,144.62798193226692,27599000
2016-11-23,147.4092559814453,148.2039150433399,146.21726738860343,146.61459691955073,22128000
2016-11-24,145.42259216308594,147.01191011022348,145.42259216308594,146.2172511366547,14980000
2016-11-25,144.62794494628906,145.81993350353872,144.62794494628906,145.0252744653723,10116000
2016-11-28,146.21730041503906,146.21730041503906,144.23065231157386,144.23065231157386,19096000
2016-11-29,144.62794494628906,147.01192206078835,144.62794494628906,145.81993350353872,24408000
2016-11-30,145.42259216308594,145.42259216308594,144.23060370273276,144.23060370273276,39671000
2016-12-01,145.42259216308594,145.42259216308594,144.23060370273276,144.62793318951717,13908000
2016-12-02,141.44931030273438,142.64129887270124,141.44931030273438,142.24396934937894,53836000
2016-12-05,142.24400329589844,143.03866253218837,141.4493440596085,141.4493440596085,29191000
2016-12-06,144.62794494628906,145.4226039844555,143.43595638903943,143.83328590812266,27309000
2016-12-07,144.23062133789062,145.81993947935499,144.23062133789062,145.4226099439889,14110000
2016-12-08,147.4092559814453,147.4092559814453,145.42260832670885,146.21726738860343,27257000
2016-12-09,147.80661010742188,147.80661010742188,146.61462131623298,147.80661010742188,24867000
2016-12-12,147.0119171142578,148.60123513711466,146.2172581028294,147.80657612568623,18796000
2016-12-13,147.80661010742188,148.20393970448484,146.61462131623298,148.20393970448484,23591000
2016-12-14,148.9986114501953,148.9986114501953,147.4092929280599,148.20395218912762,16571000
2016-12-15,148.6012420654297,148.9985715896688,146.61459444423411,147.0119239684732,22803000
2016-12-16,147.0119171142578,148.60123513711466,147.0119171142578,147.40924661997204,35985000
2016-12-19,145.02528381347656,146.6146019922544,145.02528381347656,146.21727244755994,20535000
2016-12-20,145.02528381347656,145.02528381347656,143.0386360900043,143.8332951793932,24139000
2016-12-21,143.0386199951172,144.62793799506292,143.0386199951172,143.83327899509007,29690000
2016-12-22,142.24400329589844,143.43599215033333,142.24400329589844,143.03866253218837,26269000
2016-12-23,141.84661865234375,143.03860704438026,141.84661865234375,142.2439481163559,22961000
2016-12-26,142.6413116455078,143.03864120440895,142.24398208660668,142.24398208660668,5675000
2016-12-27,143.0386199951172,143.4359494951036,142.64129049513076,143.0386199951172,8252000
2016-12-28,144.62794494628906,144.62794494628906,143.43595638903943,143.83328590812266,21226000
2016-12-29,143.0386199951172,144.2306084950765,143.0386199951172,143.0386199951172,30200000
2016-12-30,144.23062133789062,145.02528040862282,143.03863273179235,143.83329180252454,36610000
2017-01-03,145.42259216308594,145.8199216498703,143.8332742159484,144.23060370273276,22630000
2017-01-04,145.42259216308594,146.2172511366547,144.23060370273276,145.42259216308594,24369000
2017-01-05,145.81991577148438,145.81991577148438,144.2305978884164,144.62792735918342,20979000
2017-01-06,146.21730041503906,146.61463003573212,145.81997079434603,146.21730041503906,22443000
2017-01-09,146.21730041503906,147.01195965642515,145.42264117365298,146.21730041503906,18569000
2017-01-10,146.21730041503906,147.4092892771182,145.81997079434603,146.61463003573212,20198000
2017-01-11,144.62794494628906,147.01192206078835,144.23061542720586,147.01192206078835,29107000
2017-01-12,146.6146240234375,147.40928323223662,145.02530560583926,145.02530560583926,41130000
2017-01-13,144.23062133789062,145.02528040862282,143.43596226715846,143.43596226715846,52352000
2017-01-16,142.6413116455078,143.43597076331008,142.24398208660668,143.03864120440895,30756000
2017-01-17,143.83331298828125,143.83331298828125,142.64132420661042,143.43598339439097,13159000
2017-01-18,143.83331298828125,143.83331298828125,142.64132420661042,143.43598339439097,23693000
2017-01-19,143.43594360351562,143.83327308718188,142.64128463618312,142.64128463618312,24627000
2017-01-20,143.83331298828125,144.23064258217153,143.43598339439097,143.83331298828125,23429000
2017-01-23,147.0119171142578,147.0119171142578,145.02526958568677,145.02526958568677,36992000
2017-01-24,147.4092559814453,148.2039150433399,146.61459691955073,147.011926450498,55022000
2017-02-02,146.6146240234375,149.79326085863397,146.21729441903793,149.39593125423443,94089000
2017-02-03,146.6146240234375,147.80661283663616,145.81996481463838,147.80661283663616,29518000
2017-02-06,146.6146240234375,147.40928323223662,146.21729441903793,146.6146240234375,24779000
2017-02-07,146.6146240234375,147.01195362783704,145.4226352102388,145.81996481463838,23616000
2017-02-08,145.81991577148438,146.61457471301836,145.42258630071737,145.81991577148438,29168000
2017-02-09,146.21730041503906,147.4092892771182,145.81997079434603,146.21730041503906,18967000
2017-02-10,147.4092559814453,147.4092559814453,146.21726738860343,146.61459691955073,34747000
2017-02-13,148.9986114501953,149.39594108072916,148.20395218912762,148.20395218912762,25124000
2017-02-14,148.9986114501953,150.98525960286457,148.9986114501953,150.19060034179688,45696000
2017-02-15,150.1905517578125,150.5878812598173,148.20390424778853,148.60123374979332,39347000
2017-02-16,150.1905517578125,151.38254026382688,149.3958927538029,150.9852107618221,27018000
2017-02-17,150.58790588378906,151.38256501774046,150.19057631681335,150.98523545076475,20389000
2017-02-20,150.98526000976562,151.3825896413703,150.587930378161,150.98526000976562,13254000
2017-02-21,150.98526000976562,150.98526000976562,149.7932711149517,150.98526000976562,31159000
2017-02-22,149.79322814941406,151.77987573760257,149.79322814941406,151.38254621996487,25677000
2017-02-23,149.79322814941406,150.58788718468946,148.60123959650096,149.39589863177636,35725000
2017-02-24,150.1905517578125,151.38254026382688,148.99856325179812,148.99856325179812,22766000
2017-03-01,147.80661010742188,149.79325809273666,147.80661010742188,149.79325809273666,46186000
2017-03-02,147.80661010742188,149.79325809273666,147.01195091329595,149.3959284956737,39980000
2017-03-03,146.21730041503906,147.01195965642515,146.21730041503906,146.61463003573212,28197000
2017-03-06,145.81991577148438,146.61457471301836,145.81991577148438,146.21724524225135,12531000
2017-03-07,147.4092559814453,147.4092559814453,146.21726738860343,146.21726738860343,18812000
2017-03-08,148.6012420654297,149.39590111390794,147.40925349271234,147.80658301695146,31791000
2017-03-09,146.6146240234375,147.80661283663616,146.21729441903793,147.40928323223662,28489000
2017-03-10,145.81991577148438,146.61457471301836,145.42258630071737,146.21724524225135,20053000
2017-03-13,148.2039337158203,148.2039337158203,147.01194497279764,147.01194497279764,10487000
2017-03-14,147.80661010742188,149.3959284956737,147.80661010742188,149.3959284956737,22245000
2017-03-15,148.2039337158203,148.60126329682788,147.4092745538052,147.4092745538052,14131000
2017-03-16,150.98526000976562,150.98526000976562,149.39594148334706,149.39594148334706,31507000
2017-03-17,152.17721557617188,152.17721557617188,150.19056785324537,150.58789739783066,33764000
2017-03-20,152.17721557617188,152.17721557617188,150.58789739783066,152.17721557617188,16215000
2017-03-21,154.95852661132812,154.95852661132812,152.1772197234325,152.57454927884618,32246000
2017-03-22,153.7665557861328,153.7665557861328,152.17723738007462,152.9718965831037,27396000
2017-03-23,153.7665557861328,153.7665557861328,152.57456698158916,152.57456698158916,18472000
2017-03-24,152.97186279296875,153.3691923067167,152.57453327922076,152.57453327922076,17541000
2017-03-27,153.36915588378906,154.5611441419532,152.57449704501295,154.5611441419532,29251000
2017-03-28,154.5612030029297,154.95853257363132,152.9718847201232,154.95853257363132,38259000
2017-03-29,152.17721557617188,154.5611928436837,151.77988603158659,154.5611928436837,33374000
2017-03-30,152.17721557617188,153.3692042099278,151.38255648700127,152.97187466534248,28302000
2017-03-31,150.1905517578125,152.57452876984127,150.1905517578125,151.77986976583168,33635000
2017-04-05,153.36915588378906,153.36915588378906,150.5878499480727,150.5878499480727,43748000
2017-04-06,152.17721557617188,153.3692042099278,151.77988603158659,153.3692042099278,16173000
2017-04-07,151.7799072265625,152.57456642670155,149.79325922621481,152.57456642670155,18911000
2017-04-10,150.98526000976562,152.17724890457959,150.587930378161,151.77991927297492,17024000
2017-04-11,151.7799072265625,151.7799072265625,150.19058882628434,150.98524802642342,8441000
2017-04-12,151.7799072265625,152.17723682663203,150.98524802642342,151.38257762649295,17283000
2017-04-13,152.17721557617188,152.5745451207572,150.58789739783066,150.58789739783066,14771000
2017-04-14,150.1905517578125,150.5878812598173,149.3958927538029,150.5878812598173,30701000
2017-04-17,148.9986114501953,150.19060034179688,148.9986114501953,150.19060034179688,17096000
2017-04-18,149.39588928222656,150.5878777605422,148.9985597894547,149.39588928222656,25063000
2017-04-19,148.2039337158203,148.99859287783545,148.2039337158203,148.99859287783545,30477000
2017-04-20,148.6012420654297,149.39590111390794,148.2039125411906,148.2039125411906,21488000
2017-04-21,150.98526000976562,150.98526000976562,148.9986118517424,148.9986118517424,17373000
2017-04-24,150.98526000976562,152.17724890457959,149.7932711149517,151.77991927297492,19317000
2017-04-25,152.57456970214844,152.57456970214844,150.58792165915173,151.3825808763504,31932000
2017-04-26,151.7799072265625,152.57456642670155,151.38257762649295,152.57456642670155,29909000
2017-04-27,153.36915588378906,153.36915588378906,151.38250878684877,152.57449704501295,27940000
2017-04-28,154.5612030029297,154.5612030029297,153.36921429082483,153.76654386152646,34852000
2017-05-02,156.15048217773438,158.1371295336852,155.35582323535405,157.73980006249505,44119000
2017-05-03,157.34251403808594,157.7398436189902,156.54785487627743,157.34251403808594,25723000
2017-05-04,157.34251403808594,158.13717319989445,156.54785487627743,157.7398436189902,22088000
2017-05-05,156.9451446533203,157.73980361359028,156.54781517318534,156.54781517318534,17036000
2017-05-08,160.91848754882812,160.91848754882812,158.13718035662617,158.13718035662617,36538000
2017-05-09,161.713134765625,164.49444175176598,161.713134765625,163.30245304341983,48077000
2017-05-10,163.30245971679688,163.69978930248251,162.11047095973996,162.11047095973996,28312000
2017-05-11,164.89173889160156,165.68639787421168,162.1104324524661,162.5077619437712,43718000
2017-05-12,163.6997833251953,164.49444246755064,162.90512418284,162.90512418284,25009000
2017-05-15,163.6997833251953,163.6997833251953,162.11046504048468,162.11046504048468,25666000
2017-05-16,162.50775146484375,162.90508093052796,161.71309253347533,162.90508093052796,33224000
2017-05-17,162.11045837402344,162.11045837402344,161.31579926434685,161.31579926434685,21567000
2017-05-18,161.713134765625,162.11046433507371,160.12381648783017,160.91847562672757,22461000
2017-05-19,161.31581115722656,162.50779990961988,160.91848157309548,161.71314074135768,16492000
2017-05-22,162.90512084960938,162.90512084960938,161.31580259741807,161.7131321604659,13726000
2017-05-23,162.90512084960938,164.49443910180068,162.50779128656154,162.90512084960938,19991000
2017-05-24,163.30245971679688,163.69978930248251,162.90513013111124,162.90513013111124,13380000
2017-05-25,164.49444580078125,164.49444580078125,163.30245706309444,163.69978664232337,22328000
2017-05-26,164.49444580078125,164.49444580078125,162.9051274838655,162.9051274838655,32514000
2017-05-31,161.31581115722656,164.49444783027536,161.31581115722656,164.09711824614428,67475000
2017-06-01,164.49444580078125,164.49444580078125,162.50779790463656,162.9051274838655,27589000
2017-06-02,166.083740234375,166.083740234375,164.89175166809957,165.6864107122832,22573000
2017-06-05,168.46771240234375,168.46771240234375,166.08373534004645,166.48106485042933,21457000
2017-06-06,167.2757110595703,168.07037001947327,167.2757110595703,167.2757110595703,14912000
2017-06-07,168.07037353515625,168.86503251168182,166.87838507036793,168.46770302341903,29514000
2017-06-08,169.2623748779297,169.2623748779297,168.0703863224513,168.4677158409441,18437000
2017-06-09,168.46771240234375,170.85168946464108,168.46771240234375,170.4543599542582,31774000
2017-06-12,164.89173889160156,166.8783863481269,164.4944094002965,164.4944094002965,58256000
2017-06-13,165.28912353515625,165.68645315903885,164.09713466350848,164.49446428739108,43566000
2017-06-14,164.49444580078125,166.48109369692597,163.69978664232337,165.6864345384681,36293000
2017-06-15,165.28912353515625,165.28912353515625,164.49446428739108,164.89179391127365,17748000
2017-06-16,168.07037353515625,168.46770302341903,164.49440814079122,164.891737629054,32816000
2017-06-19,169.2623748779297,169.2623748779297,167.27572728546573,167.6730568039585,15632000
2017-06-20,172.043701171875,173.23568986359697,170.45438291624566,170.851712480153,28630000
2017-06-21,171.24900817871094,172.44099663471124,170.45434920804405,171.64633766404438,44789000
2017-06-22,173.23568725585938,173.23568725585938,172.04369858208054,172.4410281400068,24139000
2017-06-23,172.44102478027344,173.63301343082833,172.44102478027344,173.23568388064336,39621000
2017-06-26,176.54672241210938,176.54672241210938,174.08327977380085,174.08327977380085,58686000
2017-06-27,173.67274475097656,175.72561407427415,173.26217088631705,175.72561407427415,43269000
2017-06-28,171.20932006835938,172.44104179546989,170.79874615932255,172.03046788643306,48568000
2017-06-29,172.44097900390625,172.85155276343934,171.2092577253069,172.85155276343934,26019000
2017-06-30,171.20932006835938,171.20932006835938,169.56702443221204,169.56702443221204,30867000
2017-07-03,171.6198272705078,171.6198272705078,169.9775322727039,170.3881060221549,19027000
2017-07-04,169.9775848388672,171.20930646813434,169.9775848388672,170.79873259171197,21132000
2017-07-05,171.20932006835938,171.20932006835938,169.56702443221204,169.9775983412489,23276000
2017-07-06,170.38812255859375,171.20927013718938,169.97754876929594,170.79869634789156,15242000
2017-07-07,169.1564178466797,170.38813933585453,168.74584401695475,169.9775655061296,20655000
2017-07-10,169.1564178466797,169.9775655061296,169.1564178466797,169.56699167640465,13292000
2017-07-11,174.0832977294922,174.0832977294922,170.3881333908945,170.79870720629424,33265000
2017-07-12,172.85159301757812,174.4938884381727,172.85159301757812,173.26216687272677,26426000
2017-07-13,176.1361846923828,177.36790626365823,173.672741549832,174.08331540692382,50090000
2017-07-14,174.90444946289062,176.1361709379814,174.08330181283011,174.90444946289062,22335000
2017-07-17,174.90444946289062,176.95731858804191,173.67272798779985,176.54674476301167,21372000
2017-07-18,175.72560119628906,175.72560119628906,174.08330585800599,174.90445352714752,18613000
2017-07-19,176.1361846923828,176.54675854947462,174.49388926401562,174.49388926401562,20637000
2017-07-20,176.95733642578125,176.95733642578125,175.72561482652986,176.5467625593641,20770000
2017-07-21,175.72560119628906,176.5467488654306,175.3150273617183,175.72560119628906,15032000
2017-07-24,176.1361846923828,176.1361846923828,174.90446312110743,175.3150369781992,19972000
2017-07-25,175.72560119628906,176.13617503085985,175.3150273617183,175.72560119628906,13344000
2017-07-26,174.90444946289062,176.54674476301167,174.49387563786036,176.54674476301167,14684000
2017-07-27,176.95733642578125,177.36791029219836,175.31504096011273,175.31504096011273,23013000
2017-07-28,174.90444946289062,175.72559711295114,174.49387563786036,174.90444946289062,19724000
2017-07-31,176.1361846923828,176.1361846923828,173.672741549832,173.672741549832,19993000
2017-08-01,174.0832977294922,175.7255929910912,174.0832977294922,174.49387154489193,19704000
2017-08-02,177.36795043945312,177.36795043945312,175.72565460205078,175.72565460205078,27320000
2017-08-03,175.31504821777344,175.72562210118744,174.49390045094546,174.90447433435943,25694000
2017-08-04,174.90444946289062,175.72559711295114,174.49387563786036,175.3150232879209,21831000
2017-08-07,177.36795043945312,177.7785243988037,175.3150806427002,175.3150806427002,21564000
2017-08-08,178.59963989257812,179.8313615470097,177.36791823814656,178.59963989257812,25122000
2017-08-09,176.1361846923828,176.95733240656642,175.3150369781992,176.54675854947462,28050000
2017-08-10,175.72560119628906,176.95732270000138,174.49387969257677,176.95732270000138,26273000
2017-08-11,174.49391174316406,175.3150595631319,172.85161610322842,173.26219001321232,41417000
2017-08-14,173.2621612548828,175.7256043059001,172.4410135712104,175.31503046406388,29299000
2017-08-15,175.72560119628906,176.13617503085985,174.90445352714752,174.90445352714752,13512000
2017-08-16,174.90444946289062,176.1361709379814,173.26215416276958,176.1361709379814,25176000
2017-08-17,175.72560119628906,175.72560119628906,174.90445352714752,175.3150273617183,8334000
2017-08-18,174.49391174316406,174.904485653148,173.26219001321232,174.08333783318017,13711000
2017-08-21,173.67274475097656,174.90446634495513,173.67274475097656,174.4938924802956,11882499
2017-08-22,176.1361846923828,176.1361846923828,174.90446312110743,175.3150369781992,14211415
2017-08-23,176.95733642578125,177.36791029219836,175.72561482652986,176.95733642578125,11589917
2017-08-24,178.18905639648438,178.18905639648438,176.95733480849023,177.36790867115494,15224842
2017-08-25,178.59963989257812,178.59963989257812,177.36791823814656,178.59963989257812,10125387
2017-08-28,177.36795043945312,177.7785243988037,176.54680252075195,176.54680252075195,15236159
2017-08-29,177.36795043945312,177.36795043945312,176.54680252075195,177.36795043945312,16160161
2017-08-30,178.59963989257812,179.01021377738866,177.36791823814656,177.36791823814656,19674310
2017-08-31,177.77847290039062,179.01019442164045,176.95732521955742,178.59962058122386,26434202
2017-09-01,177.77847290039062,178.59962058122386,176.54675137914083,176.54675137914083,17805405
2017-09-04,178.59963989257812,179.01021377738866,176.95734435333603,177.7784921229571,15023185
2017-09-05,179.0102081298828,179.0102081298828,177.7784865143102,179.0102081298828,17357347
2017-09-06,178.18905639648438,179.01020412181379,177.36790867115494,177.77848253381964,16012662
2017-09-07,178.18905639648438,179.4207779844785,177.36790867115494,179.01020412181379,19135540
2017-09-08,179.0102081298828,179.0102081298828,177.7784865143102,178.18906038616774,25512045
2017-09-11,178.18905639648438,180.24192570980793,177.77848253381964,179.8313518471432,19026886
2017-09-12,179.8313751220703,180.24194903787412,178.59965337465886,179.8313751220703,21588321
2017-09-13,179.0102081298828,179.83135587359786,178.59963425802528,178.59963425802528,17555541
2017-09-14,179.4207763671875,179.8313502261513,178.59962864925987,179.4207763671875,18315567
2017-09-15,179.4207763671875,179.8313502261513,178.18905479029604,179.4207763671875,44551103
2017-09-18,180.24188232421875,180.65245608805523,179.01016103270928,179.83130856038227,17654705
2017-09-19,181.88421630859375,181.88421630859375,180.65249475345655,181.88421630859375,23410233
2017-09-20,181.88421630859375,182.29479016030615,180.65249475345655,181.47364245688135,20320237
2017-09-21,181.4736785888672,183.1159743227031,180.65253072194923,181.4736785888672,18645565
2017-09-22,179.4207763671875,182.2947933799342,179.4207763671875,181.8842195209704,21557370
2017-09-25,178.18905639648438,179.4207779844785,178.18905639648438,178.59963025914908,16876286
2017-09-26,175.72560119628906,179.01019187285522,175.72560119628906,178.59961803828446,23070901
2017-09-27,176.54672241210938,178.59959127736644,176.54672241210938,178.59959127736644,22590510
2017-09-28,175.72560119628906,177.36789653457214,175.3150273617183,176.5467488654306,31616062
2017-09-29,177.77847290039062,178.59962058122386,176.95732521955742,177.36789905997404,21380708
2017-10-02,181.0630645751953,181.0630645751953,179.42076920489876,180.24191689004704,27983551
2017-10-03,182.70535278320312,183.11592660968225,179.83133599784938,179.83133599784938,36679938
2017-10-05,184.34765625,185.16880393930958,182.29478702672606,182.29478702672606,23349939
2017-10-06,184.34765625,185.16880393930958,183.52650856069042,184.75823009465478,15642516
2017-10-11,191.3274383544922,191.73801225654046,185.98997762786473,185.98997762786473,63667562
2017-10-12,195.0225830078125,195.0225830078125,192.55913985402958,192.9697137129934,42390186
2017-10-13,195.0225830078125,195.0225830078125,192.55913985402958,195.0225830078125,23145071
2017-10-16,195.4331512451172,195.4331512451172,193.79085585650276,195.0225773979636,19964072
2017-10-17,193.3802947998047,195.4331641713525,192.96972092549512,195.4331641713525,17652304
2017-10-18,195.0225830078125,196.66487844366776,194.61200914884867,196.66487844366776,28886850
2017-10-19,196.25430297851562,198.30717225653356,196.25430297851562,196.6648768341192,23481776
2017-10-20,195.0225830078125,196.66487844366776,195.0225830078125,195.4331568667763,24722035
2017-10-23,196.25430297851562,197.0754506897228,195.84372912291204,196.25430297851562,15772559
2017-10-24,195.4331512451172,197.07544663373164,195.4331512451172,197.07544663373164,14975093
2017-10-25,195.4331512451172,196.25429893942442,195.0225773979636,195.8437250922708,16880187
2017-10-26,193.79083251953125,195.43312771037472,193.79083251953125,194.61198011495298,12959717
2017-10-27,196.25430297851562,197.0754506897228,195.02258141170486,195.02258141170486,17773541
2017-10-30,199.5388946533203,201.18119008256573,198.30717308138622,198.7177469386976,27784990
2017-10-31,199.5388946533203,201.18119008256573,198.30717308138622,199.94946851063168,22582013
2017-11-01,199.12832641601562,201.18119576051063,198.3071786782176,199.9494741538136,20389054
2017-11-02,197.89657592773438,199.12829735467048,197.4860021187557,198.7177235456918,15810342
2017-11-03,196.25430297851562,197.89659840092997,195.84372912291204,197.4860245453264,16528682
2017-11-06,196.66490173339844,200.3600669016669,196.25432782581308,199.9494929940815,21029415
2017-11-07,200.3600616455078,200.3600616455078,198.30719216143498,198.71776605824954,20200261
2017-11-08,199.12832641601562,199.9494741538136,198.71775254711662,199.5389002849146,14129103
2017-11-09,197.89657592773438,199.5388711636492,197.07542830977698,197.4860021187557,20313949
2017-11-10,197.4860382080078,198.7177598600328,196.66489043999113,197.07546432399946,14121296
2017-11-13,196.66490173339844,198.30719736374,196.66490173339844,197.07547564098383,12087858
2017-11-14,197.07545471191406,197.89660243988038,196.25430698394777,197.89660243988038,16880176
2017-11-15,195.0225830078125,196.66487844366776,193.79086143092104,196.25430458470393,28720308
2017-11-16,195.4331512451172,197.07544663373164,195.0225773979636,195.4331512451172,16487172
2017-11-17,198.3071746826172,199.12832240387027,197.4860269613641,197.4860269613641,18676825
2017-11-20,195.84373474121094,198.3071779455029,195.43316087382894,197.8966040781209,16265271
2017-11-21,199.5388946533203,199.5388946533203,196.6648776521408,197.07545150945214,20513024
2017-11-22,198.7177734375,200.77064299780474,198.7177734375,200.77064299780474,26626431
2017-11-23,199.12832641601562,199.9494741538136,198.3071786782176,198.71775254711662,9346763
2017-11-24,200.3600616455078,200.77063554232237,198.30719216143498,198.71776605824954,11154453
2017-11-27,194.61196899414062,197.0754116396361,194.61196899414062,197.0754116396361,32247324
2017-11-28,192.14857482910156,192.96972258478147,191.32742707342163,192.5591487069415,44803178
2017-11-29,192.55917358398438,193.79089537663245,192.55917358398438,192.96974751486707,25762797
2017-11-30,185.57936096191406,189.27452522885483,185.57936096191406,185.98993476935192,109231770
2017-12-01,189.6851043701172,191.73797346503187,186.81108763723662,187.6322352752025,37446265
2017-12-04,192.14857482910156,192.5591487069415,189.6851315620618,190.91685319558167,21635032
2017-12-05,188.4534149169922,189.6851365831163,187.6322671395761,189.6851365831163,29664765
2017-12-06,186.40054321289062,188.4534126315348,185.9899693291618,187.22169098034828,32371690
2017-12-07,185.989990234375,185.989990234375,182.70539879535735,185.989990234375,41343903
2017-12-08,186.40054321289062,189.6851342827213,184.34767379424645,189.6851342827213,37959260
2017-12-11,186.81109619140625,188.04281770475617,186.40052235362293,187.63224386697286,20649609
2017-12-12,186.81109619140625,188.4533915425395,184.7582270024897,188.4533915425395,21796584
2017-12-13,186.40054321289062,187.22169098034828,185.9899693291618,186.81111709661945,17920331
2017-12-14,189.27455139160156,189.27455139160156,186.8111082064614,187.22168207065144,17193313
2017-12-15,188.86399841308594,188.86399841308594,185.98998104593028,187.63227668430494,42625779
2017-12-18,186.40054321289062,187.22169098034828,185.9899693291618,186.40054321289062,14564664
2017-12-19,184.7582550048828,187.63227230495878,183.93710720486112,185.98997670491536,25714129
2017-12-20,184.34765625,185.16880393930958,183.52650856069042,184.75823009465478,26289333
2017-12-21,184.7582550048828,186.40055060492622,184.34768110487195,185.98997670491536,18558164
2017-12-22,186.81109619140625,186.81109619140625,183.93707932692305,184.7582270024897,19036483
2017-12-25,187.63223266601562,188.45338029256274,185.9899374129214,187.22165885274208,4579675
2017-12-26,185.57936096191406,188.04280380654126,184.75821334703835,188.04280380654126,13755843
2017-12-27,184.7582550048828,185.5794028049045,184.7582550048828,184.7582550048828,12515245
2017-12-28,185.57936096191406,187.22165619166552,184.75821334703835,185.98993476935192,24304371
2017-12-29,188.4534149169922,188.86398880570022,185.9899715847439,186.81111936215999,25007443
2018-01-02,190.9168701171875,190.9168701171875,189.68514837449598,190.09572228872648,18055269
2018-01-03,194.61196899414062,195.4331165426391,193.3802476713929,193.79082144564217,29308091
2018-01-04,196.66490173339844,197.07547564098383,194.20145828788614,197.07547564098383,29096613
2018-01-05,197.07545471191406,197.07545471191406,195.43315925598145,197.07545471191406,22438255
2018-01-08,198.7177734375,199.12834734956095,197.48605170131714,198.7177734375,20233692
2018-01-09,198.7177734375,198.7177734375,196.66490387719523,198.7177734375,19043123
2018-01-10,194.201416015625,198.71772801598837,193.79084219741014,198.3071541977735,23631220
2018-01-11,192.96969604492188,193.7908436876662,190.916826938061,192.96969604492188,30446338
2018-01-12,194.61196899414062,195.4331165426391,191.73795257439593,192.55910012289442,21513291
2018-01-15,197.07545471191406,197.07545471191406,195.43315925598145,197.07545471191406,27476533
2018-01-16,197.4860382080078,197.4860382080078,195.43316878796614,197.07546432399946,21691632
2018-01-17,198.7177734375,199.53892126162188,196.2543299651343,197.48605170131714,38046119
2018-01-18,204.0552520751953,205.28697391870756,201.1812344403334,201.1812344403334,49896952
2018-01-19,209.80325317382812,209.80325317382812,206.51866212609696,208.16095764996254,50549292
2018-01-22,214.73016357421875,215.1407375007469,211.03499823546548,211.44557216199362,43400509
2018-01-23,218.42526245117188,218.42526245117188,215.55124583997224,215.55124583997224,33527444
2018-01-24,211.85609436035156,215.96183262314906,210.6243728815123,215.96183262314906,41874813
2018-01-25,211.85609436035156,216.78298027570858,210.6243728815123,211.85609436035156,44643756
2018-01-26,209.39266967773438,211.4455389883004,208.16094809139477,210.624391264074,39555523
2018-01-29,212.26670837402344,214.73015179809332,209.39269104594186,212.67728227803508,30071234
2018-01-30,207.75033569335938,211.4454997669567,207.33976190740412,210.2137784090909,36860591
2018-01-31,209.39266967773438,211.4455389883004,206.92922650505517,207.75037422928156,44136808
2018-02-01,213.0878143310547,214.3195358011764,211.03494521418517,211.44551903755908,30559457
2018-02-02,213.0878143310547,213.4983881544286,209.3926499206896,212.67724050768078,25707560
2018-02-05,207.75033569335938,208.98205705122513,205.6974667635831,206.10804054953834,45594379
2018-02-06,196.25430297851562,199.9494676789479,192.14856442247972,199.12831996774074,102409048
2018-02-07,197.07545471191406,201.59176721572877,196.66488084793093,201.1811933517456,80063178
2018-02-08,195.84373474121094,198.7177518128849,195.43316087382894,196.66488247597493,30989550
2018-02-09,190.9168701171875,191.32744403141803,187.6322788033434,188.86400054603496,65735265
2018-02-12,194.201416015625,195.0225636520547,192.96969456098043,193.3802683791953,35635236
2018-02-21,199.12832641601562,200.77062189161163,198.71775254711662,200.77062189161163,71504174
2018-02-22,196.66490173339844,200.3600669016669,196.25432782581308,200.3600669016669,39239993
2018-02-23,201.1811981201172,201.1811981201172,197.89660713040098,197.89660713040098,26985776
2018-02-26,202.4129180908203,203.23406583155386,201.18119647972,202.8234919611871,35901810
2018-02-27,202.00233459472656,205.69749925194716,202.00233459472656,205.69749925194716,40818119
2018-03-01,199.5388946533203,201.18119008256573,198.7177469386976,200.360042367943,39719984
2018-03-02,197.07545471191406,197.89660243988038,195.8437331199646,197.07545471191406,35139170
2018-03-05,198.3071746826172,199.5388962644968,197.4860269613641,199.12832240387027,27337846
2018-03-06,205.28692626953125,205.28692626953125,201.59176159667967,201.59176159667967,34890780
2018-03-07,202.82351684570312,204.05523860792397,202.00236900422254,203.64466468718368,30391219
2018-03-08,204.87635803222656,206.51865348739472,204.4657841684345,204.87635803222656,20645694
2018-03-09,205.697509765625,206.10808363741268,204.0552142784743,205.28693589383732,19831063
2018-03-12,208.571533203125,209.39268097164125,206.5186637818344,206.92923766609252,24492615
2018-03-13,212.67724609375,212.67724609375,209.39265542048744,209.80322925464526,33756883
2018-03-14,211.03497314453125,211.44554702224437,209.80325151139198,210.62439926681816,23772838
2018-03-15,209.39266967773438,211.8561128504136,209.39266967773438,211.8561128504136,19396493
2018-03-16,209.39266967773438,210.2138174019608,204.87635719448915,207.75037422928156,62929326
2018-03-19,209.39266967773438,209.80324353984759,206.10807878082875,207.33980036716835,21440766
2018-03-20,207.75033569335938,208.57148326526988,206.5186143354936,207.75033569335938,21840151
2018-03-21,207.33978271484375,209.39265185063428,206.10806123336943,209.39265185063428,28976737
2018-03-22,206.5186309814453,208.9820738957369,204.8763357052509,208.9820738957369,27000668
2018-03-23,201.1811981201172,202.8234936149753,200.36005037268814,201.1811981201172,52498390
2018-03-26,199.94947814941406,200.7706259036211,198.30718264099997,198.30718264099997,36987945
2018-03-27,206.10806274414062,206.10806274414062,202.82347210279974,203.64461976313495,31008260
2018-03-28,201.1811981201172,203.64464136240434,200.36005037268814,203.23406748868982,29637411
2018-03-29,200.3600616455078,202.8235050263952,199.12833995506412,199.53891385187868,36165345
2018-03-30,202.00233459472656,204.87635155034258,202.00233459472656,203.23405614713343,16996346
2018-04-02,202.4129180908203,204.4657874426542,201.18119647972,204.0552135722874,17696003
2018-04-03,200.3600616455078,200.77063554232237,198.71776605824954,199.53891385187868,35813944
2018-04-09,201.1811981201172,203.64464136240434,199.9494764989736,203.64464136240434,34694824
2018-04-10,201.59178161621094,204.46579886939523,199.9494860429628,200.77063382958687,25156994
2018-04-11,203.6446533203125,204.0552272181357,202.41293162684286,202.41293162684286,21607935
2018-04-12,201.1811981201172,204.05521523611887,200.36005037268814,204.05521523611887,20409657
2018-04-13,200.77059936523438,202.00232083373274,200.3600255424016,202.00232083373274,19742548
2018-04-16,199.94947814941406,200.36005202651756,198.7177565181035,199.53890427231053,18350139
2018-04-17,195.4331512451172,199.9494635638069,195.0225773979636,199.53888971665327,42756389
2018-04-18,195.4331512451172,198.30716817519246,194.20142970365637,196.66487278657803,42500048
2018-04-19,200.77059936523438,200.77059936523438,197.89658260540486,198.71773025107044,31901989
2018-04-20,188.0428466796875,190.09571618492427,187.22169887759281,187.22169887759281,128452087
2018-04-23,185.989990234375,186.81113809412943,184.75826844474338,185.989990234375,71009975
2018-04-24,186.40054321289062,186.81111709661945,184.75824767797528,184.75824767797528,40967892
2018-04-25,184.7582550048828,185.5794028049045,183.93710720486112,185.16882890489367,46771110
2018-04-26,182.29478454589844,185.1688014193698,181.47363686776376,184.75822758030245,48023557
2018-04-27,183.52651977539062,185.16881525436506,181.47365042667263,184.75824138462144,34174459
2018-04-30,186.40054321289062,187.22169098034828,182.70537825933113,184.34767379424645,28500789
2018-05-02,183.11590576171875,186.81106977933192,182.70533198198396,186.40049599959713,38167942
2018-05-03,181.0630645751953,182.70535994549186,180.65249073262117,181.47363841776945,31690731
2018-05-04,183.11590576171875,183.93705332118836,181.06303686304477,181.47361064277956,27208722
2018-05-07,183.52651977539062,185.16881525436506,181.88422429641622,184.75824138462144,23268759
2018-05-08,187.2216796875,187.6322535464638,183.52651495682565,183.93708881578945,40324763
2018-05-09,188.4534149169922,190.5062843605324,187.6322671395761,187.6322671395761,33778934
2018-05-10,188.4534149169922,190.09571047182436,188.04284102828413,189.6851365831163,27530377
2018-05-11,191.3274383544922,192.14858615858873,189.27456884425087,190.50629055039565,30693910
2018-05-14,191.3274383544922,192.559160060637,190.91686445244392,192.559160060637,19921437
2018-05-15,189.27455139160156,192.14856844093174,188.4534036632215,191.7379945767417,23771769
2018-05-16,189.27455139160156,189.27455139160156,187.63225593484145,188.4534036632215,14409556
2018-05-17,185.989990234375,190.09572953314708,185.989990234375,189.6851556032699,26852737
2018-05-18,183.52651977539062,186.81111073333946,183.52651977539062,185.16881525436506,27664541
2018-05-21,188.0428466796875,188.8639944817822,184.7582554713087,184.7582554713087,16127815
2018-05-22,188.0428466796875,191.73801178911367,188.0428466796875,188.8639944817822,22355097
2018-05-23,187.63223266601562,190.09567554565697,187.63223266601562,190.09567554565697,23062899
2018-05-24,188.0428466796875,188.8639944817822,187.63227277864016,188.45342058073487,12996610
2018-05-25,187.63223266601562,188.45338029256274,187.22165885274208,187.63223266601562,15971294
2018-05-28,186.40054321289062,188.86398651526363,185.9899693291618,188.4534126315348,16373270
2018-05-29,184.7582550048828,185.98997670491536,183.52653330485026,185.98997670491536,23764776
2018-05-30,181.4736785888672,183.93712218962105,181.0631046554082,183.93712218962105,49163788
2018-05-31,183.93707275390625,183.93707275390625,181.06305599212646,181.88420363834928,96069458
2018-06-01,183.93707275390625,185.98994186946325,183.93707275390625,184.34764657701766,27617994
2018-06-04,188.0428466796875,188.0428466796875,186.4005510754981,186.81112497654544,25959480
2018-06-05,188.0428466796875,188.8639944817822,185.98997717445076,188.8639944817822,26534884
2018-06-06,188.86399841308594,188.86399841308594,186.40055495552394,188.0428505938986,24767441
2018-06-07,188.86399841308594,190.09572014186693,187.22170277471128,189.68514623227327,24958266
2018-06-08,186.40054321289062,188.04283874780594,185.57939544543297,188.04283874780594,23548851
2018-06-11,185.57936096191406,186.4005085767898,184.75821334703835,185.98993476935192,21696933
2018-06-12,188.0428466796875,188.0428466796875,183.937107669214,184.7582554713087,29501260
2018-06-13,190.5063018798828,190.5063018798828,187.2217104681607,188.04285832109122,28944970
2018-06-14,185.989990234375,188.86400774351546,185.989990234375,188.86400774351546,33408041
2018-06-15,189.6851043701172,189.6851043701172,183.93707090435606,184.75821854232194,48059679
2018-06-19,184.7582550048828,185.5794028049045,183.93710720486112,185.16882890489367,56889624
2018-06-20,185.57936096191406,186.81108238422766,183.52649192472475,184.34763953960046,40708701
2018-06-21,185.989990234375,187.22171202400665,185.5794163044978,186.81113809412943,31242557
2018-06-22,186.81109619140625,186.81109619140625,183.93707932692305,184.34765316470637,43581409
2018-06-25,185.5345001220703,187.6621893436537,185.5345001220703,187.236651499337,45025211
2018-06-26,182.55572509765625,183.83233855987763,180.85357381469444,183.40680073913717,38446346
2018-06-27,181.27911376953125,183.8323407240317,180.85357594378118,183.8323407240317,39888414
2018-06-28,180.4280242919922,182.55571325769964,178.7258731194262,179.57694870570919,37940780
2018-06-29,184.2578887939453,184.68342664335395,180.42804814926748,180.42804814926748,34313680
2018-07-02,182.1301727294922,186.3855505970037,182.1301727294922,185.96001281025252,32449442
2018-07-03,182.55572509765625,185.53448984283946,181.70464945617533,183.40680073913717,28323220
2018-07-04,183.8323516845703,185.10896523793537,183.4068138334486,184.6834273868137,15212295
2018-07-05,182.55572509765625,182.9812629183967,181.2791116354349,182.1301872769158,18225416
2018-07-06,184.68341064453125,185.10894845707625,182.98125939435124,185.10894845707625,29033762
2018-07-09,188.51327514648438,189.78988874792785,185.96004794359746,186.8111236778931,38734793
2018-07-10,188.9387664794922,190.640917528857,188.9387664794922,189.78984200417457,20118957
2018-07-11,187.2366485595703,187.2366485595703,185.53449720902876,187.2366485595703,19854690
2018-07-12,187.66217041015625,188.938783814307,185.53448140323837,185.53448140323837,23666051
2018-07-13,191.06646728515625,191.06646728515625,189.36431612894106,189.36431612894106,29716311
2018-07-16,190.21539306640625,191.49200644269087,190.21539306640625,191.066468650596,15819254
2018-07-17,188.51327514648438,190.21542661507567,188.08773727933655,189.36435088078002,21548436
2018-07-18,189.78985595703125,190.64093154428252,188.93878036977998,189.78985595703125,39898658
2018-07-19,191.06646728515625,193.19415623042525,191.06646728515625,191.91754286326386,39661216
2018-07-20,202.13046264648438,202.13046264648438,198.30062230160362,200.00277356599506,97969023
2018-07-23,205.10923767089844,208.51354037083036,202.981548483441,203.40708632093248,52256877
2018-07-24,205.10923767089844,205.53477550838994,202.981548483441,204.25816199591546,27239267
2018-07-25,204.68370056152344,205.10923840052868,203.4070870445077,203.4070870445077,20962512
2018-07-26,205.10923767089844,206.38585118337292,203.83262415842398,205.10923767089844,30606388
2018-07-27,208.08802795410156,208.08802795410156,205.10926272776473,205.9603385067181,27129646
2018-07-30,208.93907165527344,208.93907165527344,207.66245818283795,208.0879960069831,22788730
2018-07-31,209.36459350585938,209.36459350585938,205.96029117243077,207.2369045474665,27059442
2018-08-01,211.0667724609375,211.0667724609375,209.79015891782697,210.21569676553048,29136161
2018-08-02,208.08802795410156,212.34340684886845,207.2369521751482,211.91786895939177,22402110
2018-08-03,210.21568298339844,211.06675862300733,208.51353170418062,209.36460734378954,24719097
2018-08-06,208.93907165527344,210.2156851277089,207.66245818283795,208.51353383112826,22364568
2018-08-07,205.53475952148438,208.93906195662285,205.53475952148438,208.51352415223053,23992418
2018-08-08,210.6412353515625,210.6412353515625,208.08800825639204,208.51354610558712,24382432
2018-08-09,210.21568298339844,211.06675862300733,209.36460734378954,210.21568298339844,15128655
2018-08-10,208.51353454589844,210.21568584831394,208.08799672029457,209.79014802271007,15890492
2018-08-13,204.68370056152344,206.81138975654966,203.4070870445077,205.53477623953393,17881194
2018-08-14,207.2369384765625,208.51355206060703,206.38586275386615,208.51355206060703,17358913
2018-08-15,205.53475952148438,208.0879863478382,203.83260830391515,208.0879863478382,18473321
2018-08-16,203.40707397460938,205.53476303292118,202.55599835128464,202.55599835128464,19155966
2018-08-17,203.83261108398438,205.10922451457301,203.40707327378817,203.83261108398438,18324474
2018-08-20,203.83261108398438,204.25814889418058,202.55599765339576,203.83261108398438,16933437
2018-08-21,205.10923767089844,205.10923767089844,202.981548483441,203.40708632093248,12014127
2018-08-22,205.96034240722656,206.38588030476214,204.68372871461978,205.53480450969096,12614240
2018-08-23,208.08802795410156,208.08802795410156,206.81141428567147,206.81141428567147,14839240
2018-08-24,207.2369384765625,209.36462778330338,206.81140061521432,208.9390899219552,14355943
2018-08-27,208.51353454589844,209.79014802271007,208.08799672029457,209.3646101971062,15152299
2018-08-28,212.34335327148438,212.76889105359157,211.06673992516284,211.49227770727,36792531
2018-08-29,220.42855834960938,220.42855834960938,215.7476430178609,215.7476430178609,56993182
2018-08-30,224.25843811035156,228.08827860938982,223.40736244389862,225.1095137768045,48957808
2018-08-31,217.87533569335938,220.42856228351593,216.173184633255,219.15194898843765,69069506
2018-09-03,218.72645568847656,221.27968279768058,218.30091783694255,220.42860709461257,26720905
2018-09-04,219.15196228027344,220.85411344361535,217.4498111169315,220.0030378619444,34304615
2018-09-05,224.68397521972656,225.1095130515821,220.42859690117112,221.27967256488222,44864459
2018-09-06,222.1307373046875,228.08826665768677,222.1307373046875,228.08826665768677,35698488
2018-09-07,224.68397521972656,224.68397521972656,221.70521039673775,223.83289955601546,38663728
2018-09-10,225.10948181152344,226.81163290272588,223.40733072032097,226.81163290272588,41659795
2018-09-11,221.27967834472656,224.25844324552097,219.57752697284405,223.83290540255035,34350276
2018-09-12,221.7052001953125,222.98181363213772,219.57751113393715,222.13073800758758,37885965
2018-09-13,217.0242919921875,221.27967026654412,215.7476785098805,221.27967026654412,37576180
2018-09-14,222.1307373046875,222.55627511561602,218.72643481725933,218.72643481725933,37903219
2018-09-17,219.5775146484375,223.40735502021258,218.72643901026527,223.40735502021258,24765758
2018-09-18,216.5987548828125,218.72644402704444,216.1732170539661,218.30090619819805,33960152
2018-09-19,219.5775146484375,221.279665924782,218.72643901026527,219.5775146484375,59227711
2018-09-20,221.27967834472656,222.55629187363846,219.15198912987344,222.55629187363846,29649071
2018-09-21,222.55625915527344,222.55625915527344,219.57749469239212,222.55625915527344,35012974
2018-09-25,224.25843811035156,224.68397594357802,221.7052111109927,222.55628677744565,24397062
2018-09-26,224.25843811035156,224.25843811035156,222.1307489442192,223.83290027712508,24859115
2018-09-27,225.53506469726562,226.38614041310436,222.9818375497494,224.6839889814269,38495371
2018-09-28,223.4073944091797,226.38615966796874,221.27970493861605,226.38615966796874,39626486
2018-10-01,223.83285522460938,224.68393071975999,222.13070423430815,222.98177972945876,22254380
2018-10-02,219.15196228027344,223.83287797946372,218.72642448943793,222.98180239779276,38391491
2018-10-03,221.27967834472656,221.27967834472656,218.7264512869028,219.15198912987344,25228536
2018-10-04,216.17318725585938,219.15195164718025,216.17318725585938,218.72641387699156,36408727
2018-10-05,212.76890563964844,215.3221325073242,211.49229220581054,212.76890563964844,40204660
2018-10-08,207.2369384765625,209.79016564465155,205.10924916982162,208.9390899219552,50876958
2018-10-09,207.6624298095703,208.51350534157675,205.96027874555745,207.23689204356708,28905345
2018-10-11,193.6197052001953,198.72615896371695,193.1941673865685,198.72615896371695,94589657
2018-10-12,201.7049102783203,201.7049102783203,194.89630571196352,196.5984568535527,47175769
2018-10-15,196.17291259765625,199.15167699718683,196.17291259765625,199.15167699718683,42168280
2018-10-16,201.7049102783203,201.7049102783203,194.89630571196352,195.32184349736082,37818077
2018-10-17,202.98153686523438,206.81137718344635,202.5559990520997,205.53476374404235,42494858
2018-10-18,201.27935791015625,203.40704668299088,200.42828240102241,202.55597117385705,25676430
2018-10-19,200.85385131835938,201.2793891389491,195.74739747128243,196.59847311246193,28358460
2018-10-22,201.7049102783203,202.55598584911493,197.02399463895003,197.87507020974462,29275777
2018-10-23,195.74740600585938,199.15170871900474,195.74740600585938,197.44955736243207,32827745
2018-10-24,195.32183837890625,196.5984517016442,193.19414950767631,195.74737615315223,44321950
2018-10-25,186.8110809326172,188.93876978150803,186.8110809326172,187.66215647217354,75524118
2018-10-26,188.0877227783203,190.64094978436086,184.68342010359956,189.78987411568068,38439644
2018-10-29,189.36431884765625,190.64093223314606,188.0877054621664,189.7898566428195,18463792
2018-10-30,189.78985595703125,191.49200713153377,187.6621669889031,188.08770478252873,28877931
2018-10-31,199.15170288085938,199.15170288085938,194.04524896083734,194.04524896083734,57283201
2018-11-01,200.42832946777344,201.70494303126245,198.30064019529175,200.85386732226976,41974797
2018-11-02,201.27935791015625,201.27935791015625,198.7261313827547,201.27935791015625,30722361
2018-11-05,200.0027618408203,200.428299631971,197.44953509391624,198.3006106762176,25452065
2018-11-06,199.57728576660156,200.42836161208814,197.8751340756284,199.15174784385826,30468176
2018-11-07,199.15170288085938,200.8538541875334,197.87508940085385,198.30062722752237,34424652
2018-11-08,201.27935791015625,202.1304334192901,200.85382015558935,202.1304334192901,24739146
2018-11-09,196.5984649658203,199.57722958651456,196.5984649658203,199.57722958651456,23219081
2018-11-12,197.0240020751953,199.57722888394514,195.7473886708204,195.7473886708204,23228445
2018-11-13,193.6197052001953,194.0452430138221,191.0664783184345,191.0664783184345,36104127
2018-11-14,194.4707794189453,196.598468471669,194.4707794189453,195.74739285057953,20028279
2018-11-15,196.5984649658203,197.44954057173297,194.47077595103872,195.32185155695137,22072228
2018-11-16,192.34310913085938,194.89633624321593,191.49203342674053,194.89633624321593,46738909
2018-11-19,188.9387664794922,191.49199305353937,188.08769095480977,191.49199305353937,48944754
2018-11-20,185.5345001220703,187.6621893436537,185.5345001220703,186.38557581070367,41569756
2018-11-21,186.3855743408203,187.23665002274186,182.13019593121254,182.5557337721733,35206343
2018-11-22,186.3855743408203,188.93880138658497,186.3855743408203,188.5132635456242,21929610
2018-11-23,185.96002197265625,187.66217320352723,184.683408549503,187.66217320352723,14883334
2018-11-26,189.78985595703125,190.64093154428252,185.96001581440058,186.3855536080262,30599804
2018-11-27,190.6409454345703,191.06648325920105,186.38556718826294,187.2366428375244,26584349
2018-11-28,192.76864624023438,193.19418409065432,188.93880558645486,189.3643434368748,24429026
2018-11-29,194.8963165283203,197.0240055733893,194.8963165283203,197.0240055733893,44383207
2018-11-30,191.91758728027344,196.59850404320693,191.91758728027344,195.3218903805887,55827957
2018-12-03,200.0027618408203,200.0027618408203,196.59845951161486,196.59845951161486,45333986
2018-12-04,199.15170288085938,199.57724070752786,196.59847592084836,198.30062722752237,39746162
2018-12-05,192.34310913085938,193.61972268703764,191.49203342674053,192.7686469829188,42835576
2018-12-06,187.2366485595703,188.93879991011184,186.8111107219349,187.2366485595703,40149112
2018-12-07,188.0877227783203,190.21541195002075,187.6621849439802,189.36433628134057,25063568
2018-12-10,186.3855743408203,187.23665002274186,185.96003649985954,186.81111218178108,19433461
2018-12-11,189.36431884765625,189.7898566428195,186.38555428151332,187.23662987183988,27375220
2018-12-12,192.76864624023438,193.19418409065432,189.3643434368748,190.2154191377147,26433846
2018-12-13,192.34310913085938,193.61972268703764,191.49203342674053,193.19418483497822,32087141
2018-12-14,189.36431884765625,190.21539443798278,187.66216766700316,189.7898566428195,38646159
2018-12-17,190.21539306640625,191.49200644269087,187.23662852174218,188.08770410593192,18938952
2018-12-18,189.36431884765625,189.7898566428195,187.66216766700316,188.0877054621664,30203541
2018-12-19,191.91758728027344,191.91758728027344,188.93882206749757,188.93882206749757,23390082
2018-12-20,188.0877227783203,189.36433628134057,188.0877227783203,188.0877227783203,35027116
2018-12-21,190.21539306640625,190.64093085850112,186.38555293755243,186.38555293755243,43507532
2018-12-24,187.2366485595703,188.51326207247646,186.8111107219349,188.51326207247646,22976100
2018-12-25,185.1089630126953,185.5345008587015,182.98127378266432,183.4068116286705,19402777
2018-12-26,184.2578887939453,186.81111589039722,183.83235094453667,185.9600401915799,16463259
2018-12-27,189.78985595703125,190.64093154428252,187.6621669889031,188.93878036977998,21491484
2018-12-28,191.91758728027344,191.91758728027344,189.364359955037,190.21543573011581,29456773
2019-01-02,186.8110809326172,192.7686097095116,186.385543162839,192.7686097095116,32900482
2019-01-03,183.4067840576172,185.53447296779837,182.13017071150847,182.13017071150847,34087620
2019-01-04,177.0237579345703,180.00252309212317,175.74714429561908,180.00252309212317,65943521
2019-01-07,181.27911376953125,182.13018942103142,179.57696246653097,180.4280381180311,35442176
2019-01-08,179.5769500732422,180.85356346238845,178.725874480478,180.42802566600636,22694481
2019-01-09,183.4067840576172,184.25785962168965,179.57694401929106,180.42801958336355,46295446
2019-01-10,183.8323516845703,184.257889535692,182.55573813120523,183.8323516845703,20754593
2019-01-11,187.66217041015625,187.66217041015625,185.53448140323837,186.38555700600554,28102288
2019-01-14,185.96002197265625,187.2366353958095,184.683408549503,185.96002197265625,17612296
2019-01-15,188.0877227783203,188.0877227783203,183.4068066005793,184.25788226925948,38882923
2019-01-16,185.1089630126953,187.23665224272628,185.1089630126953,185.9600387047077,28978282
2019-01-17,187.66217041015625,188.08770821153982,185.53448140323837,185.53448140323837,21163986
2019-01-18,185.96002197265625,187.2366353958095,185.10894635722076,186.385559780374,49627569
2019-01-21,188.0877227783203,189.78987411568068,187.23664710964013,187.23664710964013,29384866
2019-01-22,189.78985595703125,189.78985595703125,186.3855536080262,187.23662919527746,28926483
2019-01-23,187.66217041015625,188.938783814307,187.23663260877268,188.51324601292342,16671213
2019-01-24,189.36431884765625,189.36431884765625,187.66216766700316,189.36431884765625,26417924
2019-01-25,192.34310913085938,193.19418483497822,191.49203342674053,192.7686469829188,46692764
2019-01-28,194.8963165283203,195.3218543373341,194.0452409102927,195.3218543373341,26026257
2019-01-29,189.36431884765625,191.4920078234726,188.93878105249297,189.36431884765625,41122520
2019-01-30,188.0877227783203,188.5132606126604,187.23664710964013,187.6621849439802,44755945
2019-02-11,194.04525756835938,194.89633325944865,192.76864403172542,194.04525756835938,78307106
2019-02-12,195.74740600585938,195.74740600585938,194.89633032757303,195.74740600585938,29406670
2019-02-13,194.8963165283203,197.4495433824031,194.4707787193065,197.4495433824031,28634925
2019-02-14,193.1941375732422,195.74736406099427,192.34306207732482,195.3218263130356,23647751
2019-02-15,193.1941375732422,194.8962885650769,192.7685998252835,194.8962885650769,22369799
2019-02-18,195.74740600585938,196.17294384500255,194.47079248842985,194.89633032757303,16978916
2019-02-19,194.8963165283203,196.1729299553617,194.8963165283203,195.7473921463479,16577023
2019-02-20,199.57728576660156,199.57728576660156,196.59852030739853,197.02405823014183,30479710
2019-02-21,201.27935791015625,201.27935791015625,199.57720689188855,200.42828240102241,33764489
2019-02-22,201.27935791015625,201.27935791015625,199.15166913732162,200.42828240102241,22032163
2019-02-25,202.55601501464844,203.4070907079873,200.85386362797072,202.13047716797902,24105138
2019-02-26,203.83261108398438,204.25814889418058,201.27938422280712,203.40707327378817,24522789
2019-02-27,203.40707397460938,203.83261178627174,201.7049227279599,202.981536162947,35240889
2019-03-04,200.42832946777344,203.8326323037441,199.57725375878076,203.8326323037441,39655513
2019-03-05,198.3006591796875,199.57727286539364,197.87512128445212,199.15173497015826,22641407
2019-03-06,199.15170288085938,200.42831636086487,198.72616505419086,200.00277853419638,20433226
2019-03-07,199.15170288085938,200.00277853419638,198.30062722752237,200.00277853419638,17126192
2019-03-08,195.74740600585938,197.0240195232889,194.89633032757303,196.59848168414572,22190659
2019-03-11,196.17291259765625,196.17291259765625,193.6196859694872,194.0452237408487,23200793
2019-03-12,200.42832946777344,201.70494303126245,197.87510234079542,198.30064019529175,23588085
2019-03-13,201.7049102783203,201.7049102783203,199.1516835659365,199.1516835659365,20500195
2019-03-14,199.57728576660156,203.40712707129114,199.15174784385826,203.40712707129114,17175356
2019-03-15,203.40707397460938,203.83261178627174,200.42830929297284,201.7049227279599,33649729
2019-03-18,205.10923767089844,205.10923767089844,203.40708632093248,203.83262415842398,26856532
2019-03-19,204.68370056152344,204.68370056152344,202.5560113664972,203.4070870445077,14479009
2019-03-20,205.96034240722656,205.96034240722656,203.8326529195486,205.96034240722656,22975971
2019-03-21,208.93907165527344,208.93907165527344,205.10923123796698,206.38584471040247,26179502
2019-03-22,211.4923095703125,211.4923095703125,208.08800680056905,211.06677172409456,22931467
2019-03-25,205.53475952148438,207.2369107390536,204.68368391269976,204.68368391269976,19211254
2019-03-26,207.6624298095703,207.6624298095703,205.109203213551,206.81135427756388,19920170
2019-03-27,205.53475952148438,206.385835130269,204.68368391269976,205.9602973258767,22590089
2019-03-28,205.96034240722656,206.38588030476214,204.2581908170842,204.68372871461978,13933054
2019-03-29,208.93907165527344,208.93907165527344,204.68369341382183,206.81138253454762,28220810
2019-04-01,208.93907165527344,213.61998772087017,208.51353383112826,213.61998772087017,35330656
2019-04-02,209.36459350585938,212.3433580476094,209.36459350585938,212.3433580476094,24105053
2019-04-03,209.79014587402344,211.91783498025086,209.79014587402344,211.91783498025086,24945323
2019-04-08,215.3221435546875,215.3221435546875,213.19445438912734,213.61999222223938,45184821
2019-04-09,216.17318725585938,216.17318725585938,214.47103617510456,215.32211171548195,22355674
2019-04-10,216.17318725585938,216.59872502604807,214.47103617510456,215.32211171548195,25849934
2019-04-11,214.4710693359375,216.1732206798735,214.04553149995348,215.3221450079055,24896840
2019-04-12,214.4710693359375,215.3221450079055,213.6199936639695,214.04553149995348,13548148
2019-04-15,217.44985961914062,217.87539750489236,216.17324596188539,217.0243217333889,17192002
2019-04-16,218.72645568847656,218.72645568847656,217.44984213387457,218.72645568847656,19652648
2019-04-17,222.55625915527344,223.83287249650826,220.85410803362697,221.2796458140386,37864191
2019-04-18,225.10948181152344,226.38609512992525,224.2584062659222,224.6839440387228,38006795
2019-04-19,225.10948181152344,229.36485953952953,224.2584062659222,228.93932176672894,44658699
2019-04-22,226.3861083984375,227.66272179166177,225.53503280295465,226.8116461961789,24967393
2019-04-23,228.08828735351562,228.08828735351562,226.38613595535506,226.81167380489518,25336847
2019-04-24,228.93939208984375,229.79046789686922,227.6627783793056,229.79046789686922,26449755
2019-04-25,227.6627655029297,228.93937914126386,227.23722762348496,228.51384126181912,32386724
2019-04-26,221.27967834472656,223.83290540255035,219.15198912987344,222.98182971660907,47518804
2019-04-29,220.8541259765625,222.98181505148122,220.00305034659502,221.27966379154623,31126618
2019-04-30,220.42855834960938,221.7051716219044,219.577482834746,221.27963386447271,33799419
2019-05-02,220.42855834960938,223.40732265163112,220.0030205921777,222.55624713676775,27091394
2019-05-03,225.53506469726562,225.53506469726562,221.7052239759913,222.9818375497494,29840246
2019-05-06,220.42855834960938,221.27963386447271,219.577482834746,221.27963386447271,32823187
2019-05-07,223.4073944091797,223.8329323032924,220.4286291503906,220.85416704450333,25686126
2019-05-08,221.27967834472656,222.55629187363846,220.85414050175595,221.27967834472656,25542364
2019-05-09,218.3009033203125,220.85413025973136,217.87536549707602,220.85413025973136,33587574
2019-05-10,217.87533569335938,220.42856228351593,217.0242601633072,218.72641122341156,18617212
2019-05-13,213.1944580078125,216.17322289015718,212.34338232714256,215.32214720948727,28284535
2019-05-14,211.4923095703125,213.61999880140218,208.51354464678698,210.64123387787663,45055708
2019-05-15,211.91787719726562,214.47110463337728,211.91787719726562,213.62002882134007,36825479
2019-05-16,210.21568298339844,212.34337208242067,209.36460734378954,211.49229644281178,29713519
2019-05-17,205.53475952148438,211.91782658736898,205.53475952148438,211.91782658736898,38647856
2019-05-20,202.55601501464844,206.81139348134275,202.55601501464844,206.3858556346733,39157661
2019-05-21,199.15170288085938,200.8538541875334,197.87508940085385,198.72616505419086,80042775
2019-05-22,202.55601501464844,204.6837042479956,200.4283257813013,201.27940147464017,34622034
2019-05-23,195.74740600585938,198.7261708798616,195.74740600585938,198.7261708798616,58752627
2019-05-24,198.3006591796875,199.15173497015826,195.7474318082752,195.7474318082752,36000789
2019-05-27,196.5984649658203,200.0027673894709,196.5984649658203,199.15169178355825,35562033
2019-05-28,196.17291259765625,197.4495259117408,196.17291259765625,197.4495259117408,95240033
2019-05-29,195.32183837890625,196.1729139273982,193.19414950767631,194.0452250561683,26533236
2019-05-30,196.5984649658203,197.02400276877665,194.89631375399503,195.7473893599077,28500328
2019-05-31,200.42832946777344,202.13048088575877,196.59848877730641,197.4495644862991,46070338
2019-06-03,202.55601501464844,202.98155286131788,197.4495608546153,200.4283257813013,31054092
2019-06-04,198.3006591796875,202.5560381320413,198.3006591796875,202.13050023680591,24443428
2019-06-05,200.0027618408203,202.5559885877244,199.15168625851896,202.5559885877244,29139584
2019-06-06,197.4495391845703,197.4495391845703,195.32185018473658,197.02400138460357,34651731
2019-06-10,204.2581787109375,204.2581787109375,199.5772621154785,202.13048934936523,35373888
2019-06-11,208.08802795410156,209.36464162253162,203.40711116985796,204.25818694881136,31965670
2019-06-12,209.36459350585938,210.6412068808951,206.81136675578793,208.08798013082364,29675556
2019-06-13,204.2581787109375,207.66248168945313,204.2581787109375,206.38586807250977,32981724
2019-06-14,200.85385131835938,203.83261606248757,200.85385131835938,202.9815404213081,31951556
2019-06-17,198.3006591796875,200.00281076062902,196.17296970351057,197.02404549398136,51017012
2019-06-18,200.42832946777344,200.42832946777344,198.30064019529175,199.15171590428443,28578087
2019-06-19,207.6624298095703,207.6624298095703,204.68366544754778,206.38581651156065,50164372
2019-06-20,208.51353454589844,208.9390723715023,205.10923194106743,205.9603075922752,37836291
2019-06-21,211.4923095703125,211.4923095703125,209.36462033922285,211.06677172409456,61164304
2019-06-24,211.9320068359375,212.81139275641857,211.05262091545643,211.9320068359375,43300507
2019-06-25,209.73353576660156,212.3716934492003,208.41445692530218,211.93200050210052,28559283
2019-06-26,206.2160186767578,207.97479069105853,205.77632567318264,206.655711680333,27607041
2019-06-27,211.4923095703125,212.37169547289176,207.53507300870584,207.53507300870584,42007834
2019-06-28,210.1732177734375,212.37168239449855,209.29383192501308,212.37168239449855,25962203
2019-07-01,218.5274200439453,219.84649903817436,215.44956905741086,215.88926205548722,66307875
2019-07-02,218.96710205078125,219.8464880027924,217.6480231227645,219.40679502678682,24181202
2019-07-03,213.25106811523438,215.44953273497904,212.81137519128544,214.57014688708117,29449774
2019-07-04,214.57012939453125,215.44951517073832,213.25105073022058,215.0098222826348,17481240
2019-07-05,213.69078063964844,215.4495524967649,212.3717017468111,215.0098595324858,22867074
2019-07-08,213.25106811523438,215.0098398110301,211.05260349548968,211.05260349548968,27787909
2019-07-09,212.8114013671875,213.69078732325025,211.49232243309336,212.3717083891561,16418987
2019-07-10,217.2083282470703,217.2083282470703,213.69078446978983,213.69078446978983,23812131
2019-07-11,219.8464813232422,219.8464813232422,217.64801651000977,219.8464813232422,31160289
2019-07-12,220.28614807128906,221.60522680225486,219.4067622506452,221.60522680225486,23479432
2019-07-15,223.80369567871094,223.80369567871094,219.4067664905241,220.72584524698016,29727300
2019-07-16,225.1227569580078,225.56244984269142,222.92429253458977,223.36398541927338,21361249
2019-07-17,221.60525512695312,223.36402699304006,220.72586919390966,223.36402699304006,25573648
2019-07-18,223.36399841308594,223.80369132334792,221.16553386177605,221.60522677203804,20842575
2019-07-19,227.7609405517578,229.51971229347023,227.7609405517578,228.2006334871859,59709798
2019-07-22,232.15789794921875,232.15789794921875,230.399125995058,231.27851197213838,31522639
2019-07-23,232.15789794921875,234.35636289191967,230.83881898359817,233.4769769148393,29273223
2019-07-24,233.03729248046875,234.35637149450915,231.27852046174823,234.35637149450915,23734039
2019-07-25,233.03729248046875,233.03729248046875,229.95944144770786,232.1579064711085,30433545
2019-07-26,229.5196990966797,230.83877782712037,229.5196990966797,229.5196990966797,20438071
2019-07-29,229.5196990966797,230.39908491697346,228.20062036623898,228.64031327638588,17509320
2019-07-30,228.6403350830078,231.27849279550404,228.6403350830078,230.83879984342133,22670612
2019-07-31,228.20062255859375,228.64031547296483,226.0021579867383,228.64031547296483,31635601
2019-08-01,225.56248474121094,226.44187064663475,224.68309883578712,226.44187064663475,30017526
2019-08-02,221.16552734375,222.92429893296472,220.28614154914266,221.60522024105367,54021644
2019-08-05,216.7686004638672,221.60522238091087,215.88921466076835,220.72583657781203,51535721
2019-08-06,218.5274200439453,219.84649903817436,211.05263907664738,211.05263907664738,58625879
2019-08-07,218.08770751953125,220.28617231307493,216.76862864340507,219.84647935436618,29435460
2019-08-08,222.92431640625,223.36400933801775,218.08769415680473,218.08769415680473,29725266
2019-08-12,220.72581481933594,223.80366482677687,220.72581481933594,223.80366482677687,21794603
2019-08-13,216.7686004638672,219.40675787316374,216.7686004638672,218.96706497161432,23121107
2019-08-14,219.4067840576172,223.36402064382673,219.4067840576172,222.04494178175688,35216703
2019-08-15,218.08770751953125,218.52740047824,216.32893568469632,217.20832160211378,27624412
2019-08-16,219.8464813232422,221.60525317382812,218.08770947265626,219.4067883605957,25370715
2019-08-19,221.60525512695312,222.4846410599966,220.28617622738793,221.1655621604314,24060514
2019-08-20,223.80369567871094,223.80369567871094,222.0449240034362,223.36400275989226,19960494
2019-08-21,223.80369567871094,224.24338859752964,222.4846169222549,223.80369567871094,20269296
2019-08-22,223.36399841308594,226.4418487849198,223.36399841308594,226.00215587465783,21900840
2019-08-23,223.36399841308594,223.80369132334792,222.48461259256197,222.92430550282396,14166877
2019-08-26,218.5274200439453,220.2861920362507,218.5274200439453,218.96711304202165,31678620
2019-08-27,219.8464813232422,220.72586724853517,218.52740243530275,220.28617428588868,50234951
2019-08-28,221.60525512695312,222.4846410599966,220.28617622738793,220.28617622738793,15132882
2019-08-29,223.36399841308594,223.36399841308594,220.72584095151407,222.48461259256197,19587767
2019-08-30,227.7609405517578,227.7609405517578,225.1227829391892,225.5624758746173,35184201
2019-09-02,226.4418487548828,226.88154166508647,225.12277002427186,226.88154166508647,14614854
2019-09-03,223.36399841308594,226.8815416951818,222.48461259256197,225.56246296439585,25762495
2019-09-04,226.4418487548828,226.88154166508647,223.36399838345724,223.36399838345724,22540733
2019-09-05,231.27847290039062,231.27847290039062,229.0800083290941,231.27847290039062,48791728
2019-09-06,231.7181854248047,233.03726427921535,231.27849247333447,233.03726427921535,25408515
2019-09-10,229.9593963623047,232.1578609546785,229.08001052535514,231.71816803620376,29308866
2019-09-11,231.27847290039062,232.59755164316852,229.0800083290941,232.15785872890922,36196015
2019-09-12,230.83883666992188,233.03730178106397,229.95945062546502,233.03730178106397,26017293
2019-09-16,233.47695922851562,233.47695922851562,229.95941558665476,230.39910854188736,32573966
2019-09-17,233.03729248046875,234.35637149450915,232.59759947578863,234.35637149450915,27600844
2019-09-18,234.79603576660156,236.9945005209705,234.35634281572777,234.79603576660156,47684759
2019-09-19,234.79605102539062,237.45411952756484,233.91002819133254,237.45411952756484,25233567
2019-09-20,233.9100341796875,236.1250913215406,233.9100341796875,235.68207989316997,43868865
2019-09-23,233.9100341796875,233.9100341796875,233.02401132294625,233.9100341796875,13093208
2019-09-24,234.79605102539062,235.23906244241965,232.13798252321638,233.4670167743035,24244943
2019-09-25,235.68202209472656,235.68202209472656,232.13793153691114,232.58094285663807,21003163
2019-09-26,237.4541015625,238.7831357130364,236.1250674119636,238.34012432952426,29940103
2019-09-27,240.9981689453125,241.4411802852855,240.1121462653665,240.5551576053395,41235817
2019-10-01,248.08644104003906,248.52945254189626,241.8842800140381,241.8842800140381,71743890
2019-10-02,247.64334106445312,248.97237509521048,247.20032972086733,248.0863524080389,29295953
2019-10-03,244.9852752685547,245.87129796392017,242.770218530141,242.770218530141,31890864
2019-10-04,244.9852752685547,248.08635470233386,243.65624122550648,247.6433433546511,35169613
2019-10-07,246.3142852783203,247.64331919169257,245.8712739738629,247.20030788723514,17510230
2019-10-08,253.8455352783203,253.8455352783203,250.30144403534203,251.1874668460866,35278551
2019-10-09,249.85848999023438,253.40258204683343,249.85848999023438,251.187524511459,34777456
2019-10-14,256.9466247558594,258.27565902183795,255.6175904898808,258.27565902183795,46683517
2019-10-15,260.0476989746094,262.2627560357219,258.7186647379419,260.0476989746094,38018567
2019-10-16,262.7057189941406,264.0347529856793,260.04765101106335,264.0347529856793,40297144
2019-10-17,260.0476989746094,261.8197446234994,258.7186647379419,261.37673321127687,40271938
2019-10-18,259.604736328125,261.81979380532744,257.83269034636305,259.604736328125,45102984
2019-10-21,256.9466247558594,257.8326475998451,255.6175904898808,257.8326475998451,34634365
2019-10-22,260.4906921386719,260.4906921386719,258.2756352327308,259.16165799510725,26005020
2019-10-23,259.604736328125,260.0477478235655,257.38967885092256,260.0477478235655,28675408
2019-10-24,259.604736328125,260.93377081444646,257.83269034636305,260.93377081444646,29040827
2019-10-25,260.0476989746094,260.93372179905435,259.16167615016434,260.93372179905435,22682711
2019-10-28,260.9336853027344,261.81970800325297,260.49067395247505,261.3766966529937,20076561
2019-10-29,264.4776916503906,264.4776916503906,262.70564681521216,263.14865802400675,36682131
2019-10-30,265.36376953125,265.36376953125,262.7057017229236,264.4777469284745,32370342
2019-10-31,264.4776916503906,267.1357589031584,264.4776916503906,265.8067252767745,40944514
2019-11-01,264.92083740234375,265.3638488361269,262.70578023342784,265.3638488361269,30121678
2019-11-04,272.009033203125,272.8950561125814,266.6928957463864,268.0219301105711,44899671
2019-11-05,275.1100769042969,275.1100769042969,272.0089971324288,272.45200852841,32201184
2019-11-06,275.5531311035156,275.9961425683123,272.89506231473575,273.78108524432906,22149743
2019-11-07,273.781005859375,274.6670285320591,271.5659491776649,274.6670285320591,28291659
2019-11-08,270.6799621582031,273.7810419210631,270.6799621582031,273.3380305263688,25651542
2019-11-11,266.69287109375,270.23696240396595,265.806848266196,270.23696240396595,35165583
2019-11-12,270.2369079589844,270.2369079589844,267.5788400118468,268.02185133636976,17540708
2019-11-13,269.3509216308594,269.3509216308594,267.135864709553,268.46489886233684,18172438
2019-11-14,268.9078369140625,270.23687070441207,267.57880312371293,269.7938594409622,15734835
2019-11-15,272.009033203125,272.4520446578532,269.7939759294839,270.6799988389404,28848445
2019-11-18,275.5531311035156,275.5531311035156,272.00903938514244,273.3380737795324,18691325
2019-11-19,279.0970764160156,279.0970764160156,275.55298655676467,276.88202025398374,31634197
2019-11-20,277.7680969238281,278.2111082426859,276.4390629672548,278.2111082426859,22387973
2019-11-21,275.5531311035156,275.5531311035156,272.00903938514244,274.2240967091257,28108833
2019-11-22,273.781005859375,275.1100398684011,272.894983186691,274.6670285320591,24737984
2019-11-25,272.009033203125,275.1101133862225,272.009033203125,275.1101133862225,19530177
2019-11-26,272.009033203125,275.1101133862225,272.009033203125,274.6671019314943,101224622
2019-11-27,275.5531311035156,275.9961425683123,272.4520508499391,272.4520508499391,18467648
2019-11-28,274.22406005859375,276.4391170865307,273.338037247419,274.66707146418116,19077982
2019-11-29,270.2369079589844,274.2240098796907,270.2369079589844,273.78099855516774,30963561
2019-12-02,272.45196533203125,272.8949766577744,271.56594268054494,272.0089540062881,24016807
2019-12-03,272.009033203125,272.009033203125,270.2369873842121,270.2369873842121,24690319
2019-12-04,271.12298583984375,271.12298583984375,269.35094018075984,270.2369630103018,25492686
2019-12-05,276.4390869140625,276.4390869140625,273.7810187706581,273.7810187706581,34521842
2019-12-06,277.32513427734375,279.9832026569988,275.55308869090703,279.09717986378047,17695703
2019-12-09,279.9831848144531,280.42619618283044,278.21113934094393,278.21113934094393,23256081
2019-12-10,277.7680969238281,279.54014219925926,276.8820742861126,279.0971308804015,20570594
2019-12-11,282.64129638671875,282.64129638671875,277.3251591506049,278.2111820232906,31223148
2019-12-12,293.7165222167969,296.374590291157,287.0713520308965,287.95737472234987,52742851
2019-12-13,300.3617248535156,303.90581600222964,299.4757020663371,301.2477476406941,58198939
2019-12-16,297.7035827636719,299.91863918304443,297.7035827636719,298.1465940475464,102188
2019-12-17,305.6778259277344,305.6778259277344,296.8175990892493,296.8175990892493,40813458
2019-12-18,305.2348327636719,305.6778441319791,302.5767645538286,302.5767645538286,39682841
2019-12-19,298.9874572753906,305.2349563826376,298.9874572753906,303.4499566377099,54888012
2019-12-20,293.63232421875,297.20232208159194,293.1860744858948,296.30982261588144,86280459
2019-12-23,298.0948791503906,298.0948791503906,294.07863077860395,294.07863077860395,26639340
2019-12-24,296.3098449707031,298.54109380331386,296.3098449707031,298.0948440367917,13488907
2019-12-25,297.2022705078125,298.54101947406394,295.41727188614396,296.30977119697826,12262954
2019-12-26,297.2022705078125,298.0947698186468,295.8635215415611,297.2022705078125,11427884
2019-12-27,301.6647644042969,301.6647644042969,298.987266495383,298.987266495383,16677806
2019-12-30,298.5410461425781,302.55729340010157,298.0947964472977,301.6647940095408,21531263
2019-12-31,295.4172668457031,297.648515084719,295.4172668457031,295.4172668457031,22890517
2020-01-02,302.55731201171875,302.55731201171875,296.75606561621385,296.75606561621385,31754120
2020-01-03,303.0035705566406,307.91231764960537,299.4335726708481,307.0198181781572,41811268
2020-01-06,296.3098449707031,298.54109380331386,296.3098449707031,297.20234450374744,45343057
2020-01-07,294.07855224609375,297.2023001455211,291.40105404658453,296.7560504456029,50879181
2020-01-08,294.07855224609375,297.2023001455211,290.06230494682995,290.06230494682995,37567748
2020-01-09,301.2185974121094,301.2185974121094,297.6485992205584,298.98734854239,31481504
2020-01-10,303.0035705566406,304.34231976381284,299.87982240657215,303.8960700280888,27032115
2020-01-13,304.78857421875,305.2348239613836,302.55732550558196,305.2348239613836,30663332
2020-01-14,308.8047790527344,308.8047790527344,307.4660300105983,308.35852937202236,30223993
2020-01-15,303.44970703125,307.91220272288604,301.218459185432,307.91220272288604,47434274
2020-01-16,298.5410461425781,300.32604492369967,294.5247988850546,294.5247988850546,55211420
2020-01-17,297.2022705078125,299.4335187848982,296.30977119697826,298.0947698186468,52060097
2020-01-20,297.2022705078125,299.4335187848982,297.2022705078125,298.0947698186468,32658203
2020-01-30,282.47607421875,290.95481894253555,282.47607421875,290.95481894253555,125451049
2020-01-31,285.5998229980469,288.723571062088,284.707323551178,288.27732133865356,62526055
2020-02-03,281.13726806640625,282.47601696196057,278.4597702752976,281.13726806640625,59560849
2020-02-04,290.0623474121094,300.7723417780949,290.0623474121094,300.32609201284555,51890496
2020-02-05,292.29364013671875,294.07863946579795,289.6161411431,293.6323896335282,36601453
2020-02-06,296.7560729980469,296.7560729980469,293.63232486122536,294.078574595057,29267094
2020-02-07,292.7398681640625,294.97111715921545,290.9548689679402,294.5248673601848,28798327
2020-02-10,292.29364013671875,292.73988996898856,286.4923923172114,286.93864214948115,30632424
2020-02-11,295.8636169433594,296.75611654198184,294.5248675454256,294.97111734473685,27524935
2020-02-12,298.9874572753906,299.8799571478545,297.20245753046294,297.6487074666949,37612639
2020-02-13,298.9874572753906,301.6649568927822,298.9874572753906,301.6649568927822,22757021
2020-02-14,298.9874572753906,300.77245702031837,298.5412073391587,300.77245702031837,16933683
2020-02-17,295.8636169433594,297.2023663412931,294.97111734473685,295.8636169433594,15937079
2020-02-18,287.3849182128906,291.40116706990307,287.3849182128906,289.61616757789756,61825604
2020-02-19,291.40106201171875,291.8473117238347,287.38481460267514,287.8310643147911,38781218
2020-02-20,290.50860595703125,293.63235440818215,290.06235617829543,292.73985485071046,27011736
2020-02-21,290.0623474121094,291.40109670785756,288.27734835111175,290.50859717735875,22813534
2020-02-24,285.5998229980469,286.9385721683502,285.1535732746124,285.1535732746124,41693680
2020-02-25,287.3849182128906,288.7236678318948,283.3686693558782,285.5999187208851,36195011
2020-02-26,284.2611389160156,286.046138218471,282.4761396135603,282.92238943917414,60479362
2020-02-27,282.02984619140625,285.599844244462,281.1373466781423,284.7073447311981,61250927
2020-03-02,277.5672912597656,282.9222872326228,274.88979327333703,274.88979327333703,79912942
2020-03-03,283.36865234375,285.59990157480314,282.0299028051181,284.26115203617127,49679411
2020-03-04,286.04608154296875,287.3848307545583,282.92233338259314,287.3848307545583,42941146
2020-03-05,288.2773132324219,290.9548114977385,288.2773132324219,290.0623120759663,37861525
2020-03-06,281.13726806640625,286.04601401677206,281.13726806640625,285.59976438492066,51546760
2020-03-09,272.6585998535156,276.6748476418653,272.6585998535156,274.4435988705599,87871277
2020-03-10,273.9973449707031,275.78234396074026,268.64234800059165,269.08859774810094,71950130
2020-03-11,269.534912109375,277.12115963563224,269.534912109375,275.7824100721751,62216710
2020-03-12,262.3948669433594,266.85736468049134,256.14737011137464,266.85736468049134,113527351
2020-03-13,258.8248291015625,262.39482674434265,243.20608941439926,245.43733794113686,149995148
2020-03-16,246.77610778808594,259.7173503303183,245.88360830241473,254.3623534162911,103873228
2020-03-17,239.18984985351562,246.776095091407,236.51235153425986,236.51235153425986,121323651
2020-03-18,232.04983520507812,243.20607728224536,232.04983520507812,240.5285791837252,117437643
2020-03-19,223.4888153076172,227.99463819688364,212.22425808445098,227.09347361903036,160811697
2020-03-20,243.314453125,243.314453125,230.69814814814814,232.9510597511574,157664726
2020-03-23,229.7969512939453,236.55568515553193,227.09345774931066,231.59928032370175,76466709
2020-03-24,241.06149291992188,246.91906190676107,239.70974623065126,241.51207514967874,81952933
2020-03-25,249.62254333496094,252.32603658407604,246.9190500858458,249.17196112677507,79447199
2020-03-26,252.32611083984375,252.32611083984375,248.27086977277483,251.8755284990583,52845633
2020-03-27,246.0179443359375,257.7330845424107,246.0179443359375,255.93075527987637,68752306
2020-03-30,241.06149291992188,242.41323960919246,236.55567062235323,237.45683508186696,49159956
2020-03-31,246.9191131591797,246.9191131591797,242.8638722496311,246.01794851261334,48837923
2020-04-01,244.66616821289062,249.17199083191255,244.66616821289062,249.17199083191255,44515034
2020-04-06,248.27085876464844,248.27085876464844,243.3144532357716,246.01794716061352,56392754
2020-04-07,255.02955627441406,255.93072078421767,252.77664499990513,255.48013852931587,48787346
2020-04-08,256.83184814453125,257.2824303342585,255.02951938562225,256.83184814453125,37912826
2020-04-09,255.02955627441406,259.535378823432,254.5789740195123,259.0847965685302,27620430
2020-04-10,251.87550354003906,254.12841502071922,251.42492124390304,252.3260858361751,27252858
2020-04-13,250.97427368164062,253.67776675541054,250.97427368164062,250.97427368164062,22196596
2020-04-14,256.83184814453125,257.2824303342585,252.32602624725877,253.22719062671325,48809688
2020-04-15,259.0848083496094,259.9859729003906,257.7330615234375,258.63422607421876,55216434
2020-04-16,258.18359375,259.9859225021815,255.02951843368237,255.02951843368237,47815280
2020-04-17,276.2068786621094,278.00920739726183,270.7998924566521,273.5033855593807,116368201
2020-04-20,273.95404052734375,278.45986356233294,272.60229361684696,277.5586989553351,41381669
2020-04-21,265.8435363769531,271.701105822547,264.4917895818161,270.7999412924556,61479357
2020-04-22,264.94244384765625,265.8436086226483,261.78836713518416,265.39302623515226,42192580
2020-04-23,266.2941589355469,270.3493999345654,264.9424119358741,270.3493999345654,39474478
2020-04-24,264.94244384765625,267.6459381726323,264.94244384765625,266.2941910101443,26008090
2020-04-27,268.54705810546875,268.99764041772625,266.74472885643877,268.54705810546875,38493406
2020-04-28,267.1952819824219,268.99761103457985,265.3929529302639,268.99761103457985,37395165
2020-04-29,269.44818115234375,271.7010923659921,268.5470166668844,269.44818115234375,44059301
2020-04-30,274.40460205078125,274.85518432015857,271.7011084345174,272.1516907038947,55126085
2020-05-04,265.8435363769531,267.19528317209017,264.94237184686176,265.39295411190744,71581861
2020-05-05,266.2941589355469,268.5470706016683,265.8435766023226,267.1953236019954,23547405
2020-05-06,266.7447204589844,266.7447204589844,263.5906443724761,265.3929735647666,34240479
2020-05-07,268.096435546875,269.4481822807248,265.39294207917544,265.39294207917544,27621198
2020-05-08,268.096435546875,270.349346769958,266.7446888130252,270.349346769958,32295893
2020-05-11,271.2505187988281,271.70110105596905,268.99760751312357,270.3493542845463,28727019
2020-05-12,265.8435363769531,268.9976122322729,265.8435363769531,268.09644770218154,52089788
2020-05-13,267.64593505859375,267.64593505859375,263.590693618312,264.0412760005655,26156418
2020-05-14,264.04132080078125,265.84365063559886,263.59073834207686,264.04132080078125,34315948
2020-05-15,268.54705810546875,268.99764041772625,265.3929819196663,268.09647579321125,42494804
2020-05-18,261.337646484375,264.4917215281519,261.337646484375,262.238810782597,84986065
2020-05-19,262.68939208984375,264.9423028281786,262.68939208984375,264.9423028281786,51250214
2020-05-20,264.94244384765625,264.94244384765625,262.2389495226802,264.0412790726642,32677994
2020-05-21,268.096435546875,268.5470177914916,265.843524323792,266.7446888130252,30997468
2020-05-22,263.1400146484375,265.84350794962006,262.23885021470994,265.3929257327563,40192923
2020-05-25,263.1400146484375,264.041179082165,259.98593913039116,261.7882679978462,26803223
2020-05-26,266.2941589355469,268.096488268444,264.4918296026498,265.8435766023226,33856481
2020-05-27,267.1952819824219,268.5470287715404,266.2941174563429,267.6458642454614,23375959
2020-05-28,264.94244384765625,268.99768533512037,264.0412790726642,268.99768533512037,28444568
2020-05-29,263.1400146484375,263.5905968653012,261.33768578098244,263.1400146484375,79774181
2020-06-01,266.2941589355469,267.1953236019954,264.4918296026498,264.9424119358741,35811214
2020-06-02,267.1952819824219,268.0964465085009,266.74469971938237,266.74469971938237,24771587
2020-06-03,271.2505187988281,271.2505187988281,268.54702525598265,270.3493542845463,65176337
2020-06-04,275.75634765625,275.75634765625,273.9540185866013,274.8551831214257,46572451
2020-06-05,280.7127380371094,281.16332028114965,277.5586623288272,278.00924457286754,42981262
2020-06-08,286.5703430175781,287.4715076182623,283.86684921552546,284.7680138162097,50302921
2020-06-09,287.4715270996094,287.4715270996094,282.96570379083806,285.2186154452237,36417082
2020-06-10,290.62554931640625,291.9772960574128,286.57030909338664,287.471473587391,39984259
2020-06-11,288.8232727050781,294.68084297834804,287.02094339022585,293.32909599220886,50104255
2020-06-12,284.7679748535156,286.11972156959246,281.61389918266974,282.06448142136196,45992918
2020-06-15,278.9104309082031,286.11974737755895,278.0092663495337,284.76800053955475,51032404
2020-06-16,283.86676025390625,285.66908889043896,282.96559593563984,285.66908889043896,36608216
2020-06-17,283.86676025390625,285.66908889043896,282.5150137765067,285.2185067313058,34522968
2020-06-18,285.68365478515625,286.1378418356891,284.3210936335577,285.68365478515625,29044474
2020-06-19,285.68365478515625,285.68365478515625,283.412719532492,285.2294677346234,48130280
2020-06-22,283.4125671386719,287.5002483954797,283.4125671386719,285.68350117023175,37374616
2020-06-23,286.13775634765625,287.50031709216887,283.8668217734685,287.04613017733135,41300084
2020-06-24,288.4087219238281,290.679656742126,287.0461610328494,289.77128281480685,54147024
2020-06-29,283.4125671386719,286.1376879765437,281.595819913424,285.2293143639198,56580892
2020-06-30,284.32098388671875,285.22935763715554,282.50423638584516,284.77517076193715,48991860
2020-07-01,288.4087219238281,288.86290888748766,285.22941317821113,286.13778710553026,29532342
2020-07-02,292.496337890625,292.496337890625,288.86284300999614,289.77121673015336,34526178
2020-07-03,299.3091735839844,300.21754740366265,296.5840521249496,297.0382390347887,53341987
2020-07-06,307.0303649902344,307.0303649902344,301.58012182472726,302.0343087551862,57256220
2020-07-07,307.4845886230469,314.29739339312914,307.0304016383747,312.0264584697684,59046323
2020-07-08,309.7554016113281,311.11796202897324,306.57609397015614,306.57609397015614,30720218
2020-07-09,313.3889465332031,315.20569404933764,311.5721990170686,314.29732029127035,35522376
2020-07-10,316.5682678222656,320.6559499031844,313.84314643498647,320.20176300530454,60902108
2020-07-13,322.0185241699219,322.0185241699219,318.3850288337309,318.8392157507548,48069523
2020-07-14,330.19390869140625,330.6480956359611,322.0185436894182,322.4727306339731,61764150
2020-07-15,329.73974609375,336.0983637870179,327.92299818138775,332.4648679622934,73438362
2020-07-16,324.7436218261719,327.92293001188267,321.11012675678813,326.10618247719077,68220512
2020-07-17,333.3731994628906,335.1899471438873,327.01458257940226,327.9229564199006,65727485
2020-07-20,332.46478271484375,336.09827760790216,329.28547468341765,336.09827760790216,42769238
2020-07-21,347.9071960449219,351.54069156497326,337.4608964247741,338.36927030478694,64219128
2020-07-22,348.81561279296875,350.63236077626544,344.27374283472693,346.0904908180237,43759670
2020-07-23,346.5447082519531,347.9072693591036,344.2737730733689,346.99889528766994,45209282
2020-07-24,350.6322937011719,358.80765806208007,346.99879842965714,354.2657889726866,86682734
2020-07-27,385.6047058105469,385.6047058105469,378.3377148883222,381.97121034943456,99333798
2020-07-28,395.1427001953125,423.7564819335937,389.23826904296874,421.48554687499995,166307746
2020-07-29,383.333740234375,391.9632912586086,381.06280575431356,388.7839829865225,85663166
2020-07-30,394.2342834472656,400.59290092222153,389.2382268598003,396.5052182597499,69293949
2020-07-31,386.5130310058594,392.4174603866774,386.5130310058594,386.9672178813069,49897674
2020-08-03,377.883544921875,385.15053617037256,376.9751710158128,381.9712274991549,76429571
2020-08-04,386.5130310058594,386.5130310058594,380.15441474959374,382.879536002279,41223445
2020-08-05,389.6923828125,393.78006514969405,386.9672612543706,391.05494359156467,47223834
2020-08-06,395.1427001953125,397.86782226562497,391.5092041015625,397.41363525390625,41029627
2020-08-07,393.32586669921875,394.23424052531396,388.7839975687428,393.7800536122664,36589460
2020-08-10,395.59686279296875,397.41361072772406,388.3298710539475,388.3298710539475,36067500
2020-08-11,389.6923828125,395.1426259287587,389.6923828125,392.4175043706294,34545313
2020-08-12,380.608642578125,384.6963248969831,380.608642578125,383.3337641240304,52143474
2020-08-13,389.6923828125,389.6923828125,385.60470047530595,388.7840089597902,44352335
2020-08-14,387.8756408691406,388.7840147353447,384.24214540432433,385.15051927052843,23419955
2020-08-17,395.1427001953125,395.1427001953125,386.5131469726562,387.8757080078125,34137731
2020-08-18,393.32586669921875,400.1386703949327,392.4174928731236,399.68448348188514,41643160
2020-08-19,388.329833984375,396.5051989103618,388.329833984375,396.0510119700292,31486800
2020-08-20,376.97515869140625,388.3298321459667,364.2579244222986,387.87564520778426,75097235
2020-08-21,385.6047058105469,387.87564047374207,381.5170234167955,382.8795842147126,41609467
2020-08-24,388.7840270996094,394.68845741771094,386.0589054143318,388.3298401520631,48375406
2020-08-25,394.6884460449219,396.05100684829904,391.0549505692494,393.7800721760038,35977899
2020-08-26,401.501220703125,401.501220703125,395.1426040856547,395.5967909869026,39243340
2020-08-27,403.31805419921875,411.9476071606885,403.31805419921875,406.95155018299545,53072712
2020-08-28,395.1427001953125,400.1387573242187,391.5092041015625,399.6845703125,56842210
2020-08-31,387.42144775390625,399.2303078261238,387.42144775390625,396.9593731968512,81480538
2020-09-01,395.1427001953125,395.1427001953125,388.78408203124997,390.600830078125,37429577
2020-09-02,393.32586669921875,400.5928573079803,391.0549321339808,400.5928573079803,34871407
2020-09-03,396.0510559082031,399.23036484324604,393.78012095460105,399.23036484324604,34951617
2020-09-04,389.6923828125,392.87169129698424,387.8756351070804,387.8756351070804,46119911
2020-09-07,386.96722412109375,392.87165359711986,386.0588503555513,388.7839716521787,32019312
2020-09-08,391.5091247558594,393.3258724345409,388.32981631816676,388.78400323783717,23714670
2020-09-09,387.8756408691406,388.7840147353447,384.24214540432433,386.0588931367325,40551362
2020-09-10,395.1427001953125,395.1427001953125,391.0550170898437,392.87176513671875,35098921
2020-09-11,396.5050964355469,396.5050964355469,392.87160185194506,395.59672278964644,34298469
2020-09-14,400.59295654296875,401.5013305940866,395.5968992618206,396.0510862873795,39085833
2020-09-15,404.226318359375,406.0430658576194,399.23026273920294,400.1386364883252,39061449
2020-09-16,416.0352478027344,419.66874341673207,413.76431304398585,417.8519956097332,64261238
2020-09-17,409.6417236328125,415.5785602072011,407.8150046868468,413.75184126123537,42058506
2020-09-18,405.53167724609375,410.5551552299981,404.6183176126566,408.2717561464052,52454922
2020-09-21,401.878173828125,411.01176868785507,401.878173828125,405.0749320290305,39463920
2020-09-22,399.1380615234375,402.7914991575193,398.224702114917,401.8781397489989,36130639
2020-09-23,395.9413757324219,400.5081736070749,394.57133637002596,398.2247746697484,45710963
2020-09-24,386.3510437011719,391.83120034941544,386.3510437011719,388.6344423046067,79806381
2020-09-25,387.2643737792969,390.9178112677808,384.5242956629339,390.0044518956598,38775269
2020-09-28,394.1145935058594,394.1145935058594,387.7210775046056,390.004476076482,34156973
2020-09-29,393.6579284667969,397.31136631799683,390.9178500783969,395.02796766099686,32230502
2020-09-30,395.484619140625,397.3113379357318,393.2012206467415,393.2012206467415,27334204
2020-10-05,395.0279541015625,400.0514309745304,394.11459467011383,400.0514309745304,32945832
2020-10-06,401.4215087890625,403.7049075876351,399.5947897502044,403.2482278279206,35775395
2020-10-07,404.61822509765625,406.44494394685563,397.3113497008589,397.3113497008589,42926239
2020-10-08,413.7518310546875,414.6651905051393,409.64171352765413,411.0117527033319,60853811
2020-10-12,420.14532470703125,421.97204351010527,417.86192620318866,418.3186059039572,64719223
2020-10-13,421.9720764160156,424.7121548343015,416.948599315825,424.7121548343015,45750738
2020-10-14,419.23199462890625,421.05871355975114,417.40527569806136,420.6020338270399,40809241
2020-10-15,413.7518310546875,416.94858913126893,411.0117527033319,416.491909406043,47775028
2020-10-16,410.09832763671875,416.4918427669126,409.6416479845621,411.9250462453456,46876801
2020-10-19,417.86199951171875,417.86199951171875,411.9251623601861,413.7518814837346,34470906
2020-10-20,411.9250793457031,417.40523561194306,411.9250793457031,416.0351965453831,25205638
2020-10-21,413.7518310546875,416.491909406043,411.9251121537838,414.2085107799134,28058921
2020-10-22,415.57861328125,415.57861328125,410.55513553828985,411.0118153331044,23438547
2020-10-23,412.83843994140625,418.31859622381427,412.38176025120555,418.31859622381427,18777385
2020-10-26,411.0117492675781,415.57854648166233,411.0117492675781,415.57854648166233,15059581
2020-10-27,408.2716064453125,409.64164539311554,406.9015674975094,408.72828609458014,20117660
2020-10-28,405.53167724609375,408.2717561464052,404.6183176126566,406.4450368795309,24710230
2020-10-29,399.1380615234375,401.42146004473864,397.76802241065684,398.68138181917726,41285612
2020-10-30,394.5712585449219,399.13805551882143,394.5712585449219,399.13805551882143,47668895
2020-11-02,397.7680969238281,397.7680969238281,390.9179000766899,395.484697974782,33477443
2020-11-03,402.7915954589844,404.6183147127666,400.051516578311,401.4215560186477,30328495
2020-11-04,411.0117492675781,412.3817884318034,404.61823316786024,405.9882723320855,37512790
2020-11-05,411.9250793457031,412.3817590345564,406.9016027683165,412.3817590345564,34886108
2020-11-06,413.295166015625,416.0352444643474,411.01176730835635,415.57856472289365,30154140
2020-11-09,418.77532958984375,420.14536883604825,414.66521185123025,418.31864984110894,39245881
2020-11-10,411.9250793457031,415.1218371676764,409.6416809014365,412.83843872340975,34820499
2020-11-11,417.4052429199219,417.4052429199219,409.64168807349006,409.64168807349006,36765561
2020-11-12,418.31866455078125,423.342141963509,417.86198478598783,422.8854621987155,40100880
2020-11-13,421.9720764160156,421.9720764160156,416.948599315825,419.2319979977298,31037438
2020-11-16,442.0660095214844,442.52268928338674,428.36561666441355,429.2789761882183,81994937
2020-11-17,443.4360046386719,462.1598730116745,443.4360046386719,458.5064352803569,72413868
2020-11-18,453.93963623046875,453.93963623046875,444.3493622255997,447.54612022722273,50387727
2020-11-19,447.54608154296875,455.766315693758,447.54608154296875,455.766315693758,44220053
2020-11-20,445.7193908691406,447.5461096841781,443.8926720541032,443.8926720541032,32281453
2020-11-23,453.4830017089844,455.30972074910113,449.37288386872166,451.6562826688676,38084006
2020-11-24,449.37286376953125,456.67973960318216,448.91618402992805,456.22305986357895,35479226
2020-11-25,444.8060607910156,452.56961626683415,444.8060607910156,452.11293653296246,41419632
2020-11-26,446.6328430175781,450.7429612048565,445.7194834204052,446.6328430175781,28893033
2020-11-27,446.6328430175781,449.372921809097,444.3494440246457,445.2628036218187,32960189
2020-11-30,438.86920166015625,450.7428741296298,438.86920166015625,450.2861944192654,119895176
2020-12-01,447.54608154296875,447.54608154296875,441.60924576739876,447.0894018679249,37018651
2020-12-02,455.76641845703125,456.6797780130574,450.74294089888764,456.2230982350443,50621339
2020-12-03,453.93963623046875,456.22303480305663,452.1129173723985,456.22303480305663,35651379
2020-12-04,459.4197692871094,461.2464880516705,454.39629268456645,455.309652066847,51172005
2020-12-07,469.4667053222656,470.3800646711416,462.15983053125757,467.6399866245136,44271244
2020-12-08,478.60028076171875,479.51364007614956,464.89989104525733,469.46668761741114,40771761
2020-12-09,474.9468994140625,478.600337101863,474.9468994140625,475.86025883601263,43314115
2020-12-10,467.6401062011719,470.38018494844437,465.81338703632355,466.7267466187477,42556926
2020-12-11,471.2934875488281,472.20684702082195,461.2465333568957,472.20684702082195,45660960
2020-12-14,463.9866027832031,468.55340005469134,463.9866027832031,467.6400406003937,30260485
2020-12-15,460.3331298828125,465.81328619094126,460.3331298828125,463.07320803687685,39852366
2020-12-16,467.6401062011719,470.38018494844437,463.07330828905106,464.9000274538994,52012348
2020-12-17,466.2632751464844,472.68816279614066,466.2632751464844,472.68816279614066,38215179
2020-12-18,468.0989685058594,469.9346507352941,465.34544516170723,466.2632862764246,39924864
2020-12-21,473.60601806640625,474.52385918668995,466.26328910413633,469.9346535852713,34813281
2020-12-22,467.18109130859375,473.6059786153917,467.18109130859375,469.9346144400786,22454277
2020-12-23,467.18109130859375,469.0167733962503,464.4275681771089,466.2632502647655,18086715
2020-12-24,468.0989685058594,469.9346507352941,466.2632862764246,469.01680962057674,14950143
2020-12-25,469.016845703125,472.68821044444104,468.09900451779595,471.77036925911204,12327895
2020-12-28,472.6881408691406,472.6881408691406,467.18109456775255,469.9346177184466,19087382
2020-12-29,472.6881408691406,474.5238229696033,470.85245876867793,472.6881408691406,19907528
2020-12-30,481.86663818359375,481.86663818359375,471.770384812128,473.6060672433036,46292401
2020-12-31,486.4557800292969,486.4557800292969,480.9487334629275,482.7844156517173,29970398
2021-01-04,491.9627685546875,495.6341324991255,484.6200406658116,486.4557226380306,38770328
2021-01-05,497.46990966796875,497.46990966796875,491.04502153572565,491.96286269747463,34411866
2021-01-06,503.8946838378906,509.4017295628949,496.55195620455163,509.4017295628949,53030554
2021-01-07,518.5801391601562,523.1693439314851,507.5660477089671,508.48388866323285,51166782
2021-01-08,532.3478393554688,532.3478393554688,524.0872694344356,532.3478393554688,59563555
2021-01-11,536.0193481445312,536.0193481445312,526.8409346489057,529.5944586975934,48810990
2021-01-12,542.444091796875,547.9511384141022,534.1835218710343,535.1013629739055,50232426
2021-01-13,555.2938842773438,555.2938842773438,544.2797907049005,546.1154729669744,62662393
2021-01-14,543.362060546875,547.9512671393317,538.7728539544182,538.7728539544182,75288477
2021-01-15,551.62255859375,573.6507472896735,551.62255859375,569.9793825070195,92010500
2021-01-18,557.1294555664062,558.047296514621,545.1975232396134,558.047296514621,45726476
2021-01-19,575.4863891601562,580.0755948153409,562.6366133256391,567.2258189808239,50672866
2021-01-20,593.8432006835938,596.5967240252488,579.1577428614338,580.9934250892038,82066422
2021-01-21,617.70703125,623.2140775910104,587.4182763744428,587.4182763744428,89019137
2021-01-22,595.6788940429688,610.3643521395596,595.6788940429688,595.6788940429688,125179403
2021-01-25,580.993408203125,592.9253423368384,574.5685205926638,589.2539779880035,93050133
2021-01-26,566.30810546875,587.4184562398704,559.8832161036264,580.0757255368719,100153482
2021-01-27,564.4722900390625,573.6507012592099,560.8009255510036,567.2258134051067,59985191
2021-01-28,551.62255859375,558.0474469633943,548.8690350067595,550.7047173980866,96447533
2021-01-29,542.444091796875,568.1436426772684,542.444091796875,568.1436426772684,90745237
2021-02-01,560.8008422851562,561.718683270893,538.7726586274742,546.1153865133682,67462398
2021-02-02,580.0755615234375,585.5826079935968,570.8971507398388,577.3220382883579,78429188
2021-02-03,578.2399291992188,589.2540230887276,578.2399291992188,585.5826584588914,48738970
2021-02-04,575.4863891601562,580.0755948153409,569.0615012428977,574.5685480291193,46371900
2021-02-05,580.0755615234375,588.3361312286763,579.1577204450776,585.5826079935968,53267273
2021-02-17,608.528564453125,613.1177693132541,605.7750415370475,608.528564453125,107614290
2021-02-18,605.7752685546875,610.3644751346473,602.1039032907197,609.4466338186553,53109010
2021-02-19,598.4324340820312,603.0216398648689,593.8432282991936,602.1037987083014,50279585
2021-02-22,596.5966186523438,607.6107100736178,596.5966186523438,605.7750281700721,36474610
2021-02-23,588.3360595703125,590.1717415034492,580.9933318377657,588.3360595703125,50076333
2021-02-24,573.650634765625,583.7468859375,573.650634765625,575.486316796875,66206750
2021-02-25,582.8292236328125,583.7470649298721,576.4043345533956,583.7470649298721,43231417
2021-02-26,556.2117919921875,567.2258868831219,556.2117919921875,560.8009981967434,111861175
2021-03-02,558.9652099609375,570.897143835309,558.9652099609375,569.9793027680496,54041533
2021-03-03,570.8971557617188,570.8971557617188,551.6224929466125,558.9652216380815,48252965
2021-03-04,551.62255859375,560.8009705503848,551.62255859375,558.9652881590579,67711962
2021-03-05,551.62255859375,555.2939233764039,536.0192582674708,539.6906230501248,79918467
2021-03-08,548.8689575195312,559.8830503125653,548.8689575195312,558.0473681803929,43219772
2021-03-09,546.115478515625,546.115478515625,536.937067112001,536.937067112001,68768861
2021-03-10,547.9511108398438,551.6224750665764,544.2797466131111,551.6224750665764,40146301
2021-03-11,558.9652099609375,561.7187331627156,546.1154350193068,547.0332760865662,54416046
2021-03-12,563.554443359375,567.2258078112276,558.9652377945592,564.4722844723382,33168846
2021-03-15,560.8008422851562,563.5543652423665,558.9651603136828,563.5543652423665,27416758
2021-03-16,562.63671875,562.63671875,557.1296709318923,559.8831948409462,36949425
2021-03-17,556.6461791992188,564.0189762747051,554.8029799303472,564.0189762747051,39517807
2021-03-18,554.8030395507812,561.2542376850927,554.8030395507812,558.4894384846735,29415526
2021-03-19,544.6654663085938,551.1166647251084,544.6654663085938,547.4302656299571,70866028
2021-03-22,546.5086059570312,551.1166043209186,540.057408247589,541.900607593144,34089033
2021-03-23,547.43017578125,555.7245723839962,546.5085761587227,550.194974648832,29374037
2021-03-24,530.8413696289062,536.3709672292074,526.2333716286554,526.2333716286554,107253959
2021-03-25,529.9197387695312,535.4493360436481,525.3117410411005,527.1549401324728,67833354
2021-03-26,543.7438354492188,545.5870348914195,534.527838238215,536.3710376804158,36829858
2021-03-29,552.0382690429688,554.8030683870904,549.2734696988471,552.0382690429688,37884733
2021-03-30,550.1949462890625,552.9597450141332,545.5869484139447,552.9597450141332,33099123
2021-03-31,540.9790649414062,550.1950626405784,540.9790649414062,549.2734628706612,38790886
2021-04-01,554.8030395507812,554.8030395507812,547.4302416829968,551.1166406168891,43091157
2021-04-07,562.1759033203125,565.8623026863473,560.332703637295,565.8623026863473,24603109
2021-04-08,564.9407348632812,564.9407348632812,555.7247359258705,558.4895356070937,23976625
2021-04-09,562.1759033203125,569.5487020523822,561.2543034788038,569.5487020523822,27303862
2021-04-12,557.5676879882812,564.9404838625064,555.724489019725,564.0188843782283,22606128
2021-04-13,557.5676879882812,564.9404838625064,556.6460885040032,556.6460885040032,25971622
2021-04-14,564.01904296875,564.01904296875,552.9598460477941,560.332643995098,30077913
2021-04-15,570.4701538085938,570.4701538085938,559.4109585812865,564.0189565926646,33530942
2021-04-16,562.1759033203125,563.0975031618212,555.7247044297516,562.1759033203125,48507383
2021-04-19,555.7245483398438,559.4109466704563,553.8813491745375,557.56774750515,24231637
2021-04-20,554.8030395507812,554.8030395507812,548.3518414164698,551.1166406168891,34771635
2021-04-21,545.5870971679688,552.0382959520495,545.5870971679688,552.0382959520495,38458220
2021-04-22,544.6654663085938,551.1166647251084,544.6654663085938,549.2734651775328,33868521
2021-04-23,554.8030395507812,554.8030395507812,543.7438427491046,545.5870422160507,27754511
2021-04-26,562.1759033203125,562.1759033203125,555.7247044297516,557.5679041127689,30887664
2021-04-27,562.1759033203125,563.0975031618212,557.5679041127689,560.332703637295,26317481
2021-04-28,554.8030395507812,560.3326379516196,553.8814398173082,558.4894384846735,24024054
2021-04-29,552.9597778320312,561.2541744995117,552.9597778320312,561.2541744995117,31828333
2021-05-03,541.9006958007812,550.1950942058952,541.9006958007812,548.3518945603143,41762441
2021-05-04,544.6654663085938,547.4302656299571,536.3710683445034,541.9006669872304,40273595
2021-05-05,539.1358032226562,547.4302001953125,539.1358032226562,547.4302001953125,29254785
2021-05-06,540.9790649414062,543.7438642511579,534.5278665519858,543.7438642511579,30725590
2021-05-07,552.0382690429688,552.9598688243426,542.8222712292297,547.4302701360992,28075722
2021-05-10,542.822265625,550.1950637998726,541.9006658531409,549.2734640280136,20434079
2021-05-11,526.2334594726562,534.5278572576893,525.3118597187637,533.6062575037968,59349193
2021-05-12,516.095947265625,526.2335462297713,477.3887512207031,522.5471466064453,131741482
2021-05-13,504.1150207519531,518.8606155088659,498.58542271811086,504.1150207519531,66765627
2021-05-14,513.3311157226562,517.9391149661271,508.7231164791854,512.409515873962,37533726
2021-05-17,505.9582214355469,514.2526185082608,498.585424037579,501.35022306181696,56270958
2021-05-18,527.155029296875,528.076628998443,511.4878343702197,518.8606319827634,43689316
2021-05-19,522.5469360351562,527.154933707424,520.7037369662492,526.2333341729704,28908777
2021-05-20,522.5469360351562,526.2333341729704,516.0957392939815,522.5469360351562,29709287
2021-05-21,528.0765991210938,531.7629977187977,523.4686008739639,527.1549994716678,27376731
2021-05-24,523.4686279296875,527.1550267179248,521.6254285355689,525.3118273238061,15629736
2021-05-25,537.2926025390625,538.2142022003645,528.0766059260426,530.8414049099486,33039911
2021-05-26,539.1358032226562,541.9006022135417,535.4494045681423,540.9790025499132,18703987
2021-05-27,536.3710327148438,536.3710327148438,528.0766353017276,534.5278332897068,62169719
2021-05-28,543.7438354492188,545.5870348914195,536.3710376804158,540.9790362859177,29086873
2021-05-31,550.1949462890625,550.1949462890625,543.7437492638976,548.3517471390154,30657474
2021-06-01,551.1165771484375,552.038176775776,548.351778266422,551.1165771484375,17818326
2021-06-02,548.351806640625,552.9598050157563,546.5086072905725,552.9598050157563,21872755
2021-06-03,549.2734375,552.959836409396,549.2734375,552.959836409396,21077164
2021-06-04,548.351806640625,548.351806640625,543.7438082654937,544.6654079405199,15756180
2021-06-07,545.5870971679688,548.3518966468605,537.2926987312935,547.4302968205632,17077625
2021-06-08,542.822265625,548.3518642561545,541.9006658531409,543.7438653968591,13396324
2021-06-09,540.0574951171875,541.9006947592256,537.2926956541303,540.0574951171875,20023490
2021-06-10,552.0382690429688,552.0382690429688,540.9790716664819,544.6654707919776,28527745
2021-06-11,554.8030395507812,555.7246392842543,552.9598400838352,554.8030395507812,24227710
2021-06-15,561.2542724609375,561.2542724609375,558.4894730892088,559.411072879785,26012250
2021-06-16,557.5676879882812,560.3324864411157,557.5676879882812,560.3324864411157,25856919
2021-06-17,560.806884765625,560.806884765625,553.4034935475969,556.1797652543574,22872361
2021-06-18,558.030517578125,562.6576362976783,556.1796700903037,562.6576362976783,32652017
2021-06-21,539.52197265625,549.7016325176887,539.52197265625,545.9999380226201,44279632
2021-06-22,534.8948364257812,544.1490723501026,534.8948364257812,541.3728015728062,27823974
2021-06-23,550.6271362304688,553.4034075055804,537.6712036132812,539.5220511300223,34392376
2021-06-24,546.0,553.4033898305084,544.1491525423728,553.4033898305084,16524230
2021-06-25,546.925537109375,553.4035045539869,545.0746892680573,553.4035045539869,18841696
2021-06-28,546.0,546.0,542.2983050847457,546.0,15028407
2021-06-29,550.6271362304688,553.4034075055804,546.9254411969866,553.4034075055804,28659610
2021-06-30,550.6271362304688,554.3288312639509,550.6271362304688,554.3288312639509,24883853
2021-07-01,548.7762451171875,552.4779398565952,546.9253977474837,551.5525161717433,18250994
2021-07-02,544.149169921875,548.7762887137277,543.2237461635044,546.000017438616,18322419
2021-07-05,546.925537109375,552.4780806333281,544.1492653473985,544.1492653473985,28836816
2021-07-06,547.8508911132812,551.5525863235061,545.0746197056126,550.6271625209499,12997112
2021-07-07,549.7017211914062,549.7017211914062,544.1491785531092,546.0000260992083,16966158
2021-07-08,544.149169921875,550.6271362304688,544.149169921875,550.6271362304688,21140426
2021-07-09,540.447509765625,541.3729335837168,536.7458144932577,538.5966621294414,29029415
2021-07-12,548.7762451171875,552.4779398565952,545.9999740626317,550.6270924868913,31304547
2021-07-13,561.732177734375,562.6576014209226,554.3287882419944,555.254211928542,52540315
2021-07-14,567.2847900390625,569.1356376411476,562.65767103385,567.2847900390625,38418875
2021-07-15,568.2103271484375,568.2103271484375,562.6577832349349,567.2849031628538,22012834
2021-07-16,545.0746459960938,550.6271890792458,544.1492221489017,546.9254936904778,57970545
2021-07-19,538.5965576171875,540.4474048942225,534.8948630631174,539.521981255705,40644341
2021-07-20,537.671142578125,540.4474135380809,535.8202952714877,535.8202952714877,15354333
2021-07-21,541.3728637695312,542.2982874682825,536.7457452757745,542.2982874682825,25828732
2021-07-22,546.925537109375,549.7018088713515,543.2238414267397,545.0746892680573,26058172
2021-07-23,541.3728637695312,547.8508296607906,539.5220163720286,547.8508296607906,15271451
2021-07-26,536.7456665039062,546.9253256962218,536.7456665039062,546.9253256962218,21619179
2021-07-27,536.7456665039062,540.4473607556573,536.7456665039062,537.671090066844,17785992
2021-07-28,535.8202514648438,535.8202514648438,530.2677099988869,533.0439807318653,36158305
2021-07-29,539.52197265625,541.3728199037844,533.9694309136471,541.3728199037844,23224896
2021-07-30,536.7456665039062,538.5965136297818,534.8948193780307,537.671090066844,18999281
2021-08-02,546.0,546.0,536.7457627118644,539.522033898305,23482491
2021-08-03,549.7017211914062,549.7017211914062,546.0000260992083,549.7017211914062,22747702
2021-08-04,551.552490234375,553.4033375170407,549.7016429517093,553.4033375170407,20313271
2021-08-05,551.552490234375,553.4033375170407,548.7762193103764,553.4033375170407,15116242
2021-08-06,546.925537109375,551.5526567126692,544.1492653473985,551.5526567126692,13687213
2021-08-09,550.6271362304688,550.6271362304688,539.5220511300223,546.000017438616,17390951
2021-08-10,546.925537109375,551.5526567126692,545.0746892680573,551.5526567126692,17190865
2021-08-11,546.0,546.0,541.3728813559321,546.0,19969687
2021-08-12,542.2984008789062,544.1492486634759,540.4475530943366,542.2984008789062,15444622
2021-08-13,537.671142578125,541.3728371913995,535.8202952714877,541.3728371913995,22524428
2021-08-16,540.447509765625,542.2983574018086,534.894966857074,538.5966621294414,19315705
2021-08-17,540.447509765625,540.447509765625,540.447509765625,540.447509765625,0
2021-08-18,531.1932373046875,532.118661063058,523.7898472377232,525.6406947544642,43716164
2021-08-19,517.3118896484375,530.2678224839976,517.3118896484375,530.2678224839976,38868947
2021-08-20,510.83404541015625,521.013709358547,509.90862141484797,518.2374373726223,45614061
2021-08-23,523.7897338867188,529.3422752353412,517.3117689799925,518.2371925380962,33685159
2021-08-24,529.34228515625,532.1185558825939,528.416861580802,531.193132307146,24844800
2021-08-25,541.3728637695312,541.3728637695312,531.1932030832666,535.8203215770233,27504657
2021-08-26,549.7017211914062,558.0305351488519,546.9254498722578,556.1796876027528,43822008
2021-08-27,554.328857421875,555.2542812239149,548.7763146096358,551.5525860157554,27105651
2021-08-30,559.8812866210938,559.8812866210938,554.3287449355953,557.1050157783445,36575609
2021-08-31,568.2103271484375,568.2103271484375,553.4035433790972,558.9560872925998,52721470
2021-09-01,567.2847900390625,568.210213840105,562.65767103385,568.210213840105,30092045
2021-09-02,561.732177734375,569.1355672267556,561.732177734375,567.2847198536604,24112463
2021-09-03,573.7626342773438,573.7626342773438,564.5083982406123,564.5083982406123,51562454
2021-09-06,583.9423828125,590.420349024366,574.688145366977,576.5389928560816,55589014
2021-09-07,576.5388793945312,586.7185385812726,576.5388793945312,586.7185385812726,26526056
2021-09-08,572.8373413085938,580.2407318263139,566.3593746055886,575.6136127527387,37817737
2021-09-09,572.8373413085938,573.7627651233088,564.5085269761586,566.3593746055886,18735512
2021-09-10,575.6136474609375,576.5390713314536,568.2102564968097,569.1356803673257,16304725
2021-09-13,569.135498046875,573.7626159171748,567.2846508987551,572.8371923431148,15198774
2021-09-14,567.2847900390625,571.911909044275,566.35936623802,571.911909044275,14441901
2021-09-15,561.732177734375,567.2847198536604,561.732177734375,564.5084487940177,23433501
2021-09-16,557.7813110351562,564.2887596638997,556.8516755167643,560.570217590332,22467022
2021-09-17,557.7813110351562,567.0776662190755,556.8516755167643,557.7813110351562,40717715
2021-09-22,544.766357421875,547.5552636885399,541.9774511552101,544.766357421875,40642293
2021-09-23,546.6256103515625,551.2737873103342,546.6256103515625,546.6256103515625,21696296
2021-09-24,555.9220581054688,555.9220581054688,548.4849737160979,549.4146092647693,16736973
2021-09-27,559.6404418945312,559.6404418945312,551.2737243246795,557.7811713234531,19464241
2021-09-28,552.2034301757812,554.062700984454,550.3441593671085,553.1330655801175,16707080
2021-09-29,539.1885986328125,541.977505177465,536.39969208816,539.1885986328125,49310524
2021-09-30,539.1885986328125,543.8367762072334,534.5404210583918,539.1885986328125,30465107
2021-10-01,533.6107177734375,538.2588947575267,530.821811582984,538.2588947575267,36704493
2021-10-04,531.75146484375,534.5403711278955,528.9625585596044,533.610735699847,20957803
2021-10-05,531.75146484375,531.75146484375,520.5958397071678,522.4551105632648,33824024
2021-10-06,530.82177734375,533.6106833543126,525.2439653226248,532.6810480174585,32508846
2021-10-07,539.1885986328125,541.0478696625809,531.7515145137393,534.5404210583918,27933054
2021-10-08,534.5404052734375,541.977489172894,532.6811342985734,541.047853685462,18279079
2021-10-12,534.5404052734375,534.5404052734375,524.3144149116848,529.8922278362772,26522907
2021-10-13,530.82177734375,534.5403186911668,529.8921420068958,531.7514126806042,18914374
2021-10-14,532.6810913085938,538.2589037830293,532.6810913085938,538.2589037830293,13916927
2021-10-15,557.7813110351562,557.7813110351562,544.7664137776693,550.3442268880208,53150216
2021-10-18,548.4850463867188,561.4999457925053,548.4850463867188,561.4999457925053,19158568
2021-10-19,557.7813110351562,557.7813110351562,551.2738624064127,555.9220399983724,17386359
2021-10-20,555.9220581054688,561.4998713974969,554.9924225567975,560.5702358488255,16372520
2021-10-21,554.0628051757812,560.5702542298592,553.1331695966272,559.6406186507053,16169014
2021-10-22,557.7813110351562,559.6405820719401,552.2034979248047,557.7813110351562,13995403
2021-10-25,551.2738647460938,554.9924068354435,548.4849581790814,554.9924068354435,16785568
2021-10-26,556.8516845703125,557.7813201038189,551.2738713692743,553.133142436287,19998808
2021-10-27,556.8516845703125,556.8516845703125,552.2035069027806,555.9220490368061,14961858
2021-10-28,553.133056640625,555.9219628085609,549.4145150833771,555.9219628085609,16570044
2021-10-29,548.4850463867188,554.0628604177701,547.5554107148769,553.1332247459283,25763960
2021-11-01,548.4850463867188,551.2739534022445,548.4850463867188,549.4146820585606,16089351
2021-11-02,550.34423828125,554.9924159694363,548.4849672059755,552.2035093565245,15192404
2021-11-03,550.34423828125,554.9924159694363,550.34423828125,554.9924159694363,10224009
2021-11-04,545.696044921875,552.2034934984562,543.8367738999947,550.3442224765759,17932145
2021-11-05,557.7813110351562,557.7813110351562,553.1331334431966,555.9220399983724,33270827
2021-11-08,559.6404418945312,559.6404418945312,555.9219007523749,557.7811713234531,19752355
2021-11-09,568.00732421875,573.585137549867,567.0776886635639,568.00732421875,39538660
2021-11-10,568.9369506835938,568.9369506835938,565.2184085222631,568.007315143261,16027674
2021-11-11,563.3590698242188,563.3590698242188,557.7812572517017,557.7812572517017,18463848
2021-11-12,561.5,568.0074503311258,559.6407284768212,567.0778145695364,15821327
2021-11-15,565.2183837890625,568.0072902880217,564.2887482894095,566.1480192887155,15551452
2021-11-16,567.0775756835938,568.9368464235399,565.2183049436475,568.9368464235399,20917108
2021-11-17,567.0775756835938,571.7257525334593,565.2183049436475,571.7257525334593,19717852
2021-11-18,569.8665161132812,570.7961515392409,564.2887035575231,569.8665161132812,20030651
2021-11-19,574.5147094726562,579.1628867337619,573.5850740204352,578.2332512815408,35554348
2021-11-22,571.7257080078125,574.5146139005336,571.7257080078125,574.5146139005336,20312168
2021-11-23,568.9369506835938,571.7258573045917,568.007315143261,571.7258573045917,19431694
2021-11-24,560.5701293945312,568.9368477437034,559.6404940224011,568.9368477437034,20391940
2021-11-25,560.5701293945312,564.2886708830522,558.7108586502708,562.4294001387917,11888265
2021-11-26,554.0628051757812,558.7109830715513,550.3442628591653,555.9220763340893,26588102
2021-11-29,551.2738647460938,555.9220423577808,549.4145937014189,552.2035002684312,23379558
2021-11-30,554.0628051757812,557.7813474923972,549.4146272800112,554.9924407549353,62021697
2021-12-01,557.7813110351562,560.570217590332,552.2034979248047,554.0627689615885,21403404
2021-12-02,571.7257080078125,571.7257080078125,559.6404491393547,562.4293550320757,45125742
2021-12-03,565.2183837890625,570.7961967869809,563.3591127897564,570.7961967869809,23045832
2021-12-06,557.7813110351562,566.1480307006835,557.7813110351562,560.570217590332,23589363
2021-12-07,564.2886962890625,564.2886962890625,554.9923421492098,559.6405192191361,18606530
2021-12-08,559.6404418945312,570.7960653210004,559.6404418945312,570.7960653210004,20801543
2021-12-09,565.2183837890625,565.2183837890625,559.6405707911441,563.3591127897564,11039070
2021-12-10,562.429443359375,565.2183496900826,559.6405370286674,562.429443359375,10497451
2021-12-13,558.7109375,567.07765702995,558.7109375,566.1480215266223,17711657
2021-12-14,556.8516845703125,557.7813201038189,554.9924135032998,555.9220490368061,22579034
2021-12-15,557.7813110351562,558.7109465535482,554.0627689615885,554.9924044799805,21827730
2021-12-16,565.0191650390625,565.0191650390625,561.2835011379777,565.0191650390625,21809022
2021-12-17,566.8869018554688,566.8869018554688,559.4155753071265,561.2834069442121,24105733
2021-12-20,558.4816284179688,566.8868703172358,558.4816284179688,566.8868703172358,21381070
2021-12-21,557.5479125976562,560.3496609021671,555.680080394649,557.5479125976562,17001461
2021-12-22,560.3494873046875,561.283403116862,558.4816556803386,558.4816556803386,9831802
2021-12-23,565.953125,567.8209570957096,562.2174608085809,566.8870410478547,16654439
2021-12-24,564.0852661132812,568.7548461307753,564.0852661132812,565.9530981202788,11059689
2021-12-27,565.953125,569.6887891914191,564.0852929042904,564.0852929042904,16259872
2021-12-28,574.3582763671875,574.3582763671875,569.6886968845274,569.6886968845274,33892718
2021-12-29,575.2921752929688,578.093922899915,573.4243435550046,574.3582594239866,24518766
2021-12-30,574.3582763671875,579.0278558498476,574.3582763671875,578.0939399533156,19681276
2022-01-03,589.3009643554688,590.2348803053189,577.1600570074163,578.0939729572665,69089158
2022-01-04,612.6489868164062,612.6489868164062,601.4419931551306,602.3759092935702,79434666
2022-01-05,607.0452880859375,624.7896888146033,603.3096247746394,624.7896888146033,69593809
2022-01-06,601.4418334960938,603.3096652771376,593.9705063719186,595.8383381529625,53210211
2022-01-07,592.1025390625,603.3095271835568,590.2347077089905,600.5077801532926,38249908
2022-01-10,600.5079345703125,602.3757664041237,585.5652798998226,586.4991958167282,38289770
2022-01-11,607.9793090820312,607.9793090820312,596.7723172095514,603.3097291351646,33196585
2022-01-12,616.3845825195312,616.3845825195312,607.0454221783262,613.5828344171698,38860063
2022-01-13,617.3184204101562,618.2523363260567,611.714924914754,614.5166726624551,38137411
2022-01-14,627.5916137695312,628.5255298614502,617.3185367584229,628.5255298614502,95200777
2022-01-17,637.864501953125,642.5340810303807,633.1949228758693,639.7323335840273,59614236
2022-01-18,618.2523803710938,635.9967840373336,618.2523803710938,633.1950360900325,43593330
2022-01-19,610.7808837890625,616.3843781357511,607.9791366157182,608.9130523401662,40381333
2022-01-20,607.9793090820312,613.5828050182712,603.3097291351646,607.045393092658,46474584
2022-01-21,598.6400146484375,603.3095935458513,594.9043515305066,601.4417619868857,49577684
2022-01-24,609.84716796875,611.71500002991,594.9045114794698,596.7723435406298,47134502
2022-01-25,598.6400146484375,602.3756777663685,595.8382673099893,600.507846207403,52318736
2022-01-26,593.9705810546875,598.6401610944256,593.0366650467399,593.0366650467399,29957189
2022-02-07,593.0366821289062,601.4419264425443,589.3010179895116,601.4419264425443,56836469
2022-02-08,586.4992065429688,602.3757774207243,586.4992065429688,602.3757774207243,39718217
2022-02-09,591.1688232421875,594.9044872121223,588.3670752647364,593.0366552271549,30048791
2022-02-10,606.1114501953125,606.1114501953125,594.9044588203607,596.7722907161859,34587133
2022-02-11,607.0452880859375,607.0452880859375,599.5739614633413,603.3096247746394,26723278
2022-02-14,594.9044189453125,598.6400824865703,593.0365871746836,597.7061666012559,27826382
2022-02-15,591.1688232421875,596.7723191970897,591.1688232421875,591.1688232421875,21970460
2022-02-16,603.3097534179688,603.3097534179688,597.706257256192,602.375837391006,25191741
2022-02-17,602.3757934570312,603.3097094158794,598.6401296216388,601.4418774981832,18135080
2022-02-18,594.9044189453125,596.7722507159415,593.970503059998,595.838334830627,20804191
2022-02-21,590.23486328125,593.9705269729035,590.23486328125,591.1687792041633,23797502
2022-02-22,585.5653686523438,588.3671168277137,583.6975365354303,586.4992847108005,34086593
2022-02-23,583.697509765625,587.4331738281251,581.829677734375,582.76359375,31953054
2022-02-24,564.0852661132812,578.0940061657634,564.0852661132812,577.1600901622646,73663161
2022-02-25,564.0852661132812,568.7548461307753,560.349602099286,560.349602099286,89012516
2022-03-01,564.0852661132812,569.688762134274,559.4156860957872,559.4156860957872,66720867
2022-03-02,561.283447265625,565.0191108081583,560.3495313799917,561.283447265625,40693457
2022-03-03,562.2174072265625,566.8869870208031,561.2834912677145,563.1513231854107,33792420
2022-03-04,555.6800537109375,557.5478858242516,552.8783055409664,555.6800537109375,55917115
2022-03-07,537.9356079101562,542.6051878399319,537.001691924201,541.6712718539768,86496560
2022-03-08,525.7947387695312,532.3321511521009,523.9269066602257,523.9269066602257,79029914
2022-03-09,530.4642333984375,535.1338129177899,529.5303174945669,529.5303174945669,52155415
2022-03-10,548.2086791992188,550.0765111556045,543.5390993082543,546.340847242833,45630467
2022-03-11,537.0016479492188,543.5390593155571,536.0677320397418,542.6051434060802,38943098
2022-03-14,534.2000122070312,538.8695927333165,534.2000122070312,536.0678444175453,33919577
2022-03-15,521.125,525.7945788530466,521.125,524.8606630824372,74092231
2022-03-16,523.7059936523438,530.2757821031796,520.8903700305569,529.3372408959174,43438327
2022-03-17,546.2310791015625,547.1696204745892,539.6612894903753,542.4769136094556,60959900
2022-03-18,545.2924194335938,546.2309606030148,540.5997135864889,546.2309606030148,46242430
2022-03-21,549.9851684570312,552.8007921863335,547.1695447277291,547.1695447277291,21400273
2022-03-22,547.1696166992188,549.9852407988717,541.5383684999128,541.5383684999128,20246949
2022-03-23,553.7393798828125,553.7393798828125,549.9852145954713,553.7393798828125,25902069
2022-03-24,554.6778564453125,555.616397657572,549.046609171756,550.9236915962748,20060758
2022-03-25,561.2476196289062,561.2476196289062,558.4319961190622,560.3090784589582,26122381
2022-03-28,548.1082763671875,549.9853595054313,544.3541100906999,545.2926516598218,26391576
2022-03-29,552.8008422851562,552.8008422851562,548.1081356443655,549.9852183006818,14892032
2022-03-30,563.1248168945312,563.1248168945312,560.3091928100586,562.1862755330403,41230239
2022-03-31,560.3092041015625,565.0019110035856,557.4935799603486,565.0019110035856,22700114
2022-04-01,552.8008422851562,552.8008422851562,548.1081356443655,549.0466769725236,29732696
2022-04-06,542.4769287109375,544.3540115092453,539.6613045134759,542.4769287109375,37645873
2022-04-07,531.2144165039062,537.7842061073114,531.2144165039062,535.9071233634814,42904743
2022-04-08,532.1530151367188,534.9686395554315,531.2144736638145,532.1530151367188,28024587
2022-04-11,523.7059936523438,531.2143233104418,523.7059936523438,528.398699688655,36820094
2022-04-12,522.767578125,529.3373681552962,518.0748709605026,519.9519538263016,30671407
2022-04-13,537.7842407226562,540.5998650196335,528.3988263993987,529.3373678317245,35865970
2022-04-14,537.7842407226562,542.476947884285,537.7842407226562,541.5384064519593,19056590
2022-04-15,527.460205078125,531.2143702388234,526.5216637879504,527.460205078125,28253360
2022-04-18,526.5216064453125,531.2143123851104,523.7059828814339,524.6445240693934,15800959
2022-04-19,530.27587890625,534.0300444206306,528.3987961490598,531.2144202848451,16614705
2022-04-20,534.9685668945312,534.9685668945312,527.4602361310992,534.9685668945312,27606307
2022-04-21,530.27587890625,535.9071271778208,530.27587890625,535.9071271778208,18383650
2022-04-22,523.7059936523438,524.644534859606,522.7674524450815,523.7059936523438,29283846
2022-04-25,513.3821411132812,518.074848070441,512.4435997218493,516.1977652875771,43389591
2022-04-26,512.443603515625,517.1363105075263,510.56652071886447,516.1977691091461,35825421
2022-04-27,493.6727294921875,499.3039773571174,493.6727294921875,497.4268947354741,55941533
2022-04-28,498.3655090332031,499.30405048147657,490.8571774470155,497.4269675849297,45380836
2022-04-29,504.9352722167969,513.3821448003492,502.1196480222794,513.3821448003492,36664644
2022-05-03,498.3655090332031,506.8123820676642,497.4269675849297,504.93529917111726,26317509
2022-05-04,501.1811218261719,503.99674610609424,497.4269561196088,500.2425803995311,16569622
2022-05-05,508.6893615722656,510.56644408729244,505.8737377997254,509.62790282977903,20374772
2022-05-06,495.5498352050781,498.3654592687434,493.672752495968,495.5498352050781,32467268
2022-05-09,488.0414733886719,491.79563856858476,488.0414733886719,490.85709727360654,23709774
2022-05-10,486.1643981933594,487.1029395026129,473.9633611730627,474.90190248231625,41679907
2022-05-11,488.98004150390625,493.6727482361894,486.16441746453637,486.16441746453637,27157254
2022-05-12,473.9633483886719,486.1643850798654,473.9633483886719,484.2873025119895,32532963
2022-05-13,479.5946350097656,482.41025909005776,474.90192820927865,475.84046956937607,29074177
2022-05-16,488.0414733886719,491.79563856858476,486.16439079871543,488.9800146836501,21163106
2022-05-17,497.4269714355469,500.2425958021632,488.0415568801592,488.98009833569796,24496974
2022-05-18,504.9352722167969,507.75089641131433,501.181106624107,507.75089641131433,30568176
2022-05-19,489.9185485839844,494.6112549880456,488.04146602235994,490.85708986479665,29019751
2022-05-20,497.4269714355469,499.3040543466244,490.8571812467755,491.79572270231427,22651205
2022-05-23,495.5498352050781,501.1810833324086,495.5498352050781,500.24254197785353,17054170
2022-05-24,488.0414733886719,498.36542763343226,488.0414733886719,497.42688633845404,17802308
2022-05-25,491.795654296875,496.4883609218452,488.04148899689886,489.91857164688696,22176476
2022-05-26,482.4103088378906,492.7342648636042,481.47176738100757,490.8571819498381,28327403
2022-05-27,497.4269714355469,497.4269714355469,489.9186397912367,491.79572270231427,27866643
2022-05-30,513.3821411132812,513.3821411132812,503.99672719896165,504.9352685903936,34476433
2022-05-31,525.5831909179688,525.5831909179688,506.81236267089844,508.68944549560547,72405873
2022-06-01,515.2591552734375,520.8904028720543,514.3206140070014,516.1976965398736,29155176
2022-06-02,506.8122863769531,511.50499273229525,506.81228637695307,510.56645146122685,21420890
2022-06-06,506.8122863769531,510.56645146122685,504.9352038348162,507.7508276480215,17615003
2022-06-07,502.1197204589844,504.935345059689,499.3040958582798,502.1197204589844,19497532
2022-06-08,510.5665283203125,511.505069732666,504.9352798461914,505.8738212585449,18835521
2022-06-09,507.7508850097656,508.68942638686315,503.9967195013755,504.935260878473,16338602
2022-06-10,497.4269714355469,500.2425958021632,496.4884299800081,497.4269714355469,21357130
2022-06-13,484.28729248046875,487.10291627395986,483.34875121597173,486.1643750094628,32854092
2022-06-14,481.4716796875,482.4102209734405,475.8404319718567,475.8404319718567,36304444
2022-06-15,477.7174987792969,483.3487463091118,476.7789575243277,476.7789575243277,35680283
2022-06-16,479.3689270019531,486.91804396261375,478.42528738187053,485.9744043425312,26909199
2022-06-17,472.7633972167969,474.6506762476024,470.8761181859913,471.34793794369267,43566737
2022-06-20,469.93255615234375,473.70711483629833,467.10163713937783,471.81983549432107,34209693
2022-06-21,476.5379638671875,476.5379638671875,470.8761266727259,472.7634057375464,33223685
2022-06-22,466.6297302246094,474.65066593120025,466.6297302246094,472.7633869414141,31034893
2022-06-23,458.1370544433594,465.68617171534055,457.66523461386055,464.27071222684407,43548940
2022-06-24,459.08062744140625,464.74246457326325,458.1369879194301,461.9115460073348,27911980
2022-06-27,470.40435791015625,477.48165517058993,467.5734390059828,468.045258823345,37909718
2022-06-28,469.4606628417969,471.81976165004716,468.04520355684673,468.04520355684673,15274062
2022-06-29,463.3270263671875,470.4043231039572,463.3270263671875,468.04522419170064,30533789
2022-06-30,449.17242431640625,459.08063955867993,449.17242431640625,457.1933604649135,46311432
2022-07-01,427.9405822753906,447.28519514561225,426.9969426231847,444.9260960150974,61744377
2022-07-04,415.201416015625,426.0532712069425,415.201416015625,418.0323347611861,52445919
2022-07-05,420.8631896972656,426.0532066105727,408.5958769930852,424.16592773300647,50084244
2022-07-06,410.9550476074219,422.2787228572245,410.48322780534676,417.0887050343983,40549763
2022-07-07,431.715087890625,433.1305471951844,413.7859366995389,417.08867507684425,48151202
2022-07-08,440.6796569824219,443.9823953109839,435.48963960896725,443.5105755497608,37897895
2022-07-11,435.96148681640625,443.9824232621627,435.01784723455256,441.62332430752843,21941710
2022-07-12,424.1659851074219,432.18692142202275,424.1659851074219,432.18692142202275,23036423
2022-07-13,443.982421875,446.34152082226353,439.7360437699256,443.982421875,44035695
2022-07-14,448.22882080078125,450.58791985762747,436.90514532791946,439.7360641961349,31936258
2022-07-15,464.7425231933594,466.157982654862,450.1161087578323,453.8906673218393,51846909
2022-07-18,467.5733947753906,470.40431341177043,460.9679179571712,467.5733947753906,39179575
2022-07-19,463.3270263671875,465.2143054969928,459.0806483251257,460.02428789002835,19874865
2022-07-20,467.1015319824219,474.6506476508247,463.79879387749565,473.7070081922743,35436652
2022-07-21,472.7633972167969,472.7633972167969,466.15792060897735,468.04519963978294,22285593
2022-07-22,474.65069580078125,476.53797490933306,471.8197771379535,476.53797490933306,25216400
2022-07-25,471.34796142578125,474.6506998942302,469.9325020821603,471.81978120698824,15245346
2022-07-26,467.1015319824219,471.34790954589846,463.32697414822053,471.34790954589846,18024265
2022-07-27,473.7070617675781,473.7070617675781,463.32702654956347,466.15794524538563,17166365
2022-07-28,472.7633972167969,480.31251334001917,470.8761181859913,480.31251334001917,33844011
2022-07-29,480.3125,481.2561394891945,475.59430255402754,479.3688605108055,29045617
2022-08-01,475.5943298339844,479.36888800726996,471.8197716606988,477.48160892062714,24117969
2022-08-02,464.2706298828125,468.04518784933947,460.96789166210147,466.157908866076,39838155
2022-08-03,472.7633972167969,472.7633972167969,465.2142810935745,466.15792060897735,27603474
2022-08-04,471.81976318359375,474.65068176269534,467.1015655517578,470.8761236572266,26027618
2022-08-05,486.9179992675781,486.9179992675781,478.4252434663995,480.31252253332804,32784279
2022-08-08,483.1434631347656,485.9743818640709,480.31254440546036,481.25618398189545,19333128
2022-08-09,481.2561950683594,482.19983466653264,475.59435747931985,478.42527627383964,21164373
2022-08-10,471.81976318359375,474.65068176269534,471.34794342041016,471.81976318359375,20861380
2022-08-11,485.0307922363281,485.0307922363281,481.256233541882,484.0871525627166,23740033
2022-08-12,487.8616943359375,488.8053339768194,485.0307754132918,485.9744150541737,19535923
2022-08-15,493.5234680175781,494.46710753577617,489.74890994478596,490.692549462984,21273166
2022-08-16,495.41082763671875,496.3544673084077,493.52354829334075,496.3544673084077,20720414
2022-08-17,497.2980651855469,497.2980651855469,491.6362276312522,494.46714640839957,27143102
2022-08-18,490.69256591796875,491.636205467811,489.7489263681265,490.69256591796875,17831084
2022-08-19,489.7489013671875,493.52345937387105,487.86162236384575,489.7489013671875,14022812
2022-08-22,483.1434631347656,485.0307422876358,481.25618398189545,482.19982355833054,11494000
2022-08-23,475.5943298339844,477.48160892062714,473.70705074734155,474.65069029066296,19191108
2022-08-24,474.65069580078125,479.3688935721608,474.65069580078125,475.5943353550572,14363212
2022-08-25,479.3689270019531,481.25620624211825,475.59436852162275,476.53800814170535,9357138
2022-08-26,483.1434631347656,485.9743818640709,482.19982355833054,484.0871027112007,12914846
2022-08-29,470.40435791015625,473.70709663169197,468.045258823345,468.9888984580695,26590824
2022-08-30,468.04522705078125,471.8197853334488,468.04522705078125,469.4606864067816,24214535
2022-08-31,476.5379638671875,476.5379638671875,464.27064994585396,464.27064994585396,39357089
2022-09-01,462.8551940917969,467.573391788961,462.3833743220805,467.10157201924454,39168672
2022-09-02,457.6651611328125,461.911538916519,457.6651611328125,460.49607965528355,29982959
2022-09-05,458.6088562011719,460.49613544479814,456.72157695754566,457.6652165793588,15903415
2022-09-06,461.4397277832031,463.7988265960007,459.0806289704056,460.9679080206436,16700285
2022-09-07,445.8697814941406,451.05980011470734,445.39796161954365,450.1161603655134,34678562
2022-09-08,448.22882080078125,448.22882080078125,445.3979019325658,446.3415415553043,27931552
2022-09-12,459.08062744140625,463.32700529029904,457.665168158442,457.665168158442,21597212
2022-09-13,465.21429443359375,467.10157351851706,463.32701534867044,467.10157351851706,16507036
2022-09-14,452.947021484375,455.30612055460614,449.17246297200523,451.5315620422363,22645714
2022-09-15,452.23516845703125,455.55693779512063,451.7606299801613,451.7606299801613,23104850
2022-09-16,447.9643249511719,447.9643249511719,445.1170940722449,446.5407095117084,39087513
2022-09-19,443.21893310546875,448.9133947727767,442.7443946331931,447.9643178282254,17182380
2022-09-20,452.23516845703125,453.658783887641,446.0661682577223,446.5407067345922,19842582
2022-09-21,447.0152587890625,451.28610521061404,444.64256633264495,449.38795124548005,24154633
2022-09-22,440.8462829589844,444.1680525830025,435.62635926409865,438.47359037039996,29702508
2022-09-23,431.830078125,437.0500021462912,431.830078125,435.15184795673076,29757787
2022-09-26,423.76287841796875,430.8809558829962,420.4411089342893,420.4411089342893,32342267
2022-09-27,425.18646240234375,428.50823163986206,423.28830855233326,426.13553932734897,24961404
2022-09-28,415.6957092285156,426.13555580731395,415.6957092285156,424.23740188389604,34402652
2022-09-29,412.8484802246094,420.91563443589484,410.0012493265086,420.4410959528781,41094780
2022-09-30,400.5104675292969,405.73039068429955,400.5104675292969,402.8831598724799,48266800
2022-10-03,395.7650451660156,402.8831215179224,395.2905067425552,397.18866043639696,36044395
2022-10-04,407.1540222167969,410.0012531413899,405.25586826706825,407.6285607042291,40375000
2022-10-05,422.33929443359375,428.0337568304512,419.49206323516506,421.8647559005223,46496536
2022-10-06,428.03375244140625,428.03375244140625,424.23744421576185,427.55921391320067,30331834
2022-10-07,415.6957092285156,425.66101732645944,414.74663226680667,425.66101732645944,31941781
2022-10-11,381.0544128417969,391.49425976896936,380.5798743451072,387.22341329876247,95793819
2022-10-12,377.2580871582031,379.6307795302673,375.3599332605518,376.7835486837903,53570085
2022-10-13,374.8854064941406,382.47802232187007,374.8854064941406,380.1053298757046,38046284
2022-10-14,391.019775390625,394.81608388956306,388.1725440164214,393.3924682024613,54504366
2022-10-17,376.7835693359375,382.95256984143776,375.8344923350913,379.6308003384761,41512192
2022-10-18,386.2743225097656,386.2743225097656,379.1562453136397,385.7997840300239,40093216
2022-10-19,375.3598937988281,384.3761238647924,375.3598937988281,383.42704701574354,46385177
2022-10-20,377.2580871582031,377.2580871582031,366.34370224670795,371.0890869908363,52938069
2022-10-21,369.6654357910156,378.2071275037734,369.6654357910156,375.35989693285416,35923505
2022-10-24,367.2927551269531,377.2580624365992,367.2927551269531,374.8853702200168,46714078
2022-10-25,352.1075744628906,363.0219601942201,352.1075744628906,360.64926764393107,76416687
2022-10-26,356.8529357910156,359.7001666616886,351.1584740496696,351.63301252811516,58850484
2022-10-27,365.869140625,369.1909097357328,363.02190995865755,364.92006373621916,45684455
2022-10-28,360.1747131347656,362.5474055796587,355.9038667339581,360.1747131347656,40184472
2022-10-31,370.1400146484375,370.1400146484375,361.5983220027043,366.3437068058894,38409054
2022-11-01,371.5636291503906,372.9872445877484,366.34370588007863,368.716398275675,41426496
2022-11-02,374.8854064941406,374.8854064941406,368.71640613411046,371.0890985802759,22535650
2022-11-03,364.445556640625,367.2927875518799,363.9710181554159,365.39463361104333,39731333
2022-11-04,362.5473937988281,364.9200861666215,359.2256244839174,361.59831685171076,28397417
2022-11-07,370.1400146484375,372.98724553034856,367.29278376652644,370.1400146484375,35387706
2022-11-08,378.6817321777344,379.15627068923527,373.93634706272513,374.885424085727,31838223
2022-11-09,395.7650451660156,395.7650451660156,382.95250773258346,382.95250773258346,52260831
2022-11-10,386.7489013671875,390.54520960146664,385.32528577933283,388.17251695504217,32044942
2022-11-11,419.0174560546875,419.49199451001556,412.84845613542257,419.0174560546875,80016195
2022-11-14,422.33929443359375,427.0846797643083,419.01752470209357,427.0846797643083,61933190
2022-11-15,455.55694580078125,462.20048459370935,438.47356033325195,441.32079124450684,113379796
2022-11-16,462.20050048828125,468.84403950967334,456.9805769714731,466.4713470020333,85726375
2022-11-17,460.30230712890625,460.30230712890625,450.81153790975355,457.92961482411806,45144984
2022-11-18,462.20050048828125,468.84403950967334,461.2514234852252,466.4713470020333,35859717
2022-11-21,457.455078125,464.57315506677907,456.0314627366442,462.67500121563796,29710180
2022-11-22,465.99676513671875,465.99676513671875,451.7606114156377,451.7606114156377,37343127
2022-11-23,466.9458923339844,470.7422004017403,463.62412277469787,469.31858487633184,33475337
2022-11-24,470.7421875,470.7421875,466.9458795362903,468.8440335181452,27396552
2022-11-25,472.640380859375,472.640380859375,468.84407257938,468.84407257938,39949969
2022-11-28,456.031494140625,465.0477255544355,456.031494140625,461.2514175907258,38926919
2022-11-29,462.20050048828125,463.14957749133725,448.91342244549696,449.38796094702496,38182197
2022-11-30,465.0476989746094,465.0476989746094,457.9296219494878,458.40416041782925,57111603
2022-12-01,473.1148681640625,482.13109935274576,473.1148681640625,480.23294541828614,41746878
2022-12-02,467.42041015625,471.6912565434645,465.0477177189086,465.0477177189086,28319679
2022-12-05,464.0986328125,472.1657869615925,464.0986328125,466.47132520929193,28360444
2022-12-06,453.6588134765625,464.0986606486173,453.6588134765625,463.149583632976,40561068
2022-12-07,450.81158447265625,460.7768931820518,450.81158447265625,452.7097385125411,36563503
2022-12-08,447.4897155761719,450.8114844086567,443.2188699344057,450.8114844086567,27238567
2022-12-09,456.9805603027344,459.82779120804736,451.7606369763272,453.65879091320255,25915337
2022-12-12,450.81158447265625,453.6588155324836,449.3879689427426,452.2352000025699,20973334
2022-12-13,447.4897155761719,451.7605612179381,447.0151771715312,448.913330790094,33272826
2022-12-14,456.031494140625,456.031494140625,447.96433971774195,447.96433971774195,30636639
2022-12-15,458.6564636230469,459.61100360977537,452.92922370267587,454.3610336827686,24222008
2022-12-16,449.58831787109375,449.58831787109375,444.33834812949925,445.2928880825164,47601400
2022-12-19,445.2928771972656,448.1564969863156,443.86106730274065,445.2928771972656,21075559
2022-12-20,436.7020568847656,445.77018702772796,434.31570684714393,443.86110699763066,31139235
2022-12-21,438.13385009765625,441.9520100113613,436.22477014080374,439.08839007608253,36182644
2022-12-22,446.7247009277344,447.67924088698163,442.9065410907452,445.2928909888634,14047382
2022-12-23,434.315673828125,437.65656362680284,434.315673828125,436.7020236843235,24927413
2022-12-26,435.74749755859375,436.2247675449668,432.8838776403555,433.3611476267285,8793306
2022-12-27,436.22479248046875,441.47476263067136,436.22479248046875,437.1793325077783,10264001
2022-12-28,430.4975280761719,431.4520680497332,425.72482820836507,430.4975280761719,32578949
2022-12-29,425.7248229980469,429.0657128646235,422.3839331314703,423.81574307428883,23020759
2022-12-30,428.1111755371094,435.7474952791314,428.1111755371094,434.31568532750225,21683478
2023-01-03,432.4066162109375,432.88388620675534,422.86121629458125,425.72483626948815,14885824
2023-01-04,429.0657043457031,434.31567403180185,428.1111644027761,429.0657043457031,19188422
2023-01-05,437.6566162109375,438.6111562681042,434.315726010854,438.13388623952085,23549581
2023-01-06,437.6566162109375,438.6111562681042,434.315726010854,434.315726010854,20886011
2023-01-09,459.13372802734375,459.13372802734375,446.2474383633746,446.724708350929,46666263
2023-01-10,463.90643310546875,464.86097309128246,461.04281314802756,463.90643310546875,32646014
2023-01-11,462.474609375,465.8154992260062,460.0882594814242,464.86095926857587,21051115
2023-01-12,464.38372802734375,465.81553808292654,461.9973779347058,465.33826806439896,20963689
2023-01-13,477.2699890136719,485.860848815918,476.3154490356446,483.9517688598633,77606949
2023-01-16,482.042724609375,484.9063447555693,480.1336445119121,482.9972646581064,34373918
2023-01-17,480.1335754394531,481.0881153508636,476.7926857495166,481.0881153508636,27770329
2023-01-30,518.315185546875,518.315185546875,509.7243261179213,517.3606456103246,124428936
2023-01-31,498.2698974609375,513.5425379961387,497.31535742748747,512.5879979626886,72530854
2023-02-01,505.9061584472656,508.76977821206145,498.2698390744767,507.81523829046284,33710990
2023-02-02,515.4515380859375,517.3606178566262,512.5879184299044,513.5424583152488,43077053
2023-02-03,517.3607177734375,517.3607177734375,511.63347735528134,515.4516376340521,31635865
2023-02-06,502.0880126953125,508.76979233194214,502.0880126953125,507.81525238385217,30870136
2023-02-07,499.2243347167969,503.9970339014699,498.2697948798623,500.1788745537315,23481767
2023-02-08,515.4515380859375,515.4515380859375,509.7242987738715,513.5424583152488,35096191
2023-02-09,515.4515380859375,515.4515380859375,511.6333785445602,515.4515380859375,18861972
2023-02-10,520.224365234375,521.178905354071,516.4062047555906,519.2698251146788,28495684
2023-02-13,516.4061279296875,519.2697478627541,513.5425079966209,519.2697478627541,22768977
2023-02-14,520.224365234375,521.178905354071,518.3152849949828,519.2698251146788,21883297
2023-02-15,501.13348388671875,507.815263671875,498.26986397879466,502.0880238560268,61796793
2023-02-16,503.99700927734375,506.86062864823776,500.17885011615175,503.99700927734375,29975138
2023-02-17,494.4517517089844,500.1789920762699,492.54267158655585,500.1789920762699,28121975
2023-02-20,493.4971923828125,495.4062724307151,487.76995223910484,490.63357231095864,20065156
2023-02-21,492.5426025390625,493.4971424664638,489.67898275685866,491.5880626116612,13504100
2023-02-22,483.95172119140625,485.8608009594197,482.0426414233928,482.9971813073995,24575245
2023-02-23,494.4517517089844,497.3153718926271,486.8154312192703,488.7245113416988,25376835
2023-02-24,487.7699279785156,501.13348764915986,487.7699279785156,500.1789476726853,41692491
2023-03-01,498.2698974609375,498.2698974609375,481.0881768588362,481.0881768588362,39560848
2023-03-02,495.40618896484375,496.36072882797447,491.5880295123209,495.40618896484375,16558784
2023-03-03,492.5426025390625,501.133461885674,492.5426025390625,500.1789219582728,23253895
2023-03-06,497.3153076171875,500.1789274307222,493.49714786580796,496.36076767934264,21922085
2023-03-07,500.1789855957031,502.08806569339663,495.4062853514693,497.31536544916287,24861078
2023-03-08,497.3153076171875,499.22438749287727,494.4516878036529,497.3153076171875,24512408
2023-03-09,498.2698974609375,502.0880575947378,498.2698974609375,501.13351756128776,21557577
2023-03-10,489.6789855957031,492.54260539450837,487.7699057298329,491.5880654615733,24045605
2023-03-13,492.5426025390625,494.45168239386504,485.8608230472535,489.67898275685866,21466947
2023-03-14,486.8153381347656,490.6334976495481,486.8153381347656,487.7698780134612,20474770
2023-03-15,487.7699279785156,492.54262786088856,486.815388002041,491.58808788441394,23208597
2023-03-16,484.6507263183594,489.4492483611154,483.69102190980817,484.6507263183594,21965994
2023-03-17,497.12689208984375,497.12689208984375,492.3283699654244,495.207483240076,33118483
2023-03-20,491.36865234375,497.1268787384033,489.4492435455322,496.16717433929443,11837312
2023-03-21,496.16717529296875,496.16717529296875,491.3686532882012,494.2477664910617,18284799
2023-03-22,511.5224609375,511.5224609375,502.8851210717636,502.8851210717636,42385987
2023-03-23,516.3209228515625,517.2806271691304,506.7238796758829,506.7238796758829,26728246
2023-03-24,517.2806396484375,517.2806396484375,513.4418222855548,514.4015266262755,21926240
2023-03-27,509.6029968261719,514.4015184535369,509.6029968261719,511.52240547711796,16111177
2023-03-28,503.84478759765625,508.6433093843006,502.8850832403274,503.84478759765625,17234120
2023-03-29,508.6432800292969,511.5223929351231,503.84475851958655,511.5223929351231,17280749
2023-03-30,513.4417724609375,515.3611809561186,509.60295547057535,514.4014767085281,19201564
2023-03-31,511.5224609375,516.3209830851314,510.56275650797375,516.3209830851314,23558838
2023-04-06,508.6432800292969,509.60298433123893,504.8044628215286,508.6432800292969,25423363
2023-04-07,509.6029968261719,513.4418141280639,507.68358817522585,513.4418141280639,8557482
2023-04-10,507.6835021972656,511.5223188490408,506.7237980343218,511.5223188490408,7435151
2023-04-11,502.8851318359375,505.7642451861433,500.9657229358004,500.9657229358004,22675697
2023-04-12,499.0462646484375,502.88508206881005,496.16715158315805,501.9253777137169,23816473
2023-04-13,489.4491882324219,496.1671182669845,489.4491882324219,494.24770968568095,25536889
2023-04-14,495.2074279785156,499.04624524966687,492.32831502515216,495.2074279785156,18072504
2023-04-17,499.0462646484375,499.0462646484375,493.2880385178786,498.08656029334435,14634287
2023-04-18,494.2477111816406,499.04623264942353,493.288006888084,497.12682406231033,15168888
2023-04-19,489.4491882324219,497.12682255763633,488.48948394177006,496.1671182669845,21123233
2023-04-20,492.32830810546875,495.20742101836623,489.44919519257127,491.36860380116957,17221961
2023-04-21,490.408935546875,499.046274920499,489.44923117202785,499.046274920499,25016683
2023-04-24,486.570068359375,489.4491811899038,483.69095552884613,484.6506598056891,16886512
2023-04-25,477.9327392578125,484.6506693277014,477.9327392578125,483.690965032003,36898412
2023-04-26,471.6946716308594,478.4126018473721,471.21481947253704,477.9327496890498,31269245
2023-04-27,473.6141052246094,475.053661775444,469.2954355721053,471.2148443065515,29537148
2023-04-28,481.7716369628906,481.7716369628906,477.9328191384851,478.41267136653585,24824100
2023-05-02,480.8118896484375,481.7715940189933,476.4932199809366,479.85218527788174,15325791
2023-05-03,476.01336669921875,477.93277543590915,475.0536623308736,476.01336669921875,11369311
2023-05-04,477.9327392578125,479.3722957013601,476.01333066641564,476.97303496211407,13140291
2023-05-05,479.8521728515625,481.77158154296876,478.4126163330078,479.8521728515625,7488897
2023-05-08,483.6910095214844,488.4895314413404,481.771600753542,488.4895314413404,11243634
2023-05-09,489.4491882324219,489.4491882324219,484.65066677916286,486.5700753604665,16197743
2023-05-10,482.73126220703125,487.5297837001429,479.8521493111643,487.5297837001429,18859212
2023-05-11,478.8924560546875,485.6103862999436,478.41260389431204,485.6103862999436,13382927
2023-05-12,476.01336669921875,479.85218417259955,475.0536623308736,476.01336669921875,18465362
2023-05-15,475.53350830078125,479.3723257239964,474.57380394497744,476.97306483448693,13315766
2023-05-16,484.6507263183594,487.529839544013,479.8522042756033,482.73131750125697,21140315
2023-05-17,498.0865173339844,500.005925878624,485.61036179382677,487.5297703384664,41406763
2023-05-18,508.6432800292969,514.4015058409493,504.8044628215286,511.5223929351231,43096277
2023-05-19,510.56268310546875,513.4417959801236,507.6835702308138,513.4417959801236,32099068
2023-05-22,509.6029968261719,511.52240547711796,507.68358817522585,510.56270115164494,17208135
2023-05-23,508.6432800292969,509.60298433123893,503.84475851958655,508.6432800292969,19588873
2023-05-24,503.84478759765625,506.72390066964283,502.8850832403274,505.76419631231397,19086681
2023-05-25,521.1194458007812,523.0388544409315,515.3612198803306,520.1597414807062,63827245
2023-05-26,543.1926879882812,545.1120967797592,540.3135748010642,545.1120967797592,95808471
2023-05-29,545.1119995117188,550.8702248586735,541.2731826137489,550.8702248586735,54657853
2023-05-30,543.1926879882812,545.1120967797592,540.3135748010642,543.1926879882812,40136130
2023-05-31,535.5150756835938,539.3538934304295,528.797144626631,537.4344845570116,81176782
2023-06-01,528.7970581054688,531.6761709445185,527.8373538257855,527.8373538257855,24477529
2023-06-02,539.3538208007812,541.2732294157306,534.5552992634077,536.4747078783571,30206141
2023-06-05,532.6359252929688,537.4344471424549,532.6359252929688,537.4344471424549,16827391
2023-06-06,537.4344482421875,539.3538569859096,530.7165176391601,531.6762220110212,20228086
2023-06-07,545.1119995117188,545.1119995117188,537.4343657157791,538.3940699402715,27604813
2023-06-08,536.4747924804688,545.1121326098502,532.6359746451881,539.3539058569293,23080195
2023-06-09,542.23291015625,543.1926144220133,538.394093093197,538.394093093197,19091713
2023-06-12,550.8702392578125,550.8702392578125,547.9911265090783,550.8702392578125,26392389
2023-06-13,569.104736328125,570.0644407738722,565.265918545136,569.104736328125,56174363
2023-06-14,566.2255249023438,567.1852291818392,563.3464120638572,566.2255249023438,23583314
2023-06-15,569.841064453125,571.7694606103267,565.9842721387215,568.8768663745242,27392154
2023-06-16,567.9127197265625,568.876917892482,563.0917288969652,568.876917892482,38128802
2023-06-19,562.1275634765625,564.055959920736,561.1633652544758,562.1275634765625,14346885
2023-06-20,562.1275634765625,564.055959920736,558.2707705882156,558.2707705882156,16221413
2023-06-21,560.1990966796875,564.0558890836785,557.3065023766943,561.1632947806852,21703937
2023-06-26,553.4498291015625,557.3066223357197,553.4498291015625,555.378225718641,27142262
2023-06-27,551.5214233398438,554.4140182175003,548.6288284621872,549.5930267547394,21501718
2023-06-28,553.4498291015625,558.2708206442591,550.5572341759446,558.2708206442591,18175426
2023-06-29,552.4856567382812,559.2350452150142,549.5930616768243,557.3066485073762,16937929
2023-06-30,555.3782348632812,555.3782348632812,547.6646482679579,549.5930449167887,22654976
2023-07-03,558.2706298828125,559.2348278618847,555.3780359455959,557.3064319037403,14785585
2023-07-04,564.0559692382812,564.0559692382812,559.2349780482105,564.0559692382812,17219541
2023-07-05,561.163330078125,567.9127172096489,558.2707355931863,567.9127172096489,14913592
2023-07-06,544.77197265625,553.4497562914822,544.77197265625,552.4855581097898,28564891
2023-07-07,544.77197265625,551.5213599280974,542.843576292865,544.77197265625,18796190
2023-07-10,544.77197265625,552.4855581097898,544.77197265625,546.700369019635,18454982
2023-07-11,556.3423461914062,556.3423461914062,549.5929589759126,553.4497516704804,17850636
2023-07-12,557.3065185546875,557.3065185546875,551.5213297807634,553.449726038738,15588228
2023-07-13,564.0559692382812,568.876960428352,564.0559692382812,565.9843657143095,25442137
2023-07-14,569.841064453125,569.841064453125,565.9842721387215,567.9126682959233,23121873
2023-07-17,569.841064453125,569.841064453125,565.9842721387215,566.9484702173223,13807834
2023-07-18,560.1990966796875,566.9484833866717,559.2348985786897,565.984285285674,20932006
2023-07-19,560.1990966796875,565.984285285674,558.270700477692,563.0916909826807,22499123
2023-07-20,558.2706298828125,563.0916197781736,557.3064319037403,559.2348278618847,15108109
2023-07-21,539.9510498046875,542.8436447143555,537.0584548950195,539.9510498046875,46711021
2023-07-24,538.0225219726562,542.843512312913,537.0583239046049,537.0583239046049,25268835
2023-07-25,548.6287841796875,548.6287841796875,540.9151984618711,540.9151984618711,19590349
2023-07-26,545.7361450195312,550.5571356999158,542.8435506113005,548.628739427762,13314305
2023-07-27,548.6287841796875,549.5929823944145,545.7361895355064,549.5929823944145,12200358
2023-07-28,546.7003784179688,552.4855676075769,544.7719820214327,548.6287748145048,18540078
2023-07-31,544.77197265625,554.4139544731747,539.9509817477876,554.4139544731747,24208467
2023-08-01,546.7003784179688,547.6645766162368,543.8077838231646,544.7719820214327,16259643
2023-08-02,540.9152221679688,548.62880822384,538.022627397017,546.7004117098721,25583234
2023-08-04,534.165771484375,539.9509603452166,532.2373751974278,536.0941677713222,26279173
2023-08-07,538.0225219726562,540.9151161768103,536.0941258365535,538.0225219726562,14369551
2023-08-08,532.2373657226562,538.0225544805112,531.2731675963471,538.0225544805112,19010690
2023-08-09,534.165771484375,537.0583659147958,530.3089789104806,530.3089789104806,14389090
2023-08-10,531.2731323242188,534.165726511102,530.3089342619243,532.2373303865131,17892615
2023-08-11,526.4523315429688,538.022712456001,526.4523315429688,536.0943156371623,17608427
2023-08-14,521.6312255859375,523.5596219836674,517.7744327904777,520.6670273870726,20939030
2023-08-15,522.5953979492188,525.4879924028122,520.6670016468231,523.5595961004166,14066307
2023-08-16,522.5953979492188,523.5595961004166,516.8102090420318,521.6311997980209,28269840
2023-08-17,524.5238037109375,526.4522000481101,517.7744165308335,520.6670110365924,22843138
2023-08-18,519.702880859375,524.5238723330241,519.702880859375,520.6670791541048,17592345
2023-08-21,517.7744750976562,524.5238630412011,514.8818802647085,524.5238630412011,16633821
2023-08-22,521.6312255859375,524.5238201825324,518.7386309893427,524.5238201825324,14594304
2023-08-23,532.2373657226562,532.2373657226562,524.523780712183,526.4521769648013,20636332
2023-08-24,543.8076782226562,543.8076782226562,538.0224901564578,542.8434802116232,23280827
2023-08-25,526.4523315429688,531.2733235900655,526.4523315429688,529.3449267712268,24144537
2023-08-28,529.3448486328125,533.2016417011755,527.4164520986311,527.4164520986311,8991985
2023-08-29,532.2373657226562,533.2015638489654,526.4521769648013,531.2731675963471,10516678
2023-08-30,535.1298828125,539.9508727477478,534.1656848254504,538.0224767736486,15117416
2023-08-31,529.3448486328125,536.0942365024476,528.3806503657217,533.2016417011755,40431378
2023-09-01,528.3806762695312,533.2016678413336,523.5596846977289,523.5596846977289,13669766
2023-09-04,537.058349609375,537.058349609375,529.3447646957754,529.3447646957754,9531157
2023-09-05,532.2373657226562,535.1299601015837,530.3089694700379,533.2015638489654,12220686
2023-09-06,530.3090209960938,536.0942103160511,530.3090209960938,536.0942103160511,14067008
2023-09-07,522.5953979492188,528.3805868564057,522.5953979492188,526.45219055401,20717005
2023-09-08,519.702880859375,520.6670791541048,515.8460876804558,515.8460876804558,15283568
2023-09-11,516.8102416992188,520.6670345477204,516.8102416992188,519.702836335595,14631968
2023-09-12,524.5238037109375,525.4880018795237,516.8102183622473,516.8102183622473,16028336
2023-09-13,521.6312255859375,528.3806129779922,521.6312255859375,525.4880183813973,16191392
2023-09-14,533.26611328125,533.26611328125,526.4790900213069,527.4486647727273,17144287
2023-09-15,541.0226440429688,541.0226440429688,530.3573231030537,532.2964723648564,42517441
2023-09-18,523.5703735351562,532.2965464274089,523.5703735351562,531.326971661603,36684692
2023-09-19,521.6312255859375,526.4790994296729,521.6312255859375,522.6008003546846,18901683
2023-09-20,518.7225341796875,521.6312586704147,518.7225341796875,519.6921090099299,24635567
2023-09-21,510.96588134765625,514.8441802573159,509.99630662024134,513.8746055299009,32012694
2023-09-22,506.1180114746094,509.02673567848643,506.1180114746094,507.08758620923504,29049309
2023-09-25,509.02679443359375,512.9050938197545,506.1180698939732,506.1180698939732,17116402
2023-09-26,503.20928955078125,508.05716324587553,503.20928955078125,505.148439028819,26392692
2023-09-27,506.1180114746094,507.08758620923504,500.30056306685526,501.2701378014809,16846401
2023-09-28,507.0876159667969,509.0267655498439,504.17889159222636,507.0876159667969,19733331
2023-10-02,516.7833862304688,517.7529610639218,511.9355120632036,513.8746617301097,25427911
2023-10-03,512.9049682617188,516.7832666984804,511.9353936525284,511.9353936525284,14490129
2023-10-04,504.1788635253906,507.08758773803714,503.20928878784184,505.14843826293946,28358964
2023-10-05,511.9354248046875,512.9049994728782,507.08755146373403,507.08755146373403,24945684
2023-10-06,515.8137817382812,516.7833565159848,512.9050574051706,513.8746321828742,15336587
2023-10-11,527.4486694335938,527.4486694335938,523.5703703936409,525.5095199136173,46639969
2023-10-12,533.26611328125,533.26611328125,527.4486647727273,528.4182395241478,34161176
2023-10-13,536.1748046875,537.1443793795208,531.326931227396,533.2660806114376,31123496
2023-10-16,528.4182739257812,530.3574235548667,525.509549482153,529.387848740324,19875676
2023-10-17,534.235595703125,535.2051702869782,531.3268719515653,533.2660211192717,18364998
2023-10-18,523.5703735351562,532.2965464274089,523.5703735351562,532.2965464274089,26418940
2023-10-19,529.387939453125,531.3270894144918,523.5704895690247,523.5704895690247,22881262
2023-10-20,539.0835571289062,539.0835571289062,529.3878096985302,532.296533927643,45984177
2023-10-23,527.4486694335938,536.1748422734878,526.4790946736056,535.2052675134995,22747367
2023-10-24,527.4486694335938,529.3878189535702,523.5703703936409,526.4790946736056,15007814
2023-10-25,527.4486694335938,534.2356927535113,527.4486694335938,527.4486694335938,16526355
2023-10-26,514.84423828125,518.7225376280014,513.8746634445622,513.8746634445622,28188348
2023-10-27,516.7833862304688,519.6921107308278,515.8138113970157,517.7529610639218,15679643
2023-10-30,515.8137817382812,517.7529312936883,511.9354826274671,514.8442069605777,21404842
2023-10-31,512.9049682617188,518.7224159168611,510.96581904333794,518.7224159168611,25667058
2023-11-01,511.9354248046875,516.783298145641,510.96585013649684,516.783298145641,13603347
2023-11-02,530.3574829101562,530.3574829101562,518.7225838335166,519.6921587565699,29401438
2023-11-03,532.2965698242188,532.2965698242188,528.4182705905268,530.3574202073728,15426176
2023-11-06,533.26611328125,539.0835617897727,533.26611328125,536.1748375355114,29215201
2023-11-07,538.1138916015625,538.1138916015625,533.2660187042511,535.2051678631757,14777790
2023-11-08,539.0835571289062,540.0531318719438,533.2661086706806,533.2661086706806,15314834
2023-11-09,540.0531005859375,540.0531005859375,534.2356524647245,534.2356524647245,13165684
2023-11-10,540.0531005859375,540.0531005859375,537.144376525331,538.1139512121998,12994933
2023-11-13,553.627197265625,562.3533702522986,553.627197265625,561.3837954760015,43866014
2023-11-14,554.5968017578125,558.4751010708042,553.6272269295646,558.4751010708042,21568576
2023-11-15,563.3228759765625,565.262025291456,557.505428031882,565.262025291456,50305088
2023-11-16,565.2620849609375,565.2620849609375,560.4142111619586,563.322935441346,28291435
2023-11-17,562.3533935546875,565.2621180041083,561.3838187382139,561.3838187382139,22031704
2023-11-20,559.4446411132812,561.3837906492025,557.50549157736,558.4750663453207,22010114
2023-11-21,567.2012329101562,567.2012329101562,563.3229338817107,564.2925086388221,35921706
2023-11-22,559.4446411132812,561.3837906492025,556.5359168093994,558.4750663453207,21969125
2023-11-23,560.4141845703125,560.4141845703125,556.5358857151547,556.5358857151547,14486134
2023-11-24,557.5054931640625,560.4142174762228,556.5359183933424,559.4446427055027,10058969
2023-11-27,550.7184448242188,559.4446173654476,550.7184448242188,555.5663184582347,18528520
2023-11-28,557.5054931640625,558.4750679347826,547.8097454568614,547.8097454568614,26343906
2023-11-29,556.5359497070312,561.3838238333991,552.6576504059369,560.4142490081256,24868842
2023-11-30,559.4446411132812,559.4446411132812,552.6576177375568,558.4750663453207,47192647
2023-12-01,561.3836669921875,561.3836669921875,555.5662196658436,555.5662196658436,28051165
2023-12-04,556.5359497070312,564.2925483092199,553.6272252312106,564.2925483092199,26847171
2023-12-05,552.6575927734375,554.5967422217653,549.7488686009457,553.6271674976014,22229723
2023-12-06,552.6575927734375,557.5054663942572,550.7184433251097,550.7184433251097,21518089
2023-12-07,548.779296875,555.5663199812279,548.779296875,552.6575957928445,20840397
2023-12-08,552.6575927734375,559.444615842585,552.6575927734375,556.5358916700932,33507214
2023-12-11,556.5359497070312,557.5055245323049,552.6576504059369,554.5968000564841,27378610
2023-12-12,560.4141845703125,563.322908711681,557.5054604289442,562.3533339978915,29403010
2023-12-13,559.4446411132812,561.3837906492025,558.4750663453207,558.4750663453207,22977731
2023-12-14,567.2417602539062,567.2417602539062,564.3178336546594,566.2671180541573,39409958
2023-12-15,570.1657104492188,571.1403526893029,565.2924992487981,570.1657104492188,54323262
2023-12-18,570.1657104492188,570.1657104492188,562.3685725285457,564.3178570087139,26122277
2023-12-19,570.1657104492188,573.0896371694712,565.2924992487981,573.0896371694712,28254292
2023-12-20,570.1657104492188,572.114994929387,568.2164259690504,572.114994929387,38121456
2023-12-21,562.3685913085938,564.3178758538576,560.41930676333,562.3685913085938,24923414
2023-12-22,567.2417602539062,567.2417602539062,564.3178336546594,567.2417602539062,18690214
2023-12-25,566.26708984375,570.1656584485262,565.2924476925559,567.2417319949441,9548143
2023-12-26,571.140380859375,571.140380859375,567.2418117067513,568.2164539949072,16094308
2023-12-27,576.9882202148438,576.9882202148438,571.1403666315853,572.1150088954616,33401336
2023-12-28,577.962890625,577.962890625,574.0643213796375,576.9882483136594,25514849
2023-12-29,577.962890625,577.962890625,574.0643213796375,574.0643213796375,18416318
2024-01-02,577.962890625,577.962890625,574.0643213796375,575.0389636909781,26059058
2024-01-03,563.3432006835938,570.1656961936027,561.3939162521626,569.1910539778871,37106763
2024-01-04,565.29248046875,566.2671226764547,562.3685538456358,565.29248046875,15309129
2024-01-05,561.3939819335938,565.292551252577,559.444697274102,563.3432665930853,18158971
2024-01-08,568.2164306640625,570.1657151603372,564.3178616715131,567.2417884159252,17761275
2024-01-09,571.140380859375,574.0643077238428,568.2164539949072,573.0896654356868,22501510
2024-01-10,569.1911010742188,571.1403856669386,565.2925318887789,566.2671741851389,13037716
2024-01-11,571.140380859375,574.0643077238428,568.2164539949072,571.140380859375,23997409
2024-01-12,569.1911010742188,573.0896702596585,566.2671741851389,566.2671741851389,16496053
2024-01-15,571.140380859375,575.0389500119987,570.1657385712191,575.0389500119987,21143076
2024-01-16,565.29248046875,573.089618130388,564.3178382610453,566.2671226764547,27223860
2024-01-17,566.26708984375,569.1910162973322,563.3431633901678,568.2163741461382,42592335
2024-01-18,573.089599609375,574.0642417855814,570.1656730807557,571.1403152569621,27209996
2024-01-19,610.1260375976562,611.1006798302403,598.4303308066469,609.1513953650722,161106401
2024-01-22,610.1260375976562,616.9485332257451,607.2021108999039,616.9485332257451,65168775
2024-01-23,612.0753173828125,613.0499596079444,606.2274640320213,613.0499596079444,41072439
2024-01-24,611.1006469726562,614.0245735131953,608.1767204321172,612.0752891528359,26635005
2024-01-25,625.7203369140625,625.7203369140625,616.9485564900336,618.8978410287067,52243347
2024-01-26,627.6696166992188,629.6189012231293,622.7964053894422,627.6696166992188,41153025
2024-01-29,631.5680541992188,631.5680541992188,627.6694859634212,629.61877008132,27825490
2024-01-30,625.7203369140625,630.5935482607453,625.7203369140625,625.7203369140625,36161825
2024-01-31,612.0753173828125,620.8470974089993,610.1260329325488,617.9231707336037,41277950
2024-02-01,612.0753173828125,612.0753173828125,603.3035373566257,609.1513907074169,44946369
2024-02-02,618.8978271484375,618.8978271484375,612.0753314160925,616.9485426534818,26334815
2024-02-05,629.6188354492188,630.5934776093569,621.8216981681139,628.6441932890807,44017740
2024-02-15,679.32568359375,691.0213912022507,675.4271143909164,691.0213912022507,112945296
2024-02-16,665.6806030273438,681.2748777688336,665.6806030273438,679.3255934261473,44232811
2024-02-19,660.8074340820312,664.7060030146687,656.9088651493939,656.9088651493939,34408673
2024-02-20,669.5792236328125,670.5538658797307,657.883516669794,657.883516669794,30166461
2024-02-21,663.7313232421875,665.6806075982586,660.807396708081,660.807396708081,30564485
2024-02-22,674.452392578125,677.3763191355447,667.6298972774792,677.3763191355447,33145643
2024-02-23,679.32568359375,685.1735373980003,678.3510412930416,683.2242527965835,46448923
2024-02-26,680.3002319335938,682.2495162657816,677.3763054353118,682.2495162657816,28798079
2024-02-27,680.3002319335938,683.2241584318756,673.4777367709358,682.2495162657816,33006829
2024-02-29,672.5031127929688,680.3002503325973,670.5538284080616,673.4777549854223,54368302
2024-03-01,671.5285034179688,679.3256413386418,670.5538611778846,679.3256413386418,23390635
2024-03-04,706.6156005859375,706.6156005859375,692.9706096780711,695.8945363011853,88861397
2024-03-05,711.4888305664062,719.2859684356271,709.539546099101,716.3620417346693,64403889
2024-03-06,716.3619995117188,719.2859260403379,698.8184403400031,699.7930825162096,43687122
2024-03-07,740.7280883789062,749.4998683728669,734.880235049599,735.8548772711503,71817344
2024-03-08,764.1194458007812,775.8151516038545,752.4237399977081,774.8405094535983,87139744
2024-03-11,746.5759887695312,758.2716961653986,741.7027773545865,748.5252733355092,64759810
2024-03-12,750.4744873046875,751.4491294959922,734.8802122438109,737.8041388177252,58110339
2024-03-13,759.2462768554688,765.0941300790025,757.2969924476241,765.0941300790025,36754557
2024-03-14,764.1194458007812,765.0940879510374,750.4744556971959,759.2462350495008,42010806
2024-03-15,733.9055786132812,757.2969914774496,733.9055786132812,751.4491382614075,73316437
2024-03-18,748.1036987304688,749.0828920534144,738.3117655010124,738.3117655010124,43589856
2024-03-19,746.145263671875,749.0828434501108,739.2909108559917,742.2284906342273,30152375
2024-03-20,742.2285766601562,752.9997037620847,736.3534164227408,748.1037368975717,41280325
2024-03-21,767.6875610351562,767.6875610351562,755.9372412233937,756.9164345410405,46026103
2024-03-22,768.666748046875,772.5835212853304,758.8748149507364,771.6043279757166,30660820
2024-03-25,763.770751953125,771.6042981270032,762.7915586813903,766.7083317683293,19877101
2024-03-26,765.7291870117188,775.5211203494645,759.8540270090713,771.6043470143662,40990702
2024-03-27,762.7915649414062,768.6667246200308,762.7915649414062,768.6667246200308,18794479
2024-03-28,752.9996948242188,759.8540483531779,752.0205014629389,757.8956616306181,27190918
2024-03-29,759.85400390625,760.8331972102529,752.0204574742268,752.9996507782297,9802000
2024-04-01,753.9788818359375,766.7083954253754,752.9996884829038,766.7083954253754,21041261
2024-04-02,773.5626831054688,773.5626831054688,766.7083302171924,767.6875234869461,37974481
2024-04-03,763.770751953125,768.666718311799,761.8123654096555,766.7083317683293,30890544
2024-04-08,766.7084350585938,775.5211756914512,766.7084350585938,772.5835954804987,32202226
2024-04-09,801.9594116210938,802.9386050418765,775.5211892599588,778.4587695223071,56857731
2024-04-10,798.0426025390625,801.9593760484566,793.1466356523198,798.0426025390625,27480849
2024-04-11,802.9385375976562,802.9385375976562,794.1257975508527,794.1257975508527,25200651
2024-04-12,800.9801635742188,808.8137104062405,800.0009702202161,805.8761303442324,31508936
2024-04-15,789.2297973632812,795.1049571451418,786.2922174723509,787.2714107693276,38913470
2024-04-16,771.6043090820312,786.2922083665877,768.66672922512,785.3130150809505,49508969
2024-04-17,787.271484375,791.1882579291045,776.5003571012127,781.3963240438433,34472074
2024-04-18,787.271484375,793.1466447061567,775.5211637126865,779.437937266791,43598591
2024-04-19,734.39501953125,753.97888671875,730.4782460937499,752.999693359375,130968654
2024-04-22,726.5614013671875,741.249300316659,724.6030148405913,724.6030148405913,46540798
2024-04-23,738.3118286132812,745.1661824598236,736.3534417999833,745.1661824598236,30423647
2024-04-24,766.7084350585938,768.6668218658954,752.9997274074823,753.9789208111331,39457128
2024-04-25,750.0620727539062,757.8956192056442,749.082879447439,753.9788459797752,28534926
2024-04-26,765.7291870117188,772.5835403481408,765.7291870117188,771.6043470143662,32571247
2024-04-29,778.458740234375,778.458740234375,770.6251931628341,773.562773314662,26765837
2024-04-30,773.5626831054688,785.3130023425138,773.5626831054688,780.417035993745,39051972
2024-05-02,755.937255859375,772.583542581667,755.937255859375,772.583542581667,40527228
2024-05-03,763.770751953125,771.6042981270032,756.9163990509816,771.6042981270032,29901556
2024-05-06,769.64599609375,776.500349748529,769.64599609375,774.5419629900207,32599878
2024-05-07,783.3546752929688,783.3546752929688,775.5211285400391,780.4170952606202,33890214
2024-05-08,785.3130493164062,785.3130493164062,775.5211160331593,777.4795026898087,21757193
2024-05-09,779.4378051757812,785.3129645112771,779.4378051757812,781.3961916209465,21923999
2024-05-10,785.3130493164062,790.2090159580297,781.3962760031075,786.292242644731,25101318
2024-05-13,801.9594116210938,807.8345721457904,800.980218200311,805.8761853042249,34812619
2024-05-14,807.83447265625,807.83447265625,794.1257664535985,799.0217329545455,28691846
2024-05-15,821.543212890625,826.4391795943832,819.5848262091217,820.5640195498734,39467772
2024-05-16,823.5015258789062,838.1894246757952,819.5847528664026,834.2726516632915,43927195
2024-05-17,817.6264038085938,830.3559166822604,816.6472105106193,830.3559166822604,26207289
2024-05-20,817.6264038085938,820.5639837025168,804.896890934927,816.6472105106193,28808661
2024-05-21,823.5015258789062,823.5015258789062,812.7304000945211,812.7304000945211,19705349
2024-05-22,846.0230102539062,847.0022035528112,825.4599509769016,827.4183375747116,36628342
2024-05-23,856.7941284179688,858.7525149972099,848.9605821010045,856.7941284179688,37266618
2024-05-24,848.9606323242188,853.8565990619593,840.1478921962856,840.1478921962856,34136382
2024-05-27,850.9190673828125,859.7318080116333,847.9814871732056,853.8566475924194,26726954
2024-05-28,847.0022583007812,854.8358051983607,847.0022583007812,848.9606450251762,25329216
2024-05-29,839.1686401367188,849.9397662061515,838.1894468576794,843.085413252876,33436835
2024-05-30,820.5639038085938,830.3558358349493,820.5639038085938,823.5014834165004,38065102
2024-05-31,803.917724609375,828.3975578800624,803.917724609375,820.5640112334424,77438401
2024-06-03,828.3975219726562,835.2518749913426,819.5847823772025,821.5431689539699,28345488
2024-06-04,821.543212890625,833.2935329796447,819.5848262091217,826.4391795943832,28223635
2024-06-05,836.2310791015625,839.1686590047295,817.6264063815044,823.5015661878385,31975446
2024-06-06,875.3988647460938,880.2948315511615,866.586124496972,874.4196713850803,62925136
2024-06-07,860.7109375,869.5236774744027,860.7109375,866.5860974829351,41075399
2024-06-11,864.6277465820312,876.3780670338822,864.6277465820312,873.4404869209194,48228488
2024-06-12,890.0867309570312,894.9826975739567,869.5236711659447,869.5236711659447,48106925
2024-06-13,903.3567504882812,919.084397939655,895.4929267625943,907.2886623511247,55857091
2024-06-14,906.3056640625,906.3056640625,889.5950390201328,900.4077964004881,38408123
2024-06-17,905.3226928710938,909.2546046750941,897.4588692630929,897.4588692630929,26292426
2024-06-18,926.9481811523438,933.829026611587,923.9992473840966,927.9311590750928,37876013
2024-06-19,964.3013305664062,967.2502642990253,936.7779490619624,936.7779490619624,72228052
2024-06-20,964.3013305664062,964.3013305664062,954.4715514576764,954.4715514576764,48225374
2024-06-21,953.4885864257812,961.3524098189836,943.6588071842783,944.6417851084286,88376132
2024-06-24,923.9992065429688,943.6587641289893,923.9992065429688,941.6928083703873,66391994
2024-06-25,928.9141845703125,928.9141845703125,907.2886691623264,909.254625108507,57368432
2024-06-26,943.6588134765625,943.6588134765625,934.8120121002197,934.8120121002197,44967166
2024-06-27,943.6588134765625,944.6417914072672,932.8460562388102,934.8120121002197,39729446
2024-06-28,949.556640625,954.4715300692287,938.7438838476967,939.7268617365424,39138210
2024-07-01,951.5226440429688,960.3694454855171,948.573710228786,951.5226440429688,19935737
2024-07-02,943.6588134765625,954.4715707143148,942.6758355458577,950.5396589914958,25427569
2024-07-03,962.3353881835938,962.3353881835938,950.5396530883914,959.3864544097931,24070411
2024-07-04,987.892822265625,992.807711928638,980.028998804804,982.9779326026119,41893299
2024-07-05,987.892822265625,992.807711928638,982.9779326026119,987.892822265625,19998094
2024-07-08,1017.382080078125,1032.1267479053442,982.9778551479469,987.8927444236866,40146763
2024-07-09,1022.2970581054688,1037.041727212759,1007.5523889981783,1012.4672787006084,46373121
2024-07-10,1027.2120361328125,1032.1269262578498,997.7226953825882,1002.6375855076257,46206302
2024-07-11,1061.6162109375,1061.6162109375,1037.0417616102432,1046.8715413411458,41724336
2024-07-12,1022.2970581054688,1027.211947807899,1007.5523889981783,1012.4672787006084,68983062
2024-07-15,1022.2970581054688,1027.211947807899,1007.5523889981783,1022.2970581054688,38393309
2024-07-16,1037.041748046875,1051.786417450385,1017.3821888421949,1022.2970786433649,32125609
2024-07-17,1012.4672241210938,1027.2118924335368,1002.6374452461316,1017.3821135585748,54022399
2024-07-18,987.892822265625,987.892822265625,969.2162415461753,971.1821974113806,81990095
2024-07-19,953.4885864257812,978.0630345295385,953.4885864257812,971.1821890604865,92507621
2024-07-22,923.0162963867188,948.5737231237312,922.0333184352952,947.5907451723076,83062356
2024-07-23,962.3353881835938,962.3353881835938,939.7268959177892,946.6077413899907,47213266
2024-07-26,908.2716064453125,914.1694740196327,899.4248050838322,899.4248050838322,82081735
2024-07-29,927.93115234375,931.8630640062235,920.067329018803,925.9651965125132,40809258
2024-07-30,923.9992065429688,932.846007456678,910.2375162327543,914.1694277499583,41761392
2024-07-31,918.1014404296875,923.99930835536,912.203572504015,913.186550491627,39894991
2024-08-01,943.6588134765625,952.5056148529053,931.8630783081054,952.5056148529053,47382270
2024-08-02,887.6290893554688,912.2035381194629,887.6290893554688,902.3737586138653,76144485
2024-08-05,801.1270141601562,842.4120872825201,799.1610582971865,837.4971976250959,144057989
2024-08-06,865.0205688476562,879.7652376348323,825.7014520818537,853.2248338179155,102930842
2024-08-07,904.3397827148438,904.3397827148438,877.7993760482125,885.6632002457329,59158704
2024-08-08,880.748291015625,889.5950930459159,871.9014889853341,885.6631810324533,38236391
2024-08-09,918.1014404296875,918.1014404296875,906.3057045783424,911.2205945164029,49494621
2024-08-12,923.9992065429688,931.8630295773769,915.1524056292594,925.9651623015708,38331663
2024-08-13,924.982177734375,928.9140892231503,921.0502662455998,928.9140892231503,25764381
2024-08-14,931.8630981445312,938.743943805936,928.9141642896435,934.812031999419,36780856
2024-08-15,926.9481811523438,933.829026611587,924.9822253068456,928.9141369978418,19476402
2024-08-16,952.505615234375,952.505615234375,941.6928579922924,946.6077476477844,44062316
2024-08-19,956.4375610351562,958.4035169673971,947.5907593400725,952.5056491706746,21348863
2024-08-20,956.4375610351562,960.3694728996378,951.5226712045542,960.3694728996378,24039959
2024-08-21,941.69287109375,947.5907387623956,939.7269152042015,944.6418049280728,29758188
2024-08-22,934.8120727539062,947.5907866821931,931.8631387704554,941.6929187152915,24349754
2024-08-23,932.8460083007812,935.7949419413527,923.0162294988763,927.9311188998288,27592153
2024-08-26,933.8290405273438,944.641797838713,928.9141508403577,940.7098860891242,25057581
2024-08-27,925.9652099609375,929.8971216805169,923.9992541011478,928.914143750622,18693037
2024-08-28,947.5906982421875,947.5906982421875,926.9481622846295,928.9141180901112,31059233
2024-08-29,926.9481811523438,930.8800928433399,921.0503136158495,925.9652032295946,43530708
2024-08-30,927.93115234375,935.794975668697,924.9822185968949,927.93115234375,63834981
2024-09-02,931.8630981445312,938.743943805936,926.948208386385,933.8290540477898,18646835
2024-09-03,923.9992065429688,935.7949410945811,923.0162286636677,931.8630295773769,19547575
2024-09-04,873.8673706054688,889.5950173205279,872.8843926857776,878.7822602039247,79709021
2024-09-05,886.6461181640625,899.4248316187552,884.6801622479559,891.5610079543289,30512026
2024-09-06,902.3737182617188,902.3737182617188,887.6290496626712,893.5269171022902,24458336
2024-09-09,883.6971435546875,884.6801214674291,875.8333202527548,876.8162981654964,35885268
2024-09-10,888.612060546875,895.4929061484548,885.6631267176266,891.5609943761235,33498628
2024-09-11,885.6630859375,890.5779754266093,884.6801080396782,890.5779754266093,18029342
2024-09-12,928.1198120117188,932.0692580202792,916.2714739860372,924.1703660031582,39454846
2024-09-13,935.0313720703125,942.93026433701,927.1324798036151,942.93026433701,25347586
2024-09-16,935.0313720703125,939.9681797369984,931.0819259369638,939.9681797369984,13626239
2024-09-18,929.107177734375,936.0187082807519,921.2082856813729,933.056623760876,28424324
2024-09-19,947.8670654296875,947.8670654296875,924.1703887939453,928.1198348999023,32739630
2024-09-20,960.7027587890625,969.5890124674813,958.7280357494138,968.601650947657,60133709
2024-09-23,964.6521606445312,964.6521606445312,958.7279917971748,958.7279917971748,14497067
2024-09-24,974.5257568359375,974.5257568359375,958.7279735437642,963.6647808225683,26785975
2024-09-25,992.2982788085938,992.2982788085938,985.3867485084344,987.361471451337,39405222
2024-09-26,1002.171875,1002.171875,992.2982604679803,997.2350677339901,38321585
2024-09-27,987.3614501953125,1012.0454864501953,987.3614501953125,1007.1086791992187,35783779
2024-09-30,944.9049072265625,977.4878350619612,944.9049072265625,965.6394976672708,61603217
2024-10-01,959.7153930664062,964.6522006439084,954.7785854889041,954.7785854889041,26760355
2024-10-04,964.6521606445312,973.5384139155658,954.7785458989373,973.5384139155658,40934818
2024-10-07,992.2982788085938,997.2350861658504,976.5004952653723,980.4499411511777,39667071
2024-10-08,997.235107421875,997.235107421875,984.3994080194152,987.361492496906,30845902
2024-10-09,1007.1087646484375,1021.9191876579733,1007.1087646484375,1016.9823799881281,46975717
2024-10-11,1031.792724609375,1036.7295319041568,1007.1086881354665,1012.0454954302483,43058754
2024-10-14,1031.792724609375,1041.6663391989384,1021.9191100198117,1031.792724609375,36858874
2024-10-15,1056.476806640625,1061.4136141482916,1036.7295766099592,1036.7295766099592,42850176
2024-10-16,1031.792724609375,1056.4767610832835,1021.9191100198117,1026.8559173145934,52652149
2024-10-17,1021.9191284179688,1041.6663579526155,1016.9823210343071,1036.7295505689538,54173771
2024-10-18,1071.2872314453125,1086.097653999856,1061.4136164089502,1081.160846481675,85011961
2024-10-21,1071.2872314453125,1081.160846481675,1066.3504239271315,1076.2240389634937,36491060
2024-10-22,1061.4136962890625,1061.4136962890625,1046.6032726199128,1051.5400805096294,41197877
2024-10-23,1046.603271484375,1056.4768872530954,1041.6664636000146,1046.603271484375,31423466
2024-10-24,1046.603271484375,1061.4136951374558,1041.6664636000146,1056.4768872530954,38236996
2024-10-25,1051.5399169921875,1056.4767241142165,1046.6031098701585,1051.5399169921875,22009575
2024-10-28,1036.7294921875,1066.3503348214285,1036.7294921875,1061.4135277157739,40142324
2024-10-29,1026.8558349609375,1026.8558349609375,1007.1086073655348,1021.9190280620868,45415773
2024-10-30,1016.9822998046875,1041.666336207714,1016.9822998046875,1026.8559143658981,38201984
2024-11-01,1012.0455322265625,1016.9823397008383,983.4120488757621,983.4120488757621,54480255
2024-11-04,1026.8558349609375,1031.792641859788,1012.0454142643855,1016.9822211632361,26747978
2024-11-05,1036.7294921875,1041.6662992931547,1016.9822637648809,1016.9822637648809,32385622
2024-11-06,1046.603271484375,1066.350503021816,1026.8560399469338,1036.7296557156544,55349259
2024-11-07,1051.5399169921875,1061.4135312362457,1036.7294956261003,1036.7294956261003,43975446
2024-11-08,1076.223876953125,1076.223876953125,1066.3502634030963,1071.2870701781105,37099479
2024-11-11,1071.2872314453125,1076.2240389634937,1056.476808890769,1066.3504239271315,34690205
2024-11-12,1036.7294921875,1051.5399135044643,1036.7294921875,1046.6031063988096,51099848
2024-11-13,1021.9191284179688,1036.7295505689538,1021.9191284179688,1031.7927431852922,42331232
2024-11-14,1021.9191284179688,1026.8559358016305,1012.0455136506454,1016.9823210343071,44627940
2024-11-15,1021.9191284179688,1031.7927431852922,1016.9823210343071,1026.8559358016305,34791611
2024-11-18,1012.0455322265625,1021.9191471751143,1007.1087247522865,1016.9823397008383,31815076
2024-11-19,1026.8558349609375,1031.792641859788,1012.0454142643855,1016.9822211632361,24349599
2024-11-20,1012.0455322265625,1012.0455322265625,1012.0455322265625,1012.0455322265625,40203197
2024-11-21,997.235107421875,1012.0455298093286,997.235107421875,1007.108722346844,41429227
2024-11-22,1026.8558349609375,1036.7294487586387,1021.9190280620868,1021.9190280620868,25187973
2024-11-25,1016.9822998046875,1036.7295289271087,1016.9822998046875,1031.7927216465034,49566674
2024-11-26,997.235107421875,1007.108722346844,997.235107421875,1002.1719148843596,27312402
2024-11-27,987.3614501953125,1007.1086791992187,987.3614501953125,997.2350646972657,31276090
2024-11-28,992.2982788085938,992.2982788085938,979.4625796797263,992.2982788085938,33689956
2024-11-29,983.4119873046875,997.2350473672033,981.4372644386139,982.4246258716507,40094983
2024-12-02,1021.9191284179688,1026.8559358016305,1002.171898883322,1007.1087062669837,31168404
2024-12-03,1041.6663818359375,1051.539996829643,1041.6663818359375,1046.6031893327902,43414538
2024-12-04,1056.476806640625,1056.476806640625,1041.6663841176255,1051.5399991329584,33466290
2024-12-05,1061.4136962890625,1066.350504178779,1056.4768883993459,1056.4768883993459,31425359
2024-12-06,1051.5399169921875,1066.3503383582747,1046.6031098701585,1061.4135312362457,30765288
2024-12-09,1061.4136962890625,1061.4136962890625,1051.5400805096294,1056.4768883993459,22247131
2024-12-10,1051.5399169921875,1061.4135312362457,1046.6031098701585,1056.4767241142165,28506584
2024-12-11,1031.792724609375,1046.60314649372,1031.792724609375,1031.792724609375,25264194
2024-12-12,1050.6243896484375,1055.5801650713074,1045.6686142255674,1050.6243896484375,22791260
2024-12-13,1055.580078125,1060.5358531396714,1045.6685280956572,1050.6243031103286,20423659
2024-12-16,1075.4031982421875,1075.4031982421875,1065.491648027974,1075.4031982421875,39722392
2024-12-17,1065.49169921875,1085.314800599564,1065.49169921875,1080.3590252543606,37880707
2024-12-18,1075.4031982421875,1080.3589733492945,1060.535872920867,1065.491648027974,41863190
2024-12-19,1060.535888671875,1060.535888671875,1045.668563129746,1055.5801134911653,42702851
2024-12-20,1025.845458984375,1050.6243348052537,1025.845458984375,1050.6243348052537,52030520
2024-12-23,1070.447509765625,1070.447509765625,1050.6244077329284,1055.5801832411025,30728473
2024-12-24,1070.447509765625,1085.3148362901477,1070.447509765625,1085.3148362901477,26461906
2024-12-25,1075.4031982421875,1080.3589733492945,1070.4474231350807,1080.3589733492945,15481622
2024-12-26,1075.4031982421875,1080.3589733492945,1075.4031982421875,1075.4031982421875,14374900
2024-12-27,1080.35888671875,1085.314661428469,1070.447337299312,1070.447337299312,24948385
2024-12-30,1080.35888671875,1085.314661428469,1075.403112009031,1080.35888671875,23954634
2024-12-31,1065.49169921875,1075.403249909157,1065.49169921875,1070.4474745639536,28397820
2025-01-02,1055.580078125,1065.4916281543426,1045.6685280956572,1060.5358531396714,43177098
2025-01-03,1065.49169921875,1075.403249909157,1065.49169921875,1070.4474745639536,30415096
2025-01-06,1115.0494384765625,1115.0494384765625,1085.3147867838543,1090.2705620659722,69289786
2025-01-07,1120.005126953125,1149.739776341261,1120.005126953125,1139.8282265452156,48758688
2025-01-08,1095.226318359375,1120.0051943403564,1095.226318359375,1100.1820935555713,45211419
2025-01-09,1090.2705078125,1105.137832919034,1090.2705078125,1090.2705078125,27263215
2025-01-10,1090.2705078125,1100.1820578835227,1090.2705078125,1090.2705078125,22021522
2025-01-13,1065.49169921875,1105.137901980378,1060.5359238735466,1100.1821266351744,56690300
2025-01-14,1080.35888671875,1080.35888671875,1065.4915625895928,1075.403112009031,28695247
2025-01-15,1055.580078125,1075.4031781836854,1055.580078125,1075.4031781836854,35489482
2025-01-16,1095.226318359375,1105.1378687517677,1080.3589927707862,1085.3147679669826,47542962
2025-01-17,1110.0936279296875,1115.0494030543737,1085.3147523062569,1115.0494030543737,59214050
2025-01-20,1110.0936279296875,1124.9609533037458,1110.0936279296875,1115.0494030543737,29834528
2025-01-21,1110.0936279296875,1115.0494030543737,1100.1820776803152,1105.1378528050013,21904213
2025-01-22,1124.9609375,1139.8282626651983,1124.9609375,1129.9167125550662,42960405
2025-02-03,1060.535888671875,1065.4916638525847,1050.6243383104556,1055.5801134911653,97946226
2025-02-04,1085.314697265625,1090.2704721389841,1070.447372645548,1075.403147518907,53308108
2025-02-05,1100.1820068359375,1110.0935564470722,1095.2262320303703,1100.1820068359375,40385340
2025-02-06,1105.1378173828125,1110.0935923486547,1095.226267451128,1110.0935923486547,29971252
2025-02-07,1115.0494384765625,1115.0494384765625,1095.2263373480903,1100.1821126302084,27883220
2025-02-10,1095.226318359375,1115.04941914416,1085.3147679669826,1115.04941914416,28527108
2025-02-11,1100.1820068359375,1105.1377816415047,1090.270457224803,1100.1820068359375,18898928
2025-02-12,1090.2705078125,1105.137832919034,1090.2705078125,1100.1820578835227,24172954
2025-02-13,1080.35888671875,1085.314661428469,1070.447337299312,1080.35888671875,33210403
2025-02-14,1050.6243896484375,1060.5359404941773,1050.6243896484375,1055.5801650713074,64486940
2025-02-17,1075.4031982421875,1075.4031982421875,1055.5800978137602,1055.5800978137602,35491271
2025-02-18,1090.2705078125,1090.2705078125,1070.4474076704546,1075.403182705966,21616188
2025-02-19,1080.35888671875,1085.314661428469,1075.403112009031,1080.35888671875,26400293
2025-02-20,1070.447509765625,1075.4032852737992,1060.5359587492767,1070.447509765625,29643124
2025-02-21,1085.314697265625,1085.314697265625,1070.447372645548,1075.403147518907,28972910
2025-02-24,1065.49169921875,1075.403249909157,1065.49169921875,1070.4474745639536,30822970
2025-02-25,1045.6685791015625,1050.624354357968,1040.712803845157,1045.6685791015625,45158522
2025-02-26,1050.6243896484375,1050.6243896484375,1035.7570633798275,1035.7570633798275,36768449
2025-02-27,1030.8011474609375,1055.5800211979792,1030.8011474609375,1055.5800211979792,55283596
2025-03-03,1010.9781494140625,1010.9781494140625,991.1550484451593,991.1550484451593,65621663
2025-03-04,991.1549682617188,1001.0665179443359,987.190348388672,987.190348388672,64569262
2025-03-05,1010.9781494140625,1020.8896998985141,1006.0223741718368,1010.9781494140625,41994320
2025-03-06,996.1107788085938,1015.9338788843867,996.1107788085938,1010.9781038654384,45187017
2025-03-07,996.1107788085938,1001.066553827542,991.1550037896455,996.1107788085938,40822280
2025-03-10,989.1727294921875,996.1108147691867,983.2257992547595,996.1108147691867,46849886
2025-03-11,962.4114990234375,970.340738974197,954.482259072678,960.4291890357476,50204233
2025-03-12,979.2611694335938,986.1992546421315,967.3673090761007,971.331929195265,34184887
2025-03-13,956.4645385742188,996.1107370643418,956.4645385742188,991.1549622530764,37035693
2025-03-14,950.5177001953125,960.4292507708632,946.5530799650923,956.4646305406429,34333748
2025-03-17,961.4203491210938,976.2876741075024,959.4380391229059,968.3584341147512,31491061
2025-03-18,966.8971557617188,973.8675780998568,963.9098319025168,971.8760288603888,21575327
2025-03-19,947.9774169921875,962.9140359574005,945.9858677968257,960.9224867620387,35245036
2025-03-20,980.8380126953125,980.8380126953125,966.8971678448207,973.8675902700667,28715956
2025-03-21,967.8929443359375,982.8295638472946,965.9013950677567,980.8380145791136,39214916
2025-03-24,967.8929443359375,982.8295638472946,967.8929443359375,981.8337892132041,16121506
2025-03-25,985.81689453125,990.7957677359533,980.8380213265467,984.8211198903093,26167428
2025-03-26,975.859130859375,990.7957502092634,975.859130859375,990.7957502092634,21735917
2025-03-27,953.9520874023438,959.9267351313772,953.9520874023438,956.9394112668605,34563256
2025-03-28,947.9774169921875,950.9647407852301,942.0027694061023,942.0027694061023,33101234
2025-03-31,906.1549072265625,920.0957519531249,906.1549072265625,916.1126534598214,51064611
2025-04-01,940.01123046875,942.0027796858448,921.0915129063493,925.0746113405389,32197752
2025-04-02,938.0197143554688,947.9774607923633,934.0366157807109,944.9901368612949,24849656
2025-04-07,844.4168701171875,844.4168701171875,844.4168701171875,844.4168701171875,23820773
2025-04-08,812.5521240234375,839.4380398918601,793.6324054493624,793.6324054493624,116648736
2025-04-09,781.68310546875,822.5098663913217,776.7042321855096,805.5816972283042,107582838
2025-04-10,859.353515625,859.353515625,859.353515625,859.353515625,19416428
2025-04-11,885.24365234375,885.24365234375,832.4675965797244,844.4168922244094,76103586
2025-04-14,861.3450317382812,899.1844666585756,861.3450317382812,891.2182698332505,66326054
2025-04-15,873.2943725585938,875.2859218688756,861.3450766969027,870.307048593171,30562095
2025-04-16,851.3873291015625,865.3281742564419,848.4000051398026,863.336624948602,42128082
2025-04-17,843.4210815429688,852.3830528934844,838.4422085704601,845.4126307319723,33684502
2025-04-18,846.408447265625,854.3746444163603,846.408447265625,849.3957711971507,20101219
2025-04-21,831.4718017578125,843.4210971124159,828.4844779191617,840.4337732737649,18415705
2025-04-22,812.5521240234375,825.497194626752,812.5521240234375,822.5098706413718,28888527
2025-04-23,869.311279296875,869.311279296875,844.4169127648911,849.395786071288,37863656
2025-04-24,860.3493041992188,882.2563466672544,855.3704309110288,882.2563466672544,32238198
2025-04-25,884.2478637695312,897.1929338472384,882.256314526807,896.1971592258762,34640282
2025-04-28,893.2098388671875,894.2056134924575,889.2267403661075,894.2056134924575,21830091
2025-04-29,898.188720703125,898.188720703125,889.2267489887922,893.2098475284956,24362874
2025-04-30,904.1633911132812,904.1633911132812,895.2014191749337,897.1929684945665,35405654
2025-05-02,945.9859008789062,945.9859008789062,928.0619574938322,934.0366052888569,43873135
2025-05-05,934.03662109375,952.9563394314698,919.1000013534448,951.9605647821162,52770209
2025-05-06,916.1126708984375,926.0704173212465,912.1295723293139,912.1295723293139,37538894
2025-05-07,924.078857421875,928.0619559452451,907.1506886975518,921.0915335293473,36907620
2025-05-08,914.12109375,935.0323606004902,914.12109375,929.0577129289215,27985917
2025-05-09,944.9901123046875,944.9901123046875,930.0534930374901,934.0365915087427,36383573
2025-05-12,952.956298828125,957.9351718627547,947.9774257934953,949.9689750073471,23402547
2025-05-13,964.9056396484375,985.8169073807566,964.9056396484375,985.8169073807566,38047856
2025-05-14,994.7788696289062,994.7788696289062,983.8253485419012,985.8168978304476,40475123
2025-05-15,988.80419921875,995.7746215697382,988.80419921875,995.7746215697382,24662270
2025-05-16,993.7830810546875,993.7830810546875,984.8211093818496,986.8126586424802,16878650
2025-05-19,979.8422241210938,989.7999703011861,975.8591256490568,988.8041956831769,19906139
2025-05-20,973.8676147460938,989.8000092613672,973.8676147460938,986.8126852897534,20897857
2025-05-21,985.81689453125,994.7788662997159,978.8464720446655,981.8337959674874,26248757
2025-05-22,977.8507080078125,983.8253559182472,974.8633840525952,983.8253559182472,18747545
2025-05-23,979.8422241210938,988.8041956831769,970.8802525590106,988.8041956831769,22213030
2025-05-26,971.8760375976562,979.8422346271452,970.8802629689701,970.8802629689701,19329052
2025-05-27,960.9224853515625,970.8802313137548,956.9393869666856,966.8971329288779,26355315
2025-05-28,962.9140625,980.8380057523267,962.9140625,979.8422311271975,26471533
2025-05-29,962.9140625,981.833780377456,962.9140625,981.833780377456,48602590
2025-06-02,942.0028076171875,956.9394271882846,942.0028076171875,953.9521032740652,33676511
2025-06-03,945.9859008789062,960.9225203664679,945.9859008789062,955.9436472039473,26020787
2025-06-04,985.81689453125,985.81689453125,965.901401712437,969.8845002761996,37233567
2025-06-05,993.7830810546875,995.7746303153181,986.8126586424802,995.7746303153181,24414444
2025-06-06,990.7957763671875,992.787325666418,986.8126777687265,992.787325666418,13670307
2025-06-09,1000.7534790039062,1005.7323520337765,995.7746059740361,1000.7534790039062,21674308
2025-06-10,1040.58447265625,1045.5633457311603,1015.6901072816986,1020.6689803566089,44877640
2025-06-11,1060.5,1065.4788732394366,1050.5422535211267,1060.5,37178498
2025-06-12,1045.0,1060.0,1045.0,1055.0,25221606
2025-06-13,1030.0,1040.0,1025.0,1040.0,28393455
2025-06-16,1025.0,1030.0,1015.0,1030.0,28580673
2025-06-17,1045.0,1050.0,1035.0,1040.0,26517379
2025-06-18,1055.0,1055.0,1030.0,1040.0,37931721
2025-06-19,1035.0,1045.0,1030.0,1045.0,24002557
2025-06-20,1055.0,1055.0,1025.0,1030.0,57831332
2025-06-23,1020.0,1030.0,1015.0,1025.0,32143872
2025-06-24,1050.0,1050.0,1040.0,1045.0,28163537
2025-06-25,1070.0,1070.0,1055.0,1060.0,38783736
2025-06-26,1075.0,1080.0,1065.0,1075.0,36056692
2025-06-27,1080.0,1080.0,1060.0,1070.0,32549027
2025-06-30,1060.0,1080.0,1060.0,1075.0,32413717
2025-07-01,1085.0,1095.0,1075.0,1080.0,44299887
2025-07-02,1085.0,1085.0,1070.0,1075.0,23822731
2025-07-03,1090.0,1105.0,1090.0,1105.0,36973556
2025-07-04,1085.0,1100.0,1080.0,1095.0,20363322
2025-07-07,1080.0,1085.0,1070.0,1080.0,18829372
2025-07-08,1080.0,1080.0,1065.0,1070.0,27461252
2025-07-09,1090.0,1090.0,1065.0,1070.0,23618216
2025-07-10,1100.0,1100.0,1090.0,1095.0,22350503
2025-07-11,1100.0,1100.0,1090.0,1095.0,28249780
2025-07-14,1095.0,1100.0,1085.0,1100.0,25760632
2025-07-15,1110.0,1115.0,1090.0,1095.0,45416390
2025-07-16,1130.0,1130.0,1120.0,1120.0,31013743
2025-07-17,1130.0,1135.0,1115.0,1130.0,30648595
2025-07-18,1155.0,1160.0,1145.0,1155.0,46645034
2025-07-21,1150.0,1150.0,1135.0,1145.0,26749324
2025-07-22,1130.0,1160.0,1130.0,1145.0,50457506
2025-07-23,1145.0,1145.0,1135.0,1140.0,29747757
2025-07-24,1145.0,1155.0,1145.0,1150.0,15055463
2025-07-25,1145.0,1155.0,1140.0,1150.0,22476546
2025-07-28,1145.0,1160.0,1145.0,1155.0,20606376
2025-07-29,1135.0,1145.0,1125.0,1145.0,31763255
2025-07-30,1155.0,1160.0,1145.0,1150.0,34182363
2025-07-31,1160.0,1165.0,1155.0,1160.0,33230751
2025-08-04,1135.0,1135.0,1125.0,1130.0,23939021
2025-08-05,1150.0,1150.0,1140.0,1145.0,17012960
2025-08-06,1125.0,1135.0,1125.0,1130.0,22023406
2025-08-07,1180.0,1180.0,1155.0,1160.0,61370031
2025-08-08,1175.0,1185.0,1170.0,1180.0,25958258
2025-08-11,1180.0,1195.0,1165.0,1170.0,35579367
2025-08-12,1180.0,1190.0,1170.0,1180.0,28917167
2025-08-13,1200.0,1200.0,1185.0,1185.0,37809952
2025-08-14,1175.0,1190.0,1175.0,1185.0,32991791
2025-08-15,1180.0,1185.0,1170.0,1175.0,22231552
2025-08-18,1180.0,1185.0,1170.0,1170.0,18219895
2025-08-19,1185.0,1185.0,1175.0,1180.0,17867547
2025-08-20,1135.0,1165.0,1135.0,1165.0,66982023
