Price,Close,High,Low,Open,Volume
Ticker,2454.TW,2454.TW,2454.TW,2454.TW,2454.TW
Date,,,,,
2001-07-23,27.404462814331055,27.404462814331055,27.404462814331055,27.404462814331055,463095
2001-07-24,29.15750503540039,29.250373465973684,28.42197206321458,28.97547829546279,238341541
2001-07-25,31.189498901367188,31.189498901367188,29.157503691011527,29.157503691011527,94092605
2001-07-26,33.3106575012207,33.3106575012207,32.01790803786969,32.29651624427656,64114300
2001-07-27,33.21779251098633,34.696284778853816,33.032052725753175,34.14277843015323,60369077
2001-07-30,33.21779251098633,33.21779251098633,33.21779251098633,33.21779251098633,0
2001-07-31,35.524688720703125,35.524688720703125,33.03205492462641,33.217794722223864,77956786
2001-08-01,34.04991149902344,35.896167527711356,33.6784290269758,35.803299073456536,61392002
2001-08-02,35.06406021118164,35.24980004339454,33.95704723378027,33.95704723378027,61392002
2001-08-03,35.71043014526367,36.26393655602768,35.06405527397462,35.43181899366924,52895123
2001-08-06,36.81744384765625,36.81744384765625,35.06405611288903,35.33895137863552,48605439
2001-08-07,36.17106246948242,36.910308630286764,35.71042743915961,36.53882904631767,38953644
2001-08-08,36.81744384765625,36.81744384765625,35.71043099964273,36.17106607589283,35422904
2001-08-09,36.26393508911133,37.370947865859456,36.171063747333385,36.63170167893903,32073649
2001-08-10,35.896175384521484,36.35681340448201,35.61756707576691,36.263942044890435,24187224
2001-08-13,35.617557525634766,36.449672105816575,35.338946406574074,36.17106098675588,23774757
2001-08-14,36.17106246948242,36.17106246948242,34.60341470152002,35.8032987776566,27965449
2001-08-15,36.26393508911133,36.63170167893903,35.80330004251521,35.896168499283625,18742625
2001-08-16,35.156917572021484,36.263930199506866,35.156917572021484,35.98531909674876,26464060
2001-08-17,35.43181610107422,35.43181610107422,34.41767470787372,35.24979220229947,31694177
2001-08-20,37.09233856201172,37.73871343915683,35.06405559164916,35.06405559164916,70796311
2001-08-21,37.645843505859375,38.01732310681977,36.724573403075325,37.37094825494754,44513739
2001-08-22,36.17106246948242,37.64584178395726,36.17106246948242,37.278075207122015,43045344
2001-08-23,35.985328674316406,36.81744631228698,35.43182221325686,36.44967967416482,41609948
2001-08-24,35.06406021118164,35.710435173483745,34.87831749395868,35.710435173483745,35785877
2001-08-27,35.617557525634766,35.71042597531545,35.06405117950434,35.52468619094476,22405355
2001-08-28,34.78544235229492,35.89616812471798,34.60341556291297,35.89616812471798,24649193
2001-08-29,35.33894729614258,36.078193445252346,34.324805913043285,34.60341415410792,77016358
2001-08-30,36.21931457519531,36.21931457519531,36.21931457519531,36.21931457519531,6212299
2001-08-31,37.38359832763672,38.03083828141882,36.99674558383355,37.38359832763672,46870035
2001-09-03,36.736358642578125,37.770454155266904,36.47969518878343,37.643979963889336,14385935
2001-09-04,37.77045440673828,37.77045440673828,37.12321449480979,37.38359591023535,19445003
2001-09-05,36.34949493408203,37.900634968460395,36.34949493408203,37.900634968460395,14478530
2001-09-06,35.05501937866211,36.21930681901938,34.66816384788982,36.21930681901938,14284920
2001-09-07,35.95893859863281,35.95893859863281,34.020942121539825,34.020942121539825,8535596
2001-09-10,36.0891227722168,36.21931782691418,35.05503003270272,35.57207784688878,7862178
2001-09-11,33.63407897949219,36.08911991231612,33.63407897949219,36.08911991231612,23317168
2001-09-12,33.63407897949219,33.63407897949219,33.63407897949219,33.63407897949219,0
2001-09-13,31.305511474609375,31.305511474609375,31.305511474609375,31.305511474609375,1346838
2001-09-14,29.233600616455078,30.397885327075468,29.233600616455078,29.233600616455078,32500935
2001-09-17,29.233600616455078,29.233600616455078,29.233600616455078,29.233600616455078,0
2001-09-18,29.233600616455078,29.233600616455078,29.233600616455078,29.233600616455078,0
2001-09-19,30.397886276245117,30.397886276245117,28.32969818969585,28.32969818969585,20640323
2001-09-20,29.363792419433594,30.011032347362836,29.363792419433594,29.363792419433594,11818520
2001-09-21,28.45988655090332,28.716549964344555,28.45988655090332,28.45988655090332,12534029
2001-09-24,30.141225814819336,30.39788928784095,28.71655663044032,28.846748791468,19083039
2001-09-25,30.784744262695312,32.20941052770995,30.784744262695312,31.69236563256243,34066637
2001-09-26,32.85665512084961,32.85665512084961,31.045130084788266,31.822559406461462,26524331
2001-09-27,33.373687744140625,33.50388276150803,31.692358395535933,32.33959530112521,16069484
2001-09-28,32.59626388549805,33.8907407910638,32.07921902632539,33.63407734139622,20463550
2001-10-01,32.59626388549805,32.59626388549805,32.59626388549805,32.59626388549805,0
2001-10-02,30.65826988220215,32.59626595959917,30.397888456128996,32.59626595959917,13493653
2001-10-03,30.011030197143555,30.65826718984198,29.493982461619765,29.493982461619765,8990156
2001-10-04,30.91493034362793,32.07921794979836,30.784741087673172,32.07921794979836,17492086
2001-10-05,31.04512596130371,31.43198159044603,30.141225432500697,31.04512596130371,10177060
2001-10-08,30.784744262695312,30.914933532077296,30.39788863692978,30.39788863692978,7845341
2001-10-09,31.692365646362305,31.82255491580098,31.045125703835208,31.045125703835208,7550722
2001-10-10,31.692365646362305,31.692365646362305,31.692365646362305,31.692365646362305,0
2001-10-11,33.11330795288086,33.634073602863964,32.339596841183344,32.46978897589346,26566419
2001-10-12,32.85665512084961,33.760555769710756,32.33960726365554,33.634084442522806,24680844
2001-10-15,33.373687744140625,33.76054328156676,32.07921393296207,32.33959530112521,19714371
2001-10-16,33.373687744140625,33.50388276150803,32.856642967061525,33.24349850448767,7045655
2001-10-17,32.339603424072266,33.37369612682742,31.949029829296055,33.37369612682742,32930241
2001-10-18,32.986839294433594,33.243502736019984,31.822551685849763,31.94902587121154,12988589
2001-10-19,33.24350357055664,33.890740574780146,32.46979237779639,32.986840122527035,20766591
2001-10-22,35.31541061401367,35.31541061401367,33.63407807302557,33.76054937626285,28494086
2001-10-23,35.31541061401367,35.70226622127775,34.53798143956713,35.70226622127775,20581399
2001-10-24,36.0891227722168,36.34950710389546,35.05503003270272,35.315414364381375,23275079
2001-10-25,37.38359832763672,37.38359832763672,35.83245783682984,36.21931635834888,29159087
2001-10-26,39.97255325317383,39.97255325317383,38.16102853191761,38.16102853191761,61053947
2001-10-29,39.4517936706543,39.97256240607585,38.93474867377734,39.84237022222047,18089746
2001-10-30,37.643985748291016,38.93474491311346,37.513796465868914,38.547889248599404,21599946
2001-10-31,38.41770553588867,38.93475348552337,37.38360963661926,37.38360963661926,18603229
2001-11-01,40.876461029052734,41.00665320629673,39.58198384446547,39.84236819895346,32888152
2001-11-02,42.427581787109375,42.687966019274725,40.8764418262219,41.653870786111774,46482820
2001-11-05,42.94464111328125,44.62597075983771,42.42759335571787,42.8181669216055,35447148
2001-11-06,42.29740524291992,43.59188229595617,42.04074176401251,43.46169013194293,23232991
2001-11-07,42.68797302246094,43.33520997245076,41.523685482207824,42.8181622710449,20951779
2001-11-08,41.65388107299805,42.55778441330724,41.52368892476298,42.55778441330724,13089601
2001-11-09,42.170921325683594,43.335205866772256,40.74625253438159,41.39349231190783,28283641
2001-11-12,42.81816482543945,43.33521255769073,42.29739913346414,42.29739913346414,19133546
2001-11-13,42.68797302246094,43.33520997245076,42.2973966101368,42.68797302246094,17441579
2001-11-14,44.108924865722656,44.62596972240845,43.461684971624,43.59187712017919,33317455
2001-11-15,46.18083572387695,46.567691361116744,44.23911872840711,44.23911872840711,32736630
2001-11-16,45.1467399597168,46.05064044628777,44.756163499836454,46.05064044628777,21743049
2001-11-19,46.567684173583984,47.21492114627022,45.53358873451001,45.79025217003344,24790275
2001-11-20,45.533592224121094,47.73197252389813,45.2732108090099,47.21492476473555,21515770
2001-11-21,47.21493148803711,47.34512365856065,44.88636159355017,44.88636159355017,20606653
2001-11-22,49.283111572265625,50.44739639030216,46.30730489356549,47.21492624834339,40986027
2001-11-23,51.22483444213867,52.25893011336079,49.54350165292954,49.54350165292954,31154093
2001-11-26,54.07046127319336,54.71769849996902,52.00227536084155,52.51932328335884,40363113
2001-11-27,54.20064163208008,54.457305098643104,52.38911397037844,54.457305098643104,32004286
2001-11-28,52.389122009277344,54.070454882363265,52.00226921445962,54.070454882363265,16843919
2001-11-29,53.293025970458984,53.293025970458984,51.09464533797126,51.61169317538568,17643605
2001-11-30,52.389122009277344,53.29302844321676,52.00226921445962,53.29302844321676,15623343
2001-12-03,56.01216506958008,56.01216506958008,53.29302174371493,53.29302174371493,27736488
2001-12-04,56.268821716308594,57.04625374111635,54.97434195782627,55.62158472592503,18594810
2001-12-05,60.148536682128906,60.148536682128906,57.81996692064904,58.080351246823064,42736921
2001-12-06,64.28863525390625,64.28863525390625,62.99416107730474,64.28863525390625,24756605
2001-12-07,66.8775863647461,68.55891900091287,64.80568013928686,65.84349078765194,40464128
2001-12-10,63.64140319824219,66.8775946733737,63.51492898327488,65.96997318277458,27113575
2001-12-11,67.91167449951172,68.04186375577004,63.25452984168594,63.64138831731228,29352695
2001-12-12,69.46281433105469,71.14414684138777,67.91167685921896,67.91167685921896,33233278
2001-12-13,67.26445007324219,70.88750025511983,64.67921648667256,70.88750025511983,42837932
2001-12-14,65.969970703125,67.00406636982228,64.9358750364277,65.1962593777566,32492516
2001-12-17,66.48700714111328,67.26443340482965,64.67920045889173,65.32272239215912,18392784
2001-12-18,65.06607055664062,67.91168830714439,64.8056862134681,67.78149324669995,23973754
2001-12-19,65.06607055664062,67.13425612696236,65.06607055664062,65.32273405047764,18948355
2001-12-20,65.84349060058594,67.00406037363744,64.80567995516935,65.32272774224745,18864178
2001-12-21,61.82986068725586,65.19624033952215,61.573191492470876,64.80566683044002,43275654
2001-12-24,62.73748779296875,63.38472478013633,61.70339233075784,62.73748779296875,18897848
2001-12-25,67.0040512084961,67.0040512084961,63.64138640567784,63.901770688088355,24916540
2001-12-26,67.91167449951172,70.49690738121986,67.91167449951172,69.20614847579769,35775439
2001-12-27,68.55891418457031,72.43862697289664,67.26443437964795,68.2985298840957,40506216
2001-12-28,71.66118621826172,71.66118621826172,68.68909510491943,69.85337972936577,35118856
2001-12-31,76.0616683959961,76.0616683959961,72.17824064570395,73.60290967200214,37921967
2002-01-01,76.0616683959961,76.0616683959961,76.0616683959961,76.0616683959961,0
2002-01-02,77.2259521484375,77.48261558972044,73.86328724945903,75.93147817401709,37004432
2002-01-03,73.73310852050781,76.83538957255263,73.08587144088943,76.31834176759249,27290347
2002-01-04,74.63703155517578,76.0617011958295,74.3803679999533,74.63703155517578,22786850
2002-01-07,75.4144515991211,76.31835228118824,73.86330797055557,75.02759301552568,21330578
2002-01-08,78.26004791259766,78.90728490230453,75.93147846691596,75.93147846691596,30808967
2002-01-09,77.09576416015625,78.90728589550547,76.44852138458738,78.7770966372939,22626912
2002-01-10,78.26004791259766,78.26004791259766,75.28423569949389,75.93147846691596,26019267
2002-01-11,74.2501449584961,78.12985177087234,72.95566521971553,78.12985177087234,32004286
2002-01-14,76.19187927246094,76.708927156874,72.43864549266266,72.43864549266266,27719653
2002-01-15,79.55451202392578,79.81117543436179,76.19184752908713,76.19184752908713,41937235
2002-01-16,84.5985336303711,85.11558145133405,81.75291596818104,84.08148580940815,44555154
2002-01-17,83.82109832763672,83.82109832763672,80.84529149847206,82.78700850224718,31061500
2002-01-18,88.22156524658203,89.64251335989445,82.91718378117066,84.08146846156689,34866323
2002-01-21,91.84089660644531,93.39576074868765,88.60842653283859,88.60842653283859,30135546
2002-01-22,97.01509857177734,97.14528207093822,90.55015203047688,91.84090536260635,35329299
2002-01-23,90.55014038085938,97.79251235792718,90.28975608288872,95.72432714663559,45775727
2002-01-24,91.45403289794922,92.48812830267782,87.96117893728754,90.55013251976075,35649174
2002-01-25,91.97110748291016,96.62824745837949,91.84091241831479,95.46396246451215,46735351
2002-01-28,89.51232147216797,92.35793864712416,89.38585306435458,90.93699048393754,24899705
2002-01-29,89.90290069580078,90.93699622596198,88.6084266364059,88.86509009453725,22130264
2002-01-30,88.22156524658203,89.77270261172123,87.9611809652135,88.60841793132501,21372667
2002-01-31,84.72870635986328,88.34803462196122,83.17384812916521,88.22156621719537,60220588
2002-02-01,84.08148193359375,86.01947807170797,84.08148193359375,85.89300387035411,31036247
2002-02-04,85.24575805664062,87.31394903301704,84.08147330911984,84.08147330911984,25564707
2002-02-05,88.22156524658203,88.22156524658203,85.2457531419631,85.2457531419631,29487379
2002-02-06,91.84089660644531,92.35794437092159,90.02937478408717,90.55014339737697,37703106
2002-02-07,91.84089660644531,91.84089660644531,91.84089660644531,91.84089660644531,0
2002-02-08,91.84089660644531,91.84089660644531,91.84089660644531,91.84089660644531,0
2002-02-11,91.84089660644531,91.84089660644531,91.84089660644531,91.84089660644531,0
2002-02-12,91.84089660644531,91.84089660644531,91.84089660644531,91.84089660644531,0
2002-02-13,91.84089660644531,91.84089660644531,91.84089660644531,91.84089660644531,0
2002-02-14,91.84089660644531,91.84089660644531,91.84089660644531,91.84089660644531,0
2002-02-15,91.84089660644531,91.84089660644531,91.84089660644531,91.84089660644531,0
2002-02-18,89.38585662841797,94.03927485042678,89.38585662841797,94.03927485042678,26103444
2002-02-19,88.60842895507812,91.32385711615429,88.60842895507812,89.90290304834632,22652166
2002-02-20,88.60842895507812,90.28976155893325,88.60842895507812,88.60842895507812,30590106
2002-02-21,84.98539733886719,89.7727326942111,84.85520804341449,89.6425433987584,38940514
2002-02-22,84.46832275390625,84.72870124470516,81.49251079620025,82.13975350807299,27315601
2002-02-25,81.75292205810547,85.11558779174959,81.62273276971978,85.11558779174959,19318738
2002-02-26,83.95130920410156,86.01949502245276,83.4342613050845,84.08149850244273,31953782
2002-02-27,88.09138488769531,88.348048363356,84.21167751564093,84.21167751564093,35447148
2002-02-28,88.09138488769531,88.09138488769531,88.09138488769531,88.09138488769531,0
2002-03-01,87.83100128173828,89.51233397018616,86.1496685932904,87.70453285626694,27812246
2002-03-04,92.10127258300781,92.48813104803006,90.02936664139791,91.58422486529582,51878596
2002-03-05,93.78260040283203,95.72431699680159,92.74851079569044,93.39574773444204,46508071
2002-03-06,93.78260040283203,93.78260040283203,91.71441541083409,91.71441541083409,29007569
2002-03-07,91.84089660644531,95.20356172223227,91.19365957750438,94.16947197099528,30716371
2002-03-08,90.55014038085938,93.13537333940269,90.55014038085938,92.4881363320233,17744616
2002-03-11,94.1694564819336,94.42983496803569,91.32383959867208,91.32383959867208,27113575
2002-03-12,93.78260040283203,94.6865007636502,92.61831577165226,94.42983734158364,13931375
2002-03-13,94.68649291992188,97.532115416696,93.13535574884665,93.52220838519018,41171218
2002-03-14,96.24137878417969,96.24137878417969,94.03927759734165,94.16947264044744,23931665
2002-03-15,94.56005859375,98.56995551422806,94.42986353359962,97.40567633782686,39967480
2002-03-18,94.1694564819336,95.59411956995051,93.91279306631841,95.33374108384841,17677274
2002-03-19,90.93699645996094,92.48813975919414,90.67661215234168,92.48813975919414,30413333
2002-03-20,92.10127258300781,92.48813104803006,88.99527120597395,90.41994017718214,30329153
2002-03-21,91.19367980957031,93.65244498408218,91.19367980957031,92.10130134651943,22172353
2002-03-22,92.61831665039062,93.39574862055647,91.84088468022478,92.74851167566406,22997292
2002-03-25,91.97110748291016,93.1353924767775,91.84091241831479,93.00520318989867,16296763
2002-03-26,98.30958557128906,98.30958557128906,92.87873394942423,92.87873394942423,73301773
2002-03-27,95.2035903930664,100.50796819310474,95.2035903930664,100.25131043569571,45295917
2002-03-28,99.86070251464844,100.12108103273363,95.46394205302391,95.85079475920843,37492661
2002-03-29,98.1793441772461,99.34363446186094,96.62820704324913,99.34363446186094,25522619
2002-04-01,97.92272186279297,98.95681751007288,96.88862621551304,98.05290536443846,11380798
2002-04-02,99.4738540649414,101.28538765523754,98.82662273779079,98.82662273779079,29579975
2002-04-03,96.36785888671875,100.37776732392774,95.72434262398096,99.86071949307629,37947221
2002-04-04,92.23148345947266,96.36785435639798,91.84090407886895,96.36785435639798,43713379
2002-04-05,92.23148345947266,92.23148345947266,92.23148345947266,92.23148345947266,0
2002-04-08,90.6766128540039,93.1353775112454,90.5501444369009,92.23147701409621,20034244
2002-04-09,91.45403289794922,92.61831755150311,90.55013251976075,92.23146487567895,17643605
2002-04-10,91.84089660644531,92.61832867756648,90.93699611967301,90.93699611967301,12761309
2002-04-11,92.61831665039062,93.78260129261683,92.48812740283199,92.74851167566406,18131834
2002-04-12,94.56005859375,94.94691136944137,91.19367216450428,92.23148868551489,20253108
2002-04-15,91.84089660644531,95.59413529334184,91.84089660644531,94.56004554210485,28797123
2002-04-16,92.4881362915039,93.78261030569557,92.10127780454931,92.4881362915039,13695679
2002-04-17,94.0392837524414,94.94690515388557,93.26557247399217,94.42985735189156,29116999
2002-04-18,91.45403289794922,93.91279723159715,90.93698519558492,93.91279723159715,29184341
2002-04-19,90.41992950439453,92.35792511608486,89.25564495370809,91.45402481775824,32181059
2002-04-22,85.1155776977539,89.5123328512206,84.33814557598407,89.25566937666795,56491524
2002-04-23,85.37594604492188,86.92708337142463,82.91718171583169,84.46832482004929,32829226
2002-04-24,85.63260650634766,86.41003267800244,84.21165847763032,85.11555882284499,19537599
2002-04-25,83.3040542602539,85.37596048700301,83.3040542602539,84.46833910859844,20084751
2002-04-26,82.13976287841797,82.656804848445,80.84528308471543,82.13976287841797,26010848
2002-04-29,81.62272644042969,83.04739569178749,80.58863080165924,81.49253138442313,18081327
2002-04-30,84.46832275390625,84.5985119993057,81.88308431011332,82.9171796876305,31751756
2002-05-01,84.46832275390625,84.46832275390625,84.46832275390625,84.46832275390625,0
2002-05-02,79.29415130615234,85.6326295267324,78.77710926136932,85.24577098330765,33309039
2002-05-03,81.10567474365234,81.49252748853688,78.90729429291828,78.90729429291828,45312751
2002-05-06,75.54462432861328,79.94138495932117,75.54462432861328,79.55452646054417,35312464
2002-05-07,77.7430191040039,78.51673046775103,75.41444909149169,75.54463837975581,35413475
2002-05-08,73.08586883544922,78.9072930508137,72.30843673117128,78.9072930508137,52324737
2002-05-09,72.56880950927734,75.67108995741482,70.49690362137677,75.67108995741482,63141548
2002-05-10,76.19187927246094,76.31835349516517,71.27435465145567,72.56883478732664,50270808
2002-05-13,72.95567321777344,75.28424288572802,72.43863121300058,75.0275794189553,25556291
2002-05-14,70.75729370117188,73.98976970541304,70.49691515992478,73.47272191647677,40329444
2002-05-15,72.17826080322266,73.08588234529051,71.14416503901548,71.14416503901548,49799414
2002-05-16,69.07596588134766,71.14415123063058,67.1342489519409,71.14415123063058,70380814
2002-05-17,68.55891418457031,70.4969101543708,68.2985298840957,68.55891418457031,47745482
2002-05-20,67.78147888183594,68.9457635918373,65.58309871697037,67.39462618725616,36120569
2002-05-21,67.65129089355469,68.94576488293391,67.39462744930576,67.78148015112983,28426744
2002-05-22,68.81558227539062,69.33263006247029,68.04187101925922,68.55891880633888,30522764
2002-05-23,67.3946304321289,68.81557867107173,66.23034564879467,68.81557867107173,21541023
2002-05-24,70.4969253540039,70.62711464345324,67.78149674603942,68.04188110265474,45127560
2002-05-27,69.33262634277344,70.24024766934319,68.81557858343339,69.59300486911624,16322017
2002-05-28,68.42872619628906,70.37044321488709,67.9116841685052,69.46282180728878,20202601
2002-05-29,67.52482604980469,68.16834806263243,67.26444172091165,68.04187385845934,9074333
2002-05-30,64.80567932128906,68.42872308894248,64.54901585474859,68.29853382006023,42299196
2002-05-31,63.38473129272461,64.67920540006304,63.25453624557017,64.03196834639382,20463550
2002-06-03,62.73748779296875,64.93586219573751,62.090245028086,62.090245028086,28595097
2002-06-04,64.93587493896484,64.93587493896484,62.220452272207254,62.220452272207254,30101876
2002-06-05,64.93587493896484,65.84349639408643,64.28863782478135,65.58311205314834,19335573
2002-06-06,63.90177917480469,65.32272748251769,63.90177917480468,64.93586896713344,11650166
2002-06-07,59.631492614746094,63.38473145462518,59.50501841622429,62.73749439930276,39159375
2002-06-10,60.27873229980469,61.31282791602084,59.24463668358853,60.148537246637765,25084897
2002-06-11,56.138641357421875,61.05616532420173,56.138641357421875,60.5391175085765,32273655
2002-06-12,54.20064163208008,55.621589931669135,53.29302026561707,54.97434710299353,34226575
2002-06-13,57.8199577331543,57.950152764411534,54.45729867720041,54.97434062058278,52324737
2002-06-14,57.8199577331543,57.8199577331543,56.268820347577055,57.04625235347389,19722787
2002-06-17,57.69350814819336,59.11445674375314,57.69350814819336,58.46721955797963,20749753
2002-06-18,58.210567474365234,59.37485277864402,57.95018305346965,59.114468357748436,23594955
2002-06-19,56.52921676635742,58.08035448488595,55.62159531209772,57.819970144195125,20783426
2002-06-20,57.950172424316406,57.950172424316406,55.10455434635379,56.01217591370825,19259812
2002-06-21,60.02206039428711,61.70339285803312,56.65567461818992,56.91605891025441,52711955
2002-06-24,60.66930389404297,60.925967365030594,59.24463472095405,60.02206683192544,34184483
2002-06-25,60.02206039428711,61.312819308794005,59.244628366698834,61.056155865334695,28704528
2002-06-26,55.88197326660156,58.46721239886026,55.88197326660156,58.08035385247822,33569989
2002-06-27,55.104549407958984,56.91607153055807,55.104549407958984,55.88197583021494,20236270
2002-06-28,55.36493682861328,56.65569032320308,55.23474175763322,56.65569032320308,22963623
2002-07-01,51.6116943359375,55.10454928745523,51.6116943359375,55.10454928745523,19714371
2002-07-02,50.32093048095703,51.61168955939132,49.413309080925515,49.413309080925515,17138538
2002-07-03,52.25893020629883,52.9061673254369,47.34512400116678,49.543501741038426,32374669
2002-07-04,53.293025970458984,54.07045237353346,51.35502968134767,52.51931463900655,30733206
2002-07-05,52.389122009277344,53.29302844321676,50.44740478073335,52.775980581811694,35657590
2002-07-08,56.01216506958008,56.01216506958008,53.1665475425378,53.29302174371493,41768878
2002-07-09,58.467201232910156,58.59739048811657,55.62158408396238,56.39901032208219,53528475
2002-07-10,56.655677795410156,58.34073120225823,56.26882507308172,57.17644640874355,22433305
2002-07-11,52.775970458984375,55.10454003570896,52.775970458984375,55.10454003570896,48376814
2002-07-12,54.45730209350586,55.10453910874901,52.90615883290467,52.90615883290467,53520059
2002-07-15,54.45730209350586,55.88196538570157,53.036353872329514,54.45730209350586,39218301
2002-07-16,53.293025970458984,55.751785168606766,53.293025970458984,55.10454804836231,27635473
2002-07-17,50.447391510009766,53.03635098549281,49.800154529996554,52.775966698531604,41979323
2002-07-18,49.93035125732422,51.61168374519407,49.5434927734244,50.83797255510972,29680989
2002-07-19,48.76607131958008,49.41330838536738,47.86216789249195,48.63587626998802,24950212
2002-07-22,48.76607131958008,49.67369270683562,47.34512009858082,47.47159429914753,34740058
2002-07-23,50.060543060302734,50.060543060302734,48.76606899055118,49.02644752186807,30733206
2002-07-24,47.47160339355469,49.156654330146516,47.34512916875859,48.89626995879495,29159087
2002-07-25,47.86216354370117,49.93035164257066,47.86216354370117,49.41330389563887,40775585
2002-07-26,45.016544342041016,46.05063690232376,44.625967912218634,45.27320778006291,33772015
2002-07-29,48.118831634521484,48.118831634521484,45.27321410527088,45.53359553933997,53511641
2002-07-30,51.48148727416992,51.48148727416992,50.32092341023419,50.32092341023419,63806550
2002-07-31,51.741878509521484,52.5193106309824,50.964446388060566,51.481494186016356,43065212
2002-08-01,51.6116943359375,52.12874218497837,50.70778792361324,51.48149927246351,24217868
2002-08-02,54.07046127319336,54.07046127319336,50.577605825314556,50.70779512957293,36027973
2002-08-05,50.32093048095703,52.25892663428935,50.32093048095703,51.481494507966595,28973896
2002-08-06,50.060543060302734,50.96444355536335,47.862165606632765,47.862165606632765,38443866
2002-08-07,52.645774841308594,53.29301763807272,52.002258671016584,52.25892212492515,38494373
2002-08-08,54.20064163208008,56.01216351606597,52.38911397037844,53.03635679905405,67367258
2002-08-09,56.268821716308594,56.655674415558934,55.23472624895948,56.268821716308594,50775872
2002-08-12,55.104549407958984,56.529218744145204,54.974354344200286,56.13864510830212,21995580
2002-08-13,54.84788131713867,55.2347340711742,54.45730771398433,54.974349743165966,18830506
2002-08-14,58.5974006652832,58.5974006652832,54.717687387094834,54.84788244262859,58132987
2002-08-15,58.5974006652832,60.2787333956236,58.5974006652832,59.89187485593362,70439737
2002-08-16,58.85776901245117,60.0220536090561,57.819952810119,58.7275739922793,39942226
2002-08-19,54.84788131713867,58.85778379086062,54.847881317138665,58.85778379086062,46937377
2002-08-20,54.33082962036133,55.23473011657871,53.68359258465726,54.84787739024035,37038101
2002-08-21,55.104549407958984,55.23473869400118,54.33083805741675,54.457312271745224,29655736
2002-08-22,56.91605758666992,58.210537319678835,55.621583631376105,56.26882060902302,43957494
2002-08-23,56.91605758666992,58.5973900113165,56.91605758666992,57.950153033669594,38039813
2002-08-26,57.046268463134766,57.9501691293307,56.01217272891498,56.52922059602487,26776864
2002-08-27,56.52921676635742,58.467213035480306,55.36493182070693,57.30292808982982,35304045
2002-08-28,56.138641357421875,56.26883063476553,54.33083442732438,56.26883063476553,53107588
2002-08-29,55.78424072265625,57.240818150927346,54.50739525840836,57.240818150927346,59572768
2002-08-30,54.50740051269531,55.600768611898296,53.960719371095976,55.600768611898296,14267227
2002-09-02,53.960723876953125,54.14045587330981,52.320668683197724,54.14045587330981,11913694
2002-09-03,55.05408477783203,55.963975344408524,54.1404487046598,54.69087532611896,20859701
2002-09-04,55.2375602722168,56.51065442875811,54.3239242318729,54.3239242318729,21190398
2002-09-05,56.14745330810547,57.60403081811943,55.9639758273677,56.14745330810547,32038989
2002-09-06,56.14745330810547,56.14745330810547,56.14745330810547,56.14745330810547,0
2002-09-09,59.974239349365234,59.974239349365234,56.69413514250898,57.60403154441409,37403158
2002-09-10,62.89112854003906,63.437809567655336,59.24781553258519,60.52091534769532,44218962
2002-09-11,62.89112854003906,63.437809567655336,61.61802872492894,62.527919146292135,23939051
2002-09-12,64.71468353271484,65.08163859488104,62.34446929126914,62.34446929126914,42797391
2002-09-13,62.344459533691406,64.53494140887587,61.61804635436776,63.804782722482635,32773396
2002-09-16,59.611045837402344,62.344463566350626,59.24783631624447,62.344463566350626,21211872
2002-09-17,63.43782424926758,63.43782424926758,60.15771987643592,60.15771987643592,35676661
2002-09-18,60.88787841796875,62.16471809441252,60.88787841796875,61.07135007645811,18875518
2002-09-19,62.344459533691406,63.804782722482635,61.79777834966507,62.1647275383941,28903808
2002-09-20,61.98124694824219,61.981246948242195,59.61103901184433,60.52092964820589,17703044
2002-09-23,60.520912170410156,62.344438423401286,60.341180235971414,62.344438423401286,14967275
2002-09-24,58.15445327758789,61.98123828848102,57.424288913580796,60.52092119247416,37111114
2002-09-25,54.14045715332031,57.24082980176989,54.14045715332031,56.330939093204236,31360417
2002-09-26,54.323936462402344,55.78425392674348,53.77724942809667,55.05409519457291,44824524
2002-09-27,54.50740051269531,55.96397808137443,54.32392884057211,55.600768611898296,24278340
2002-09-30,55.05408477783203,55.05408477783203,51.95371261319802,53.414029801233674,15332330
2002-10-01,54.69087600708008,55.054085463315495,53.5937624410932,53.77723992253209,14116911
2002-10-02,55.2375602722168,57.05734133998228,55.23756027221679,55.963973333537766,33220053
2002-10-03,53.77724838256836,55.23757163452327,53.77724838256836,54.32393540624543,13421157
2002-10-04,51.59051513671875,54.14046127178924,51.043833894959214,53.23056467800276,25498054
2002-10-07,48.12691116333008,50.313646783075136,48.12691116333008,49.76696578614026,25326262
2002-10-08,49.22028732299805,49.766974228676396,47.39676076727002,48.126919327645105,31411953
2002-10-09,47.0335578918457,49.76698116944788,47.0335578918457,49.03681669123635,25021334
2002-10-10,47.0335578918457,47.0335578918457,47.0335578918457,47.0335578918457,0
2002-10-11,44.66333770751953,47.9434445895825,44.11665371184268,47.9434445895825,30157880
2002-10-14,44.296390533447266,45.57323613486199,43.74970647781558,45.21002666137949,19622806
2002-10-15,47.39676284790039,47.39676284790039,45.75670787487371,45.75670787487371,11419795
2002-10-16,50.6768684387207,50.6768684387207,50.6768684387207,50.6768684387207,7790712
2002-10-17,54.14045715332031,54.14045715332031,52.86735693636248,54.14045715332031,78547065
2002-10-18,57.24082946777344,57.42430115848416,53.59376982442582,56.330938764516944,81514752
2002-10-21,58.88086700439453,59.06434447412125,56.147449938521326,56.330927408248044,56845586
2002-10-22,57.24082946777344,59.9742470847013,56.87761996150056,59.61104339443331,47680545
2002-10-23,61.07135772705078,61.07135772705079,56.69413960038526,56.69413960038526,72676113
2002-10-24,63.07461166381836,64.35145721752147,61.434562466208874,63.258089147113765,91521568
2002-10-25,61.07135772705078,62.16472588197472,59.974244065157066,61.25108971755902,46881718
2002-10-28,59.247825622558594,62.52792979487108,59.24782562255859,61.98124285815028,43037898
2002-10-29,58.70113754272461,59.24782446879953,57.7875014775618,58.334188403636716,37158356
2002-10-30,58.334190368652344,59.974239570114996,57.78750342416201,58.8808714971385,40950639
2002-10-31,59.247825622558594,60.88788061671688,59.064348141439716,59.427557597041634,47577471
2002-11-01,58.15445327758789,59.79450233482675,57.97097580999619,59.42755321564703,32515709
2002-11-04,56.3309440612793,59.97425272404161,55.23757574849845,59.97425272404161,49492939
2002-11-05,57.24082946777344,57.240829467773445,55.78425175152843,56.69414245478493,48045602
2002-11-06,60.704402923583984,60.88788040406205,56.694134347437945,57.787502401056784,65783007
2002-11-07,59.064353942871094,61.618045270813035,59.064353942871094,61.07135828039544,42312083
2002-11-08,58.88086700439453,60.52092189672145,58.5176633873481,58.5176633873481,37553476
2002-11-11,55.78424072265625,58.517663615175245,55.78424072265625,58.517663615175245,36561384
2002-11-12,56.3309440612793,56.69414778569909,54.69088868410531,54.69088868410531,29346168
2002-11-13,54.50740051269531,56.510659222973764,53.777241882968454,56.330933057629466,43690705
2002-11-14,54.323936462402344,56.14746344717913,54.323936462402344,55.417304715008555,33061145
2002-11-15,54.69087600708008,55.78424406642459,54.507398525641186,55.78424406642459,41431654
2002-11-18,54.323936462402344,55.23757270844294,53.047090695926094,54.69088567413727,24617626
2002-11-19,53.960723876953125,55.05409206745512,53.593768870056415,54.32393337675817,23019971
2002-11-20,52.320655822753906,54.32392002391099,52.320655822753906,53.96071061338301,25064283
2002-11-21,51.9537239074707,53.59377342459705,51.77399189583991,53.2305638939255,32283791
2002-11-22,54.870609283447266,55.417296234089385,53.77724119816726,53.96071868395837,55222163
2002-11-25,53.77724838256836,54.6908846108462,53.047089664593415,54.6908846108462,22581904
2002-11-26,51.9537239074707,54.32393799335012,51.9537239074707,53.77725094363781,28336898
2002-11-27,50.8603401184082,51.22728922861373,50.31365323536272,51.04381758151273,22053647
2002-11-28,51.9537239074707,52.13719561050617,50.86035562405137,51.59051437679915,34456945
2002-11-29,53.23056411743164,53.41404163724279,52.50040536161805,52.6838828814292,34834887
2002-12-02,53.77724838256836,53.77724838256836,52.500402640916334,53.230561358891286,15839113
2002-12-03,54.50740051269531,55.600768611898296,53.777241882968454,53.777241882968454,42470989
2002-12-04,53.23056411743164,54.69088744506414,53.23056411743164,54.14046070163601,16066737
2002-12-05,53.960723876953125,54.50740506420173,53.41403687369972,53.41403687369972,20288497
2002-12-06,54.870609283447266,55.60076790387625,54.14045066301827,54.507399818596255,34633032
2002-12-09,54.69087600708008,56.69413464433022,54.69087600708008,56.33093100409891,33318832
2002-12-10,53.414031982421875,54.14045091551168,52.68387335858767,53.96071893561357,21753013
2002-12-11,53.04707717895508,54.140445152959266,52.68386775106914,53.414026297187384,20790986
2002-12-12,51.2273063659668,53.414042997682735,50.67687960851946,53.23056547319847,24518845
2002-12-13,51.0438232421875,51.95371383007577,50.676868275283766,51.0438232421875,30849339
2002-12-16,51.40702438354492,51.5905018580638,50.676865807974366,50.676865807974366,12300222
2002-12-17,51.59051513671875,52.86736095798657,51.59051513671875,52.50040591449986,24359940
2002-12-18,52.50040054321289,52.867355549156635,51.953719357383996,52.32066854732295,23621239
2002-12-19,53.960723876953125,55.23756957090348,52.50040067955441,52.50040067955441,47362732
2002-12-20,55.9639892578125,56.33094430735128,53.414043080686575,54.69088892301299,58967204
2002-12-23,54.69087600708008,56.51065716289133,54.69087600708008,56.33093100409891,25901763
2002-12-24,53.960723876953125,55.96398275450877,53.960723876953125,54.87061456400677,21156040
2002-12-25,53.04707717895508,54.140445152959266,53.04707717895508,53.777235725073325,13597244
2002-12-26,55.05408477783203,55.05408477783203,53.414029801233674,53.77723925294674,16599288
2002-12-27,53.414031982421875,54.690877559447785,53.04708282513257,54.690877559447785,20722268
2002-12-30,51.9537239074707,52.867360179259244,51.77399189583991,52.867360179259244,12600856
2002-12-31,51.9537239074707,52.50040514117772,51.77399189583991,51.77399189583991,12819890
2003-01-01,51.9537239074707,51.9537239074707,51.9537239074707,51.9537239074707,0
2003-01-02,52.320655822753906,53.04707464380988,51.95370672205827,52.1371783644044,11707544
2003-01-03,53.77724838256836,54.140457895942546,52.68388015121923,53.59377087226547,27383458
2003-01-06,53.5937614440918,54.323925849621794,53.230551994613144,54.14044837159613,23303426
2003-01-07,53.23056411743164,55.2375744970719,53.23056411743164,54.14046070163601,31506438
2003-01-08,53.23056411743164,53.777251169439396,52.32067334923259,53.23056411743164,23947641
2003-01-09,53.04707717895508,54.32392262007725,53.04707717895508,53.23054883006941,25399275
2003-01-10,53.414031982421875,54.87060953934589,53.414031982421875,54.32392840215847,31145678
2003-01-13,56.3309440612793,56.69414778569909,53.777252387781814,53.777252387781814,62570518
2003-01-14,55.05408477783203,56.51065645927196,54.87060729867763,56.51065645927196,31407659
2003-01-15,54.14045715332031,55.78425207702584,54.14045715332031,55.23757087685239,20778101
2003-01-16,52.867347717285156,54.14044771223815,52.68387024149399,53.7772382671829,25059988
2003-01-17,52.13718032836914,53.230548291307024,52.13718032836914,52.867344683100825,18617832
2003-01-20,52.50040054321289,52.50040054321289,51.590509858522196,51.953719357383996,11235119
2003-01-21,52.683876037597656,53.593766687598524,52.13718905660657,52.8673535335744,19670049
2003-01-22,51.59051513671875,53.23056467800276,51.227305600697186,52.86736095798657,17303631
2003-01-23,51.773983001708984,52.68387360977959,51.773983001708984,51.773983001708984,15585722
2003-01-24,51.773983001708984,53.04708307805624,51.773983001708984,52.86735109730118,19558385
2003-01-27,51.59051513671875,51.773992658462106,50.86035637321586,51.59051513671875,16277181
2003-01-28,51.2273063659668,51.9537254488617,51.2273063659668,51.59051590741425,13330968
2003-01-29,51.2273063659668,51.2273063659668,51.2273063659668,51.2273063659668,0
2003-01-30,51.2273063659668,51.2273063659668,51.2273063659668,51.2273063659668,0
2003-01-31,51.2273063659668,51.2273063659668,51.2273063659668,51.2273063659668,0
2003-02-03,51.2273063659668,51.2273063659668,51.2273063659668,51.2273063659668,0
2003-02-04,51.2273063659668,51.2273063659668,51.2273063659668,51.2273063659668,0
2003-02-05,51.2273063659668,51.2273063659668,51.2273063659668,51.2273063659668,0
2003-02-06,47.75996780395508,51.40702386233552,47.75996780395508,51.22729189614002,19090255
2003-02-07,47.58022689819336,47.943436268806245,45.940175195800386,47.7599588306201,20279908
2003-02-10,47.58022689819336,47.943436268806245,46.850068467210924,47.21327492982244,9195104
2003-02-11,47.58022689819336,48.310388237177165,47.396752368008585,48.310388237177165,11389732
2003-02-12,46.66661071777344,47.580246972407224,46.66661071777344,47.03356284096229,8563771
2003-02-13,46.66661071777344,47.21329484921837,46.486878709517356,46.486878709517356,12630919
2003-02-14,47.58022689819336,48.12691079899102,46.850068467210924,47.21327492982244,18746674
2003-02-17,48.85707473754883,49.220284149105694,48.12691622425686,49.220284149105694,14576452
2003-02-18,47.0335578918457,48.67361011360563,47.0335578918457,48.67361011360563,12858542
2003-02-19,46.66661071777344,47.7599789806633,46.486878709517356,47.7599789806633,12184264
2003-02-20,47.39676284790039,47.75996939082045,46.666601347470674,46.666601347470674,10814233
2003-02-21,47.213287353515625,47.94344888463395,47.213287353515625,47.75997139816759,5621853
2003-02-24,47.58022689819336,47.943436268806245,47.033542997395706,47.396752368008585,8422045
2003-02-25,46.486873626708984,47.2132896869847,46.486873626708984,47.2132896869847,7700523
2003-02-26,46.85007858276367,47.2132851237963,46.48686913372906,46.85007858276367,7077782
2003-02-27,46.66661071777344,46.85008823336916,46.30340410192423,46.66661071777344,4977638
2003-02-28,46.66661071777344,46.66661071777344,46.66661071777344,46.66661071777344,0
2003-03-03,49.58349609375,49.766973561992614,47.39676013233787,47.759966654448284,27950368
2003-03-04,49.22028732299805,49.40376479369854,48.49012585462107,48.85707788802019,14692410
2003-03-05,47.94344711303711,48.857080280857154,47.75996963335057,48.673605709172634,8087053
2003-03-06,47.58022689819336,48.490117261602535,47.58022689819336,48.310388237177165,7331173
2003-03-07,47.58022689819336,48.857069229973455,46.850068467210924,47.21327492982244,7975388
2003-03-10,48.4901237487793,48.673601211511695,47.58023326364182,47.75996522011373,7949620
2003-03-11,48.4901237487793,49.03680772271424,47.75996522011373,47.75996522011373,6171584
2003-03-12,49.7669677734375,49.95043940433626,48.857071550803305,49.22028093866952,12901490
2003-03-13,48.67361068725586,49.95045343843122,48.12692660689285,49.58350425753253,13550001
2003-03-14,48.67361068725586,49.95045343843122,48.67361068725586,49.95045343843122,18441745
2003-03-17,48.12691116333008,49.03680153362747,48.12691116333008,48.31038860290521,5604674
2003-03-18,49.7669677734375,50.676858180068685,49.40375838557129,49.58349032653573,24351350
2003-03-19,49.03681945800781,49.76698397741692,48.85708745852317,49.03681945800781,9212283
2003-03-20,50.13017654418945,50.49713147604907,49.40376350912536,49.766972934659215,25691319
2003-03-21,49.95044708251953,50.313656526216846,49.40376597972092,49.95044708251953,7825072
2003-03-24,49.95044708251953,50.49713400132204,49.76697542341824,50.130179051111654,9212283
2003-03-25,49.22028732299805,49.583496757975894,49.036809852297544,49.22028732299805,7511552
2003-03-26,48.67361068725586,49.58350425753253,48.67361068725586,49.22029476761887,8018335
2003-03-27,49.22028732299805,49.40376479369854,48.49012585462107,48.67360332532157,6059920
2003-03-28,49.403770446777344,49.403770446777344,48.85708347854376,49.220292955082236,5939668
2003-03-31,47.75996780395508,49.220287848292124,47.75996780395508,49.220287848292124,7387005
2003-04-01,47.94344711303711,48.12692168472163,47.396763088586106,47.58023766027062,6618240
2003-04-02,47.94344711303711,48.12692168472163,47.21328560889956,48.12692168472163,5458653
2003-04-03,48.67361068725586,49.40377226607053,48.67361068725586,49.22029476761887,14271522
2003-04-04,49.03681945800781,49.2202969646493,48.310406261760455,48.49013535324264,8967481
2003-04-07,51.59051513671875,51.773992658462106,49.036823494183125,49.220301015926474,33361779
2003-04-08,51.40702438354492,51.773979332582684,50.86034328249325,51.40702438354492,15276498
2003-04-09,52.13718032836914,52.500389752578926,50.860340716173894,51.2272898306922,16887038
2003-04-10,51.0438232421875,52.32066298097534,51.0438232421875,52.13718549752347,11570111
2003-04-11,51.40702438354492,51.953711300600474,50.676865807974366,51.043820757012135,14335945
2003-04-14,50.6768684387207,51.773982020282574,50.6768684387207,51.590504536238974,6717019
2003-04-15,50.8603401184082,51.40702118545016,50.67686265530368,50.8603401184082,5617558
2003-04-16,52.13718032836914,52.867344683100825,51.40702178964104,51.40702178964104,20593426
2003-04-17,52.50040054321289,52.50040054321289,51.590509858522196,52.137191044351084,10943075
2003-04-18,53.5937614440918,54.323925849621794,53.414029472638816,53.5937614440918,25197420
2003-04-21,54.50740051269531,54.50740051269531,53.23055492536481,53.59376439484094,16831206
2003-04-22,53.23056411743164,54.32393822144716,53.23056411743164,54.32393822144716,15701682
2003-04-23,54.14045715332031,55.417302877458376,53.960725152714325,54.32393466110652,20709383
2003-04-24,52.683876037597656,53.77724418357526,52.683876037597656,53.77724418357526,17488305
2003-04-25,50.6768684387207,52.68387261110531,50.31365897732904,51.953713997630636,18566293
2003-04-28,49.403770446777344,49.76697992331582,47.396766190695224,49.03681546338713,14430429
2003-04-29,51.9537239074707,51.9537239074707,49.95045904366751,50.1301910552983,23642712
2003-04-30,51.9537239074707,53.77725094363781,51.77399189583991,53.77725094363781,19932030
2003-05-01,51.9537239074707,51.9537239074707,51.9537239074707,51.9537239074707,0
2003-05-02,52.50040054321289,52.50040054321289,51.590509858522196,51.953719357383996,9547275
2003-05-05,52.13718032836914,52.683867217839875,51.77397672016294,52.32065779363008,7103550
2003-05-06,52.683876037597656,52.8673535335744,52.13718905660657,52.13718905660657,7971093
2003-05-07,52.867347717285156,53.23055134633648,52.500392765702834,53.23055134633648,7932441
2003-05-08,52.13718032836914,52.867344683100825,51.40702178964104,52.867344683100825,9542980
2003-05-09,52.50040054321289,52.68387804618476,52.137191044351084,52.137191044351084,4853091
2003-05-12,52.50040054321289,53.230559232013654,52.32066854732295,52.50040054321289,8611013
2003-05-13,53.23056411743164,53.59377364962825,53.047092413625805,53.23056411743164,10917306
2003-05-14,52.867347717285156,53.23055134633648,52.867347717285156,53.23055134633648,4578223
2003-05-15,52.50040054321289,52.867355549156635,52.32066854732295,52.68387804618476,4530981
2003-05-16,52.50040054321289,53.230559232013654,52.50040054321289,52.867355549156635,6884516
2003-05-19,52.320655822753906,52.320655822753906,51.95370672205827,52.1371783644044,3075055
2003-05-20,52.50040054321289,52.68387804618476,51.590509858522196,51.590509858522196,3865293
2003-05-21,52.13718032836914,52.500389752578926,52.13718032836914,52.13718032836914,4333423
2003-05-22,52.867347717285156,53.047079686549246,51.95371166086034,52.13718332064758,7683344
2003-05-23,53.77724838256836,54.32393540624543,53.047089664593415,53.230561358891286,21967752
2003-05-26,54.14045715332031,54.69088386067399,53.960725152714325,54.14045715332031,15027402
2003-05-27,53.77724838256836,54.32393540624543,53.59377087226547,54.32393540624543,9903740
2003-05-28,54.14045715332031,55.60077456923964,53.960725152714325,54.69088386067399,25051397
2003-05-29,54.14045715332031,54.507406352887784,53.59377013714192,54.14045715332031,15216372
2003-05-30,56.14745330810547,56.33093078884325,53.960717197772546,54.14044917188227,47474398
2003-06-02,59.974239349365234,59.974239349365234,56.87761262556011,56.87761262556011,64842451
2003-06-03,61.618045806884766,61.618045806884766,59.79451313663162,59.97424513033199,49767804
2003-06-04,61.618045806884766,61.618045806884766,61.618045806884766,61.618045806884766,0
2003-06-05,60.520912170410156,61.618025490046456,59.61102179681526,61.618025490046456,38236344
2003-06-06,59.611045837402344,60.157727056789945,58.880881287774734,60.157727056789945,20666436
2003-06-09,57.970970153808594,59.247815473646504,55.6007569638227,59.247815473646504,67329123
2003-06-10,57.970970153808594,58.70112863057096,56.33092125658816,56.87760228366061,33683888
2003-06-11,59.794517517089844,61.25109529257637,58.33420005029775,58.33420005029775,59697315
2003-06-12,60.15771484375,61.25108287655802,59.974237366764186,61.25108287655802,28195170
2003-06-13,61.25108337402344,62.52792889418749,58.15445672743519,58.88086981217132,52752670
2003-06-16,61.25108337402344,63.25808748550549,61.25108337402344,62.34445141571151,38622874
2003-06-17,61.434566497802734,62.52793463996185,61.25108900246677,61.98124766088002,34697453
2003-06-18,61.98124694824219,63.43782455739997,61.797775271020264,61.797775271020264,33318832
2003-06-19,64.1679916381836,64.53494082358462,62.1647269745992,62.34445896826645,32047579
2003-06-20,61.618045806884766,63.80478215557025,61.25109080541141,63.62130465483357,32872175
2003-06-23,61.618045806884766,62.164726986053786,60.704409626242395,61.618045806884766,17849067
2003-06-24,61.618045806884766,62.34445897975415,61.25109080541141,61.25109080541141,13434041
2003-06-25,62.344459533691406,63.43782771774884,61.79777834966507,62.1647275383941,24527437
2003-06-26,62.89112854003906,63.621287017527784,62.71139659616458,62.89112854003906,23470923
2003-06-27,62.52793502807617,64.53493933644208,62.34445753160136,63.8047806734967,34340987
2003-06-30,63.25808334350586,63.25808334350586,61.79776625648819,62.527924799997024,13184945
2003-07-01,65.26136016845703,65.26136016845703,62.89114630653732,63.07461799223669,26618989
2003-07-02,64.1679916381836,65.99151849209602,64.1679916381836,65.44483149702302,26683412
2003-07-03,64.71468353271484,66.17500695006234,64.53495150928755,65.26137061830833,28311130
2003-07-04,65.80803680419922,66.17499178225657,64.7146686996261,65.08162367768345,13588654
2003-07-07,70.36499786376953,70.36499786376953,66.35472846513946,67.26837054828998,41569087
2003-07-08,70.91542053222656,72.18852074774283,70.18526182509368,71.82531123976192,33353189
2003-07-09,69.09188079833984,71.82529792126701,68.5451938841521,70.36498077778643,23243300
2003-07-10,69.09188079833984,70.00177133715508,68.72492585122704,69.09188079833984,20808165
2003-07-11,69.09188079833984,70.91540738245178,68.72492585122704,68.72492585122704,25850224
2003-07-14,70.54846954345703,71.27862823206783,69.63857304299827,69.81830503884144,23264773
2003-07-15,70.18527221679688,71.46211812854024,70.00179468205256,70.91543103203782,20370097
2003-07-16,70.36499786376953,71.0951566128065,70.00178833494388,70.54847538187782,15658734
2003-07-17,67.63156127929688,70.18525238106012,67.44808961241107,69.8182974152802,21061556
2003-07-18,67.63156127929688,68.3617198881806,67.08488015330312,68.3617198881806,17028766
2003-07-21,67.08487701416016,68.54519416359409,67.08487701416016,67.99851306318152,13962298
2003-07-22,67.08487701416016,67.81503558887712,66.5381900977437,67.08487701416016,12660982
2003-07-23,69.6385498046875,70.91539506890783,67.44807446981442,67.44807446981442,31506438
2003-07-24,74.37901306152344,74.37901306152344,70.54848117506643,70.54848117506643,44974840
2003-07-25,76.01904296875,78.20577896901567,74.37898806054885,74.37898806054885,50313240
2003-07-28,75.28889465332031,79.11568637829696,75.10542295867474,78.02231814487577,35290131
2003-07-29,75.47235107421875,76.1987640833522,74.3789831463248,75.28887361483851,20430223
2003-07-30,74.74219512939453,76.01904056058143,74.5587176637042,75.28887620414102,18338672
2003-07-31,74.9256591796875,75.65207795612945,74.55871010152856,75.10539693683052,12330285
2003-08-01,76.56573486328125,77.11242184848025,75.65209869930888,76.19877986850327,21078735
2003-08-04,77.84255981445312,78.93592767808806,77.1124013420402,77.1124013420402,19515438
2003-08-05,73.82854461669922,78.2057611249273,73.82854461669922,77.84255177123453,29672572
2003-08-06,72.9186782836914,73.46536529047015,72.18851958828597,72.18851958828597,20580541
2003-08-07,71.46210479736328,73.82857313691308,69.81830412278048,72.91867664839275,25274725
2003-08-08,70.36499786376953,72.73521193760305,69.81831081683559,71.64184365974045,18115343
2003-08-11,69.81829071044922,70.73193253048767,69.0918776779968,70.36497759994737,10857180
2003-08-12,71.8252944946289,72.18850391793227,70.54845488562013,70.91540399922268,12854248
2003-08-13,55.90544891357422,56.57944228676446,54.01382287882231,54.28286538137143,26683412
2003-08-14,55.50049591064453,55.905452624167125,54.823728258900545,55.905452624167125,22165312
2003-08-15,56.17449951171875,57.66117504400431,56.17449951171875,56.57945629865073,26868085
2003-08-18,56.31040573120117,57.661166853871464,55.36459552193917,57.661166853871464,51794937
2003-08-19,78.78864288330078,78.78864288330078,78.78864288330078,78.78864288330078,10019953
2003-08-20,79.03678131103516,80.54475475478004,78.78863273147417,79.28874272601618,33865652
2003-08-21,80.29278564453125,81.04486296727693,78.28470225039884,79.03677957314451,16130428
2003-08-22,83.80501556396484,85.06102151365234,81.04485511452931,81.04485511452931,28445638
2003-08-25,86.3132095336914,86.3132095336914,83.05293911762504,85.30917088907606,13707918
2003-08-26,83.80501556396484,85.81309876352636,83.80501556396484,85.81309876352636,14539772
2003-08-27,83.55307006835938,85.81312117290038,83.55307006835938,84.80907634604233,14565693
2003-08-28,82.04890441894531,84.80905909806904,81.79693708960362,84.30894913409112,12529654
2003-08-29,85.3091812133789,85.3091812133789,82.80098775091585,83.30491058683171,12553219
2003-09-01,86.3132095336914,87.31724817830676,84.80905501939073,86.56517685091536,14146231
2003-09-02,88.82524871826172,88.82524871826172,85.8131259302219,86.5652034181884,16493333
2003-09-03,87.82121276855469,90.82952282329006,87.82121276855469,89.8292966725014,18331423
2003-09-04,87.82121276855469,88.82525175564756,86.56520637829183,87.82121276855469,13323803
2003-09-05,88.0693359375,90.5813540904893,88.0693359375,88.8252320495516,13606586
2003-09-08,92.33747100830078,92.58561959252098,88.32130405631979,88.32130405631979,20954238
2003-09-09,96.10166931152344,98.60986868729502,93.58965710031178,94.0935917924417,33005519
2003-09-10,96.10166931152344,97.3538625816892,94.34555320874703,95.84970789521812,15187816
2003-09-11,96.10166931152344,96.10166931152344,96.10166931152344,96.10166931152344,0
2003-09-12,94.84567260742188,97.10571755529558,94.59370525213387,95.84971140371472,10660928
2003-09-15,94.3455810546875,95.34580727400339,94.09361956401615,94.84569712922614,7609225
2003-09-16,96.34983825683594,96.34983825683594,93.58967688137288,93.58967688137288,10538388
2003-09-17,96.60177612304688,98.35789206011503,96.60177612304688,98.35789206011503,12091339
2003-09-18,96.60177612304688,97.10570483786611,95.34577013595859,96.60177612304688,7599799
2003-09-19,98.8618392944336,99.61392263734727,97.35387163233204,97.85780044155081,16926933
2003-09-22,95.5977554321289,98.60987792261173,95.5977554321289,97.85780050894031,8530627
2003-09-23,94.84567260742188,96.10167282924289,94.34555666218534,95.09763403295004,12468384
2003-09-24,94.59371185302734,95.84971809225424,92.83758963366508,95.09764066900843,13832814
2003-09-25,93.34153747558594,93.84164759612844,92.83760265914057,92.83760265914057,7649287
2003-09-26,93.34153747558594,94.34557648281272,93.34153747558594,93.34153747558594,7050728
2003-09-29,94.59371185302734,95.09764066900843,93.08955700653574,93.84163442978155,7309947
2003-09-30,93.08953094482422,95.59772988522704,93.08953094482422,95.59772988522704,7274598
2003-10-01,93.08953094482422,93.58964085518662,91.58537651944162,93.08953094482422,7093145
2003-10-02,95.84972381591797,95.84972381591797,93.84164003353261,94.34556887960579,10592589
2003-10-03,95.5977554321289,96.34982691604013,95.09763945836029,96.34982691604013,8132375
2003-10-06,96.10166931152344,96.85374665475898,95.34577913284782,96.60178523845366,10488902
2003-10-07,96.85374450683594,98.35789915994941,95.84970576956161,96.34981575564126,13451056
2003-10-08,95.34578704833984,97.3538706638899,94.84567700965073,96.85375469544066,10295665
2003-10-09,95.34578704833984,95.59775441532283,94.09359960397863,95.34578704833984,8679088
2003-10-10,95.34578704833984,95.34578704833984,95.34578704833984,95.34578704833984,0
2003-10-13,94.09358978271484,96.10166725890645,94.09358978271484,95.84970584798272,8631958
2003-10-14,91.83352661132812,95.09761565443853,91.33341669250241,95.09761565443853,15131261
2003-10-15,89.82927703857422,92.83758050602567,89.07338092404093,92.33747050482054,15828793
2003-10-16,90.82949829101562,91.58538843684417,88.57326635935313,89.07337633479153,12918480
2003-10-17,92.08550262451172,92.33746997115313,90.58135386435912,91.08146386267383,11617678
2003-10-20,93.34153747558594,93.34153747558594,91.08148612314861,92.08552513037539,7430130
2003-10-21,93.34153747558594,94.59372512489364,92.33749253859806,93.84164759612844,10201405
2003-10-22,93.84163665771484,94.34556548565992,92.58563038866859,93.34152659546639,9225804
2003-10-23,94.3455810546875,94.3455810546875,92.83760715794074,93.08957457837346,10724554
2003-10-24,93.08953094482422,96.10165263036768,93.08953094482422,94.34553683241477,9583994
2003-10-27,91.83352661132812,93.84160974559266,91.83352661132812,93.08953252017399,5021759
2003-10-28,91.58541107177734,93.08956606463099,91.33344960414978,92.33748856820417,9713605
2003-10-29,92.08550262451172,93.34151466275065,92.08550262451172,93.34151466275065,7590373
2003-10-30,91.08145141601562,93.34150190724716,90.32937417383397,92.58560590037892,8997220
2003-10-31,87.82121276855469,91.08148429669909,87.06913525487084,91.08148429669909,18856929
2003-11-03,85.56114959716797,87.56923322266533,85.30918815869698,87.56923322266533,11957018
2003-11-04,83.55307006835938,87.5692375162707,83.30492145349692,86.31323123858775,16703064
2003-11-05,85.3091812133789,85.81310997905443,83.05294916887378,83.55305916932456,15824080
2003-11-06,84.55709838867188,85.81310442116761,83.80502108921355,85.30917568813021,11834479
2003-11-07,85.06103515625,85.56114517154847,83.5530616499185,85.3091837461101,11462148
2003-11-10,84.80905151367188,85.30916736268411,84.05697428760986,84.80905151367188,8186574
2003-11-11,84.0570068359375,84.30897424031212,83.30492931865807,84.30897424031212,8648454
2003-11-12,83.55307006835938,84.05699889976962,82.0489211055744,84.05699889976962,9390760
2003-11-13,83.55307006835938,84.80907634604233,83.55307006835938,84.55711489521742,5872465
2003-11-14,85.8131103515625,86.31322035418422,83.55305953202192,83.8050268808333,13922362
2003-11-17,84.0570068359375,85.30920039588275,84.0570068359375,85.30920039588275,5231488
2003-11-18,84.30896759033203,85.30919366700853,83.55307136659145,83.80503875109183,6164674
2003-11-19,84.0570068359375,84.80908435321695,83.55307795694925,84.0570068359375,5926665
2003-11-20,83.55307006835938,85.30919234149013,83.30492145349692,84.05699889976962,7906147
2003-11-21,83.05294799804688,83.05294799804688,81.79694190190934,82.80098658364093,6336701
2003-11-24,81.79693603515625,83.3049034375432,81.79693603515625,83.05294204120878,4420844
2003-11-25,81.54878997802734,83.05294459146357,81.2968285739561,82.80098318739233,7276955
2003-11-26,82.04890441894531,82.80098171226491,81.54878852520817,81.54878852520817,3652616
2003-11-27,80.5447769165039,82.5490421410805,80.5447769165039,82.04893200893424,4592871
2003-11-28,75.7765121459961,81.29683381821047,75.52454479591174,80.79290504780148,17796492
2003-12-01,74.77247619628906,75.52455363958758,73.26832723945245,75.02444357587797,12468384
2003-12-02,78.78864288330078,79.79268769669406,75.27259147798937,75.27259147798937,18036858
2003-12-03,77.2806625366211,79.54070731148802,77.03251396566839,79.28873997548816,11184076
2003-12-04,81.54878997802734,81.79693854684363,77.53262327535126,78.28470058206938,18357346
2003-12-05,83.80501556396484,84.05697694899214,80.79289372950203,81.79693236440333,15428183
2003-12-08,81.54878997802734,82.80098318739233,81.54878997802734,82.54901585356176,5815908
2003-12-09,81.54878997802734,82.54901585356176,80.79289983605429,82.54901585356176,4809670
2003-12-10,80.29278564453125,81.29683030647719,79.28874098258531,80.29278564453125,5969082
2003-12-11,79.28874969482422,80.79291043535204,78.78863965632678,80.29279446709448,7420703
2003-12-12,79.28874969482422,80.5447618339809,79.28874969482422,80.29279446709448,5865395
2003-12-15,83.05294799804688,83.05294799804688,80.04081988261167,80.54475457094271,7844877
2003-12-16,81.04486083984375,81.79693814284734,80.54475086942627,80.79289943701696,5420011
2003-12-17,78.53667449951172,81.54879681414081,77.28066834960268,81.0448680339954,10550172
2003-12-18,78.28470611572266,79.0367834756023,77.532628755843,77.78459610748422,6211805
2003-12-19,77.78460693359375,79.28875593294168,77.78460693359375,78.78864585509761,3881199
2003-12-22,78.78864288330078,79.03679149483544,77.28067517501556,77.78460399966787,4081504
2003-12-23,79.03678131103516,79.28874272601618,78.53667131649314,78.78863273147417,3023423
2003-12-24,79.03678131103516,80.29278741003942,79.03678131103516,79.03678131103516,3970748
2003-12-25,78.53667449951172,79.28874593951552,78.28470714455909,79.03678451432273,2281117
2003-12-26,78.78864288330078,79.03679149483544,78.53668143585482,78.53668143585482,2071386
2003-12-29,78.28470611572266,79.0367834756023,78.03274469384121,78.78863488924532,1776820
2003-12-30,80.29278564453125,80.29278564453125,79.03677957314451,79.03677957314451,7719981
2003-12-31,80.04082489013672,81.54879842478184,80.04082489013672,80.544759609995,4703627
2004-01-01,80.04082489013672,80.04082489013672,80.04082489013672,80.04082489013672,0
2004-01-02,82.04890441894531,82.04890441894531,80.54474983230611,80.79289839670155,6909337
2004-01-05,82.54904174804688,83.05297064402417,81.79696420541251,82.80100916091612,6716101
2004-01-06,81.04486083984375,83.55305415168132,80.54475086942627,83.30490558409063,8648454
2004-01-07,82.04890441894531,82.80098171226491,79.79267253898651,81.29682712562571,10298023
2004-01-08,82.54904174804688,84.30897708263583,82.04893161828176,82.54904174804688,11504564
2004-01-09,82.80097198486328,83.80501055981158,82.80097198486328,83.3048947248277,10778755
2004-01-12,82.80097198486328,83.55304326007084,82.30085614987941,82.80097198486328,5078314
2004-01-13,84.80905151367188,85.81309604654238,83.30489706154786,83.30489706154786,15576644
2004-01-14,87.06912994384766,87.82120741165645,84.55711731654911,85.06104616238959,17735223
2004-01-15,86.81714630126953,88.06932759935387,86.56517897785464,87.82118497055448,11224138
2004-01-16,87.82121276855469,88.32132287906853,87.56924536538469,87.56924536538469,12847786
2004-01-19,87.82121276855469,87.82121276855469,87.82121276855469,87.82121276855469,0
2004-01-20,87.82121276855469,87.82121276855469,87.82121276855469,87.82121276855469,0
2004-01-21,87.82121276855469,87.82121276855469,87.82121276855469,87.82121276855469,0
2004-01-22,87.82121276855469,87.82121276855469,87.82121276855469,87.82121276855469,0
2004-01-23,87.82121276855469,87.82121276855469,87.82121276855469,87.82121276855469,0
2004-01-26,87.82121276855469,87.82121276855469,87.82121276855469,87.82121276855469,0
2004-01-27,86.81714630126953,88.82522363983945,86.81714630126953,88.82522363983945,9237585
2004-01-28,86.81714630126953,86.81714630126953,84.55709570952563,86.81714630126953,11273625
2004-01-29,91.08145141601562,91.33341872822464,85.81309788581632,85.81309788581632,35555281
2004-01-30,93.34153747558594,94.34557648281272,91.08148612314861,92.58564118067899,26355399
2004-02-02,91.83352661132812,93.58964243899972,91.83352661132812,93.34149982676693,12331706
2004-02-03,92.33747100830078,93.34151571117587,91.33343223518538,91.8335422391174,10415850
2004-02-04,93.58968353271484,94.59372850558636,92.08552842142736,92.58564448960465,13198907
2004-02-05,92.83757781982422,93.8416224881732,92.58561640877659,92.83757781982422,5754638
2004-02-06,91.58541107177734,93.84164356105781,91.08148220676138,92.83759866724259,8844046
2004-02-09,91.58541107177734,92.83759866724259,91.08148220676138,91.8335597031882,7079006
2004-02-10,90.0774154663086,92.08549277520383,90.0774154663086,91.58538283038001,5735786
2004-02-11,89.57731628417969,90.82950965662006,88.82523887951719,90.07743225195756,7583304
2004-02-12,92.33747100830078,92.8375810122328,89.82927752837826,89.82927752837826,22156068
2004-02-13,92.33747100830078,93.34151571117587,91.8335422391174,92.8375810122328,5384664
2004-02-16,91.33342742919922,92.33746614948187,90.58135011537014,92.33746614948187,4484470
2004-02-17,91.33342742919922,92.33746614948187,91.33342742919922,91.33342742919922,5674516
2004-02-18,93.34153747558594,94.09361500435112,92.33749253859806,92.33749253859806,12140827
2004-02-19,95.34578704833984,96.34982589123481,94.09359960397863,94.09359960397863,19043095
2004-02-20,94.3455810546875,96.1016976757788,94.3455810546875,95.34580727400339,7307590
2004-02-23,94.84567260742188,95.84971140371472,93.84162788136918,95.09763403295004,7003597
2004-02-24,94.09358978271484,95.34577709637574,94.09358978271484,94.84566710988692,4592871
2004-02-25,93.58968353271484,94.84569592281413,93.58968353271484,94.09361836717038,4731906
2004-02-26,93.58968353271484,94.84569592281413,93.58968353271484,94.84569592281413,5507203
2004-02-27,94.84567260742188,96.10167282924289,94.09359523665718,94.09359523665718,7253390
2004-03-01,96.60177612304688,97.85778211013516,95.34577013595859,95.34577013595859,11601183
2004-03-02,97.8577880859375,99.36194272232856,97.10571076774197,98.10593665854078,27095349
2004-03-03,96.10166931152344,97.85779134405948,96.10166931152344,97.85779134405948,12098410
2004-03-04,97.60582733154297,98.60987205513477,96.10167259370023,96.10167259370023,6833928
2004-03-05,95.84972381591797,98.60988506645941,95.34579496984477,97.85780759830332,7248677
2004-03-08,94.3455810546875,97.10574266142149,94.3455810546875,96.60181375031743,6909337
2004-03-09,92.58563232421875,94.34556745800242,92.33748370587497,93.58967123540222,10484188
2004-03-10,90.0774154663086,92.58560864978665,89.82926691141718,92.58560864978665,12277505
2004-03-11,90.58136749267578,91.081477566234,89.3253611952255,89.3253611952255,6678396
2004-03-12,89.32533264160156,90.32937123355127,89.07336533759425,89.32533264160156,6998884
2004-03-15,86.0650863647461,89.82928633634391,86.0650863647461,89.5773189621664,12065418
2004-03-16,85.8131103515625,86.81715505180696,85.30918158369946,86.06507770037388,9598133
2004-03-17,85.06103515625,87.06911867787996,85.06103515625,86.81715725244159,6218874
2004-03-18,88.0693359375,88.0693359375,85.06103247992512,85.06103247992512,10175483
2004-03-19,88.5732650756836,88.82522647738838,87.06911047637459,88.06933041275546,8047539
2004-03-22,82.54904174804688,82.54904174804688,82.54904174804688,82.54904174804688,1567090
2004-03-23,79.28874969482422,82.3008780818749,76.78055604154636,76.78055604154636,19620444
2004-03-24,79.54071807861328,81.29684027871886,78.53667922326682,80.2927954936122,8973655
2004-03-25,79.03678131103516,81.04486474932206,79.03678131103516,80.29278741003942,8031043
2004-03-26,81.04486083984375,82.04890547543344,79.79267356642268,80.54475086942627,12975037
2004-03-29,86.56521606445312,86.56521606445312,84.05701583957809,85.30920953365019,9965752
2004-03-30,87.3172607421875,87.56922809566646,85.81311194121724,86.56518930658227,7755330
2004-03-31,85.06103515625,88.06933870847689,84.55710637561342,87.82119604837665,6463952
2004-04-01,85.8131103515625,86.56518770299559,84.80906565131805,85.06103300012943,5860682
2004-04-02,84.30896759033203,86.81716734870744,84.05700020583166,86.3132325797067,8342106
2004-04-05,84.30896759033203,85.56115512174836,82.80099983839364,85.30919366700853,7983914
2004-04-06,84.80905151367188,85.56112873973389,84.05697428760986,85.30916736268411,9492090
2004-04-07,85.56114959716797,85.8131169653991,84.05699477837274,85.30918815869698,4640001
2004-04-08,86.0650863647461,87.31726791510123,85.30919017197385,85.56115161639107,8269052
2004-04-09,84.80905151367188,86.06506335335087,84.80905151367188,86.06506335335087,4465618
2004-04-12,85.56114959716797,87.06912318149885,85.06103955600149,85.8131169653991,8408087
2004-04-13,86.56521606445312,87.3172877325286,85.30920953365019,86.06510589797976,9857353
2004-04-14,86.81714630126953,87.06910769492532,85.56113437881058,86.06506902564037,8865254
2004-04-15,86.81714630126953,89.32533952181281,86.81714630126953,87.3172503237247,19410713
2004-04-16,87.3172607421875,87.82119544914543,86.31322195310331,86.81715666006123,6899911
2004-04-19,86.81714630126953,89.07337219839792,86.31321165443974,87.82118497055448,8695585
2004-04-20,85.06103515625,87.31726133798021,84.55710637561342,87.31726133798021,8768637
2004-04-21,84.55709838867188,85.81310442116761,84.55709838867188,85.06102712170929,4095643
2004-04-22,85.3091812133789,87.31725874563152,84.80906528316845,85.81310997905443,10470049
2004-04-23,85.56114959716797,86.56519437479672,84.30896214660387,86.56519437479672,8285549
2004-04-26,85.56114959716797,86.31322700656558,84.80907218777035,85.56114959716797,4965202
2004-04-27,80.79289245605469,84.80905286211662,80.04080928827602,84.80905286211662,13045733
2004-04-28,79.79267120361328,81.29682576507965,78.28469787726456,80.29278115922158,8049895
2004-04-29,81.04486083984375,82.04890547543344,77.78459022500259,77.78459022500259,10224971
2004-04-30,79.54071807861328,80.2927954936122,75.77651816781477,79.79268544872102,12671046
2004-05-03,77.78460693359375,79.54072331965186,77.0325294690395,79.54072331965186,7123781
2004-05-04,80.29278564453125,80.29278564453125,78.03274084095804,78.5366695895991,6511083
2004-05-05,74.77247619628906,80.04083113532604,74.77247619628906,79.79268845120535,10908364
2004-05-06,73.7684326171875,77.03252239857385,73.5164711833643,76.5285936011674,7491400
2004-05-07,72.76438903808594,74.77246656570244,72.51242169095006,73.76842780189419,11113382
2004-05-10,69.75608825683594,71.5122045836948,69.75608825683594,71.5122045836948,8111165
2004-05-11,70.5081558227539,70.75629847077532,69.25214973275925,70.25618847982071,8264339
2004-05-12,73.5164794921875,74.02040834654792,71.26024705061495,71.76035713907856,7889652
2004-05-13,73.01634979248047,74.02039447693174,72.26427245287722,73.01634979248047,4225252
2004-05-14,72.26428985595703,73.51648342163514,71.00828345393901,73.51648342163514,4083860
2004-05-17,71.51220703125,72.26428449619186,70.25620072238864,70.25620072238864,6664257
2004-05-18,72.51243591308594,73.7684422703753,71.76035841914613,72.51243591308594,7107285
2004-05-19,77.53262329101562,77.53262329101562,73.76842392140962,74.27235265941324,10630292
2004-05-20,77.2806625366211,79.03677856924767,76.02846931647545,77.2806625366211,9690039
2004-05-21,79.28874969482422,80.04082710020808,77.03252340843278,77.53263344693022,9727744
2004-05-24,79.28874969482422,80.29279446709448,78.53667821920048,78.78863965632678,3812860
2004-05-25,79.54071807861328,80.79291146826358,78.78864066361436,78.78864066361436,3046988
2004-05-26,79.28874969482422,81.7969492778622,79.28874969482422,81.54880067649106,6598276
2004-05-27,78.28470611572266,79.79267960076618,78.03274469384121,79.28874489748375,2351813
2004-05-28,80.29278564453125,80.29278564453125,78.28470225039884,79.03677957314451,3650260
2004-05-31,77.78460693359375,79.79269070636205,77.78460693359375,79.79269070636205,2573326
2004-06-01,78.53667449951172,78.78863592470451,77.28066834960268,78.03274571936632,3200162
2004-06-02,76.78056335449219,78.28471830852277,76.78056335449219,77.53264083150748,2149151
2004-06-03,72.76438903808594,77.53262736951064,72.51242169095006,76.52858860570238,8365670
2004-06-04,73.2683334350586,73.76844354105776,72.26428852726865,73.2683334350586,6864562
2004-06-07,75.27259063720703,75.27259063720703,73.76843578163428,74.27236460065778,4048513
2004-06-08,72.76438903808594,75.27258249475825,72.0123116916539,75.27258249475825,12272792
2004-06-09,72.26428985595703,72.76440590091251,71.51221233523438,71.51221233523438,3782225
2004-06-10,70.25619506835938,71.76034987719277,70.00422770179698,71.51220127614073,7324085
2004-06-11,66.2400131225586,69.75606952768013,65.99186457665594,69.25214083631028,9093837
2004-06-14,66.2400131225586,67.49601905120095,65.48793588528609,66.2400131225586,5271550
2004-06-15,66.49200439453125,66.99593326749955,65.48795948487152,65.48795948487152,5620316
2004-06-16,62.727779388427734,67.24406185797278,61.975702104320135,67.24406185797278,10335727
2004-06-17,66.99591064453125,66.99591064453125,62.72777690529956,62.72777690529956,12004148
2004-06-18,63.98380661010742,65.99188445102388,63.73183922365964,65.99188445102388,5149010
2004-06-21,62.727779388427734,65.48793996350217,62.227669430575546,65.48793996350217,6793867
2004-06-22,62.727779388427734,62.72777938842773,62.72777938842773,62.72777938842773,0
2004-06-23,64.98783874511719,65.23598733984377,62.97975518410626,62.97975518410626,6027995
2004-06-24,66.2400131225586,66.2400131225586,64.48389726720805,65.7399031958504,5285690
2004-06-25,66.74395751953125,67.24407349368113,65.73991866519161,65.73991866519161,4293591
2004-06-28,65.99187469482422,66.74395204740857,65.23598450675239,66.74395204740857,2660517
2004-06-29,66.2400131225586,66.2400131225586,65.48793588528609,65.99186457665594,2575684
2004-06-30,67.24406433105469,67.99614164282195,65.73990970752016,67.24406433105469,5481281
2004-07-01,67.24406433105469,67.99614164282195,66.99591576057242,67.74799307233968,3183667
2004-07-02,66.2400131225586,66.4919804331229,65.7399031958504,66.4919804331229,2233986
2004-07-05,64.98783874511719,65.73991613036301,63.9837999294917,65.23598733984377,2066673
2004-07-06,65.99187469482422,65.99187469482422,64.98783592280249,64.98783592280249,1684915
2004-07-07,65.99187469482422,66.99591939660564,64.98783592280249,64.98783592280249,3004570
2004-07-08,65.48795318603516,66.74395944649196,65.2359917386659,65.99188201053401,2578039
2004-07-09,65.73992156982422,66.24003163631062,64.23576667487556,65.23599273760883,3431103
2004-07-12,65.73992156982422,66.49199901729855,64.9878441223499,65.99188302105169,2891458
2004-07-13,62.727779388427734,64.98783000565,62.479636756830956,64.98783000565,5302185
2004-07-14,61.975711822509766,63.23172395607895,61.72375038650434,62.72778922454793,4397279
2004-07-15,60.719703674316406,61.975709837905306,60.719703674316406,60.97167103201335,4121565
2004-07-16,57.20746612548828,61.22363326113208,56.95932345968001,60.21959444210112,4981697
2004-07-19,54.19915771484375,57.20746107044695,53.9471903761142,55.70331235752508,7613938
2004-07-20,54.19915771484375,55.70331235752508,53.443261628414554,54.19915771484375,7703486
2004-07-21,57.95955276489258,57.95955276489258,55.45135876990577,56.20343627775044,9918623
2004-07-22,60.21958923339844,60.971666556144115,56.45538978433388,56.70735119377468,11396165
2004-07-23,60.21958923339844,61.723743878889785,59.967627823957635,59.967627823957635,8306757
2004-07-26,59.21556091308594,59.71948975033283,57.95954869109506,58.96359352958224,4029660
2004-07-27,58.71543884277344,59.467516220019064,57.20746532290979,57.95954270015542,5818264
2004-07-28,57.95955276489258,59.967642583009344,57.45944265826161,59.21556507516467,10300379
2004-07-29,59.34361267089844,59.95446684641006,58.42536027839188,58.73275849538682,12662194
2004-07-30,59.9544677734375,61.18012452340972,59.65101181022873,60.56927033845296,5182138
2004-08-02,59.34361267089844,59.95446684641006,58.73275849538682,59.95446684641006,4114283
2004-08-03,59.34361267089844,59.95446684641006,58.73275849538682,59.34361267089844,4212283
2004-08-04,58.121910095214844,59.03622032009445,57.20365761146524,59.03622032009445,5837720
2004-08-05,62.0983772277832,62.0983772277832,57.5071090507317,58.12190549717471,9032838
2004-08-06,63.01665115356445,66.37832758544842,60.87274737617451,61.18014570434566,13500257
2004-08-09,64.23835754394531,64.23835754394531,61.79099190151638,62.09839018889775,5351102
2004-08-10,62.709228515625,65.76744769369708,62.401830306619395,64.54573937442626,7057643
2004-08-11,62.40183639526367,63.627487092498946,61.79098217602627,63.32008885350001,6638611
2004-08-12,62.709228515625,63.01662672463061,61.18012198734858,62.401830306619395,2740602
2004-08-13,62.709228515625,63.62748088426602,62.09837435598959,62.401830306619395,2617258
2004-08-16,62.40183639526367,62.70923463426261,62.0983804150252,62.70923463426261,1652472
2004-08-17,62.40183639526367,63.627487092498946,62.40183639526367,62.70923463426261,2754119
2004-08-18,64.54574584960938,64.54574584960938,61.180128124895326,62.70923480657064,6930920
2004-08-19,68.82569122314453,68.82569122314453,65.15661658727335,65.76747096303654,13349878
2004-08-20,70.05132293701172,70.96957537758568,68.82567226335155,69.44046872952394,11111100
2004-08-23,70.05132293701172,70.96957537758568,69.44046872952394,70.66217714449948,5079069
2004-08-24,70.05132293701172,70.05132293701172,70.05132293701172,70.05132293701172,0
2004-08-25,70.05132293701172,70.05132293701172,70.05132293701172,70.05132293701172,0
2004-08-26,71.27302551269531,72.19127787803825,70.35477314735239,70.35477314735239,11754855
2004-08-27,72.8021469116211,74.02779763225281,70.66217985254029,71.27303408343829,10345691
2004-08-30,71.88390350341797,73.10955437865543,71.27304307394503,72.80215609501282,6153683
2004-08-31,73.41694641113281,75.24950917895399,71.27303700532526,71.88389738278585,11082375
2004-09-01,74.94605255126953,75.55690680208147,73.72040179068142,74.94605255126953,6957954
2004-09-02,76.1677474975586,76.1677474975586,74.33124281299553,74.9460392133583,5462619
2004-09-03,71.5804443359375,76.16777134697095,71.27304603950452,76.16777134697095,8056223
2004-09-06,70.35477447509766,71.27302685776998,69.1330661371586,70.66217268880045,5273379
2004-09-07,74.02780151367188,74.02780151367188,70.96958181847792,70.96958181847792,6876852
2004-09-08,73.10953521728516,74.33124351299055,72.80213701420892,74.0277875682141,3712147
2004-09-09,73.10953521728516,73.41693342036139,72.49868106943245,73.10953521728516,2357052
2004-09-10,73.41694641113281,74.33125666554474,72.80214989619509,74.02780066707321,2395914
2004-09-13,74.63865661621094,74.94605488065321,73.41694807661538,74.94605488065321,4519798
2004-09-14,74.63865661621094,75.24951088600872,74.02780234641317,74.94605488065321,3157944
2004-09-15,74.63865661621094,75.86430741489326,74.02780234641317,74.63865661621094,3524597
2004-09-16,75.86428833007812,76.16774425909469,74.33123965261524,74.63863783972683,5229448
2004-09-17,73.72039031982422,76.16774920122833,73.72039031982422,75.86429325252209,5607928
2004-09-20,73.10953521728516,74.33124351299055,71.5804225969844,74.0277875682141,5212551
2004-09-21,73.10953521728516,73.72038936513785,71.5804225969844,73.10953521728516,5903616
2004-09-22,71.88390350341797,73.41695266229806,71.58044135758765,72.80215609501282,2840290
2004-09-23,71.27302551269531,72.49868220745897,70.96956956315545,70.96956956315545,2782843
2004-09-24,67.90741729736328,70.96957913585094,67.90741729736328,70.35478263712137,6647059
2004-09-27,65.15660095214844,67.29656188369508,64.8492027081455,66.68570765451385,4791830
2004-09-28,65.15660095214844,65.15660095214844,65.15660095214844,65.15660095214844,0
2004-09-29,66.6856918334961,67.90740000201129,64.54573140964985,64.84918732283397,7454710
2004-09-30,69.7439193725586,70.05131758214665,67.6039525590728,68.21480671986563,8904425
2004-10-01,69.7439193725586,70.35477353335142,68.21480671986563,70.05131758214665,6816023
2004-10-04,73.10953521728516,73.10953521728516,70.96956844913171,70.96956844913171,7726742
2004-10-05,71.27302551269531,73.10953636490038,70.96956956315545,73.10953636490038,6603129
2004-10-06,72.49868774414062,73.1095419482326,71.2730309557743,71.58042918715164,4923623
2004-10-07,72.49868774414062,73.72039615232458,72.19128339124362,73.41694017960995,4590762
2004-10-08,71.27302551269531,72.19127787803825,71.27302551269531,71.88388579165591,2934912
2004-10-11,70.96955108642578,71.27300695696175,70.35475483068326,71.27300695696175,2990669
2004-10-12,68.82569122314453,70.96959492797166,68.52223516514825,70.96959492797166,3387735
2004-10-13,68.52222442626953,69.7439329863284,68.214820035158,68.82568043670786,3526286
2004-10-14,67.29656982421875,68.21482240575028,66.99311380323476,67.90742412547651,3882802
2004-10-15,67.29656982421875,68.5222268075447,66.99311380323476,67.29656982421875,4751279
2004-10-18,67.29656982421875,68.5222268075447,66.68571552296099,67.90742412547651,2811568
2004-10-19,68.21481323242188,69.13307181198932,67.29656077437424,68.52221759287745,4555280
2004-10-20,66.99310302734375,68.82567175786761,66.99310302734375,68.21481143334655,2546293
2004-10-21,66.6856918334961,67.60394408882716,66.0748377492385,66.6856918334961,3139358
2004-10-22,67.29656982421875,68.21482240575028,66.99311380323476,67.29656982421875,3046427
2004-10-25,67.29656982421875,67.29656982421875,67.29656982421875,67.29656982421875,0
2004-10-26,67.60395812988281,68.52221669745074,66.37830744891582,66.99310391875338,5482894
2004-10-27,65.76744842529297,67.29655497057915,64.23834188000679,67.29655497057915,6625095
2004-10-28,66.3783187866211,67.29657138951085,66.3783187866211,67.29657138951085,4085559
2004-10-29,68.52222442626953,68.82568043670786,66.68571320550801,66.68571320550801,4573866
2004-11-01,67.60395812988281,68.82567267366139,67.60395812988281,68.82567267366139,2493914
2004-11-02,68.82569122314453,68.82569122314453,67.60397635009676,68.52223516514825,2863946
2004-11-03,71.5804443359375,71.5804443359375,68.52223040959583,68.82568644653179,7708156
2004-11-04,71.5804443359375,71.88390649439441,70.6621917061356,71.5804443359375,5019932
2004-11-05,71.27302551269531,74.0277887302433,70.96956956315545,72.49868220745897,10291622
2004-11-08,70.05132293701172,71.27303135198726,68.21481193434408,71.27303135198726,4239316
2004-11-09,71.5804443359375,71.5804443359375,69.13308474296477,70.6621917061356,4183559
2004-11-10,70.35477447509766,72.4986835756644,70.35477447509766,72.4986835756644,2845359
2004-11-11,70.05132293701172,70.66217714449948,69.74392470392552,70.05132293701172,1843400
2004-11-12,71.27302551269531,71.58042372059684,70.05131719781251,70.35477314735239,3553321
2004-11-15,71.88390350341797,72.49870007070321,71.58044135758765,71.88390350341797,3876042
2004-11-16,72.1912841796875,72.49868853594185,71.58042996892402,71.8838920664726,3293115
2004-11-17,74.63865661621094,74.94605488065321,71.88389901349079,72.19129115641275,10416656
2004-11-18,74.02780151367188,75.55690830050874,73.10954898976128,75.55690830050874,7966672
2004-11-19,73.41694641113281,74.6386549230136,73.41694641113281,74.02780066707321,3088669
2004-11-22,70.35477447509766,73.10953774463393,70.35477447509766,72.80213953093114,5952615
2004-11-23,70.66218566894531,71.27303995012447,69.74393311759648,70.66218566894531,4467418
2004-11-24,68.82569122314453,70.66219661020475,67.60397635009676,70.66219661020475,8956803
2004-11-25,66.99310302734375,68.52221578569475,66.99310302734375,68.52221578569475,6256752
2004-11-26,66.07483673095703,67.90739895548813,65.76743856462089,66.37829263946459,6587922
2004-11-29,64.84919738769531,66.37830396460758,64.54574142741357,65.76744978554291,4259592
2004-11-30,63.32009506225586,64.23835373205047,62.70924078312206,63.930949341389656,7689571
2004-12-01,63.930946350097656,64.54574898113262,62.09838359844082,62.40183959423568,5991477
2004-12-02,63.930946350097656,65.1566032316849,63.016636103750514,65.1566032316849,5339275
2004-12-03,63.930946350097656,64.54574898113262,63.016636103750514,63.930946350097656,3365770
2004-12-06,64.84919738769531,64.84919738769531,63.32008468926363,63.9309388683283,3517839
2004-12-07,63.930946350097656,65.46005922747976,63.62749035430279,64.54574898113262,5428826
2004-12-08,63.930946350097656,64.2383507263752,63.016636103750514,63.62749035430279,2916325
2004-12-09,64.84919738769531,65.46005156675999,63.9309388683283,63.9309388683283,5052036
2004-12-10,63.930946350097656,65.1566032316849,63.930946350097656,64.84920497692748,2772706
2004-12-13,63.930946350097656,65.76745748223718,62.7092378489931,63.930946350097656,6184097
2004-12-14,64.23835754394531,64.54575583132669,63.62749710704273,64.23835754394531,3578665
2004-12-15,64.54574584960938,65.15660007052524,63.93094324840238,64.54574584960938,6658888
2004-12-16,65.76744842529297,66.07484663771807,64.54574009243188,64.84919604643733,5295344
2004-12-17,65.46005249023438,66.68570312415571,65.46005249023438,66.07484893647344,3700320
2004-12-20,66.3783187866211,66.3783187866211,64.23835755279937,64.54575584022311,3090358
2004-12-21,65.76744842529297,66.37830259172351,65.76744842529297,66.07484663771807,1938020
2004-12-22,64.84919738769531,66.68570218339052,64.84919738769531,65.76744978554291,2847050
2004-12-23,64.54574584960938,65.46005605159753,63.62748726733009,64.84920183068166,3065014
2004-12-24,64.84919738769531,65.15659560647825,64.23834320863064,64.54574142741357,1659230
2004-12-27,63.62748336791992,64.84919785639872,63.62748336791992,64.84919785639872,1290887
2004-12-28,64.54574584960938,64.54574584960938,63.62748726733009,63.62748726733009,1878883
2004-12-29,64.84919738769531,65.76744978554291,64.84919738769531,65.15659560647825,3134289
2004-12-30,66.07483673095703,66.37829263946459,64.84918632344103,65.15658448977719,4705659
2004-12-31,66.07483673095703,66.68569080580073,65.46004039828473,66.07483673095703,2221881
2005-01-03,65.76744842529297,66.68570080414861,65.76744842529297,66.68570080414861,1865367
2005-01-04,64.23835754394531,65.46006617470891,64.23835754394531,65.15661014670849,2569948
2005-01-05,62.40183639526367,63.93094307273741,62.0983804150252,63.627487092498946,5580894
2005-01-06,60.87272644042969,62.40183303557702,60.56927047652915,62.09837707167648,5601170
2005-01-07,61.18013381958008,61.48358982889824,58.425370059366784,60.872735551123675,6826161
2005-01-10,59.9544677734375,60.87272630166172,59.03621536673274,60.87272630166172,6461198
2005-01-11,60.87272644042969,61.18012466287844,59.34361372376287,59.651011946211625,4470798
2005-01-12,58.73277282714844,60.56928418181988,58.73277282714844,59.954481476288656,4023042
2005-01-13,58.121910095214844,59.65101681517419,57.81451184767498,59.03622032009445,4954036
2005-01-14,56.285400390625,57.81450698189171,55.97799604743691,57.81450698189171,9100424
2005-01-17,57.20365524291992,57.50711121902505,55.97799844085938,56.89625700810803,7069471
2005-01-18,55.05974197387695,56.8962528527261,54.756286019934535,56.8962528527261,8500599
2005-01-19,53.530635833740234,55.977994775882216,53.2271798775029,55.059742390272895,11055342
2005-01-20,54.44890213012695,55.36715475033436,52.91979518293323,52.91979518293323,21220242
2005-01-21,55.05974197387695,55.977994352541884,54.756286019934535,55.05974197387695,13848323
2005-01-24,53.838035583496094,55.36714218362777,53.53063736004533,55.36714218362777,6981609
2005-01-25,54.44890213012695,55.05975645711328,53.53064950991955,53.53064950991955,5395033
2005-01-26,54.44890213012695,55.67455304355544,54.44890213012695,55.05975645711328,7758846
2005-01-27,52.91978454589844,54.75628941717028,52.308930341695635,54.75628941717028,10246002
2005-01-28,53.530635833740234,54.75628643403555,52.61238344813091,52.9197816628169,15250729
2005-01-31,57.20365524291992,57.20365524291992,53.838037573296425,53.838037573296425,22191788
2005-02-01,57.20365524291992,58.42536366475396,56.592801032002896,57.81450945383694,20437936
2005-02-02,58.425357818603516,59.03621196839733,57.20364951901589,57.50710546475665,14483630
2005-02-03,58.73277282714844,59.03622885971337,58.121918502578325,59.03622885971337,11553787
2005-02-04,58.73277282714844,58.73277282714844,58.73277282714844,58.73277282714844,0
2005-02-07,58.73277282714844,58.73277282714844,58.73277282714844,58.73277282714844,0
2005-02-08,58.73277282714844,58.73277282714844,58.73277282714844,58.73277282714844,0
2005-02-09,58.73277282714844,58.73277282714844,58.73277282714844,58.73277282714844,0
2005-02-10,58.73277282714844,58.73277282714844,58.73277282714844,58.73277282714844,0
2005-02-11,58.73277282714844,58.73277282714844,58.73277282714844,58.73277282714844,0
2005-02-14,59.6510124206543,61.48358111579724,59.34361419576061,60.26187273338163,15512624
2005-02-15,61.790977478027344,61.790977478027344,59.03621419124455,59.95446657966569,14338321
2005-02-16,64.54574584960938,65.46005605159753,60.87272988505175,62.40183656672706,19015256
2005-02-17,63.32009506225586,65.15660628032467,63.32009506225586,64.23835373205047,8585082
2005-02-18,65.15660095214844,65.46005693732674,63.01663389908188,63.32008988426018,9615765
2005-02-21,65.15660095214844,66.99310589851677,65.15660095214844,66.0748534253326,9957072
2005-02-22,63.32009506225586,65.46006229031806,63.32009506225586,65.15660628032467,4829003
2005-02-23,65.76744842529297,66.37830259172351,62.098375046770784,62.098375046770784,11035066
2005-02-24,70.35477447509766,70.35477447509766,65.46005048495,65.7674486986528,28647919
2005-02-25,71.27302551269531,73.10953636490038,70.05131719781251,71.88388579165591,25518697
2005-02-28,71.27302551269531,71.27302551269531,71.27302551269531,71.27302551269531,0
2005-03-01,74.02780151367188,74.48495664610597,70.5084844270014,71.27303782041984,20385558
2005-03-02,72.49868774414062,74.33125035641656,72.49868774414062,74.02779438370193,10409897
2005-03-03,71.734130859375,73.72039877964792,70.81587839118005,72.80214631145297,12227955
2005-03-04,70.35477447509766,72.34498446881301,70.35477447509766,71.27302685776998,7422606
2005-03-07,69.133056640625,71.11931798154015,69.133056640625,70.66216298221958,9397801
2005-03-08,70.05132293701172,71.58042958507346,69.28676961298085,69.89762382046862,10193623
2005-03-09,71.27302551269531,71.42673073816528,69.74391898991098,70.05131719781251,8514117
2005-03-10,70.05132293701172,71.58042958507346,69.44046872952394,71.27303135198726,6902196
2005-03-11,71.11933898925781,72.19129064817226,70.3547855926215,70.66218385489962,10871171
2005-03-14,70.35477447509766,71.58042507147277,69.89761941297952,69.89761941297952,8438082
2005-03-15,68.06111907958984,70.96957552384897,67.29655963246358,70.35477905640953,12070818
2005-03-16,68.36851501464844,68.82567009116497,67.75765470492016,68.06111679126394,7476674
2005-03-17,67.75764465332031,68.21479966201957,67.45025259705581,67.60394556442877,3877733
2005-03-18,68.21481323242188,68.52221759287745,66.99310479419812,67.75765813277788,5177069
2005-03-21,71.88390350341797,72.49870007070321,68.36852841667215,68.52222755849346,15916448
2005-03-22,68.97938537597656,71.88390626641085,68.82568622824753,71.88390626641085,10001003
2005-03-23,69.5902328491211,69.8976311142843,67.90742078739517,68.21481905255837,5342655
2005-03-24,69.44047546386719,70.81588312877298,69.28677633241833,69.8976305991468,6584542
2005-03-25,70.35477447509766,70.50847358194905,68.82566792345581,69.74392030612813,4264661
2005-03-28,69.89761352539062,70.96956492462215,69.89761352539062,70.96956492462215,3609079
2005-03-29,67.75764465332031,70.05131033428596,67.29654738664567,69.8976112453944,7383745
2005-03-30,67.1428451538086,68.36850167109314,66.2285351792224,67.29654423550322,6114821
2005-03-31,68.52222442626953,69.13307870629897,68.06112702188285,68.52222442626953,7082988
2005-04-01,70.35477447509766,70.35477447509766,68.52221196818907,68.9793670303072,7892328
2005-04-04,69.7439193725586,70.96956995252754,69.13306521176575,69.7439193725586,7054264
2005-04-05,69.7439193725586,69.7439193725586,69.7439193725586,69.7439193725586,0
2005-04-06,69.44047546386719,71.11933913260374,69.44047546386719,69.74393146769795,4996276
2005-04-07,69.133056640625,70.20500798289902,68.82565846914828,69.74391072568393,4545142
2005-04-08,71.27302551269531,72.03758489560668,69.59021988596022,69.89761809386174,9803315
2005-04-11,71.27302551269531,72.80213815699885,70.66217135525392,71.27302551269531,6912334
2005-04-12,72.49868774414062,72.95584283254394,70.66217675168232,71.2730309557743,7676053
2005-04-13,72.8021469116211,72.95584603405452,71.88389443585623,72.65238392650345,6787301
2005-04-14,77.08601379394531,77.54316888240555,71.58042919606704,71.58042919606704,29381223
2005-04-15,77.08601379394531,77.39341202536094,75.55690103267389,76.47515958977725,19454564
2005-04-18,74.02780151367188,76.16776256343499,72.80215072877695,75.55690830050874,12893675
2005-04-19,74.94605255126953,76.0140680469695,74.0278000455695,74.94605255126953,14786076
2005-04-20,72.95584869384766,75.55690709353708,72.65238657523308,75.24950883746322,11185444
2005-04-21,73.56669616699219,74.18149262247927,71.58042834098791,71.73412745485969,8978769
2005-04-22,74.02780151367188,75.86430656149307,73.8741023831797,74.3312575156138,15075006
2005-04-25,74.33123779296875,74.48493688267924,73.4169277706986,74.02778187154416,4367729
2005-04-26,72.34498596191406,74.48494672669129,71.2730283287473,74.33124761666775,7159022
2005-04-27,72.65238952636719,73.2632499258687,71.73413697982572,72.34499737932724,7174229
2005-04-28,72.03759002685547,72.65238036493095,70.35477815873422,71.8838909119567,7794328
2005-04-29,72.34498596191406,72.95584014349078,71.42673356029027,72.037587741867,4976001
2005-05-02,72.34498596191406,72.34498596191406,72.34498596191406,72.34498596191406,0
2005-05-03,74.94605255126953,75.86430505696956,73.87410091812546,73.87410091812546,15647795
2005-05-04,76.01407623291016,76.16776925538524,74.18150716160523,75.40321579479466,10786688
2005-05-05,79.53336334228516,80.14421747328134,77.0860045601094,77.0860045601094,28495850
2005-05-06,83.20246124267578,84.27441910575646,79.53338698623415,83.20246124267578,28656366
2005-05-09,82.74529266357422,83.35614687717369,81.3698851182944,83.2024477590928,13834806
2005-05-10,81.67334747314453,83.20245425590458,81.06249321184688,83.20245425590458,8520875
2005-05-11,81.980712890625,83.50981906080253,80.45160672044746,80.45160672044746,15426451
2005-05-12,82.28813934326172,82.28813934326172,80.605327403997,81.36988687369097,9652937
2005-05-13,82.28813934326172,84.12070202359408,81.67334285767515,82.28813934326172,11942405
2005-05-16,82.59159851074219,83.35615188838602,81.67334600577738,82.59159851074219,9210250
2005-05-17,82.4378890991211,84.1206947717962,81.98073403315028,83.2024423813853,9215319
2005-05-18,81.67334747314453,82.13444486339168,80.75508883016188,81.67334747314453,11481132
2005-05-19,83.50984954833984,83.50984954833984,82.59159705950981,83.05269443337073,10612655
2005-05-20,83.35615539550781,84.42810707289485,83.05269938705933,83.50985452929552,13027157
2005-05-23,79.99053955078125,83.35615129191528,79.99053955078125,83.20245216569413,13468154
2005-05-24,78.46141815185547,80.14422383940921,78.30771904234983,79.5333696598908,15201729
2005-05-25,78.46141815185547,79.84076787890206,77.39340890232428,78.92251548037238,16088792
2005-05-26,78.15797424316406,79.22598365738034,77.39342083624729,78.61512938366933,11834268
2005-05-27,81.0624771118164,81.6733312517907,78.61511217215126,78.61511217215126,16098929
2005-05-30,82.13442993164062,82.28812903378105,80.90877937283241,81.67333262521933,7272228
2005-05-31,82.89897918701172,82.89897918701172,81.062474566505,81.82702778202861,10457208
2005-06-01,81.980712890625,83.202420923786,81.67331475360845,82.74526597571376,7529054
2005-06-02,82.59159851074219,83.05269589270513,81.82704513309835,82.89899676538415,7576365
2005-06-03,82.59159851074219,83.50985101570701,81.98074426041934,82.59159851074219,9642800
2005-06-06,82.59159851074219,82.59159851074219,81.67334600577738,82.43789938342121,3392804
2005-06-07,81.82704162597656,82.5915949708515,81.67334250524316,82.5915949708515,3732423
2005-06-08,85.50004577636719,85.50004577636719,81.8270361593183,81.8270361593183,15125695
2005-06-09,84.12069702148438,86.56806216339434,84.12069702148438,85.50004677322411,10095623
2005-06-10,88.25088500976562,88.40457801967277,85.19266529596247,85.64982043117834,15215246
2005-06-13,88.40457153320312,88.40457153320312,86.87546484925616,88.25087853457283,6336165
2005-06-14,85.34634399414062,90.54452352620305,85.34634399414062,88.40455685423952,17301956
2005-06-15,87.94347381591797,87.94347381591797,86.1109111578836,86.87546449675487,13643877
2005-06-16,88.09718322753906,88.25088848654222,86.87547464612143,87.94348409005643,8037637
2005-06-17,87.17893981933594,89.4765363216238,86.72177852866888,88.711988988328,11124617
2005-06-20,85.95722198486328,87.17893668644291,85.95722198486328,86.41437713758111,5597790
2005-06-21,85.34634399414062,86.4143531403017,84.88524671025226,85.9571981145359,5454170
2005-06-22,87.0291519165039,87.17891487865565,85.64980228495978,85.95720048268763,8127188
2005-06-23,86.41436004638672,87.48631153633885,86.26460319791151,87.48631153633885,6511888
2005-06-24,85.0389633178711,86.11091494291327,85.0389633178711,85.80351669034853,8581702
2005-06-27,84.12069702148438,84.73155733345784,83.50984283103044,84.27440225526107,10012832
2005-06-28,84.73155212402344,85.03895032963841,84.12069184960667,84.12069184960667,6489922
2005-06-29,84.12069702148438,85.95720797294041,83.81724105554476,85.6498097484261,10215589
2005-06-30,83.9670181274414,84.73157155850856,83.81725512709666,84.27441640356288,3631045
2005-07-01,86.56808471679688,87.02918217369711,84.1207189372798,84.1207189372798,7431054
2005-07-04,87.17893981933594,87.79373026915563,86.56807938583377,87.0291768143391,7975119
2005-07-05,88.55825805664062,88.86171397402336,87.17890852561466,87.17890852561466,10739378
2005-07-06,87.48631286621094,89.16912467247633,87.33261375696175,88.71196960322632,5834340
2005-07-07,87.79371643066406,88.25087764927105,87.17892607775076,87.17892607775076,5226069
2005-07-08,88.86170959472656,89.77996181750912,88.09715033051445,88.09715033051445,10093934
2005-07-11,91.30908966064453,92.22734822174289,90.08738124699323,90.08738124699323,15490658
2005-07-12,91.77019500732422,92.22735625913354,91.1554046097604,91.46279674778219,14061218
2005-07-13,93.60272979736328,95.74663231480676,92.68841374846922,92.68841374846922,17820678
2005-07-14,95.43923950195312,95.74663766665228,94.06383227642213,94.82838543036242,10686999
2005-07-15,93.60272979736328,95.59293324104834,93.60272979736328,95.43923416728991,11013100
2005-07-18,93.60272979736328,93.60272979736328,93.60272979736328,93.60272979736328,0
2005-07-19,96.05012512207031,96.96837765996847,92.38105110805981,93.2993097674783,12352988
2005-07-20,94.21755981445312,96.81468208906934,94.21755981445312,96.35752084023757,12260058
2005-07-21,96.66492462158203,99.26204704460777,94.82841948939428,94.82841948939428,19388667
2005-07-22,93.4530029296875,97.5792382112787,93.29930991812624,96.35752354332313,12305678
2005-07-25,99.8768310546875,99.8768310546875,94.67470846486704,94.67470846486704,21277689
2005-07-26,96.66492462158203,103.08875644653617,96.51123160554967,101.70941258930412,30957662
2005-07-27,95.59294891357422,98.04031384371237,95.59294891357422,96.66490034804309,14955041
2005-07-28,101.40595245361328,101.86310758847567,96.66492069438685,96.66492069438685,24023362
2005-07-29,102.93506622314453,106.30067810357166,102.01680756522626,102.78135484752154,29933737
2005-08-01,103.39218139648438,105.07499912852916,103.08872547178056,103.69959182226455,13493498
2005-08-02,99.8768310546875,105.22871662555423,98.347724389594,104.92131838904412,19059187
2005-08-03,106.75780487060547,106.75780487060547,101.2522211314197,102.01678045356878,19076083
2005-08-04,114.09989166259766,114.09989166259766,112.57078528186696,114.09989166259766,26086417
2005-08-05,114.09989166259766,114.09989166259766,114.09989166259766,114.09989166259766,0
2005-08-08,114.09989166259766,114.71074576329084,109.20516209802403,113.18163938256015,25422388
2005-08-09,113.02796936035156,113.7925227473375,107.67608340840953,113.7925227473375,27426305
2005-08-10,105.90726470947266,112.80829018711674,105.90726470947266,112.11737302360318,25912999
2005-08-11,105.90726470947266,108.32342255257156,100.38806100699514,105.90726470947266,20150055
2005-08-12,100.38803100585938,106.5981374640889,100.38803100585938,105.90723305891385,14648238
2005-08-15,95.90318298339844,100.73146836739268,94.52136153877609,100.38803699326527,16247117
2005-08-16,98.31935119628906,98.31935119628906,95.72945099603665,95.90318754041957,10915661
2005-08-17,101.59612274169922,102.4567283091253,97.280963534157,97.280963534157,14061749
2005-08-18,99.17998504638672,102.11332356288486,99.17998504638672,101.59614923754859,11268949
2005-08-19,97.62844848632812,99.3537078051575,96.24662686217539,99.3537078051575,10830480
2005-08-22,99.6971435546875,101.2486663822142,99.353712121022,99.6971435546875,8544572
2005-08-23,102.1133041381836,103.66482054312172,99.69713413071189,100.38804490749195,11788410
2005-08-24,102.1133041381836,103.32138286599017,101.42239336140354,101.42239336140354,9387998
2005-08-25,103.6648178100586,105.56381354050858,100.9052164741399,102.1133014460253,14818599
2005-08-26,101.76583099365234,106.59815875261708,101.76583099365234,105.56382278723238,12658368
2005-08-29,101.07896423339844,103.14765504025952,100.7314848284313,101.76583336982675,7625741
2005-08-30,98.31935119628906,102.8042116951913,97.28096735238212,102.8042116951913,10865390
2005-08-31,95.55975341796875,101.07895626714317,95.21228031631655,99.17996675160602,16713514
2005-09-01,95.55975341796875,95.55975341796875,95.55975341796875,95.55975341796875,0
2005-09-02,99.87085723876953,100.0405583432365,97.2809573059813,97.97186798977066,14486255
2005-09-05,97.80216217041016,101.42237482139674,97.62842565234494,101.42237482139674,10087595
2005-09-06,102.1133041381836,102.1133041381836,97.28097039916945,99.00622335393183,14354994
2005-09-07,104.87291717529297,105.73351662294608,100.7314874779229,102.11331546063101,21554834
2005-09-08,106.42443084716797,106.59816113558402,104.1819972020891,105.56382514707708,13856479
2005-09-09,107.11534118652344,107.80625833426944,105.90726229254378,106.59816688842953,11874987
2005-09-12,108.32342529296875,109.52747509774473,107.4587778058245,108.66686930979714,12913909
2005-09-13,106.94157409667969,108.6668266951994,106.76783130680184,108.32338281305537,9632368
2005-09-14,106.08099365234375,108.14967806879562,105.56381941026606,106.76785647483182,10393406
2005-09-15,104.87291717529297,106.42443375226513,104.52543776118625,105.90725946796442,8378401
2005-09-16,103.6648178100586,105.39007071933568,103.1476435967378,104.87290278194399,8002768
2005-09-19,106.08099365234375,106.94159930566548,104.1819915403728,104.1819915403728,8948132
2005-09-20,110.21835327148438,112.11734894877831,106.0809847844462,106.0809847844462,19753477
2005-09-21,109.70120239257812,112.46080392212869,109.70120239257812,110.39210692369204,16621352
2005-09-22,109.35774993896484,111.08300283542775,109.0102768510581,109.70119388042005,9160385
2005-09-23,105.2163314819336,109.3577479530864,103.49107234087141,109.01027487148957,17274867
2005-09-26,103.49108123779297,106.59815585180787,102.80421841202359,106.25068274033947,10260748
2005-09-27,105.90726470947266,105.90726470947266,101.24867304910116,103.4910943145132,10908678
2005-09-28,105.56382751464844,108.14968637170044,105.21634810223375,105.9072589522585,14470895
2005-09-29,105.04466247558594,106.07958822652353,103.83724909949208,104.87217485042967,12562851
2005-09-30,107.97696685791016,109.01189287057238,105.90712738444633,105.90712738444633,16914603
2005-10-03,111.08171844482422,112.1166443279903,108.32192864157372,108.66690393596241,17004022
2005-10-04,110.73670959472656,112.11661035414043,109.1843337922412,111.77163516428696,14848415
2005-10-05,113.15153503417969,115.91132397945657,110.39174608890279,110.90919631775989,24982632
2005-10-06,111.42668151855469,112.46160728821587,110.73673100544723,111.42668151855469,10385783
2005-10-07,110.04679870605469,111.7716625257091,109.35684815744959,111.25419961425528,9603660
2005-10-10,95.27861022949219,95.27861022949219,95.27861022949219,95.27861022949219,0
2005-10-11,109.35684967041016,111.25420115346586,109.1843620308725,110.56426314717375,8244483
2005-10-12,108.32192993164062,110.21929407337522,107.80446698389483,108.66690523013783,7822422
2005-10-13,106.2520751953125,109.1843651512546,104.00974836909799,107.97695163998432,13567927
2005-10-14,105.2171630859375,107.97695931771914,105.2171630859375,107.6319840042552,6563395
2005-10-17,97.97269439697266,106.2520695086327,97.97269439697266,105.90710679001982,17203130
2005-10-18,99.35260009765625,99.69757540595634,96.5928039071853,99.00762478935616,16264821
2005-10-19,97.62773132324219,97.62773132324219,95.3853980609722,97.28275600967298,11355091
2005-10-20,99.69755554199219,100.73248126069154,96.9377599013891,98.31766085965491,12415011
2005-10-21,99.00762176513672,100.73249825395027,96.93777625449005,97.28275155225276,11697270
2005-10-24,97.28275299072266,100.21503678913427,97.28275299072266,100.04254913770244,5480822
2005-10-25,97.62773132324219,100.387527555866,97.62773132324219,99.52508927194297,6972340
2005-10-26,95.7303695678711,98.31767804082727,91.41819087158734,97.28275214127295,15023677
2005-10-27,95.3853988647461,97.28275682943514,92.7980902671047,94.86793589003183,9651350
2005-10-28,93.488037109375,95.38539499713141,92.62559885315406,93.6605247606192,8672504
2005-10-31,99.87005615234375,99.87005615234375,95.21290236427579,95.90285293315382,11006951
2005-11-01,100.73248291015625,103.14729707480622,100.73248291015625,101.76740236987357,16372124
2005-11-02,107.114501953125,107.114501953125,102.28486725275063,103.14729910685055,19466041
2005-11-03,105.04466247558594,110.73672900202774,105.04466247558594,110.04679105326014,19615074
2005-11-04,108.66690063476562,110.04680177040032,106.59704893131358,108.66690063476562,14593271
2005-11-07,109.35684967041016,109.35684967041016,106.5970474378077,108.66689911225954,9586968
2005-11-08,106.42455291748047,109.70181785680711,106.25206528909486,109.70181785680711,9439128
2005-11-09,109.52933502197266,110.04679792977625,105.56213194733662,106.25206993921651,12376858
2005-11-10,109.52933502197266,111.42668646539427,109.01187211416905,110.39177320164532,12965835
2005-11-11,110.04679870605469,112.97907598576802,109.70182343175215,111.42668725140656,11700847
2005-11-14,110.56427001953125,112.46162162052086,110.04680706875428,110.04680706875428,9100526
2005-11-15,108.49444580078125,110.56429813014233,107.80449502432757,110.56429813014233,7476667
2005-11-16,109.35684967041016,110.7367382348529,108.4944114727219,108.4944114727219,8307672
2005-11-17,107.28700256347656,109.356854326048,105.04467570588322,109.356854326048,17399853
2005-11-18,111.42668151855469,113.15155780132334,108.66689201798253,108.66689201798253,22971288
2005-11-21,114.18648529052734,115.56637378566441,111.25419556566307,112.11663372003491,18345316
2005-11-22,110.73670959472656,113.84148630340778,110.73670959472656,113.84148630340778,9690695
2005-11-23,113.15153503417969,113.15153503417969,111.25417150490141,111.77163428561366,9098141
2005-11-24,112.28913116455078,113.32405704024556,110.90922999695773,113.15156939429643,7588739
2005-11-25,116.6012954711914,117.80870884485915,112.80658027723594,113.32404315166497,17869604
2005-11-28,122.46585845947266,122.81083369865989,117.80870528230196,119.70605654597473,20210012
2005-11-29,119.7060775756836,121.7759293744342,119.7060775756836,120.74100347505889,9437936
2005-11-30,120.91348266601562,123.32830959562006,120.05104447687118,120.39601975252896,13384319
2005-12-01,120.56852722167969,121.77594088507941,119.18863844394045,120.39603955547972,9269827
2005-12-02,124.19074249267578,125.39815602805929,122.12090326959172,123.50080445288717,14842454
2005-12-05,129.7103271484375,130.57276533796005,124.88068583896971,125.91561166639674,15857068
2005-12-06,128.67538452148438,128.67538452148438,126.26057045795156,126.26057045795156,8566393
2005-12-07,119.7060775756836,128.675410266551,119.7060775756836,127.64049691903496,19783182
2005-12-08,118.6711654663086,119.53359117292676,116.0838506908759,119.0161407696996,12592658
2005-12-09,120.39601135253906,121.43093710730595,118.67114764645173,118.67114764645173,12676116
2005-12-12,116.94627380371094,118.32617483856487,112.46160799229342,117.29124906242441,11693693
2005-12-13,117.46376037597656,120.5685257785534,115.91137139875799,116.94629738357037,10931838
2005-12-14,119.7060775756836,120.05105287547536,117.1187753791046,119.36110227589184,9740770
2005-12-15,119.18864440917969,121.08599628047884,119.18864440917969,121.08599628047884,5529705
2005-12-16,122.63835144042969,126.95052956692801,120.74098754195309,120.74098754195309,17823106
2005-12-19,123.84575653076172,125.05316996215798,121.94840511899706,123.50079381650654,10357169
2005-12-20,122.46585845947266,123.50078417703436,122.1208832202854,123.50078417703436,5399748
2005-12-21,122.46585845947266,122.81083369865989,120.39600702434922,122.63834607906627,8438821
2005-12-22,105.43370056152344,107.8231353223464,105.43370056152344,106.62842421786475,10822323
2005-12-23,125.05316162109375,125.05316162109375,120.74098363415949,122.81083509277939,11940491
2005-12-26,112.00462341308594,113.34867638367135,110.21255696959146,110.21255696959146,20094076
2005-12-27,128.67538452148438,131.43518636764387,126.95052091949142,129.71031021379417,14359588
2005-12-28,130.4002685546875,130.4002685546875,125.91560283555198,126.95052859039652,9733616
2005-12-29,136.0923614501953,139.02463883430977,129.8828188435225,130.4002817734001,25277120
2005-12-30,133.50503540039062,139.1971145911212,133.50503540039062,136.09234982883984,19505386
2006-01-02,137.4722137451172,137.64470134286435,131.09019773218293,131.09019773218293,16450813
2006-01-03,137.98971557617188,142.99184477410554,136.60981440381528,137.47225263653814,19948907
2006-01-04,133.84999084472656,140.05953200199608,133.1600404326015,139.71455679593356,20680955
2006-01-05,135.5748748779297,139.36958981676094,133.67751113258578,135.22989965150353,18491964
2006-01-06,127.64049530029297,139.02464239346926,127.64049530029297,136.60981532555184,33435760
2006-01-09,125.91560363769531,129.36534362396281,124.19072736863278,128.33041786252528,19402851
2006-01-10,123.15582275390625,126.95053825881355,122.63835983707456,125.91561242515016,13417702
2006-01-11,124.70819854736328,125.05317382413024,121.77592124670251,122.8108470770034,17780184
2006-01-12,120.74101257324219,125.74314224528842,120.2235495845622,125.05319159371511,15235900
2006-01-13,119.7060775756836,122.98334292370538,119.7060775756836,121.43095407464243,10451357
2006-01-16,119.7060775756836,122.12090467422595,118.84365187806344,119.87856522557948,13579850
2006-01-17,120.91348266601562,124.53571050856388,120.74099502818675,121.43094557950229,20952790
2006-01-18,115.7388687133789,119.36109663824874,112.634103713756,119.01613390660944,25206777
2006-01-19,112.28913116455078,116.08384682357267,111.08171764290687,115.22140859382702,20028788
2006-01-20,112.11663818359375,114.87644038745619,112.11663818359375,113.49653928552496,12539006
2006-01-23,112.8066177368164,113.66905614725385,109.7018520111032,110.04682737527818,11446895
2006-01-24,113.49652862548828,115.39387991057869,113.32404100394758,113.84150386856966,8735694
2006-01-25,110.21929168701172,113.49654439991996,109.70182875046955,113.49654439991996,13117252
2006-02-03,113.49652862548828,115.39387991057869,112.9790657608662,114.18647911165104,13492815
2006-02-06,115.56637573242188,115.56637573242188,108.83938311871862,110.39177182273849,10326170
2006-02-07,115.91133117675781,117.98118242813047,114.18646768580322,115.2213807596336,11663887
2006-02-08,115.56637573242188,117.80871497156168,115.56637573242188,117.29125207022173,8870420
2006-02-09,114.35897064208984,117.98119826639835,114.35897064208983,117.63622301152539,7830768
2006-02-10,110.56427001953125,115.22141147280544,109.87431941849528,115.04892382254644,10619466
2006-02-13,113.15153503417969,113.15153503417969,108.32189496605376,110.39174608890279,9654927
2006-02-14,114.70396423339844,115.56638995658956,112.28913706325636,112.80660002828681,8362516
2006-02-15,118.6711654663086,120.39602943140432,112.97908551221609,113.84152377069364,26501572
2006-02-16,119.01612854003906,121.25845522980806,119.01612854003906,120.39601705995149,12140791
2006-02-17,117.291259765625,120.05104953531469,116.94628447543143,119.70607424512112,8553278
2006-02-20,117.291259765625,117.98121034601215,115.73887095975391,116.60130918523785,5601241
2006-02-21,116.25634765625,118.84366263896099,116.25634765625,117.80873664587659,7301404
2006-02-22,113.15153503417969,117.80868750873485,112.80655984703817,117.46371232159335,10733923
2006-02-23,110.04679870605469,113.66902653437312,110.04679870605469,113.49653889722185,11682963
2006-02-24,113.15153503417969,113.15153503417969,109.87428330819054,109.87428330819054,6842384
2006-02-27,115.7388687133789,116.60130692212378,111.59917786326214,112.11664078850907,8364901
2006-03-01,120.56852722167969,121.25847788647953,114.53148400840196,115.56639745374129,18911640
2006-03-02,117.6362075805664,122.81082317302177,117.6362075805664,122.46584796340102,11629311
2006-03-03,117.80873107910156,121.2584716745131,117.29126810701086,118.32619405119227,11344361
2006-03-06,120.91348266601562,122.12089613081784,118.32618065044069,118.32618065044069,13483276
2006-03-07,117.981201171875,120.22352783191255,117.981201171875,120.05104020022829,8536587
2006-03-08,115.56637573242188,119.01612840802159,114.53146248160004,117.80871497156168,12163444
2006-03-09,116.25634765625,117.80873664587659,115.91137232522186,116.60132298727812,7089182
2006-03-10,115.04891967773438,116.94628376222785,114.01400636532404,116.25633318604841,9809921
2006-03-13,118.3261947631836,118.3261947631836,115.0489292535559,116.60131817916901,7874882
2006-03-14,115.7388687133789,118.32618333961354,114.70395541474372,117.63623277261765,7173833
2006-03-15,121.77592468261719,121.77592468261719,116.9462832234695,117.29125850996996,17354547
2006-03-16,123.50081634521484,128.50293351261405,121.43096437095835,122.12091502904384,29894746
2006-03-17,127.12300872802734,127.46798395932144,124.53569449332164,124.88066972461574,15916681
2006-03-20,127.2955322265625,131.09024828861988,127.2955322265625,128.67542098885409,17526233
2006-03-21,122.12091064453125,129.02039187395317,120.74100937790291,127.98546592398192,14304744
2006-03-22,122.29339599609375,123.32832192654365,120.05105648011896,120.7410071004189,9384284
2006-03-23,122.81084442138672,125.22565875467998,122.2933815174257,123.5007949600014,12385204
2006-03-24,123.15582275390625,125.91561242515016,122.12089692024286,124.53571131359898,12735729
2006-03-27,124.19074249267578,125.22566838014735,123.50080445288717,125.22566838014735,6966379
2006-03-28,124.3632583618164,125.9156475453009,123.5008324784092,124.8807214229779,8264751
2006-03-29,128.8478546142578,129.71029257389574,125.22562773563348,125.22562773563348,15737842
2006-03-30,127.2955322265625,130.7452729600819,126.95055689802453,130.05532230300597,15108328
2006-03-31,129.53787231445312,130.7452860855478,128.33045854335845,129.36538463286817,14054369
2006-04-03,129.53787231445312,130.7452860855478,129.36538463286817,130.4003107223779,7402747
2006-04-04,129.7103271484375,133.50504263047827,129.7103271484375,130.40027770005554,14187903
2006-04-06,131.09017944335938,131.7801297380908,129.88276642757938,131.4351545907251,11903531
2006-04-07,129.36534118652344,131.43519267039935,128.84787831555445,131.0902174230867,7817653
2006-04-10,128.67538452148438,131.09021113687393,128.15792167532948,129.36533498302424,5619124
2006-04-11,130.05531311035156,130.22780076242867,127.98546128542637,129.71033780619737,6361903
2006-04-12,131.7801971435547,131.7801971435547,129.71034520063282,130.05532052445312,6744619
2006-04-13,128.3304443359375,132.81511100878876,128.3304443359375,132.81511100878876,7544626
2006-04-14,130.4002685546875,130.74524380630234,128.3304170449984,128.67539229661327,5933881
2006-04-17,125.91560363769531,130.22778175849407,125.91560363769531,130.22778175849407,7213177
2006-04-18,126.43307495117188,127.64048842004699,124.53571092865383,124.88068620547529,5130298
2006-04-19,126.2605972290039,128.6754118045502,124.1907454055133,127.81298609662186,9647774
2006-04-20,127.64049530029297,128.6754086346842,125.91561882320909,127.64049530029297,11166714
2006-04-21,134.0225067138672,136.2648460261957,127.9854518863797,128.67540244401926,24480690
2006-04-24,134.5399932861328,136.60983277110003,133.67755493745452,133.85004260719018,16181363
2006-04-25,133.1600799560547,137.29977110565733,132.8151046475995,136.60982048874698,14031716
2006-04-26,126.9505615234375,132.470141877429,126.26061084122337,131.0902530648615,25070859
2006-04-27,126.77806091308594,129.19287550250286,126.60557326013762,127.98546193186465,11892801
2006-04-28,128.5029296875,128.67541734688697,126.77806564549017,127.98546670933908,6097221
2006-05-02,127.64049530029297,130.40028511176806,127.1230323571678,129.7103345209345,8130026
2006-05-03,129.8828125,131.95266411841826,128.33042378618632,128.5029114210545,9451051
2006-05-04,130.7452850341797,133.1601000050891,130.57279735398177,130.57279735398177,10026913
2006-05-05,131.7801971435547,134.19501185843671,131.2627341578242,132.81511056315549,19704493
2006-05-08,140.9219970703125,140.9219970703125,132.6426030872512,134.1949918125486,30098622
2006-05-09,139.02464294433594,143.68179689905665,139.02464294433594,141.95692041513817,24367425
2006-05-10,139.19712829589844,142.1294057183165,137.6447394859871,141.09447984504226,14384626
2006-05-11,142.99185180664062,144.19926539183493,137.98972236269537,137.98972236269537,11367014
2006-05-12,137.98971557617188,140.74951792088507,137.98971557617188,138.16220322271644,10584891
2006-05-15,134.5399932861328,136.60983277110003,134.5399932861328,136.60983277110003,8770270
2006-05-16,134.71246337890625,137.81722847718507,134.71246337890625,136.26485220397518,7104681
2006-05-17,134.1949920654297,136.26484370306008,133.3325538830837,136.26484370306008,7101105
2006-05-18,113.05003356933594,115.88748223785831,113.05003356933594,114.39408688054533,14565176
2006-05-19,111.5566177368164,113.79671036163714,111.40727571812322,112.60198676395066,13752710
2006-05-22,124.19074249267578,129.71033467399843,124.19074249267578,129.3653593781746,9855227
2006-05-23,119.36106872558594,122.98330835525137,119.01610607461639,122.46584555101344,11914261
2006-05-24,124.19074249267578,125.74313132388315,120.05105149464856,121.60344032585593,11488624
2006-05-25,122.46585845947266,125.915598299488,121.08595750272369,125.22564782111351,9719309
2006-05-26,120.74101257324219,125.91562990818174,120.05106192166888,124.1907532792485,8418553
2006-05-29,105.43370056152344,106.62842421786475,103.79096965489626,106.03106866562392,5184635
2006-05-30,121.77592468261719,123.15582582861903,119.87856060686464,122.4658752556181,4488861
2006-06-01,127.81300354003906,130.40030612064783,124.88071305657321,126.26061446055715,12497277
2006-06-02,129.19287109375,131.43521050555745,128.33043285843942,129.71033403493632,11712769
2006-06-05,123.84575653076172,131.43519983339445,122.81084328428011,131.09022456728124,11910685
2006-06-06,129.19287109375,129.19287109375,124.1907418808078,125.91561835142893,7682928
2006-06-07,121.0859603881836,127.29550228966929,120.3960098933677,125.57062605262956,12554505
2006-06-08,112.8066177368164,119.87858759868027,112.63413005472893,119.70609991659279,16527118
2006-06-09,114.87647247314453,116.25636140862863,109.01190370378598,113.84154635763504,14347666
2006-06-12,113.15153503417969,115.22137360517355,111.59914669204291,113.32402262775044,6403632
2006-06-13,106.2520751953125,109.70182808465613,105.56213716930263,109.70182808465613,13619194
2006-06-14,104.35472869873047,105.56214226832304,102.45737079387189,103.83726574033365,20868140
2006-06-15,104.1822280883789,107.63196816344049,103.66476519434099,105.21714760052579,13669269
2006-06-16,106.2520751953125,109.52934044018895,105.38964952483545,106.94202577318123,16906257
2006-06-19,103.31981658935547,107.28702058203945,102.97484751358647,105.7346440512525,7969070
2006-06-20,98.66263580322266,104.52720267944594,96.59279051629942,103.49227689801985,14117559
2006-06-21,96.59278869628906,101.07745444611041,95.21289395631665,99.52507207915035,13590580
2006-06-22,103.31981658935547,103.31981658935547,99.35261259667149,100.73251400346979,9113641
2006-06-23,105.38965606689453,106.94203241160402,102.45737220486046,103.49229185997672,10075795
2006-06-26,105.5621337890625,106.59704707086743,103.83725739962352,103.83725739962352,7418246
2006-06-27,103.4922866821289,105.38965079411923,102.97483001842468,104.8721878544855,13100561
2006-06-28,101.07746124267578,102.28487471277722,98.83512821698805,101.76741179701946,10113948
2006-06-29,102.11239624023438,104.18224181313434,102.11239624023438,103.14731588871946,11288324
2006-06-30,103.4922866821289,105.21715687164514,103.4922866821289,105.21715687164514,10190252
2006-07-03,102.97481536865234,105.38963580080106,102.80232774664682,103.83724720275136,5869499
2006-07-04,105.73462677001953,107.63197834240353,103.4922873504595,103.83726264577643,9405745
2006-07-05,103.8372573852539,106.07959669121428,103.8372573852539,105.56213377445418,4623587
2006-07-06,104.1822280883789,104.69969098241683,102.45735805084811,103.492277562995,6462053
2006-07-07,106.07958984375,106.76952780303598,103.66476305474728,104.182225938105,9143447
2006-07-10,107.114501953125,107.28698957913075,104.87217536690794,105.21714434299065,6559818
2006-07-11,104.52720642089844,107.28699605162754,104.52720642089844,106.7695331423924,6778002
2006-07-12,103.8372573852539,106.94202233395596,103.8372573852539,105.21715222068491,6917496
2006-07-13,103.31981658935547,104.69971799615377,102.97484751358647,103.31981658935547,4769043
2006-07-14,99.35260009765625,101.59493332567706,99.35260009765625,100.73250133085662,8424514
2006-07-17,95.7303695678711,99.35259766445196,94.52295601839106,98.66264706474908,8046567
2006-07-18,97.1102523803711,98.14517815085603,96.24782051422918,96.24782051422918,3539822
2006-07-19,95.9028549194336,98.66264470024602,95.9028549194336,98.31767568459158,4418518
2006-07-20,99.69755554199219,100.04253078155864,98.49014847943813,99.35258030242574,5802733
2006-07-21,98.66263580322266,98.66263580322266,97.6277162977255,98.31766681867622,4445940
2006-07-24,98.66263580322266,98.66263580322266,96.59279051629942,97.80020392796318,2465595
2006-07-25,100.73248291015625,102.11237761508889,100.38750766494093,100.38750766494093,5825386
2006-07-26,85.72086334228516,87.96095581951302,85.72086334228516,87.21428970674923,5457293
2006-07-27,89.30503845214844,89.90236254453447,85.72086168846005,85.72086168846005,9358507
2006-07-28,103.4922866821289,105.90711373375295,102.28487943224638,102.8023423718801,8593815
2006-07-31,102.97481536865234,105.7346110448121,102.80232774664682,105.56212342280658,7111835
2006-08-01,101.76739501953125,103.66475245524666,100.3875004142641,102.45734546012892,11045103
2006-08-02,103.36592864990234,104.34477550423175,101.40824141672584,102.19131501489998,10944953
2006-08-03,101.79976654052734,104.73630038464236,101.79976654052734,103.17015331810218,8900768
2006-08-04,104.93208312988281,106.88977037813673,101.79977576209774,101.79977576209774,11479303
2006-08-07,107.67285919189453,108.2601660968802,104.14901776198056,104.93209795228361,9608537
2006-08-08,109.63050842285156,110.41358838587927,108.45590142927277,110.41358838587927,6346078
2006-08-09,111.58821105957031,111.58821105957031,109.0432171585036,109.63051746599723,7540507
2006-08-10,111.58821105957031,113.15435816385049,111.19667752124123,111.19667752124123,6892351
2006-08-11,111.39244842529297,112.5670620348457,110.41360159217163,111.97974875458718,4834075
2006-08-14,111.78398132324219,113.35012847648208,111.58821454795772,111.97974809852664,4103544
2006-08-15,112.95860290527344,112.95860290527344,111.19668885228803,111.97975600874149,4474229
2006-08-16,115.112060546875,116.28667420251443,114.32898045946045,114.91629376276256,8682909
2006-08-17,117.4613037109375,120.59359858140611,116.09092308623666,116.4824567073036,15294537
2006-08-18,117.85283660888672,120.59359784147172,117.85283660888672,119.81053060414256,6503240
2006-08-21,111.00090789794922,118.24434292560855,110.80512818285486,117.85280939734683,7587
2006-08-22,114.72051239013672,115.8951258964056,111.58820538976529,111.58820538976529,5419
2006-08-23,115.5035629272461,115.69932965849831,111.58818944931791,114.32894958877151,6074026
2006-08-24,115.6993637084961,118.2443578656821,114.72052976416695,114.91629655303278,5619883
2006-08-25,113.5458984375,117.46127245934991,113.5458984375,116.87395923304271,4461222
2006-08-28,113.5458984375,113.5458984375,111.7839717095415,113.5458984375,3796808
2006-08-29,113.5458984375,115.30781221449537,113.5458984375,115.30781221449537,3087955
2006-08-30,117.2655029296875,117.65703643733085,114.7205092280801,115.11204273572345,5945045
2006-08-31,117.4613037109375,120.20206496033917,117.4613037109375,119.41898476723874,9009155
2006-09-01,123.72588348388672,124.50895058096542,118.63589554901851,118.63589554901851,14703826
2006-09-04,121.93600463867188,123.8004642342811,119.51219291831974,119.69863499259154,14119998
2006-09-05,125.87934112548828,128.6201150396678,125.29204075521316,128.42433529861088,6295136
2006-09-06,125.87934112548828,128.22856850851917,124.50896064388114,125.29204075521316,7049512
2006-09-07,129.20741271972656,129.20741271972656,125.09627136050281,125.09627136050281,11130296
2006-09-08,124.91913604736328,124.91913604736328,122.12245298577933,123.42757347464709,10925444
2006-09-11,128.0327911376953,132.7312455154731,127.64125758986854,131.36086514711525,9439453
2006-09-12,125.68355560302734,128.6200958696251,125.2920220811996,128.03278263592023,6367756
2006-09-13,124.1174087524414,128.42431635194905,122.94279523421874,128.42431635194905,7153564
2006-09-14,121.37665557861328,125.29202989392802,120.39780876204358,125.29202989392802,6641976
2006-09-15,124.50894165039062,124.50894165039062,121.18088082458756,121.18088082458756,6037174
2006-09-18,128.42431640625,129.59892992496933,126.07510231977463,126.85816936494533,10479972
2006-09-19,125.68355560302734,128.03278263592023,125.68355560302733,127.64124911409252,6559601
2006-09-20,126.85816955566406,127.24971602980136,124.50894251469356,125.68355603517881,7542675
2006-09-21,124.7047119140625,129.2073859110784,124.7047119140625,128.42430597852848,7091783
2006-09-22,124.90052795410156,126.27090866369205,124.50898135781331,124.70476113144112,5404192
2006-09-25,123.33434295654297,125.2920366959645,121.9639625193338,124.50895661000293,4629223
2006-09-26,122.15970611572266,124.70471267428415,122.15970611572266,124.31316623014114,5282799
2006-09-27,124.50894165039062,125.09625488203797,123.13856137783115,124.11740812993456,6031755
2006-09-28,121.96393585205078,125.09624256005681,121.37663562921576,125.09624256005681,5765122
2006-09-29,122.94279479980469,123.92164155335875,122.3554945182502,122.3554945182502,3207181
2006-10-02,124.90052795410156,124.90052795410156,122.35553335758102,123.33436747088327,5515831
2006-10-03,124.7047119140625,125.29201215025326,123.72586523611565,124.50893221770333,4428706
2006-10-04,126.46664428710938,127.44549110989806,125.29203068995577,125.29203068995577,8773955
2006-10-05,130.5777587890625,131.75237214682218,128.22853207354308,129.20737869683643,14320135
2006-10-09,124.35977172851562,124.35977172851562,124.35977172851562,124.35977172851562,0
2006-10-11,134.29736328125,135.471976618757,131.36083641296318,131.94813660623603,13608030
2006-10-12,130.96932983398438,134.6889373410954,130.96932983398438,134.29739084758205,10472384
2006-10-13,130.18624877929688,133.51432271781843,129.79471523981098,133.51432271781843,8032585
2006-10-16,131.94818115234375,132.53549449485666,130.38203382391876,131.94818115234375,6930286
2006-10-17,125.68355560302734,131.16508966343187,125.68355560302733,129.2073961523667,7048428
2006-10-18,121.76819610595703,124.5089569887117,120.59358244892434,124.11742342002242,8809723
2006-10-19,121.18090057373047,123.53012798125259,120.20205366210202,121.37666736586309,5222102
2006-10-20,122.15970611572266,123.13855279963673,121.9639393691323,122.94278605304638,3307981
2006-10-23,124.90052795410156,124.90052795410156,122.15975358395322,123.72591406717152,4081867
2006-10-24,127.83698272705078,129.20736264907345,125.29198959315727,125.29198959315727,9772202
2006-10-25,127.24972534179688,129.99048610650723,127.24972534179688,128.81587250006504,4821068
2006-10-26,122.6817398071289,123.61398887805062,122.6817398071289,123.0546497962669,6538195
2006-10-27,128.62010192871094,129.59893577939152,127.64125512706644,129.2074022391193,2279385
2006-10-30,127.6412582397461,128.03279178956635,126.6624114142313,127.24972468992587,3280884
2006-10-31,127.05393981933594,129.20740015807692,126.07510598442065,129.20740015807692,3893273
2006-11-01,127.83698272705078,128.81582922876981,127.24968259659532,127.24968259659532,3466227
2006-11-02,127.83698272705078,128.62006251861797,126.27083609487629,127.05390293548358,3180084
2006-11-03,128.42431640625,129.59892992496933,127.83701612237198,127.83701612237198,6798054
2006-11-06,124.7047119140625,126.46662557359703,124.50893221770333,125.29201215025326,5402025
2006-11-07,125.29200744628906,126.27085408748607,125.29200744628905,125.68354092238316,3685169
2006-11-08,125.29200744628906,127.05392103967428,124.50892754313908,125.29200744628905,6256117
2006-11-09,123.33434295654297,126.85818391692287,123.33434295654297,126.66241713317366,5033508
2006-11-10,123.33434295654297,124.31318982625373,122.55127582154617,124.11742304250454,3497659
2006-11-13,120.985107421875,124.31316806495649,120.7893277214327,124.31316806495649,4214099
2006-11-14,121.37665557861328,121.76818912485552,120.39780876204358,120.98512203237104,4838410
2006-11-15,124.1174087524414,124.31317551365132,122.94279523421874,122.94279523421874,5046514
2006-11-16,126.2708969116211,128.22857790699098,125.68358354733382,126.07513010718073,6560685
2006-11-17,126.46664428710938,128.22855820735768,126.46664428710938,128.22855820735768,4573945
2006-11-20,128.22854614257812,129.0116261173234,127.2497123628502,128.4243128985237,5720683
2006-11-21,129.5989227294922,130.57776943257218,127.44547552387128,128.22854252556522,6271291
2006-11-22,128.0327911376953,129.99048477875743,128.0327911376953,129.99048477875743,2349837
2006-11-23,126.85816955566406,128.81586307346058,126.46663603249009,128.4243165993233,3324239
2006-11-24,126.85816955566406,127.44548279138834,125.29202251200483,127.24971602980136,2747619
2006-11-27,130.5777587890625,132.73121877011553,128.8158452279037,130.38199205459614,8242857
2006-11-28,129.01161193847656,129.9904585615886,128.03276531536451,129.9904585615886,3400110
2006-11-29,128.0327911376953,130.3820183265842,127.24972404204178,130.3820183265842,4764707
2006-11-30,129.5989227294922,129.5989227294922,127.64124227429477,129.01162247822174,2925374
2006-12-01,130.3820343017578,132.3397281826881,129.59895415919254,129.59895415919254,7033254
2006-12-04,132.14393615722656,132.53548266761612,128.81587500018466,130.96933547895145,4750617
2006-12-05,135.863525390625,137.23391856460606,132.5354646851361,133.12276494458845,13161474
2006-12-06,137.23397827148438,138.2128124631032,135.08051714798614,137.0381984821922,7872172
2006-12-07,133.3185272216797,136.64660076639404,132.73122698194544,136.64660076639404,5282799
2006-12-08,131.55665588378906,133.12280331133064,130.38204207539124,133.12280331133064,3032677
2006-12-11,131.16506958007812,131.55660304195618,129.5989098306434,131.16506958007812,2308650
2006-12-12,127.6412582397461,130.7735525402364,125.29203103889627,130.7735525402364,4885017
2006-12-13,127.6412582397461,128.22855856447646,122.74703706313632,127.05394496405154,5850748
2006-12-14,129.79470825195312,130.96932175813606,126.27086773340433,128.22854827640043,5953716
2006-12-15,131.36087036132812,131.55663714301224,130.1862567202588,131.165103579644,3882434
2006-12-18,131.55665588378906,133.90588350058468,130.77357569453503,130.77357569453503,4646565
2006-12-19,129.5989227294922,133.5143095418122,129.5989227294922,131.55661613565218,3634227
2006-12-20,131.55665588378906,131.75242269336096,130.18627526581938,130.57780888496313,3451052
2006-12-21,129.79470825195312,131.55662203574593,129.40316178258337,131.16508851733934,2257708
2006-12-22,130.7735595703125,130.96933930671148,129.40317912130908,129.40317912130908,1631229
2006-12-25,129.5989227294922,130.77353618299568,129.5989227294922,130.77353618299568,1546687
2006-12-26,131.55665588378906,132.3397360730431,130.38204207539124,130.38204207539124,3096626
2006-12-27,131.36087036132812,134.29739798851912,130.9693367979599,131.94817070638047,3831492
2006-12-28,133.1227569580078,133.51430339178168,131.9481435586102,133.1227569580078,2931877
2006-12-29,131.94818115234375,133.5143414317344,131.55664755797892,133.1227948864039,3354588
2007-01-02,141.14927673339844,141.14927673339844,132.33968316770301,132.33968316770301,12744183
2007-01-03,146.43505859375,148.58851895642738,141.93237109923615,142.1281378683952,18152712
2007-01-04,148.39273071289062,150.3504241939625,146.4350501827818,146.82658369861096,9593363
2007-01-05,146.04351806640625,149.9588921151058,145.65197159586205,149.1758121249806,6591034
2007-01-08,140.56199645996094,144.8689173598392,140.56199645996094,144.8689173598392,7234855
2007-01-09,140.36624145507812,142.5197020856233,140.17047466156774,140.9535418356093,5153818
2007-01-10,141.3450927734375,141.3450927734375,137.03817137827977,138.60433167704576,6104375
2007-01-11,138.99583435058594,145.6519688110144,136.6466073760905,142.5196748123291,12409266
2007-01-12,138.99583435058594,142.12812834927124,138.604300838491,140.17044783783365,7382261
2007-01-15,142.91122436523438,143.89007120630353,138.60431639588032,140.36623034903326,5455134
2007-01-16,143.69427490234375,147.2181150355442,143.69427490234375,143.69427490234375,7872172
2007-01-17,145.26040649414062,145.84770664582285,141.73656673116616,142.91117998549097,4478564
2007-01-18,149.37156677246094,149.567333516377,145.06465955342085,146.43503971179553,8454212
2007-01-19,148.19699096679688,151.13353172364714,148.00122417319994,148.3927577603938,5616632
2007-01-22,148.7842559814453,149.37155617151265,147.80540938037186,148.98002271146774,4696423
2007-01-23,145.84774780273438,149.17582178763374,145.65198103026336,148.39274174678565,5894103
2007-01-24,147.60963439941406,149.7630942112115,147.60963439941406,148.39270127573275,5681664
2007-01-25,146.82662963867188,148.98009055144706,145.2604821343659,148.39277714297788,3665659
2007-01-26,144.86888122558594,147.02232818743227,144.28156808983795,144.86888122558594,4914282
2007-01-29,141.7366180419922,144.86892550445512,140.7577711505372,144.86892550445512,6410027
2007-01-30,144.08584594726562,144.86892605359094,141.73661857925478,143.69431236958553,7529668
2007-01-31,140.56199645996094,144.08583730050742,138.60431573807801,144.08583730050742,6256117
2007-02-01,140.56199645996094,142.12814362766014,138.01700245583808,141.73661007347644,2938380
2007-02-02,141.14927673339844,143.8900368736661,140.95349705112676,141.7365769273295,4926204
2007-02-05,140.56199645996094,141.14930974220087,139.5831496235373,141.14930974220087,3305813
2007-02-06,141.7366180419922,141.93238483009017,140.17047078624324,141.7366180419922,3701427
2007-02-07,145.65199279785156,146.82660647854166,142.91123185989636,143.69431196401146,7494984
2007-02-08,145.65199279785156,146.82660647854166,144.08584554058646,146.04353932539166,3485736
2007-02-09,142.51968383789062,146.04352452279343,142.51968383789062,145.6519780349395,4315983
2007-02-12,139.19158935546875,141.9323496106721,137.82120922786706,141.3450493921122,5985149
2007-02-13,138.40853881835938,140.56199931199265,138.01700525623136,139.19161889358,3109632
2007-02-14,142.12814331054688,142.32392303816627,138.99584898213718,139.3873825354473,5982981
2007-02-26,143.69427490234375,145.6519552312584,143.69427490234375,144.4773418535249,6195420
2007-02-27,137.9704132080078,138.90262359053577,136.4787988901796,137.41106107656321,4596652
2007-03-01,140.95355224609375,143.89009321853163,139.38740483137337,142.911246227719,9612873
2007-03-02,138.80006408691406,140.75774454887897,138.01698413155052,140.1704442955783,5315315
2007-03-05,127.83698272705078,135.47196212873132,127.44544930674714,135.47196212873132,8647142
2007-03-06,130.18624877929688,130.9693288092325,127.64125487071092,128.81586844013242,5692503
2007-03-07,129.99049377441406,132.731254700797,129.99049377441406,132.731254700797,4822152
2007-03-08,134.29736328125,134.49313001234094,130.18622307545618,130.18622307545618,5997071
2007-03-09,133.1227569580078,135.8635172396149,132.73122347519595,135.47198375680304,3199594
2007-03-12,132.33970642089844,134.29738702894423,132.33970642089844,133.9058534975278,2631644
2007-03-13,138.99583435058594,138.99583435058594,132.33969989015745,132.33969989015745,7901437
2007-03-14,136.64662170410156,137.8212353145128,135.47200809369033,135.47200809369033,5482231
2007-03-15,140.95355224609375,142.5197126117805,138.80010440746562,138.99587121543487,6212762
2007-03-16,138.99583435058594,143.30274183651895,138.99583435058594,142.32390805628165,4226022
2007-03-19,138.60430908203125,140.56198970990258,138.212762595686,140.17045617452106,1505500
2007-03-20,138.40853881835938,140.95353287412067,138.01700525623136,139.77893218773664,2816987
2007-03-21,141.7366180419922,142.3239313572512,138.60432353049433,139.7789372100473,3205013
2007-03-22,146.04351806640625,148.00119861527443,144.86890455670004,146.04351806640625,11241935
2007-03-23,147.0223388671875,147.21811856063243,144.08581182802052,146.04350515477321,5016166
2007-03-26,146.2393035888672,147.21815046437004,145.2604567133643,147.02237072849758,3609298
2007-03-27,146.82662963867188,149.56739100894913,146.82662963867188,146.82662963867188,6997486
2007-03-28,143.3027801513672,148.00123535658355,143.3027801513672,146.82662155527944,4591287
2007-03-29,146.82662963867188,147.60970986630844,141.5408737172847,141.5408737172847,4823236
2007-03-30,148.7842559814453,149.56732290153508,146.23926258923106,148.00117611039428,4860088
2007-04-02,147.2181396484375,150.74196741981282,147.2181396484375,150.54620064928798,3326407
2007-04-03,151.13351440429688,151.13351440429688,147.02236040602287,147.2181401281496,6141226
2007-04-04,150.7419891357422,152.50391622621743,149.95892194083387,151.52506928161625,4895856
2007-04-09,151.72080993652344,151.9165767015169,149.56734961966825,150.74196316059258,3171413
2007-04-10,153.48272705078125,153.48272705078125,151.13350011698284,152.6996470891942,2754122
2007-04-11,154.0700225830078,154.65732282296196,152.308108912183,154.65732282296196,4568526
2007-04-12,155.63621520996094,156.6150621816199,152.69968724595017,153.09122085422732,5415031
2007-04-13,152.3081512451172,156.22352611928164,152.3081512451172,155.83197956618906,2753038
2007-04-16,152.6996612548828,157.39811555834726,152.1123479914678,154.65734191401705,5411779
2007-04-17,150.3504180908203,153.87425844312938,148.00119118928092,152.69964499235968,4880682
2007-04-18,153.48272705078125,154.07002730874947,149.56734019380875,150.3504201553958,3273297
2007-04-19,149.56736755371094,153.48275512691333,149.56736755371094,152.69967502207982,4466642
2007-04-20,151.91659545898438,152.30814198827994,150.35044819469755,150.74198177302796,1799229
2007-04-23,156.61502075195312,157.3981007123239,153.09118035672867,154.4615605741555,6114129
2007-04-24,160.1388397216797,160.92190662631867,155.8319199423213,156.61499979792126,6539008
2007-04-25,160.33460998535156,161.90075678014492,159.15999665151622,159.74729684295326,4507829
2007-04-26,158.9642333984375,162.48807347702876,158.9642333984375,162.48807347702876,3246200
2007-04-27,158.9642333984375,161.31346011749835,158.76846666367604,159.35576686796045,3358923
2007-04-30,163.6627197265625,163.6627197265625,158.96426534422957,158.96426534422957,7739940
2007-05-02,168.75271606445312,169.1442496321659,162.0965677075472,164.05426144804065,7258700
2007-05-03,168.94845581054688,170.3188360291968,165.03308190712386,169.92730252414333,6161820
2007-05-04,180.4988250732422,180.6945918412839,173.45114371795793,173.45114371795793,11800129
2007-05-07,184.02267456054688,187.938048961712,182.06498088448214,183.2395944999281,7313977
2007-05-08,185.19729614257812,185.78459650008267,180.30307469284713,180.30307469284713,3909531
2007-05-09,178.5410919189453,185.58877171217773,177.36649157103415,185.19723826287398,7186080
2007-05-10,184.02267456054688,184.80575462116565,180.10730015938177,180.10730015938177,5439960
2007-05-11,184.80575561523438,185.98035628603415,181.47768152840837,183.23959548557247,3525840
2007-05-14,195.57302856445312,195.76879533944216,184.60997260638982,186.17613270823045,9926112
2007-05-15,188.13377380371094,194.39837403937543,186.76339371631198,193.81107383804508,6816479
2007-05-16,184.2184600830078,189.5042154148816,182.8480795507059,188.13383488257972,7875424
2007-05-17,182.45654296875,188.72114513569036,182.45654296875,185.3930707826089,6251781
2007-05-18,184.61001586914062,185.98039656617223,183.63118176480893,185.19732928270687,6726518
2007-05-21,185.98031616210938,189.11262279469597,185.98031616210938,185.98031616210938,6236607
2007-05-22,193.02804565429688,193.8111257501125,187.15497731309196,188.91690429093592,7281461
2007-05-23,190.2872772216797,197.33494600150505,189.89574366473508,195.18149848734518,6850080
2007-05-24,202.8164520263672,203.5995319810766,193.41954437370455,194.59415783028737,14584600
2007-05-25,206.34031677246094,207.51493036780863,198.90110165224692,200.85878234385032,8065102
2007-05-28,200.46726989746094,208.29801939008914,199.68418976781192,207.5149522114056,6209510
2007-05-29,202.8164520263672,206.73182589798907,199.6841451584921,202.4249185244938,7066854
2007-05-30,203.20802307128906,205.5572504184787,201.6418758234843,202.81648949707915,4720268
2007-05-31,204.77413940429688,208.29797989308636,203.20799239293368,205.55721938546,6988815
2007-06-01,207.90646362304688,209.8641572628565,205.55723643566097,205.94876998323724,8449877
2007-06-04,209.4725799560547,211.4302733079358,207.90643304512713,209.4725799560547,5844245
2007-06-05,203.5995635986328,208.6895517172763,202.81648352231664,208.6895517172763,9629131
2007-06-06,202.8164520263672,207.90643935457192,199.2926116566187,205.55721244140625,7694417
2007-06-07,205.55726623535156,205.94879983968858,200.4672775751065,202.81650510306054,8565851
2007-06-08,202.8164520263672,204.3825989848234,201.64183856978434,201.64183856978434,5472476
2007-06-11,203.99107360839844,205.55722062923803,202.81646010502797,204.77414064333666,5854000
2007-06-12,197.72647094726562,203.99107193004457,196.16032393931167,203.59953841579684,9021078
2007-06-13,191.85342407226562,199.6841729035505,190.483043674339,196.5518785514223,9099117
2007-06-14,198.11801147460938,200.46723854518115,194.98571734782266,194.98571734782266,10933031
2007-06-15,205.55726623535156,206.73187999932858,199.2926638111295,199.68419741546649,11426193
2007-06-20,200.85882568359375,205.55728107878042,195.1815362068823,205.55728107878042,17431936
2007-06-21,194.00689697265625,198.50957201140463,192.63651648686627,198.50957201140463,17486129
2007-06-22,197.72647094726562,198.11800446151338,191.07033645023895,192.2449369929822,7622881
2007-06-25,190.92115783691406,193.15851444705962,187.56513587265903,187.56513587265903,10488426
2007-06-26,199.2926483154297,202.8164893333698,198.5095682166769,202.4249557594759,4474229
2007-06-27,197.72647094726562,200.46723144892584,195.37724395985316,199.2926179552196,4170744
2007-06-28,198.11801147460938,201.25031855235957,197.33493146743095,200.46723854518115,4017918
2007-06-29,200.46726989746094,203.59957746509153,198.11804245947937,200.46726989746094,8151811
2007-07-02,200.85882568359375,202.03343953239042,199.68421183479708,201.6419058997805,2928625
2007-07-03,202.42491149902344,207.51489865057226,202.42491149902344,203.2079784755927,6145562
2007-07-04,214.95416259765625,216.5203098657919,204.38263939806905,204.38263939806905,12895925
2007-07-05,225.5256805419922,229.04950877780124,217.30339739048355,217.30339739048355,11644052
2007-07-06,231.79025268554688,232.96485324537656,222.00181107926056,227.48333216231856,10883173
2007-07-09,243.53639221191406,243.53639221191406,232.18181511220607,234.1394829556525,7996818
2007-07-10,229.70205688476562,233.43097578340593,225.9731120841998,232.68518164290768,6543885
2007-07-11,234.1394500732422,240.40406399826097,233.74791655953965,238.83790404152478,7476558
2007-07-12,225.5256805419922,238.0548850165473,225.5256805419922,234.92259037339133,11852155
2007-07-13,230.61563110351562,233.35639170303793,227.09180344753756,229.44103051883192,8216844
2007-07-16,221.61026000976562,230.22410138087346,221.21872647506572,230.22410138087346,6604040
2007-07-17,229.0494842529297,229.0494842529297,217.69490767402652,222.0018285359208,6026336
2007-07-18,225.13409423828125,234.53100186956522,225.13409423828125,229.0494551500328,5929871
2007-07-19,234.531005859375,234.531005859375,227.48332501601783,227.48332501601783,5785716
2007-07-20,240.01254272460938,240.79560979194895,236.09715558405674,236.09715558405674,4599958
2007-07-23,242.36180114746094,245.1025621392483,236.88027916388617,239.62104015567354,5534257
2007-07-24,245.88558959960938,245.88558959960938,236.8802409099944,243.53636257146493,10840901
2007-07-25,251.9897918701172,256.6173279715309,246.1002269731755,250.30707797446073,10269958
2007-07-26,245.25888061523438,260.8242043282816,244.83819547420984,256.6173529180364,7671759
2007-07-27,235.1624298095703,242.31404967039168,235.1624298095703,237.6865402915742,8240534
2007-07-30,233.4796600341797,240.6312789928061,231.37623489786222,231.7969199251257,7909179
2007-07-31,249.4657745361328,249.4657745361328,236.42455944692156,239.79004114861857,10359765
2007-08-01,239.3693084716797,258.7207714095319,239.36930847167966,251.56915071637593,11876155
2007-08-02,248.2036590576172,255.35527944464684,239.78998333672493,255.35527944464684,10256539
2007-08-03,252.41049194335938,259.9828241948672,249.4657225726322,258.7207688196159,14316419
2007-08-06,241.89337158203125,245.67953741447695,241.0520013970433,242.3140566745252,5809561
2007-08-07,231.37631225585938,246.5209517959275,230.1142567521152,245.67958146009803,11490090
2007-08-08,243.996826171875,247.36230731358455,233.9004092516067,233.9004092516067,9252149
2007-08-09,241.05198669433594,244.4174672290138,235.5831073303399,243.99678216217904,11073057
2007-08-10,230.53489685058594,234.32106262162512,227.16944267007446,227.16944267007446,8481051
2007-08-13,222.96263122558594,233.90041888160522,222.96263122558594,231.376307921402,6942983
2007-08-14,215.3902587890625,222.9625765606972,212.44547664324358,222.9625765606972,7486984
2007-08-15,204.45245361328125,212.86614066736524,200.66630172777784,210.7627155907377,13636159
2007-08-16,205.29391479492188,209.08006836148655,199.82502041991424,200.66639082413573,15654228
2007-08-17,209.92137145996094,213.70752381259578,207.39727430901362,210.34205652719012,15634616
2007-08-20,213.28684997558594,223.80395005174552,213.28684997558594,223.80395005174552,14048031
2007-08-21,205.0835723876953,214.96964814177727,203.19048897640778,213.28692058417593,8567761
2007-08-22,212.44552612304688,212.44552612304688,206.13526205239188,206.13526205239188,7362081
2007-08-23,222.96263122558594,226.74879766589078,219.59714994531495,220.85920542541658,8865052
2007-08-24,221.27984619140625,226.74875217465288,220.85916111577188,225.06601187211547,7852404
2007-08-27,222.96263122558594,229.6935672812665,221.70057574548431,229.6935672812665,8100147
2007-08-28,227.16944885253906,228.01081904677918,222.54191278421845,222.54191278421845,5882852
2007-08-29,226.3280792236328,226.3280792236328,221.7005431437533,221.7005431437533,5882852
2007-08-30,235.1624298095703,237.26585521124022,226.74875470774697,230.11420884556247,8256018
2007-08-31,235.58316040039062,239.79001201641955,233.90041975397907,237.6865862084051,9831248
2007-09-03,233.9004364013672,240.63137296121272,233.9004364013672,236.84523274217733,5625819
2007-09-04,237.26585388183594,241.4726781567485,235.5831135699284,236.42448372588217,8124921
2007-09-05,242.3140411376953,247.36226192393823,240.63130087561436,241.47267100665485,10766475
2007-09-06,252.41049194335938,252.41049194335938,240.21064982078926,243.5761308214594,9511247
2007-09-07,248.2036590576172,254.09322411078426,246.94160372375458,252.8311687769217,7296016
2007-09-10,252.41049194335938,257.03802831928084,248.20366719738087,249.0450374475484,11280541
2007-09-11,252.41049194335938,262.50693494536984,251.14846307296725,260.403509319951,13110739
2007-09-12,248.2036590576172,256.1966496672219,248.2036590576172,256.1966496672219,7772920
2007-09-13,248.6243438720703,251.5691396475672,246.10023320735868,251.5691396475672,6426853
2007-09-14,250.72776794433594,253.6725371975726,250.3070828360367,250.3070828360367,7421952
2007-09-17,239.79000854492188,252.41051020057566,238.5279530783843,251.98982504506313,7727501
2007-09-18,239.79000854492188,239.79000854492188,239.79000854492188,239.79000854492188,0
2007-09-19,235.58316040039062,246.94163325880726,233.47973459237616,246.94163325880726,11901962
2007-09-20,232.63833618164062,243.57612255788354,231.37628084920587,239.78998306543755,9699118
2007-09-21,241.05198669433594,241.89335682800538,233.900367063001,234.32105212983572,6532143
2007-09-26,243.996826171875,244.8381964573024,237.68657553602995,240.63134503016548,6455756
2007-09-27,247.36228942871094,251.1484554393855,246.10023409181943,248.2036596533053,6773692
2007-09-28,247.36228942871094,250.30708521479116,246.94160431641376,249.4657149901968,5032269
2007-10-01,248.6243438720703,255.35527913977634,248.20365876128506,252.41048336427946,4839236
2007-10-02,256.6173400878906,258.72076568784786,251.1484600328606,252.4104888879761,11861704
2007-10-03,260.82415771484375,262.9275830440507,257.879362253954,259.56210251731954,12623512
2007-10-04,254.09323120117188,260.403508046571,254.09323120117188,258.72076755446454,7898856
2007-10-05,244.41748046875,258.7207470110624,244.41748046875,255.77595138370398,12427382
2007-10-08,248.2036590576172,249.8863995027673,246.10023350117953,246.94160372375458,6522853
2007-10-09,249.88638305664062,250.30706814024103,241.89336646823332,250.30706814024103,6078981
2007-10-11,251.9897918701172,255.35527267114537,249.04502267407517,249.88639287433222,9451376
2007-10-12,239.79000854492188,249.46574061684905,239.79000854492188,248.20368515031146,8451115
2007-10-15,241.4727020263672,243.1554425046139,236.84519221604756,241.89338714592884,4243622
2007-10-16,253.67254638671875,254.51391663379545,244.41750017373437,247.7829811620411,12732932
2007-10-17,257.4587097167969,260.8241906687405,253.67254364586023,254.51391388384616,13099384
2007-10-18,257.4587097167969,262.0862460257194,257.4587097167969,260.8241906687405,6822208
2007-10-19,255.35528564453125,261.24487734555265,254.09323028002666,258.7207666165435,7001822
2007-10-22,248.2036590576172,249.46571439147976,244.41749305602943,244.41749305602943,7253693
2007-10-23,260.82415771484375,262.9275830440507,251.56911277118857,252.4104563980159,13325449
2007-10-24,257.4587097167969,275.54811682377647,257.4587097167969,265.0310153538113,18415525
2007-10-25,269.2378845214844,269.2378845214844,259.98283779051354,264.1896627564854,11276412
2007-10-26,268.3964538574219,273.0239894344749,264.1896033328282,273.0239894344749,9322343
2007-10-29,268.3964538574219,273.0239894344749,268.3964538574219,272.1826193295562,6180143
2007-10-30,269.2378845214844,275.9688203699557,269.2378845214844,272.60336569815036,7655243
2007-10-31,266.2930908203125,273.86542353402183,262.08626581755703,273.86542353402183,10104797
2007-11-01,267.9757995605469,272.1826505679609,265.45168895609845,269.2378548627711,8254986
2007-11-02,249.4657745361328,249.4657745361328,249.4657745361328,249.4657745361328,2894458
2007-11-05,232.21763610839844,232.21763610839844,232.21763610839844,232.21763610839844,3638717
2007-11-06,219.5971221923828,225.4867136885238,216.23165458987413,216.23165458987413,48500754
2007-11-07,219.1764678955078,222.96262090818098,212.86620403943252,220.0178249242118,24729862
2007-11-08,213.28684997558594,217.07300229232365,210.76273959614238,214.5488919128801,17838491
2007-11-09,210.3421173095703,217.4937522666404,208.65937655439348,214.54895594508088,18994623
2007-11-12,210.76275634765625,211.60412654100992,205.29386334328623,205.71454843996304,13735256
2007-11-13,210.76275634765625,214.96959406199582,210.34207125097942,210.76275634765625,9282085
2007-11-14,221.7005615234375,222.9626169225785,215.81098291320927,218.7557788445383,12560544
2007-11-15,213.70753479003906,220.43848295902453,213.70753479003906,220.01779787018617,10126474
2007-11-16,210.3421173095703,211.60417287595297,208.23869136559924,208.23869136559924,9572150
2007-11-19,208.6593475341797,213.70755584517698,208.6593475341797,211.6041434461788,4561558
2007-11-20,210.3421173095703,210.3421173095703,200.24569928337235,205.29390829647133,12040285
2007-11-21,199.82496643066406,208.23864169478534,199.82496643066406,208.23864169478534,14349451
2007-11-22,189.72853088378906,198.98357535266447,189.30784583952862,197.72152021988316,21968565
2007-11-23,183.83900451660156,192.67336639201707,183.418319355636,190.56994058718922,14525968
2007-11-26,190.1492156982422,192.6733127083272,183.8389532943891,188.04579047948215,16762876
2007-11-27,185.73204040527344,187.20443819845673,177.52870777668022,177.52870777668022,13289320
2007-11-28,181.3148651123047,190.14923885451512,181.3148651123047,186.36307299966978,8990988
2007-11-29,170.3771209716797,180.26319662574628,169.53575057517497,178.79079843186304,38139957
2007-11-30,176.6873321533203,178.58040171938697,171.21843948565288,172.059809627206,20623530
2007-12-03,179.21144104003906,182.36657927710473,177.94939899764154,179.6321261383145,10470217
2007-12-04,180.89418029785156,181.735550489122,178.5804122718579,179.21143991531073,7440532
2007-12-05,185.10104370117188,186.5734417403226,178.79077964295644,178.79077964295644,10801572
2007-12-06,179.8424835205078,188.04583036104577,178.79077068807604,188.04583036104577,9930345
2007-12-07,180.26318359375,182.99763718470498,178.7907855063127,181.52523909726767,8024792
2007-12-10,178.5804443359375,180.26318502061406,177.5287446604457,179.63215726386036,6090336
2007-12-11,173.32186889648438,177.9494051371712,170.79777147217533,176.8976923551969,11246477
2007-12-12,166.1702423095703,171.639135320201,164.90818701809505,168.6943396400921,13069448
2007-12-13,161.96340942382812,169.11504362168844,161.96340942382812,164.0668351445018,16849586
2007-12-14,155.86349487304688,165.74958293825154,151.44631391972567,165.32889777579896,22585857
2007-12-17,155.6531219482422,159.22894513200524,155.6531219482422,156.4944921091276,12642093
2007-12-18,159.85997009277344,163.22543742788923,150.60491172945606,156.49448950522967,15871003
2007-12-19,169.5357208251953,171.00811876070347,162.80477208673048,164.06682746002318,13912805
2007-12-20,164.48748779296875,170.79775045592254,163.22543260989247,170.3770653948971,8766987
2007-12-21,169.95639038085938,171.63913072443643,164.9081826025566,167.85296495138806,7802856
2007-12-24,180.05284118652344,180.89421152302756,176.6873730929379,177.52874342944202,8680277
2007-12-25,177.9493865966797,180.47348375800385,177.10801645876236,179.6321136200865,5015753
2007-12-26,165.53924560546875,165.53924560546875,165.53924560546875,165.53924560546875,2486715
2007-12-27,168.4840087890625,171.63914723680637,165.53922615693122,165.53922615693122,14871775
2007-12-28,169.32537841796875,173.32187385129086,163.22545736056682,168.48400816833683,15677970
2007-12-31,177.1080322265625,177.1080322265625,168.0633156911345,170.16674122319426,12163124
2008-01-02,172.48049926757812,180.47348931923858,172.48049926757812,177.10802191629128,13483385
2008-01-03,164.06680297851562,167.01158515769166,162.80474779354265,164.69783057100213,15271260
2008-01-04,154.39109802246094,163.6461443701463,152.91870006864698,161.7530612866712,21960307
2008-01-07,143.66363525390625,145.55671826866723,143.66363525390625,144.71534803988456,15401325
2008-01-08,136.09132385253906,140.92918920775054,134.82926856358947,137.98439353353479,25242895
2008-01-09,141.9809112548828,142.40159637877375,134.61893483922094,134.61893483922094,17927266
2008-01-10,144.29466247558594,150.3945833628115,143.8739773625063,144.29466247558594,17810620
2008-01-11,146.3980712890625,149.5531960236985,145.55670115917883,148.50149661377162,9960280
2008-01-14,140.71885681152344,150.60493078331922,139.24645886819184,149.76356052998688,14884162
2008-01-15,141.7705841064453,147.44982064399846,139.66715825830303,141.13955635200264,12834093
2008-01-16,135.03961181640625,140.50850484463007,135.03961181640625,137.56372240747666,15201066
2008-01-17,136.3016815185547,140.50851969589147,135.4603112326013,139.66714940993808,13212933
2008-01-18,137.14305114746094,137.14305114746094,131.25347242643414,134.6189403016937,14937840
2008-01-21,138.4050750732422,141.98089830004446,136.3016628981398,136.72234798364596,13169578
2008-01-22,128.72935485839844,131.88447999841623,128.72935485839844,128.72935485839844,12455253
2008-01-23,123.68114471435547,132.5155055677377,123.2604596020583,131.25346348327537,16780425
2008-01-24,124.52253723144531,129.57074623033165,122.62945388720111,127.0466351046727,14569323
2008-01-25,133.14654541015625,133.14654541015625,131.25347548415934,131.25347548415934,4855752
2008-01-28,140.50852966308594,142.4016129407699,137.77407603976465,141.98092776795124,24143538
2008-01-29,141.34986877441406,142.82226655392125,138.40507321539968,142.82226655392125,9201569
2008-01-30,141.7705841064453,143.03263961533068,138.19476016460345,139.66715825830303,9760022
2008-01-31,131.8844757080078,131.8844757080078,131.8844757080078,131.8844757080078,3369297
2008-02-01,124.52253723144531,127.25697769847761,122.83979648100602,122.83979648100602,28705097
2008-02-12,115.89850616455078,121.99842823912881,115.89850616455078,121.99842823912881,21274886
2008-02-13,119.89500427246094,122.20875937534932,118.2122636504108,119.89500427246094,12114608
2008-02-14,128.0983123779297,128.0983123779297,128.0983123779297,128.0983123779297,4226074
2008-02-15,136.93267822265625,136.93267822265625,130.83275828333848,131.4637858548983,20397465
2008-02-18,141.34986877441406,142.19123893413246,139.24644337511808,139.66712845497727,16937328
2008-02-19,140.50852966308594,142.82229811358857,138.40510379899263,142.61195552717925,8774213
2008-02-20,138.4050750732422,141.77055575729136,138.4050750732422,139.45678778700756,9378085
2008-02-21,145.1360321044922,145.1360321044922,140.08782402073973,140.08782402073973,11979381
2008-02-22,144.92568969726562,144.92568969726562,142.40159227901856,143.4532918060378,7388919
2008-02-25,143.45327758789062,149.13252603402236,143.45327758789062,147.23944321864514,10076926
2008-02-26,145.1360321044922,146.60842999421183,144.29466188179524,146.39808743853757,9282085
2008-02-27,149.76356506347656,151.6566481907798,146.81878234010154,147.23946747950225,14708678
2008-02-29,149.76356506347656,150.81527791197837,147.66015261890297,147.66015261890297,7034854
2008-03-03,142.82229614257812,145.97742164274484,139.66715738998047,144.7153661417058,8392277
2008-03-04,150.6049041748047,150.6049041748047,144.08429911595357,145.13601174680494,8234341
2008-03-05,148.5015411376953,154.81180575134667,147.2394855644787,152.28769460491344,12508931
2008-03-06,158.17724609375,158.3875886521401,150.1842421273562,150.60492724413638,13588675
2008-03-07,159.0186309814453,162.38409897339722,155.65314973706288,156.49452004815848,14525968
2008-03-10,154.81173706054688,160.70131386988913,154.81173706054688,157.7565188390051,12269447
2008-03-11,159.43931579589844,159.64965837322234,151.44631111002045,151.44631111002045,10954347
2008-03-12,159.85997009277344,166.17023294199,159.85997009277344,166.17023294199,11454993
2008-03-13,155.02212524414062,163.64614387103134,154.81178267995162,160.2806760964366,10442346
2008-03-14,155.2324676513672,158.17726379843762,155.0221383218644,157.3358934707032,7481823
2008-03-17,147.2394256591797,151.65660511584852,146.39805561935205,151.4462626058916,11278477
2008-03-18,150.6049041748047,150.6049041748047,147.23943700850765,148.08080711318874,7721307
2008-03-19,157.33587646484375,158.59793182003443,153.76006621089957,153.970408770098,9423505
2008-03-20,159.43931579589844,159.86000095054627,153.54973688325953,159.01863064125064,12079511
2008-03-21,167.01161193847656,167.01161193847656,161.33237594784413,162.3840887706334,15779132
2008-03-24,171.2184295654297,178.58039137261915,169.5356893798197,178.58039137261915,15227905
2008-03-25,172.48049926757812,175.84596667052543,172.27015672661716,172.90117109707182,10309184
2008-03-26,166.1702423095703,174.1632326507228,166.1702423095703,172.48050551451783,11586090
2008-03-27,169.11502075195312,170.16673347006494,165.7495533064238,166.59092348091323,8410857
2008-03-28,169.95639038085938,171.63913072443643,167.4322798654938,168.27365003728232,10540410
2008-03-31,168.27362060546875,171.00807318551338,167.64259308699692,169.956360654727,7266080
2008-04-01,168.27362060546875,173.742512513132,168.27362060546875,170.37704566704156,8096018
2008-04-02,175.4253387451172,175.84602396410543,170.37712936969095,172.48055546463212,13937579
2008-04-03,173.74256896972656,175.8459947147948,172.69086934962277,174.58393926775386,7217564
2008-04-07,169.32537841796875,171.4288040420486,166.80126766907296,170.37709123000866,13313062
2008-04-08,171.42880249023438,171.42880249023438,165.9599091695621,166.17025173006604,10189442
2008-04-09,170.79774475097656,172.48048493887177,168.69431951610756,172.05979989189797,5764142
2008-04-10,173.32186889648438,173.74255400927407,170.79777147217533,171.21845658496503,4434590
2008-04-11,174.58392333984375,178.15974678022474,174.58392333984375,175.84597867174293,11452929
2008-04-14,175.0045928955078,177.94938840819634,174.58390782226658,175.0045928955078,6777821
2008-04-15,182.36660766601562,186.99413121498063,178.37011186269552,178.79078377402797,16330359
2008-04-16,176.89767456054688,185.94237707083437,176.68733202531098,184.25965004137515,17091135
2008-04-17,166.1702423095703,180.4734958556703,164.69784446951584,178.79075546703663,33692979
2008-04-18,156.4945068359375,160.7013580362475,155.6531365958755,156.9151919559685,29611421
2008-04-21,162.80479431152344,162.80479431152344,158.59795574536045,158.59795574536045,15450873
2008-04-22,164.48748779296875,166.17022803707044,161.33234983527805,163.6461176709179,10762346
2008-04-23,167.01161193847656,169.95640784228655,164.48751441621198,166.17025493267485,11921575
2008-04-24,164.06680297851562,169.53569552763764,164.06680297851562,168.27364034266466,9569053
2008-04-25,164.48748779296875,166.59091309809585,164.48748779296875,166.17022803707044,5940658
2008-04-28,167.43226623535156,167.64260876117535,162.3840588680077,164.48748412624568,9732151
2008-04-29,168.27362060546875,170.58738817319883,167.01156556852507,167.43225058083962,11560284
2008-04-30,166.1702423095703,170.37708002872574,165.7495572124119,169.1150247372505,7395113
2008-05-02,175.63563537597656,175.84597793040632,172.90118216838968,173.32186727724923,17187135
2008-05-05,173.32186889648438,176.4770072424072,172.05982681054445,176.05632212961748,9393569
2008-05-06,173.32186889648438,174.37358167845866,171.21845658496503,173.32186889648438,5940658
2008-05-07,175.2149200439453,178.1597152980083,174.7942350076506,174.7942350076506,11716155
2008-05-08,174.37356567382812,177.10801865598336,173.74253806256152,173.74253806256152,7664533
2008-05-09,168.69435119628906,175.63564252247875,168.69435119628906,174.58392970753644,8587374
2008-05-12,167.43226623535156,169.95637654523713,165.53919675536466,169.11500644194194,7254726
2008-05-13,172.48049926757812,174.37356888379864,168.27364844835867,168.27364844835867,8685439
2008-05-14,171.2184295654297,175.42526677702753,171.2184295654297,174.16321163782004,7426081
2008-05-15,173.74256896972656,173.9529115442334,171.21847132807503,172.27018420060912,7299113
2008-05-16,175.4253387451172,177.9494500590466,174.58396830714074,175.84602396410543,11004928
2008-05-19,175.84596252441406,176.68733266842005,174.37356477240357,176.26664759641704,4529558
2008-05-20,172.48049926757812,179.21143407347276,172.48049926757812,176.68733683436932,11980414
2008-05-21,171.63914489746094,173.95289980850828,171.21845977682878,171.63914489746094,6234852
2008-05-22,169.32537841796875,170.16674866760067,167.85298048111287,168.27366560592884,7177306
2008-05-23,159.85997009277344,168.0633025200554,159.85997009277344,166.59091801543298,14525968
2008-05-26,155.02212524414062,159.4393058396805,153.1290421664394,156.91519506941216,11304283
2008-05-27,161.12200927734375,161.12200927734375,156.494486801838,156.91517186801377,6222465
2008-05-28,157.96688842773438,160.70134142528804,157.75654588946102,160.2806563487413,5742464
2008-05-29,159.85997009277344,161.33235459739586,158.38757233572304,160.70134023965937,4091880
2008-05-30,159.85997009277344,161.54269713411733,153.97039231699983,160.70134023965937,9859119
2008-06-02,154.81173706054688,158.38754634562312,152.28762703407486,157.96686134121111,11779123
2008-06-03,151.8669891357422,153.12904454044235,150.60493373104202,151.44630400084213,7753307
2008-06-04,153.54974365234375,154.60145658532699,151.44631778637728,151.86700295957056,7397178
2008-06-05,155.6531219482422,155.6531219482422,151.44628439624327,153.54970979845683,6827370
2008-06-06,156.91517639160156,159.43928686142183,156.70483385244987,156.91517639160156,7691372
2008-06-09,155.6531219482422,156.0738070286849,151.86696947668597,152.7083396375714,5022979
2008-06-10,151.44630432128906,156.70485526623645,151.44630432128906,154.39110027182036,7353823
2008-06-11,148.29115295410156,152.7083328499869,147.66012536148543,151.44627766475463,8225050
2008-06-12,138.4050750732422,145.55670827441836,137.98438998773605,145.13602318891222,16223004
2008-06-13,137.14305114746094,142.1912595865653,137.14305114746094,142.1912595865653,7504533
2008-06-16,135.03961181640625,140.50850484463007,131.67413102831236,138.82576445058314,8199244
2008-06-17,142.61190795898438,142.61190795898438,132.93616546392974,136.72233075642242,7407500
2008-06-18,143.45327758789062,145.5567029383098,140.92918041981548,141.77055055998315,7895759
2008-06-19,139.2464599609375,141.77057074074267,139.2464599609375,140.08783022087255,6637434
2008-06-20,140.2981414794922,144.71532110606455,140.0877989614446,140.92916903363493,7883372
2008-06-23,141.1395263671875,141.34986890731486,134.82926341579466,136.72234627694095,7097822
2008-06-24,134.19822692871094,142.61191472547102,134.19822692871094,141.3498595680929,7341435
2008-06-25,140.0878448486328,140.0878448486328,132.93621014485174,135.03963601432594,8592535
2008-06-26,145.3463592529297,147.2394420533242,140.9291793044369,140.9291793044369,13033319
2008-06-27,145.76707458496094,146.60844489316136,140.08783825703856,141.1395511422891,16591521
2008-06-30,147.2394256591797,148.92216573883496,142.19121867264013,147.2394256591797,9408021
2008-07-01,142.19122314453125,147.2394302898361,142.19122314453125,146.60840274011966,7250597
2008-07-02,135.46029663085938,144.29465717622278,135.46029663085938,140.08781945235586,12948674
2008-07-03,139.0361328125,141.1395586955688,131.2534835500078,131.67415547419034,10722088
2008-07-04,135.88099670410156,140.2981774636062,134.61894127212017,140.2981774636062,9181956
2008-07-07,133.98789978027344,135.46029763286836,131.25345987788316,132.93618702841994,9548408
2008-07-08,124.94319152832031,132.3051539864705,124.73284898652012,131.88446890287008,13295513
2008-07-09,127.88797760009766,131.46380091524566,126.2052372164986,126.2052372164986,9664021
2008-07-10,126.83627319335938,129.15004137282025,126.20524550805187,127.88798600220522,7833824
2008-07-11,129.15003967285156,130.201752467854,126.41558640584526,126.62592896484574,6050078
2008-07-14,129.15003967285156,132.51550736442994,127.04661408284672,127.46729920084768,10206990
2008-07-15,121.15702056884766,128.09831089750395,121.15702056884766,127.04659823370334,15496293
2008-07-16,122.28307342529297,126.82890294044948,120.46473027638523,123.41952725944299,20743323
2008-07-17,130.69288635253906,130.69288635253906,126.82891735584798,130.0110111388357,11869972
2008-07-18,138.19354248046875,139.78457536147977,134.7841518732291,135.92062013516218,21738790
2008-07-21,147.05792236328125,147.73979765443417,141.83021652396215,142.28479532521087,14398499
2008-07-22,147.73980712890625,149.10355779866865,143.64855511961903,145.4668987983426,10179518
2008-07-23,148.19435119628906,150.9218516350496,145.23955432811317,150.01268009594412,11721776
2008-07-24,148.64895629882812,151.37645722240035,145.69415890543877,148.19437753775222,10013947
2008-07-25,147.51251220703125,147.51251220703125,143.6485428536048,145.92146516864628,8280568
2008-07-28,147.80747985839844,147.80747985839844,147.80747985839844,147.80747985839844,0
2008-07-29,145.4668731689453,145.4668731689453,143.19395106028082,143.6485298105905,7767504
2008-07-30,144.78497314453125,147.28517711064836,143.64850519565977,147.28517711064836,12207245
2008-07-31,145.4668731689453,148.6489527782291,143.6485298105905,145.92145191925496,12536342
2008-08-01,147.73980712890625,147.73980712890625,141.37563261049485,143.87585162409962,7788966
2008-08-04,146.60333251953125,148.64895823890873,145.46687851272995,147.73978652633255,4345714
2008-08-05,148.64895629882812,149.33083152972117,145.9214553752559,148.64895629882812,10424808
2008-08-06,157.74063110351562,157.74063110351562,152.28562924484635,153.19480094747738,13014657
2008-08-07,158.51162719726562,159.87811432026575,156.2341675636794,157.8283907250458,12896816
2008-08-08,163.6502685546875,167.05965978349843,157.0587968051651,158.19526527428945,15647432
2008-08-11,168.19606018066406,169.33251410708363,165.24126295770412,167.28688853239387,15337754
2008-08-12,170.46900939941406,172.74193179330916,166.37774341897895,169.3325411131866,15038296
2008-08-13,167.5142059326172,169.78712824818672,164.55940834023275,169.55983176306194,12075402
2008-08-14,165.92312622070312,167.28687650578675,164.10479723344386,165.92312622070312,6651436
2008-08-15,161.83189392089844,169.10523906100153,161.83189392089844,166.83231693239952,8956136
2008-08-18,160.01356506347656,165.4685815027275,160.01356506347656,162.74108037238176,8055719
2008-08-19,160.9227294921875,161.83190122034824,156.83147798330236,156.83147798330236,7898325
2008-08-20,164.3321075439453,164.55940402310708,157.0587619963588,160.9227312493138,7401613
2008-08-21,160.9227294921875,164.78669870295155,160.9227294921875,163.65023049811091,5249197
2008-08-22,162.74107360839844,164.10482411688994,159.55897963621234,162.0591841755938,7793055
2008-08-25,165.92312622070312,166.15042266106926,163.6502043527116,165.92312622070312,6533901
2008-08-26,164.3321075439453,165.92315454095967,163.19565350525448,163.19565350525448,4613488
2008-08-27,171.83274841308594,171.83274841308594,165.01398169120085,165.01398169120085,14649921
2008-08-28,168.65066528320312,171.83275946037443,167.7415076713483,170.9235876699598,9225955
2008-08-29,166.6050262451172,171.83274590438353,165.92315100073972,170.24169894131654,7833936
2008-09-01,160.01356506347656,165.69586381121664,157.74064272866863,165.01398852863022,10113085
2008-09-02,159.33168029785156,162.96835298138635,155.92230408783726,160.92272725537777,11451958
2008-09-03,154.55856323242188,156.37689259818708,152.05834440361528,154.55856323242188,15005591
2008-09-04,154.55856323242188,156.831485573548,153.19481266345812,154.55856323242188,8771147
2008-09-05,155.0131072998047,161.3772799219813,148.64893467762806,151.83102807799455,27262917
2008-09-08,164.5594024658203,165.46857419530454,160.013557996958,162.7410731854107,14095975
2008-09-09,156.83148193359375,161.83190529659092,154.55855964522064,160.92273354552984,13233373
2008-09-10,159.1043701171875,159.55894880599735,156.37685544866,156.83144831602598,13190448
2008-09-11,152.51290893554688,158.19520663934242,152.51290893554688,156.83145632471604,12943114
2008-09-12,151.83103942871094,155.92229052484828,146.3760237886371,154.55854015946917,14284031
2008-09-15,146.14874267578125,151.83104063623858,146.14874267578125,147.7397753290056,8424675
2008-09-16,143.42124938964844,146.37604704358816,140.92104471542848,142.73937409862847,13562470
2008-09-17,146.8306427001953,152.7402239372534,145.4668920932927,149.1035509259931,8150769
2008-09-18,147.9670867919922,147.9670867919922,140.01186600478925,141.14833421928049,12932894
2008-09-19,158.1952362060547,158.1952362060547,153.87668800974825,155.46773506703158,16211598
2008-09-22,158.1952362060547,161.83190911760533,156.83148563654314,161.83190911760533,8845756
2008-09-23,159.33168029785156,159.55897677137204,157.96792981384584,158.19522628736635,9316916
2008-09-24,158.1952362060547,160.9227373450778,158.1952362060547,159.3316902877945,9554029
2008-09-25,159.33168029785156,159.55897677137204,156.14960056135777,156.37688285631964,5660057
2008-09-26,153.64938354492188,160.0135572650852,153.64938354492188,160.0135572650852,9876994
2008-09-29,153.95668029785156,153.95668029785156,153.95668029785156,153.95668029785156,0
2008-09-30,147.73980712890625,148.19440013786743,142.96667978473783,142.96667978473783,8454314
2008-10-01,147.73980712890625,151.83107331675401,146.830649468105,151.83107331675401,3919523
2008-10-02,140.92103576660156,148.42166349151313,137.5116595280054,137.73894182487263,11292519
2008-10-03,145.2395782470703,150.694580022955,131.37476316195242,150.694580022955,9649079
2008-10-06,135.23870849609375,140.0118342131885,135.23870849609375,135.23870849609375,7827804
2008-10-07,135.92062377929688,144.55772041589324,129.7837318645784,144.55772041589324,6275325
2008-10-08,126.82891845703125,133.87498129788702,126.6016361695288,126.6016361695288,7088869
2008-10-09,128.19268798828125,135.69331569163037,125.46517282668648,135.69331569163037,7099089
2008-10-13,125.69245147705078,128.19266980931775,123.874122472403,123.874122472403,8036300
2008-10-14,134.32957458496094,134.32957458496094,134.32957458496094,134.32957458496094,4678899
2008-10-15,139.10267639160156,143.64852030822232,132.73850341546674,143.64852030822232,7710269
2008-10-16,134.32957458496094,148.64896992487417,134.32957458496094,148.64896992487417,7941250
2008-10-17,134.32957458496094,143.64854638043715,134.10227809430845,143.64854638043715,5573184
2008-10-20,138.42079162597656,143.64851034982442,130.23829015757764,143.64851034982442,6340736
2008-10-21,139.7845916748047,147.9671102371235,139.33001282411632,147.9671102371235,8587180
2008-10-22,138.64810180664062,149.55811902479522,137.284351426691,149.55811902479522,4770882
2008-10-23,136.3751983642578,136.3751983642578,133.8749937198355,133.8749937198355,6669833
2008-10-24,131.60206604003906,145.92146057789046,131.60206604003906,145.92146057789046,5310519
2008-10-27,122.51038360595703,140.69373206338474,122.51038360595703,140.69373206338474,7183919
2008-10-28,125.01061248779297,130.920208274746,114.10059276847066,130.920208274746,11495905
2008-10-29,126.37435913085938,133.6477053773411,125.01060848196408,133.6477053773411,13964132
2008-10-30,134.1022491455078,134.78412429170845,117.73723145813568,117.73723145813568,12889968
2008-10-31,134.55686950683594,137.738949446073,124.78330484400318,124.78330484400318,11721776
2008-11-03,134.55686950683594,135.46602710172678,125.23789782000816,125.23789782000816,9497817
2008-11-04,131.37478637695312,143.87585322714074,130.4656145274615,143.87585322714074,6125085
2008-11-05,127.28352355957031,140.46646463754738,125.91977298992572,140.46646463754738,11862818
2008-11-06,118.41912078857422,120.91933940982378,118.41912078857422,118.41912078857422,8333714
2008-11-07,113.19140625,126.60163535832403,110.23660892437756,126.60163535832403,16092019
2008-11-10,113.87325286865234,116.37346372647596,105.46344884363987,105.46344884363987,7403657
2008-11-11,107.73641967773438,112.73684368131256,105.91808303195317,105.91808303195317,8739464
2008-11-12,108.19100189208984,110.23662788978861,100.23578022644321,100.23578022644321,7936140
2008-11-13,100.69034576416016,115.69161422281803,100.69034576416016,115.69161422281803,9722666
2008-11-14,100.46305847167969,103.87244184474584,93.64429881482685,93.64429881482685,7164500
2008-11-17,99.32661437988281,107.28182886818338,93.64430818926786,107.28182886818338,5784746
2008-11-18,92.50784301757812,106.14536207150402,92.50784301757812,106.14536207150402,7642815120
2008-11-19,92.28055572509766,93.1897275334348,86.1436708313021,86.1436708313021,9511104240
2008-11-20,85.91637420654297,89.09846108985502,85.91637420654297,85.91637420654297,7369930440
2008-11-21,91.37139129638672,91.82597011271973,81.82512272491225,91.82597011271973,9632727000
2008-11-24,87.05284881591797,89.55306083231162,85.00721564666459,85.00721564666459,7998485
2008-11-25,92.96241760253906,92.96241760253906,89.32574507329286,92.96241760253906,8268303
2008-11-26,95.68993377685547,99.32660661898504,92.73513620646524,99.32660661898504,8895836
2008-11-27,101.14494323730469,102.28139729956685,97.7355597826793,102.28139729956685,8630105760
2008-11-28,100.91764831542969,102.28139888267609,100.00848363369201,101.14494480282391,4403970
2008-12-01,102.05410766601562,107.96370280448407,100.00848185159792,107.96370280448407,8887659
2008-12-02,95.008056640625,109.10015476572636,95.008056640625,109.10015476572636,10300119
2008-12-03,88.41658782958984,101.5995215261355,88.41658782958984,101.5995215261355,13968220
2008-12-04,88.64388275146484,94.55347824322652,88.64388275146484,94.55347824322652,8683251840
2008-12-05,82.50698852539062,94.78075693678146,82.50698852539062,94.78075693678146,6877307
2008-12-08,87.28012084960938,88.18929254130568,80.46136151900363,82.5069871914016,21424002
2008-12-09,87.73471069335938,90.91679758073975,81.37053691859865,81.37053691859865,15977551320
2008-12-10,93.8716049194336,93.8716049194336,81.59783486061522,93.8716049194336,13215999240
2008-12-11,95.46263885498047,100.23577292451341,93.87159889132265,100.23577292451341,16288251480
2008-12-12,95.23533630371094,102.05409528015309,90.91678871565495,102.05409528015309,14291185320
2008-12-15,101.82682800292969,101.82682800292969,99.09931956710818,101.82682800292969,9101266
2008-12-16,102.9632797241211,108.87287528688731,98.87202780154153,108.87287528688731,9952625
2008-12-17,104.0997314453125,110.00932646825001,95.91722125832783,95.91722125832783,20551180
2008-12-18,107.73641967773438,107.73641967773438,96.82639980304715,96.82639980304715,8100689
2008-12-19,106.82720947265625,115.23700668012121,106.82720947265625,115.23700668012121,5930898120
2008-12-22,107.73641967773438,114.10059439332834,105.69079360971071,114.10059439332834,11295586
2008-12-23,100.23579406738281,107.73643085060831,100.23579406738281,107.73643085060831,6434763
2008-12-24,100.23579406738281,107.05455542388611,95.68995552614103,107.05455542388611,6224223600
2008-12-25,97.73556518554688,100.23577702143984,93.41701682452448,93.41701682452448,2987422920
2008-12-26,99.32661437988281,104.55432756811234,96.82639540244412,104.55432756811234,4614510600
2008-12-29,97.2809829711914,97.73556889203331,92.50785561483242,92.50785561483242,3909303000
2008-12-30,100.91764831542969,102.96327416629929,90.68951197180195,90.68951197180195,7081715160
2008-12-31,100.23579406738281,107.96372738570321,99.32662919484696,107.96372738570321,4066697160
2009-01-02,100.23579406738281,100.23579406738281,100.23579406738281,100.23579406738281,0
2009-01-05,107.05451965332031,107.05451965332031,93.41700149707361,100.23576057519696,11260836720
2009-01-06,110.00931549072266,110.00931549072266,106.59993245094564,106.82722890716472,9183029
2009-01-07,117.05536651611328,117.50995234963453,113.64599048790129,117.50995234963453,12996260
2009-01-08,110.46391296386719,115.23703979795859,109.10015535056155,109.10015535056155,13176139
2009-01-09,112.73683166503906,115.00975400232186,102.73598472384234,102.73598472384234,9799319
2009-01-12,114.10060119628906,119.55561854815483,111.82768557050606,119.55561854815483,6566607
2009-01-13,120.01016998291016,122.05579570522633,112.28223877202795,122.05579570522633,9333269
2009-01-14,112.73683166503906,128.1926950514264,112.73683166503906,128.1926950514264,13004436
2009-01-15,106.82720947265625,120.46471788292828,105.91803799173829,120.46471788292828,9882104
2009-01-16,109.32743835449219,114.10056460022359,107.73639154639595,114.10056460022359,6388772
2009-01-19,113.64601135253906,113.64601135253906,107.96371220276816,107.96371220276816,8110909440
2009-01-20,110.91849517822266,121.60122448867193,109.55474461199331,121.60122448867193,7019370
2009-01-21,109.10015106201172,118.64641853350528,108.41827582680206,118.64641853350528,7252395
2009-02-02,114.5551986694336,116.6008250649987,109.78206332383338,116.6008250649987,12135702
2009-02-03,113.64601135253906,122.51040483189071,112.96413602170898,122.51040483189071,11702358
2009-02-04,111.8276596069336,116.37349689235131,105.69077537251606,105.69077537251606,7786922
2009-02-05,111.8276596069336,119.55559079035092,111.8276596069336,119.55559079035092,7330070
2009-02-06,116.14620971679688,119.55559306261819,113.19141223494096,119.55559306261819,11325225
2009-02-09,124.10140991210938,124.10140991210938,108.19097728829962,108.19097728829962,17824377
2009-02-10,125.01061248779297,132.73853780535262,122.51040761088872,132.73853780535262,8073093
2009-02-11,128.64724731445312,133.64766975373334,121.82848170894921,133.64766975373334,8762970
2009-02-12,123.87416076660156,128.64728828559373,119.78289442890433,119.78289442890433,9944449
2009-02-13,132.283935546875,132.511232014919,115.2370336396958,115.2370336396958,12657965
2009-02-16,131.82936096191406,133.19311145622586,130.01101751712585,132.28393973383174,9209602
2009-02-17,125.46517181396484,140.92103422401132,122.73767085294448,122.73767085294448,10210179
2009-02-18,128.41998291015625,128.41998291015625,116.82809550331272,116.82809550331272,8770125
2009-02-19,130.920166015625,137.28433858632735,125.2378685711209,137.28433858632735,9295453
2009-02-20,127.73807525634766,140.01184195776946,127.73807525634766,140.01184195776946,6644282
2009-02-23,132.51126098632812,136.6025132342552,126.60166495361474,127.73811918518514,6834381
2009-02-24,132.738525390625,134.10227595567176,123.4195537437659,123.4195537437659,9394591
2009-02-25,132.283935546875,141.83020288346466,132.283935546875,141.83020288346466,8095578
2009-02-26,132.738525390625,135.4660265207185,123.19227143529777,123.19227143529777,4581805
2009-02-27,138.19354248046875,138.19354248046875,123.64685081335425,123.64685081335425,10666009
2009-03-02,132.283935546875,147.73978344558373,131.60206032130134,147.73978344558373,10043587
2009-03-03,133.87498474121094,134.1022670345592,123.1922632399699,123.1922632399699,9461024
2009-03-04,136.60247802734375,138.6481036240829,124.55600672750809,124.55600672750809,15820157
2009-03-05,135.4660186767578,146.148754448655,134.55686113840974,146.148754448655,15776209
2009-03-06,135.4660186767578,137.9662373536117,126.14704756950005,126.14704756950005,9366996
2009-03-09,132.738525390625,144.78501234613705,131.8293677996335,144.78501234613705,8229466
2009-03-10,133.193115234375,141.83021139572165,130.92019295319548,141.83021139572165,6827227
2009-03-11,135.92062377929688,142.51209450384042,134.32957667706913,142.51209450384042,8136460
2009-03-12,137.73895263671875,145.23959512895348,136.6024985275001,145.23959512895348,7841090
2009-03-13,139.10267639160156,147.28519260580754,128.1926736774031,147.28519260580754,15299938
2009-03-16,138.8754119873047,148.64896206900937,137.9662402513027,148.64896206900937,5811319
2009-03-17,141.14833068847656,148.4216618579081,137.73894030884713,148.4216618579081,7742975
2009-03-18,139.33001708984375,142.51211167776884,131.37479479859263,131.37479479859263,8380728
2009-03-19,140.0118865966797,142.05751266934843,129.78374205477496,129.78374205477496,9326115
2009-03-20,136.8297882080078,149.7854324651259,136.8297882080078,149.7854324651259,6083182
2009-03-23,140.0118865966797,146.376061326725,137.05708865441562,146.376061326725,6546166
2009-03-24,145.9214630126953,148.19438529415498,140.011867916612,140.011867916612,18989503
2009-03-25,154.33126831054688,155.46773658192,135.92062126418674,135.92062126418674,14210444
2009-03-26,151.603759765625,165.01398262945509,151.1491809863382,165.01398262945509,8886637
2009-03-27,147.2852020263672,154.33125062281414,146.8306232770525,151.60374976980992,12603797
2009-03-30,142.51206970214844,147.28519599959395,142.51206970214844,147.28519599959395,8003595
2009-03-31,145.01231384277344,146.6033611053767,142.51210886887804,142.51210886887804,8220267
2009-04-02,145.01231384277344,146.6033611053767,133.4204183274659,133.4204183274659,8604554
2009-04-03,145.69415283203125,146.60332449484173,135.01143187432112,135.01143187432112,11649211
2009-04-06,137.96624755859375,146.83064055235212,135.69332518748445,135.69332518748445,15139478
2009-04-07,138.42079162597656,147.51247882893912,135.2387124477846,147.51247882893912,12795940
2009-04-08,133.42039489746094,137.96623936986958,128.87456460361116,128.87456460361116,18271009
2009-04-09,142.7393798828125,142.7393798828125,124.10143560159432,124.10143560159432,16713420
2009-04-10,140.4664764404297,145.46690034214694,132.96583349857343,132.96583349857343,13292652
2009-04-13,141.8302001953125,142.7393576931403,130.6928861506205,130.6928861506205,8797720
2009-04-14,147.05792236328125,151.60376709000712,140.92104474290502,151.60376709000712,19797936
2009-04-15,144.10313415527344,148.64897917999673,136.82980196570102,136.82980196570102,12917563
2009-04-16,146.8306427001953,154.10398872271594,134.10228007150425,154.10398872271594,13756658
2009-04-17,141.3756103515625,150.01270601922755,136.6024837589007,136.6024837589007,16608150
2009-04-20,145.2395782470703,146.37603222419355,131.60205962880036,131.60205962880036,9925030
2009-04-21,144.55770874023438,145.6941627622878,135.23873755229644,145.2395839891782,13348864
2009-04-22,142.2847900390625,154.55855900238092,142.2847900390625,154.55855900238092,9717556
2009-04-23,141.3756103515625,142.73936080660874,132.511232393762,132.511232393762,8499284
2009-04-24,143.19395446777344,147.05790938374878,131.6020613627306,131.6020613627306,14506835
2009-04-27,144.55770874023438,147.51250621184383,143.19395824234675,143.19395824234675,18373213
2009-04-28,149.10354614257812,151.37646847401783,134.5568687427711,134.5568687427711,19944088
2009-04-29,146.37603759765625,150.92188203014354,138.87540988046683,138.87540988046683,11428451
2009-04-30,156.60418701171875,156.60418701171875,136.14791456963636,136.14791456963636,8162011
2009-05-04,167.5142059326172,167.5142059326172,145.69416871742104,145.69416871742104,4222047
2009-05-05,179.10606384277344,179.10606384277344,155.92228073051433,155.92228073051433,37313658
2009-05-06,184.10650634765625,184.10650634765625,176.3785825266225,179.10608338362758,26258251
2009-05-07,181.15170288085938,182.74274971965585,171.37815374863678,171.37815374863678,13192492
2009-05-08,181.8335723876953,193.65276090235344,176.60585330016906,193.65276090235344,14492527
2009-05-11,182.06089782714844,194.56194932362507,169.10525335937922,194.56194932362507,12963555
2009-05-12,172.96920776367188,178.87880293533945,169.33253490253486,169.33253490253486,17671071
2009-05-13,173.1964874267578,175.01481659144326,171.15086179952743,172.9691909642129,12810249
2009-05-14,173.1964874267578,175.92398826306496,161.15001594736256,161.15001594736256,10750838
2009-05-15,174.10569763183594,177.28777791893998,161.1500516134469,161.1500516134469,9188139
2009-05-18,178.4242401123047,180.46986612128276,174.10569158938634,174.10569158938634,10072204
2009-05-19,180.4698486328125,185.24297552455377,178.42422282206624,178.42422282206624,15556470
2009-05-20,183.19732666015625,186.37942030658684,179.5606542836173,180.4698259223914,14064292
2009-05-21,183.19732666015625,185.47024866781274,181.83357629127383,183.19732666015625,10591400
2009-05-22,189.33424377441406,193.65279193472054,182.74277329101582,183.1973520842104,17905118
2009-05-25,182.2881622314453,192.74360104449886,176.1512853287419,176.1512853287419,18910806
2009-05-26,179.5607147216797,185.24301456413872,177.28779194898362,182.28821637749007,13973330
2009-05-27,181.8335723876953,188.42504181482718,179.56065042883358,179.56065042883358,16489593
2009-06-01,185.01568603515625,194.56193944791332,181.8335921118648,181.8335921118648,11630815
2009-06-02,185.01568603515625,189.1069374977664,182.74276382974216,185.01568603515625,12022256
2009-06-03,185.47027587890625,197.74404517813971,185.2429793912258,197.74404517813971,9452847
2009-06-04,182.2881622314453,198.42589919911396,180.92441180862232,198.42589919911396,12561893
2009-06-05,185.01568603515625,195.01653239613134,184.10651431727888,195.01653239613134,9445693
2009-06-08,180.4698486328125,188.65235187579754,172.28733121126825,172.28733121126825,10259237
2009-06-09,173.65109252929688,192.97091195682796,170.92359127902145,192.97091195682796,13191470
2009-06-10,176.8331756591797,185.6975683439821,173.65108161482215,173.65108161482215,7811451
2009-06-11,176.8331756591797,179.10609795106947,174.10567458033563,176.37859687222542,9300564
2009-06-12,172.7418975830078,178.19689890518404,172.28730468712178,176.378569857311,7825760
2009-06-15,167.5142059326172,169.10525297137178,161.6046107478483,168.1960812094321,14427116
2009-06-16,159.55899047851562,164.7867105686714,159.10441167098202,161.3773198872099,14820602
2009-06-17,160.4681396484375,164.55939087511177,160.4681396484375,161.83189005732893,8928541
2009-06-18,167.28689575195312,167.74148868498577,162.96834795949218,164.55939486799005,13769944
2009-06-19,172.2873077392578,172.74190064319714,165.92313469112275,168.19605667514753,8616819
2009-06-22,173.1964874267578,174.1056590983795,169.55981491882895,172.74190868022595,7576382
2009-06-23,170.46900939941406,171.83276000003914,170.46900939941406,171.83276000003914,4848557
2009-06-24,175.6967010498047,180.01524864565096,171.37815345395842,171.37815345395842,9524390
2009-06-25,177.96961975097656,180.01525962412944,176.83316575794356,178.19691622100652,6214003
2009-06-26,177.2877655029297,179.1061091212687,175.92401487845547,178.8788126243363,5684586
2009-06-29,172.96920776367188,178.19692766003624,172.96920776367188,178.19692766003624,6697428
2009-06-30,178.1968994140625,178.65147813268965,175.46939874518543,176.83314907962398,7477244
2009-07-01,181.37904357910156,182.2882012699819,177.51507376789647,179.3334033282182,7539589
2009-07-02,184.33377075195312,186.8339890807112,183.1973168979628,184.10648848828907,9932184
2009-07-03,185.47027587890625,187.28860524467146,184.1065253099425,184.1065253099425,6923298
2009-07-06,188.65232849121094,189.5615001316984,185.24295256257975,187.74317102928094,6053542
2009-07-07,198.1986083984375,200.92610932200972,190.6979808586139,190.92526314987265,16623480
2009-07-08,202.28988647460938,203.42634053687152,195.92569835455163,198.19862065763522,12229730
2009-07-09,198.1986083984375,203.65362442414033,198.1986083984375,202.28987396235422,9777856
2009-07-10,193.42547607421875,199.56235297115757,192.74360086344777,198.1986025496156,8274435
2009-07-13,195.47113037109375,196.38030217829848,190.92528551363014,195.01655155677142,7083759
2009-07-14,200.47158813476562,202.2899320583998,194.5619916507982,197.289493357687,9195293
2009-07-15,202.74447631835938,206.3811493658693,200.47155389134565,202.28989750438063,10130460
2009-07-16,203.4263153076172,207.29028416149967,202.28986138629986,204.56276922893454,12865439
2009-07-17,209.4891357421875,212.54565968589847,206.9028530070796,207.60820018258121,13119240
2009-07-20,208.31356811523438,214.42661661178357,208.31356811523438,213.9563753563239,10068420
2009-07-21,212.54568481445312,213.4861527054446,205.96240957751286,209.72428114147874,8561880
2009-07-22,212.54568481445312,215.36707385002282,211.37009629136261,213.4861527054446,7425600
2009-07-23,210.66476440429688,213.95639494424898,210.66476440429688,213.95639494424898,4704240
2009-07-24,207.13796997070312,213.7212447788239,205.96239616159156,212.5456709697123,8029440
2009-07-27,211.605224609375,213.48616045967717,207.8433529087706,207.8433529087706,6258720
2009-07-28,217.71823120117188,219.12892559134374,213.01589217159332,213.95635997750904,9569640
2009-07-29,224.53665161132812,224.53665161132812,220.06941805465058,221.0098859659398,13571100
2009-07-30,227.5931396484375,228.06338087795638,218.42358204685578,224.30150959141992,17189040
2009-07-31,221.7152557373047,227.3580487676729,220.53966714716708,227.12294275956984,8487420
2009-08-03,223.36106872558594,224.06641601758378,218.65872904992466,222.8908274393171,7205280
2009-08-04,213.0159149169922,227.8282807824476,210.89985846838286,226.65269224017518,12488880
2009-08-05,222.8907928466797,227.82825239918196,217.71822732493686,222.4205662707954,19757400
2009-08-06,222.420654296875,226.65275370435856,219.59924981274966,224.30159061962524,11641260
2009-08-07,222.420654296875,222.420654296875,222.420654296875,222.420654296875,0
2009-08-10,232.76573181152344,234.17642629694151,222.42058524797486,224.7717476028064,12974400
2009-08-11,235.11685180664062,236.05731950661522,230.88475447545582,233.94126352232195,8749560
2009-08-12,234.64666748046875,236.0573619654667,229.47408688153274,235.11689409633328,7311360
2009-08-13,234.64666748046875,234.88177346969883,231.82526387306848,234.17642622719984,5932320
2009-08-14,227.35806274414062,239.34902611593353,227.35806274414062,235.11692742364457,6203640
2009-08-17,226.18247985839844,230.1794577341427,225.71223855689564,229.4741104192944,5266260
2009-08-18,222.420654296875,225.24205878100034,218.65878165137454,222.8908810588581,7258320
2009-08-19,221.95034790039062,225.24199281996562,221.48012127611113,225.24199281996562,5506980
2009-08-20,224.301513671875,225.00686089158125,218.1884654013439,222.4205779943891,6482100
2009-08-21,216.77777099609375,227.82826444371383,216.3075297579462,226.6526759857489,7854000
2009-08-24,217.01287841796875,221.00985551213515,214.89682224979634,219.12891994873812,10062300
2009-08-25,220.06939697265625,221.95033261504662,217.24799350907068,217.9533553530198,7194060
2009-08-26,214.8968505859375,221.48012592589296,212.31056750459197,221.48012592589296,9115740
2009-08-27,217.48312377929688,218.8938328924226,212.07543722669092,213.48614633981666,6045540
2009-08-28,222.8907928466797,223.36103405996712,216.54263892912144,218.65869511410855,7510260
2009-08-31,224.77178955078125,226.65272564063747,223.36109480209265,224.06644217643696,6107760
2009-09-01,240.28948974609375,240.28948974609375,225.24201661821914,225.24201661821914,14920560
2009-09-02,236.99786376953125,241.2299624679095,236.99786376953125,238.87879977712302,8948460
2009-09-03,243.1108856201172,243.58112691585265,237.93831919146157,239.34901380385648,11766720
2009-09-04,248.753662109375,250.1643565446339,244.52156416619437,246.8727264374272,10905840
2009-09-07,243.5811004638672,247.34297187160288,241.22992351533028,246.40248938226483,10002120
2009-09-08,238.8787384033203,244.52154497632034,237.93827064115365,242.640609451987,11968680
2009-09-09,232.76573181152344,241.22992799884062,232.76573181152344,237.46807115859096,13390560
2009-09-10,235.11685180664062,241.22988453777464,233.23591640669142,240.7596580064882,8231400
2009-09-11,231.35499572753906,233.47105184647407,229.47406020790856,229.47406020790856,5694660
2009-09-14,236.05734252929688,236.5275837438477,231.8252447853554,232.76571257705388,6229140
2009-09-15,237.93829345703125,237.93829345703125,235.11688989998717,236.52759899721127,4561440
2009-09-16,239.8192901611328,240.75975825269427,236.52765915937164,238.87882206957136,5918040
2009-09-17,240.7596893310547,243.1108515681934,239.81922150871844,242.64062497572712,6019020
2009-09-18,242.17039489746094,242.6406361489848,239.34899130053063,241.70016828334138,4866420
2009-09-21,236.527587890625,241.2299122941548,235.11687885964332,239.81921790057652,3468000
2009-09-22,235.587158203125,239.3490154071795,235.587158203125,239.3490154071795,2973300
2009-09-23,238.40855407714844,240.75971658039322,236.52761821959047,237.9383127940563,5497800
2009-09-24,238.40855407714844,239.3490073685221,236.52761821959047,236.9978448652773,2843760
2009-09-25,239.34898376464844,240.28945160068133,236.05735365723527,237.46806272998654,4394160
2009-09-28,238.8787384033203,243.11083601436897,238.40851184093836,240.75967392765367,3703620
2009-09-29,243.5811004638672,243.5811004638672,240.28945566339635,240.28945566339635,5191800
2009-09-30,252.0453338623047,252.0453338623047,244.05136325437607,244.52160456876345,10939500
2009-10-01,252.0453338623047,253.9262698450416,247.81324985725615,253.9262698450416,5866020
2009-10-02,246.4025115966797,249.22393004425052,244.5215903606415,246.4025115966797,4093260
2009-10-05,248.283447265625,248.283447265625,244.52159015924167,246.4025113937306,2952900
2009-10-06,249.22389221191406,250.16434536846907,245.93226225176187,249.22389221191406,5671200
2009-10-07,241.22991943359375,248.28342088504724,238.40853056293545,248.28342088504724,11960520
2009-10-08,230.6497344970703,241.22998975868205,230.6497344970703,239.8192949120971,13772040
2009-10-09,236.99786376953125,236.99786376953125,229.94436105976533,230.41458774296004,10609020
2009-10-12,236.05734252929688,238.87874590439225,232.76571257705388,238.40851932724462,3346620
2009-10-13,236.05734252929688,238.87874590439225,232.76571257705388,234.41152755317538,4614480
2009-10-14,238.8787384033203,239.819206165487,236.527576316605,237.93827064115365,5773200
2009-10-15,240.7596893310547,241.7001571533909,238.87875368638223,241.7001571533909,6011880
2009-10-16,247.81324768066406,248.2834597161089,240.28948917839287,241.229957161501,9153480
2009-10-19,243.5811004638672,249.22390757547075,242.64063261193326,249.22390757547075,5104080
2009-10-20,244.52159118652344,246.4025124289145,244.05134989787155,244.52159118652344,3867840
2009-10-21,242.64065551757812,243.58112345829366,236.52762122162997,243.58112345829366,13626180
2009-10-22,232.0604248046875,238.40859540237776,231.82531875979396,235.11694976238192,12610260
2009-10-23,223.5961456298828,231.35499359892012,223.5961456298828,230.41452584775777,15013380
2009-10-26,219.59915161132812,227.1228935378254,217.24797494059655,223.83124912628165,10486620
2009-10-27,221.24497985839844,223.3610360623556,219.5991648719443,219.5991648719443,9301380
2009-10-28,221.00990295410156,225.71224287199797,219.83432895268206,221.00990295410156,8902560
2009-10-29,221.7152557373047,222.420603036425,217.24802202226294,218.65873125790915,10284660
2009-10-30,218.65870666503906,224.06639307909367,218.65870666503906,223.12592524024052,6903360
2009-11-02,228.76873779296875,229.47408502977586,218.65871194071912,218.65871194071912,10816080
2009-11-03,228.0634002685547,230.8848039733408,228.0634002685547,229.00386817015007,7621440
2009-11-04,230.17945861816406,231.35504723903009,229.23899064895244,230.41457926981846,3353760
2009-11-05,225.71221923828125,230.1794380331809,224.06640409869792,230.1794380331809,5137740
2009-11-06,224.53665161132812,227.82828198213784,223.83128969980743,226.18246679673297,3883140
2009-11-09,228.0634002685547,228.0634002685547,225.47711719851867,227.59315899905457,2645880
2009-11-10,236.527587890625,236.527587890625,230.41453981871013,231.35500762689676,9984780
2009-11-11,242.17039489746094,243.58110401462824,235.11689322383734,237.4680702066481,9248340
2009-11-12,239.34898376464844,242.1703872727471,238.40853056601944,242.1703872727471,5898660
2009-11-13,238.8787384033203,241.22990049003565,236.527576316605,237.46804407877167,5196900
2009-11-16,244.52159118652344,244.52159118652344,239.3490101983802,240.75971942693033,6209760
2009-11-17,237.46803283691406,246.8726953759565,237.46803283691406,245.46200111819084,6505560
2009-11-18,239.34898376464844,241.7001606734326,237.93828932930106,237.93828932930106,4339080
2009-11-19,244.52159118652344,247.34299500621825,239.3490101983802,239.3490101983802,9232020
2009-11-20,248.753662109375,255.8071635604773,240.2894515856099,244.0513229295055,17592960
2009-11-23,246.87271118164062,250.16434108543726,244.99177562592743,248.75364673735382,8661840
2009-11-24,242.17039489746094,248.2834287054411,241.22992703181748,247.81321672872588,7359300
2009-11-25,240.28948974609375,244.52160299878207,239.34902176076372,239.81926307213183,6168960
2009-11-26,243.1108856201172,244.99182152824756,240.7597230536571,240.7597230536571,4195260
2009-11-27,236.99786376953125,241.2299624679095,236.99786376953125,238.4085730939283,6027180
2009-11-30,238.40855407714844,241.22994322608005,238.40855407714844,239.81924865161426,3469020
2009-12-01,239.8192901611328,240.75975825269427,236.057417794887,237.4681272509331,3949440
2009-12-02,239.8192901611328,244.52163061894012,239.34904879664816,242.17045307133253,4902120
2009-12-03,237.93829345703125,242.17039147389534,237.4680668495593,240.28945576919926,3410880
2009-12-04,236.527587890625,242.17038010234143,236.527587890625,242.17038010234143,4429860
2009-12-07,248.753662109375,249.22390334606388,239.81922498632488,240.2894515856099,10603920
2009-12-08,249.694091796875,250.16430365935233,245.4619801109682,248.2833683850384,6709560
2009-12-09,248.283447265625,249.6941711256539,246.87275268040693,246.87275268040693,4958220
2009-12-10,243.5811004638672,250.16436079000056,240.7596969080654,248.2834250861327,6055740
2009-12-11,244.52159118652344,245.4620591264217,241.22994607817674,245.4620591264217,4029000
2009-12-14,246.87271118164062,247.3429523892704,244.05130784807085,244.52154905570063,2797860
2009-12-15,245.93223571777344,251.1048007077665,245.93223571777344,249.22386532278688,3995340
2009-12-16,246.87271118164062,248.28340552972406,244.99177562592743,247.3429523892704,3396600
2009-12-17,248.283447265625,249.6941711256539,246.4025113937306,248.283447265625,4994940
2009-12-18,248.753662109375,249.22390334606388,246.4024852007383,248.2834208726861,3995340
2009-12-21,248.283447265625,250.16438313751937,246.4025113937306,250.16438313751937,4086120
2009-12-22,252.0453338623047,253.9262698450416,248.7537032112183,249.22394452560565,6451500
2009-12-23,253.92623901367188,254.3964802709632,250.63460876225062,252.0453032593156,3542460
2009-12-24,256.27740478515625,257.21788725848995,252.98577467810378,255.8071635484894,3947400
2009-12-25,256.27740478515625,258.1583404570159,255.33695158663028,258.1583404570159,2035920
2009-12-28,256.27740478515625,256.7476460218231,254.3964691132966,255.33695158663028,2445960
2009-12-29,254.86671447753906,256.27740893557814,253.92623198897422,255.33695572182148,2250120
2009-12-30,260.9797668457031,261.44997882241466,254.39647714884597,254.86671840036618,7350120
2009-12-31,262.3905334472656,262.3905334472656,260.0393558182182,260.97983857976385,3039600
2010-01-04,266.62255859375,266.62255859375,261.920233659076,262.39047493498646,4473720
2010-01-05,267.0927429199219,269.91416069898935,263.3308720643679,268.03322527121236,5757900
2010-01-06,270.3843688964844,270.3843688964844,264.27135079603966,267.09273926165974,5451900
2010-01-07,263.8011779785156,270.38443895390765,263.33093668747017,270.38443895390765,4554300
2010-01-08,258.62860107421875,263.33092596883637,256.27742398950494,263.33092596883637,7581660
2010-01-11,262.3905334472656,262.86074555322176,256.7477247024418,258.62866095071644,3232380
2010-01-12,262.3905334472656,262.86074555322176,260.97983857976385,261.9202920664928,2768280
2010-01-13,257.2178955078125,260.9797669721801,255.3369597756287,260.9797669721801,5869080
2010-01-14,269.4439392089844,271.7951159841842,257.68808460779155,258.6285670277939,7071660
2010-01-15,274.6165466308594,277.4379650469149,269.4439803553699,270.85467492599236,7899900
2010-01-18,275.55706787109375,277.4380039875315,272.2654077112167,273.676131754656,3129360
2010-01-19,268.03326416015625,276.4974601758209,267.5630229162837,276.4974601758209,3589380
2010-01-20,270.85467529296875,273.2058524303988,268.9737394379868,270.3844340105206,4033080
2010-01-21,258.62860107421875,265.6821030535502,257.68811853040927,265.21186178164544,7060440
2010-01-22,245.93223571777344,252.98573609274607,241.22988261792284,250.16431837787505,12157380
2010-01-25,247.34298706054688,249.22392287992005,243.58111542180055,243.58111542180055,4003500
2010-01-26,242.64065551757812,248.2834485244658,239.81925169543155,247.34299522115577,6191400
2010-01-27,245.4620361328125,250.63460199901115,244.05132703641027,246.40248934720853,5194860
2010-01-28,245.93223571777344,248.7536241578412,243.58105916784814,247.81317110275302,5024520
2010-01-29,244.52159118652344,244.52159118652344,235.11691178754072,240.28947813827847,7769340
2010-02-01,237.46803283691406,246.8726953759565,237.46803283691406,246.8726953759565,3831120
2010-02-02,234.17642211914062,242.17039154783765,232.76572765888992,242.17039154783765,7111440
2010-02-03,239.34898376464844,240.28945160068133,235.11688582120237,237.93828932930106,5626320
2010-02-04,242.17039489746094,242.17039489746094,238.40853807229152,239.8192325520545,3196680
2010-02-05,240.28948974609375,240.28948974609375,235.1169231454816,237.4681004275098,6535140
2010-02-08,237.93829345703125,241.2299236215473,237.4680668495593,241.2299236215473,2867220
2010-02-09,240.7596893310547,245.4620284427358,237.938285864046,237.938285864046,4499220
2010-02-10,243.5811004638672,246.87273062693387,242.17039136726422,246.87273062693387,3344580
2010-02-22,248.753662109375,251.57508025470054,248.2834208726861,249.22390334606388,5473320
2010-02-23,251.1048583984375,251.1048583984375,245.93229222006119,249.69416385430034,4087140
2010-02-24,248.283447265625,249.6941711256539,246.87275268040693,249.2239298389776,3353760
2010-02-25,238.40855407714844,245.9322975073803,236.9978448652773,245.9322975073803,9456420
2010-02-26,237.46803283691406,238.40850055455851,233.23592078881302,238.40850055455851,9937860
2010-03-01,243.5811004638672,246.40248938226483,234.17642194452787,237.46806674499868,7923360
2010-03-02,242.64065551757812,245.9323006287852,242.17041422851761,245.9323006287852,3777060
2010-03-03,246.87271118164062,246.87271118164062,243.11084007021424,245.46201683355721,4537980
2010-03-04,241.70018005371094,247.34298752236623,241.70018005371094,247.34298752236623,2937600
2010-03-05,239.34898376464844,244.99179078084578,238.87875716533392,243.11085510878,6063900
2010-03-08,248.283447265625,248.283447265625,242.17041300067098,242.64065428734727,7593900
2010-03-09,250.16436767578125,251.57509144861854,246.87273742211235,248.2834319201406,4328880
2010-03-10,252.98577880859375,252.98577880859375,250.1643606173352,251.5750843503686,4581840
2010-03-11,256.7476806640625,256.7476806640625,252.51556751264928,255.33698603852866,5335620
2010-03-12,252.98577880859375,256.747650213733,252.04529631990482,256.747650213733,3330300
2010-03-15,249.22389221191406,253.4560046034277,248.28340978055263,252.04528095638554,3939240
2010-03-16,250.16436767578125,252.04530343142193,249.69415569297786,251.57509144861854,3311940
2010-03-17,257.2178955078125,257.6881074847519,252.5155415399487,252.98578279169683,5627340
2010-03-18,254.39651489257812,257.2179335454927,253.92627357129018,256.7476922242048,5307060
2010-03-19,253.4560089111328,256.7476389272291,252.98576768745994,255.80715647988336,4196280
2010-03-22,249.22389221191406,253.4560046034277,248.28340978055263,252.98576338774697,3078360
2010-03-23,244.05136108398438,251.57511958542807,242.6406664281804,250.1643956548118,9111660
2010-03-24,244.52159118652344,246.87275371756635,244.52159118652344,245.93230041507357,3226260
2010-03-25,251.57510375976562,252.985798326828,244.5215870122381,245.93229621670568,5136720
2010-03-26,263.3309326171875,263.3309326171875,250.6346228788835,250.6346228788835,12110460
2010-03-29,262.3905334472656,264.27146969554025,259.56911443744536,263.33098693399455,5936400
2010-03-30,258.62860107421875,261.44999015602735,257.2179065333144,261.44999015602735,3957600
2010-03-31,259.09881591796875,262.39044593593485,257.68809224614876,258.6285746940287,5877240
2010-04-01,266.15234375,266.62255574607815,260.97977759466136,260.97977759466136,6416820
2010-04-02,263.3309326171875,268.03328690533607,262.3904793244442,268.03328690533607,2535720
2010-04-06,268.03326416015625,270.38441182990255,265.68208721560177,267.5630229162837,3971880
2010-04-07,266.62255859375,270.3844302514132,265.6821053167393,267.5630411455709,3256860
2010-04-08,258.62860107421875,265.21186178164544,257.68811853040927,261.9202314279321,5008200
2010-04-09,261.9202575683594,261.9202575683594,257.21793220443556,259.56908024899104,3070200
2010-04-12,258.62860107421875,264.27140851264585,256.7476652614097,263.8011672407411,3139560
2010-04-13,255.80718994140625,258.62860837769955,253.92625407548098,258.62860837769955,3835200
2010-04-14,259.09881591796875,260.9797515389218,256.7476390730757,258.6285746940287,3118140
2010-04-15,260.5094909667969,262.86063836226197,259.09879667455687,262.86063836226197,2958000
2010-04-16,256.7476806640625,260.0393112152454,256.27743936394734,260.0393112152454,1874760
2010-04-19,249.694091796875,256.2773506195731,249.22385065959614,253.92617420798027,4602240
2010-04-20,246.87271118164062,252.51551784878023,246.87271118164062,251.57506470832658,8552700
2010-04-21,258.62860107421875,258.62860107421875,248.75368073826877,249.69416328207828,7845840
2010-04-22,263.3309326171875,264.7416271937078,257.21791302732936,258.1583663200727,8928060
2010-04-23,264.74163818359375,268.50351006035015,262.3904902167299,265.6821207901888,5958840
2010-04-26,272.2653503417969,272.2653503417969,268.03326692767126,268.03326692767126,6658560
2010-04-27,270.85467529296875,272.2653698655026,269.4439807204349,272.2653698655026,4508400
2010-04-28,267.5630187988281,268.03326003546425,264.74160065381915,264.74160065381915,3180360
2010-04-29,258.62860107421875,267.09279759445445,258.158359802314,264.7416205097407,6692220
2010-04-30,251.1048583984375,256.7476658497962,249.22392258131794,256.2774245768138,11397480
2010-05-03,252.98577880859375,256.27740896938855,251.10484310602413,251.10484310602413,5283600
2010-05-04,253.92623901367188,255.33696278554586,249.694155522477,254.3964802709632,3649560
2010-05-05,251.57510375976562,252.985798326828,245.46205493608142,249.2239266314547,7049220
2010-05-06,246.4025115966797,251.10486591769413,244.5215903606415,250.6346246306305,4947000
2010-05-07,248.753662109375,250.63459778132278,239.81922498632488,239.81922498632488,5917020
2010-05-10,250.6345977783203,250.6345977783203,247.34296767115305,250.16435654163706,3116100
2010-05-11,246.4025115966797,252.98580179113773,246.4025115966797,252.0453192170105,3463920
2010-05-12,245.4620361328125,249.22390754001302,245.4620361328125,247.34297183641277,2187900
2010-05-13,247.81324768066406,250.63463699258227,244.05136111082538,247.34300637040693,4347240
2010-05-14,246.87271118164062,251.1048235006968,246.40246997401084,247.3429523892704,3016140
2010-05-17,244.52159118652344,248.28344830871103,243.58112324662517,245.4620591264217,3037560
2010-05-18,242.64065551757812,245.4620593397247,242.64065551757812,243.58112345829366,3428220
2010-05-19,242.17039489746094,243.11086276310436,236.05736108948076,241.22992703181748,6257700
2010-05-20,236.527587890625,243.11084791052807,236.527587890625,240.7596857087632,4249320
2010-05-21,231.82528686523438,235.5871587148662,231.3550455653275,231.82528686523438,8536380
2010-05-24,234.64666748046875,235.58713534960216,233.23595835806643,233.23595835806643,3645480
2010-05-25,231.11985778808594,233.94126085585128,227.1228810868029,232.76568722233355,4968420
2010-05-26,237.46803283691406,237.93825937703528,231.35498535352414,232.76569424869183,4842960
2010-05-27,240.28948974609375,240.7597310574619,235.1169231454816,235.5871644568497,4007580
2010-05-28,241.70018005371094,244.99181042505734,241.70018005371094,242.64064796515348,4363560
2010-05-31,245.93223571777344,245.93223571777344,240.75965609037874,244.0512856953922,2490840
2010-06-01,242.64065551757812,244.9918180506642,241.70018757686262,244.0513501099487,2370480
2010-06-02,242.64065551757812,244.0513501099487,239.81925169543155,239.81925169543155,3397620
2010-06-03,251.57510375976562,251.57510375976562,248.28344407020614,248.28344407020614,5715060
2010-06-04,247.81324768066406,252.0453316485414,246.87276506014976,250.63463699258227,3738300
2010-06-07,244.52159118652344,245.93230041507357,235.11691178754072,241.22994607817674,5101020
2010-06-08,242.17039489746094,243.58110401462824,240.28945916617405,243.58110401462824,2201160
2010-06-09,242.64065551757812,244.5215913990092,240.75971963614708,241.2299462878021,4513500
2010-06-10,242.17039489746094,242.17039489746094,238.40853807229152,242.17039489746094,2990640
2010-06-11,244.99180603027344,248.28343634257294,243.58111150711784,244.52157940168982,4818480
2010-06-14,243.1108856201172,246.87275743637792,239.8192550995919,245.462062823983,6008820
2010-06-15,242.64065551757812,243.58112345829366,238.87878375471604,240.28947834708657,10201020
2010-06-17,235.587158203125,241.7001926267951,235.587158203125,240.28948336754456,11479080
2010-06-18,233.2359619140625,237.46807470838934,232.76573529102873,235.11689768100675,11977860
2010-06-21,238.40855407714844,239.3490073685221,235.11690900771933,235.11690900771933,6656520
2010-06-22,238.40855407714844,238.40855407714844,234.41156172048642,236.52761821959047,4472700
2010-06-23,237.93829345703125,238.40853470190734,235.11688989998717,235.11688989998717,4238100
2010-06-24,234.64666748046875,237.46807108786902,234.4115468538343,235.58713534960216,5302980
2010-06-25,226.65267944335938,231.35501870954982,226.41757345810296,230.41455085631173,9354420
2010-06-28,218.65870666503906,226.65267597658885,217.01289160639703,226.18244937586422,11980920
2010-06-29,217.2479705810547,221.0098414688134,217.2479705810547,218.65867948266526,13275300
2010-06-30,212.78082275390625,218.18851027961148,212.78082275390625,213.01594342130394,10292820
2010-07-01,207.84332275390625,213.48612948612848,207.84332275390625,212.78076766654834,5321340
2010-07-02,200.08444213867188,205.4921277860141,199.3790950188885,203.61119237499057,17362440
2010-07-05,206.90286254882812,207.37308914171368,201.73028220266522,201.73028220266522,7123680
2010-07-06,213.0159149169922,213.72126218739365,205.02194503183077,205.96241293816772,10524360
2010-07-07,210.66476440429688,216.30755752458538,210.4296437550415,214.42663624275974,9479880
2010-07-08,213.48619079589844,217.7182897417537,213.01594944779933,214.89688556538107,8432340
2010-07-09,221.7152557373047,222.420603036425,213.01592359013537,213.48616488115263,10722240
2010-07-12,220.06939697265625,224.30150948673642,218.65870255956528,222.89080043624182,7627560
2010-07-13,217.48312377929688,223.3610515820795,215.83730867848712,223.3610515820795,7686720
2010-07-14,223.36106872558594,225.71223124471388,220.53966492018918,220.53966492018918,8422140
2010-07-15,217.71823120117188,222.42057023075043,217.2479899795123,221.00986120317518,8031480
2010-07-16,220.53964233398438,220.7747629530393,218.18846541824297,219.5991744951686,8648580
2010-07-19,218.18850708007812,220.53968444476328,216.7778123711924,218.65874840797784,5231580
2010-07-20,220.06939697265625,221.48010602315085,219.83429099541019,221.00986479385142,5297880
2010-07-21,217.2479705810547,222.42055037042397,215.83727631684621,221.95030919075307,6089400
2010-07-22,213.0159149169922,219.12894898947974,212.5456882825262,217.2480131768059,6315840
2010-07-23,221.00990295410156,221.95037093768084,215.36709505262584,216.30756303620512,5981280
2010-07-26,225.71221923828125,225.94733986890878,222.42058895911455,223.36105684421997,7296060
2010-07-27,227.12290954589844,229.47407174494222,222.4205705104075,226.88778893477306,14807340
2010-07-28,223.81077575683594,235.45703784373012,223.81077575683594,232.92524173788357,20485000
2010-07-29,216.2154541015625,219.7599697425717,215.20273534698845,215.70909472427547,13756000
2010-07-30,219.50674438476562,221.27900183654572,217.22812766104832,217.7344869329855,8073000
2010-08-02,217.9877166748047,218.74725575729528,209.1264273790809,212.6709430973704,18290000
2010-08-03,221.78536987304688,226.59578314654905,220.26629199720412,220.26629199720412,12152000
2010-08-04,222.03854370117188,225.32987901259173,220.5194658651319,225.32987901259173,9547000
2010-08-05,221.78536987304688,224.82352562473247,221.5321902270731,223.8108070408373,6881000
2010-08-06,225.0767364501953,226.342634855427,222.29175995868556,222.79811932077826,8662000
2010-08-09,234.44435119628906,236.46978835565227,225.83624326899553,225.83624326899553,11686000
2010-08-10,229.38076782226562,234.95072024179086,228.8744085113997,234.95072024179086,9273000
2010-08-11,230.39352416992188,233.68486022949222,228.87444598858175,229.3808053823618,8329000
2010-08-12,232.41891479492188,232.92527408641408,229.12757940022254,232.92527408641408,6118000
2010-08-13,232.92532348632812,234.95076108186143,231.65942498911983,232.4189640874448,7057000
2010-08-16,232.92532348632812,234.69758138241977,229.8871670930282,232.4189640874448,4735000
2010-08-17,230.89984130859375,235.4570750186318,230.89984130859378,233.68481746472813,5378000
2010-08-18,231.40621948242188,234.4443755368957,230.39350079759728,232.9252975096588,9330000
2010-08-19,231.91256713867188,233.68482474781018,230.89984850487855,231.4062078217752,4850000
2010-08-20,229.38076782226562,233.68482196462602,229.38076782226562,231.40620506572935,4193000
2010-08-23,226.84898376464844,230.39349913597107,225.83626508712769,227.8617024421692,5737000
2010-08-24,226.3426513671875,230.89988595847313,226.34265136718747,229.38080776137792,4394000
2010-08-25,218.24081420898438,225.8362021744943,218.2408142089844,225.8362021744943,10350000
2010-08-26,221.78536987304688,224.57034597875867,219.2535734133089,219.2535734133089,4654000
2010-08-27,221.02581787109375,224.82351233623282,219.25356045402887,223.3044345501772,4907000
2010-08-30,220.51947021484375,221.02582950351157,216.72177554983494,220.2662905705098,6796000
2010-08-31,221.02581787109375,223.55761418118647,216.72176414393616,217.9876622989825,6175000
2010-09-01,221.53216552734375,223.05124323381696,219.25354896763392,221.0258062918527,6681000
2010-09-02,225.32989501953125,225.58307467685657,223.55763741825402,225.32989501953125,5883000
2010-09-03,240.52069091796875,241.02705026726971,228.87442588404605,228.87442588404605,20499000
2010-09-06,241.53338623046875,245.0779013323834,240.52066762992172,243.30564378142606,10131000
2010-09-07,239.00155639648438,244.57150792267365,239.00155639648438,243.30560984853972,7445000
2010-09-08,236.4698028564453,242.79929436759213,236.4698028564453,239.5079587817958,6694000
2010-09-09,233.68482971191406,240.2675009714046,233.68482971191403,237.98888399696554,6864000
2010-09-10,240.52069091796875,241.02705026726971,232.92530067845394,235.96345677425984,8185000
2010-09-13,243.05245971679688,244.57153759002682,239.00158538818357,242.79928007125852,9083000
2010-09-14,245.58428955078125,252.42014090941123,245.33110987083197,245.33110987083197,14883000
2010-09-15,242.03976440429688,250.14151384042395,241.28022539465994,249.12879516090806,13665000
2010-09-16,240.52069091796875,242.79930798982318,238.2420738461143,242.0397689658717,8142000
2010-09-17,242.29290771484375,247.3565003525625,240.52065029164217,243.05244661050156,12103000
2010-09-20,239.76113891601562,241.78657620358493,239.50795925506947,241.02703722074645,6039000
2010-09-21,239.00155639648438,244.57150792267365,239.00155639648438,240.7738137002719,8613000
2010-09-23,235.4570770263672,239.00159216439855,234.95071772093416,239.00159216439855,10906000
2010-09-24,225.83621215820312,234.69749850970214,225.32985293811748,232.92524123940234,16983000
2010-09-27,228.87442016601562,230.39349817596707,226.089443814438,227.86170149271467,8366000
2010-09-28,230.1403045654297,234.44435866621333,229.88712491244243,229.88712491244243,8039000
2010-09-29,227.35531616210938,232.16572931030544,226.8489568833519,231.9125496709267,8730000
2010-09-30,222.29168701171875,228.8743565587628,221.78532781579227,228.36799736283635,9330000
2010-10-01,227.35531616210938,227.35531616210938,217.98766950509594,221.27900481701957,13519000
2010-10-04,216.72174072265625,227.3552840758707,214.18994468617663,227.3552840758707,14210000
2010-10-05,210.39227294921875,215.20268592880376,208.6200155356874,214.18996740678585,14606000
2010-10-06,208.87322998046875,214.6963624526515,208.87322998046875,214.6963624526515,11775000
2010-10-07,209.8859405517578,212.16455751794098,208.62004223721163,208.87322190012088,9262000
2010-10-08,207.60731506347656,210.64547089367377,203.30326097069715,209.88593193612445,19491000
2010-10-11,207.60731506347656,209.88593193612445,206.84777610592724,207.60731506347656,6431000
2010-10-12,203.05010986328125,209.1264223778932,203.05010986328128,207.6073442492402,9605000
2010-10-13,205.07554626464844,206.08826501163435,203.05010877067662,203.05010877067662,9171000
2010-10-14,204.56918334960938,208.62005826742345,204.56918334960938,207.10098017324316,8909000
2010-10-15,197.4801025390625,204.06277262369792,197.48010253906253,203.05005414913865,13179000
2010-10-18,190.39108276367188,198.74601059771598,190.39108276367188,197.48011244104262,13515000
2010-10-19,192.66970825195312,196.46740289555274,188.36565432254025,190.39109146579338,10475000
2010-10-20,198.7460174560547,199.5055563762689,191.6569875340553,192.4165264542695,11696000
2010-10-21,195.96107482910156,200.0119497609693,195.4547154626181,199.50559039448584,9394000
2010-10-22,195.96107482910156,198.74605134476064,193.68245767992596,198.74605134476064,7115000
2010-10-25,200.01193237304688,200.77147135674196,196.97377643826638,197.4801357607298,6555000
2010-10-26,198.99920654296875,200.7714641076008,197.480128630427,200.5182844555105,4251000
2010-10-27,193.9355926513672,198.49282589904942,193.68241302649594,197.98646664930695,8070000
2010-10-28,197.98646545410156,198.49282470078725,194.94830997398748,194.94830997398748,8551000
2010-10-29,194.94833374023438,197.9864895907315,194.69515408602626,197.22695062810723,7773000
2010-11-01,199.25238037109375,202.03735646268467,192.41652996446157,192.41652996446157,14480000
2010-11-02,196.21424865722656,197.98650638703376,192.41655352192538,196.4674283329133,15110000
2010-11-03,198.99920654296875,201.0246437596911,194.9483321095241,197.480128630427,12761000
2010-11-04,203.55645751953125,206.59461360191233,200.5183014371502,201.02466078421372,12531000
2010-11-05,200.51832580566406,206.59463870886603,200.5183258056641,206.59463870886603,14783000
2010-11-08,194.94833374023438,198.9992082075639,194.94833374023435,197.9864895907315,10535000
2010-11-09,193.68246459960938,197.9865193684896,193.4292849073223,194.94836306104474,5944000
2010-11-10,192.9228973388672,194.94833458127,192.66971768356683,194.69515492596963,6441000
2010-11-11,193.4292755126953,195.9610723125997,192.92291615271444,192.92291615271444,6418000
2010-11-12,191.40383911132812,193.17609688087748,190.64430006723558,192.92291719951328,6472000
2010-11-15,192.41651916503906,194.44195620888158,191.4038006431178,191.4038006431178,4345000
2010-11-16,194.94833374023438,198.9992082075639,193.4292558149858,193.4292558149858,8713000
2010-11-17,193.9355926513672,195.96102965033705,192.92287415188224,193.9355926513672,5527000
2010-11-18,192.66970825195312,195.96104360973948,192.4165286090465,194.9483250381129,5974000
2010-11-19,193.68246459960938,196.46744121476718,192.9229255227482,193.4292849073223,8332000
2010-11-22,200.51832580566406,200.5183258056641,193.17611438096174,194.44201290246212,11640000
2010-11-23,202.0373992919922,207.60735265593183,201.53103989527042,201.53103989527042,24076000
2010-11-24,202.54373168945312,205.07552833557128,202.03737236022948,202.03737236022948,11953000
2010-11-25,201.02464294433594,204.5691580592235,200.01192434008237,204.0627987570967,9656000
2010-11-26,201.53102111816406,205.58189591450906,201.53102111816406,203.55645851633656,9955000
2010-11-29,200.01193237304688,204.31598661398584,200.01193237304685,203.0500883078273,7542000
2010-11-30,197.73330688476562,203.30325919137874,197.73330688476562,200.51828303807218,9676000
2010-12-01,198.2396697998047,200.26510703913857,197.48013083505447,198.2396697998047,6326000
2010-12-02,200.01193237304688,203.55644763029073,199.50557305058345,200.01193237304685,10327000
2010-12-03,213.93679809570312,213.93679809570312,203.55643274431398,203.55643274431398,32478000
2010-12-06,214.4431610107422,219.50675395078335,214.18998136374015,217.73449642176894,20834000
2010-12-07,212.417724609375,213.6836228490018,210.1391077780468,212.16454496144965,9521000
2010-12-08,214.69638061523438,219.0004354153039,212.67094306226045,212.67094306226045,12823000
2010-12-09,215.70909118652344,218.49406771592692,215.45591150203222,217.73452866245324,9378000
2010-12-10,211.65821838378906,217.22817149915196,210.64549963554128,215.70909337678026,9511000
2010-12-13,216.72174072265625,217.48127953360017,211.91132825334498,213.1772262715848,8236000
2010-12-14,218.24081420898438,221.02578979633802,216.21537741818176,218.2408142089844,13701000
2010-12-15,216.2154541015625,220.01314943121523,214.19001659241437,219.2536103652847,7851000
2010-12-16,213.4304656982422,216.7218014682032,213.1772860236298,216.7218014682032,5917000
2010-12-17,218.7471923828125,220.77262934932006,214.94949807061093,215.70903693305124,11390000
2010-12-20,217.7344970703125,221.279012138899,216.72177847928782,221.279012138899,6283000
2010-12-21,219.75994873046875,220.26630805934082,217.98769107941658,220.26630805934082,4542000
2010-12-22,216.9749755859375,220.77267060786173,216.72179591780923,219.7599519353486,8850000
2010-12-23,218.49403381347656,219.253572749097,215.70905771620167,217.73449487785615,5094000
2010-12-24,214.4431610107422,220.2662928917895,214.44316101074222,219.50675395078335,6628000
2010-12-27,209.1263885498047,214.6963407872087,208.62002925549524,214.18998149289925,8338000
2010-12-28,209.63275146484375,211.91136832859206,208.11367355567822,209.37957181331618,6069000
2010-12-29,207.60731506347656,211.40500985122307,207.60731506347656,210.1391115886409,6224000
2010-12-30,206.34141540527344,209.63275086572565,206.08823575446942,208.6200322625096,5644000
2010-12-31,211.4049835205078,213.43042048836895,207.10092996380286,207.60728920576813,6645000
2011-01-03,210.1390838623047,213.93677814897282,209.63272462408224,213.4304189107504,4683000
2011-01-04,211.65821838378906,214.44319494147052,211.65821838378906,213.17729650616076,6853000
2011-01-05,212.67091369628906,214.69635096958706,211.65819505964006,213.43045267377582,8747000
2011-01-06,208.11366271972656,213.43043512497508,206.34140525131042,213.17725548662992,7931000
2011-01-07,197.4801025390625,207.10092804737582,194.94830635266428,207.10092804737582,21146000
2011-01-10,194.94833374023438,195.20151339444246,191.40381858132102,194.94833374023435,6816000
2011-01-11,201.53102111816406,203.05009916679344,196.97378697227592,197.48014632181906,8594000
2011-01-12,210.1390838623047,210.6454431005271,205.5818507183029,206.59456919474772,12198000
2011-01-13,208.11366271972656,211.40499801821375,207.8604830813814,210.13909982648792,5819000
2011-01-14,205.3287353515625,208.36689173161025,204.31601655821322,208.11371203327295,5549000
2011-01-17,201.27784729003906,205.0755425219266,201.27784729003906,205.0755425219266,6723000
2011-01-18,202.54373168945312,205.07552833557128,200.01193504333494,200.26511470794676,3866000
2011-01-19,203.30328369140625,205.58190081870723,201.784205606539,204.82236177627357,4709000
2011-01-20,201.53102111816406,204.31599754065124,201.2778414433925,201.53102111816406,3002000
2011-01-21,200.2650909423828,201.0246298460834,197.4801149621474,197.98647423128114,3627000
2011-01-24,199.5055389404297,203.80959244548973,199.5055389404297,200.51825741220853,3226000
2011-01-25,200.51832580566406,203.55648225726506,200.5183258056641,202.54376344006474,3492000
2011-01-26,203.05010986328125,203.80964892760775,201.5310317346283,202.54375048706362,2950000
2011-01-27,205.58187866210938,208.3668548508818,203.55644143391126,204.06280074096077,7551000
2011-01-28,200.51832580566406,204.56920107446538,200.5183258056641,204.56920107446538,9783000
2011-02-08,186.59341430664062,192.41654663914093,186.59341430664062,192.41654663914093,20341000
2011-02-09,174.94712829589844,183.048876639558,174.69394866015907,182.79569700381862,23307000
2011-02-10,178.99798583984375,180.77024312538674,175.2002916565373,175.2002916565373,11903000
2011-02-11,174.6939697265625,179.25120371942933,172.1621730638587,179.25120371942933,10932000
2011-02-14,176.21302795410156,178.49164469488736,176.21302795410156,177.22574650556192,5979000
2011-02-15,177.9853057861328,180.51710245449888,175.4535091177668,177.22576678562302,6696000
2011-02-16,176.21302795410156,178.99800397061753,175.95984831623647,177.98528541915718,4949000
2011-02-17,171.65579223632812,177.73210346593268,171.65579223632812,177.22574419679896,7439000
2011-02-18,173.68121337890625,174.69393182426433,172.6684949335482,173.17485415622724,4519000
2011-02-21,171.65579223632812,174.69394785113042,171.65579223632812,174.1875885819967,4845000
2011-02-22,167.85813903808594,169.3772172194261,164.81998267540567,168.61767812875604,8531000
2011-02-23,169.1240234375,173.17489825037427,167.85812505847682,167.85812505847682,8717000
2011-02-24,169.1240234375,172.9217185745696,169.1240234375,170.13674214071858,4803000
2011-02-25,169.1240234375,171.90899987135106,166.0858673278443,170.64310149232784,9043000
2011-03-01,166.08587646484375,171.6558296389696,166.08587646484375,169.1240327416397,8099000
2011-03-02,174.94712829589844,177.2257450175527,168.1112781309357,168.1112781309357,14048000
2011-03-03,172.4153289794922,174.187586399252,170.64307155973233,174.187586399252,8817000
2011-03-04,169.883544921875,174.1875989660954,169.630365272215,174.1875989660954,5485000
2011-03-07,168.11126708984375,169.12398556628858,166.33900975606528,167.6049078516213,5139000
2011-03-08,172.66854858398438,174.18762672401942,168.1113141638792,168.1113141638792,6311000
2011-03-09,173.68121337890625,176.97254832631992,173.68121337890625,176.2130094923014,6942000
2011-03-10,176.21302795410156,176.21302795410156,172.66851302399033,174.44077048904595,6148000
2011-03-11,174.6939697265625,175.706688391644,173.1748917289402,175.20032905910324,4755000
2011-03-14,170.13671875,172.66851515997027,168.11128162202382,172.66851515997027,5175000
2011-03-15,161.27545166015625,172.6685369422709,158.23729558492568,170.13674021291206,11527000
2011-03-16,166.33905029296875,166.33905029296878,162.54135508080054,165.0731518889127,6099000
2011-03-17,174.18760681152344,177.22576274428255,164.5667796911195,166.5922169796256,14017000
2011-03-18,175.45347595214844,177.22573328499843,172.66850014338416,177.22573328499843,8207000
2011-03-21,172.66854858398438,175.45352517404862,172.66854858398438,175.45352517404862,3674000
2011-03-22,176.21302795410156,179.7575428842128,174.18759085118086,174.18759085118086,7441000
2011-03-23,176.21302795410156,178.23846505702227,175.7066686783714,177.22574650556192,5213000
2011-03-24,173.4280548095703,177.98528836661012,173.4280548095703,177.22574944043683,5383000
2011-03-25,173.68121337890625,176.2130094923014,173.68121337890625,175.20029104694333,4042000
2011-03-28,172.4153289794922,174.69394566204053,172.4153289794922,172.66850861088645,2466000
2011-03-29,172.66854858398438,175.70670486405447,172.41536889397852,172.41536889397852,4663000
2011-03-30,169.883544921875,173.4280600171153,169.88354492187503,172.66852106813525,5304000
2011-03-31,171.14944458007812,171.14944458007812,168.11128875913,169.88354632134974,5177000
2011-04-01,173.68121337890625,173.68121337890625,170.6430580428321,171.90895609952966,3759000
2011-04-06,176.9725799560547,178.74483755218114,174.69396304674927,175.70668167310725,13675000
2011-04-07,177.7321014404297,178.23846070379275,175.453484755296,178.23846070379275,5727000
2011-04-08,177.22572326660156,178.23844168526787,175.9598252432687,177.73208247593473,4402000
2011-04-11,179.25119018554688,179.25119018554688,175.20031583107124,177.22575300830906,3932000
2011-04-12,175.20030212402344,178.2384576521857,175.20030212402344,177.732098397492,3186000
2011-04-13,175.9598388671875,176.21301849145684,172.9216833759555,174.69394074584085,2925000
2011-04-14,171.65579223632812,175.2003071202641,170.6430736980607,175.2003071202641,6957000
2011-04-15,170.13671875,173.42805408296132,170.13671875000003,170.64307803199407,4190000
2011-04-18,162.0349578857422,170.8962446451187,161.78177826404573,170.1367057800293,9125000
2011-04-19,156.46499633789062,160.00951081803703,155.95863712644115,159.50315160658755,10853000
2011-04-20,155.9586639404297,157.98410113446124,153.6800470971442,156.97138253744546,7843000
2011-04-21,159.25001525878906,160.2627339567782,157.4777575373081,158.99683558429177,5377000
2011-04-22,157.4777374267578,160.0095338484099,157.4777374267578,158.49045599541864,3480000
2011-04-25,154.69276428222656,158.99681828025905,154.69276428222656,157.9840996924867,2958000
2011-04-26,158.49046325683594,158.74364291060084,152.414151566478,153.68004983530258,5446000
2011-04-27,162.28817749023438,166.59223211946053,161.02227906987372,161.02227906987372,11045000
2011-04-28,159.25001525878906,163.8072493997401,158.99683558429177,162.5413510272537,6056000
2011-04-29,160.26271057128906,162.54132730926946,157.4777345582019,158.99681238352215,5738000
2011-05-03,170.89627075195312,171.40263007269965,162.54134195963542,163.3008809407552,16655000
2011-05-04,174.18760681152344,175.70668477790298,172.16216952301733,173.6812474893969,11869000
2011-05-05,175.9598388671875,176.46619811572617,172.41532412741682,175.70665924291816,9219000
2011-05-06,175.9598388671875,175.9598388671875,172.9216833759555,175.9598388671875,7244000
2011-05-09,182.28932189941406,183.55521996815997,176.21301116943357,176.46619078318278,16713000
2011-05-10,178.4916229248047,181.2765986016456,178.49162292480466,181.2765986016456,6541000
2011-05-11,177.22572326660156,181.52977654593334,177.2257232666016,179.25116010393418,6371000
2011-05-12,178.4916229248047,179.2511617457613,175.95982685494928,176.2130064619348,4597000
2011-05-13,178.4916229248047,183.3020354575299,176.7193656759059,178.23844331781913,8588000
2011-05-16,174.94712829589844,180.77025991790373,174.94712829589844,179.7575413749463,5387000
2011-05-17,169.377197265625,174.44079060689927,169.37719726562497,173.1748922715807,11825000
2011-05-18,172.1621551513672,172.1621551513672,170.13671803193932,170.13671803193932,4082000
2011-05-19,167.0985565185547,173.17486766468394,166.33901762528853,172.16214914032906,6583000
2011-05-20,161.02227783203125,167.0985902030513,161.02227783203125,166.59223083879962,8599000
2011-05-23,156.97137451171875,159.24999123850176,156.97137451171875,158.23727269326488,9343000
2011-05-24,158.99685668945312,163.55409143532918,158.99685668945312,158.99685668945312,7568000
2011-05-25,156.97137451171875,160.76906905635713,156.97137451171875,158.4904523295741,4869000
2011-05-26,155.70547485351562,159.24998972822982,154.692756317883,158.99681009432166,7317000
2011-05-27,156.7182159423828,158.74365330512768,155.7054972610104,155.7054972610104,8517000
2011-05-30,160.51589965820312,161.52861826803408,157.9841031336258,159.25000139591447,6163000
2011-05-31,162.0349578857422,163.0476763725281,161.02223939895632,162.0349578857422,7316000
2011-06-01,167.0985565185547,167.6049157807321,163.04768242113516,163.04768242113516,8644000
2011-06-02,162.28817749023438,166.59223211946053,162.03499780616224,165.57951338317204,7074000
2011-06-03,161.7818145751953,164.06043168188822,161.52863489667388,163.30089264632392,3474000
2011-06-07,158.7436065673828,161.52858212119654,156.97134939677406,159.7563249505878,7157000
2011-06-08,160.00953674316406,161.0222553301461,157.98409956919994,159.2499978029275,6681000
2011-06-09,158.23727416992188,160.26271127929687,156.97137597656248,158.9968130859375,4867000
2011-06-10,154.94595336914062,158.4904686422909,154.9459533691406,158.4904686422909,10147000
2011-06-13,152.92050170898438,154.6927591791216,152.6673220703933,153.9332202633485,7611000
2011-06-14,153.93324279785156,154.43960214916027,153.17370377088847,153.42688344654283,5334000
2011-06-15,153.93324279785156,157.47775825701262,153.6800631221972,154.945961500469,8962000
2011-06-16,150.6418914794922,152.41414902630976,150.6418914794922,152.41414902630976,8840000
2011-06-17,152.6673583984375,152.92053809727406,150.89510050658168,151.90781930192787,6249000
2011-06-20,149.37599182128906,154.43958476438362,149.37599182128906,154.43958476438362,5197000
2011-06-21,157.98410034179688,157.98410034179688,151.9077887901893,152.66732773414026,12779000
2011-06-22,162.5413360595703,163.04769536193658,159.50318024537276,161.5286174548378,12835000
2011-06-23,161.02227783203125,162.28817624266043,159.75637942140207,162.03499656053458,7518000
2011-06-24,157.4777374267578,161.5286117014011,157.4777374267578,161.5286117014011,9178000
2011-06-27,157.4777374267578,157.73091706892302,153.93322243644494,154.43958172077535,5842000
2011-06-28,156.46499633789062,158.99679239513804,156.46499633789062,157.9840739722391,4312000
2011-06-29,160.51589965820312,161.02225896311862,157.73092348116808,157.9841031336258,7352000
2011-06-30,157.98410034179688,161.52861541356796,157.4777410458296,160.769076469617,6422000
2011-07-01,158.7436065673828,160.2626841421903,158.49042697158154,159.50314535478654,5073000
2011-07-04,158.99685668945312,160.00957552187003,155.452340775994,159.50321610566158,6528000
2011-07-05,156.46499633789062,158.7436127894133,156.46499633789062,157.4777147607896,4247000
2011-07-06,156.46499633789062,157.73089436651435,156.2118167321659,156.46499633789062,5337000
2011-07-07,154.1864013671875,157.2245570591518,154.18640136718753,156.9713774181548,13152000
2011-07-08,156.35418701171875,159.60592053709246,155.81223142415647,157.70907598062445,15273000
2011-07-11,149.03781127929688,156.3542129239169,149.03781127929688,156.3542129239169,9955000
2011-07-12,141.9923553466797,145.51506645260878,141.45039979192137,144.7021331204713,14323000
2011-07-13,133.86302185058594,144.16017737755408,132.23715518843306,142.5343107154012,24311000
2011-07-14,139.8245391845703,140.3664947628051,137.38573908251385,139.8245391845703,16285000
2011-07-15,142.53431701660156,145.515072695656,138.74062797053233,141.72138364958673,11987000
2011-07-18,136.0308380126953,141.45039331200587,136.0308380126953,141.45039331200587,9268000
2011-07-19,140.63746643066406,141.17942198531014,137.11475532546436,137.11475532546436,8394000
2011-07-20,147.41189575195312,148.7667844996733,142.8052740097046,143.8891850078807,16383000
2011-07-21,146.8699493408203,147.9538604060662,145.51506050926292,147.41190487344326,6328000
2011-07-22,150.1217041015625,154.45734898536213,149.03779288061259,152.28952654346233,16246000
2011-07-25,146.59896850585938,150.39265715480954,146.3279907452201,150.12167939417023,8079000
2011-07-26,152.2895050048828,152.2895050048828,148.22483850119377,149.0377718019316,11211000
2011-07-27,150.1217041015625,153.91539337488717,149.57974849108754,152.5605043486998,10495000
2011-07-28,144.16015625,147.6828668350564,144.16015625,145.24406719924812,15781000
2011-07-29,140.0955047607422,144.43114900865683,138.19866040227953,142.53430465019417,12267000
2011-08-01,138.19866943359375,142.53431396484373,137.9276916503906,141.45040283203124,11313000
2011-08-02,140.0955047607422,141.45039358821552,134.94692721634354,136.0308382783222,14410000
2011-08-03,136.3018341064453,138.46965651768105,135.48890070223194,136.84378970925425,13505000
2011-08-04,128.71444702148438,137.9276916503906,128.71444702148438,136.572802734375,15531000
2011-08-05,121.39807891845703,125.73372459411621,119.77221179008484,119.77221179008484,25219000
2011-08-08,125.19174194335938,127.35956431467295,121.940008386389,126.27565312901616,17407000
2011-08-09,133.86302185058594,133.86302185058594,119.7721774452611,119.7721774452611,23417000
2011-08-10,138.74061584472656,141.45039349794388,137.11474925279617,138.1986603140831,21384000
2011-08-11,143.0762481689453,143.34722591168952,136.84376008582836,136.84376008582836,19309000
2011-08-12,139.2825927734375,147.14094917505167,139.01161496648527,145.7860601402906,16051000
2011-08-15,144.43115234375,144.97310788725375,141.45039685447935,143.61821902849437,8661000
2011-08-16,142.26333618164062,146.3280029296875,142.26333618164062,145.78604736328126,8406000
2011-08-17,138.74061584472656,143.61821562051773,138.46963807940483,142.26332679390907,10503000
2011-08-18,137.65672302246094,141.45041223961536,137.11476742001028,137.11476742001028,10752000
2011-08-19,136.5727996826172,139.2825774540977,133.3210663568406,135.488888574025,12974000
2011-08-22,145.7860565185547,146.05703431877507,138.19867811238456,140.90845611458818,18708000
2011-08-23,147.41189575195312,147.9538512510412,143.0762517592486,146.327984753777,16287000
2011-08-24,151.74757385253906,153.3734407152448,148.76681793757845,148.76681793757845,27358000
2011-08-25,152.2895050048828,157.98003811004747,152.2895050048828,154.45732714018365,23090000
2011-08-26,158.5220184326172,158.5220184326172,152.83148443760015,154.4573512933193,18647000
2011-08-29,156.62518310546875,158.52202788356266,155.8122496291428,158.52202788356266,11870000
2011-08-30,157.1671142578125,161.50275878906248,156.35418090820312,157.70906982421874,16937000
2011-08-31,157.98004150390625,159.33493036757613,155.27026377656654,158.79297482210816,12071000
2011-09-01,157.1671142578125,162.8576477050781,157.1671142578125,159.6059143066406,14672000
2011-09-02,159.06393432617188,160.41882303423128,156.08317916844123,157.16709013488875,12917000
2011-09-05,154.4573516845703,157.70908540424546,154.4573516845703,155.81224073443497,12593000
2011-09-06,148.495849609375,152.28953919793568,148.22487178162066,151.747583542427,19095000
2011-09-07,153.10243225097656,153.9153655195658,150.9346102014052,151.74754346999447,15492000
2011-09-08,153.6444091796875,154.7283203555583,152.289520209849,154.45734256159062,11070000
2011-09-09,153.10243225097656,156.62514308152998,152.5604767385837,153.37341000717296,11854000
2011-09-13,153.6444091796875,155.27027594349371,152.289520209849,152.8314757977844,8302000
2011-09-14,151.4766082763672,157.70909842011753,145.24411813261682,155.81225359375873,17942000
2011-09-15,160.68983459472656,161.23179019201064,155.5412564205279,157.16712321238012,19912000
2011-09-16,168.5481719970703,169.09012753403837,163.67057216435768,165.2964387752619,25158000
2011-09-19,167.73526000976562,170.44503803900255,166.38037099514716,167.46428220684194,10686000
2011-09-20,176.94850158691406,178.03241277580784,169.63210106188086,169.63210106188086,23738000
2011-09-21,183.72293090820312,184.8068420050067,179.3872865209889,182.0970642629978,32642000
2011-09-22,188.60052490234375,188.60052490234375,179.387280869758,182.63901405772944,22362000
2011-09-23,175.5935821533203,183.72291466041847,175.5935821533203,183.45193691018187,25583000
2011-09-26,165.83840942382812,165.83840942382812,165.83840942382812,165.83840942382812,37780000
2011-09-27,177.219482421875,177.219482421875,173.42579319571865,176.67752681813838,15601000
2011-09-28,180.47122192382812,182.09708878800674,174.78068789920292,182.09708878800674,15246000
2011-09-29,178.03240966796875,181.8260987628722,176.94849849799633,178.30338746046183,9994000
2011-09-30,182.91000366210938,182.91000366210938,179.1163146972656,179.38729248046874,10018000
2011-10-03,176.13555908203125,180.74218139648437,173.42578125,179.929248046875,11813000
2011-10-04,177.219482421875,177.219482421875,168.81917056395736,169.6321039695623,12469000
2011-10-05,178.03240966796875,180.47120980040668,174.7806761580515,178.30338746046183,8725000
2011-10-06,178.84530639648438,182.63899471398557,178.84530639648438,182.63899471398557,9089000
2011-10-07,168.2772216796875,169.09015511775362,168.2772216796875,169.09015511775362,31041000
2011-10-11,173.42579650878906,173.42579650878906,169.9030850172043,170.71601843833923,12893000
2011-10-12,178.30337524414062,179.92924188770422,172.07088644381352,173.42577531344986,13089000
2011-10-13,182.0970916748047,182.9100251197815,177.76144663492838,179.92926915486652,16885000
2011-10-14,182.36802673339844,186.43269300531668,182.09704898193723,183.99389324216574,14359000
2011-10-17,182.0970916748047,185.61980326970416,180.47122478485107,185.3488254547119,8574000
2011-10-18,183.72293090820312,185.61977532760937,178.84533097258713,178.84533097258713,12517000
2011-10-19,177.76144409179688,185.3488228030321,176.6775328473347,185.3488228030321,12296000
2011-10-20,176.94850158691406,180.4712129508189,175.59361260079677,177.7614349785844,9530000
2011-10-21,179.92922973632812,179.9292297363281,173.4257636012801,177.76140769131212,8852000
2011-10-24,186.4327392578125,186.97469489518988,182.63904979617098,184.26491670830308,16472000
2011-10-25,183.72293090820312,186.97466419861382,183.72293090820315,185.89075310181025,13182000
2011-10-26,183.1809844970703,183.993917860223,180.74218440761229,181.01316219532984,8497000
2011-10-27,177.219482421875,182.6390384592412,176.67752681813838,181.55512725176797,15423000
2011-10-28,175.5935821533203,180.74215940781582,174.5096711523739,179.929226157106,15284000
2011-10-31,172.3418731689453,174.50969547295722,170.7160064409364,173.42578432095127,16681000
2011-11-01,173.15480041503906,176.67751153459386,172.3418670797572,172.3418670797572,11985000
2011-11-02,176.67747497558594,176.6774749755859,170.1740096390613,170.71596508377166,9925000
2011-11-03,168.5481719970703,176.40652728310735,168.5481719970703,175.8645717461393,13078000
2011-11-04,173.96771240234375,174.50966789269376,171.52891269576887,173.4257569119938,9913000
2011-11-07,172.07089233398438,175.05164794921873,172.07089233398438,173.96773681640624,4643000
2011-11-08,171.79991149902344,174.5096892829197,171.2579559422442,173.96773372614047,5118000
2011-11-09,172.3418731689453,176.13556220096615,172.34187316894534,173.96773989695424,6665000
2011-11-10,167.73526000976562,170.71601584192624,166.38037099514716,168.5481934185367,9961000
2011-11-11,169.36111450195312,171.79991455078124,166.38035888671874,169.09013671875,10109000
2011-11-14,173.96771240234375,175.05162338304373,171.52891269576887,171.79989044094384,7300000
2011-11-15,170.7159881591797,175.0516323029049,170.44501040019685,173.42576574900792,6199000
2011-11-16,165.83840942382812,172.07089866688048,165.83840942382812,170.98698749417574,11517000
2011-11-17,167.19329833984375,167.19329833984375,161.50276468484097,163.12863144341318,11385000
2011-11-18,166.92230224609375,169.09012435318587,164.4835023756151,166.10936895593417,7458000
2011-11-21,163.12860107421875,169.09011141247925,163.12860107421875,166.9222894712936,9345000
2011-11-22,156.62518310546875,165.29647351961233,156.62518310546875,164.2125622178444,15431000
2011-11-23,153.9154052734375,158.25105049240756,153.9154052734375,154.7283387519944,10421000
2011-11-24,148.224853515625,153.91538719721206,145.2440977776508,153.91538719721206,17250000
2011-11-25,148.224853515625,156.08320955210237,147.14094233817983,152.8314760197669,12793000
2011-11-28,152.2895050048828,153.91537160635843,148.49581626810638,149.3087495688442,8627000
2011-11-29,153.10243225097656,154.45732103195866,151.2055879576016,153.37341000717296,7686000
2011-11-30,151.4766082763672,155.54127576142176,150.66367477935626,153.373453102726,9506000
2011-12-01,155.81222534179688,158.251025390625,155.27026977539063,157.70906982421874,9581000
2011-12-02,156.62518310546875,157.4381165817947,154.72833832737484,155.8122496291428,4254000
2011-12-05,152.01853942871094,156.62516183564156,152.01853942871094,156.08320625835563,5000000
2011-12-06,141.9923553466797,150.93462200019198,141.45039979192137,149.5797331132962,12792000
2011-12-07,142.8052978515625,144.431164620271,137.11476416108277,140.36649769849978,15561000
2011-12-08,139.2825927734375,141.99237084295962,137.65672593172422,141.45041522905518,9243000
2011-12-09,140.908447265625,141.72138061523438,134.40498046874998,135.4888916015625,10329000
2011-12-12,141.45040893554688,144.7021424742951,140.9084533457555,143.61823129471236,5725000
2011-12-13,145.7860565185547,145.7860565185547,140.90845611458818,140.90845611458818,9172000
2011-12-14,144.9730987548828,146.86994303765698,143.88918773615472,146.32798752829294,7036000
2011-12-15,139.01158142089844,144.16015851056133,139.01158142089844,143.61820302743894,10287000
2011-12-16,138.19866943359375,140.908447265625,138.19866943359375,139.01160278320313,6472000
2011-12-19,131.9661865234375,137.1147646424217,131.69520872770147,136.57280905094967,8385000
2011-12-20,136.0308380126953,137.927682367454,131.9661715382124,131.9661715382124,8076000
2011-12-21,145.51507568359375,145.51507568359375,143.61823112161022,145.2440978890247,10068000
2011-12-22,145.24407958984375,146.05701287113018,144.1601685481285,145.51505735027254,6939000
2011-12-23,152.56053161621094,154.99933229924093,148.2248859574909,149.03781951850092,13789000
2011-12-26,152.2895050048828,153.37341607253325,150.66363840340722,153.10243830562064,6778000
2011-12-27,151.20558166503906,152.56047038963618,150.12167068536135,151.7475371548779,5602000
2011-12-28,149.3087615966797,152.83147285032186,148.22485044171287,151.74756169535505,8480000
2011-12-29,150.3927001953125,150.3927001953125,147.14096613703546,148.49585532798423,5451000
2011-12-30,150.3927001953125,152.83150073902027,149.57976668074323,152.28954506264077,5381000
2012-01-02,137.65672302246094,151.7475686861774,137.65672302246094,151.4765908849521,10596000
2012-01-03,141.17941284179688,152.2895009924949,141.17941284179688,151.2055899534024,16202000
2012-01-04,141.45040893554688,154.72832088543538,141.45040893554688,152.8314763211656,15873000
2012-01-05,152.8314666748047,153.6444000081813,151.20560000805145,153.6444000081813,13977000
2012-01-06,150.9346466064453,152.56051353577865,150.3926909633342,152.56051353577865,10342000
2012-01-09,144.70213317871094,149.57973317349894,144.4311554012227,149.03777761852248,11573000
2012-01-10,146.3280029296875,147.14093627929688,145.51506958007812,145.51506958007812,9138000
2012-01-11,148.76678466796875,150.12167341722164,146.5989626691641,147.41189591871586,7532000
2012-01-12,147.41189575195312,149.57971774830537,144.70211825651282,148.7667844996733,9214000
2012-01-13,147.41189575195312,148.7667844996733,145.78602925468894,148.7667844996733,12606000
2012-01-16,140.908447265625,147.4119140625,140.63746948242186,147.4119140625,11933000
2012-01-17,142.53431701660156,144.16018375063126,139.01160575953728,140.9084502825719,12253000
2012-01-18,142.53431701660156,144.4311615396362,141.45040586058178,142.53431701660156,9011000
2012-01-30,151.4766082763672,151.4766082763672,144.16020680326895,145.78607379729078,17233000
2012-01-31,153.10243225097656,155.54123205674432,150.12167693281594,152.2894989823873,17012000
2012-02-01,156.0832061767578,157.70907290776572,150.3926726182302,152.83147271474203,12874000
2012-02-02,155.270263671875,157.16710807973385,153.37341926401615,157.16710807973385,16478000
2012-02-03,158.5220184326172,162.044729953342,154.99930691189235,154.99930691189235,18129000
2012-02-06,154.4573516845703,157.70908540424546,153.91539606462445,156.62517416435375,15976000
2012-02-07,154.4573516845703,156.62517416435375,152.01855139481393,152.8314848247327,10149000
2012-02-08,157.7090606689453,159.0639495063074,156.08319406411084,156.08319406411084,13012000
2012-02-09,158.5220184326172,161.50277433476896,156.89615157689803,157.7090850047576,14241000
2012-02-10,157.98004150390625,160.14786368577805,156.6251526402364,158.79297482210816,10118000
2012-02-13,168.8191680908203,168.8191680908203,157.70907837697823,158.2510339727754,27414000
2012-02-14,171.25796508789062,175.86458756652058,170.1740539164483,171.25796508789062,25707000
2012-02-15,172.07089233398438,175.05164794921873,171.52893676757813,173.96773681640624,11977000
2012-02-16,164.2125701904297,172.6128831869698,162.04474748164515,172.07092750977367,13059000
2012-02-17,164.2125701904297,169.63212696239106,163.1286588360374,166.92234857641037,15374000
2012-02-20,166.92230224609375,168.54816882641282,164.21252461222858,166.10936895593417,7495000
2012-02-21,165.83840942382812,168.54818735559002,164.75449825112338,166.9223205965329,5680000
2012-02-22,169.63209533691406,170.98698427730477,164.7544951515076,164.7544951515076,12599000
2012-02-23,164.75450134277344,169.63210171147398,164.75450134277344,168.00623492190715,10805000
2012-02-24,163.67056274414062,165.83838476724182,162.58665173259,164.7544737556912,6862000
2012-02-29,163.12860107421875,168.54815592718282,162.58664558892235,168.00620044188642,14707000
2012-03-01,164.4835205078125,166.10938726736254,163.1286315415208,163.67058712803748,8453000
2012-03-02,170.7159881591797,171.52892143612814,166.10936625647165,166.38034401545448,19523000
2012-03-05,166.92230224609375,173.1547908039836,166.92230224609372,171.79990198705102,11543000
2012-03-06,170.174072265625,170.174072265625,165.83842711236068,168.00624968899285,12704000
2012-03-07,172.07089233398438,174.5096923828125,168.0062255859375,169.09013671875,18935000
2012-03-08,169.0901336669922,173.96773367661697,169.0901336669922,172.883822563367,12788000
2012-03-09,168.00621032714844,170.71598791307017,168.00621032714844,169.09012136151713,11079000
2012-03-12,164.2125701904297,169.36114912379298,164.2125701904297,168.00625993080266,8555000
2012-03-13,164.4835205078125,166.6513428538792,164.21254271455416,165.29645388758752,7582000
2012-03-14,165.83840942382812,168.54818735559002,165.56743163065192,165.83840942382812,9772000
2012-03-15,169.90306091308594,171.257949756093,168.00621653287604,168.00621653287604,16734000
2012-03-16,167.46426391601562,169.9030638759576,166.92230836936184,169.6320861026307,9426000
2012-03-19,166.38037109375,168.54819351842426,165.29645988141286,168.0062379122557,6631000
2012-03-20,164.75450134277344,169.0901461149517,164.21254574625118,168.00623492190715,8234000
2012-03-21,163.94154357910156,166.10936564295744,162.31567703120965,165.0254546110295,8054000
2012-03-22,162.58668518066406,164.48352984110514,162.04472956339518,163.12864079793295,9373000
2012-03-23,160.41885375976562,163.12863169489682,159.33494258571315,162.58667610787057,11910000
2012-03-26,160.41885375976562,162.58667610787057,159.8768981727394,160.41885375976562,7129000
2012-03-27,159.8769073486328,162.04472982115666,159.8769073486328,162.04472982115666,5087000
2012-03-28,155.270263671875,161.23177466800283,155.270263671875,160.14786357779778,16865000
2012-03-29,148.495849609375,153.64442833670734,145.244115676323,153.64442833670734,24306000
2012-03-30,153.10243225097656,153.10243225097656,149.03776590803028,149.85069917661951,12545000
2012-04-02,149.85072326660156,153.10245686370683,149.30876766708403,153.10245686370683,6181000
2012-04-03,150.1217041015625,152.28952654346233,146.86997043871278,150.66365971203746,9414000
2012-04-05,148.76678466796875,149.5797179175205,145.78602941961236,146.86994041901468,5914000
2012-04-06,151.20558166503906,151.20558166503906,149.5797151955225,150.12167068536135,5692000
2012-04-09,147.95387268066406,150.39267277979587,147.68289489187163,148.22485046945647,3546000
2012-04-10,149.3087615966797,150.9346283291299,147.95387265297117,149.5797393854214,3985000
2012-04-11,150.1217041015625,150.1217041015625,147.6829038544252,147.6829038544252,2783000
2012-04-12,150.6636505126953,152.0185394561548,148.49582820316013,150.12169493531152,6874000
2012-04-13,151.4766082763672,152.83149743805205,150.66367477935626,151.74758610870416,7282000
2012-04-16,152.8314666748047,155.81222223051896,150.1216888968826,150.66364445246703,8797000
2012-04-17,148.495849609375,154.99931747547902,148.495849609375,154.45736181997034,9857000
2012-04-18,150.3927001953125,152.28954506264077,149.57976668074323,151.74758938626127,6917000
2012-04-19,149.85072326660156,150.66365666587788,148.22485646804893,150.66365666587788,5519000
2012-04-20,140.908447265625,149.85071411132813,140.908447265625,149.85071411132813,18277000
2012-04-23,141.17941284179688,142.8052794004356,138.74061300383877,140.90843508202374,8278000
2012-04-24,139.8245391845703,141.9923614975094,139.28258360633555,140.90845034103987,7208000
2012-04-25,142.53431701660156,142.8052948056065,140.366494704562,140.9084502825719,7584000
2012-04-26,139.2825927734375,143.6182376846729,139.2825927734375,143.6182376846729,7557000
2012-04-27,130.34034729003906,141.17946140979282,129.79839158405136,139.8245721448236,18681000
2012-04-30,137.11473083496094,137.11473083496094,127.35953259373842,127.35953259373842,11718000
2012-05-02,144.70213317871094,145.78604428866382,134.9469331891349,138.46964429648182,20470000
2012-05-03,143.8892059326172,144.70213929946814,141.99236140996499,143.6182281436669,9581000
2012-05-04,146.8699493408203,147.14092710713177,142.80528284614815,143.3472383787711,10502000
2012-05-07,148.224853515625,148.224853515625,144.16018660020566,144.70214218892824,8885000
2012-05-08,143.61822509765625,149.579736328125,143.61822509765625,149.579736328125,8703000
2012-05-09,143.61822509765625,145.78604736328126,141.1794250488281,141.9923583984375,5789000
2012-05-10,143.0762481689453,145.24407011089903,141.99233719796845,143.61820365443373,4252000
2012-05-11,142.53431701660156,144.70213932864115,142.53431701660156,143.88920596162632,5169000
2012-05-14,143.0762481689453,143.61820365443373,141.72135945522425,142.8052704262011,3544000
2012-05-15,145.7860565185547,145.7860565185547,141.17943391480856,141.17943391480856,6998000
2012-05-16,141.9923553466797,145.78604422998794,141.9923553466797,145.78604422998794,5931000
2012-05-17,147.6829071044922,149.5797517828985,143.34726212527772,144.70215118128226,9865000
2012-05-18,141.9923553466797,145.78604422998794,141.45039979192137,145.24408867522962,7114000
2012-05-21,141.9923553466797,145.24408867522962,141.9923553466797,143.07626645619635,3851000
2012-05-22,142.26333618164062,144.43115844726563,141.9923583984375,144.1601806640625,5561000
2012-05-23,137.11473083496094,140.9084190398808,136.57277537711525,140.9084190398808,7652000
2012-05-24,139.01158142089844,139.82451464558204,137.92767045465362,138.1986481962148,4533000
2012-05-25,137.92770385742188,140.3665041220914,137.92770385742188,139.0116150861639,4538000
2012-05-28,140.36648559570312,140.36648559570312,134.94693016729758,138.4696411957612,6343000
2012-05-29,147.6829071044922,147.9538849156931,141.4504174468714,141.9923730692732,12274000
2012-05-30,144.70213317871094,147.41191095359315,144.70213317871094,147.41191095359315,8598000
2012-05-31,143.0762481689453,146.8699365673643,141.45038171248,141.99233719796845,11705000
2012-06-01,139.55355834960938,144.97311401367188,138.740625,142.53431396484373,7941000
2012-06-04,132.77911376953125,134.94693603515626,130.61129150390624,133.05009155273436,10192000
2012-06-05,137.65672302246094,137.92770082368625,136.03085621510903,137.3857452212356,7086000
2012-06-06,139.55355834960938,140.36649169921876,136.84378051757812,138.19866943359375,5552000
2012-06-07,141.17941284179688,143.61821267975498,141.17941284179688,143.07625716020874,7412000
2012-06-08,137.65672302246094,141.992367842066,137.11476742001028,141.45041223961536,7077000
2012-06-11,139.8245391845703,141.9923614975094,138.7406280281008,140.90845034103987,3711000
2012-06-12,138.19866943359375,138.46964721679686,136.572802734375,136.572802734375,3132000
2012-06-13,139.8245391845703,140.63747255192249,138.7406280281008,140.3664947628051,3492000
2012-06-14,141.45040893554688,143.61823129471236,139.5535643712771,140.9084533457555,7635000
2012-06-15,143.61822509765625,145.78604736328126,141.9923583984375,142.53431396484373,9881000
2012-06-18,149.85072326660156,150.93463446563666,146.86996746925507,147.4119230687726,12323000
2012-06-19,148.76678466796875,150.39265116707224,147.14091816886526,149.85069566737107,6582000
2012-06-20,149.5797576904297,150.6636689780415,148.76682422472084,150.39269115613854,7187000
2012-06-21,146.8699493408203,149.57972700393506,146.59897157450882,149.0377714713121,4944000
2012-06-22,148.495849609375,148.495849609375,144.70216002081432,145.78607133183166,6090000
2012-06-25,152.01853942871094,156.08320625835563,150.66365048549605,150.66365048549605,19018000
2012-06-26,148.76678466796875,153.10242866557803,147.953851418417,152.0185176661757,14172000
2012-06-27,147.41189575195312,149.57971774830537,146.86994025286506,149.57971774830537,8048000
2012-06-28,147.41189575195312,150.12167324739343,146.327984753777,150.12167324739343,8759000
2012-06-29,147.95387268066406,148.22485046945647,146.59898373670194,147.95387268066406,6506000
2012-07-02,145.7860565185547,149.03779012119904,145.7860565185547,148.4958345207583,6282000
2012-07-03,148.224853515625,148.224853515625,146.59898674945725,146.86996454381855,5525000
2012-07-04,148.76678466796875,149.5797179175205,147.68287366856643,148.49580691811818,8376000
2012-07-05,148.495849609375,149.57976092039232,148.22487178162066,148.76682743712934,4092000
2012-07-06,147.95387268066406,150.39267277979587,147.41191710307922,149.03778383583375,5573000
2012-07-09,149.03781127929688,149.5797669566761,147.95389992453835,147.95389992453835,3554000
2012-07-10,143.61822509765625,149.579736328125,143.07626953125,149.579736328125,7602000
2012-07-11,143.34725952148438,143.88921513404196,141.45041487753278,141.45041487753278,3032000
2012-07-12,138.74061584472656,143.61821562051773,137.92768254876137,143.61821562051773,6632000
2012-07-13,134.40496826171875,138.74061239919354,134.40496826171875,138.74061239919354,10841000
2012-07-16,136.9355010986328,138.06022800704048,136.09195591732706,137.77904627993854,9097000
2012-07-17,140.87205505371094,140.87205505371094,137.21669234772642,137.7790558409548,7708000
2012-07-18,138.34140014648438,141.43439893024726,137.77903673125476,141.43439893024726,6525000
2012-07-19,139.4661407470703,140.59086768857895,139.18495901169317,140.59086768857895,4336000
2012-07-20,140.59088134765625,140.87206311035155,139.7473360595703,140.30969958496092,3603000
2012-07-23,136.9355010986328,138.3414097341424,136.6543193715309,138.3414097341424,4767000
2012-07-24,136.9355010986328,137.49786455283663,134.9672290089194,136.6543193715309,6101000
2012-07-25,135.52960205078125,136.65432903875455,134.9672385567946,134.9672385567946,6880000
2012-07-26,132.9989776611328,137.21670422543934,132.43661411922528,136.6543406835318,7374000
2012-07-27,134.9672088623047,136.09193560282387,134.12366380691526,135.52957223256428,9297000
2012-07-30,138.90377807617188,139.46614155016448,137.2166876541941,137.2166876541941,11363000
2012-07-31,143.4027099609375,143.4027099609375,136.93552892348345,138.90380141314338,21326000
2012-08-01,153.2440643310547,153.2440643310547,149.58870132866255,151.27579194515124,26785000
2012-08-02,153.2440643310547,153.2440643310547,153.2440643310547,153.2440643310547,0
2012-08-03,156.8993682861328,157.7429132769185,154.64991497737105,156.89936828613284,22962000
2012-08-06,154.6499786376953,159.4300688864968,154.6499786376953,159.14888710715553,11295000
2012-08-07,158.0241241455078,158.30530586106923,155.2123069898938,156.3370338521394,12396000
2012-08-08,158.5864715576172,162.24183349068284,158.5864715576172,159.71119830625278,17574000
2012-08-09,158.5864715576172,159.99237999341167,156.89938143466384,159.71119830625278,13200000
2012-08-10,159.71121215820312,162.52302927366443,158.86766702356474,159.71121215820312,13813000
2012-08-13,165.05364990234375,166.45955833422062,160.5547429203378,161.96065135221465,19765000
2012-08-14,163.6477508544922,166.45956787948347,162.52302404449568,166.45956787948347,11781000
2012-08-15,159.99241638183594,164.21014264849245,159.71123463072553,163.0854156440507,14278000
2012-08-16,164.21011352539062,164.49129522663273,159.7112063055169,160.83593311048534,11713000
2012-08-17,165.61602783203125,167.30311809857147,163.36657414331097,163.647755854401,11639000
2012-08-20,167.5843048095703,168.42784996800776,165.89721449269544,166.45957793165374,10003000
2012-08-21,168.70904541015625,172.08322631835938,167.8655001831055,170.39613586425784,16527000
2012-08-22,170.1149444580078,171.23967136351533,167.86549064699284,170.95848963713846,10160000
2012-08-23,175.45738220214844,175.45738220214844,168.99020305046668,170.95847496619592,21885000
2012-08-24,178.83160400390625,179.9563310731132,173.77033219247494,174.33269572707843,24626000
2012-08-27,179.39393615722656,179.39393615722656,176.01975553984926,178.831572720997,10248000
2012-08-28,177.1444854736328,179.11275753445096,176.01975858173674,179.11275753445096,10274000
2012-08-29,179.95631408691406,180.51867756843566,175.1762244939804,178.26922364234923,14630000
2012-08-30,177.988037109375,181.08103617446682,177.988037109375,179.95630924170615,10775000
2012-08-31,179.95631408691406,179.95631408691406,177.42567842006682,178.83158712387083,7547000
2012-09-03,179.95631408691406,181.08104104995726,178.83158712387083,179.95631408691406,6244000
2012-09-04,182.7681427001953,183.89286973219652,179.9563251201923,179.9563251201923,9412000
2012-09-05,180.51866149902344,183.3304786563291,180.23747978329288,181.92457007767626,8343000
2012-09-06,176.5821533203125,181.64342523076732,176.5821533203125,180.51869813955514,10559000
2012-09-07,181.08103942871094,181.92458464344097,177.1444950933042,179.95631247573758,16504000
2012-09-10,189.51649475097656,189.51649475097653,181.92458769121933,182.2057694341733,20005000
2012-09-11,190.64122009277344,191.20358357387306,188.39176616837491,190.0788566116738,10049000
2012-09-12,189.2352752685547,191.48472876357468,187.54818514728973,191.20354707669716,10102000
2012-09-13,188.11058044433594,190.0788525865039,187.2670352405497,187.82939870974053,7488000
2012-09-14,190.64122009277344,193.73421923882137,189.5164931305742,191.20358357387306,11760000
2012-09-17,186.4235076904297,190.6412341087652,184.73641712309546,190.6412341087652,11657000
2012-09-18,186.142333984375,189.51651526505853,184.45524334403322,185.5799704375944,10608000
2012-09-19,183.6116943359375,185.29878494239327,181.9246037294817,185.01760317465065,13736000
2012-09-20,182.7681427001953,185.01759676419772,182.7681427001953,183.33050621619591,11042000
2012-09-21,180.7998809814453,182.7681534027052,178.269245011254,182.7681534027052,13073000
2012-09-24,185.5799102783203,186.42345532503995,180.5186399980025,180.79982168024236,12987000
2012-09-25,183.33045959472656,188.3917299516362,183.33045959472656,188.1105482651412,7844000
2012-09-26,181.08103942871094,185.57994724060438,181.08103942871094,184.73640202587436,9349000
2012-09-27,182.7681427001953,182.7681427001953,180.5186886361929,181.6434156681941,6734000
2012-09-28,174.05149841308594,181.081041967734,170.39613576466894,181.081041967734,30406000
2012-10-01,175.73858642578125,175.73858642578125,171.80204208984375,172.92676904296874,11248000
2012-10-02,181.08103942871094,181.08103942871094,175.1762229256008,176.01976814033083,11063000
2012-10-03,180.7998809814453,181.6434263048424,178.5504267857197,180.5186992069796,6193000
2012-10-04,179.11277770996094,180.79986823784125,176.019778408847,179.95632297390108,7258000
2012-10-05,182.7681427001953,185.8611420381986,182.48696094219503,183.33050621619591,15599000
2012-10-08,183.8928680419922,185.57995857448753,183.33050453116041,185.57995857448753,9280000
2012-10-09,182.2057647705078,185.57994559959127,178.83158394142433,184.45521865656346,10484000
2012-10-11,183.04930114746094,184.45520975842453,179.956302203341,179.956302203341,17480000
2012-10-12,179.95631408691406,182.7681314945221,178.83158712387083,182.7681314945221,9180000
2012-10-15,177.1444854736328,179.675120980399,176.8633037506588,178.83157581147694,5977000
2012-10-16,178.5504150390625,180.51868733083168,178.26923328309547,178.83159679502953,9903000
2012-10-17,178.26922607421875,180.51868003099122,178.26922607421875,179.95631654179812,6422000
2012-10-18,179.95631408691406,180.79985930919648,179.11276886463165,180.51867756843566,5403000
2012-10-19,181.9246063232422,181.9246063232422,178.83160683397531,179.95633392098145,4476000
2012-10-22,183.33045959472656,183.33045959472656,179.11273429730187,179.9562793567868,5534000
2012-10-23,181.36221313476562,184.17403039266895,181.36221313476562,183.89284866687862,3767000
2012-10-24,183.6116943359375,184.17405787142275,179.95633135528328,180.23751312302593,5700000
2012-10-25,180.51866149902344,183.61166037205967,179.9562980675623,183.61166037205967,6031000
2012-10-26,179.11277770996094,182.7681405203683,179.11277770996094,182.7681405203683,7021000
2012-10-29,185.29876708984375,186.4234940524528,180.23749575810297,180.5186774987552,16712000
2012-10-30,182.7681427001953,185.8611420381986,182.2057791841947,185.57996028019832,13314000
2012-10-31,182.4869384765625,182.76812019994702,179.9563029661017,182.76812019994702,8665000
2012-11-01,183.6116943359375,184.17405787142275,179.95633135528328,181.9246037294817,6188000
2012-11-02,182.7681427001953,184.73641500619743,180.79987039419322,184.45523324819712,5797000
2012-11-05,178.83160400390625,182.7681487461306,177.98805870200104,182.20578521152711,6819000
2012-11-06,174.33265686035156,179.95629095262098,172.0832032234438,179.95629095262098,13839000
2012-11-07,177.1444854736328,177.42566719660684,171.5208510141524,174.3326682438926,10004000
2012-11-08,178.26922607421875,179.39395305260499,174.89504513906004,176.01977211744628,10393000
2012-11-09,182.7681427001953,183.33050621619591,177.7068710561899,178.2692345721905,10157000
2012-11-12,181.08103942871094,184.45522028763102,180.51867595222427,184.45522028763102,4651000
2012-11-13,179.95631408691406,184.1740401983261,179.95631408691406,182.2057680130005,7471000
2012-11-14,178.83160400390625,180.23751284041495,174.8950592616819,180.23751284041495,8827000
2012-11-15,178.83160400390625,179.67514930581146,176.3009680981906,178.26924046930276,6274000
2012-11-16,177.1444854736328,180.23748442634704,177.1444854736328,177.98803064255486,5718000
2012-11-19,175.45738220214844,179.11274433135986,174.8950187976544,177.14447241563064,4647000
2012-11-20,173.20794677734375,177.1444910222834,172.36440158199954,176.5821275587206,6555000
2012-11-21,174.61387634277344,174.89505810822075,170.39614986106395,171.52087692285315,5960000
2012-11-22,176.019775390625,177.14450238992612,174.89504839132388,176.58213889027556,3517000
2012-11-23,179.95631408691406,180.51867756843566,177.14449667930603,177.70686016082763,6770000
2012-11-26,182.7681427001953,183.33050621619591,181.0810521521935,181.0810521521935,7733000
2012-11-27,182.4869384765625,184.1740288168697,181.92457502979343,183.61166537010064,4816000
2012-11-28,182.2057647705078,182.48694650626476,180.2374926202091,181.08103782747997,3788000
2012-11-29,184.17401123046875,185.29873801660904,182.76810274779342,183.89282953393368,8199000
2012-11-30,185.86111450195312,188.11056823268783,184.7363876365858,185.5799327856113,13965000
2012-12-03,188.39175415039062,190.07884448606578,187.26702725994053,187.8293907051656,10802000
2012-12-04,186.70465087890625,188.39174109769155,185.01756066012095,188.39174109769155,8497000
2012-12-05,185.5799102783203,186.1422736428001,183.61163850264117,185.01754691384056,7404000
2012-12-06,181.9246063232422,186.9858782147698,181.36224277973912,186.70469644301826,12452000
2012-12-07,181.9246063232422,183.33051518199986,179.39397037747838,181.64342455149065,11081000
2012-12-10,178.83160400390625,181.64342167692365,177.98805870200104,181.64342167692365,9052000
2012-12-11,181.08103942871094,181.36222116695427,179.11276726100758,179.11276726100758,7240000
2012-12-12,191.48475646972656,191.7659381972886,183.04930464286636,183.3304863704284,21100000
2012-12-13,190.92239379882812,197.38957355931862,190.36003034139418,192.60948417113,23230000
2012-12-14,190.92239379882812,192.60948417113,188.6729399690923,190.0788486126772,10956000
2012-12-17,190.078857421875,192.89067483935838,188.95413045488166,192.89067483935838,8716000
2012-12-18,188.67294311523438,191.4847604492915,186.70467098139437,191.20357871588578,7202000
2012-12-19,183.8928680419922,187.54823086239875,183.33050453116041,187.26704910698285,13502000
2012-12-20,181.6433868408203,185.2987491147068,181.3622051274444,182.48693198094796,9180000
2012-12-21,180.51866149902344,183.61166037205967,179.9562980675623,182.20575179340685,6691000
2012-12-24,178.5504150390625,180.23750557486466,177.14450625922734,177.98805152712845,4295000
2012-12-25,181.08103942871094,181.64340290519763,179.11276726100758,179.95631247573758,4040000
2012-12-26,180.7998809814453,182.4869716282395,180.79988098144528,182.2057898537738,4038000
2012-12-27,182.2057647705078,183.04930997777868,180.51867435596606,181.08103782747997,5380000
2012-12-28,181.9246063232422,183.04933341024832,179.39397037747838,182.48696986674526,8646000
2013-01-02,182.7681427001953,182.7681427001953,181.0810521521935,182.48696094219503,7899000
2013-01-03,183.33045959472656,185.01754971369644,183.04927790823157,183.8928229677165,10614000
2013-01-04,171.80203247070312,176.5821217538487,171.23966902562717,173.207941083393,24953000
2013-01-07,169.55262756347656,170.11499117065227,165.89726411683444,169.55262756347656,15684000
2013-01-08,170.1149444580078,170.3961261843847,168.1466723733697,168.70903582612345,10876000
2013-01-09,175.45738220214844,175.45738220214844,170.11492985945483,170.67729326394888,11564000
2013-01-10,176.5821533203125,178.26924395713078,174.33269913788814,178.26924395713078,12989000
2013-01-11,175.73858642578125,177.42567685546874,174.33267773437498,177.42567685546874,4408000
2013-01-14,175.45738220214844,175.45738220214844,172.3643834774311,175.45738220214844,4922000
2013-01-15,175.1762237548828,176.58213245275508,174.89504201530838,176.58213245275508,4592000
2013-01-16,174.05149841308594,176.58213409275922,169.27140879592525,176.58213409275922,10406000
2013-01-17,172.64561462402344,174.61388710345042,172.08325105847288,172.08325105847288,6855000
2013-01-18,173.77029418945312,174.33265760106949,170.95847713137135,173.48911248364496,5456000
2013-01-21,177.988037109375,179.11276404213567,174.33267457790285,175.45740151066352,7654000
2013-01-22,179.11277770996094,179.95632297390108,177.42568718208062,179.39395946460766,6246000
2013-01-23,178.5504150390625,179.11277855099655,177.70686977116142,179.11277855099655,6051000
2013-01-24,179.39393615722656,179.67511787534133,176.30093725796402,177.7068458485379,5227000
2013-01-25,181.08103942871094,182.2057663816843,178.55040378452088,179.95631247573758,6957000
2013-01-28,182.7681427001953,183.33050621619591,181.36223391019382,182.7681427001953,6456000
2013-01-29,182.7681427001953,184.45523324819712,181.92459742619442,184.45523324819712,5494000
2013-01-30,182.7681427001953,183.89286973219652,181.92459742619442,183.33050621619591,7943000
2013-01-31,181.6433868408203,182.76811369432383,178.83156970706148,182.76811369432383,9457000
2013-02-01,182.4869384765625,182.76812019994702,180.7998481362553,181.36221158302436,6203000
2013-02-04,182.7681427001953,183.33050621619591,180.23750687819262,182.48696094219503,7545000
2013-02-05,183.33045959472656,183.61164128122152,181.64336947575669,182.48691453524162,9665000
2013-02-06,182.7681427001953,184.17405149019683,182.2057791841947,183.89286973219652,6058000
2013-02-18,182.7681427001953,185.01759676419772,182.2057791841947,184.45523324819712,5878000
2013-02-19,182.2057647705078,183.33049171353562,181.08103782747997,182.7681282420217,4416000
2013-02-20,183.33045959472656,184.45518634070646,182.76809622173658,183.8928229677165,5678000
2013-02-21,183.33045959472656,183.8928229677165,182.76809622173658,183.33045959472656,4398000
2013-02-22,183.8928680419922,183.8928680419922,182.48695926491274,183.33050453116041,3928000
2013-02-25,189.2352752685547,190.92236538981967,183.0492781572498,184.45518659163727,12155000
2013-02-26,185.5799102783203,189.23527214743876,185.5799102783203,188.67290878295898,6866000
2013-02-27,187.54823303222656,188.6729600669026,186.42350599755056,186.70468775621956,6696000
2013-03-01,190.36004638671875,191.20359164397155,189.2353193770483,190.07886463430114,8501000
2013-03-04,192.04713439941406,192.60949789692333,190.64122565564088,191.4847709019048,11957000
2013-03-05,195.4213104248047,197.9519460993705,192.32831126700202,193.45303823347572,16143000
2013-03-06,194.57777404785156,198.5143186095133,194.57777404785156,197.10840983749125,9676000
2013-03-07,194.57777404785156,195.98368281987362,193.45304703023393,194.57777404785156,5970000
2013-03-08,195.70248413085938,198.79548316166316,194.85893894064014,194.85893894064014,6786000
2013-03-11,196.8272247314453,197.95195172991072,196.2648612322126,197.95195172991072,9062000
2013-03-12,199.63902282714844,202.45084005006603,196.26484215964734,196.82720560423084,13112000
2013-03-13,198.2331085205078,202.16965251949662,197.95192680629432,201.32610737685616,5903000
2013-03-14,192.89065551757812,199.07665321639257,192.89065551757812,198.23310807564516,7212000
2013-03-15,192.04713439941406,195.70249713322428,192.04713439941406,195.70249713322428,6163000
2013-03-18,190.36004638671875,192.04713690122438,190.36004638671875,191.76595514880677,6392000
2013-03-19,191.20358276367188,193.73421841789695,190.6412192849552,193.17185493918026,7260000
2013-03-20,190.64122009277344,195.14012794157046,190.0788566116738,191.20358357387306,7925000
2013-03-21,186.70465087890625,192.32828494152392,186.70465087890625,192.32828494152392,10937000
2013-03-22,187.26702880859375,189.51648260809637,187.26702880859375,187.8293922584694,6201000
2013-03-25,190.36004638671875,190.64122813913636,186.7046836052899,188.67295587221312,5198000
2013-03-26,191.20358276367188,192.32830972110526,190.07885580623852,191.20358276367188,5158000
2013-03-27,192.60948181152344,193.17184526206805,191.76593663570657,192.04711836097886,5664000
2013-03-28,191.20358276367188,194.0154001572553,190.6412192849552,194.0154001572553,5660000
2013-03-29,192.32830810546875,193.73421679045023,191.48476289447984,193.73421679045023,3555000
2013-04-01,191.76597595214844,193.4530666496747,191.48479416922743,192.32833951799054,3338000
2013-04-02,195.70248413085938,197.3895745112978,192.0471216399094,192.60948510005554,8420000
2013-04-03,200.20143127441406,201.60734020190293,196.26488627744524,196.8272498484408,12078000
2013-04-08,196.8272247314453,197.95195172991072,194.5777707345145,197.38958823067802,10124000
2013-04-09,196.5460205078125,198.79547424752994,196.26483879034782,197.38956566020653,6903000
2013-04-10,198.2331085205078,198.7954719489348,196.2648365210134,198.5142902347213,7309000
2013-04-11,197.38955688476562,199.357828819514,196.54601176987347,199.07664711454996,5133000
2013-04-12,194.2965545654297,197.38955326328747,194.2965545654297,197.38955326328747,4285000
2013-04-15,189.7976837158203,196.26486404984087,189.51650196216724,194.01541002061632,6059000
2013-04-16,191.48475646972656,192.3283016524126,188.6729391941065,188.9541209216685,4887000
2013-04-17,195.14013671875,195.70250022514412,190.36004691440024,191.76595568038547,4595000
2013-04-18,194.57777404785156,196.82722808308685,193.17186527582953,194.57777404785156,3336000
2013-04-19,201.3260955810547,201.32609558105466,196.2648250217544,196.2648250217544,14659000
2013-04-22,204.13790893554688,206.38736247753636,203.01318216455212,203.01318216455212,13071000
2013-04-23,205.26268005371094,205.26268005371094,201.32613550473565,205.26268005371094,5330000
2013-04-24,205.26268005371094,206.94977057470032,204.13795303971798,206.94977057470032,6322000
2013-04-25,203.57557678222656,204.70030372577477,202.73203157456538,204.70030372577477,4791000
2013-04-26,199.63902282714844,203.57556693923306,199.63902282714844,203.01320349464953,6500000
2013-04-29,203.2943878173828,203.2943878173828,199.92020710672085,200.76375228438633,4349000
2013-04-30,202.45086669921875,205.54386605156793,202.45086669921875,204.13795725504556,5423000
2013-05-02,205.8249969482422,205.82499694824216,199.0766363925621,203.57554342968214,7608000
2013-05-03,206.106201171875,206.9497463335607,204.4191108485036,206.66856461299884,5917000
2013-05-06,209.4803924560547,210.04275592573538,207.5121203121723,207.5121203121723,7906000
2013-05-07,208.63685607910156,213.69812752037356,207.2309473454149,211.16749179973758,14252000
2013-05-08,211.4486541748047,213.41692622164462,210.04274556991902,210.04274556991902,10314000
2013-05-09,210.88629150390625,213.69810872395834,210.32392805989585,213.69810872395834,5609000
2013-05-10,207.51210021972656,210.88628071110423,206.66855509688216,210.88628071110423,6830000
2013-05-13,207.51210021972656,208.07446363495617,206.10619168165255,206.10619168165255,3754000
2013-05-14,206.38739013671875,209.1992074410337,206.38739013671872,208.35566224973923,2868000
2013-05-15,206.66856384277344,208.3556541598573,205.8250186842315,206.38738212325947,4185000
2013-05-16,210.32394409179688,212.5733980393027,208.07449014429102,208.07449014429102,7909000
2013-05-17,213.1357421875,214.82283249505278,212.01101531579818,212.01101531579818,9423000
2013-05-20,212.85458374023438,215.66640122689535,212.8545837402344,213.6981289862327,4775000
2013-05-21,212.29217529296875,215.10399218426636,211.44863022557948,213.69808373861756,4778000
2013-05-22,214.8228302001953,216.50992048972563,213.69810334050842,215.10401191511704,7835000
2013-05-23,208.07449340820312,213.13576486948375,208.07449340820312,212.01103787808805,10652000
2013-05-24,204.13790893554688,209.19917940502324,201.88845539355736,208.0744526340285,9839000
2013-05-27,202.45086669921875,203.8567754957411,201.32613966200086,203.8567754957411,5089000
2013-05-28,204.13790893554688,205.26263570654163,202.45081877905474,202.45081877905474,4459000
2013-05-29,204.70030212402344,205.543847325084,203.85675692296292,205.543847325084,4188000
2013-05-30,203.2943878173828,204.9814781727138,201.88847918794033,204.7002964468253,4781000
2013-05-31,209.1991729736328,209.1991729736328,204.13790265975462,205.82499276438068,9805000
2013-06-03,206.94981384277344,207.79335927963257,205.26272296905518,206.94981384277344,4472000
2013-06-04,207.51210021972656,209.761553880645,207.51210021972656,208.355645342571,4964000
2013-06-05,204.9814910888672,209.76158073017137,204.98149108886722,208.63685375574687,4757000
2013-06-06,206.106201171875,207.23092805412261,204.4191108485036,204.9814742896274,4591000
2013-06-07,208.07449340820312,209.48040214744773,206.10622117326065,209.1992203995988,7080000
2013-06-10,211.4486541748047,212.01101761675895,209.19920040698761,210.88629073285043,6216000
2013-06-11,206.106201171875,210.04274525974165,205.82501945131312,210.04274525974165,8348000
2013-06-13,203.01321411132812,204.9814862703022,202.45085063733552,203.85675932231703,5936000
2013-06-14,197.9519500732422,204.9814937548204,197.38958657871592,204.70031200755727,6777000
2013-06-17,199.07669067382812,200.48259950627045,196.82723654192048,198.51432714085124,6028000
2013-06-18,199.9202117919922,200.48257525694856,197.3895761996885,199.07666659455762,4694000
2013-06-19,197.67076110839844,201.3261236893503,197.67076110839844,201.04494195235404,5578000
2013-06-20,192.60948181152344,195.70248078951872,192.04711836097886,194.57775388842953,8083000
2013-06-21,185.5799102783203,189.23527214743876,180.2374583157626,187.2670003717596,16306000
2013-06-24,173.77029418945312,182.76810877531477,173.48911248364496,182.76810877531477,13220000
2013-06-25,176.5821533203125,179.95633459394907,169.83379077303942,173.77033559228207,15348000
2013-06-26,184.45526123046875,186.14235203440595,180.5187160212819,181.64344322390673,13416000
2013-06-27,184.45526123046875,186.70471563571837,182.20580682521913,185.57998843309355,11882000
2013-06-28,195.9836883544922,195.9836883544922,185.01759962303566,185.01759962303566,13758000
2013-07-01,194.01544189453125,194.8589872940727,190.92244209621265,192.32835109544837,8110000
2013-07-02,192.04713439941406,195.70249713322428,190.36004390688626,195.70249713322428,5872000
2013-07-03,188.67294311523438,196.26484991718866,188.67294311523435,195.98366818378292,8213000
2013-07-04,185.5799102783203,190.92236224087802,185.5799102783203,188.67290878295898,5709000
2013-07-05,194.2965545654297,195.14009966484545,187.82937546990888,188.9541022691299,9011000
2013-07-08,196.2648468017578,196.8272102596425,193.171847783392,196.2648468017578,9452000
2013-07-09,198.7954559326172,199.35781931573632,196.82718409170016,197.95191085793846,5136000
2013-07-10,197.67076110839844,199.63903326737253,196.26485242341693,199.63903326737253,5279000
2013-07-11,196.8272247314453,200.20140572684153,196.8272247314453,199.35786047799246,7091000
2013-07-12,202.45086669921875,202.45086669921875,196.54604975382486,197.38959503173828,10846000
2013-07-15,201.3260955810547,203.0131857674881,200.48255048783795,202.4508223720103,7165000
2013-07-16,201.61456298828125,204.7873243514731,201.61456298828125,203.05672724427754,7279000
2013-07-17,196.1343536376953,200.17241385964786,196.1343536376953,198.44181662166818,7593000
2013-07-18,190.9425811767578,194.69220890379384,189.21198376427964,194.40377600171414,7742000
2013-07-19,186.03916931152344,189.5003631591797,181.71267700195312,186.32760213216147,11123000
2013-07-22,190.65408325195312,192.09624727050044,187.1928896074396,189.78878484082475,5415000
2013-07-23,198.1533660888672,201.03769456177648,192.67314199033956,192.67314199033956,8789000
2013-07-24,199.8839569091797,200.74925542393805,198.44179271791577,200.74925542393805,5539000
2013-07-25,204.7873077392578,205.36417339486133,198.15335269981705,199.88394966662767,8415000
2013-07-26,206.5178985595703,209.69065957096038,204.49886882504939,206.5178985595703,7524000
2013-07-29,208.24851989746094,209.97911701572238,206.80635563224305,208.5369527505045,6120000
2013-07-30,205.0757598876953,208.24852129242757,203.05672990286567,208.24852129242757,5946000
2013-07-31,207.6716766357422,208.2485424041748,204.2104820251465,205.94107933044432,6499000
2013-08-01,208.8253936767578,211.13285659031317,205.07576644223042,209.69069226934107,6824000
2013-08-02,209.40223693847656,211.13283393796812,207.67163993898504,211.13283393796812,6256000
2013-08-05,206.80633544921875,210.55596217284474,205.94103697453582,210.55596217284474,4965000
2013-08-06,202.47984313964844,204.78730573953047,200.7492461897369,204.78730573953047,5465000
2013-08-07,201.9029998779297,206.22949273245675,201.32613416399275,203.05673130580357,5974000
2013-08-08,204.2104949951172,206.517958215401,203.63362919004624,205.94109241033004,5014000
2013-08-09,202.47984313964844,203.92200726457472,201.03767901472216,203.92200726457472,3974000
2013-08-12,203.34515380859375,204.7873180200022,202.47985528174866,204.7873180200022,2631000
2013-08-13,211.1328125,211.1328125,205.36415642076503,206.51788763661202,10176000
2013-08-14,209.40223693847656,211.13283393796812,208.2485056054822,211.13283393796812,5124000
2013-08-15,207.6716766357422,211.13287124633788,206.51794509887694,207.6716766357422,5612000
2013-08-16,207.6716766357422,209.97913970947266,207.09481086730958,207.6716766357422,3843000
2013-08-19,216.32461547851562,218.6320780436198,209.97909342447917,210.55595906575522,11064000
2013-08-20,213.4403076171875,220.36269597233954,212.5750090727935,216.32463609850086,8948000
2013-08-22,212.28663635253906,214.88253272098044,211.70977049288544,214.88253272098044,6374000
2013-08-23,211.70970153808594,215.74776124044726,211.70970153808594,215.17089556868135,4123000
2013-08-26,211.99813842773438,217.1899295729034,211.99813842773438,216.32463104870857,5709000
2013-08-27,211.99813842773438,216.61306389010684,211.99813842773438,213.72873547612406,7217000
2013-08-28,211.1328125,215.17087175546447,211.1328125,211.1328125,7159000
2013-08-29,209.69073486328125,212.5750640911118,207.09483855823376,212.28663116832877,10285000
2013-08-30,211.70970153808594,211.70970153808594,207.67164183572464,210.55597019455413,6695000
2013-09-02,206.5178985595703,211.13282366704675,206.5178985595703,211.13282366704675,5924000
2013-09-03,209.69073486328125,210.26760070884737,207.96013732658292,208.8254360949321,6067000
2013-09-04,210.5559844970703,211.13285020802118,208.82538736421768,209.1138202196931,4016000
2013-09-05,211.99813842773438,211.99813842773438,208.8253771723533,209.69067569654817,4963000
2013-09-06,213.15187072753906,214.59403494085123,210.8444079862396,211.13284082890203,7127000
2013-09-09,213.4403076171875,214.59403900971284,211.13284483213684,214.59403900971284,5659000
2013-09-10,212.86343383789062,214.88246369814163,210.5559711404609,214.5940308609629,5597000
2013-09-11,213.4403076171875,213.4403076171875,210.26754628774282,212.86344192092483,5083000
2013-09-12,215.74778747558594,216.32465321749928,212.86345876601928,214.5940559917593,6276000
2013-09-13,213.72874450683594,216.61307304269067,213.72874450683594,216.03620733551972,4304000
2013-09-16,213.4403076171875,213.4403076171875,210.8444119840055,212.86344192092483,4466000
2013-09-17,214.59400939941406,214.88244220774664,212.2865469327537,213.44027816608389,4503000
2013-09-18,213.4403076171875,214.59403900971284,213.4403076171875,214.59403900971284,3842000
2013-09-23,214.0171661376953,215.45933032999784,212.57500194539278,214.59403181461633,4378000
2013-09-24,213.15187072753906,215.74776631150098,212.5750050422142,215.74776631150098,4463000
2013-09-25,214.30560302734375,214.30560302734375,210.84440890038798,211.70970743212692,3696000
2013-09-26,214.59400939941406,214.5940093994141,211.70968131608862,211.70968131608862,5994000
2013-09-27,213.72874450683594,215.4593416283488,213.72874450683594,214.59404306759237,6506000
2013-09-30,210.84442138671875,212.86345141367775,208.24852563777145,212.5750185526836,5571000
2013-10-01,210.84442138671875,212.5750185526836,210.5559885257246,210.84442138671875,4476000
2013-10-02,212.28663635253906,214.3056668613268,212.28663635253906,212.8635022121927,5248000
2013-10-03,216.9014892578125,218.05522058365193,213.15186244883435,213.72872811175407,13404000
2013-10-04,218.9205322265625,218.9205322265625,217.1899351338624,217.47836798264575,8802000
2013-10-07,215.1708984375,220.36268955261394,215.1708984375,219.20895819369971,6433000
2013-10-08,218.34364318847656,219.78580727822873,215.7477478269227,216.03618064487313,7698000
2013-10-09,220.36270141601562,220.36270141601565,217.18994000819342,219.7858357055025,8347000
2013-10-11,221.8048553466797,223.53545239749903,221.22798966307323,222.95858671389257,8483000
2013-10-14,221.8048553466797,223.2470195556958,219.20895977045066,223.2470195556958,6041000
2013-10-15,227.28506469726562,227.28506469726562,222.38170670252765,223.82387081862706,10988000
2013-10-16,224.68919372558594,229.30411939902544,224.112328016406,227.86195512607557,8562000
2013-10-17,227.28506469726562,228.43879599014514,224.97760211150657,227.28506469726562,6192000
2013-10-18,227.8619384765625,228.7272369771064,226.70820714250394,228.7272369771064,3492000
2013-10-21,225.8429412841797,229.01570291141593,224.68920978336652,229.01570291141593,4853000
2013-10-22,225.8429412841797,225.8429412841797,222.09331390653688,223.82391115775664,5924000
2013-10-23,228.43887329101562,229.01573913265958,225.8429770036177,226.70827576608366,6210000
2013-10-24,227.28506469726562,227.86193034370538,225.84290058116622,227.86193034370538,4751000
2013-10-25,224.11233520507812,227.2850967073379,223.82390234123633,225.55449952428714,3099000
2013-10-28,225.55445861816406,226.99662267582494,223.53542893743878,224.11229456050316,2970000
2013-10-29,227.8619384765625,228.43880414359177,224.97761014141614,225.84290864196004,4223000
2013-10-30,227.8619384765625,229.88096831116493,226.4197743089893,229.01566981062103,4069000
2013-10-31,231.89999389648438,231.8999938964844,227.28506864481307,228.72723278596035,7758000
2013-11-01,233.34213256835938,237.9570573163121,232.76526697486528,233.63056536510643,6689000
2013-11-04,249.494384765625,249.494384765625,238.53393780482295,238.8223706195809,21695000
2013-11-05,248.05224609375,258.7242613326672,248.05224609375003,252.09030591388083,14893000
2013-11-06,249.2059783935547,252.0903068471838,245.45635140383686,249.78284408428053,6275000
2013-11-07,247.7638397216797,252.09033284836792,247.1869739714546,251.8018999732554,3883000
2013-11-08,246.8985137939453,250.93657359898648,246.32164810751087,247.763812323597,3750000
2013-11-11,245.7447967529297,250.3597225135481,245.7447967529297,245.7447967529297,4061000
2013-11-12,239.39926147460938,246.89851544851282,236.51493302310806,245.7447840679123,6620000
2013-11-13,237.95709228515625,243.4373162286932,237.95709228515628,239.97612215909092,7246000
2013-11-14,236.80337524414062,241.12986809269375,236.51494238757044,236.51494238757044,7198000
2013-11-15,236.80337524414062,240.55300237955333,236.80337524414062,237.66867381385126,6127000
2013-11-18,238.8223876953125,239.11082053069333,236.51492501226602,236.51492501226602,6486000
2013-11-19,248.91757202148438,249.20600489752317,239.97615286428157,241.12988436843676,9532000
2013-11-20,241.70668029785156,249.20593290852474,241.41824750513334,249.20593290852474,9138000
2013-11-21,239.39926147460938,244.59105268731176,237.95709724885873,244.59105268731176,7419000
2013-11-22,244.5911102294922,245.4564089685116,240.264616534395,240.264616534395,5893000
2013-11-25,246.8985137939453,249.20597653968312,246.03321526429363,248.05224516681423,5739000
2013-11-26,248.91757202148438,250.35973640167836,244.5910788809024,247.76384051732919,5966000
2013-11-27,247.1869354248047,250.9365622165462,247.18693542480472,250.9365622165462,2893000
2013-11-28,250.93653869628906,251.80183710558663,245.4563154374046,245.4563154374046,4981000
2013-11-29,251.513427734375,252.66715905425747,250.07126358452194,252.66715905425747,5904000
2013-12-02,248.05224609375,252.09030591388083,247.18694756086484,252.09030591388083,4370000
2013-12-03,250.64816284179688,250.93659571042954,247.7638341554701,248.62913276136814,3206000
2013-12-04,250.93653869628906,250.93653869628906,247.76377786219805,250.3596730900907,3346000
2013-12-05,248.34071350097656,250.93660946091708,248.34071350097656,250.93660946091708,2445000
2013-12-06,248.05224609375,250.07127600381543,246.8985147165698,248.05224609375003,3903000
2013-12-09,246.8985137939453,250.93657359898648,246.8985137939453,250.93657359898648,3757000
2013-12-10,247.7638397216797,248.91757122212988,245.74480959589184,248.91757122212988,2985000
2013-12-11,248.05224609375,249.20597747093026,246.32164902797967,247.76381324945496,3681000
2013-12-12,242.86044311523438,246.89850273947818,237.66865216977806,245.74477141826566,6519000
2013-12-13,240.55299377441406,242.86045654443242,237.66866531189112,242.86045654443242,5577000
2013-12-16,240.55299377441406,242.28359085192784,237.66866531189112,242.28359085192784,4902000
2013-12-17,244.30259704589844,245.16789550060645,241.70670168177435,242.28356731824636,5343000
2013-12-18,241.1298370361328,246.32162778571464,241.12983703613284,246.03319496629342,4951000
2013-12-19,247.47537231445312,247.47537231445315,244.0141782960692,245.1679096355305,4724000
2013-12-20,249.494384765625,250.35968320989883,246.89848943280344,248.05222069183526,5984000
2013-12-23,248.91757202148438,251.80190078187238,248.91757202148438,250.93660215375598,4279000
2013-12-24,246.610107421875,250.35973478618422,246.610107421875,250.35973478618422,2764000
2013-12-25,248.05224609375,248.9175446266352,246.8985147165698,248.62911178234015,1856000
2013-12-26,247.1869354248047,248.34066674534054,246.89850259467073,247.76380108507263,1384000
2013-12-27,251.513427734375,252.09029339431623,248.05223377472765,249.78283075455133,5866000
2013-12-30,256.4167785644531,257.28207702979995,251.8018534159365,252.6671518812834,7132000
2013-12-31,255.83990478515625,257.8589344734269,254.39774072210577,257.28206884820673,4191000
2014-01-02,254.39781188964844,258.14743950253444,254.39781188964844,256.70527503603984,3756000
2014-01-03,251.22500610351562,255.55149874594127,249.78284188937377,255.55149874594127,3771000
2014-01-06,248.91757202148438,252.66719940998877,248.91757202148438,251.22503502979478,3237000
2014-01-07,241.41831970214844,248.34070879755055,241.41831970214844,248.05227591857545,11988000
2014-01-08,234.78431701660156,241.41827192001904,231.8999887977244,241.41827192001904,15774000
2014-01-09,237.66867065429688,239.39926777071165,235.07277497967468,235.93807353788208,8776000
2014-01-10,240.55299377441406,241.70672515942323,238.2455310043957,239.3992623894049,7060000
2014-01-13,239.68768310546875,243.43730991698632,239.68768310546875,242.28357859036552,4955000
2014-01-14,239.68768310546875,240.55298160043435,238.24551894719278,239.39925027381355,5648000
2014-01-15,241.70668029785156,242.28354588328796,237.95705399251494,239.39921795610596,10755000
2014-01-16,241.1298370361328,244.01416523034496,240.5529713972904,242.28356831381768,5624000
2014-01-17,239.39926147460938,242.2835899261107,239.39926147460938,241.1298585455102,2498000
2014-01-20,236.51492309570312,240.55298275831268,234.7843260974419,239.39925142613853,5266000
2014-01-21,223.8238983154297,231.900018357739,222.67016688081407,231.900018357739,17256000
2014-01-22,230.16940307617188,231.3231344199121,221.5164179981203,222.0932836699904,10317000
2014-01-23,231.89999389648438,233.9190236940906,230.74626258356656,230.74626258356656,5624000
2014-01-24,235.07275390625,235.07275390625,231.32312715682517,233.05372411809816,3889000
2014-01-27,231.03475952148438,234.49595442068264,228.72729625535217,232.7653569710835,7984000
2014-02-05,231.3231658935547,233.63062889498664,224.68920976443778,224.97764263961676,12088000
2014-02-06,235.07275390625,236.51491804064418,232.76529129121934,235.9380523868865,7293000
2014-02-07,236.22647094726562,237.95706780402216,233.63057566213084,237.95706780402216,5837000
2014-02-10,236.51492309570312,239.110818593095,235.0727589304854,238.82238576005145,2863000
2014-02-11,241.70668029785156,242.28354588328796,235.36115885805114,236.51489002892396,5554000
2014-02-12,250.35972595214844,251.80189027214928,245.16793440014533,245.16793440014533,13075000
2014-02-13,247.47537231445312,250.35970066310645,246.8985066447225,250.35970066310645,4879000
2014-02-14,248.91757202148438,252.37876653394997,247.18697476525156,250.35973640167836,5243000
2014-02-17,247.47537231445312,250.64813349797177,247.1869394795878,250.64813349797177,3494000
2014-02-18,250.07125854492188,250.3596913690798,247.76379595165847,250.3596913690798,2678000
2014-02-19,250.93653869628906,250.93653869628906,248.62907627149562,250.93653869628906,2648000
2014-02-20,250.93653869628906,252.0902699086858,249.49437468079316,250.93653869628906,3914000
2014-02-21,251.513427734375,252.09029339431623,250.07126358452194,252.09029339431623,3931000
2014-02-24,251.513427734375,252.37872622428685,250.93656207443377,251.513427734375,2858000
2014-02-25,256.9936828613281,257.8589814568208,252.6671898838647,252.6671898838647,9653000
2014-02-26,256.9936828613281,259.01271291747776,256.12838426583545,256.7052499961639,8131000
2014-02-27,256.7052307128906,262.47388758284325,255.55149933890013,258.43582777387644,9991000
2014-03-03,259.58953857421875,261.32013549804685,255.55147908528647,261.32013549804685,8013000
2014-03-04,256.7052307128906,261.89702189584796,256.7052307128906,260.74329052185743,4573000
2014-03-05,259.87799072265625,261.3201549331038,258.14739367011913,259.5895578805667,5231000
2014-03-06,268.2425842285156,268.2425842285156,260.1664634130334,260.45489629930063,10955000
2014-03-07,272.8574523925781,277.76081041654624,268.5309600184886,271.7037210928209,13983000
2014-03-10,272.2806396484375,276.31869998220674,271.415341005487,275.16496845827265,4745000
2014-03-11,273.7228088378906,276.03027192609204,272.5690772937899,273.43437595186543,3695000
2014-03-12,263.05078125,270.2616031044408,263.05078125,265.35824424342104,7823000
2014-03-13,260.7433166503906,266.2235412260072,260.1664509055889,263.0507796295976,9183000
2014-03-14,265.3582458496094,266.22354447737985,258.4358568274456,259.58958833113957,5808000
2014-03-17,261.3201599121094,264.20448838796045,259.01269713142847,263.05075699762,4471000
2014-03-18,261.3201599121094,263.91605554037534,259.01269713142847,262.47389130244983,4554000
2014-03-19,253.8208770751953,258.4358021129261,252.9555786306208,258.4358021129261,8919000
2014-03-20,255.83990478515625,257.8589344734269,252.95557665905528,253.24400947166538,6015000
2014-03-21,255.26303100585938,259.01265745001325,255.26303100585938,259.01265745001325,4530000
2014-03-24,256.1283874511719,256.4168203199232,249.78286433864284,254.9746559761666,5351000
2014-03-25,260.1664123535156,260.1664123535156,252.09029312302957,252.66715878235,3920000
2014-03-26,263.9160461425781,265.0697774918353,261.89701628137806,263.05074763063527,5185000
2014-03-27,260.7433166503906,263.9160782468002,260.4548837779897,261.3201823951924,3561000
2014-03-28,256.7052307128906,263.0507532698385,255.55149933890013,259.58955914786696,4775000
2014-03-31,259.3011169433594,260.45484827569913,256.41678861251,256.70522144559493,4268000
2014-04-01,267.3772277832031,267.3772277832031,258.7242430653001,259.0126758892302,5687000
2014-04-02,269.3962707519531,272.85746480872336,267.95410656163216,268.8194050758247,6507000
2014-04-03,264.2044982910156,272.2806183261122,263.33919971582674,271.12688689252695,5591000
2014-04-07,265.9350891113281,266.80038766592025,260.74329778377506,261.897029189898,9042000
2014-04-08,265.3582458496094,269.3963061125382,263.05078284222145,268.2425746088442,10188000
2014-04-09,266.2235107421875,267.6656749390574,265.35821222406554,265.93507790281353,5257000
2014-04-10,270.8384094238281,270.8384094238281,266.80035007139617,267.37721569317216,5112000
2014-04-11,268.2425842285156,268.5310171147828,267.0888526834467,268.2425842285156,3835000
2014-04-14,265.3582458496094,268.2425746088442,263.62764859406843,267.08884310515026,4942000
2014-04-15,263.33917236328125,266.5119334760919,261.32014256421996,265.35820216234254,4661000
2014-04-16,260.7433166503906,265.0698097364037,260.7433166503906,264.492943991602,4250000
2014-04-17,266.2235107421875,269.9731376540493,262.4738838303257,263.6276151878216,6390000
2014-04-18,263.62762451171875,268.81941580407204,263.62762451171875,268.81941580407204,2073000
2014-04-21,270.5500183105469,272.28061544259725,264.20449549302873,264.7813612037122,3822000
2014-04-22,271.1269226074219,274.0112515713306,271.1269226074219,271.7037884002036,5527000
2014-04-23,272.5690612792969,274.58809136284725,269.9731654575893,273.4343598865327,4775000
2014-04-24,275.1649169921875,275.1649169921875,268.8193947973991,272.85745437590083,5457000
2014-04-25,270.5500183105469,281.22203395819105,269.9731525998634,276.895541128065,11563000
2014-04-28,280.06829833984375,282.6641939990184,269.9731485541645,270.5500142562033,11030000
2014-04-29,278.91455078125,282.9526104616404,277.472386609682,281.5104462900724,7493000
2014-04-30,272.2806396484375,280.93362607794296,272.2806396484375,280.93362607794296,7464000
2014-05-02,291.31719970703125,291.31719970703125,288.43287099706066,291.31719970703125,20815000
2014-05-05,295.9320983886719,305.7388150994076,294.77836701093827,298.8164268330059,15410000
2014-05-06,293.6246643066406,299.3933217586375,291.8940670710416,296.50899303263907,8027000
2014-05-07,298.81646728515625,298.81646728515625,291.8940780816391,292.4709438485989,7455000
2014-05-08,295.3551940917969,305.16190952062607,294.77832847833633,302.8544470667839,8663000
2014-05-09,291.8940124511719,298.23953446097994,291.8940124511719,295.35520627470356,4004000
2014-05-12,284.6832580566406,291.8940801958666,284.3948251710716,291.8940801958666,8660000
2014-05-13,283.5294494628906,289.58653841377634,281.51041981259533,286.12534472755596,9360000
2014-05-14,290.7402648925781,290.7402648925781,284.97160884312217,287.27907126290455,5902000
2014-05-15,288.4328918457031,293.6246838989258,288.14445895385745,291.3172207641602,3817000
2014-05-16,289.5865783691406,289.5865783691406,280.6451601127229,285.2600856644224,7868000
2014-05-19,283.8179626464844,293.0478150902725,283.8179626464844,290.1634862015887,5875000
2014-05-20,283.8179626464844,287.85602309064166,283.2410968687476,285.26012709082624,4734000
2014-05-21,281.79888916015625,286.12538182894065,281.5104563155706,284.6832176060125,5048000
2014-05-22,291.31719970703125,291.31719970703125,283.8179450611077,285.5485422870901,7338000
2014-05-23,287.56756591796875,291.31719315661826,286.7022673244342,290.16346169857223,4988000
2014-05-26,285.26007080078125,289.5865632800651,285.26007080078125,288.43283195225604,4488000
2014-05-27,293.6246643066406,295.3552615422397,287.2791411094441,288.43287259984345,8464000
2014-05-28,293.0478210449219,293.6246868343804,289.5866263081708,293.6246868343804,4976000
2014-05-29,287.2791442871094,290.16347304501204,286.12541278394826,290.16347304501204,7091000
2014-05-30,280.9335632324219,289.5865477262337,280.9335632324219,288.4328164603921,11017000
2014-06-03,283.8179626464844,286.99072442403656,282.37579820214245,286.4138586462998,6744000
2014-06-04,282.95263671875,286.7022639127803,282.95263671875,285.5485324684633,4716000
2014-06-05,292.4709167480469,293.6246481750608,282.3757667616744,283.2410653319349,10437000
2014-06-06,288.4328918457031,292.470952331543,288.14445895385745,292.470952331543,4568000
2014-06-09,293.6246643066406,296.50899303263907,292.47093281624126,294.20153005184034,5933000
2014-06-10,294.2015380859375,296.50900112974875,292.47094080307903,296.50900112974875,4646000
2014-06-11,291.8940124511719,293.04774372568244,289.58654990215075,290.16341553940606,3814000
2014-06-12,288.4328918457031,290.16348919677733,286.7022944946289,288.4328918457031,5864000
2014-06-13,288.4328918457031,291.3172207641602,287.56759317016605,288.4328918457031,4140000
2014-06-16,286.4138488769531,287.85601327210395,284.394818723742,286.7022817559833,5421000
2014-06-17,294.2015380859375,294.2015380859375,288.1444475959329,289.0097462373621,7880000
2014-06-18,295.9320983886719,297.0858297664055,292.47090425547105,296.5089640775387,8117000
2014-06-19,298.81646728515625,299.393333052116,295.93213845035746,297.085869984277,5292000
2014-06-20,293.6246643066406,298.8164560134378,293.6246643066406,297.66272452303843,4300000
2014-06-23,294.7783508300781,296.5089478016833,293.6246195156747,296.5089478016833,4252000
2014-06-24,291.31719970703125,295.93212564298426,291.31719970703125,294.2015284170019,2820000
2014-06-25,291.31719970703125,292.47093119101953,288.1444381260636,291.31719970703125,6152000
2014-06-26,297.0858154296875,298.23954675174457,293.6246214635164,294.20148712454494,4828000
2014-06-27,289.00970458984375,292.470898656788,287.2791075563716,291.31716730113993,10514000
2014-06-30,291.31719970703125,291.31719970703125,289.0097367390548,291.31719970703125,3592000
2014-07-01,293.0478210449219,294.2015526238389,286.41386446614905,288.4328947292538,5453000
2014-07-02,298.81646728515625,299.9701988190758,294.20154114947815,297.085869984277,11825000
2014-07-03,308.6231384277344,314.39179522077615,296.5089591623467,299.39328755886754,17283000
2014-07-04,312.1841735839844,316.3387158179917,310.40365548369545,312.777679617414,9000000
2014-07-07,315.1517028808594,315.1517028808594,306.84261843578963,309.8101485947431,8069000
2014-07-08,309.8102111816406,313.3712480917744,309.8102111816406,312.77774194008543,3753000
2014-07-09,308.0296325683594,311.5906687830225,307.4361265325822,309.2166446399138,3573000
2014-07-10,305.6556091308594,310.4036574280378,303.8750910194175,309.8101513908905,6469000
2014-07-11,297.3465270996094,304.46859960498927,297.3465270996094,301.5010693944143,6856000
2014-07-14,298.5335388183594,299.1270448597478,291.41146632169875,296.45626767350007,8715000
2014-07-15,294.3789978027344,299.1270461543914,294.3789978027344,298.5335401104343,6806000
2014-07-16,294.9725036621094,301.5010701415524,294.6757506403165,296.75302179286655,8698000
2014-07-17,293.7854919433594,297.9400342536695,292.59847985469935,294.3789979876894,4836000
2014-07-18,299.12701416015625,300.31402612110924,292.3016953846765,293.19195435539126,4138000
2014-07-21,300.90753173828125,308.02960349540035,300.90753173828125,302.0945436978011,5975000
2014-07-22,306.8426208496094,306.8426208496094,303.28158463085185,306.2491148131498,4041000
2014-07-23,306.8426208496094,306.8426208496094,306.8426208496094,306.8426208496094,0
2014-07-24,304.4685974121094,309.8101517526727,304.4685974121094,308.62313967699197,4000000
2014-07-25,300.90753173828125,309.2166154549202,299.1270137990015,309.2166154549202,5326000
2014-07-28,298.5335388183594,303.8750931908549,297.34652673558264,302.6880811080781,3995000
2014-07-29,295.5660095214844,302.6880820400744,294.0822444134448,302.6880820400744,6022000
2014-07-30,297.9400329589844,299.7205510842373,295.5660087919805,297.3465269172334,4677000
2014-07-31,278.35430908203125,291.4114408513376,277.4640500977603,291.4114408513376,21138000
2014-08-01,294.67578125,296.7530526183283,287.2569549345418,289.6309793554884,16694000
2014-08-04,292.0049743652344,297.3465287743545,292.0049743652344,295.86276366071,6499000
2014-08-05,289.0373840332031,293.78543140951854,289.0373840332031,290.8179017993214,6429000
2014-08-06,298.5335388183594,299.72055090113616,290.22445423892196,292.8952314251697,8115000
2014-08-07,292.0049743652344,302.09457713801686,292.0049743652344,299.72055295618566,6172000
2014-08-08,291.1147155761719,295.5660109213733,289.9277034841182,295.5660109213733,5038000
2014-08-11,293.7854919433594,296.7530221650095,291.1147147438743,291.1147147438743,2951000
2014-08-12,290.52117919921875,294.3789680956333,290.52117919921875,294.3789680956333,3790000
2014-08-13,295.8627624511719,296.1595154726876,290.81796108540465,290.81796108540465,2764000
2014-08-14,296.7530822753906,299.7206130981445,296.1595761108398,299.7206130981445,3006000
2014-08-15,296.7530822753906,299.1271069335937,295.566069946289,299.1271069335937,1374000
2014-08-18,296.7530822753906,298.53360076904295,295.86282302856443,297.9400946044922,1910000
2014-08-19,302.6880798339844,305.6556100284352,298.5335375617532,299.12704360064333,7055000
2014-08-20,303.87506103515625,305.6555789709091,301.5010371208191,303.28155505657196,3768000
2014-08-21,304.4685974121094,306.2491155256305,300.90756118506715,306.2491155256305,4208000
2014-08-22,302.0945739746094,305.65561021006647,299.720549817638,305.65561021006647,5896000
2014-08-25,297.3465270996094,303.2815875207593,297.3465270996094,303.2815875207593,3140000
2014-08-26,293.7854919433594,299.72055238665956,293.4887389211944,296.7530221650095,5977000
2014-08-27,297.3465270996094,298.53353918383937,293.78549084691946,296.15951501537944,6346000
2014-08-28,294.67578125,298.53357093403827,293.785522092145,298.53357093403827,2450000
2014-08-29,296.4562683105469,296.75302133187876,294.6757501825556,296.4562683105469,3012000
2014-09-01,305.6556091308594,306.842621205154,296.7530185736499,297.94003064794447,10140000
2014-09-02,305.6556091308594,306.24911516800665,301.5010668708283,303.2815849822702,7419000
2014-09-03,305.0621032714844,309.8101515714296,303.28158515900486,307.436127421457,7139000
2014-09-04,305.6556091308594,305.6556091308594,302.0945729079756,305.0621030937121,3420000
2014-09-05,304.4685974121094,308.62313967699197,303.875091374269,308.62313967699197,5114000
2014-09-09,308.62310791015625,312.77764974740836,306.249084003155,308.02960193340596,11249000
2014-09-10,304.4685974121094,307.4361276013112,303.875091374269,305.6556094877901,3959000
2014-09-11,302.6880798339844,305.6556100284352,302.09457379509416,304.46859795065484,2791000
2014-09-12,300.31402587890625,302.09454381889975,296.7529899989192,301.5010378389019,6390000
2014-09-15,297.3465270996094,300.90756335229935,296.7530210574944,299.72055126806936,3430000
2014-09-16,294.9725036621094,298.5335399236238,294.9725036621094,297.3465278364523,3734000
2014-09-17,295.2691955566406,299.7204899620171,295.2691955566406,295.8627014773575,5542000
2014-09-18,296.7530822753906,299.1271069335937,295.86282302856443,295.86282302856443,2901000
2014-09-19,294.9725036621094,298.5335399236238,294.9725036621094,297.3465278364523,3980000
2014-09-22,293.1920166015625,297.94006545340966,292.0050043886007,296.45630018720743,6535000
2014-09-23,280.7283630371094,290.8179659369632,280.7283630371094,290.8179659369632,11345000
2014-09-24,265.8907165527344,274.7933075087411,261.7361741065979,274.7933075087411,24858000
2014-09-25,267.3744812011719,273.309541827169,267.07772816987205,267.67123423247176,11386000
2014-09-26,270.04522705078125,271.52899203457673,262.03289613828554,267.07769708319023,11617000
2014-09-29,264.1101989746094,270.0452596257242,262.6264338118307,270.0452596257242,12741000
2014-09-30,267.3744812011719,268.8582463576712,261.7361736064746,261.7361736064746,11052000
2014-10-01,271.52899169921875,271.8257446956113,265.8906847677596,267.67120274611506,7418000
2014-10-02,270.6387939453125,271.23230007238556,267.07775718287417,269.15502862762986,4973000
2014-10-03,270.04522705078125,271.23223903781764,268.85821506374486,269.15496806050396,3790000
2014-10-06,276.57379150390625,278.6510624701373,270.0452256100372,270.0452256100372,6213000
2014-10-07,270.3420104980469,273.60629383007597,267.3744801962022,270.0452574678624,7265000
2014-10-08,262.92315673828125,265.8906867240407,262.3296507411294,263.21990973685723,11128000
2014-10-09,249.27255249023438,265.00046354021345,248.67904641287666,262.9231922694615,14118000
2014-10-13,239.18289184570312,243.33743339141014,235.32510326754664,237.99587997550114,17085000
2014-10-14,248.38230895996094,248.38230895996094,238.2927050117666,238.58945806906644,7959000
2014-10-15,253.42710876464844,261.1426881883965,250.45957821705304,254.31736792892707,12874000
2014-10-16,250.4595489501953,252.5368200907775,248.08552478952993,248.08552478952993,9667000
2014-10-17,249.27255249023438,254.91086022513252,244.2277508326939,252.24008287702287,8526000
2014-10-20,248.0855255126953,254.31733895260749,248.08552551269528,252.8335738478665,4402000
2014-10-21,249.27255249023438,254.020601109096,249.27255249023438,252.24008287702287,3987000
2014-10-22,252.53680419921875,254.61407520908304,250.7562861907636,254.61407520908304,2933000
2014-10-23,249.27255249023438,252.24008287702287,249.27255249023438,252.24008287702287,2409000
2014-10-24,248.67901611328125,251.94329914102124,248.08551010823763,251.94329914102124,2550000
2014-10-27,248.0855255126953,250.7563027012291,240.66669998899027,250.7563027012291,3784000
2014-10-28,252.24008178710938,254.02060001148897,248.38229230095357,250.45956356272976,3939000
2014-10-29,258.47186279296875,259.9556277917803,252.8335557974849,254.91082679582107,6045000
2014-10-30,254.3173370361328,258.17512627938805,252.24006590514924,258.17512627938805,3625000
2014-10-31,256.9881591796875,256.9881591796875,253.13036926128572,256.6914061090412,4080000
2014-11-03,259.65887451171875,262.3296515066964,258.4718625139509,258.76861551339283,5233000
2014-11-04,257.5816345214844,260.8459179082774,255.8011163105064,260.8459179082774,3868000
2014-11-05,253.1302947998047,257.5815895500943,253.13029479980466,256.39457761668376,3758000
2014-11-06,245.1179962158203,254.02058687741183,244.5244901717142,254.02058687741183,6324000
2014-11-07,253.42710876464844,256.98814542176297,245.71152934090037,245.71152934090037,9575000
2014-11-10,268.2647399902344,268.561493021197,256.6913717826911,257.87838390654167,11470000
2014-11-11,264.4069519042969,270.6387655855429,264.4069519042969,270.04525952066234,6741000
2014-11-12,265.8907165527344,270.04525899887085,264.11019836153304,270.04525899887085,5159000
2014-11-13,269.45172119140625,270.0452271852199,266.1874382254311,270.0452271852199,4072000
2014-11-14,270.3420104980469,272.4192817093381,268.8582453471246,272.4192817093381,4934000
2014-11-17,265.8907165527344,271.8257771900722,264.70370442526684,271.8257771900722,4401000
2014-11-18,259.65887451171875,267.0776994977678,258.76861551339283,267.0776994977678,5259000
2014-11-19,261.14263916015625,263.51666315252135,259.06536816683683,259.36212116588246,7230000
2014-11-20,261.14263916015625,264.4069221496582,260.549133162065,260.549133162065,4371000
2014-11-21,264.1101989746094,265.59396413738807,260.8459156164962,264.70370503972083,4297000
2014-11-24,267.0777282714844,269.4517525227865,265.8907161458334,269.4517525227865,2369000
2014-11-25,267.0777282714844,268.858246459961,264.1101979573568,267.0777282714844,4654000
2014-11-26,271.2322998046875,271.8258059311748,267.96801610900746,269.45178142522565,4343000
2014-11-27,275.9803161621094,280.4316115840789,273.01278588079634,273.01278588079634,9114000
2014-11-28,275.9803161621094,280.1348585559476,275.38681010584673,279.541352499685,4963000
2014-12-01,274.7933044433594,275.9803165575856,270.6387620435678,273.01278627202015,4926000
2014-12-02,268.8582458496094,272.1225291877393,268.8582458496094,270.93551706478297,4548000
2014-12-03,274.1998291015625,275.3868413487554,268.8582739891944,270.63879235998377,4594000
2014-12-04,277.1673278808594,279.8381051302467,275.09005668689144,275.9803157700206,6155000
2014-12-05,271.8258056640625,276.277101608343,269.4517811604462,275.98034854539094,7320000
2014-12-08,258.7686462402344,267.9679903152886,258.7686462402344,267.0777312112511,9072000
2014-12-09,259.9556579589844,262.62643526678215,257.8783867195861,259.9556579589844,6715000
2014-12-10,255.20761108398438,261.73617787915606,255.20761108398438,259.95565966229105,4601000
2014-12-11,257.5816345214844,258.17514059181036,254.6141041698544,254.91085720501738,4064000
2014-12-12,261.4394226074219,263.51669384266813,259.065398338569,260.54916350660204,3834000
2014-12-15,260.845947265625,262.3297126084328,258.1751696485708,261.14270033418654,3518000
2014-12-16,259.9556579589844,260.5491640273839,258.4718927879856,259.36215189058487,3722000
2014-12-17,261.14263916015625,262.92315715443004,259.95562716397376,259.95562716397376,7082000
2014-12-18,264.4069519042969,264.70370493673715,262.3296806772148,263.81344583941626,5552000
2014-12-19,271.2322998046875,271.5290528679311,266.1874977295456,267.0777569192765,7647000
2014-12-22,270.04522705078125,273.01275701837227,267.3744500799493,273.01275701837227,3835000
2014-12-23,271.8258056640625,273.01281791587064,268.85827503454215,273.01281791587064,2605000
2014-12-24,275.68353271484375,277.7608036825552,273.01275575635765,273.01275575635765,3684000
2014-12-25,273.903076171875,276.2771006674059,273.3095700479923,275.98034760546454,1209000
2014-12-26,275.3868103027344,275.9803163594213,273.6062921326736,274.19979818936054,1152000
2014-12-29,277.4640808105469,278.3543398933615,274.7933035621031,276.5738217277323,2886000
2014-12-30,274.1998291015625,279.24463115213234,274.1998291015625,277.464112781343,2309000
2014-12-31,274.1998291015625,275.3868413487554,273.0128168543696,274.79333522515896,1675000
2015-01-05,274.1998291015625,277.1673597195448,273.0128168543696,273.0128168543696,2459000
2015-01-06,271.8258056640625,274.1998301676788,271.8258056640625,273.01281791587064,5915000
2015-01-07,288.7406921386719,289.0374451624526,276.8705711874418,277.76083025878404,13046000
2015-01-08,287.8504333496094,293.4887408069728,287.5536803255376,292.3017287106858,8367000
2015-01-09,289.63092041015625,293.7854623012855,289.63092041015625,292.00494434794444,7473000
2015-01-12,289.63092041015625,293.488709309062,288.7406614334857,290.8179323790503,4567000
2015-01-13,286.66339111328125,289.6309210419902,285.4763791417977,287.8504030847648,4379000
2015-01-14,289.63092041015625,292.00494434794444,287.5536494645916,289.92767340237975,6673000
2015-01-15,288.4439697265625,290.8179941687564,286.96020445019127,289.63098194765945,4218000
2015-01-16,282.21209716796875,288.14715704531824,281.61859118023375,286.96014506984835,5495000
2015-01-19,289.0373840332031,290.22439587728195,284.58608961790736,286.36660738402566,5005000
2015-01-20,290.8179626464844,290.8179626464844,287.2569263691805,289.6309505540498,3760000
2015-01-21,292.895263671875,293.7855228319719,292.30175756514376,292.5985106185094,4347000
2015-01-22,294.082275390625,295.5660406549571,291.7082509676936,294.3790284434914,5372000
2015-01-23,293.4887390136719,296.7530222585155,291.70822088012073,295.86276319174,5234000
2015-01-26,299.12701416015625,299.72052014063274,293.19195435539126,293.19195435539126,6872000
2015-01-27,297.9400329589844,299.1270450424863,295.862761812856,299.1270450424863,4814000
2015-01-28,297.9400329589844,299.1270450424863,295.862761812856,297.9400329589844,2744000
2015-01-29,295.2691955566406,296.45620739807435,292.5984189134147,294.9724425962822,3136000
2015-01-30,286.66339111328125,295.56598089940803,286.66339111328125,295.26922790653714,6713000
2015-02-02,286.36663818359375,290.22442709176653,284.8828732189119,290.22442709176653,3725000
2015-02-03,287.8504333496094,290.2244575421835,285.1796561329635,286.36666822925054,3138000
2015-02-04,287.8504333496094,292.8952347588293,287.25692730146585,292.00497568661405,4591000
2015-02-05,287.8504333496094,291.70822266254225,286.96017427739406,289.9277045181117,4312000
2015-02-06,284.28936767578125,289.9276745503531,282.50884971539017,289.0374155701576,4475000
2015-02-09,289.63092041015625,290.8179323790503,285.1796255268034,288.1471554490386,5017000
2015-02-10,269.45172119140625,269.45172119140625,269.45172119140625,269.45172119140625,8483000
2015-02-11,269.45172119140625,270.0452271852199,257.58160131513284,258.1751073089465,33523000
2015-02-12,271.8258056640625,272.1225587270145,269.1550280974942,270.63879341225436,8398000
2015-02-13,272.4192199707031,273.0127258965652,270.6387021931168,271.825714044841,5977000
2015-02-24,278.9478454589844,280.72836362148854,274.19979702564,277.7608333506483,10989000
2015-02-25,281.02508544921875,282.50885041991154,279.24456748438735,280.7283324550802,5781000
2015-02-26,280.7283630371094,282.5088811959071,279.24459790477795,282.5088811959071,5566000
2015-03-02,283.10235595703125,283.10235595703125,281.32183799503736,282.50884996969995,5087000
2015-03-03,283.9926452636719,284.8829043397335,280.7283619847791,284.28939828902577,3844000
2015-03-04,282.21209716796875,284.882874112776,281.9153441741013,283.6958621373061,3914000
2015-03-05,282.21209716796875,283.6958621373061,281.61859118023375,283.6958621373061,4026000
2015-03-06,279.2445983886719,280.72836352357444,277.1673271998082,279.2445983886719,6985000
2015-03-09,273.0127868652344,277.16732927405315,272.4192808068317,275.9803171572478,7085000
2015-03-10,273.0127868652344,274.4965520112411,270.63876263162365,270.63876263162365,6541000
2015-03-11,269.1549987792969,271.52902302431824,269.1549987792969,270.0452578711799,6111000
2015-03-12,269.1549987792969,272.1225290855736,266.48422150364786,266.7809745342755,6142000
2015-03-13,265.8907165527344,271.8257771900722,265.8907165527344,271.8257771900722,6080000
2015-03-16,256.39459228515625,264.70367629439744,256.39459228515625,263.8134172934073,13722000
2015-03-17,255.20761108398438,258.17514144542605,252.83358679483104,255.20761108398438,13157000
2015-03-18,258.47186279296875,262.0328987901164,256.39459179463256,256.9880977941572,9237000
2015-03-19,257.5816345214844,261.4394239786034,257.5816345214844,259.9556588027884,6401000
2015-03-20,258.7686462402344,262.32968265638436,255.20760982408436,255.20760982408436,10052000
2015-03-23,260.2524108886719,261.7361760590748,258.4718926841884,260.2524108886719,7060000
2015-03-24,264.70367431640625,267.67120429753186,260.5491323428304,261.73614433528064,11538000
2015-03-25,262.92315673828125,268.85821670980005,260.8458857482497,267.07769871834444,8918000
2015-03-26,261.14263916015625,261.43939215920193,256.39459117542617,258.17510916969997,11711000
2015-03-27,248.67901611328125,259.3621242040666,247.78875710571583,258.1751121939794,13931000
2015-03-30,248.0855255126953,251.0530557221773,246.6017604079543,250.16279665933268,9159000
2015-03-31,251.3497772216797,253.13029512407647,249.2725063355501,252.24003617287806,7113000
2015-04-01,248.97579956054688,252.8335890650607,247.19528132769432,252.8335890650607,5400000
2015-04-02,244.5244903564453,249.8660447574356,242.74397222278185,248.3822796460494,9989000
2015-04-07,249.86602783203125,250.75628683855868,244.52447379286667,244.52447379286667,11800000
2015-04-08,249.86602783203125,253.13031085596515,248.0855098189764,253.13031085596515,5969000
2015-04-09,250.4595489501953,253.72383217111016,249.86604291002897,252.83357311086064,5696000
2015-04-10,250.16281127929688,254.61410685366158,249.27255216442393,254.61410685366158,7566000
2015-04-13,248.97579956054688,250.45956475459064,248.0855404441206,249.27255259935563,4201000
2015-04-14,246.30499267578125,249.56927571124342,245.7114866693336,249.2725227080196,8017000
2015-04-15,236.51214599609375,243.93097115280938,236.51214599609378,243.33746514027214,14613000
2015-04-16,242.74398803710938,243.04074107871952,237.99593937134682,237.99593937134682,8235000
2015-04-17,237.99594116210938,240.96347160053966,237.69918811826633,239.77645942516756,7490000
2015-04-20,231.46734619140625,237.99591236603567,231.46734619140625,235.62188830253405,9072000
2015-04-21,232.0608367919922,235.3251196624678,232.06083679199222,232.06083679199222,8377000
2015-04-22,238.5894317626953,239.77644386101719,233.24787732024691,233.24787732024691,9177000
2015-04-23,239.18289184570312,241.85366855365766,238.58938591060215,239.77639778080413,6949000
2015-04-24,248.67901611328125,253.1303111511085,240.96343804771408,240.96343804771408,15904000
2015-04-27,243.6342315673828,251.6465631780032,243.33747854476724,248.6790329518475,7423000
2015-04-28,236.80892944335938,246.30502686464698,236.51217639894415,246.30502686464698,10019000
2015-04-29,237.69921875,240.9635026529338,237.4024656679151,237.99597183208488,5123000
2015-04-30,234.43487548828125,237.10565255080598,233.54461646743968,234.43487548828128,9158000
2015-05-04,225.5323028564453,228.49983315718802,220.19074831510846,220.19074831510846,17037000
2015-05-05,222.26803588867188,227.3128377713253,220.19076452522634,224.3453072521174,9597000
2015-05-06,219.5972442626953,223.75178672171927,218.4102321315456,221.37776245941987,8291000
2015-05-07,218.70697021484375,220.48748828986285,217.22320515232786,219.00372322734694,8355000
2015-05-08,223.45501708984375,225.23553515430464,219.00372192869148,219.00372192869148,8499000
2015-05-11,219.5972442626953,226.71931704959354,219.5972442626953,226.71931704959354,6182000
2015-05-12,220.48748779296875,222.56475887580962,220.19073478113432,221.37774682847197,5812000
2015-05-13,235.91867065429688,235.91867065429688,223.15828972582545,224.9388079949145,15148000
2015-05-14,233.24789428710938,238.58944911811187,233.24789428710938,235.91867170261062,12611000
2015-05-15,231.46734619140625,239.18292439778645,231.46734619140625,236.21539431840947,5303000
2015-05-18,232.35763549804688,237.10568424385627,230.28036417175528,231.46737635820764,7013000
2015-05-19,232.65435791015625,234.43487595538704,230.28033384984855,232.65435791015625,6483000
2015-05-20,237.1056671142578,238.29267921495497,234.43488988768922,234.43488988768922,8304000
2015-05-21,237.40243530273438,239.4797066116333,235.02841094970702,235.32516399383545,7276000
2015-05-22,243.33746337890625,244.52447539538872,239.1829213212176,240.36993333770008,8970000
2015-05-25,235.91867065429688,242.74399068580482,235.32516456460053,240.66671937186763,6723000
2015-05-26,237.1056671142578,239.18293829047786,236.21540803873495,237.9959261897807,3141000
2015-05-27,237.40243530273438,239.18295356750488,237.10568225860595,237.10568225860595,4556000
2015-05-28,242.74398803710938,244.5245062867703,240.96346978744842,243.33749412032967,8893000
2015-05-29,246.00827026367188,246.00827026367188,243.33749290254636,243.33749290254636,10946000
2015-06-01,243.33746337890625,248.08551144483613,241.55694535418255,248.08551144483613,4976000
2015-06-02,243.33746337890625,246.00824041599182,242.15045136242378,244.82122839950935,5371000
2015-06-03,243.33746337890625,246.60174642423306,243.04071037478565,243.93096938714748,3678000
2015-06-04,239.18289184570312,243.33743339141014,239.18289184570315,243.33743339141014,5871000
2015-06-05,237.69921875,239.47973724250934,236.21545333957553,238.5894779962547,5602000
2015-06-08,237.69921875,239.18298416042447,235.02844101123594,237.4024656679151,3255000
2015-06-09,238.2926788330078,242.7439742034874,237.99592580830915,238.58943185770644,3626000
2015-06-10,239.47970581054688,242.74398928504007,239.1829527674111,240.3699649399541,4813000
2015-06-11,239.47970581054688,241.55697711249707,237.99594059486813,240.07321189681835,4199000
2015-06-12,246.89852905273438,248.08554121164175,240.07320913901694,241.26022129792432,7263000
2015-06-15,242.74398803710938,248.97580191092268,241.85372891227888,248.08554278609222,5733000
2015-06-16,244.8212432861328,247.1952674634529,243.9309842196378,244.2277372418028,4161000
2015-06-17,251.94326782226562,252.24002078789846,245.11794961271073,246.60171444087484,9555000
2015-06-18,250.75633239746094,251.9433446218276,249.27256711700258,251.0530854535526,4858000
2015-06-22,257.5816345214844,258.7686466621364,252.24007988855038,252.24007988855038,8099000
2015-06-23,252.83355712890625,260.8458881646814,252.83355712890622,259.6588761593814,6742000
2015-06-24,250.16281127929688,252.53683558562471,249.56930520271493,252.24008254733374,5255000
2015-06-25,256.69134521484375,256.69134521484375,250.45953220962787,250.45953220962787,5915000
2015-06-26,252.24008178710938,255.80111823586856,250.45956356272976,254.02060001148897,6247000
2015-06-29,252.83355712890625,253.72381613288127,249.27252111300615,249.27252111300615,5090000
2015-06-30,250.4595489501953,252.83357311086064,249.86604291002897,252.83357311086064,4461000
2015-07-01,253.72386169433594,255.20762696740223,251.64659031204312,251.64659031204312,4018000
2015-07-02,249.86602783203125,253.42706385814094,249.86602783203125,251.9432988472619,4602000
2015-07-03,252.83355712890625,252.83355712890622,248.38226210903113,249.27252111300615,4670000
2015-07-06,248.67901611328125,251.94329914102124,248.67901611328128,249.86602812336852,3558000
2015-07-07,248.0855255126953,250.4595496802809,245.41474832416148,248.08552551269528,5591000
2015-07-08,239.18289184570312,246.30496306691515,237.40237404040013,246.00821009936465,11526000
2015-07-09,237.40243530273438,238.58944747924804,229.6868561553955,231.467374420166,13737000
2015-07-10,237.40243530273438,237.40243530273438,237.40243530273438,237.40243530273438,0
2015-07-13,236.21539306640625,237.40240509186557,232.0608509772986,232.0608509772986,8025000
2015-07-14,230.87388610839844,237.4024535819007,230.8738861083984,235.02842904608167,12023000
2015-07-15,234.64830017089844,237.47917778690126,234.01921625623118,236.22100995756668,9487000
2015-07-16,232.1319580078125,236.2210033385734,230.24470631669206,235.2773774930132,6949000
2015-07-17,229.61566162109375,232.44653964107982,228.04295160999035,232.13199763885916,6786000
2015-07-20,217.97755432128906,230.5592313383909,211.37217388731062,229.9301474875358,15727000
2015-07-21,224.58291625976562,224.58291625976562,215.46120117358467,215.46120117358467,7202000
2015-07-22,220.49392700195312,222.6957208521866,218.9212171089292,220.8084689805579,5943000
2015-07-23,215.14671325683594,221.7520948041949,212.94491940771627,220.49392689041227,8501000
2015-07-24,205.08132934570312,215.14667066328366,205.08132934570312,213.8885029985861,11124000
2015-07-27,199.7341766357422,209.7995209701418,199.7341766357422,205.08139081339198,9601000
2015-07-28,202.25050354003906,206.33954949030425,201.30687755151632,201.30687755151632,7958000
2015-07-29,202.87954711914062,206.96859225487526,201.93592131858648,202.5650051856226,6259000
2015-07-30,205.71046447753906,209.48496841290674,204.45229649908316,208.22680043445084,8012000
2015-07-31,208.85586547851562,208.85586547851562,202.56502615687359,205.7104458176946,7007000
2015-08-03,188.09608459472656,188.09608459472656,188.09608459472656,188.09608459472656,5047000
2015-08-04,176.1435089111328,180.54709663391114,172.3690051487514,172.9980891091483,27160000
2015-08-05,169.85267639160156,180.86164615772387,168.59450841833043,180.86164615772387,16836000
2015-08-06,172.9980926513672,174.88534457120028,168.90904682506215,172.9980926513672,9617000
2015-08-07,174.88534545898438,177.71622335310462,167.96542171780152,171.73992557662854,9735000
2015-08-10,181.17616271972656,183.3779563638899,172.99807204140558,176.45803348223367,10242000
2015-08-11,178.6598358154297,187.1524688559519,178.6598358154297,186.20884296256054,8900000
2015-08-12,176.1435089111328,180.2325546537127,173.62717306954522,179.28892871311734,11023000
2015-08-13,175.8289794921875,178.03077351087322,174.25626947884058,176.14352149485688,8400000
2015-08-14,169.85267639160156,176.14351625795717,166.70725645842376,176.14351625795717,13702000
2015-08-17,166.7072296142578,168.59448127026826,165.44906184358416,168.59448127026826,7410000
2015-08-18,167.96542358398438,170.79630150955717,167.65088159225408,167.96542358398438,4985000
2015-08-19,164.19093322753906,168.27997945734367,164.19093322753906,167.02181138663457,6486000
2015-08-20,163.5618133544922,165.44906504704403,159.78730996938853,163.5618133544922,14019000
2015-08-21,159.78732299804688,161.6745748444805,158.52915510042448,160.1018649724525,12153000
2015-08-24,144.06024169921875,157.27100622185452,144.06024169921875,157.27100622185452,13145000
2015-08-25,147.83473205566406,150.98015188663564,142.80206032610954,143.43114429230386,18114000
2015-08-26,144.37474060058594,147.2056178672641,142.80203100798695,146.5765340302245,16231000
2015-08-27,144.68931579589844,149.72198764966882,143.43114783245585,148.14927769536558,19428000
2015-08-28,159.15821838378906,159.15821838378906,151.60921197823384,152.86737971249306,20465000
2015-08-31,157.9000701904297,161.04548991533864,155.0691924380116,160.41640597035683,13268000
2015-09-01,154.1255645751953,156.95644229188255,150.66560292146642,156.32735835484095,9367000
2015-09-02,152.86741638183594,154.12558441790043,151.29470633675533,152.55287437281982,8877000
2015-09-03,152.23831176757812,156.01281536512138,151.60922783465423,152.867395700502,6643000
2015-09-04,152.23831176757812,159.78731896266464,152.23831176757812,152.23831176757812,13824000
2015-09-07,155.06918334960938,156.32735116583336,152.23830576310533,152.23830576310533,7237000
2015-09-08,160.41641235351562,161.9891222785501,157.2709925034467,157.2709925034467,11779000
2015-09-09,176.1435089111328,176.45805089133128,163.56182970319477,164.19091366359166,15555000
2015-09-10,171.7399139404297,174.25624967582058,169.8526621388865,172.68353984120128,10355000
2015-09-11,174.25624084472656,178.34528620750893,171.73990523686047,171.73990523686047,9878000
2015-09-14,174.25624084472656,178.03074425652568,172.9980730407935,177.71620230554242,4999000
2015-09-15,170.48175048828125,174.25625418912878,169.85266653813997,173.62717023898753,4268000
2015-09-16,173.62716674804688,173.94170871679333,171.1108309980752,173.31262477930042,6371000
2015-09-17,174.25624084472656,178.34528620750893,174.25624084472656,177.08711840357591,6692000
2015-09-18,175.1998748779297,176.4580427406078,174.25624898092107,176.14350077493827,5487000
2015-09-21,165.76361083984375,172.99807582905893,165.13452692773808,172.99807582905893,13017000
2015-09-22,163.5618133544922,165.1345230982854,161.04547776442308,163.5618133544922,12116000
2015-09-23,157.9000701904297,160.73094794284773,156.0128183554843,160.41640597035683,13089000
2015-09-24,148.4638214111328,159.15824922464662,148.4638214111328,157.90008124658615,20145000
2015-09-25,149.0928955078125,151.6092312969739,146.89110169229627,147.52018563958663,11612000
2015-09-29,149.0928955078125,149.0928955078125,149.0928955078125,149.0928955078125,0
2015-09-30,153.18191528320312,154.44008296520067,145.00382535021896,145.31836727071837,15034000
2015-10-01,157.5855255126953,159.15823534815135,155.06918977596564,156.01281567723925,10776000
2015-10-02,156.9564208984375,158.52913052667836,155.6982531958448,157.58550474973384,7712000
2015-10-05,152.86741638183594,157.27100450806168,152.2383323638037,156.95646249904556,11290000
2015-10-06,154.1255645751953,156.64190032336177,153.49648063815368,155.38373244927854,11247000
2015-10-07,162.30364990234375,162.30364990234375,154.7546429301417,155.69826880166696,15450000
2015-10-08,167.02178955078125,168.59449943355696,164.81999571489524,166.39270559767095,16673000
2015-10-12,167.65086364746094,170.79628322808873,166.07815385714704,169.22357343777483,9383000
2015-10-13,174.25624084472656,174.57078279570982,168.2799437760446,169.8526535309609,15168000
2015-10-14,171.42539978027344,174.25627794178254,170.79631574438253,174.25627794178254,7220000
2015-10-15,173.62716674804688,174.2562506855398,170.79628902932873,172.68354084180748,7383000
2015-10-16,173.62716674804688,173.94170871679333,171.1108309980752,173.94170871679333,8034000
2015-10-19,172.36900329589844,175.19988108725443,171.42537736544645,174.88533911043712,4797000
2015-10-20,172.9980926513672,173.94171861128373,171.42538271817293,173.62717662464487,5026000
2015-10-21,166.39273071289062,173.31265524159306,165.44910464079481,172.99811321756113,10932000
2015-10-22,167.96542358398438,169.85267553436623,164.1909196832207,164.1909196832207,9351000
2015-10-23,167.96542358398438,171.42538549301776,167.33633960052376,171.42538549301776,8189000
2015-10-26,170.7963104248047,171.4253944411023,168.594516367763,169.22360038406063,5593000
2015-10-27,166.39273071289062,168.90906690514603,165.76364666482675,168.2799828570822,7108000
2015-10-28,161.04547119140625,166.3926841020584,158.52913570404053,165.44905829429626,16425000
2015-10-29,159.15821838378906,162.9327215865667,158.84367645022428,162.9327215865667,6685000
2015-10-30,160.10186767578125,162.61820351351457,156.95644787861463,158.52915777719795,7042000
2015-11-02,169.85267639160156,170.4817603782371,163.24729453192816,163.24729453192816,18087000
2015-11-03,173.62716674804688,175.51441856052566,172.05445690431458,172.99808281055394,17449000
2015-11-04,190.2978973388672,190.9269812970122,176.77259223874935,178.0307601550394,29579000
2015-11-05,186.83792114257812,193.12876023828784,185.89429527822168,193.12876023828784,10867000
2015-11-06,181.17616271972656,186.83791780471802,181.17616271972656,186.83791780471802,14429000
2015-11-09,179.9180145263672,184.32160229449508,178.6598465926164,181.176182460118,8403000
2015-11-10,179.6034698486328,184.00705755070086,177.71621797631795,177.71621797631795,10261000
2015-11-11,172.9980926513672,181.17618430397727,172.36900867808947,179.603474370783,10949000
2015-11-12,171.11082458496094,174.88532806845274,166.70723718755386,172.99807632670684,8857000
2015-11-13,167.02178955078125,174.5707969881047,166.7072475742261,170.79629326944297,9976000
2015-11-16,170.16720581054688,171.42537369084667,165.1345342893477,166.70724413972243,7832000
2015-11-17,167.02178955078125,172.68354512877383,166.7072475742261,172.36900315221868,9165000
2015-11-18,162.30364990234375,166.70723730279494,161.67456598799356,165.44906947409459,9502000
2015-11-19,166.7072296142578,166.7072296142578,161.0454746462264,162.30364241690006,8340000
2015-11-20,164.50546264648438,166.39271460801191,163.5618366657206,164.82000464007228,4671000
2015-11-23,172.9980926513672,172.9980926513672,163.5618330522017,166.07816894531248,13187000
2015-11-24,168.594482421875,175.19986326303055,168.2799404770581,173.6271535389459,10319000
2015-11-25,165.13453674316406,172.36900216238837,165.13453674316403,170.48175031389508,9412000
2015-11-26,172.36900329589844,172.36900329589844,167.02178969000377,168.59449957409043,10174000
2015-11-27,167.96542358398438,172.05446947647837,167.65088159225408,171.73992748474808,5556000
2015-11-30,163.87635803222656,166.39269366419933,161.67456435425038,165.44906780220953,12016000
2015-12-01,164.19093322753906,166.07818533360273,161.0455130507663,164.19093322753906,13792000
2015-12-02,169.22360229492188,170.48177034172426,165.1345561428141,165.44909815451467,11601000
2015-12-03,172.36900329589844,172.9980872495331,167.65087364363845,167.9654156204558,9698000
2015-12-04,169.22360229492188,170.48177034172426,167.96543424811946,169.85268631832307,5555000
2015-12-07,172.9980926513672,172.9980926513672,170.48175675825638,170.79629874489524,7250000
2015-12-08,169.85267639160156,172.99809632477937,169.22359240496598,172.3690123381438,6731000
2015-12-09,166.07814025878906,170.79626924341375,166.07814025878906,170.16718537879711,5235000
2015-12-10,163.5618133544922,165.44906504704403,162.61818750821627,163.5618133544922,6552000
2015-12-11,161.98912048339844,166.07816624317354,161.98912048339844,164.19091435404658,5445000
2015-12-14,160.41641235351562,163.56183220358457,159.15824441348806,162.93274823357078,5006000
2015-12-15,162.93275451660156,164.82000649941932,160.73096053664747,160.73096053664747,6203000
2015-12-16,159.15821838378906,161.67455385230747,157.27096678240028,160.41638611804828,9756000
2015-12-17,162.93275451660156,163.87638050801044,159.4727925481023,160.1018765423749,5357000
2015-12-18,162.93275451660156,163.56183851087414,161.04550253378378,162.61821251946526,5487000
2015-12-21,159.78732299804688,161.36003287007492,159.15823904923568,159.78732299804688,6898000
2015-12-22,163.87635803222656,168.2799453881789,162.30364826224357,162.30364826224357,8666000
2015-12-23,161.67457580566406,165.1345375446958,161.67457580566406,163.87636963959335,4871000
2015-12-24,160.10186767578125,163.8763714323812,160.10186767578125,162.9327454932312,3300000
2015-12-25,161.3600311279297,161.67457309893928,160.10186324389124,160.10186324389124,1982000
2015-12-28,163.24728393554688,164.19090985424947,161.98911604394345,162.3036580168443,2633000
2015-12-29,157.27101135253906,161.045515625,156.01284326171876,161.045515625,14275000
2015-12-30,156.32736206054688,157.90007194043164,155.06919415663904,157.27098798847774,7914000
2015-12-31,157.27101135253906,157.90009539794923,156.64192730712892,157.27101135253906,3131000
2016-01-04,154.1255645751953,158.5291521344866,154.1255645751953,157.900068197445,5380000
2016-01-05,152.5528564453125,155.3837341937822,152.2383144732603,154.12556630557344,4972000
2016-01-06,142.8020477294922,152.5528483453826,138.39846035457393,152.2383063900313,18427000
2016-01-07,129.59129333496094,142.17297229952027,128.96220938673298,141.8584303254063,21198000
2016-01-08,134.30943298339844,136.51122696673283,127.07496703815684,127.07496703815684,15233000
2016-01-11,131.47854614257812,132.42217207183108,128.01858440198396,131.47854614257812,10884000
2016-01-12,129.9058380126953,133.05125781929812,127.70404414807336,132.10763187731726,9085000
2016-01-13,129.9058380126953,132.42217385797755,128.33312810939393,132.10763187731726,10201000
2016-01-14,130.84947204589844,130.84947204589844,122.98592204314012,126.76042604446411,14169000
2016-01-15,128.9622039794922,133.36579143245046,126.13132633116189,132.1076235887481,10837000
2016-01-18,132.10763549804688,133.05126146589006,125.81679571242559,126.44587969098772,7459000
2016-01-19,136.1967010498047,139.34212139737525,131.47857052844887,132.10765459796298,10276000
2016-01-20,132.10763549804688,135.56759738013858,132.10763549804688,135.56759738013858,7039000
2016-01-21,132.10763549804688,134.6239714122954,131.7930935087658,133.99488743373325,5090000
2016-01-22,133.36581420898438,135.5676083114912,133.05127219434056,134.30944025291586,4294000
2016-01-25,134.93850708007812,136.5112169528063,134.62396510553248,135.88213300371504,3714000
2016-01-26,131.47854614257812,133.36579800108404,130.53492021332517,132.73671404824873,5465000
2016-01-27,132.73670959472656,133.68033549231941,132.107625662998,132.73670959472656,2168000
2016-01-28,130.84947204589844,133.05126604667078,130.53493004578812,130.84947204589844,7225000
2016-01-29,134.62396240234375,135.2530463388033,126.76041319659936,129.90583287889712,13216000
2016-02-01,132.10763549804688,136.1966813587007,131.7930935087658,136.1966813587007,8530000
2016-02-02,133.36581420898438,134.6239822675597,121.72775966716263,122.04230168180646,19680000
2016-02-03,125.8167953491211,131.16400915145874,125.8167953491211,129.90584119796753,15159000
2016-02-15,129.27674865722656,130.84945849490572,127.38949685201159,127.70403881954742,9801000
2016-02-16,133.05125427246094,133.9948801892869,130.22037652198304,131.164002438809,10065000
2016-02-17,132.10763549804688,135.2530553908575,132.10763549804688,134.3094294230143,6717000
2016-02-18,138.39845275878906,138.39845275878906,133.99486562555487,134.62394950173118,10812000
2016-02-19,138.71302795410156,140.28573802160838,137.14031788659474,139.65665399460565,5433000
2016-02-22,144.06024169921875,145.00386773654986,139.34211151256312,139.97119553745054,10789000
2016-02-23,145.3184051513672,145.94748915635145,143.43115313641437,145.63294715385933,8271000
2016-02-24,142.8020477294922,144.6892994616,142.17296381878958,144.6892994616,5317000
2016-02-25,147.52017211914062,147.83471406395756,144.0602107261544,144.68929461578824,7704000
2016-02-26,148.4638214111328,149.40744739467814,146.26202744952704,147.20565343307237,5875000
2016-03-01,146.26202392578125,147.52019187352988,145.0038559780326,146.89110789965557,4833000
2016-03-02,147.20562744140625,148.4637951973157,146.89108550242887,148.14925325833835,4584000
2016-03-03,150.98013305664062,152.86738471984864,148.77833944956464,148.77833944956464,8696000
2016-03-04,150.98013305664062,151.60921694437664,149.40742333730063,151.60921694437664,3814000
2016-03-07,147.83473205566406,152.86740378521858,147.20564808946975,152.23831981902427,4541000
2016-03-08,147.83473205566406,150.03652593734418,145.3183961908868,148.46381602185838,4585000
2016-03-09,150.03651428222656,150.03651428222656,144.68930098495642,146.57655273693413,5789000
2016-03-10,146.26202392578125,150.35106975596437,146.26202392578125,150.0365277690272,5187000
2016-03-11,151.60923767089844,152.2383216446366,147.20564985473126,147.52019184160037,7326000
2016-03-14,163.5618133544922,165.44906504704403,154.12555489173303,154.12555489173303,17164000
2016-03-15,156.0128173828125,166.7072443808279,155.38373344175278,165.44907649870842,13512000
2016-03-16,158.84371948242188,160.7309715950843,157.2710093885365,157.58555140731357,6006000
2016-03-17,158.84371948242188,163.56184976407795,158.5291774636448,162.30368168896968,10104000
2016-03-18,162.30364990234375,162.30364990234375,159.1582303305929,159.78731424494305,7834000
2016-03-21,161.67457580566406,161.67457580566406,159.4727819717348,161.04549185311285,4711000
2016-03-22,156.0128173828125,161.3600308818202,153.18193964804374,161.3600308818202,7882000
2016-03-23,153.18191528320312,156.9564183291958,150.98012183970738,153.8109991242019,6204000
2016-03-24,154.75465393066406,155.69827986926566,152.55286007392698,153.1819440329947,4197000
2016-03-25,153.18191528320312,155.69825064719825,152.86737336270374,155.69825064719825,1801000
2016-03-28,150.98013305664062,153.49646860758466,149.72196528116862,153.18192666371664,3132000
2016-03-29,153.4964599609375,156.0127953701332,150.66558262559235,150.66558262559235,3917000
2016-03-30,156.9564208984375,158.52913052667836,154.7546274189003,155.38371127019664,8398000
2016-03-31,155.3837432861328,158.21462120025262,153.18194935292848,157.90007920979488,5994000
2016-04-01,151.60923767089844,153.49648959211294,150.3510697234221,152.2383216446366,5715000
2016-04-06,145.3184051513672,150.03653518874924,145.3184051513672,149.7219931862571,8188000
2016-04-07,144.06024169921875,149.0929138983181,144.06024169921875,146.2620357863247,8538000
2016-04-08,144.37474060058594,145.6329082746651,143.43111484502654,143.43111484502654,5109000
2016-04-11,145.94747924804688,147.52018915373702,144.68931132349474,146.57656321032294,6181000
2016-04-12,139.65663146972656,147.20563857619825,139.3420895069569,146.57655465065895,6521000
2016-04-13,141.85841369628906,143.4311233825007,140.9147878845621,141.54387175904674,6713000
2016-04-14,145.3184051513672,147.20565716632,144.06023714139863,145.94748915635145,6587000
2016-04-15,147.20562744140625,148.14925325833835,146.26200162447415,146.5765435634515,5190000
2016-04-18,147.52017211914062,148.46379795359144,145.00383656060518,148.46379795359144,2732000
2016-04-19,146.26202392578125,149.72198578209003,145.94748193884408,149.09290180821571,3016000
2016-04-20,145.94747924804688,149.0928990594272,145.63293726690884,148.1492731160131,4671000
2016-04-21,147.20562744140625,148.4637951973157,145.6329177465194,147.20562744140625,3074000
2016-04-22,144.68931579589844,147.8347357045049,143.43114783245585,147.52019371364426,3506000
2016-04-25,143.43115234375,145.00386234751917,140.9148163377193,144.68932034676536,3629000
2016-04-26,148.77835083007812,149.40743476593468,144.68930524701042,144.68930524701042,12542000
2016-04-27,152.23831176757812,154.75464749927363,147.52018227064906,149.09289210295873,11216000
2016-04-28,148.4638214111328,154.12557731240483,148.4638214111328,154.12557731240483,6520000
2016-04-29,144.68931579589844,147.2056517227836,144.3747738050378,147.2056517227836,5620000
2016-05-03,132.73670959472656,134.93850335577653,130.8494577995409,130.8494577995409,19708000
2016-05-04,126.76039123535156,132.73668759632346,125.81676549414547,132.10760376885273,17084000
2016-05-05,127.70401763916016,129.2767272159971,125.81676614695583,126.4458499776906,7907000
2016-05-06,120.78412628173828,126.44588220119476,120.78412628173828,126.1313402056694,24238000
2016-05-09,123.30044555664062,126.76040703909737,123.30044555664062,123.61498750959123,15365000
2016-05-10,128.3331298828125,128.3331298828125,123.929542092716,125.18771003274357,9119000
2016-05-11,125.8167953491211,130.84946716308593,125.8167953491211,129.59129920959472,6334000
2016-05-12,125.8167953491211,127.70404727935791,125.8167953491211,126.13133733749389,3710000
2016-05-13,125.8167953491211,125.8167953491211,125.8167953491211,125.8167953491211,0
2016-05-16,126.76039123535156,131.79306185511737,126.76039123535156,131.47851994138202,10076000
2016-05-17,127.3895034790039,128.01858744680146,125.81679355951003,128.01858744680146,5011000
2016-05-18,128.01856994628906,128.33311188718903,126.13131830088922,126.44586024178919,4352000
2016-05-19,125.8167953491211,128.64767324447632,125.8167953491211,128.3331312561035,4027000
2016-05-20,127.07495880126953,128.01858473296213,125.81679089234608,126.76041682403867,4002000
2016-05-23,132.10763549804688,133.36580345517112,127.70404764811197,128.3331316266741,8679000
2016-05-24,131.47854614257812,133.99488195391933,130.84946218974284,133.36579800108404,5241000
2016-05-25,132.73670959472656,134.62396138991224,132.4221676288623,133.99487745818368,4675000
2016-05-26,134.62396240234375,135.88213027526285,133.05125256119487,134.30942043411397,7984000
2016-05-27,133.6803436279297,136.19667950798484,133.05125965791592,135.88213752297796,4495000
2016-05-30,136.1967010498047,138.08395325834704,133.9949068065053,133.9949068065053,7906000
2016-05-31,138.39845275878906,141.54387213967064,137.14028500643644,139.34207857305353,17211000
2016-06-01,139.65663146972656,140.28571539526587,138.08392165587827,138.39846361864795,4852000
2016-06-02,135.2530517578125,141.85843335528708,134.93850977698037,141.54389137445494,11610000
2016-06-03,137.76939392089844,137.76939392089844,135.88214194937927,135.88214194937927,5373000
2016-06-06,144.37474060058594,145.94745019318492,142.80203100798695,142.80203100798695,14843000
2016-06-07,146.57655334472656,149.09288902446437,145.31838550485767,148.4638051045299,12230000
2016-06-08,144.68931579589844,148.14927769536558,143.43114783245585,147.8347357045049,12407000
2016-06-13,138.39845275878906,142.80203989202326,138.39845275878906,141.8584140777588,11112000
2016-06-14,141.54388427734375,142.8020521375868,137.45483873155382,138.39846462673611,11772000
2016-06-15,145.0038604736328,145.94748646369985,141.54389851005374,141.54389851005374,9223000
2016-06-16,142.1729736328125,145.31839340344996,142.1729736328125,145.31839340344996,6747000
2016-06-17,142.8020477294922,144.0602155508974,142.48750577414089,143.4311316401948,7338000
2016-06-20,143.11659240722656,144.3747602525648,142.48750848455742,144.3747602525648,4113000
2016-06-21,144.37474060058594,145.6329082746651,143.11657292650676,143.74565676354635,6910000
2016-06-22,144.06024169921875,145.947493773881,143.74569968677503,145.947493773881,4715000
2016-06-23,143.43115234375,144.3747783460115,142.8020683422423,144.06023634525766,2393000
2016-06-24,140.60025024414062,144.06021165954454,137.14028882873671,143.74566971268962,9056000
2016-06-27,142.48751831054688,144.06022822567434,139.65664046331747,140.60026641239395,4496000
2016-06-28,144.06024169921875,144.06024169921875,139.34211151256312,140.60027956233796,6877000
2016-06-29,149.40744018554688,151.92377602025084,144.060226536801,144.68931049547697,15035000
2016-06-30,153.4964599609375,153.81100188708695,150.9801245517418,152.5528341824891,19654000
2016-07-01,154.1255645751953,155.69827441779933,152.86739670111209,155.06919048075773,14239000
2016-07-04,160.73092651367188,161.67455230533727,154.44008790256925,154.44008790256925,16697000
2016-07-05,154.1255645751953,159.78732000856982,154.1255645751953,159.78732000856982,10917000
2016-07-06,149.0928955078125,152.23831524426424,149.0928955078125,150.98014734968353,10624000
2016-07-07,149.72198486328125,151.92377875832952,149.40744287827437,150.66561081830193,5129000
2016-07-08,149.72198486328125,149.72198486328125,149.72198486328125,149.72198486328125,0
2016-07-11,155.3837432861328,155.69828527659055,153.49649134338625,155.3837432861328,9885000
2016-07-12,156.0128173828125,157.58552723546183,155.69827541228264,156.64190132387225,8562000
2016-07-13,155.3837432861328,157.27099522887934,154.44011731475953,157.27099522887934,6293000
2016-07-14,154.75465393066406,155.69827986926566,154.12556997159632,155.69827986926566,12779000
2016-07-15,157.71803283691406,158.04729804116647,155.41317640714703,156.0717068156519,13661000
2016-07-18,158.0473175048828,159.03511323928834,157.05952177047732,158.37658274968467,5036000
2016-07-19,158.0473175048828,158.7058479944865,156.73025652567546,158.7058479944865,4953000
2016-07-20,156.73025512695312,157.3887856106798,155.41319415949974,157.3887856106798,7431000
2016-07-21,155.0839080810547,158.3765600572979,154.42537768580604,157.71802966204925,8344000
2016-07-22,155.41319274902344,156.73025370452365,154.75466227127333,156.4009884656486,5202000
2016-07-25,155.41319274902344,157.0595189433987,154.42539703239828,156.73025370452365,3316000
2016-07-26,158.70584106445312,158.70584106445312,154.09612783851466,155.08392352978717,8590000
2016-07-27,158.0473175048828,161.9985004425049,157.38878701527915,161.9985004425049,14289000
2016-07-28,160.68141174316406,160.68141174316406,156.73022948718463,158.04729023917778,6107000
2016-07-29,160.35214233398438,161.99846823063717,159.36434679599267,161.33993787197605,6177000
2016-08-01,163.97409057617188,164.30335581829272,160.3521729128428,161.6692338813261,7985000
2016-08-02,164.6326141357422,165.29114459228515,162.65702276611327,164.3033489074707,8737000
2016-08-03,163.97409057617188,163.97409057617188,161.6692338813261,161.99849912344692,5517000
2016-08-04,159.6936492919922,165.29115864861873,157.7180577543593,165.29115864861873,14502000
2016-08-05,163.97409057617188,163.97409057617188,159.69364242860112,159.69364242860112,8164000
2016-08-08,163.64480590820312,165.29113192337618,163.3155407051685,165.29113192337618,5768000
2016-08-09,164.6326141357422,164.6326141357422,163.31555322265623,164.3033489074707,3950000
2016-08-10,164.6326141357422,165.29114459228515,163.64481845092772,165.29114459228515,3066000
2016-08-11,163.64480590820312,164.9618667203416,161.33994948696082,164.9618667203416,3896000
2016-08-12,163.97409057617188,165.2911515446552,162.9862948498094,164.63262106041356,2999000
2016-08-15,163.97409057617188,164.96188630253437,162.9862948498094,164.63262106041356,2509000
2016-08-16,164.30332946777344,164.30332946777344,161.66920795326,164.30332946777344,3809000
2016-08-17,164.96185302734375,166.93744408156346,163.97405750023393,164.3033226759372,8736000
2016-08-18,164.6326141357422,165.9496750488281,163.9740836791992,165.29114459228515,3773000
2016-08-19,161.3399658203125,164.63261818399235,161.3399658203125,164.63261818399235,5360000
2016-08-22,160.0229034423828,163.3155557765882,159.36437297554173,161.33996437606498,5158000
2016-08-23,160.68141174316406,161.66920730715893,159.6936161791692,159.6936161791692,3854000
2016-08-24,158.70584106445312,161.6692281382707,158.70584106445312,160.68143244699817,3420000
2016-08-25,160.0229034423828,160.6814339092239,159.0351077421212,159.36437297554173,4837000
2016-08-26,160.35214233398438,161.33993787197605,159.36434679599267,161.0106726926455,3444000
2016-08-29,161.01071166992188,161.66924218799926,159.36438537472839,161.33997692896057,4245000
2016-08-30,164.30332946777344,164.30332946777344,161.66920795326,162.32773833188838,4230000
2016-08-31,164.6326141357422,165.29114459228515,162.98628799438475,164.3033489074707,6161000
2016-09-01,164.96185302734375,165.9496485544536,163.64479232453064,165.9496485544536,5590000
2016-09-02,161.3399658203125,165.29114865672832,161.3399658203125,164.63261818399235,4130000
2016-09-05,168.91305541992188,169.24232063516538,164.63260762175622,164.63260762175622,12917000
2016-09-06,166.93748474121094,168.9130762766099,166.2789542294113,168.9130762766099,6943000
2016-09-07,167.2667236328125,171.5471712848333,166.9374584288109,167.9252540408157,8711000
2016-09-08,165.29115295410156,166.937479178744,164.96188770917308,164.96188770917308,7615000
2016-09-09,161.3399658203125,162.65702676578445,160.02290487484058,162.32776152941648,7954000
2016-09-12,157.0594940185547,158.04728957841982,156.07169845868958,157.3887592051764,5499000
2016-09-13,157.71803283691406,158.70582844967134,156.0717068156519,158.04729804116647,4518000
2016-09-14,158.0473175048828,160.68143946329755,157.38878701527915,157.38878701527915,6876000
2016-09-19,159.3643798828125,160.02291037819603,157.7180536443537,157.7180536443537,8097000
2016-09-20,161.66921997070312,163.31554603965122,160.35215911554465,161.33995475691353,9510000
2016-09-21,161.9984893798828,163.64481549146697,161.33995893524914,162.65701982451648,6637000
2016-09-22,161.66921997070312,163.64481125344085,161.0106895431239,163.31554603965122,4019000
2016-09-23,162.3277587890625,162.65702401987195,161.33996309663414,161.6692283274436,3347000
2016-09-26,160.68141174316406,161.33994211916064,160.35214655516577,161.01067693116235,4076000
2016-09-27,160.68141174316406,160.68141174316406,160.68141174316406,160.68141174316406,0
2016-09-28,160.68141174316406,160.68141174316406,160.68141174316406,160.68141174316406,0
2016-09-29,161.3399658203125,161.3399658203125,160.02290487484058,160.02290487484058,6015000
2016-09-30,158.37660217285156,159.03513274321685,156.73027574693836,156.73027574693836,6825000
2016-10-03,158.70584106445312,160.02290198614983,158.04731060360476,158.70584106445312,4515000
2016-10-04,160.0229034423828,161.01069914264443,158.70584250870064,160.0229034423828,5241000
2016-10-05,162.65701293945312,163.31554335621206,159.03509564727906,159.03509564727906,6979000
2016-10-06,160.35214233398438,160.68140751331492,159.0350816166621,160.0228771546538,11331000
2016-10-07,158.70584106445312,159.69363675572566,157.38878014275642,159.36437152530146,5810000
2016-10-11,158.70584106445312,160.02290198614983,157.38878014275642,160.02290198614983,5989000
2016-10-12,158.0473175048828,158.37658274968467,156.40099128087363,158.0473175048828,5399000
2016-10-13,156.40097045898438,157.7180312628495,156.07170525801808,157.38876606188322,6782000
2016-10-14,155.74244689941406,156.73024254571055,154.75465125311757,155.74244689941406,6505000
2016-10-17,158.70584106445312,159.0351062948773,155.74245399063554,155.74245399063554,5843000
2016-10-18,158.0473175048828,159.3643784840902,156.73025652567546,159.3643784840902,3835000
2016-10-19,156.73025512695312,158.7058465781332,156.73025512695312,158.0473160944065,3336000
2016-10-20,155.41319274902344,158.04731466002383,155.41319274902344,156.07172322677354,3790000
2016-10-21,155.0839080810547,157.0594992668006,155.0839080810547,155.413173278679,4276000
2016-10-24,156.73025512695312,157.3887856106798,155.74245940136308,156.07172464322642,3235000
2016-10-25,160.0229034423828,161.33996437606498,158.70584250870064,161.33996437606498,5873000
2016-10-26,158.37660217285156,159.69366331358214,158.04733688766893,159.69366331358214,2860000
2016-10-27,157.38876342773438,159.36435460046744,157.05949823227886,158.3765590141009,2098000
2016-10-28,156.40097045898438,157.38876606188322,155.4131748560855,157.38876606188322,3400000
2016-10-31,158.0473175048828,158.7058479944865,156.0717260360718,156.0717260360718,4409000
2016-11-01,156.40097045898438,157.7180312628495,156.07170525801808,157.05950086091693,2866000
2016-11-02,155.74244689941406,156.73024254571055,155.4131816839819,155.74244689941406,2761000
2016-11-03,155.74244689941406,156.73024254571055,155.4131816839819,156.40097733027838,2720000
2016-11-04,148.82786560058594,155.41316938822249,147.84007003244045,154.75463900945883,10539000
2016-11-07,152.12054443359375,152.77907492897728,149.8156876997514,150.1449529474432,3873000
2016-11-08,150.1449432373047,150.80347369009988,148.82788233171428,150.80347369009988,4212000
2016-11-09,145.20594787597656,152.12051682245163,143.55962193633965,152.12051682245163,6929000
2016-11-10,146.1937713623047,149.4864238704647,145.86450611148868,148.1693628672007,5381000
2016-11-11,141.5840301513672,142.9010908969613,138.62064347378043,142.24256052416425,12770000
2016-11-14,143.88888549804688,144.547415866459,140.26696847178025,142.9010899454287,6339000
2016-11-15,142.24256896972656,143.23036458757187,141.58403855782967,141.58403855782967,5243000
2016-11-16,142.24256896972656,144.2181602054172,140.59624293998436,143.88889499946876,5163000
2016-11-17,145.86448669433594,146.1937519013209,142.57183462448637,142.90109983147133,4248000
2016-11-18,149.48638916015625,149.48638916015625,144.5474115447326,144.87667671909418,4897000
2016-11-21,146.85226440429688,149.81565090572886,146.85226440429688,149.81565090572886,3170000
2016-11-22,150.47421264648438,151.13274311758497,147.51082552653173,148.16935599763232,6288000
2016-11-23,148.82786560058594,151.13272192625874,148.4986004112041,151.13272192625874,2849000
2016-11-24,146.1937713623047,148.1693628672007,146.1937713623047,147.8400976163847,3901000
2016-11-25,145.86448669433594,147.51081272926072,145.86448669433594,146.1937519013209,1956000
2016-11-28,147.1815643310547,148.49862530940862,145.86450335270072,146.19376859728922,3605000
2016-11-29,145.86448669433594,147.18154752227576,144.87669107338107,147.18154752227576,4482000
2016-11-30,145.86448669433594,148.82787355720055,145.86448669433594,147.51081272926072,8583000
2016-12-01,147.840087890625,147.840087890625,145.8644965156946,146.8522922031598,3836000
2016-12-02,148.16934204101562,148.8278724500868,146.19375081380207,147.51081163194445,4089000
2016-12-05,147.1815643310547,148.82789055399712,146.8522990864662,148.82789055399712,3164000
2016-12-06,148.82786560058594,150.14492635811325,148.16933522182228,148.82786560058594,4680000
2016-12-07,148.16934204101562,150.14493326822915,147.51081163194445,150.14493326822915,4604000
2016-12-08,151.46200561523438,151.46200561523438,148.49861854884935,148.8278837784477,7409000
2016-12-09,151.79127502441406,152.12054026307874,150.14494883109072,151.4620097857494,5121000
2016-12-12,151.1327362060547,153.43759274950213,150.80347098556217,152.77906230851715,4420000
2016-12-13,150.47421264648438,151.13274311758497,149.81568217538378,150.80347788203466,4146000
2016-12-14,148.16934204101562,151.46199408637153,147.18154642740885,151.13272888183593,7586000
2016-12-15,150.1449432373047,150.47420846370227,146.8522909733287,147.84008665252148,4676000
2016-12-16,148.82786560058594,150.8034567368769,148.82786560058594,149.4863959793496,4197000
2016-12-19,147.5108184814453,148.82787936074394,147.18155326162068,148.82787936074394,2637000
2016-12-20,144.5474090576172,146.19373490109803,141.5840225393517,146.19373490109803,8875000
2016-12-21,142.57186889648438,145.5352564717,142.57186889648438,144.5474606132948,4953000
2016-12-22,142.90110778808594,143.88890346404045,142.2425773374496,142.57184256276778,4232000
2016-12-23,142.57186889648438,143.55966475488958,142.2426036103493,142.90113418261944,4036000
2016-12-26,142.24256896972656,142.571834175675,140.92550814593278,140.92550814593278,3081000
2016-12-27,143.55966186523438,143.88892714474179,141.9133354676973,142.2426007472047,2065000
2016-12-28,143.88888549804688,144.547415866459,142.57182476122264,143.55962031384084,2979000
2016-12-29,142.57186889648438,143.88893004102465,142.2426036103493,143.55966475488958,3600000
2016-12-30,142.57186889648438,144.21819532715972,142.57186889648438,143.88893004102465,3796000
2017-01-03,143.55966186523438,143.55966186523438,142.57186602671212,143.23039658572696,3403000
2017-01-04,142.24256896972656,143.88889499946876,141.91330376377812,143.55962979352032,3332000
2017-01-05,143.55966186523438,143.55966186523438,141.9133354676973,141.9133354676973,3647000
2017-01-06,144.876708984375,146.19376997514203,143.55964799360794,143.88891324129972,4246000
2017-01-09,142.90110778808594,145.5352295906313,142.90110778808594,145.20596436531312,2441000
2017-01-10,141.2547607421875,143.55961697807402,140.9254955656323,142.9010866249636,3954000
2017-01-11,141.91329956054688,142.24256475674304,140.26697357956607,141.25476916815455,3967000
2017-01-12,142.90110778808594,143.23037301340412,141.58404688681327,142.2425773374496,2714000
2017-01-13,141.5840301513672,141.5840301513672,139.93770421937455,139.93770421937455,3723000
2017-01-16,138.6206512451172,139.93771206454824,138.29138604025943,139.2791816548327,4837000
2017-01-17,140.5962677001953,140.5962677001953,138.62067611658603,138.9499413805209,3230000
2017-01-18,139.2791748046875,140.59623555934178,138.94990961602394,140.2669703706782,4684000
2017-01-19,140.26698303222656,140.26698303222656,139.27918737707003,139.60845259545556,3823000
2017-01-20,139.2791748046875,140.2669703706782,138.94990961602394,139.93770518201464,3661000
2017-01-23,141.2547607421875,141.58402591874273,139.93770003596666,140.26696521252185,3686000
2017-01-24,140.5962677001953,141.58406349199996,139.93773717232554,139.93773717232554,5771000
2017-02-02,134.66949462890625,136.6450862371543,133.68169882478225,134.66949462890625,17460000
2017-02-03,136.31581115722656,137.63287213459108,134.99875017986207,134.99875017986207,7663000
2017-02-06,139.60845947265625,140.92552041107754,135.6572766573924,136.9743375958137,9082000
2017-02-07,143.55966186523438,143.55966186523438,138.2914173931157,139.60847851114536,8804000
2017-02-08,140.5962677001953,142.9011245477395,140.26700243626044,140.9255329641302,8490000
2017-02-09,141.5840301513672,141.91329533776573,140.5962345921716,141.5840301513672,4841000
2017-02-10,141.91329956054688,143.23036034533155,141.5840343643507,142.9010951491354,6355000
2017-02-13,142.90110778808594,143.55963823872227,141.91331211213142,142.90110778808594,5549000
2017-02-14,142.90110778808594,143.23037301340412,141.58404688681327,141.58404688681327,4604000
2017-02-15,142.57186889648438,143.55966475488958,141.91333832421424,142.90113418261944,5806000
2017-02-16,142.90110778808594,143.55963823872227,142.2425773374496,143.55963823872227,5237000
2017-02-17,148.16934204101562,149.48640285915798,143.23036397298176,143.23036397298176,15689000
2017-02-20,147.840087890625,149.48641403640033,147.51082266146994,149.48641403640033,4617000
2017-02-21,148.4986114501953,151.46199837492205,148.1693462363368,148.4986114501953,6929000
2017-02-22,148.4986114501953,150.47420273334646,148.1693462363368,150.14493751948794,4512000
2017-02-23,147.840087890625,149.15714880724528,147.1815574323149,148.82788357809022,5733000
2017-02-24,147.5108184814453,148.49861414091927,146.85228804179602,148.16934892109464,7611000
2017-03-01,148.16934204101562,150.14493326822915,147.51081163194445,148.8278724500868,7513000
2017-03-02,147.1815643310547,149.8156862877626,146.5230338418777,149.4864210431741,7700000
2017-03-03,144.5474090576172,147.18153040718653,143.88887872022485,146.85226523849036,7710000
2017-03-06,143.55966186523438,144.21819242424922,142.2426007472047,143.55966186523438,5254000
2017-03-07,143.55966186523438,143.55966186523438,142.2426007472047,142.2426007472047,4281000
2017-03-08,146.1937713623047,147.5108323655687,143.55964935577668,143.55964935577668,8795000
2017-03-09,143.55966186523438,146.19378410129372,143.55966186523438,146.19378410129372,4509000
2017-03-10,146.1937713623047,146.8523018639367,142.24258835251268,144.21817985740867,5633000
2017-03-13,146.5230255126953,148.16935164205145,145.2059646092104,148.16935164205145,5828000
2017-03-14,146.85226440429688,147.51079473794843,145.53520373699376,146.85226440429688,5670000
2017-03-15,145.86448669433594,146.8522823152908,144.87669107338107,146.8522823152908,4497000
2017-03-16,147.840087890625,148.82788357809022,146.52302697400475,146.8522922031598,5465000
2017-03-17,148.4986114501953,148.82787666405383,147.51081580861972,148.1693462363368,5994000
2017-03-20,148.82786560058594,148.82786560058594,147.51080484305862,148.16933522182228,4087000
2017-03-21,151.46200561523438,152.4498013040294,149.15714900804602,149.48641423764437,11710000
2017-03-22,149.81568908691406,150.14495433765453,148.16936283321172,149.4864238361736,4936000
2017-03-23,147.5108184814453,149.8156750202179,147.18155326162068,149.1571445805686,5857000
2017-03-24,146.85226440429688,147.18152957112264,146.19373407064532,146.19373407064532,3290000
2017-03-27,147.5108184814453,148.16934892109464,145.5352271624974,146.1937576021467,3507000
2017-03-28,146.85226440429688,148.16932507159999,145.53520373699376,148.16932507159999,3138000
2017-03-29,144.2181854248047,146.52304226949335,143.5596548977508,146.1937770059664,7769000
2017-03-30,143.88888549804688,145.2059462348711,143.55962031384084,143.88888549804688,3256000
2017-03-31,141.5840301513672,143.88888645615688,141.25476496496867,143.23035608335985,7071000
2017-04-05,144.876708984375,144.876708984375,140.92552601207385,140.92552601207385,6211000
2017-04-06,142.90110778808594,144.5474339146768,142.2425773374496,144.21816868935863,4412000
2017-04-07,142.57186889648438,143.88893004102465,141.58407303807917,142.90113418261944,3697000
2017-04-10,142.90110778808594,144.21816868935863,142.2425773374496,142.57184256276778,3905000
2017-04-11,139.60845947265625,142.90111181870947,139.60845947265625,142.90111181870947,4660000
2017-04-12,140.9254913330078,142.24255199967143,139.6084306663442,139.6084306663442,4489000
2017-04-13,140.26698303222656,141.9133091241541,140.26698303222656,140.59624825061206,3610000
2017-04-14,139.60845947265625,141.25478564568286,139.60845947265625,140.92552041107754,2310000
2017-04-17,138.94992065429688,140.59624672839993,138.29139022465566,139.6084510839381,2315000
2017-04-18,139.93771362304688,140.5962440400965,138.6206527889476,140.5962440400965,3701000
2017-04-19,140.9254913330078,143.23034749966916,139.6084306663442,139.93769583301008,5889000
2017-04-20,141.5840301513672,142.5718257105628,140.2669694057731,140.92549977857013,3633000
2017-04-21,141.5840301513672,142.9010908969613,140.92549977857013,142.5718257105628,2407000
2017-04-24,141.5840301513672,142.24256052416425,140.92549977857013,141.91329533776573,1672000
2017-04-25,141.5840301513672,141.91329533776573,140.92549977857013,141.91329533776573,4827000
2017-04-26,140.5962677001953,141.58406349199996,139.60847190839067,141.58406349199996,5084000
2017-04-27,142.90110778808594,143.23037301340412,140.9255164361769,140.9255164361769,3602000
2017-04-28,142.90110778808594,143.55963823872227,141.91331211213142,142.57184256276778,3397000
2017-05-02,145.86448669433594,147.51081272926072,141.25477379654654,141.25477379654654,11417000
2017-05-03,143.88888549804688,145.53521141907717,142.9010899454287,144.87668105066504,4582000
2017-05-04,143.55966186523438,144.21819242424922,142.57186602671212,143.55966186523438,2374000
2017-05-05,142.24256896972656,143.23036458757187,142.24256896972656,142.90109938162345,1229000
2017-05-08,139.93771362304688,142.2425700827206,139.60844841452206,142.2425700827206,4760000
2017-05-09,136.97434997558594,139.93773735486545,136.97434997558594,138.94994156177228,5119000
2017-05-10,137.63287353515625,138.94993452592328,135.6572820490057,138.29140403053978,4413000
2017-05-11,140.5962677001953,141.25479822806508,137.30361506084648,137.30361506084648,6470000
2017-05-12,141.2547607421875,141.2547607421875,139.2791696828562,140.59623038907708,4692000
2017-05-15,141.2547607421875,141.58402591874273,140.26696521252185,140.9254955656323,3073000
2017-05-16,139.2791748046875,142.24256150265958,139.2791748046875,141.2547659366689,5407000
2017-05-17,140.26698303222656,140.59624825061206,139.27918737707003,139.60845259545556,3570000
2017-05-18,140.26698303222656,140.59624825061206,138.29139172191353,138.62065694029903,4654000
2017-05-19,139.93771362304688,140.2669788315717,139.60844841452206,140.2669788315717,1824000
2017-05-22,137.63287353515625,139.6084650213068,137.30360828746447,139.6084650213068,4181000
2017-05-23,136.97434997558594,137.63288050431473,136.97434997558594,136.97434997558594,4239000
2017-05-24,142.57186889648438,143.88893004102465,139.60848132126875,140.59627717967396,15510000
2017-05-25,150.47421264648438,151.79127358868556,145.53523411322996,147.840090762082,23568000
2017-05-26,151.1327362060547,152.12053186753215,149.8156753240847,151.1327362060547,12758000
2017-05-31,151.46200561523438,152.7790665336277,150.8034751560377,151.46200561523438,11672000
2017-06-01,150.1449432373047,152.12053459569026,149.81567801090708,151.46200414289507,5294000
2017-06-02,154.0961151123047,155.41317592523038,151.1327282832219,151.46199348645334,11260000
2017-06-05,160.0229034423828,160.35216867580334,156.7302511081774,157.05951634159794,12226000
2017-06-06,161.3399658203125,161.99849629304848,158.04731345663265,161.99849629304848,9704000
2017-06-07,165.9496612548828,166.6081916566879,160.02288763863697,161.6692136431497,17411000
2017-06-08,167.2667236328125,169.9008452648253,162.9862759807917,164.3033367967981,16218000
2017-06-09,164.96185302734375,167.92523960867328,164.96185302734375,165.9496485544536,9941000
2017-06-12,163.64480590820312,165.6203971264108,161.99847989303007,162.9862755021339,6066000
2017-06-13,162.65701293945312,165.94966502324772,162.32774773107366,163.6448085645915,5346000
2017-06-14,164.6326141357422,165.29114459228515,161.66922708129883,163.64481845092772,6611000
2017-06-15,165.29115295410156,165.94968344395855,163.6448267294591,164.3033572193161,5915000
2017-06-16,166.6082000732422,166.6082000732422,162.65701746280956,163.97407833295378,7998000
2017-06-19,168.25453186035156,169.90085800379924,166.6082057169039,166.6082057169039,5502000
2017-06-20,169.5715789794922,169.5715789794922,167.92525296998255,168.91304857568835,5509000
2017-06-21,177.4739532470703,179.77880978274655,171.21791407880622,171.21791407880622,21193000
2017-06-22,178.46173095703125,180.43732207463677,176.48613983942573,179.12026132956643,9182000
2017-06-23,174.83984375,179.12029190207156,174.83984375,177.47396568973633,6092000
2017-06-26,177.4739532470703,178.13248368583496,173.8520358338648,174.1813010532471,7799000
2017-06-27,177.80322265625,179.7788140190972,176.4861617476852,177.80322265625,5658000
2017-06-28,173.85203552246094,176.48615727280125,173.19350508487588,175.8276268352162,6603000
2017-06-29,176.15689086914062,177.14468651887412,174.83983000282927,175.82762565256277,5434000
2017-06-30,171.5471649169922,173.5227560676677,170.55936934165442,173.19349087588844,10253000
2017-07-03,176.15689086914062,178.13248216860762,173.19350391994013,173.19350391994013,9996000
2017-07-04,173.52276611328125,176.81541822169268,173.52276611328125,175.4983573783281,5134000
2017-07-05,174.51055908203125,175.4983546994767,172.20570264132516,173.52276346458578,9453000
2017-07-06,171.79443359375,175.52909519361413,171.79443359375,175.1895805027174,9471000
2017-07-07,169.75738525390625,170.77592956542966,168.7388409423828,170.43641479492186,4608000
2017-07-10,167.7202606201172,171.4549222938445,167.04123122489403,170.77589289862135,5385000
2017-07-11,172.4734649658203,173.49200905026413,168.399288628045,169.41783271248883,6013000
2017-07-12,172.81301879882812,174.17107788565588,171.4549597120004,172.4735040271212,5388000
2017-07-13,171.11541748046875,173.83153521825398,171.11541748046875,173.15250578380767,3417000
2017-07-14,172.81301879882812,173.15253357053507,171.4549597120004,172.4735040271212,2618000
2017-07-17,172.81301879882812,173.83156311394893,171.4549597120004,173.83156311394893,2962000
2017-07-18,170.43638610839844,172.81298910194184,168.73881254158172,172.81298910194184,4379000
2017-07-19,177.22669982910156,178.58475883162342,171.11543431775323,171.11543431775323,13654000
2017-07-20,175.86863708496094,178.58475503221902,175.18960759814644,177.22669605859,5329000
2017-07-21,173.4920196533203,176.54765209339837,173.4920196533203,175.8686226622699,3599000
2017-07-24,172.13397216796875,172.81300164397652,169.0783395259338,171.79445742996487,5577000
2017-07-25,173.83152770996094,174.51055711507797,170.43638068437576,172.13395419716835,7255000
2017-07-26,175.86863708496094,179.26378451903355,175.18960759814644,175.86863708496094,13047000
2017-07-27,178.58474731445312,180.28232095812663,174.51057056963668,175.8686294845755,11908000
2017-07-28,180.9613494873047,183.33795257625616,177.22668749038095,178.58474639835322,13178000
2017-07-31,180.621826171875,184.0169732803689,177.2266790633811,180.2823114610256,9531000
2017-08-01,198.61610412597656,198.61610412597656,186.73308934920874,188.77017759665466,27522000
2017-08-02,203.70883178710938,205.74592010498048,202.0112581888835,203.7088317871094,25444000
2017-08-03,197.59756469726562,202.01125600493648,197.59756469726562,200.99271185701244,8943000
2017-08-04,196.91851806640625,199.97415024329877,195.5604593211207,198.27657681169183,6986000
2017-08-07,196.23953247070312,198.27662104306336,194.5419586604029,196.9185619948232,11135000
2017-08-08,194.88145446777344,196.23951338392519,190.1282482612424,194.54193973873552,12713000
2017-08-09,192.84434509277344,194.54191855309713,191.48628632451445,191.48628632451445,5732000
2017-08-10,190.12823486328125,195.56047014508928,189.44920545305524,192.84435250418528,6899000
2017-08-11,194.20242309570312,194.54193782139492,187.41212858186736,189.78873166170987,6111000
2017-08-14,190.12823486328125,193.5233819144113,190.12823486328125,193.5233819144113,4581000
2017-08-15,184.35650634765625,192.84437496403083,184.01699160300126,190.80728649610094,11565000
2017-08-16,185.37503051757812,187.41211876502405,183.33794227013223,185.03551580967047,7302000
2017-08-17,184.6959991455078,186.7330873713774,183.67745503257302,186.3935726670658,5031000
2017-08-18,181.64036560058594,182.99842440881463,179.60327738824293,180.62182149441443,5741000
2017-08-21,184.6959991455078,185.375028554131,179.2637638765223,180.62182269376868,5997487
2017-08-22,183.67747497558594,186.39359290498462,183.3379602344111,185.0355339402853,4224979
2017-08-23,184.0169677734375,189.4492029844615,183.6774530727485,187.4121147803275,7304257
2017-08-24,185.37503051757812,186.05405993339343,183.33794227013223,183.33794227013223,3828042
2017-08-25,182.658935546875,185.375053547572,182.65893554687497,185.0355387974849,5926124
2017-08-28,184.35650634765625,184.69602109231124,181.97990313507137,183.3379621136913,2632943
2017-08-29,181.30087280273438,183.33796126119208,181.30087280273438,182.99844651811577,3518006
2017-08-30,182.3194122314453,184.6960153704027,181.97989749730854,183.6774711679924,3422299
2017-08-31,183.67747497558594,187.0726223873343,183.67747497558594,184.3565044579356,9081408
2017-09-01,184.6959991455078,186.3935726670658,184.01696973688462,186.3935726670658,4452924
2017-09-04,184.0169677734375,184.3564824741265,182.3193942699925,183.6774530727485,2430050
2017-09-05,189.7887420654297,189.7887420654297,184.0169914122771,185.03553564518637,6238464
2017-09-06,184.35650634765625,189.10971277282601,184.01699160300126,189.10971277282601,7551773
2017-09-07,185.03553771972656,188.43068520082247,184.35650822350738,184.35650822350738,5622648
2017-09-08,186.39356994628906,187.4121140443562,184.01696705079902,187.0725993450005,5445804
2017-09-11,189.44921875,189.78873347894265,186.73310091845877,187.4121303763441,6872066
2017-09-12,187.07260131835938,192.16532186241636,186.73308661542225,191.4862924565421,6680350
2017-09-13,186.7331085205078,188.43068223433062,185.37504954944959,188.09116749156607,4256271
2017-09-14,194.88145446777344,199.97417540334243,185.0355273256734,185.0355273256734,17341006
2017-09-15,198.27659606933594,199.97416966581997,196.9185371921487,199.63465494652317,13364831
2017-09-18,198.61610412597656,205.06688357622195,198.61610412597656,203.36931003668371,7120717
2017-09-19,198.9556121826172,202.0112444516335,198.27658278950244,200.653185665404,6135117
2017-09-20,196.91851806640625,199.63463555697737,191.8257977715854,198.27657681169183,8499483
2017-09-21,199.29513549804688,199.97416492052744,193.52338540696203,193.52338540696203,6051869
2017-09-22,194.20242309570312,199.97417343246354,194.20242309570312,199.29514398107997,4793035
2017-09-25,193.86289978027344,196.91853217610964,190.80726738443727,194.2024144909219,4673144
2017-09-26,191.4862823486328,196.2394879388471,191.4862823486328,193.86288514373996,3600978
2017-09-27,195.22096252441406,196.91853611158288,193.18387421981149,193.52338893724524,6917649
2017-09-28,197.59756469726562,199.63465299311372,195.56047640141753,196.23950583336688,8607612
2017-09-29,193.1838836669922,197.5975752094718,193.1838836669922,196.91854574139802,7326675
2017-10-02,195.5604705810547,199.29513234562344,195.2209558751848,198.95561763975357,4691717
2017-10-03,195.5604705810547,196.57901469866437,193.86289705170526,196.23949999279446,4003475
2017-10-05,193.52340698242188,197.25806922243353,193.1838922333299,196.91855447334157,5068194
2017-10-06,197.59756469726562,200.3136824250631,195.56047640141753,196.23950583336688,10976211
2017-10-11,207.7830352783203,208.12255004184698,200.99274000778695,202.3507990618936,18218715
2017-10-12,206.08541870117188,209.82008032508108,205.7459040080892,209.14105093891578,16332612
2017-10-13,218.6475067138672,218.6475067138672,209.14109337848166,209.82012290243776,25082732
2017-10-16,221.36355590820312,224.07967315861052,215.9313214073883,217.62889468889296,18159999
2017-10-17,217.96841430664062,222.04259027498904,217.6288996426116,221.363560946931,8698007
2017-10-18,213.55477905273438,218.64750033380116,212.19672004444988,217.9684708296589,8309166
2017-10-19,214.91281127929688,219.6660172159638,214.57329656953496,215.2523259890588,7519592
2017-10-20,212.53622436523438,216.94991592553478,212.53622436523438,214.91282751308844,7447318
2017-10-23,217.62893676757812,218.98699565536333,216.27087787979292,217.96845148952443,6564806
2017-10-24,218.3079833984375,218.98701289578878,213.89429166565415,216.27089490638366,4263073
2017-10-25,222.72164916992188,226.79582567912774,221.3635903335199,222.72164916992188,11984238
2017-10-26,229.8514862060547,230.53051570740197,221.3636174392137,222.04264694056096,9927715
2017-10-27,224.07969665527344,234.9441667961352,224.07969665527344,229.85144641760624,12505057
2017-10-30,227.1353302001953,228.832903669554,221.70309509824745,227.47484489406705,7630413
2017-10-31,232.5675811767578,237.66030193245325,226.11680155287695,228.15388985515511,14831751
2017-11-01,229.51193237304688,237.99979969453528,229.51193237304688,237.99979969453528,13411322
2017-11-02,228.15391540527344,233.58615148635135,228.15391540527344,229.17245967047555,6780834
2017-11-03,227.474853515625,231.88854470324162,225.4377652751866,229.51194175606344,8807838
2017-11-06,222.72164916992188,225.77728155182626,219.32650207891695,225.0982521336253,13130766
2017-11-07,229.17242431640625,229.8514537217882,224.07970377604167,224.07970377604167,7730251
2017-11-08,228.493408203125,230.1909818153325,225.43777570115157,228.8329229255665,4448375
2017-11-09,224.7587890625,231.5490848045695,222.72170033987916,228.49345172063823,5387287
2017-11-10,221.36355590820312,221.36355590820312,208.8015136250689,219.32646797039757,15697597
2017-11-13,215.5918426513672,220.3450486310824,215.5918426513672,219.6660192054088,6588631
2017-11-14,221.36355590820312,225.77724644011514,218.64743865779573,221.36355590820312,8063450
2017-11-15,218.6475067138672,220.68459528573553,216.61041814199885,219.3265362378233,5776318
2017-11-16,217.62893676757812,220.6845692650948,216.94990732368552,218.64748093341703,4947048
2017-11-17,223.74020385742188,224.07971858254695,220.68457133129624,222.04263023179652,6854773
2017-11-20,217.28939819335938,226.79580936431884,216.61036882400512,226.79580936431884,6000173
2017-11-21,218.6475067138672,219.66605099980134,214.57332957013054,217.62896242793303,6266273
2017-11-22,222.04261779785156,225.4377648589808,218.98698544283528,220.00552956117403,7402234
2017-11-23,222.04261779785156,226.45630897731957,221.70310309173865,225.09825015286788,4104085
2017-11-24,221.36355590820312,224.07967315861052,220.0054972829994,224.07967315861052,3238485
2017-11-27,224.41920471191406,224.75871939377777,220.3450285295495,222.72163130259548,3919596
2017-11-28,224.7587890625,228.8329665077417,223.06121512698263,228.8329665077417,7460233
2017-11-29,227.1353302001953,228.49338897568228,225.4377567308366,227.1353302001953,4474461
2017-11-30,221.36355590820312,228.49336369052256,216.27083606368925,228.15384903422162,9772780
2017-12-01,213.89427185058594,223.4006839328342,211.85718354724702,221.70311034671846,7919572
2017-12-04,217.28939819335938,217.62891287803652,213.89425134658813,213.89425134658813,4552823
2017-12-05,215.93136596679688,217.28942487224842,213.89427760861955,215.93136596679688,2998874
2017-12-06,194.54190063476562,215.93132426476603,194.54190063476562,215.93132426476603,17346883
2017-12-07,195.22096252441406,198.95562441618546,193.18387421981149,196.23950667671537,11079895
2017-12-08,200.99270629882812,202.0112504185857,195.22095628686853,197.59755923296953,7051528
2017-12-11,203.36932373046875,204.72738265354366,200.99272061508765,202.01126480739381,3470565
2017-12-12,200.99270629882812,203.70882395151497,197.59755923296953,203.36930924492913,3935176
2017-12-13,197.59756469726562,203.02980015286056,197.59756469726562,202.35077072091119,4712816
2017-12-14,196.5790252685547,200.65320195805842,196.23951054442938,197.93708416505595,4395536
2017-12-15,193.52340698242188,196.23952497515762,187.41214149876646,195.22098072788174,12426779
2017-12-18,195.22096252441406,196.23950667671537,190.1282417629076,193.52338893724524,5170946
2017-12-19,199.63467407226562,199.63467407226562,195.22098229855908,196.23952655402982,5989588
2017-12-20,198.61610412597656,199.63464824969952,195.5604717548077,199.63464824969952,2430748
2017-12-21,196.91851806640625,200.99269430226295,196.91851806640625,198.95560618433458,2601721
2017-12-22,197.25807189941406,199.29516042161111,196.23952763831554,198.61613091421208,2119223
2017-12-25,194.88145446777344,197.93708702911485,194.20242500969758,197.5975723000769,1436728
2017-12-26,190.12823486328125,195.56047014508928,188.09114663260326,195.22095543997628,5960186
2017-12-27,192.16534423828125,192.50485898075172,187.75165258616525,190.12825578345848,4375518
2017-12-28,194.20242309570312,195.2209672727785,190.80727583878524,190.80727583878524,4585851
2017-12-29,199.63467407226562,199.63467407226562,194.88146754673548,195.90001180220622,5105493
2018-01-02,197.9370574951172,199.29511620863428,196.2394841032208,198.955601530255,2537800
2018-01-03,204.04835510253906,205.40641403832967,200.3136930291149,200.3136930291149,8196202
2018-01-04,208.4620361328125,208.4620361328125,202.35077122989617,204.38785953086827,6783498
2018-01-05,203.70883178710938,210.49912618001304,201.6717434692383,210.49912618001304,4965501
2018-01-08,202.3507843017578,207.78302012193922,200.99272534671243,206.42496116689387,4142031
2018-01-09,206.42495727539062,206.42495727539062,200.9927215576172,201.67175102233887,5147465
2018-01-10,210.1596221923828,211.17816640333135,205.0669011376401,206.76447482255435,6727283
2018-01-11,207.7830352783203,210.15963862300697,205.40643193363363,210.15963862300697,3775458
2018-01-12,210.1596221923828,211.5176811403142,208.46204850746858,209.82010745539998,4794414
2018-01-15,212.53622436523438,212.53622436523438,209.48059174656487,211.85719489441894,4350414
2018-01-16,211.857177734375,213.21523656600561,209.8200894869291,211.1781483185597,3804847
2018-01-17,208.12249755859375,209.14104159232258,206.08540949113606,209.14104159232258,5779149
2018-01-18,216.94992065429688,218.3079796255288,208.46205208409748,209.48059631252139,8785766
2018-01-19,216.6103973388672,217.96845625635225,213.21525004515453,217.96845625635225,7447305
2018-01-22,216.6103973388672,216.6103973388672,211.8571911276695,215.25233842138215,5523851
2018-01-23,215.93136596679688,219.66602795678864,215.2523365140711,216.27088069315974,10049361
2018-01-24,208.80157470703125,214.57332555259148,208.80157470703125,213.8942960413491,7768626
2018-01-25,207.4434814453125,215.25231953572523,207.4434814453125,209.1410549432283,8777131
2018-01-26,209.1410369873047,209.48055165773863,204.04831693079564,204.04831693079564,7022277
2018-01-29,209.1410369873047,213.2152130325119,208.4620076464368,213.2152130325119,4417172
2018-01-30,203.02978515625,207.44347613790762,202.69027046535325,207.44347613790762,6738505
2018-01-31,203.02978515625,206.4249320652174,200.3136676290761,200.3136676290761,7733732
2018-02-01,208.4620361328125,211.17815386744198,208.1225214159838,210.4991244337846,13138201
2018-02-02,206.7644500732422,208.12250885861653,204.72736189518068,206.4249353768986,5242656
2018-02-05,203.02978515625,204.38784391983697,200.3136676290761,200.3136676290761,5583969
2018-02-06,194.54190063476562,198.27656190349586,189.44918072286075,196.91850326032122,11116800
2018-02-07,193.1838836669922,200.31369308176696,193.1838836669922,198.61611941158247,7676256
2018-02-08,194.20242309570312,195.89999672416207,192.1653347415524,193.52339364431955,4649916
2018-02-09,192.16534423828125,194.20243269310404,183.33796093404925,185.03553464640157,8477304
2018-02-12,193.52340698242188,196.23952497515762,192.165347986054,194.5419512296978,5525043
2018-02-21,206.7644500732422,206.7644500732422,198.2765826646526,199.29512675368335,11124413
2018-02-22,205.06687927246094,207.78299687871868,202.6902763669854,203.70882046933204,6376415
2018-02-23,204.04835510253906,205.06689930438202,203.36932563464376,203.7088403685914,6134549
2018-02-26,201.33221435546875,206.76444948141733,201.33221435546875,206.76444948141733,3613576
2018-02-27,204.38783264160156,208.4620087075471,204.38783264160156,205.0668619859258,7542774
2018-03-01,203.36932373046875,205.4064121150811,199.97417642278145,204.38786792277494,9324203
2018-03-02,205.40640258789062,208.4620350230824,200.99271129261362,200.99271129261362,11009432
2018-03-05,200.3136749267578,205.7459101790089,200.3136749267578,205.40639547574318,6953028
2018-03-06,204.38783264160156,205.74589133025006,201.33220059214239,203.02977395295304,7629162
2018-03-07,203.70883178710938,208.80155258178712,202.0112581888835,202.0112581888835,10376719
2018-03-08,210.1596221923828,210.1596221923828,205.40641587462295,206.42496008557148,11617109
2018-03-09,210.83863830566406,212.19669716753629,208.8015500128557,210.15960887472795,6950746
2018-03-12,215.25234985351562,218.98701207494886,211.5176876320824,211.85720237948541,12539320
2018-03-13,216.6103973388672,217.62894152698098,215.25233842138215,215.25233842138215,10215713
2018-03-14,212.87571716308594,216.61037886770148,212.87571716308594,216.61037886770148,6017705
2018-03-15,215.93136596679688,217.9684543249742,212.87573342953087,212.87573342953087,8616499
2018-03-16,215.25234985351562,218.98701207494886,215.25234985351562,218.64749732754586,12301493
2018-03-19,226.7958526611328,233.5861476509871,217.62895442482954,218.307983923815,18084889
2018-03-20,232.5675811767578,233.5861253278969,227.47486042106237,227.47486042106237,16137222
2018-03-21,228.15391540527344,236.30226952689034,227.47488589513867,236.30226952689034,12857200
2018-03-22,228.15391540527344,232.22809246608188,227.47488589513867,230.19100393567766,5677495
2018-03-23,222.72164916992188,226.79582567912774,219.32650207891695,220.00553149711794,6414475
2018-03-26,235.6232147216797,235.96272944029883,222.72165541415256,223.0611701327717,11777725
2018-03-27,232.5675811767578,234.26515476198963,226.79583098696966,232.90709589380418,12445408
2018-03-28,226.11680603027344,231.8885563343495,226.11680603027344,229.51195326796525,6333805
2018-03-29,224.7587890625,231.5490848045695,224.7587890625,229.17248129484517,6376204
2018-03-30,230.87001037597656,235.28370175081142,229.85146621255313,230.19098093369428,10060735
2018-04-02,228.493408203125,233.24661431730593,228.1538934806835,233.24661431730593,3080504
2018-04-03,222.72164916992188,226.79582567912774,221.7031050426204,226.45631097002726,7879106
2018-04-09,222.3821258544922,226.1167875100638,222.3821258544922,224.75872872621957,6830784
2018-04-10,222.04261779785156,224.75873544675497,221.36358838562572,224.0797060345291,4614776
2018-04-11,230.1909637451172,232.90708131143128,223.7401845251213,224.07969922091056,9473560
2018-04-12,225.0982666015625,232.22807595093323,224.41923713971764,230.53050229632115,5856142
2018-04-13,228.15391540527344,229.51197442554292,226.79585638500393,227.47488589513867,4800170
2018-04-16,232.22805786132812,234.94417549713313,229.85145492999877,230.86999904342562,7684952
2018-04-17,230.87001037597656,234.265157587388,228.15389260684742,234.265157587388,5928455
2018-04-18,245.8086700439453,253.2779942718,234.2651689645335,234.2651689645335,25903106
2018-04-19,244.79013061523438,254.29654345466096,242.75304214964297,251.24091075627385,16688689
2018-04-20,240.71597290039062,245.80869447092076,238.3393695008099,242.413546757234,9243973
2018-04-23,237.9998321533203,246.48770063239738,237.99983215332034,241.73449428411422,8170123
2018-04-24,231.8885498046875,240.37641765991032,224.0797113778825,239.01835880307468,10638684
2018-04-25,228.8329315185547,234.94419675198787,227.135357842601,229.85147572412689,7676548
2018-04-26,219.66604614257812,233.92566583034983,217.96847237022436,231.54906254905455,12585799
2018-04-27,230.53050231933594,230.53050231933594,221.0240898525592,228.83292866455437,8263068
2018-04-30,230.87001037597656,231.54903981825885,222.04262762630688,222.72165706858917,10315708
2018-05-02,224.7587890625,232.90714395298338,224.07975948829306,231.88859959167297,8872980
2018-05-03,217.28939819335938,223.4006625175476,211.8571632385254,222.72163314819338,12988126
2018-05-04,221.02407836914062,222.7216519357239,213.89426938949094,213.89426938949094,5703448
2018-05-07,216.2708740234375,225.77728606842373,215.25232987576038,225.43777135253137,7252344
2018-05-08,220.68458557128906,221.36361506535457,216.61040860689604,216.61040860689604,5086816
2018-05-09,222.72164916992188,224.41922271542433,218.98698736981646,221.0240756244194,4851243
2018-05-10,223.74020385742188,225.09826275792216,221.36360078154638,222.72165968204666,4467038
2018-05-11,216.94992065429688,224.41924499607236,215.25234694025698,223.7402155104564,8255872
2018-05-14,217.28939819335938,221.36357440948487,215.9313394546509,220.68454504013062,5333227
2018-05-15,216.6103973388672,220.00554463257984,216.27088260949594,220.00554463257984,3385594
2018-05-16,216.6103973388672,218.6474857150948,213.89427950389708,217.28942679760974,3594624
2018-05-17,210.49913024902344,216.27088059456116,208.46204189177482,216.27088059456116,8766504
2018-05-18,212.53622436523438,213.89428330686528,208.4620475403417,211.5176801590112,5357335
2018-05-21,213.2152557373047,215.25234416791588,212.87574099886947,214.23379995261027,3005338
2018-05-22,217.62893676757812,218.64748093341703,212.53621593838363,213.89427482616884,6695276
2018-05-23,217.28939819335938,219.32648630142214,215.59182476997375,219.32648630142214,6434676
2018-05-24,218.6475067138672,219.3265362378233,215.93138861804275,219.3265362378233,3680555
2018-05-25,220.0055389404297,221.7031125433651,216.61039173455887,218.64748005808138,4871678
2018-05-28,216.2708740234375,221.02408004593062,216.27087402343747,220.00553589825353,3884905
2018-05-29,213.89427185058594,216.94990430559432,213.89427185058594,216.61038958837116,2389488
2018-05-30,210.49913024902344,212.87573333248014,210.49913024902344,212.19670388006395,4860062
2018-05-31,211.51766967773438,212.5362138334859,209.48058136623132,212.5362138334859,9847970
2018-06-01,216.6103973388672,216.6103973388672,212.536220586412,212.8757353157833,3291068
2018-06-04,223.74020385742188,224.41923330767202,216.94990935492046,216.94990935492046,8387494
2018-06-05,220.68458557128906,224.41924778864936,220.3450708242563,224.41924778864936,3675678
2018-06-06,224.7587890625,226.79587778512084,222.0426707656722,223.74024470118957,5458800
2018-06-07,224.7587890625,225.43781863670696,222.72170033987916,224.7587890625,3642395
2018-06-08,224.07969665527344,224.07969665527344,221.70309381195995,223.4006672714696,3650689
2018-06-11,225.77731323242188,227.13537225938381,224.41925420545994,224.75876896220043,3276621
2018-06-12,220.0055389404297,224.41923030806177,219.32650949925554,223.40068614630053,3746024
2018-06-13,217.62893676757812,221.3635987089874,217.62893676757812,218.98699565536333,3460873
2018-06-14,213.89427185058594,218.98699260893324,213.89427185058594,217.28941902281747,3719428
2018-06-15,213.89427185058594,216.270874871148,212.19669826447017,214.57330128503224,5146049
2018-06-19,211.857177734375,215.93135422926684,211.1781483185597,211.51766302646735,4618793
2018-06-20,210.49913024902344,212.53621860627203,209.82010079660722,211.85718915385584,5514714
2018-06-21,211.857177734375,212.87572185809796,210.83863361065204,211.857177734375,3846807
2018-06-22,210.83863830566406,211.17815302113212,209.14106472832376,210.499123590196,3055482
2018-06-25,210.49913024902344,211.17815970143963,208.46204189177482,208.46204189177482,2755202
2018-06-26,201.33221435546875,207.44347887216088,198.95561148786626,207.1039641767891,10955073
2018-06-27,201.33221435546875,205.0668760045584,200.99269966009697,201.67172905084053,6254777
2018-06-28,201.67173767089844,203.0297965104331,198.27659057206176,200.31367883136375,4398790
2018-06-29,203.70883178710938,205.06689066569012,202.69028762817385,202.69028762817385,4915252
2018-07-02,207.10401916503906,212.1967409477859,204.3879008809074,204.3879008809074,5731591
2018-07-03,206.7644500732422,209.82008234033444,205.74590598421142,207.10396476958576,3859712
2018-07-04,202.3507843017578,208.12253486070054,201.6717548242351,206.0854464281325,3724168
2018-07-05,191.1468048095703,200.31370308640584,190.4677753075825,200.31370308640584,9890612
2018-07-06,193.52340698242188,195.5604954769737,191.48631848787008,191.48631848787008,9758208
2018-07-09,191.76409912109375,196.6901493737457,190.7085169240969,195.63456717674885,6556647
2018-07-10,197.0419921875,197.0419921875,192.81966378348213,193.17152448381697,4572871
2018-07-11,194.2271270751953,195.98643076247063,192.46782338792,194.93084855010542,3684846
2018-07-12,199.15318298339844,200.5606259726804,194.22713252091154,194.22713252091154,4540240
2018-07-13,200.56060791015625,201.26432934141994,197.7457221851014,198.09758290073327,3278038
2018-07-16,198.80128479003906,201.6161702383936,198.80128479003906,200.56058819526066,1847940
2018-07-17,200.91246032714844,202.31990313154176,199.15315682165675,199.15315682165675,3209658
2018-07-18,197.74569702148438,203.0236070843354,197.74569702148438,201.9680250717652,4952897
2018-07-19,199.85687255859375,200.20873324971802,198.09756910297233,199.50501186746945,2521955
2018-07-20,197.0419921875,199.85687779017857,197.0419921875,198.44943498883927,3062839
2018-07-23,191.0603790283203,195.9864293163433,190.70851829346154,195.9864293163433,10295269
2018-07-24,179.44894409179688,190.00476433249082,178.7452227424173,190.00476433249082,18761099
2018-07-25,184.7268829345703,185.78246512276786,178.74525053478422,179.4489719935826,7951621
2018-07-26,185.0787353515625,185.0787353515625,182.26384964279347,182.26384964279347,6681232
2018-07-27,188.2454833984375,191.06036913149825,185.07873694874414,185.07873694874414,7011218
2018-07-30,182.96755981445312,186.48616673396182,181.9119777386005,185.4305846581092,6547869
2018-07-31,178.74522399902344,180.85638806200402,175.93033858171597,180.15266670767716,11840789
2018-08-01,193.5233917236328,195.28269528475676,186.48617747913707,186.48617747913707,15825338
2018-08-02,189.3010711669922,194.93084280021128,189.3010711669922,194.22712134605888,9247991
2018-08-03,192.81967163085938,192.81967163085938,190.70850734293026,191.41222877223996,4041440
2018-08-06,192.1159210205078,192.81964234292724,190.00475705324948,192.46778168171753,2324777
2018-08-07,193.875244140625,195.6345476264746,191.06035856326568,192.11594065477541,5155603
2018-08-08,195.28268432617188,195.63454501865147,193.52338086377392,194.93082363369228,4605097
2018-08-09,193.5233917236328,194.57897386030717,191.4122274502841,194.2271131480824,3245805
2018-08-10,193.17153930664062,194.57898221597864,191.76409639730264,191.76409639730264,1925377
2018-08-13,185.43060302734375,188.9492102954148,181.5601350324656,186.48618520776506,5137482
2018-08-14,186.48617553710938,187.8936183713517,185.43059341142762,185.43059341142762,2505500
2018-08-15,182.96755981445312,185.7824453500601,182.96755981445312,185.4305846581092,2342251
2018-08-16,174.17105102539062,178.04151882595488,173.11546889796404,175.93035457110165,12296116
2018-08-17,173.81918334960938,177.689650995046,173.11546195952997,176.28220821488725,7505316
2018-08-20,173.81918334960938,175.57848682480784,171.7080191793712,175.57848682480784,5106423
2018-08-21,172.76361083984375,173.81919298346804,172.41175012530232,173.11547155438518,3879372
2018-08-22,174.17105102539062,175.57849386195946,171.7080260613952,173.81919031624844,6912322
2018-08-23,178.04151916503906,178.04151916503906,174.52291206691575,174.52291206691575,5146562
2018-08-24,175.93035888671875,178.04152319335938,173.81919458007815,178.04152319335938,2873118
2018-08-27,174.17105102539062,175.22663315281724,172.76360818882182,174.87477244367503,3028194
2018-08-28,177.33779907226562,180.1526847718254,174.17105266026087,174.17105266026087,10553025
2018-08-29,180.15267944335938,180.5045401453972,178.0415152311325,179.09709733724594,5288321
2018-08-30,180.15267944335938,181.91198295354843,179.44895803928375,180.856400847435,4274480
2018-08-31,176.9859161376953,179.4489408155559,174.87475212810054,179.4489408155559,5802520
2018-09-03,175.5784912109375,178.04151613774422,175.22663050710796,177.6896554339147,2545530
2018-09-04,178.39337158203125,179.4489536623983,175.93034672784148,175.93034672784148,4155461
2018-09-05,178.74522399902344,180.15266670767716,177.3377812903697,178.39336332186,3409310
2018-09-06,179.44894409179688,180.8563867905561,175.9303373448989,177.6896407183479,3895939
2018-09-07,174.5229034423828,179.09709244389688,172.76359998026203,178.0415103666244,6183361
2018-09-10,170.65245056152344,176.63408284924694,167.48570405625804,175.22663995801787,6448148
2018-09-11,171.70802307128906,173.81918728937868,169.59685885319945,173.1154658833488,4864726
2018-09-12,171.70802307128906,173.46732658636375,170.30058025922932,173.46732658636375,3333026
2018-09-13,170.30056762695312,172.76359236535947,170.30056762695312,172.76359236535947,3132346
2018-09-14,172.76361083984375,173.4673322689266,171.0043072671366,172.0598894107609,3522752
2018-09-17,171.35617065429688,172.41175281438495,170.3005884942088,171.70803137432623,1585951
2018-09-18,172.05987548828125,173.46731823256167,171.00429343007093,171.00429343007093,3103033
2018-09-19,172.41172790527344,174.87475258963448,171.0042852284957,173.46730991285673,3740889
2018-09-20,167.48570251464844,172.4117525886087,167.13384179507986,171.35617042990293,5312721
2018-09-21,171.0043182373047,171.70803971153228,169.24501455173572,169.9487360259633,4163227
2018-09-25,171.35617065429688,171.70803137432623,169.5968670541501,169.5968670541501,2246605
2018-09-26,169.94873046875,172.41175554800725,169.5968697431418,172.05989482239906,3087089
2018-09-27,169.94873046875,170.30059119435816,168.1894268407091,169.5968697431418,2935735
2018-09-28,173.46731567382812,173.46731567382812,171.0042909076683,172.05987295030823,5847255
2018-10-01,175.93035888671875,177.3378017578125,174.87477673339845,174.87477673339845,4200741
2018-10-02,172.41172790527344,176.63405593560668,171.0042852284957,175.9303345972178,5612236
2018-10-03,173.115478515625,173.4673392443153,169.59687122872205,172.7636177869347,2859111
2018-10-04,170.30056762695312,174.52289574993543,170.30056762695312,174.52289574993543,4069030
2018-10-05,165.02267456054688,169.59686383408015,163.61523170715202,168.89314240738273,9232507
2018-10-08,164.31895446777344,165.72639733259376,163.61523303536327,165.0226759001836,5331698
2018-10-09,160.8003387451172,165.02266711479203,160.8003387451172,164.6708064173191,4308219
2018-10-11,148.13336181640625,148.13336181640625,145.6703367980812,146.02219751498478,15727317
2018-10-12,154.81869506835938,155.5224164095792,147.78148165616122,147.78148165616122,7413236
2018-10-15,155.52243041992188,159.39289814530454,152.0038233968467,153.7631269083843,7201028
2018-10-16,156.22616577148438,159.74477310867996,156.22616577148438,156.57802650520392,3697987
2018-10-17,157.98545837402344,159.39290121031763,157.6335976649499,158.68917979217053,3131048
2018-10-18,158.33731079101562,159.74475355360244,157.63358940972222,158.33731079101562,2586243
2018-10-19,156.57801818847656,156.57801818847656,153.7631324682343,155.874296758416,3881788
2018-10-22,155.87428283691406,157.6335862549379,154.81870078609973,155.1705614697045,2304109
2018-10-23,150.59637451171875,156.22614552150262,150.59637451171875,154.81870276905667,3750442
2018-10-24,150.59637451171875,152.00381726416472,144.96660350193488,149.18893175927278,5893975
2018-10-25,147.78147888183594,149.18892153785342,144.96659356980098,146.02217556181407,6389358
2018-10-26,142.1517333984375,150.2445301018139,141.09615121973624,149.18894792311264,8450095
2018-10-29,146.3740692138672,146.3740692138672,140.39243657772357,144.96662624065692,7011609
2018-10-30,145.67031860351562,149.18892533306914,144.96659725760492,147.077761295337,3914023
2018-10-31,160.0966339111328,160.0966339111328,148.4852296934023,149.18895116114354,10063937
2018-11-01,157.28175354003906,161.1522217479595,153.7631460782932,159.74477876326114,9439080
2018-11-02,160.0966339111328,162.20779831435652,157.98546950790907,159.39291244339157,7303536
2018-11-05,161.85592651367188,161.85592651367188,157.6335979959239,158.6891801253609,4228811
2018-11-06,161.85592651367188,167.48569787066916,159.39290154498556,164.3189514823582,5864560
2018-11-07,165.37452697753906,166.07824836893283,161.85592002057012,161.85592002057012,3622354
2018-11-08,165.37452697753906,168.89313393450797,163.9670841947515,168.18941254311417,3624731
2018-11-09,160.8003387451172,165.02266711479203,159.39289595522555,165.02266711479203,4578760
2018-11-12,165.02267456054688,165.7263959872443,159.74476386031614,160.44848528701357,4708588
2018-11-13,162.5596466064453,164.67081084808746,159.3929002439821,160.0966216578628,4335995
2018-11-14,161.85592651367188,163.96709077254584,161.15220509404722,162.55964793329653,2604260
2018-11-15,162.9114990234375,165.374523846686,161.50405626729548,162.9114990234375,2904993
2018-11-16,154.81869506835938,160.4484657981179,154.81869506835938,158.33730177445844,8579017
2018-11-19,157.28175354003906,158.33733577856282,154.81872831681696,156.2261713015153,3132386
2018-11-20,158.33731079101562,158.68917148166233,155.1705645751953,156.5780073377821,3009250
2018-11-21,156.92987060546875,157.9854526947432,154.81870642691985,156.92987060546875,3603281
2018-11-22,156.57801818847656,158.33732176362798,156.22615747344628,157.28173961853713,2248076
2018-11-23,156.22616577148438,157.63360870636262,156.22616577148438,157.63360870636262,1497480
2018-11-26,160.448486328125,162.20778990628426,156.92987917180648,157.63360060307016,3783404
2018-11-27,163.2633819580078,163.2633819580078,158.3373316403093,160.44849606218008,3213824
2018-11-28,166.4301300048828,166.4301300048828,162.55966186523438,163.26338334517047,3988176
2018-11-29,162.9114990234375,169.94871280414753,162.9114990234375,168.89313073704105,4820111
2018-11-30,167.13385009765625,167.48571083470395,162.5596605160362,163.96710346422697,6659593
2018-12-03,172.76361083984375,173.81919298346804,170.65244655259517,171.0043072671366,7403178
2018-12-04,177.33779907226562,177.68965978471059,172.411749098036,174.52291337270586,9478331
2018-12-05,172.05987548828125,173.81917891863176,171.70801480221112,173.46731823256167,4806496
2018-12-06,161.50405883789062,168.54127273060917,161.1521981432547,168.18941203597325,8273167
2018-12-07,164.31895446777344,166.43011876500393,163.61523303536327,164.31895446777344,4605911
2018-12-10,161.15220642089844,164.67081354799228,160.44848499547967,161.50406713360783,3089071
2018-12-11,160.448486328125,161.50406847502055,159.0410434655976,159.74476489686128,2707930
2018-12-12,163.9670867919922,165.37452959707366,161.85592258436998,162.91150468818108,2520059
2018-12-13,167.13385009765625,167.48571083470395,164.31896420127467,164.31896420127467,2655290
2018-12-14,166.0782470703125,168.8931326138771,163.96708291263903,168.18941122798594,3424139
2018-12-17,165.37452697753906,168.18941254311417,164.67080558614526,168.18941254311417,2126768
2018-12-18,165.02267456054688,166.43011741394173,164.31895313384945,164.67081384719816,2176231
2018-12-19,166.0782470703125,166.0782470703125,163.61522221969346,163.61522221969346,2708347
2018-12-20,158.33731079101562,162.55963907877603,157.28172871907552,161.50405700683595,9002120
2018-12-21,157.28175354003906,159.04105727091198,155.8743105553407,157.63361428621363,4508734
2018-12-24,158.33731079101562,158.68917148166233,156.5780073377821,157.28172871907552,1674367
2018-12-25,155.52243041992188,156.22615182453688,154.1149876106918,155.52243041992188,1528188
2018-12-26,154.81869506835938,157.28171976262874,154.81869506835938,156.226137750799,897303
2018-12-27,158.33731079101562,159.74475355360244,156.9298680284288,157.98545010036892,2969386
2018-12-28,161.50405883789062,161.50405883789062,157.2817305022595,157.2817305022595,3415320
2019-01-02,155.17056274414062,161.50405510104434,155.17056274414062,161.50405510104434,4284014
2019-01-03,157.28175354003906,159.04105727091198,155.52244980916615,157.63361428621363,3718829
2019-01-04,152.70753479003906,153.76311682775824,150.24451003536103,153.76311682775824,5603944
2019-01-07,154.114990234375,155.8742937758633,153.059408109482,155.52243306756563,7008819
2019-01-08,156.22616577148438,156.57802650520392,153.76314063544746,155.52244430404525,4626012
2019-01-09,159.04104614257812,162.91151407967627,157.6336032563606,158.68918542102375,8817353
2019-01-10,159.04104614257812,160.44848902879562,156.92988181325185,159.04104614257812,2881535
2019-01-11,160.0966339111328,161.15221611274467,159.04105170952096,159.74477317726218,2023139
2019-01-14,162.9114990234375,164.67080246861502,161.855916956331,162.9114990234375,4203075
2019-01-15,163.9670867919922,164.31894749326256,162.91150468818108,164.31894749326256,4528299
2019-01-16,166.78196716308594,167.4856885435209,163.26336026091113,163.9670816413461,4396761
2019-01-17,166.78196716308594,168.18940992395588,165.02266371199855,167.13382785330342,2919704
2019-01-18,171.70802307128906,172.059883774304,168.1894160411397,168.54127674415463,6656676
2019-01-21,172.05987548828125,175.22662166291218,171.35615411614103,173.81917891863176,4437388
2019-01-22,170.30056762695312,174.52289574993543,169.59684627312274,173.46731371918986,4435260
2019-01-23,169.59686279296875,169.59686279296875,166.7819771034589,169.24500208178003,3064991
2019-01-24,172.05987548828125,174.522900290772,170.3005720579307,170.65243274400083,6357578
2019-01-25,174.5229034423828,175.5784855196553,172.41173928783786,173.46732136511034,6383195
2019-01-28,174.874755859375,175.2266165351484,173.46731315628145,174.17103450782824,3686061
2019-01-29,172.76361083984375,174.52291441255093,171.70802869621946,172.41175012530232,4277832
2019-01-30,171.0043182373047,172.76362192287368,169.9487360259633,172.76362192287368,5074048
2019-02-11,182.61570739746094,182.61570739746094,175.57849323956262,177.6896574869321,19458668
2019-02-12,181.20823669433594,182.61567930943758,180.1526547330097,180.85637604056052,5978205
2019-02-13,182.26385498046875,184.02315859997134,180.50455136096616,182.61571570436925,5523900
2019-02-14,179.80081176757812,182.26383658631207,179.80081176757812,180.8563938327498,3051493
2019-02-15,177.33779907226562,181.5601276216053,176.28221693493072,179.09710263449048,4364578
2019-02-18,178.39337158203125,179.0970929689426,176.63406811475284,179.0970929689426,3331721
2019-02-19,175.93035888671875,177.68966247558595,175.22663745117188,177.3378017578125,3357988
2019-02-20,179.80081176757812,181.56011520953095,176.9859262604536,176.9859262604536,7741067
2019-02-21,182.26385498046875,182.61571570436925,178.39338701756304,178.74524774146354,6115313
2019-02-22,185.78245544433594,190.70850539929938,182.61570904471657,182.96756975578538,16461969
2019-02-25,198.80128479003906,198.80128479003906,190.35662844497546,190.7084891260198,20111509
2019-02-26,194.5789794921875,206.19038333168513,194.5789794921875,199.50502960591376,15256458
2019-02-27,197.0419921875,198.44943498883927,192.81966378348213,197.0419921875,9345510
2019-03-04,194.93084716796875,199.50503672245176,194.93084716796875,197.04201157773014,7891170
2019-03-05,192.1159210205078,196.33824895502445,191.41219969808836,193.8752243265564,5726149
2019-03-06,197.0419921875,198.09757428850446,192.81966378348213,192.81966378348213,9119054
2019-03-07,192.81967163085938,196.3382787774079,191.76408948689482,195.28269663344332,4456436
2019-03-08,188.2454833984375,191.06036913149825,187.1899012485397,190.00478698160046,7604720
2019-03-11,190.0048065185547,191.76411028261538,188.245502754494,188.245502754494,3485628
2019-03-12,190.3566436767578,194.22711147794882,190.00478296755864,193.17152935035128,4929135
2019-03-13,192.1159210205078,192.46778168171753,189.30103573083005,190.00475705324948,2627183
2019-03-14,191.76409912109375,195.63456717674885,191.06037765642918,191.41223838876147,4932937
2019-03-15,194.2271270751953,194.93084855010542,192.46782338792,192.81968412537506,4467807
2019-03-18,195.63458251953125,198.09760783902175,194.2271394798224,197.04202555924013,4328819
2019-03-19,193.875244140625,194.93082623213476,191.4122192604356,194.57896553496485,5706614
2019-03-20,193.17153930664062,193.87526076130965,192.11595712463713,193.87526076130965,3167594
2019-03-21,195.28268432617188,196.69012709609024,193.17152017129433,193.17152017129433,4524736
2019-03-22,199.85687255859375,201.26431532309087,196.33826564735088,197.04198702959945,13172848
2019-03-25,194.5789794921875,196.3382831042326,194.22711876977849,194.5789794921875,5459643
2019-03-26,197.74569702148438,198.09755769234113,195.98639366720073,196.33825433805745,3638168
2019-03-27,196.69015502929688,197.39387651419597,195.63457280194822,197.04201577174643,2680720
2019-03-28,194.5789794921875,199.50502960591376,194.5789794921875,195.9864223818236,4616705
2019-03-29,198.80128479003906,198.80128479003906,194.9308172985516,196.33826002272886,5403033
2019-04-01,200.91246032714844,201.96804243044343,199.85687822385344,200.20873892495177,6930601
2019-04-02,204.4310760498047,205.13479748198992,202.67177246934165,204.07921533371209,9730324
2019-04-03,204.4310760498047,205.13479748198992,201.96805103715644,203.72735461761948,6655692
2019-04-08,207.24595642089844,207.24595642089844,203.37548864393767,203.37548864393767,8345644
2019-04-09,210.7645721435547,211.11643286499634,204.78293987904647,206.89410420769642,9914612
2019-04-10,211.11643981933594,214.28318641662597,209.708996887207,211.1164398193359,12409630
2019-04-11,205.13478088378906,213.2275766991015,204.78292019616677,209.7089698228787,12174619
2019-04-12,206.54222106933594,209.00524585210485,205.48663901957784,206.89408175258862,6379713
2019-04-15,208.65338134765625,210.41268473170058,207.94965999403854,209.70896337808284,7192887
2019-04-16,211.11643981933594,212.1720220184326,209.35713615417478,210.41271835327146,8003479
2019-04-17,203.0236053466797,210.41267937142885,202.31988401098928,207.24593336082208,19673897
2019-04-18,204.7829132080078,206.54221658608347,203.37547050554727,203.7273311811624,10977862
2019-04-19,204.07919311523438,206.89407853751345,203.0236110818797,206.54221785972857,3333798
2019-04-22,203.37550354003906,206.54225013495315,203.02364280727082,205.48666793664844,3197270
2019-04-23,204.07919311523438,204.43105379301926,200.5605863373855,204.43105379301926,4918551
2019-04-24,203.72735595703125,205.48665954906087,201.9680523650016,205.48665954906087,3863399
2019-04-25,202.67176818847656,204.78293244043985,201.26432535383435,203.72735031445822,3703193
2019-04-26,204.07919311523438,204.07919311523438,199.50500430403085,201.26430769295527,3850978
2019-04-29,202.31991577148438,205.1348015561311,201.61619432532268,203.72735866380773,4219363
2019-04-30,207.9496612548828,207.94966125488278,201.96802971286417,204.0791937865178,8621796
2019-05-02,209.70896911621094,216.39432215850624,209.70896911621094,216.39432215850624,21971303
2019-05-03,217.44992065429688,218.15364208036254,211.82014924577138,213.93131352396844,18605013
2019-05-06,215.33876037597656,215.33876037597656,211.82015318029067,213.93131749770222,12178296
2019-05-07,218.8573455810547,220.26478831791036,216.04246010734337,217.44990284419904,12299811
2019-05-08,218.15362548828125,218.8573468608241,214.28315793929562,216.74618274319556,9096385
2019-05-09,211.11643981933594,220.96854034423828,211.1164398193359,218.8573759460449,9556606
2019-05-10,210.06085205078125,214.98690218262539,206.1903840900466,213.22759856410963,7160414
2019-05-13,201.61614990234375,211.1163873322971,200.91242861123607,211.1163873322971,8021402
2019-05-14,203.37550354003906,203.37550354003906,194.5789852208332,196.33828888467437,8106651
2019-05-15,204.07919311523438,206.54221785972857,202.31988972630992,204.07919311523438,5782386
2019-05-16,202.67176818847656,205.48665385776096,201.26432535383435,204.07921102311875,4927890
2019-05-17,204.7829132080078,208.65338063977427,203.37547050554727,205.13477388362293,8935427
2019-05-20,204.07919311523438,206.19035718194368,201.61616837074016,205.13477514858903,5080134
2019-05-21,204.4310760498047,205.83851891417513,201.61619032106384,201.96805103715644,5504726
2019-05-22,202.31991577148438,204.43108010996943,201.61619432532268,204.07921938688858,3821414
2019-05-23,205.4866485595703,207.59781275710014,203.37548436204048,204.7829271603937,9875909
2019-05-24,201.96804809570312,207.245958760225,201.2643266737669,207.245958760225,5171759
2019-05-27,197.74569702148438,203.0236070843354,194.57895098377378,201.9680250717652,7623986
2019-05-28,197.3938751220703,199.50503956187856,196.69015364213425,199.15317882191053,7631484
2019-05-29,197.3938751220703,197.3938751220703,193.52340698242188,195.2827106822621,5039512
2019-05-30,208.65338134765625,210.06082405489173,200.20872510424354,200.20872510424354,10940177
2019-05-31,218.8573455810547,220.26478831791036,209.0052464230651,210.06082847570684,15580408
2019-06-03,220.9685516357422,222.72785539080382,213.93133661549564,217.09808337460657,13144705
2019-06-04,218.8573455810547,223.7833951600495,218.8573455810547,222.37595242319384,8772745
2019-06-05,220.26483154296875,224.83902133539462,219.9129707897052,223.07971756907696,9334896
2019-06-06,216.04248046875,219.56108764250814,214.98689831662256,219.56108764250814,6168786
2019-06-10,222.37599182128906,222.72785256784175,218.153662862657,220.26482734197305,8082018
2019-06-11,216.74618530273438,220.96851358785258,216.74618530273438,218.15362806444045,8924969
2019-06-12,217.80178833007812,219.9129526757655,215.69062398439078,217.09806688151568,4458590
2019-06-13,217.80178833007812,222.72783847001529,217.09806688151568,217.80178833007812,6906886
2019-06-14,216.04248046875,219.91294835988396,215.33875903399837,218.8573662077565,4800518
2019-06-17,211.46827697753906,216.04246599701995,211.11641628373286,214.63502322179508,6753100
2019-06-18,217.0980682373047,217.44992896378332,213.93132169899718,213.93132169899718,6585570
2019-06-19,217.0980682373047,221.67225768152667,216.39434678434748,221.32039695504807,8115800
2019-06-20,218.15362548828125,220.26478960590978,216.74618274319556,218.8573468608241,4674213
2019-06-21,220.61663818359375,222.37594151839113,218.15361351487738,219.5610561827153,9233348
2019-06-24,222.0240936279297,222.0240936279297,218.1536260686472,219.2092081302697,4462509
2019-06-25,219.20924377441406,221.6722689853625,217.449940052308,220.6166867520989,3262743
2019-06-26,218.50550842285156,220.2648120333415,217.80178697865557,219.91295131124352,3335968
2019-06-27,220.26483154296875,222.02413530928638,219.9129707897052,220.9685530494958,5353416
2019-06-28,220.9685516357422,222.02413388877918,218.8573871296682,220.9685516357422,4236184
2019-07-01,220.9685516357422,223.07971614181616,219.9129693827052,221.67227313776684,8268252
2019-07-02,224.48712158203125,224.48712158203125,220.61665396854795,220.96851466068279,7758935
2019-07-03,223.4315643310547,229.76505749319483,222.37598213736467,226.59831091212476,8818515
2019-07-04,224.48712158203125,225.54270365843578,223.43153950562672,225.19084296630095,4090644
2019-07-05,225.89454650878906,226.59826783747687,224.1352431870695,224.8389645157573,6690938
2019-07-08,227.34262084960938,228.42865247787185,225.89457867859275,225.89457867859275,5706740
2019-07-09,226.98060607910156,228.7906587591582,226.61859554309024,227.7046271511242,3738897
2019-07-10,230.2386932373047,230.96271428522076,228.42864061751456,229.51467218938865,4383939
2019-07-11,233.49676513671875,234.58279660247095,230.96269171663033,231.68671269379846,6720950
2019-07-12,230.2386932373047,233.1347774289689,230.2386932373047,232.77276690501088,3205923
2019-07-15,227.70460510253906,230.96269961116045,226.98058410062322,230.60068911020252,5194708
2019-07-16,227.34262084960938,229.87669464888847,226.61859976410108,228.42865247787185,5075568
2019-07-17,224.44651794433594,227.3426020468435,223.36048640589559,226.61858102121658,6807470
2019-07-18,218.6543426513672,225.1705316707788,217.93032164921033,225.1705316707788,9600433
2019-07-19,220.4644012451172,222.99847482264727,219.01635920081426,222.63646431157153,7333715
2019-07-22,223.36048889160156,224.08450992528586,221.1884257905487,221.55043630739084,7018764
2019-07-23,227.70460510253906,228.066615603497,224.44651059391768,224.44651059391768,7586407
2019-07-24,222.99847412109375,228.42863177014638,222.63646361115693,228.06662126020953,8478357
2019-07-25,226.6186065673828,226.6186065673828,222.99850103116265,224.44654324565073,5465905
2019-07-26,226.98060607910156,228.06663768713554,222.99849018297698,224.08452179101096,4494969
2019-07-29,230.96270751953125,231.32471803288476,224.44651827916832,225.1705393058753,9083924
2019-07-30,235.6688232421875,237.47887564804148,232.04871843047954,233.13474987399192,17119494
2019-07-31,227.70460510253906,233.13476261690803,223.7224895920018,233.13476261690803,17759819
2019-08-01,227.34262084960938,237.11690550397157,227.34262084960938,230.23870519164262,24478906
2019-08-02,228.79066467285156,229.15267521822,224.08452758306188,224.80854867379878,13587337
2019-08-05,225.8945770263672,228.4286508071117,223.72251378572906,226.61859810657992,9440893
2019-08-06,223.72251892089844,226.61860330822398,220.1024134367415,220.8264345335729,10117433
2019-08-07,230.2386932373047,231.32472480917878,226.2565774737664,226.61858799772443,13326307
2019-08-08,229.1526641845703,232.048748408072,227.7046220728195,229.1526641845703,7096959
2019-08-12,233.85879516601562,233.85879516601562,230.23868997768722,230.60070049652006,8148041
2019-08-13,230.2386932373047,233.1347774289689,229.51467218938865,232.77276690501088,3973869
2019-08-14,231.32473754882812,233.85881135609227,230.60071646103836,233.1347902683025,3991080
2019-08-15,229.1526641845703,229.51467471250803,226.98060101694406,227.7046220728195,5250867
2019-08-16,233.13479614257812,234.94484890766026,229.51469061241386,229.51469061241386,7821353
2019-08-19,255.5794219970703,255.5794219970703,236.39286482165284,237.47889635988403,30578217
2019-08-20,254.13140869140625,256.30347201355505,251.23532426187455,254.49341924509773,13464762
2019-08-21,251.2353057861328,258.1135058004506,251.23530578613284,254.13139000268768,10778561
2019-08-22,249.7872772216797,254.8554248754529,247.97722448818928,252.6833615952644,8555639
2019-08-23,247.97718811035156,254.85538748859489,247.97718811035153,251.59729304626907,6822420
2019-08-26,248.33924865722656,249.42528035689372,243.27110072544642,244.35713242511358,5118378
2019-08-27,250.14930725097656,251.95936012544095,248.3392543765122,251.2353389756552,8036958
2019-08-28,264.9917297363281,266.07776141557537,257.0274974218483,257.3895079815974,20997331
2019-08-29,264.62969970703125,264.99171024014623,261.7336154421116,263.90567864080134,8415969
2019-08-30,266.0777282714844,270.4218544473453,264.26767569820896,268.24979135941487,10421568
2019-09-02,268.24981689453125,268.9738379927621,263.5436797560307,266.0777535998387,5317803
2019-09-03,263.5436706542969,268.24980763026645,262.8196495810708,268.24980763026645,4462940
2019-09-04,264.2677001953125,267.16378458101457,262.09563690603596,264.2677001953125,6296489
2019-09-05,266.0777282714844,267.5257703301047,263.9056651835539,266.80174930079454,4485683
2019-09-06,271.1458740234375,273.6799476124416,266.4397373581442,268.6118004344334,13658238
2019-09-10,273.6800231933594,276.5761080948764,271.8699701299112,275.1280656441179,9046222
2019-09-11,271.1458740234375,274.7659791505862,269.697831972578,272.2319055615821,7368588
2019-09-12,271.50787353515625,277.30004150390624,270.05983154296877,275.85199951171876,9749513
2019-09-16,276.5760498046875,278.3861024866553,271.86991283157107,271.86991283157107,10976486
2019-09-17,277.29998779296875,280.9200920722503,276.9379773650406,278.74802950468137,8723754
2019-09-18,276.5760498046875,278.0240919502618,274.4039865863261,277.30007087747464,7371028
2019-09-19,275.489990234375,280.9201477291393,275.489990234375,280.1961267298374,7618232
2019-09-20,279.8341369628906,280.9201685423068,276.2140316981702,276.2140316981702,9000253
2019-09-23,280.920166015625,283.09222915492103,278.3860923531129,279.1101133995449,4616257
2019-09-24,280.1961669921875,281.6442091988655,278.38611423384003,280.9201880955265,4040265
2019-09-25,275.12799072265625,278.74809586374386,274.40396969443873,276.93804329320005,8943671
2019-09-26,272.2319030761719,278.0240712267287,270.7838610385326,276.57602918908947,8219250
2019-09-27,267.1637878417969,273.67997778915776,266.80177728916567,272.2319355786331,9126978
2019-10-01,272.5939636230469,272.5939636230469,267.1638049851376,267.5258155609982,7399613
2019-10-02,269.3358459472656,271.86991976666195,269.3358459472656,270.7838881297778,3950924
2019-10-03,274.7660217285156,275.85205343495244,266.07776807702106,269.3358631963315,8891382
2019-10-04,279.1101379394531,280.19616960458717,276.5760640541403,276.938074609185,7691915
2019-10-07,278.02410888671875,280.9201933542887,276.2140560944875,279.83416167894995,5092932
2019-10-08,278.38604736328125,279.1100682927046,277.3000159691462,278.0240368985696,5088917
2019-10-09,269.3358459472656,276.93806740545455,269.3358459472656,276.5760568598265,8426727
2019-10-14,268.24981689453125,271.5079118365701,266.4397641489541,268.6118274436467,14688516
2019-10-15,265.7157287597656,268.97382352657473,264.9917077004747,267.8877919376384,9994456
2019-10-16,260.6475524902344,269.33580423990884,259.92353151109484,267.88776228162976,12208364
2019-10-17,268.61181640625,269.33583747473045,262.09562678992586,263.54366892688677,8885926
2019-10-18,267.8877868652344,270.78387104756126,267.16376581965267,270.42186052477035,5956854
2019-10-21,267.1637878417969,271.1459039207396,266.80177728916567,270.05987226284617,4570574
2019-10-22,268.97381591796875,269.33582643737384,266.07773176272815,267.52577384034845,4971040
2019-10-23,269.3358459472656,269.3358459472656,266.43976158224126,268.2498143103815,4064705
2019-10-24,276.2140197753906,276.2140197753906,272.23190415608616,272.59391466693205,12750908
2019-10-25,274.40399169921875,279.4721393031621,274.40399169921875,278.7481182168845,8223640
2019-10-28,280.1961669921875,280.1961669921875,275.8520403721536,276.9380720271621,7243786
2019-10-29,284.540283203125,286.3503358952569,279.1101251267295,284.540283203125,13551380
2019-10-30,287.0743408203125,288.8843934106045,282.00619356749485,284.5402671939037,11199167
2019-10-31,295.40057373046875,298.2966577866498,286.35031105490293,287.0743320689482,24038661
2019-11-01,293.2285461425781,299.38272550606433,292.1425144901982,296.8486516505112,10009206
2019-11-04,298.29669189453125,298.29669189453125,292.86653366829586,293.22854421671155,8229135
2019-11-05,307.708984375,308.4330055147059,297.9346989889706,297.9346989889706,11961184
2019-11-06,314.2251281738281,314.2251281738281,306.26089681458365,308.0709493962301,13339309
2019-11-07,307.708984375,312.0531112132353,304.81289981617647,309.88104779411765,11874714
2019-11-08,299.7447509765625,309.8810469033062,297.5726875636889,307.7089834904325,13226485
2019-11-11,292.1424865722656,298.2966653476417,291.780476056067,298.2966653476417,8447587
2019-11-12,296.8486328125,298.6586854516006,293.2285275342988,293.2285275342988,5316072
2019-11-13,295.40057373046875,300.106710321763,292.5044896742877,292.5044896742877,4982554
2019-11-14,297.210693359375,299.02074630309835,293.2285768831836,296.48667218188564,4877989
2019-11-15,305.5368957519531,308.43298007187684,299.3827165721152,299.7447271121057,9736952
2019-11-18,303.7268371582031,304.81286875710015,301.5547739604091,303.00281609227176,3777538
2019-11-19,304.8128356933594,306.26087766814965,301.9167517437787,304.0888147059642,3798032
2019-11-20,300.1067199707031,304.8128567133076,299.0206884147175,304.8128567133076,6027873
2019-11-21,294.6766052246094,298.6587215114284,288.1604149370873,296.84866865378336,11718815
2019-11-22,297.5726318359375,298.2966528379714,292.5044848217001,292.5044848217001,7319917
2019-11-25,303.0028076171875,305.8988917999085,301.1927550029868,304.08883918570785,9091715
2019-11-26,304.0888671875,309.51902553013394,303.0028355189732,307.70897274925596,11090564
2019-11-27,305.8988952636719,308.4329689522467,304.0888426289756,306.9849268444897,5952772
2019-11-28,312.4150695800781,313.1390905988037,306.2608909209109,307.708932958362,9884036
2019-11-29,305.17486572265625,316.39719174567205,304.0888341720418,314.2251286444432,11552430
2019-12-02,301.5547790527344,307.7089582170759,298.29668420102416,303.00282120905007,6767586
2019-12-03,302.64080810546875,307.7089556096273,301.5547764974348,301.5547764974348,7340205
2019-12-04,307.346923828125,307.346923828125,301.55475565232996,302.6407871852915,6065565
2019-12-05,304.0888671875,308.43299386160714,304.0888671875,307.70897274925596,5727907
2019-12-06,300.46875,305.53689759036143,300.46875,304.4508659638554,5191845
2019-12-09,308.79498291015625,309.51900397207925,302.64080388381086,303.3648249457338,7316273
2019-12-10,307.708984375,309.15702665441177,306.6229526654412,309.15702665441177,3291268
2019-12-11,310.6050109863281,310.6050109863281,306.2608849585473,306.2608849585473,3798435
2019-12-12,309.5190124511719,313.13911785995754,308.79499136941473,311.69107569644325,6398487
2019-12-13,313.1391296386719,314.2251613021586,309.8810346482117,311.69108742068954,8981136
2019-12-16,320.0173034667969,321.103335039648,313.50111402969014,315.3111666511087,46360
2019-12-17,333.41168212890625,335.945755717291,320.74131418698255,321.46533521223535,16791241
2019-12-18,330.5155944824219,333.0496680436234,327.9815209212204,333.0496680436234,11668129
2019-12-19,329.06756591796875,330.1535974886551,326.895502776596,329.79158696509296,9032898
2019-12-20,322.9133605957031,329.06753899270643,320.0172766441721,329.06753899270643,14087688
2019-12-23,325.08544921875,325.8094702637806,320.0173019035356,322.55137556114283,3462155
2019-12-24,322.18939208984375,324.36145540730337,321.8273815369338,324.36145540730337,3108958
2019-12-25,327.2574768066406,327.981497773027,321.4653090755496,321.4653090755496,2911788
2019-12-26,325.08544921875,333.41169123660217,325.08544921875,332.68767019157156,5855027
2019-12-27,323.2754211425781,327.6195477424784,322.91341059258644,326.89552664249504,4173840
2019-12-30,323.2754211425781,323.99944224256154,322.1893894926031,323.2754211425781,2869387
2019-12-31,321.10333251953125,323.2753956481865,319.29327991231855,321.10333251953125,5710571
2020-01-02,319.6553039550781,322.91339878587735,318.9312828815672,322.18937771236637,6237434
2020-01-03,314.5871276855469,322.55135876619363,306.26088610123435,322.18934826252786,12375266
2020-01-06,306.98492431640625,312.41508217577666,306.98492431640625,309.88100850807047,8448516
2020-01-07,308.4329833984375,312.05308883738627,302.64081469611943,309.88102557401703,11707155
2020-01-08,311.6910705566406,316.0351969755485,306.98493360282373,308.4329757424597,9695448
2020-01-09,316.397216796875,317.84525897901176,313.1391218870674,314.9491746147383,6951194
2020-01-10,312.777099609375,319.2932891845703,308.43297322591144,318.2072575887044,7683248
2020-01-13,305.5368957519531,314.94916979170523,305.5368957519531,312.7771065517624,10239998
2020-01-14,301.1927795410156,307.3469589306758,298.658705674685,305.898916721344,19437055
2020-01-15,301.1927795410156,303.36484285501336,294.3145790466896,296.1246318083543,25888092
2020-01-16,304.8128356933594,306.62288816184724,300.46870976898845,303.36479371856905,13075722
2020-01-17,304.4508361816406,309.88099378297784,303.0027941546174,309.88099378297784,8525316
2020-01-20,303.36480712890625,305.53687018710843,301.9167650901048,304.8128491677077,5654773
2020-01-30,277.662109375,289.9704688518579,276.9380882293025,289.60845827900914,22330256
2020-01-31,280.920166015625,284.5402712477851,276.57603973703283,278.7481028763289,10276123
2020-02-03,276.5760498046875,280.1961551686232,270.0598601496032,272.5939339043582,10441301
2020-02-04,282.730224609375,316.75921451114357,282.730224609375,315.3111723876641,9425276
2020-02-05,275.8520202636719,282.73022024399967,274.0419676372698,282.73022024399967,16153382
2020-02-06,276.5760498046875,282.73022892337815,275.1280076591132,275.85202873190036,10150866
2020-02-07,275.8520202636719,279.11011499119553,274.40397816255023,275.49000973839145,10226510
2020-02-10,275.12799072265625,279.83412740607014,271.5078855815687,273.31793815211245,10628172
2020-02-11,282.36822509765625,283.45425673264725,276.57605637770433,276.57605637770433,11236133
2020-02-12,290.6944885253906,292.14253080945235,285.98835110219005,288.1604145282826,13580808
2020-02-13,295.7625732421875,298.29664669713895,294.31453126792957,295.7625732421875,15438270
2020-02-14,293.5905456542969,295.400598340205,292.1425035055704,294.6765772658418,9177582
2020-02-17,288.160400390625,289.24643205038865,285.26431596458855,287.79838983737045,9199824
2020-02-18,283.8162536621094,287.07434841078157,283.8162536621094,285.26429577263036,7500223
2020-02-19,281.2821960449219,286.7123542697273,280.55817494828113,285.9883331730866,9008260
2020-02-20,285.2642822265625,285.2642822265625,280.55814559084513,283.4542296743635,8177571
2020-02-21,280.920166015625,285.2642922942171,280.920166015625,285.2642922942171,7800080
2020-02-24,272.95587158203125,278.3860281784908,272.2318507025033,276.9379864194349,13066425
2020-02-25,274.04193115234375,277.30002544609687,268.6117739960886,271.1458473356743,10230047
2020-02-26,271.50787353515625,275.127978515625,270.05983154296877,271.50787353515625,10856144
2020-02-27,260.6475524902344,273.67993011474607,260.6475524902344,272.231888156467,14733370
2020-03-02,262.81964111328125,266.4397463627755,255.94144113924222,257.75149376398934,11499602
2020-03-03,269.3358459472656,274.0419830404302,268.61182485600955,270.0598670385217,10014005
2020-03-04,268.24981689453125,269.69785909099295,263.5436797560307,268.9738379927621,10894688
2020-03-05,278.74810791015625,278.74810791015625,272.23191837459416,273.3179499638545,10735601
2020-03-06,274.04193115234375,276.9380149690132,272.59388924400906,275.12796258359475,7373406
2020-03-09,265.3537292480469,268.61182415013747,261.37161325660276,266.8017714267538,11472891
2020-03-10,270.4218444824219,270.4218444824219,262.09560295217324,263.18163445611873,11832469
2020-03-11,262.81964111328125,272.9559358118651,262.0956200633824,270.42186213721914,9371669
2020-03-12,243.27110290527344,259.5615785462516,243.27110290527347,257.751525697254,19239208
2020-03-13,246.89117431640625,251.95932158976356,220.82641691056864,222.63646950819626,23633277
2020-03-16,231.68673706054688,247.97721076011658,231.68673706054688,241.09901075363157,12157253
2020-03-17,228.42861938476562,237.84089213279083,222.9984620301357,222.9984620301357,14275860
2020-03-18,218.29237365722656,232.77279645372585,218.29237365722656,228.42866961477606,14031612
2020-03-19,198.38177490234375,216.12029127134892,197.6577538260578,210.69013319920447,25712419
2020-03-20,217.93032836914062,217.93032836914062,207.79403402638988,214.31022324672963,17041676
2020-03-23,222.99847412109375,227.34260024033586,214.3102218826096,222.27445310122008,20264004
2020-03-24,238.92694091796875,245.08111969918914,236.0308567856297,243.27106711647727,13337078
2020-03-25,242.18504333496094,255.57943287665532,238.9269485815758,251.9593275951163,20283591
2020-03-26,248.70123291015625,249.78726449491677,237.47890653429766,245.44313815587472,11554093
2020-03-27,246.1671600341797,260.2855706831988,243.63308632794548,260.2855706831988,13224545
2020-03-30,243.63308715820312,243.6330871582031,233.85880282941932,238.56493972846337,10694349
2020-03-31,237.11691284179688,248.70125056841903,236.03088117992607,245.44315558280655,10806002
2020-04-01,241.8230438232422,241.8230438232422,235.66886456426747,241.09902273395105,6557209
2020-04-06,246.89117431640625,250.51127951166148,243.63307964067656,250.51127951166148,8234391
2020-04-07,251.2353057861328,253.40736894854896,250.51128473199412,251.95932684027153,8655322
2020-04-08,253.04534912109375,254.85540168991415,249.787254497217,250.51127552474517,6885590
2020-04-09,254.49339294433594,257.7514875908495,251.59730881410167,257.7514875908495,8237776
2020-04-10,253.40736389160156,255.2174164908273,251.959321812221,255.2174164908273,6619621
2020-04-13,254.49339294433594,256.6654560420116,252.32132984666023,252.68334036293953,7148004
2020-04-14,264.62969970703125,266.801762905721,255.94144691227237,256.3034574453873,13428196
2020-04-15,264.62969970703125,268.2498050381808,263.18165757457143,267.88779450506587,8618815
2020-04-16,261.73358154296875,264.6296654327941,261.0095605705124,261.3715710567406,6466648
2020-04-17,266.4397888183594,274.40402163629943,262.81968299202293,274.40402163629943,13317197
2020-04-20,267.8877868652344,270.42186052477035,265.3537132056984,268.6118079108161,5552576
2020-04-21,255.94143676757812,265.7157207742607,254.85540521128004,265.7157207742607,11227460
2020-04-22,250.51129150390625,254.85541794617052,247.61520720906339,253.4073757987491,12064371
2020-04-23,254.13140869140625,254.13140869140625,249.06326093972578,251.59733481556603,8791011
2020-04-24,252.3213348388672,255.5794295498425,251.95932431542548,254.1313874560757,6025467
2020-04-27,269.3358459472656,270.7838881297778,257.3894979415401,258.47552957842424,13194986
2020-04-28,271.50787353515625,271.50787353515625,263.18163208007815,271.1458630371094,10595852
2020-04-29,288.160400390625,289.6084426036432,279.83415766577025,289.6084426036432,31507975
2020-04-30,300.46875,300.83076054216866,293.2285391566265,298.2966867469879,21757679
2020-05-04,289.2464294433594,293.228545493268,288.16039779338433,292.5045243932846,11748303
2020-05-05,290.6944885253906,293.5905730935141,286.7123722442209,292.14253080945235,7287899
2020-05-06,295.40057373046875,296.4866052515366,290.6944371391745,293.22851068833296,8553772
2020-05-07,297.5726318359375,300.46871584407313,297.5726318359375,298.2966528379714,8084230
2020-05-08,297.9346618652344,302.64079868692096,297.9346618652344,300.46873553845023,6577964
2020-05-11,296.8486328125,300.83074861852134,294.67656964557926,300.83074861852134,6480940
2020-05-12,294.6766052246094,296.4866580822544,292.50454179543533,295.40062636766737,5093041
2020-05-13,304.0888671875,304.0888671875,294.67659272693453,295.76262439546133,10514740
2020-05-14,297.5726318359375,303.36479985220876,294.3145373267849,301.91675784814095,8304088
2020-05-15,297.5726318359375,300.8307263450901,292.86649532271707,299.7446948420392,5763797
2020-05-18,318.9312744140625,327.2575165383797,316.03519019690873,327.2575165383797,25249990
2020-05-19,334.49774169921875,335.94578387107686,331.60165735550254,334.8597522421833,21999164
2020-05-20,340.2898864746094,346.8060757900806,335.9457602642952,338.1178233694523,18417567
2020-05-21,336.3077697753906,341.7379275220331,333.411685643848,340.28988545626174,9007736
2020-05-22,320.0173034667969,329.4295770981733,318.56926136966206,323.27539818535024,15401024
2020-05-25,333.0497131347656,333.0497131347656,325.0854808641517,326.89553365292755,11317742
2020-05-26,333.0497131347656,338.8418820588485,331.6016709037449,333.0497131347656,6684259
2020-05-27,336.3077697753906,337.3938013247191,332.6876646109623,336.66978029183343,8149230
2020-05-28,333.0497131347656,339.5659031743589,328.3435758839483,338.8418820588485,10968535
2020-05-29,335.22174072265625,338.1178248757677,328.3435408590164,333.0496776078226,9537183
2020-06-01,334.1357116699219,340.28989054141556,333.0496801043642,338.8418484540053,8722266
2020-06-02,351.1502380371094,355.13235413856114,347.16812193565767,353.322301365174,17040745
2020-06-03,354.77032470703125,357.3043984549386,352.5982614945392,356.2183668486926,9435845
2020-06-04,354.77032470703125,356.9423879195233,348.97815614038586,351.15021935287785,8177190
2020-06-05,357.6663818359375,360.2004553914553,355.4943187883508,356.9423608200753,8352917
2020-06-08,358.0284118652344,365.630632946296,356.94238028222554,358.75243292057354,9669114
2020-06-09,360.200439453125,361.64848142077574,352.9602296148712,355.49430305826,7942284
2020-06-10,362.0105285644531,364.1825917358399,358.3904232788086,358.75243380737305,6677972
2020-06-11,359.4764404296875,368.5267032803846,359.1144299156596,362.0105140278827,10694186
2020-06-12,356.58038330078125,358.7524465493139,342.4619721853188,342.4619721853188,11862920
2020-06-15,356.58038330078125,365.63064683633405,356.58038330078125,360.5624992564245,7204482
2020-06-16,369.2507629394531,369.2507629394531,355.8563725191004,356.2183830710018,11665647
2020-06-17,369.2507629394531,373.5948895622702,365.63065742043887,369.97478404325597,6203179
2020-06-18,371.4228210449219,372.8708632322315,367.8027155766478,372.8708632322315,5395592
2020-06-19,395.3154602050781,405.4517540564904,375.0428725022536,376.4909144810268,21698522
2020-06-22,417.0361022949219,417.0361022949219,395.31547196706134,400.38361904356213,17770887
2020-06-23,415.5881042480469,430.0685259988499,404.00376684740445,419.9322307732878,15468824
2020-06-24,419.93218994140625,422.8282740099677,411.243937735722,414.1400218042834,9137582
2020-06-29,409.0718994140625,417.03613108407075,407.6238572922428,409.7959204749723,11967207
2020-06-30,419.20819091796875,419.20819091796875,411.24395931158244,411.96798036670845,9477547
2020-07-01,417.7601318359375,430.06848927304486,416.31208978451315,427.17240517019604,7577668
2020-07-02,415.5881042480469,421.3802729483681,414.86408316050677,417.7601675106673,6018098
2020-07-03,423.5523376464844,425.00037982647234,416.3121267465445,416.3121267465445,8709502
2020-07-06,434.24310302734375,434.24310302734375,427.60780943269845,432.7685933396448,7257983
2020-07-07,455.6235046386719,465.9450727049201,438.6666428155498,440.8784074011744,19356242
2020-07-08,487.32550048828125,496.90981441619,460.78432345714947,463.7333431272752,21759399
2020-07-09,479.95294189453125,488.8000007312968,471.8431379608295,487.32549092516916,17160954
2020-07-10,454.1490478515625,477.0039512337028,454.1490478515625,472.580421546837,16945547
2020-07-13,463.7333068847656,471.10585548388747,455.62350342573154,461.5215423050291,10446840
2020-07-14,450.4627685546875,462.99610254066084,449.72551361433614,462.2588476003094,9142920
2020-07-15,448.98822021484375,455.6235141096444,440.87841656564296,451.199984846444,14629162
2020-07-16,441.61572265625,451.2000371713272,441.61572265625,443.0902325816465,7417218
2020-07-17,447.5137634277344,448.2510183921952,439.40395881866505,440.87846874758674,8994459
2020-07-20,443.0902099609375,450.46275921153546,434.98040578527974,448.98824936141585,9008151
2020-07-21,469.63140869140625,474.0549384436016,451.2000347239256,451.2000347239256,15777808
2020-07-22,489.5372314453125,493.96076064511954,479.95291817906394,485.85095711213995,17852109
2020-07-23,499.1216125488281,506.49416221720077,481.42749334473376,485.11376817892005,17281987
2020-07-24,497.6470947265625,518.2902334707754,493.96081995081016,499.12160463686337,24419901
2020-07-27,536.7215576171875,543.3568515987187,509.443126804226,512.3921463515732,21292219
2020-07-28,501.3333740234375,562.5255358527688,501.3333740234375,546.3059266931871,36040539
2020-07-29,502.807861328125,511.6549204717284,491.7490373986208,503.54511625675866,14464939
2020-07-30,503.54510498046875,511.6549090138291,493.960791122861,505.75686971683973,13693896
2020-07-31,516.815673828125,521.2392031333586,493.96077241775146,499.85881149139624,14518563
2020-08-03,513.12939453125,547.7803737596535,512.39213965405,547.7803737596535,25733096
2020-08-04,539.6705322265625,539.6705322265625,516.0783778122866,518.2901422886249,19226303
2020-08-05,538.1961059570312,544.8314004140357,532.2980664396939,541.882380655367,13000226
2020-08-06,539.6705322265625,555.1528835609311,538.1960225756702,542.619551528347,12890678
2020-08-07,519.7646484375,542.6195478723404,519.0273936170213,538.1960189494681,14627882
2020-08-10,520.501953125,526.3999922538952,513.129404213881,513.129404213881,11142754
2020-08-11,510.91766357421875,521.9764874611067,509.4431537226337,514.6039382031814,9919208
2020-08-12,501.3333740234375,508.70592364142925,496.9098442526425,504.2823938706342,11113131
2020-08-13,504.28240966796875,517.5529993960731,494.69809486433775,516.0784894262838,11410405
2020-08-14,501.3333740234375,503.54513890883504,493.9608244054458,493.9608244054458,9672925
2020-08-17,505.0196533203125,507.9686731937158,499.12161357350595,504.28239835196166,6056362
2020-08-18,454.8862609863281,473.31763298739486,454.8862609863281,454.8862609863281,42330663
2020-08-19,448.98822021484375,461.521553127245,446.03920070604346,455.6235141096444,23597107
2020-08-20,416.5490417480469,450.4627690408082,406.2274725719891,444.5647295116323,34165307
2020-08-21,445.30194091796875,446.7764506561077,428.3450789293706,429.81958866750955,21528784
2020-08-24,431.29412841796875,442.3529522235577,429.81961857722354,441.6156973031851,14910954
2020-08-25,434.24310302734375,437.9293772465911,430.5568288080963,436.4548675588922,9904789
2020-08-26,426.1333312988281,432.0313704863552,422.4470568066237,431.2941155879143,10781130
2020-08-27,411.38824462890625,432.0313823522206,409.17647987283686,429.8196175961512,14917596
2020-08-28,423.184326171875,423.92158109551934,407.701972775343,411.3882473935649,13150295
2020-08-31,409.9137268066406,429.8196092235098,406.96470718932665,427.6078445105244,17151699
2020-09-01,424.6588439941406,425.3960989316305,407.70198043187463,412.1255100568136,10727355
2020-09-02,439.4039001464844,448.98821340471306,434.98037095037887,446.03919394064275,18844801
2020-09-03,444.56475830078125,453.4118181674635,440.8784833563303,452.6745631785733,13478883
2020-09-04,444.56475830078125,449.72554322301255,429.08240353408735,434.24318845631865,13800424
2020-09-07,440.87841796875,451.9372411619461,437.192143571018,448.250966764214,7040189
2020-09-08,445.30194091796875,452.6744896086636,440.8784117035518,443.8274311798298,6683057
2020-09-09,438.6666259765625,441.6156453108587,432.03133247439604,437.92937114298843,10096718
2020-09-10,441.61572265625,447.51376235783596,440.8784676935518,443.0902325816465,7278603
2020-09-11,438.6666259765625,444.56466464515495,432.03133247439604,440.87839047728465,7587495
2020-09-14,448.98822021484375,449.72547509204384,434.24312267084235,439.40390681124285,8675428
2020-09-15,450.4627685546875,452.67453337574165,444.56472903187654,448.9882586739848,7364558
2020-09-16,454.8862609863281,462.99606466679745,454.1490061062854,455.6235158663708,10590991
2020-09-17,441.61572265625,450.462782208629,437.19219288006053,449.7255272459307,12572944
2020-09-18,450.4627685546875,450.4627685546875,435.7176697476601,441.6157092704711,11400876
2020-09-21,454.1490478515625,460.04708743405035,449.72551816469667,452.67453795594054,8107351
2020-09-22,444.56475830078125,453.4118181674635,443.82750331189106,452.6745631785733,7610728
2020-09-23,454.8862609863281,456.36077074641344,448.9882219459867,448.9882219459867,6545842
2020-09-24,442.35296630859375,454.14904541015625,442.35296630859375,446.77649597167965,8632965
2020-09-25,431.29412841796875,448.2509915865384,428.3451087364783,446.03922682542066,7846337
2020-09-28,444.56475830078125,447.513778256342,428.34514854519716,429.81965852297753,7734975
2020-09-29,449.72552490234375,452.67454473776894,446.77650506691856,446.77650506691856,5464334
2020-09-30,447.5137634277344,455.6235680368037,447.5137634277344,453.41180314342114,5974893
2020-10-05,450.4627685546875,454.88629819679574,449.72551361433614,452.67453337574165,5000804
2020-10-06,453.4117431640625,456.36076263179626,451.1999785632622,455.62350776486284,3949603
2020-10-07,477.00390625,485.1137099111283,451.9372403883308,454.88625990146835,17770203
2020-10-08,493.96075439453125,499.12153839566815,479.2156572484258,486.58820582147854,15485367
2020-10-12,526.3999633789062,532.2980021842721,515.3411406188452,523.4509439762232,21415450
2020-10-13,515.3411865234375,524.9255004358905,510.91765702538225,524.9255004358905,7920165
2020-10-14,507.9687194824219,514.6040148022213,506.4942094113553,510.18048458902166,5713855
2020-10-15,507.9687194824219,521.2393101220207,507.9687194824219,510.91773962455494,6967919
2020-10-16,501.3333740234375,512.3921984504251,501.3333740234375,507.96866867963007,5020630
2020-10-19,510.1803894042969,512.3921540982461,503.5450953224491,503.5450953224491,3933553
2020-10-20,513.8666381835938,513.8666381835938,503.54507012825616,507.23134443373385,4936501
2020-10-21,509.4430847167969,523.4509264094439,506.49406541308167,519.0273974538712,5171741
2020-10-22,507.2314147949219,513.1294545018396,505.01964990482776,507.23141479492193,5090155
2020-10-23,499.85882568359375,511.65490416580246,499.8588256835938,507.9686296401123,4854113
2020-10-26,496.9097900390625,505.7568486154256,495.4352802763353,501.33331932724406,4322931
2020-10-27,505.0196533203125,507.23141822536496,495.4353387317518,496.90984866845344,6036221
2020-10-28,502.07061767578125,507.9686572373176,497.647088004629,505.0196374565494,6105449
2020-10-29,504.28240966796875,506.4941746226528,491.01181993986427,493.96083987944303,4525881
2020-10-30,499.85882568359375,502.807845304146,493.96078644248945,499.8588256835938,6372434
2020-11-02,481.42742919921875,508.7058593376125,479.21566459340306,508.7058593376125,13777031
2020-11-03,490.27447509765625,498.38427844513626,486.58820084880165,487.32545569857257,8253830
2020-11-04,499.1216125488281,505.0196522835262,487.32553307943186,494.6980827478045,9284414
2020-11-05,513.12939453125,513.12939453125,500.5960616188488,505.0195908820492,11678906
2020-11-06,516.0784912109375,519.0275111607142,510.1804513113839,516.8157461983817,7345707
2020-11-09,517.5529174804688,526.3999758989382,510.9176236666166,523.4509564261151,6544760
2020-11-10,505.7568664550781,517.5529449729808,502.0705919182335,517.5529449729808,6006693
2020-11-11,498.3843078613281,502.80783722104405,488.0627393553243,488.0627393553243,7981123
2020-11-12,496.1726379394531,503.5451882803068,494.69812787128234,499.1216580757946,4170904
2020-11-13,497.6470947265625,499.12160463686337,491.74905508535875,494.6980749059606,4677318
2020-11-16,511.65484619140625,512.3921010130077,502.07053351058744,505.0195527969932,6299216
2020-11-17,513.12939453125,518.2901786716506,509.4431201452497,516.8156689172504,6367119
2020-11-18,536.7215576171875,536.7215576171875,516.815675672594,517.5529305594308,21063886
2020-11-19,540.4078369140625,544.0941113814163,535.984307553238,539.6705820205917,8842836
2020-11-20,550.7294311523438,555.8902156477473,533.0353128823889,539.6706072336219,11419475
2020-11-23,547.7803344726562,558.8391568375147,544.0940603510368,555.8901375402191,7022977
2020-11-24,547.0431518554688,554.4157010718498,541.145112482364,554.4157010718498,5754058
2020-11-25,533.7725830078125,551.4667017815522,533.7725830078125,549.9921918837405,7106689
2020-11-26,538.1961059570312,543.3568905347014,534.5098312586954,540.4078707760327,3654252
2020-11-27,534.509765625,538.9332947198276,531.5607462284482,534.509765625,3418735
2020-11-30,519.0275268554688,529.3490969917991,518.2902718457309,524.1883119236339,13232551
2020-12-01,513.8666381835938,521.9764416556447,510.91761873921155,516.0784027668803,8450506
2020-12-02,524.925537109375,528.6118119486263,512.3922026559209,520.5020073022736,8354076
2020-12-03,516.0784912109375,527.1373160226004,514.6039812360491,527.1373160226004,6972483
2020-12-04,519.7646484375,521.2391580784574,513.1293550531915,516.0783743351063,5398397
2020-12-07,519.0275268554688,521.9765468944203,512.3922317678278,519.7647818652066,5457769
2020-12-08,538.1961059570312,538.9333608966983,517.5529676463506,518.2902225860178,10014080
2020-12-09,541.1450805664062,549.9921391042767,538.1960610537828,541.8823354445622,7869170
2020-12-10,522.7136840820312,538.1960357967317,520.5019195513597,538.1960357967317,7733557
2020-12-11,521.2391967773438,532.298019905576,516.8156675260509,530.823510155145,7453209
2020-12-14,517.5529174804688,523.4509564261151,515.3411528758513,520.5019369532919,3884022
2020-12-15,516.815673828125,520.501948249153,513.129399407097,517.5529287123306,5077673
2020-12-16,516.815673828125,526.3999873227978,516.815673828125,524.188222670181,6247245
2020-12-17,519.0275268554688,524.1883119236339,515.3412518067793,518.2902718457309,5996672
2020-12-18,515.3411865234375,521.9764807705204,515.3411865234375,519.0274611051502,4853449
2020-12-21,521.9764404296875,521.9764404296875,507.96859810177216,514.6038918360479,5371824
2020-12-22,518.2901611328125,532.2980033255911,518.2901611328125,521.97643539407,6412332
2020-12-23,530.8235473632812,532.2980572170682,519.7647234598795,521.9764882405599,5329119
2020-12-24,526.3999633789062,534.5097667362844,526.3999633789062,533.7725118856137,3320736
2020-12-25,527.1372680664062,532.2980525090144,524.9255033052884,530.8235426682692,2209747
2020-12-28,545.568603515625,546.3058583852406,533.0352707321579,533.7725256017736,10540685
2020-12-29,541.1450805664062,549.9921391042767,541.1450805664062,546.3058647134974,4566021
2020-12-30,549.9921875,549.9921875,541.8823831266756,545.568657841823,5614368
2020-12-31,550.7294311523438,555.1529607198324,547.0431565127698,550.7294311523438,4626983
2021-01-04,583.9059448242188,588.3294747092507,554.4157455906724,556.6275105331883,13995441
2021-01-05,587.5922241210938,592.753009025545,571.3726144213898,586.8549691347436,9187166
2021-01-06,583.9059448242188,600.1255544026693,578.7451599583482,591.2784946326053,9257326
2021-01-07,589.066650390625,595.7019443249375,578.7450820483613,585.3803759826736,7450197
2021-01-08,617.8196411132812,622.243170763257,591.2784632134267,597.1765027467277,13239667
2021-01-11,627.4038696289062,631.0901438335414,615.6077921740738,621.50583090149,7932068
2021-01-12,623.7175903320312,639.9371967000037,620.7685709923999,631.8273935160175,10297170
2021-01-13,651.7333374023438,662.7921610007998,626.6666705791766,630.3529451119954,15302374
2021-01-14,634.7764892578125,649.5215877307,629.6157047923018,642.8862934179007,11167095
2021-01-15,626.6666870117188,650.2588446403952,620.7686476045496,647.3098249368106,9779613
2021-01-18,622.2431640625,627.4039485985634,602.3372808519698,626.6666936648401,8819889
2021-01-19,648.0470581054688,648.7843130066127,629.6156855768719,634.776469884879,7901499
2021-01-20,642.8863525390625,662.0549823166033,641.4118425561747,652.4706674278328,11007193
2021-01-21,688.5961303710938,689.3333853286646,654.6824023228386,656.1569122379801,17528460
2021-01-22,676.062744140625,697.4431362672096,669.4274500323746,673.8509794378748,16199876
2021-01-25,670.9019775390625,681.9608013446514,656.8941340519831,676.0627619816706,8944898
2021-01-26,642.1490478515625,679.7490495053279,642.1490478515625,673.8510100302275,9931150
2021-01-27,661.3176879882812,667.2157275690017,642.1490593509398,649.5216088268404,10941305
2021-01-28,640.6744995117188,648.7843033030064,636.2509701710164,638.4627348413676,17650820
2021-01-29,645.0980224609375,665.7411591796874,645.0980224609375,655.4195908203125,17441562
2021-02-01,667.2156982421875,670.1647179029264,645.0980507866453,653.2078548536774,13528273
2021-02-02,686.3843994140625,701.8667542880639,678.2745944800618,681.9608694500621,14420674
2021-02-03,700.3922119140625,707.0275065532484,694.4941722347862,698.1804470343338,10829429
2021-02-04,697.4432373046875,702.6040223587391,674.5883320653161,687.8589222043059,13169744
2021-02-05,700.3922119140625,727.6706454307155,700.3922119140625,704.0784867136102,15290557
2021-02-17,722.5098876953125,744.6275373186384,715.8745928083147,737.2549874441963,11840037
2021-02-18,721.0353393554688,727.6706338894148,713.6627898733065,722.5098492519012,6292915
2021-02-19,710.7138061523438,718.8236109943311,702.6040013103565,715.8745910517903,7255611
2021-02-22,701.1294555664062,722.5098490589676,701.1294555664062,716.6118094748127,7422176
2021-02-23,711.4510498046875,713.6628147263601,687.1216356662889,696.7059503268702,7807365
2021-02-24,693.0195922851562,712.9254741912192,693.0195922851562,698.9176313684342,7540161
2021-02-25,695.9686279296875,704.0784318568343,685.6470592951371,700.3921573444948,7139928
2021-02-26,660.5804443359375,686.3843679428101,660.5804443359375,680.4863282612392,15220271
2021-03-02,663.5294189453125,692.2823604329427,663.5294189453125,678.2745171440972,13479811
2021-03-03,685.6470947265625,685.6470947265625,659.8431718067457,674.5882706180696,8671779
2021-03-04,661.3176879882812,677.5372968352625,659.8431780931012,677.5372968352625,12248552
2021-03-05,650.9960327148438,657.6313263665239,641.4117196624169,646.5725036137236,10351724
2021-03-08,639.2000122070312,670.1647186807282,638.4627572909909,664.266679352405,9488584
2021-03-09,648.0470581054688,652.470587512332,629.6156855768719,634.0392149837351,9399408
2021-03-10,636.9881591796875,657.6312939679182,634.039139924226,656.1567843401874,9346906
2021-03-11,654.682373046875,659.8431575190913,637.7255097810212,640.6745294794306,9451838
2021-03-12,662.7921752929688,674.5882540523542,657.6313908357376,663.5294302154304,7841829
2021-03-15,668.690185546875,673.8509697793206,663.5294013144295,663.5294013144295,6825630
2021-03-16,677.5372924804688,677.5372924804688,667.9529782234001,676.0627825947658,6741317
2021-03-17,669.427490234375,681.9608243026397,665.0039605632227,681.2235693574477,5862315
2021-03-18,665.7412109375,678.2745449197121,665.7412109375,673.8510152789313,4563993
2021-03-19,652.4706420898438,660.5804466807909,648.7843672757768,659.8431917179776,7668776
2021-03-22,649.5215454101562,656.8940941662307,642.8862515296893,648.7842905345489,7131194
2021-03-23,641.4118041992188,657.6314130410381,641.4118041992188,656.1569031463272,8388784
2021-03-24,659.1058349609375,659.843089809887,638.4626991903489,642.8862282840464,6887986
2021-03-25,699.6549072265625,700.392162134072,660.5803971285563,666.4784363886328,16360212
2021-03-26,695.2313232421875,704.0783814382705,685.647010196431,701.1293620395762,11651662
2021-03-29,693.7568969726562,715.1372901843533,693.7568969726562,702.6039562326688,9564671
2021-03-30,715.8745727539062,720.2981025546513,693.756923750181,706.2902581856254,12406387
2021-03-31,714.4000244140625,725.4588483214009,707.7647300696594,716.6117891955302,9109221
2021-04-01,708.501953125,726.1960705807752,708.501953125,721.0352863228408,5681893
2021-04-07,735.7804565429688,744.6275161406797,728.4079068782096,740.9412413083002,5493804
2021-04-08,752.0000610351562,759.3726106531481,726.1961373721853,728.4079022575828,8021763
2021-04-09,736.5176391601562,759.3725408758368,736.5176391601562,755.6862664055657,6402048
2021-04-12,707.7647094726562,740.941180229187,704.8156898498536,735.0431409835816,10334862
2021-04-13,708.501953125,725.4588156867845,701.8666590790842,717.3490118528875,9547951
2021-04-14,711.4510498046875,714.400069700251,689.3334005879615,711.4510498046875,8708863
2021-04-15,726.196044921875,726.196044921875,705.5529086195272,715.8744767707011,5936707
2021-04-16,718.8235473632812,729.8823711688701,712.9255080003004,729.8823711688701,6313141
2021-04-19,709.9764404296875,726.1960475838445,709.239185559044,726.1960475838445,4552119
2021-04-20,735.7804565429688,744.6275161406797,709.9765327163116,712.1882976157393,9725033
2021-04-21,728.4078369140625,744.6274446186266,724.7215624357524,744.6274446186266,6691346
2021-04-22,725.4588623046875,744.6274907802178,725.4588623046875,736.5176864251858,5787315
2021-04-23,763.0587768554688,763.0587768554688,722.5097597278834,722.5097597278834,10968902
2021-04-26,788.8627319335938,803.6078297267451,759.3725363472912,788.8627319335938,11328469
2021-04-27,785.1764526367188,810.9803736153902,777.8039037856697,792.5490014877678,8213859
2021-04-28,796.2352905273438,803.607839513708,777.8039180614329,792.5490160341616,8985602
2021-04-29,873.6470336914062,873.6470336914062,873.6470336914062,873.6470336914062,6156406
2021-05-03,814.6666870117188,866.2745314378004,796.2353140024038,866.2745314378004,24923162
2021-05-04,799.9215698242188,814.6666678854946,755.6862756403909,810.9803933701756,18013299
2021-05-05,740.941162109375,810.9803764381219,736.5176327833489,803.6078275614117,13757415
2021-05-06,777.803955078125,785.1765044153584,737.2549337233413,759.3725817350415,14573730
2021-05-07,781.490234375,785.176509065448,752.0000368514151,777.8039596845518,9285007
2021-05-10,721.7725830078125,755.6863100950028,721.7725830078125,748.3137607282223,18810805
2021-05-11,671.6392211914062,690.8078487995035,662.0549073873576,664.2666721113688,24921478
2021-05-12,654.682373046875,677.5372757095474,605.2862930985184,663.529432142103,31011290
2021-05-13,643.6235961914062,667.2157555019733,634.7765364499436,653.2079109113241,16643374
2021-05-14,659.8431396484375,678.2745122643156,654.6823553159916,659.1058847438023,11830221
2021-05-17,673.8509521484375,690.8078141828074,640.6744829507574,648.7842865324125,16218012
2021-05-18,732.8313598632812,732.8313598632812,678.2744980625943,693.0195958465637,16219814
2021-05-19,695.2313232421875,731.356810876193,695.2313232421875,724.7215172291308,12478300
2021-05-20,685.6470947265625,699.6549385973202,682.6980749642977,691.545134251092,10698579
2021-05-21,704.078369140625,717.3489562029614,690.0705272414922,708.5018981614038,13762585
2021-05-24,695.2313232421875,707.0274008369648,691.5450489938196,700.3921071899026,6032351
2021-05-25,701.8667602539062,714.4000952584403,698.1804852525727,704.0785252547064,8682040
2021-05-26,701.1294555664062,713.6627896827353,698.1804357743289,707.7647500985804,5834656
2021-05-27,689.3333740234375,701.866708096591,686.3843542415191,696.7059234782337,9218405
2021-05-28,708.501953125,713.6627373829344,691.5450905632154,700.392149291103,7578285
2021-05-31,733.5686645507812,744.6274886394865,707.0274867378887,715.8745460088529,9520375
2021-06-01,720.2980346679688,748.313720765597,719.5607797706627,740.9411717925369,7203678
2021-06-02,707.0274658203125,728.407858425932,705.5529559854422,723.2470740038859,6983814
2021-06-03,723.2470703125,725.4588350535167,711.4509916937436,713.6627564347604,4708980
2021-06-04,720.2980346679688,720.2980346679688,712.1882307976027,715.8745052841327,4043131
2021-06-07,717.3489990234375,719.5607636658531,698.9176270033081,715.8744892618272,5332777
2021-06-08,712.188232421875,720.298036310737,712.188232421875,718.823526512762,3549078
2021-06-09,712.9254760742188,725.4588091592877,709.9764565247907,709.9764565247907,3936851
2021-06-10,735.7804565429688,740.9412413083002,720.2981022469744,722.5098671464021,9017839
2021-06-11,722.5098876953125,744.6275373186384,722.5098876953125,740.9412623814173,5961361
2021-06-15,729.1450805664062,740.9411587151045,726.1960610292317,731.3568452192872,5175020
2021-06-16,726.196044921875,733.5685936012849,723.247025450111,733.5685936012849,4946749
2021-06-17,721.0353393554688,721.772594303685,713.6627898733065,721.0353393554688,6201886
2021-06-18,711.4510498046875,729.8824241519592,711.4510498046875,722.5098744130505,5918101
2021-06-21,676.7999877929688,708.5019480054934,676.7999877929688,707.76469311683,11173057
2021-06-22,665.7412109375,675.3255251591916,656.1568967158084,665.0039559973699,13992257
2021-06-23,693.7568969726562,693.7568969726562,662.0549346242776,665.7412093159496,8867351
2021-06-24,684.9097900390625,698.1803780053738,683.4352802650279,696.7058682313392,3484444
2021-06-25,683.435302734375,701.8666755157767,683.435302734375,693.0196165807039,4975532
2021-06-28,689.3333740234375,689.3333740234375,679.7490597322026,684.9098443505599,3842050
2021-06-29,689.3333740234375,699.6549432601521,689.3333740234375,694.4941586417948,5371399
2021-06-30,709.2391967773438,721.0352748942227,695.23135401355,696.7058637781598,10422047
2021-07-01,704.078369140625,719.5607207133507,698.9175852830498,715.8744465293685,5520582
2021-07-02,705.5529174804688,710.7137016208693,702.6038979716685,709.9764467436693,4595609
2021-07-05,705.5529174804688,718.8235052700701,705.5529174804688,707.764682112069,7408825
2021-07-06,707.0867309570312,720.8910272230037,705.552920260812,718.5903111786749,6914325
2021-07-07,703.2522583007812,711.6882177787624,703.2522583007812,710.1544069645839,5159765
2021-07-08,705.5529174804688,712.455065586256,700.9514854099439,705.5529174804688,5934229
2021-07-09,704.7860717773438,712.455125877206,698.650828497454,701.7184501373988,5129084
2021-07-12,717.0565185546875,721.6579507593165,713.2219917174966,720.8910453918783,5646291
2021-07-13,710.1544189453125,723.9587165058045,710.1544189453125,720.8910948256952,6948022
2021-07-14,713.2220458984375,719.3572893040155,709.3875187699513,712.4551404727403,3359604
2021-07-15,729.3270263671875,730.0939317576892,713.2220131666502,717.0565401191591,7385920
2021-07-16,733.9285278320312,736.2292442202194,721.6580404283609,727.0263786674666,5866395
2021-07-19,704.7860717773438,724.7256124369857,701.7184501373988,721.6579907970407,6987035
2021-07-20,705.5529174804688,711.6881602411685,701.7183907550314,703.2522014452063,3114282
2021-07-21,699.417724609375,713.9889272054037,694.8162922106292,710.1544002064487,4941452
2021-07-22,704.7860717773438,713.9889366971785,701.7184501373988,701.7184501373988,4204358
2021-07-23,715.5227661132812,716.289671543199,708.6206172440213,714.7558606833635,4496889
2021-07-26,707.8536376953125,720.8910286387799,705.5529216464654,720.8910286387799,4293853
2021-07-27,719.3572387695312,727.0262924877565,708.6205635640158,711.6881850513059,7973169
2021-07-28,682.5457763671875,714.7558017687852,680.2450602670734,713.9888964020804,16290546
2021-07-29,715.5227661132812,717.0565769731168,692.5156032157481,701.7184683747614,9074984
2021-07-30,697.8839111328125,718.5903568477421,695.5831949422648,717.0565460540437,5727104
2021-08-02,716.2896118164062,716.2896118164062,705.5529366928198,708.6205581567017,3940140
2021-08-03,719.3572387695312,727.0262924877565,713.221995794951,727.0262924877565,2919205
2021-08-04,728.5601806640625,730.8608970240543,721.6580315840872,727.0263697574013,6059477
2021-08-05,736.9961547851562,739.2968711892722,730.0940055728082,736.2292493171176,6733053
2021-08-06,717.823486328125,733.9285004444612,717.0565808940138,733.1615950103499,3774421
2021-08-09,706.31982421875,711.6881616449512,698.6507707527484,711.6881616449512,4368676
2021-08-10,707.0867309570312,713.2219737419078,702.4852988683738,713.2219737419078,2445401
2021-08-11,697.8839111328125,702.485343513908,694.8162895454155,700.1846273233602,4502303
2021-08-12,693.2824096679688,707.8536107561229,690.9816937066812,707.8536107561229,4215356
2021-08-13,697.8839111328125,702.485343513908,690.9817625611693,697.1170057359633,4646391
2021-08-16,690.9817504882812,704.0191420069281,690.2148451048315,697.8838989393296,3692905
2021-08-17,690.9817504882812,690.9817504882812,690.9817504882812,690.9817504882812,0
2021-08-18,699.417724609375,699.417724609375,663.3731708191989,667.2076978181537,6008564
2021-08-19,681.011962890625,700.9515023446298,676.4105307089316,696.3500701629364,5483659
2021-08-20,669.5083618164062,693.2824273562786,667.2076457964185,689.4479006562992,5459224
2021-08-23,698.65087890625,701.7185007675288,676.4106204119786,676.4106204119786,5262045
2021-08-24,697.1170043945312,705.55296374364,692.5155720222901,705.55296374364,2822689
2021-08-25,698.65087890625,701.7185007675288,690.2149187877333,701.7185007675288,3927236
2021-08-26,681.011962890625,695.5831647993208,667.2076663455448,694.8162594357052,9234116
2021-08-27,687.1472778320312,687.1472778320312,669.5084526198251,669.5084526198251,5490911
2021-08-30,699.417724609375,699.417724609375,688.6810490123013,691.7486706114652,4109689
2021-08-31,690.9817504882812,703.2522366234783,678.7112643530843,703.2522366234783,7520536
2021-09-01,710.9213256835938,713.222041947942,694.8163118331564,703.2522714690998,9142513
2021-09-02,715.5227661132812,724.7256312722945,710.9213335337746,713.222049823528,5703535
2021-09-03,704.7860717773438,719.3572745670821,703.2522609573713,719.3572745670821,5908319
2021-09-06,687.1472778320312,703.2522921562195,686.3803723880222,695.5832377161298,8142260
2021-09-07,692.5155639648438,695.5831855106459,687.9141316461404,690.9817531919426,3726008
2021-09-08,699.417724609375,700.9515354089569,686.3803328129284,689.4479544120923,4347700
2021-09-09,690.9817504882812,696.35008817243,688.6810343379318,692.515561255181,6296716
2021-09-10,709.3875122070312,709.3875122070312,691.7486875791808,692.515592997783,4767470
2021-09-13,710.9213256835938,714.7558527908408,704.0191768905491,704.0191768905491,2943072
2021-09-14,726.2593994140625,727.7932101836803,714.7558186419285,714.7558186419285,8030381
2021-09-15,717.0565185546875,724.7255722290691,711.6881809826202,723.1917614941927,5098265
2021-09-16,717.823486328125,717.823486328125,710.1544319870126,713.2220537234575,2831392
2021-09-17,720.8910522460938,730.0939167428523,717.8234307471741,720.8910522460938,7222343
2021-09-22,698.65087890625,709.3875554207258,690.2149187877333,704.019217163488,8331836
2021-09-23,701.7183837890625,706.3198158139088,694.0493304143187,704.78600513896,5235288
2021-09-24,705.5529174804688,707.8536335157311,699.417674719769,704.0191067902938,4824937
2021-09-27,735.4622192382812,735.4622192382812,706.3198163904661,706.3198163904661,10615379
2021-09-28,733.9285278320312,743.1313933847839,724.7256622792785,735.46233875749,7201265
2021-09-29,700.1846923828125,723.1918564260593,700.1846923828125,720.8911400217346,8299794
2021-09-30,694.0493774414062,701.7184313357865,687.1472289364641,700.1846205569104,7633321
2021-10-01,678.7112426757812,694.0493498548949,676.4105265989142,694.0493498548949,6270815
2021-10-04,684.0795288085938,689.4478659180783,673.3428545896248,684.0795288085938,4562934
2021-10-05,664.9069213867188,673.3428800202296,655.7040574228887,668.7414480383146,8653551
2021-10-06,667.9745483398438,682.5457497387611,667.9745483398438,671.0421696869843,5342508
2021-10-07,698.65087890625,700.9515953022091,677.1775258772983,678.7113368079376,6379657
2021-10-08,697.8839111328125,709.3874920855512,694.8162895454155,704.7860597044557,4246459
2021-10-12,680.2450561523438,696.350068755725,678.7112454282122,695.5831633936593,6289120
2021-10-13,661.072509765625,684.846579142347,661.072509765625,683.3127682148165,5526679
2021-10-14,644.2005004882812,669.508377293178,643.4335951305571,667.2076612200055,8578196
2021-10-15,657.2379150390625,658.7717258092821,649.568861187965,654.1702934986236,6129997
2021-10-18,664.9069213867188,673.3428800202296,659.5385840744846,661.0723947351229,5973592
2021-10-19,688.6809692382812,690.2147798601927,668.7414311534312,672.57595770821,5917354
2021-10-20,690.9817504882812,704.0191420069281,690.9817504882812,697.8838989393296,4486883
2021-10-21,700.1846923828125,708.620652532003,692.5156377017302,699.4177869147043,5875235
2021-10-22,710.1544189453125,710.1544189453125,694.8163105447658,700.1846484849572,4483378
2021-10-25,719.3572387695312,723.9586710004663,702.4853205894356,711.6881850513059,5129397
2021-10-26,725.4924926757812,730.0939249760504,720.891060375512,729.3270195926723,6282515
2021-10-27,722.4248657226562,734.6953517646547,714.7558119464073,727.7932033660306,7944259
2021-10-28,717.823486328125,726.2594461033488,710.9213374211238,722.4249189327925,3776228
2021-10-29,700.1846923828125,720.1242345536264,700.1846923828125,719.3573290855182,5373611
2021-11-01,707.0867309570312,713.2219737419078,703.2522042164833,709.38744700136,2927412
2021-11-02,711.6881713867188,716.2896035293053,704.786023172839,712.4550767438166,2920555
2021-11-03,714.7557983398438,720.1241358810229,712.455082250767,716.289609065895,3049201
2021-11-04,711.6881713867188,724.7255624573806,710.1543606725232,724.7255624573806,2340539
2021-11-05,720.8910522460938,720.8910522460938,710.9212823746052,720.1241468713639,3449046
2021-11-08,751.5673217773438,753.8680380684989,723.9587262834822,726.2594425746373,10466167
2021-11-09,750.0335083007812,766.9054277104102,748.4996974453604,766.9054277104102,6868045
2021-11-10,734.6953735351562,750.0334815421533,734.6953735351562,745.4320491400542,3495810
2021-11-11,731.627685546875,736.2291175314465,717.8233895931604,717.8233895931604,3783645
2021-11-12,753.8679809570312,757.7025078184607,733.1615359053121,739.2967788835994,4282008
2021-11-15,786.0780639648438,793.7471182474276,766.9054282583842,774.574482540968,11093470
2021-11-16,793.7470092773438,801.4160625070765,774.5743762030118,786.0779560476109,5633120
2021-11-17,789.9125366210938,824.4232785123066,782.2434828674909,812.9196978819024,6797429
2021-11-18,832.0924072265625,843.5959888932891,805.250716670867,812.9197711153513,12481999
2021-11-19,835.9268798828125,858.9340417144496,812.9197180511754,855.0995147425101,9960213
2021-11-22,828.2578125,851.2649739583334,828.2578125,843.5959201388889,4887612
2021-11-23,809.085205078125,835.9268943461198,805.2506780398401,820.5887861929799,6036742
2021-11-24,797.58154296875,812.9196495643029,786.0779630220853,801.4160696176382,4207454
2021-11-25,793.7470092773438,809.0851157368093,782.2434294327445,801.4160625070765,2988005
2021-11-26,770.739990234375,786.0780994927705,763.8378410680971,782.2435721781717,4249254
2021-11-29,789.9125366210938,789.9125366210938,760.0032269820426,765.3715646095646,3787113
2021-11-30,774.5744018554688,812.9196692740563,774.5744018554688,805.2506157903389,8133035
2021-12-01,816.7542114257812,820.5887382399867,774.5744164695202,782.2434700979313,6353875
2021-12-02,828.2578125,832.0923394097223,797.5815972222223,801.4161241319445,7112276
2021-12-03,812.919677734375,835.9268384249705,809.0851509526091,828.2577848614386,4662507
2021-12-06,832.0924072265625,832.0924072265625,797.5816622263825,812.9197711153513,4605648
2021-12-07,816.7542114257812,828.2577918683978,805.2506309831646,812.9196846115757,6117755
2021-12-08,839.7613525390625,851.2649327108305,828.2577723672946,832.0922990912172,7323171
2021-12-09,832.0924072265625,843.5959888932891,824.423352782078,839.761461671047,2463930
2021-12-10,824.42333984375,832.092394167878,816.7542855196222,824.42333984375,2943248
2021-12-13,824.42333984375,839.7614484920059,820.5888126816861,820.5888126816861,3276917
2021-12-14,820.5887451171875,824.4232719635296,805.2506377318196,820.5887451171875,4130770
2021-12-15,812.919677734375,824.4232580796727,801.4160973890772,816.7542045161408,2981924
2021-12-16,835.9268798828125,835.9268798828125,824.423298966994,832.092352910873,3810497
2021-12-17,824.42333984375,839.7614484920059,820.5888126816861,824.42333984375,4197118
2021-12-20,809.085205078125,824.4233132312648,809.085205078125,820.5887861929799,3226773
2021-12-21,835.9268798828125,851.2649877705705,820.5887719950545,851.2649877705705,4406508
2021-12-22,832.0924072265625,839.761461671047,828.2578800043202,839.761461671047,1329910
2021-12-23,839.7613525390625,847.4304059869079,832.0922990912172,835.9268258151399,2693726
2021-12-24,858.93408203125,866.6031363351004,839.7614462716239,843.5959734235491,4983433
2021-12-27,878.1065673828125,908.7827793437841,858.9339349072052,862.7684614023267,8440835
2021-12-28,901.11376953125,904.9482962101064,885.7756628158245,889.6101894946809,4928695
2021-12-29,908.782958984375,920.2865407436708,897.2793772250791,904.9484317312763,5074409
2021-12-30,912.6173706054688,920.2864241399685,901.1137903037192,920.2864241399685,3809725
2022-01-03,881.941162109375,931.7900104025136,878.1066353175952,924.1209568189538,7374387
2022-01-04,893.4447631835938,901.1138169448263,878.1066556611287,893.4447631835939,6688764
2022-01-05,901.11376953125,912.6173495678191,881.9411361369681,897.2792428523936,7020406
2022-01-06,870.4376220703125,885.7757299482035,851.2649872229488,881.9412029787308,8129690
2022-01-07,843.5960083007812,878.1067540949042,835.926953679865,866.6031721635298,8258414
2022-01-10,839.7613525390625,839.7613525390625,820.5887189194492,828.2577723672946,7069419
2022-01-11,828.2578125,839.7613932291667,816.7542317708334,835.9268663194445,4406422
2022-01-12,832.0924072265625,839.761461671047,820.5888255598358,839.761461671047,3016339
2022-01-13,843.5960083007812,851.2650629216974,832.092426369407,835.926953679865,5047874
2022-01-14,816.7542114257812,835.9268454968089,809.0851577973701,835.9268454968089,5581491
2022-01-17,855.0994873046875,858.9340141535874,820.588745664588,824.423272513488,5457933
2022-01-18,847.4304809570312,878.1066974622631,847.4304809570312,851.2650080201852,4858889
2022-01-19,843.5960083007812,858.9341175426136,835.926953679865,839.7614809903232,4742173
2022-01-20,835.9268798828125,851.2649877705705,820.5887719950545,847.4304607986311,5235983
2022-01-21,820.5887451171875,828.2577988098716,809.0851645781615,812.9196914245035,5844178
2022-01-24,835.9268798828125,835.9268798828125,805.2506641072964,812.9197180511754,5048568
2022-01-25,832.0924072265625,835.9269344488047,820.5888255598358,828.2578800043202,4466066
2022-01-26,824.42333984375,839.7614484920059,820.5888126816861,820.5888126816861,5129604
2022-02-07,843.5960083007812,866.6031721635298,824.4233717484908,866.6031721635298,18787872
2022-02-08,839.7613525390625,862.7685128825984,835.9268258151399,862.7685128825984,8746495
2022-02-09,866.6030883789062,870.437615318636,839.7613998007986,862.7685614391767,7950712
2022-02-10,889.6102905273438,893.4448176416857,862.7686007269498,874.2721820699758,8574392
2022-02-11,881.941162109375,897.2792692764946,878.1066353175952,881.941162109375,4989740
2022-02-14,847.4304809570312,862.7685892096472,843.5959538938772,858.9340621464931,5433143
2022-02-15,843.5960083007812,858.9341175426136,835.926953679865,851.2650629216974,3248639
2022-02-16,866.6030883789062,866.6030883789062,855.0995075597173,866.6030883789062,2903544
2022-02-17,866.6030883789062,870.437615318636,858.934034499447,866.6030883789062,3007009
2022-02-18,858.93408203125,862.7686091831753,847.4305005754743,855.0995548793248,2500405
2022-02-21,866.6030883789062,870.437615318636,851.2649806199876,855.0995075597173,3088278
2022-02-22,851.2650146484375,858.9340688344595,835.9269062763937,855.0995417414485,4745273
2022-02-23,858.93408203125,858.93408203125,843.5959734235491,851.2650277273996,3540429
2022-02-24,812.919677734375,847.4304187702683,809.0851509526091,839.7613652067364,7867454
2022-02-25,832.0924072265625,839.761461671047,812.9197711153513,824.423352782078,7091202
2022-03-01,843.5960083007812,858.9341175426136,839.7614809903232,847.4305356112394,5420606
2022-03-02,828.2578125,847.4304470486111,820.5887586805555,847.4304470486111,3632197
2022-03-03,828.2578125,843.5959201388889,816.7542317708334,832.0923394097223,3799148
2022-03-04,786.0780639648438,812.9197539538872,786.0780639648438,812.9197539538872,6254448
2022-03-07,745.4320068359375,763.0708300429607,743.8981961222833,755.4017764746897,10685986
2022-03-08,738.5299072265625,756.1687315943827,723.1917990806318,724.7256098952248,7230258
2022-03-09,740.83056640625,748.4996198887163,733.1615129237837,744.6650931474832,5981552
2022-03-10,763.0708618164062,770.7399157040084,753.1010917625235,759.2363348726052,5820879
2022-03-11,738.5299072265625,766.9054072965342,736.9960964119693,766.9054072965342,5586320
2022-03-14,723.958740234375,747.7328090344446,716.2896857827398,746.1989981441175,8517631
2022-03-15,693.2824096679688,717.056474601273,690.9816937066812,715.5226639604147,9349160
2022-03-16,695.5831909179688,713.9889203358642,690.2148531710825,713.222014943452,7483037
2022-03-17,742.3644409179688,750.0334950596833,727.793238048711,729.327048877054,9344377
2022-03-18,743.1312866210938,746.9658133838445,732.3946116853916,744.6650973261941,6554769
2022-03-21,750.0335083007812,755.4018462947541,749.2666028730708,755.4018462947541,3910421
2022-03-22,747.7327880859375,751.567315204327,741.5975446965144,744.665166391226,3925166
2022-03-23,749.2666015625,763.0708992371418,748.4996961361311,757.7025612525589,4105013
2022-03-24,745.4320068359375,750.0334389769,741.597480051802,750.0334389769,4654086
2022-03-25,744.6651000976562,748.4996268746781,740.0636679652299,747.7327215192737,3500490
2022-03-28,739.2968139648438,739.2968139648438,725.4925166086537,728.5601382433626,2654466
2022-03-29,699.417724609375,729.3270352012233,692.5155760112561,713.9889272054037,12940484
2022-03-30,701.7183837890625,707.8536264888576,692.5155197393699,699.4176677766394,11058276
2022-03-31,694.0493774414062,704.7860528935386,690.2148504942162,690.2148504942162,8375072
2022-04-01,690.2149047851562,693.2825265842014,684.8465666368272,690.2149047851562,9228783
2022-04-06,676.4105834960938,677.1774889195588,655.7041370625399,658.0048533329348,13328503
2022-04-07,651.86962890625,668.7415487132353,651.86962890625,658.0048724724264,12287176
2022-04-08,644.2005004882812,658.77170228504,639.5990683419363,652.6364594232468,12711666
2022-04-11,641.1328735351562,649.5688323974609,638.0652521306818,643.4335895885121,6163957
2022-04-12,645.7343139648438,650.335746130864,636.5314496328032,644.2005032428369,7748278
2022-04-13,674.8767700195312,676.4105808604847,649.5688911437989,651.1027019847523,10111374
2022-04-14,660.3054809570312,670.2752501236298,660.3054809570312,670.2752501236298,6220281
2022-04-15,638.0653076171875,653.4034159733699,637.2984021993784,652.6365105555608,7092675
2022-04-18,638.8322143554688,647.2681739688063,634.2307818391029,634.2307818391029,3933699
2022-04-19,642.666748046875,661.0724783012008,642.666748046875,655.7041403103558,6253901
2022-04-20,656.4710083007812,656.4710083007812,644.967427547847,649.5688598490208,5489289
2022-04-21,665.6738891601562,668.7415107691893,651.8695919195079,654.9372135285408,4505663
2022-04-22,654.9371337890625,657.237849715722,648.8018913179706,650.3357019357435,5736473
2022-04-25,641.8998413085938,642.666746734291,637.2984087544103,638.8322196058048,5934807
2022-04-26,638.8322143554688,641.899836033046,632.6969710003142,638.8322143554688,6976630
2022-04-27,619.6596069335938,625.7948505665996,611.2236469382107,618.1257960253423,8488189
2022-04-28,634.9976196289062,654.170253071808,629.6292822648938,640.3659569929188,12449177
2022-04-29,636.531494140625,651.8696024331701,636.531494140625,651.8696024331701,6664286
2022-05-03,628.8624267578125,638.8321969381193,619.6595619759909,636.5314807426638,8296427
2022-05-04,635.7645263671875,640.3659584036207,632.6969050095653,635.7645263671875,3551729
2022-05-05,644.9674072265625,650.3357447421225,641.8997857890996,646.5012179452939,5091069
2022-05-06,639.5990600585938,639.5990600585938,619.6595210159998,620.4264263637918,5655744
2022-05-09,623.4940795898438,634.230755007135,623.4940795898438,629.6293226854388,3073344
2022-05-10,628.8624267578125,631.930048351753,614.2912241865948,614.2912241865948,5843583
2022-05-11,635.7645263671875,637.2983370459986,623.494040936699,624.2609462761045,3755757
2022-05-12,628.8624267578125,640.3660077350895,628.8624267578125,634.9976699456936,4101437
2022-05-13,646.501220703125,648.0350314283993,634.9976402635676,637.298356351479,4569731
2022-05-16,632.697021484375,658.0049023437499,632.697021484375,651.1027530184658,4950541
2022-05-17,644.9674072265625,649.5688393827568,636.5314482735397,642.6666911484654,4006249
2022-05-18,655.7041625976562,655.7041625976562,648.0351080643503,654.9372571443257,5390518
2022-05-19,648.0350341796875,649.5688449114738,640.3659805207562,643.4336019843288,4799600
2022-05-20,648.802001953125,651.8696237117687,641.132947556516,644.9674747548205,3499866
2022-05-23,646.501220703125,657.2378957800452,646.501220703125,654.9371796921337,3192724
2022-05-24,636.531494140625,650.3357916039157,636.531494140625,650.3357916039157,2917189
2022-05-25,646.501220703125,650.3357475163108,633.4638295382932,638.8321670767534,3229937
2022-05-26,638.8322143554688,651.1027010657779,638.0653089360744,651.1027010657779,3458958
2022-05-27,652.636474609375,653.4033799849442,642.6667047269757,645.7343262292524,3283990
2022-05-30,673.3428955078125,673.3428955078125,662.6062206363895,663.3731259843483,5134164
2022-05-31,694.0493774414062,694.0493774414062,664.9069726427616,671.8091211477038,10189792
2022-06-01,694.0493774414062,699.4177151674725,687.1472289364641,692.5155666625302,5234259
2022-06-02,688.6809692382812,694.8162117259274,687.9140639273255,689.447874549237,3858451
2022-06-06,694.0493774414062,699.4177151674725,682.545796599836,687.1472289364641,5605415
2022-06-07,682.5457763671875,690.9817354009393,682.5457763671875,690.2148300342346,5521169
2022-06-08,713.2220458984375,715.5227621755292,690.2148831275201,692.5155994046119,10296010
2022-06-09,708.6205444335938,717.0565032958984,705.5529230291193,710.9212604869496,5894187
2022-06-10,713.2220458984375,716.2896676012265,700.9515590872816,701.7184645129788,4826273
2022-06-13,680.2450561523438,695.5831633936593,678.7112454282122,691.7486365833304,8704050
2022-06-14,674.8767700195312,676.4105808604847,664.1400941328569,667.2077158147638,6417629
2022-06-15,677.9443359375,684.8464841540583,673.3429037931279,674.8767145079186,5010720
2022-06-16,669.5083618164062,696.3500487162621,666.4407404564226,694.8162380362703,4915525
2022-06-17,637.2984008789062,656.4710362844088,637.2984008789062,649.5688875384279,12964828
2022-06-20,644.2005004882812,653.403364780971,638.0652576264881,642.666689772833,6893103
2022-06-21,665.6738891601562,665.6738891601562,649.5688757127332,660.3055513443486,7304422
2022-06-22,618.8926391601562,653.4033811207598,617.3588284063517,650.3357596131506,14514935
2022-06-23,580.9505004882812,623.952642033858,572.5187080283642,616.3640288199326,30393472
2022-06-24,564.9301147460938,586.8527759153451,564.0869354703533,575.048266054979,14518315
2022-06-27,571.6754760742188,586.0095219344868,571.6754760742188,577.5777302519762,10153354
2022-06-28,548.90966796875,571.6755067324309,544.6937719014016,564.9300730246736,16181238
2022-06-29,557.3414306640625,563.2436848465866,539.6346681164902,543.0073847922182,13465426
2022-06-30,548.90966796875,558.1846393169163,545.5369511148714,552.2823848226286,9682997
2022-07-01,516.0256958007812,552.2824031854766,514.3393373177721,549.752865460963,10051624
2022-07-04,515.1824951171875,525.3006455941209,510.966599085132,513.4961367043653,8976016
2022-07-05,518.5552368164062,531.2029255192455,503.37801037299926,526.1438500381098,8934695
2022-07-06,510.12347412109375,521.9279842660446,508.43711552895786,520.2416256739089,7663311
2022-07-07,536.261962890625,537.9483212644949,510.96658728257665,516.0256624041863,8633974
2022-07-08,548.90966796875,553.968743249568,541.321055047523,548.0664887552804,9061449
2022-07-11,537.1051635742188,553.1255687671703,535.4188051328554,552.2823895464886,5102748
2022-07-12,517.7120361328125,530.3597243119528,512.6529608611564,529.5165451000101,7334318
2022-07-13,534.57568359375,549.7529112036672,532.0461456587639,548.0665525803431,6616953
2022-07-14,544.69384765625,549.7529236406733,526.9870817107682,530.3597990337171,5473704
2022-07-15,546.380126953125,549.752843786169,537.948334870515,544.693768536603,7738288
2022-07-18,557.3414306640625,567.4595806912466,548.0664598058103,549.7528181436743,7836261
2022-07-19,558.1846313476562,562.4005273548138,552.2823769376357,554.8119145419303,4680873
2022-07-20,565.7733154296875,579.2641843520049,562.4005981991081,573.3619291984911,8066906
2022-07-21,603.7163696289062,603.7163696289062,571.6755567156403,574.2050945772139,11439799
2022-07-22,594.4413452148438,607.9322126239749,591.068628362561,605.4026749847628,8280121
2022-07-25,580.1072998046875,588.5390919530115,579.2641205898551,586.0095543085143,5931222
2022-07-26,574.2050170898438,586.8527046909417,569.1459420494047,572.5186587430308,5330274
2022-07-27,570.8323364257812,570.8323364257812,556.4982895731398,557.3414687997657,6598262
2022-07-28,575.0482177734375,584.3231890278478,571.675500953652,584.3231890278478,4665061
2022-07-29,575.8914184570312,591.9118239485152,569.989163802274,581.7936731117885,6916095
2022-08-01,585.1663818359375,586.8527402850325,568.3027973449883,576.734589590463,6377879
2022-08-02,575.8914184570312,581.7936731117885,566.6164468566983,572.5187015114557,6108080
2022-08-03,578.4209594726562,580.9504971962976,571.6755255429459,577.5777802314425,3556948
2022-08-04,576.7345581054688,583.4799915336029,573.3618413914016,580.9504539980526,3455237
2022-08-05,604.5595092773438,604.5595092773438,588.5391038711101,590.2254623349241,6982355
2022-08-08,597.8140258789062,607.0889966612306,595.2844883928178,601.1867425270242,5059785
2022-08-09,585.1663818359375,595.284532530507,581.7936649377477,591.9118156323173,5278814
2022-08-10,563.2437744140625,573.3619260502433,563.2437744140625,570.8323881411981,6321671
2022-08-11,564.9301147460938,569.9891904005364,559.0278598159107,564.9301147460938,9025318
2022-08-12,576.7345581054688,576.7345581054688,564.930049606234,568.3027663203011,4446417
2022-08-15,595.2844848632812,597.8140223343717,578.4209017226784,580.1072600367387,4793921
2022-08-16,595.2844848632812,604.5594555906129,594.4413057062511,597.8140223343717,5340783
2022-08-17,592.7549438476562,599.5003770635612,589.3822272397038,596.1276604556087,4656601
2022-08-18,591.9118041992188,594.4413418240017,582.6368329083477,591.9118041992188,4104406
2022-08-19,584.3232421875,591.0686764407467,584.3232421875,591.0686764407467,4021243
2022-08-22,570.8323364257812,575.891411785537,569.9891571991552,575.0482325589111,3039000
2022-08-23,569.9891967773438,572.5187346328645,560.7142246404343,563.243762495955,3485299
2022-08-24,562.4005737304688,575.8914420658324,562.4005737304688,573.3619042529517,3956917
2022-08-25,564.9301147460938,570.8323696762768,561.5573976431319,564.9301147460938,2981905
2022-08-26,571.6754760742188,579.2640885884783,569.1459385694656,572.5186552424698,2900649
2022-08-29,550.5960693359375,555.655145011306,548.9097107774813,553.9687864528498,4654505
2022-08-30,553.96875,556.4982876712329,546.3801369863014,550.5960331050228,4506040
2022-08-31,562.4005737304688,565.7732908143097,549.7528846660655,552.282422478946,4221631
2022-09-01,546.380126953125,557.3414566605179,542.16423091182,552.282381410952,7093281
2022-09-02,522.7711181640625,543.8505987351941,522.7711181640625,539.6347026209678,9474700
2022-09-05,532.046142578125,537.1052184188045,519.3984529764263,519.3984529764263,5842744
2022-09-06,530.3597412109375,536.2619958826014,528.6733827333193,533.732458166174,3988122
2022-09-07,521.927978515625,526.9870542362934,513.4961856478443,522.7711578024031,5069764
2022-09-08,525.3006591796875,527.8301968643409,520.2415838103808,524.4574799514697,3336148
2022-09-12,528.6734008789062,541.321089895148,527.8302216111567,534.5756557531524,5000340
2022-09-13,527.8302001953125,536.2619925307008,526.9870209617736,532.0460963630067,4327108
2022-09-14,518.5552368164062,520.2415953101181,507.593906607279,508.4370858541349,6129131
2022-09-15,519.3984375,522.7711546266233,515.1825410917207,515.1825410917207,3490200
2022-09-16,505.9075012207031,515.1824720764159,505.90750122070307,511.8097554016113,7961748
2022-09-19,509.2802734375,515.1825282621068,506.75073565552566,510.9666319588162,4262713
2022-09-20,510.12347412109375,515.1825498975013,508.43711552895786,511.8098327132296,3209089
2022-09-21,510.12347412109375,514.3393706014333,506.75075693682203,514.3393706014333,4305556
2022-09-22,498.3189697265625,505.9075834787437,494.9462525033709,504.22122486714784,5520105
2022-09-23,489.04400634765625,500.8485168457031,489.04400634765625,498.3189788818359,4137245
2022-09-26,479.7690124511719,485.67126743739016,475.5531160324445,483.14172958615376,5078590
2022-09-27,478.92584228515625,483.9849180839431,474.70994578616717,481.45538018454965,4395712
2022-09-28,459.53265380859375,485.6712084288991,459.53265380859375,482.2984917036984,7153489
2022-09-29,457.8463134765625,474.7098977666753,455.31677583304554,470.4940016941471,7957861
2022-09-30,464.59173583984375,467.1212734215489,449.41451034961295,451.94404793131804,5765497
2022-10-03,462.0622253417969,468.8076592883924,456.15997063852575,457.84632912517463,3207800
2022-10-04,483.1416931152344,483.14169311523443,475.55308013436684,475.55308013436684,4417460
2022-10-05,505.0643615722656,512.6529746843697,499.1621069295179,502.5348238682309,9523847
2022-10-06,494.94622802734375,509.28027551706236,493.25986949914153,508.4370962529613,6813772
2022-10-07,477.23944091796875,490.73030850575583,475.55308246949534,489.88712928151915,5990213
2022-10-11,466.27813720703125,476.3962884664967,456.1599859475659,460.37588230567644,8035781
2022-10-12,462.9053955078125,469.65082932213403,456.159961693491,469.65082932213403,6779101
2022-10-13,458.68951416015625,467.121306699865,453.630438636331,463.7485896839815,6734775
2022-10-14,493.2598571777344,495.78939490685093,471.3371968587239,473.86673458784054,9168365
2022-10-17,487.3575744628906,489.0439328520356,476.39624493344843,478.9257825171659,6538416
2022-10-18,495.7893981933594,501.6916529337565,485.67124720982144,500.00529443650015,6492274
2022-10-19,486.51446533203125,498.318975756032,486.51446533203125,493.2598998600317,5843559
2022-10-20,480.6121826171875,480.6121826171875,470.49403140419406,477.2394655461897,8517491
2022-10-21,478.0826110839844,488.20076158311633,476.39625266746236,478.0826110839844,4956286
2022-10-24,495.7893981933594,502.53483218238466,493.25986044747486,494.9462189447312,5684321
2022-10-25,474.7098693847656,499.1620651434836,474.7098693847656,498.31888597938985,6381937
2022-10-26,488.2008056640625,490.7303435172442,476.39629568254804,479.7690128201236,6518295
2022-10-27,496.6325378417969,499.1620753859826,491.5734627534254,496.6325378417969,6051076
2022-10-28,476.3962707519531,493.25985555733195,475.55309151168416,490.73031783652516,6036461
2022-10-31,497.47576904296875,509.2802788168697,485.67125926906783,493.259872695147,16334090
2022-11-01,505.0643615722656,509.2802577456568,497.47574846016147,499.1621069295179,7663380
2022-11-02,505.0643615722656,511.80979544969153,500.00528616419615,501.69164463355264,6657914
2022-11-03,505.9075012207031,507.59385955810546,494.94617202758786,494.94617202758786,6358739
2022-11-04,503.3779602050781,505.90749769354585,494.10298941402976,505.90749769354585,4370544
2022-11-07,522.7711181640625,525.3006558325983,506.7507129300025,512.6529674899194,8093011
2022-11-08,522.7711181640625,532.8892688382057,519.3984012726814,532.8892688382057,7837433
2022-11-09,548.0664672851562,553.1255423677884,527.8301669546274,529.5165253155047,12019117
2022-11-10,556.498291015625,556.498291015625,540.4778856682055,546.3801402698864,7154267
2022-11-11,590.2254028320312,590.2254028320312,573.3618198939732,588.5390445382254,15760682
2022-11-14,587.6959228515625,598.657252833012,585.1663851635357,594.4413566863007,9563892
2022-11-15,608.7754516601562,619.7367825072228,590.225507149736,593.5982243334488,13610403
2022-11-16,614.6776733398438,622.266286590953,606.2458808386114,617.2072110902135,9978727
2022-11-17,611.304931640625,623.9526198814656,603.7163186961208,623.9526198814656,6790953
2022-11-18,608.7754516601562,625.6390375787201,603.7163758845871,617.2072446194383,5407566
2022-11-21,607.0889892578125,608.7753475613064,597.8140185885959,603.7162726508246,4344910
2022-11-22,601.1868286132812,602.8731871788164,592.7550357856055,596.1277529166758,6221790
2022-11-23,594.4413452148438,608.7753918370456,594.4413452148438,608.7753918370456,3108090
2022-11-24,613.83447265625,620.5799064217033,599.5004259046617,602.8731427873884,7357285
2022-11-25,612.9912719726562,620.579884693088,609.6185552080199,614.6776303549744,5668842
2022-11-28,592.7549438476562,606.2458102794664,592.7549438476562,592.7549438476562,5409513
2022-11-29,601.1868286132812,605.4027250271191,586.0096015234649,586.0096015234649,5090965
2022-11-30,618.0504150390625,622.2663114581557,599.5004707950525,602.0300086465083,9170864
2022-12-01,624.7958374023438,637.4435264185855,622.2662995990954,632.3844508120887,6799631
2022-12-02,623.109375,630.6979871447902,615.5207628552097,615.5207628552097,4024014
2022-12-05,623.109375,636.6002410351826,623.109375,623.109375,4458434
2022-12-06,611.304931640625,627.3253367456897,607.0890355603449,623.1094406654095,4949511
2022-12-07,603.7163696289062,613.8345210752008,601.1868317673326,604.5595489160975,5243678
2022-12-08,594.4413452148438,611.3049294762577,594.4413452148438,610.461750263187,4093975
2022-12-09,614.6776733398438,614.6776733398438,599.5004468376254,602.0299845879952,4352527
2022-12-12,600.3435668945312,603.716283562478,594.4413127256244,602.8731043954913,4940725
2022-12-13,597.8140258789062,608.7753549852896,596.9708467168767,604.5594591751421,5634859
2022-12-14,605.4026489257812,610.4617239864423,602.0299322186738,604.5594697490044,4944047
2022-12-15,574.2050170898438,595.2844964250069,574.2050170898438,592.7549589047874,13507515
2022-12-16,556.498291015625,560.7141871596828,548.909677956321,550.5960364139441,12668262
2022-12-19,553.1256103515625,558.1846860559975,548.0665346471275,548.0665346471275,6529791
2022-12-20,544.69384765625,556.4983582865711,544.69384765625,548.0665649791989,5800713
2022-12-21,551.439208984375,557.3414635147888,544.6937752353307,547.2233128912222,4667715
2022-12-22,557.3414306640625,563.2436848465866,557.3414306640625,560.7141473397905,4043075
2022-12-23,556.498291015625,557.3414702444366,546.3801402698864,548.909677956321,2381097
2022-12-26,548.90966796875,557.3414601034466,548.90966796875,557.3414601034466,1464464
2022-12-27,553.1256103515625,559.8710446241425,550.596072499345,551.4392517834175,1927473
2022-12-28,537.9483642578125,547.223336055361,523.6143169343285,547.223336055361,8725713
2022-12-29,530.3597412109375,532.0460996885557,525.3006657780827,531.2029204497466,3623909
2022-12-30,526.9869995117188,539.6346874999999,526.9869995117188,535.4187915039062,2332797
2023-01-03,543.0074462890625,543.8506255534866,523.6143232073103,525.3006817361584,4451795
2023-01-04,536.261962890625,543.0073963861046,535.4187837036901,538.7915004514299,2734185
2023-01-05,532.046142578125,540.4779356459242,526.9870667374455,537.9483977255844,5231120
2023-01-06,556.498291015625,556.498291015625,534.5756310665246,534.5756310665246,6890898
2023-01-09,569.14599609375,569.14599609375,560.7142035590277,565.7732790798611,6953372
2023-01-10,585.1663818359375,586.8527402850325,574.2050519168206,576.734589590463,8579851
2023-01-11,596.1277465820312,596.1277465820312,585.1664160225314,590.2254916653775,6807896
2023-01-12,602.8731689453125,607.0890652316434,596.9709141444494,598.6572726589817,6154916
2023-01-13,585.1663818359375,612.1481170214563,582.6368441622951,608.7754001232664,6607197
2023-01-16,593.5982055664062,600.34363972057,591.0686677585949,596.1277433742176,4831796
2023-01-17,584.3232421875,597.8141106939935,584.3232421875,595.284572849026,4423459
2023-01-30,623.109375,623.109375,597.8140011840325,618.8934793640054,14092868
2023-01-31,605.4026489257812,634.0707409361943,603.7162905722275,618.8935157542109,10849696
2023-02-01,610.4617309570312,613.8344477026502,605.4026558386029,610.4617309570312,5742796
2023-02-02,629.8549194335938,634.9139950916949,621.4231266700918,629.8549194335938,11004915
2023-02-03,633.2276000976562,634.9139585533092,624.7958078193918,625.6389870472183,6331833
2023-02-06,616.364013671875,631.5412397267228,615.5208344466057,628.1685228256456,7504061
2023-02-07,604.5595092773438,623.1094523792984,603.7163300454367,623.1094523792984,7083578
2023-02-08,627.3253784179688,629.8549162341702,611.3049722486926,612.1481515207598,7726469
2023-02-09,631.541259765625,631.541259765625,620.579929489319,623.9526464974132,3943535
2023-02-10,623.95263671875,631.5412498680321,623.1094574799408,631.5412498680321,3178891
2023-02-13,616.364013671875,621.423089023491,612.1481175455284,619.7367305729523,4083761
2023-02-14,617.2072143554688,625.6390069013084,616.3640351008847,621.4231106283886,3253855
2023-02-15,598.6572875976562,615.5208731637874,596.9709290410432,615.5208731637874,6560069
2023-02-16,599.5004272460938,605.4026818040721,595.284531133252,603.7163233589355,5055383
2023-02-17,609.6185302734375,609.6185302734375,596.1276637666948,596.9708429233661,3496855
2023-02-20,612.1481323242188,617.2072077979726,606.2458776048392,611.304953078593,2557688
2023-02-21,611.304931640625,618.8935445851293,610.461752424569,613.8344692887931,2680312
2023-02-22,601.1868286132812,608.7754421581894,601.1868286132812,605.4027250271191,4226425
2023-02-23,628.16845703125,628.16845703125,608.775336881292,610.4616951552014,7415265
2023-02-24,609.6185302734375,634.0707258169087,609.6185302734375,633.2275466602373,8014012
2023-03-01,666.954833984375,670.3275512232341,616.3640754014895,621.423151259778,15610514
2023-03-02,653.4638671875,666.111554939516,651.7775088205644,666.111554939516,9407400
2023-03-03,653.4638671875,665.2683757560484,650.091150453629,655.9934047379032,6400777
2023-03-06,661.052490234375,670.3274613983777,655.1502358572824,661.8956694311025,7426468
2023-03-07,664.42529296875,666.1116515803458,660.2093964397604,665.2684722745479,5137242
2023-03-08,647.5616455078125,661.0525131225586,645.0321078300476,659.3661546707153,8327224
2023-03-09,646.7184448242188,653.463878407783,646.7184448242188,648.4048032201098,5235081
2023-03-10,637.4434814453125,641.6593774866175,634.9139438205295,639.9730190700955,5780275
2023-03-13,644.1889038085938,644.1889038085938,626.4821407457921,637.4434702608598,4934528
2023-03-14,641.659423828125,647.5616787122208,631.5412725982466,631.5412725982466,4970598
2023-03-15,639.1298828125,651.7775717863622,638.2867035475759,645.8753169318932,5204405
2023-03-16,637.4434814453125,645.0320943196615,630.6980477792246,633.2275854040075,5857200
2023-03-17,651.777587890625,655.1503050336554,645.8753328903218,649.2480500333522,6673769
2023-03-20,649.248046875,657.6798396915584,647.5616883116883,651.7775847199675,5239975
2023-03-21,650.0911865234375,656.8366203654447,643.3457526814303,654.307082674692,5224780
2023-03-22,658.52294921875,661.8956659881162,654.3070532570422,655.1502324493838,5008621
2023-03-23,668.64111328125,669.4842924909364,655.9934251359552,657.6797835553278,4688952
2023-03-24,666.111572265625,669.484289087223,661.8956762386274,666.111572265625,4299481
2023-03-27,657.6798095703125,666.111602000701,656.8366303272736,665.2684227576623,3000386
2023-03-28,645.8753051757812,657.6798146698557,645.8753051757812,653.4639184219719,3940649
2023-03-29,651.777587890625,653.4639464621403,645.0321536045642,652.6207671763826,2913723
2023-03-30,655.993408203125,660.2093041427338,653.4638706393597,657.6797665789685,2970689
2023-03-31,663.58203125,665.2683896521601,655.9934184402796,655.9934184402796,4356288
2023-04-06,634.9139404296875,655.1502413198767,633.2275820221718,652.6207037086031,8692104
2023-04-07,631.541259765625,634.0707975216956,626.4821842534839,631.541259765625,4322843
2023-04-10,625.638916015625,632.3843490723972,623.1093786193354,630.6979908082042,5720960
2023-04-11,637.4434814453125,639.9730190700955,626.4821517379196,626.4821517379196,4506545
2023-04-12,639.1298828125,640.8162413423483,634.0708072229552,637.4435242826518,3537841
2023-04-13,632.3843994140625,640.8161914062499,631.5412202148437,639.9730122070312,5072055
2023-04-14,630.6980590820312,639.1298513157482,629.0117006352879,635.7571344222614,4358117
2023-04-17,597.8140258789062,598.6572050409358,585.166338448464,594.4413092307883,14011693
2023-04-18,580.1072998046875,592.7549880271735,577.5777621601903,591.9118088123411,13970100
2023-04-19,569.14599609375,577.5777886284723,569.14599609375,575.0482508680556,10748670
2023-04-20,567.4596557617188,576.7346278469772,557.3415043959824,557.3415043959824,9881462
2023-04-21,560.7141723632812,572.5186812551398,560.7141723632812,569.9891436354558,5084036
2023-04-24,569.9891967773438,574.2050932032116,559.0278660700872,559.0278660700872,4674121
2023-04-25,548.0664672851562,571.6754843374399,548.0664672851562,571.6754843374399,8340199
2023-04-26,547.223388671875,549.7529266780624,537.9484159825212,540.4779539887086,7111965
2023-04-27,558.1846313476562,562.4005273548138,550.5960185347727,551.4391977362043,4627385
2023-04-28,560.7141723632812,568.3027852223331,559.0278139501586,563.2437099829652,6381645
2023-05-02,565.7733154296875,567.4596740449772,551.4392671997252,551.4392671997252,6341076
2023-05-03,573.3618774414062,573.3618774414062,563.2437266630285,568.3028020522173,6487920
2023-05-04,563.2437744140625,568.3028502321529,561.5574158080324,568.3028502321529,5568985
2023-05-05,569.14599609375,571.6755338541667,566.6164583333333,569.14599609375,3164748
2023-05-08,569.14599609375,576.734609375,568.3028168402777,574.2050716145833,2957572
2023-05-09,570.8323364257812,574.2050533322852,568.3027987459034,574.2050533322852,2163899
2023-05-10,563.2437744140625,570.8323881411981,561.5574158080324,570.8323881411981,3766277
2023-05-11,563.2437744140625,568.3028502321529,559.8710572020022,561.5574158080324,3130043
2023-05-12,567.4596557617188,569.9891936031529,557.3415043959824,567.4596557617188,5100737
2023-05-15,573.3618774414062,575.0482359044692,567.4596228206859,569.9891605152803,3589435
2023-05-16,573.3618774414062,580.1073112936581,573.3618774414062,580.1073112936581,3763602
2023-05-17,577.5777587890625,580.9504756287066,570.8323251097742,573.3618627395073,7787494
2023-05-18,580.9505004882812,585.1663967182398,577.5777835043144,581.7936797342729,4371571
2023-05-19,588.5390625,588.5390625,581.7936291189112,582.6368082915474,4968629
2023-05-22,594.4413452148438,597.8140620671265,591.068628362561,591.9118075756317,4440987
2023-05-23,603.7163696289062,608.7754453520535,596.9709353313766,598.6572939057589,5240558
2023-05-24,599.5004272460938,601.1867856912304,591.0686350204103,601.1867856912304,5640355
2023-05-25,596.970947265625,605.4027403061,595.2845886575301,596.970947265625,4666860
2023-05-26,615.5208740234375,621.4231289798266,596.970929874786,596.970929874786,10749900
2023-05-29,622.2662353515625,639.129818965426,622.2662353515625,636.6002814233465,10036727
2023-05-30,643.3457641601562,651.7775566131072,638.2866886883857,639.9730471789759,16298604
2023-05-31,639.9730224609375,646.7184561627656,630.6980511209239,638.2866640354805,12027736
2023-06-01,630.6980590820312,641.6593889858633,630.6980590820312,636.6003136456332,6202943
2023-06-02,633.2276000976562,642.502571603747,632.3844208698298,635.7571377811355,6399171
2023-06-05,639.9730224609375,646.7184561627656,638.2866640354805,638.2866640354805,5242068
2023-06-06,638.2866821289062,644.1889367853162,634.0707859457563,640.8162198387962,4171308
2023-06-07,647.5616455078125,648.4048247337341,637.4434947967529,639.9730324745178,5292636
2023-06-08,647.5616455078125,653.4639000892639,643.3457493782043,649.2480039596558,7246478
2023-06-09,644.1889038085938,649.2479789693942,641.6593662281936,647.5616205824607,4570550
2023-06-12,646.7184448242188,648.4048032201098,643.3457280324367,648.4048032201098,3852674
2023-06-13,656.8366088867188,659.3661465332658,647.5616375160462,649.2479959470776,7182494
2023-06-14,657.6798095703125,659.3661680563902,654.307092598157,658.5229888133514,5287535
2023-06-15,645.8753051757812,656.8366354202789,645.0321259262046,655.1502769211254,7917545
2023-06-16,633.2276000976562,645.0321092872264,633.2276000976562,640.8162131480942,10097247
2023-06-19,661.895751953125,668.641186367934,644.1889866142516,648.4048831235071,19694676
2023-06-20,645.0975952148438,676.8390108983527,645.0975952148438,660.9683030565983,24572675
2023-06-21,646.9647216796875,649.7654347605519,637.6290114101394,643.2304375718682,11451567
2023-06-26,639.49609375,644.1639484489051,639.49609375,642.2968065693431,4552895
2023-06-27,635.7619018554688,642.2968993782122,634.8283307807911,634.8283307807911,4553912
2023-06-28,648.8318481445312,650.6989901535802,639.4961380992862,646.0311351309578,4150494
2023-06-29,649.7654418945312,658.1675812293744,648.8318708573265,657.2340101921695,4275815
2023-06-30,642.296875,646.0311591569767,640.4297329215117,646.0311591569767,4338115
2023-07-03,645.0975952148438,651.6325925614485,644.1640241653288,646.0311662643587,2906690
2023-07-04,653.4996948242188,655.3668368094309,645.0975558907645,649.7654108537947,3753123
2023-07-05,650.6990356445312,656.3004620632789,649.7654645747399,656.3004620632789,3610090
2023-07-06,644.1640014648438,652.5661406143852,642.2968594316123,646.0311434980752,4200756
2023-07-07,636.6954345703125,640.4297186440386,634.8282925334494,640.4297186440386,4297744
2023-07-10,628.2933349609375,640.4297589646405,628.2933349609375,634.828332501393,5647752
2023-07-11,640.4296875,641.363258473032,631.0939777696793,636.6954036078716,3372502
2023-07-12,639.49609375,643.2303775091241,634.8282390510949,643.2303775091241,3890508
2023-07-13,634.8283081054688,646.9647316427792,634.8283081054688,646.0311606014476,5058111
2023-07-14,646.0311279296875,651.6325538943958,639.4961309708613,640.4297019649792,6044895
2023-07-17,637.6290283203125,646.0311677857339,635.7618862168855,646.0311677857339,4271120
2023-07-18,637.6290283203125,640.4297414754529,632.9611730617451,634.8283151651721,4684651
2023-07-19,649.7654418945312,652.5661550061457,643.2304446340978,644.1640156713025,6185652
2023-07-20,646.0311279296875,650.6989829002778,643.2304149473334,650.6989829002778,2484977
2023-07-21,636.6954345703125,637.629005588744,608.6883040173661,632.0275794781547,11417157
2023-07-24,630.160400390625,644.16396484375,628.2932584635416,633.8946842447917,7400747
2023-07-25,620.82470703125,633.8947008634868,620.82470703125,630.1604169114191,6931420
2023-07-26,611.489013671875,625.4925788704676,610.5554426586356,620.8247238042701,6972659
2023-07-27,614.2896728515625,617.0903856457186,610.555389126021,614.2896728515625,4674341
2023-07-28,614.2896728515625,621.7582403026453,611.4889600574064,616.1568147143332,4178929
2023-07-31,644.1640014648438,651.6325695977695,638.5625753651495,645.0975724814595,16722852
2023-08-01,665.6361083984375,667.5032503574794,648.8318307670604,653.4996856646652,13914572
2023-08-02,661.9017944335938,672.1710747421545,657.2339397478844,664.7025072450194,8947248
2023-08-04,659.1011352539062,663.7689903194438,652.5661381621536,662.8354193063362,6732210
2023-08-07,659.1011352539062,664.7025613325513,656.3004222145837,661.9018482932288,3488590
2023-08-08,644.1640014648438,658.1675667140795,644.1640014648438,658.1675667140795,5604493
2023-08-09,654.433349609375,655.3669207215139,640.4297829272914,643.2304962637081,3176525
2023-08-10,646.9647216796875,656.3004319492356,642.2968665449134,655.3668609222808,4319324
2023-08-11,633.8947143554688,643.2304244343417,630.1604303239196,642.2968534264544,4857156
2023-08-14,627.3596801757812,628.2932511284238,621.7582544599261,627.3596801757812,3498430
2023-08-15,632.9611206054688,638.5625464515349,631.0939786567801,636.6954045028461,2734494
2023-08-16,643.2304077148438,651.6325465674324,637.628981813118,651.6325465674324,5944886
2023-08-17,629.2269287109375,635.7619264868672,628.2933576000904,634.8283553760201,4594977
2023-08-18,629.2269287109375,633.894784265173,624.5590731567021,625.4926442675492,3179069
2023-08-21,624.5590209960938,633.8947313248844,622.6918789303356,632.9611602920054,2683227
2023-08-22,627.3596801757812,636.6953897022066,623.6253963652111,630.1603930337088,3686021
2023-08-23,626.4261474609375,631.0940025090815,625.4925764513087,627.3597184705663,2048921
2023-08-24,645.0975952148438,646.0311662643587,634.8283136701791,636.695455769209,5599510
2023-08-25,647.8983154296875,648.8318864893845,641.3633180118088,646.0311733102936,5624927
2023-08-28,654.433349609375,661.9019185064863,651.6326362729583,653.4997784972361,5872295
2023-08-29,662.83544921875,668.4368755501761,655.3668807768486,666.5697334397007,5186169
2023-08-30,661.9017944335938,667.5032200564451,655.3667978736006,666.5696491193032,4253988
2023-08-31,658.1675415039062,666.5696803316157,657.2339705230496,658.1675415039062,5761753
2023-09-01,662.83544921875,664.7025913292254,654.4333097216108,660.0347360530369,2955148
2023-09-04,663.76904296875,665.6361851430643,658.167616445807,665.6361851430643,2380158
2023-09-05,670.3040161132812,670.3040161132812,663.7690187417032,664.7025897947858,4791289
2023-09-06,664.7025756835938,674.0382860162284,664.7025756835938,673.104714982965,3074614
2023-09-07,669.3704223632812,670.3039933847084,660.9682831704367,661.9018541918639,3205892
2023-09-08,661.9017944335938,662.8353653707356,654.4332269364587,658.1675106850263,4421983
2023-09-11,666.5697021484375,667.5032731598499,660.9682760799632,667.5032731598499,2101421
2023-09-12,679.6397094726562,680.5732805021516,661.9018599122435,662.8354309417389,6513877
2023-09-13,683.3739624023438,694.5768142450052,680.5732494416784,689.9089593105629,9197173
2023-09-14,684.3074951171875,686.1746369865386,676.838927639783,686.1746369865386,5527046
2023-09-15,712.314697265625,712.314697265625,688.0418504387492,691.7761345659609,16255632
2023-09-18,730.0525512695312,739.3882616438219,700.1782780718011,701.1118491092301,11994826
2023-09-19,721.650390625,730.0525297137775,713.2482515362226,730.0525297137775,6244891
2023-09-20,708.5803833007812,715.1153802482194,701.1118153608521,714.1818092557281,5042205
2023-09-21,696.4439697265625,711.3811058064888,694.5768277165718,702.0453957565348,5034920
2023-09-22,696.4439697265625,698.3111117365534,679.6396916366455,686.1746886716132,7559485
2023-09-25,704.8461303710938,711.3811276063224,691.7761359006364,691.7761359006364,4563725
2023-09-26,688.0418090820312,704.8460866444146,687.1082381063433,698.3110898145989,3845914
2023-09-27,688.0418090820312,688.0418090820312,679.6396703008396,679.6396703008396,3824756
2023-09-28,686.1747436523438,691.7761701311384,681.5068882533482,689.9090279715401,3769234
2023-10-02,695.5104370117188,698.3111501808935,690.8425817297609,697.3775791245018,3898779
2023-10-03,720.7168579101562,731.9197106237856,715.1154315533416,716.0490026128107,10288796
2023-10-04,728.1854248046875,730.9861379770132,713.248287885617,719.7832852877103,7599174
2023-10-05,733.7868041992188,733.7868041992188,724.4510942221294,730.9860912060919,5604602
2023-10-06,733.7868041992188,737.5210881900545,729.1189492106741,737.5210881900545,2927223
2023-10-11,759.9268188476562,761.793960908707,737.5211141150472,737.5211141150472,12439451
2023-10-12,760.8604125976562,764.5946968312644,751.524702013636,762.7275547144603,6769337
2023-10-13,786.0668334960938,786.0668334960938,763.6611280282716,765.5282701505902,9828945
2023-10-16,784.1995849609375,792.6017233712332,776.7310174851191,782.3324430919829,5765614
2023-10-17,770.1961059570312,797.2696660452177,765.5282507694128,788.8675267075047,8242227
2023-10-18,758.9932250976562,767.3953641208776,746.8568020641144,746.8568020641144,7594780
2023-10-19,774.8638916015625,782.332459231457,757.1260434805629,757.1260434805629,7509749
2023-10-20,772.996826171875,781.3989655867866,758.0596894342542,775.7975393101789,8501964
2023-10-23,766.4617919921875,773.9303600018557,761.793936986145,770.1960759970216,5304563
2023-10-24,761.7939453125,768.3289423923866,750.5910931755515,766.4618003695618,5036466
2023-10-25,767.3954467773438,776.7311578086983,761.794020158531,763.661162364802,6474280
2023-10-26,762.7275390625,762.7275390625,757.126112827035,760.8603969840117,5446904
2023-10-27,747.7904052734375,769.2625392575686,746.8568342306492,769.2625392575686,6956960
2023-10-30,800.0703125,806.605309218203,763.6610450700116,764.5946160297549,16172619
2023-10-31,786.0668334960938,803.8046836581196,778.5982650068197,802.8711125969604,10786996
2023-11-01,789.8011474609375,799.1368584238328,776.7311521128842,797.2697162312537,6856015
2023-11-02,810.339599609375,818.7417383150022,798.2031770345802,805.6717447729155,9692237
2023-11-03,812.2068481445312,817.8082746834591,806.6054216056035,814.0739903241739,5567970
2023-11-06,823.4096069335938,830.878174796937,815.0074680873325,820.60889398484,7264020
2023-11-07,829.0110473632812,839.280328355394,820.6089083697344,830.8781893618471,7077114
2023-11-08,853.283935546875,855.1510776377872,835.5460856832092,838.3467988195774,9312449
2023-11-09,844.8817138671875,852.3502815035826,839.2802881398912,852.3502815035826,6788362
2023-11-10,825.2767333984375,843.9481527060944,825.2767333984375,840.2138688445631,7551994
2023-11-13,845.8153686523438,863.553218546819,844.8817976052661,848.6160817935768,9498188
2023-11-14,844.8817138671875,856.08456532178,842.0810010035393,855.1509943672306,4757053
2023-11-15,847.6824951171875,863.5532026248882,840.2139268782695,863.5532026248882,8426367
2023-11-16,833.678955078125,853.2839473028066,831.8118129614887,853.2839473028066,7645459
2023-11-17,843.9482421875,844.8818132518667,833.6789604794662,836.4796736725664,4816081
2023-11-20,851.416748046875,862.6195999948602,843.9481800815515,858.8853160121985,6970538
2023-11-21,864.4867553710938,871.9553234520536,854.2174742597741,860.7524713306138,9543750
2023-11-22,879.4238891601562,879.4238891601562,863.553182030939,866.353895053742,6417661
2023-11-23,868.2210693359375,887.8260612241684,867.2874982936407,887.8260612241684,5187583
2023-11-24,882.224609375,886.8924644510582,870.0881861772486,872.8888992228837,4498302
2023-11-27,869.1546630859375,887.8260844196849,869.1546630859375,883.1582290862481,5615291
2023-11-28,879.4238891601562,879.4238891601562,863.553182030939,867.287466061343,5645888
2023-11-29,885.025390625,885.9589617121571,873.8225375791139,878.4903930148997,5118355
2023-11-30,882.224609375,889.6931774966931,876.6231832837301,885.9588934358466,7275320
2023-12-01,884.0917358398438,884.0917358398438,875.6895968508695,879.4238808459692,3387061
2023-12-04,871.021728515625,883.1581513138063,868.2210155621987,882.2245803293308,5071102
2023-12-05,867.2874755859375,871.0217596573517,859.8189074431092,863.5531915145234,5175120
2023-12-06,865.4203491210938,871.0217753289973,863.5532070517926,863.5532070517926,3093275
2023-12-07,869.1546630859375,880.357515886186,865.420378819188,871.0218052193122,3018069
2023-12-08,880.3574829101562,883.1581960053105,874.7560567198477,878.4903408467201,4934438
2023-12-11,878.4903564453125,881.2910695901967,870.0882170106603,879.4239274936073,5648215
2023-12-12,876.6231689453125,886.8924499446719,872.8888849455454,886.8924499446719,4510280
2023-12-13,891.560302734375,891.560302734375,876.6231667723331,881.2910217604712,5889291
2023-12-14,901.8296508789062,904.6303640803936,889.6932270057947,897.1617955430942,6610988
2023-12-15,929.8367309570312,931.7038729870654,906.4974555816037,910.2317396416721,11839614
2023-12-18,923.3016967773438,930.7702645975852,915.8331289571024,928.9031226425249,4783607
2023-12-19,926.1024780273438,927.9696201201409,912.0989123313658,912.0989123313658,5008169
2023-12-20,917.7003173828125,928.9031696804664,917.7003173828125,927.0360276308575,6393160
2023-12-21,911.1653442382812,917.7003415842524,907.4310600405834,907.4310600405834,4418453
2023-12-22,924.2353515625,924.2353515625,913.9660698784721,914.8996409406565,3285155
2023-12-25,928.9031982421875,931.7039114027167,921.4346298141096,925.1689140281485,3304233
2023-12-26,933.571044921875,938.2389001464844,928.9031896972657,932.6374738769532,3241620
2023-12-27,970.913818359375,980.2495281512921,942.9066889836238,942.9066889836238,8561649
2023-12-28,956.9102783203125,984.9174084174924,956.9102783203125,975.5816983850991,5447955
2023-12-29,947.5745849609375,961.5781502559267,942.9067298626077,956.9102951575969,5039654
2024-01-02,915.8331909179688,947.5746063014661,914.8996198772777,942.9067510980107,10009034
2024-01-03,889.6931762695312,912.0988806037062,889.6931762695312,911.1653095897823,12547023
2024-01-04,889.309814453125,907.517666257661,883.5599665148504,900.809510329674,8449251
2024-01-05,882.6017456054688,896.0180587851393,882.6017456054688,890.2682102795662,5524580
2024-01-08,881.6434326171875,896.976361880095,879.726816459324,891.2265134065048,5553064
2024-01-09,889.309814453125,900.809510329674,887.3931984737002,898.8928943502492,5782533
2024-01-10,885.4766845703125,896.01807367234,883.5600683699439,896.01807367234,4252336
2024-01-11,881.6434326171875,897.9346699590268,881.6434326171875,893.1431295643682,6787619
2024-01-12,887.3932495117188,890.268173646206,877.810169063428,881.6434012427444,4733940
2024-01-15,883.5599975585938,896.0180018625653,880.6850734884465,896.0180018625653,4242507
2024-01-16,857.6856689453125,878.7684451651974,857.6856689453125,876.8518291452078,10182511
2024-01-17,842.352783203125,865.3521766011626,842.352783203125,852.8941718438922,11463245
2024-01-18,859.6023559570312,859.6023559570312,847.1443507982336,847.1443507982336,6754372
2024-01-19,881.6434326171875,881.6434326171875,869.185427591075,881.6434326171875,9037844
2024-01-22,883.5599975585938,903.6844660496246,881.6433815118289,889.3098456988882,9381596
2024-01-23,873.0186157226562,883.5600040573975,871.1019996617943,879.7267719356734,6015511
2024-01-24,896.976318359375,896.976318359375,876.8518496782351,877.8101577106704,7798880
2024-01-25,903.6845092773438,910.3926657619052,894.1014285851132,899.8512770004515,8962616
2024-01-26,896.976318359375,899.8512424566807,889.3098540998931,896.976318359375,5273128
2024-01-29,898.8929443359375,905.6011006369519,887.3932478199126,905.6011006369519,7026602
2024-01-30,922.8506469726562,932.4337274188936,898.8929458570628,898.8929458570628,9478077
2024-01-31,925.7255859375,936.2669745972438,918.0591214576864,935.3086665372671,9080284
2024-02-01,891.2265014648438,911.3509708527596,883.560036936114,911.3509708527596,16712977
2024-02-02,896.976318359375,896.976318359375,887.3932380350227,892.1847781971989,7360212
2024-02-05,897.9346313476562,900.8095554608291,889.3098590081377,890.268167045862,5742677
2024-02-15,931.4754028320312,942.0167911356859,911.350934252327,942.0167911356859,11678406
2024-02-16,929.5587768554688,936.2669329771062,922.8506207338314,935.3086249597294,4417821
2024-02-19,922.8506469726562,932.4337274188936,911.3509504371715,932.4337274188936,4193442
2024-02-20,941.0584716796875,943.9333957275888,919.9756953284115,919.9756953284115,7570527
2024-02-21,940.1002197265625,944.8917600921412,931.4754470685206,931.4754470685206,5334177
2024-02-22,972.6826782226562,977.4742185094674,946.8083606738762,946.8083606738762,10182733
2024-02-23,1054.1387939453125,1054.1387939453125,967.891074440696,991.8487743030895,23431414
2024-02-26,1068.5135498046875,1073.3050903867713,1015.8066034017656,1044.5558468942684,12036894
2024-02-27,1068.5135498046875,1111.6374150434417,1058.9304686405198,1078.0966309688552,17137848
2024-02-29,1092.4710693359375,1097.2626091137267,1063.7218306692023,1068.5133704469915,9126357
2024-03-01,1058.930419921875,1116.4289042615244,1049.3473391986001,1116.4289042615244,12066326
2024-03-04,1102.0543212890625,1106.8458618164063,1058.9304565429688,1068.5135375976563,12304302
2024-03-05,1106.8458251953125,1111.6373655641235,1082.8881233512582,1102.0542848265015,8416339
2024-03-06,1140.3865966796875,1149.9696773240546,1092.471193457852,1097.2627337800354,9634661
2024-03-07,1178.7188720703125,1207.4681128525153,1164.344251679211,1169.1357918095782,15008514
2024-03-08,1178.7188720703125,1221.8427332436165,1145.1780911577425,1207.4681128525153,16121484
2024-03-11,1173.9273681640625,1193.0935292769452,1154.7612070511798,1183.510448720504,5703039
2024-03-12,1164.3443603515625,1173.9274415067193,1140.3866574636702,1149.9697386188273,5088394
2024-03-13,1164.3443603515625,1207.4682255497685,1159.552819773984,1193.0936038170332,6917876
2024-03-14,1102.0543212890625,1178.7189697265626,1092.471240234375,1169.135888671875,12529434
2024-03-15,1087.6796875,1102.054308920705,1073.305066079295,1087.6796875,8516381
2024-03-18,1121.220458984375,1130.8035398303953,1087.679676023304,1087.679676023304,5901035
2024-03-19,1102.0543212890625,1116.4289428710938,1087.6796997070312,1102.0543212890625,8740357
2024-03-20,1082.8880615234375,1126.0119223805655,1073.3049813329646,1097.262681809147,6032629
2024-03-21,1092.4710693359375,1111.6372284470942,1078.0964500025698,1111.6372284470942,6391070
2024-03-22,1078.0965576171875,1097.262718641493,1063.7219368489582,1092.4711783854166,5827756
2024-03-25,1073.304931640625,1092.4710911342077,1068.5133917672292,1073.304931640625,3241531
2024-03-26,1082.8880615234375,1121.2203822853292,1073.3049813329646,1092.4711417139104,6534083
2024-03-27,1116.4288330078125,1126.0119131194674,1078.0965125611922,1087.6795926728473,5980133
2024-03-28,1111.6373291015625,1130.803489948141,1087.679628043339,1111.6373291015625,6926740
2024-03-29,1135.594970703125,1135.594970703125,1111.6372708992617,1111.6372708992617,4051000
2024-04-01,1111.6373291015625,1149.9696507947199,1106.845788889918,1140.3865703714305,5359025
2024-04-02,1116.4288330078125,1135.5949932311225,1111.6372929519848,1121.22037306364,4164058
2024-04-03,1111.6373291015625,1126.0119497364965,1092.471168254984,1102.054248678273,4100953
2024-04-08,1102.0543212890625,1130.803564453125,1097.2627807617187,1126.0120239257812,4066781
2024-04-09,1111.6373291015625,1126.0119497364965,1102.054248678273,1111.6373291015625,3322521
2024-04-10,1145.1781005859375,1164.3442612652,1116.4288595670437,1121.2203997368592,6393274
2024-04-11,1149.9696044921875,1178.7188446044922,1135.5949844360352,1154.7611445109048,6271331
2024-04-12,1130.803466796875,1149.9696272510594,1116.4288464562367,1140.386547023967,5214036
2024-04-15,1063.721923828125,1111.6373258023648,1063.721923828125,1111.6373258023648,9187015
2024-04-16,1011.0149536132812,1044.5557340649068,1011.0149536132812,1020.598033742317,12016661
2024-04-17,1006.2234497070312,1030.1811508905319,1001.4319094703311,1020.5980704171317,7727084
2024-04-18,1006.2234497070312,1015.8065301804315,977.4742082868303,1001.4319094703311,7168984
2024-04-19,951.599853515625,987.057249870185,929.5587692952228,977.474169774358,15661098
2024-04-22,925.7255859375,947.7666713169643,925.7255859375,942.9751310170808,9091869
2024-04-23,931.4754028320312,947.7666393013158,929.5587867768213,947.7666393013158,5846136
2024-04-24,967.89111328125,977.4741936107674,952.5581847540224,953.516492786974,6229216
2024-04-25,940.1002197265625,963.0996134813407,935.3086793609837,954.4748408232989,6053259
2024-04-26,963.099609375,963.099609375,945.8500641324628,949.6832964085821,5747819
2024-04-29,972.6826782226562,1011.0150005171452,963.099597649034,1011.0150005171452,7963720
2024-04-30,950.6416015625,987.0573080739667,950.6416015625,972.6826870825984,5868406
2024-05-02,958.3080444335938,977.4742053222656,941.0584996337891,948.7249639892578,5401225
2024-05-03,996.6403198242188,1006.2233998225286,987.0572398259089,996.6403198242188,6598170
2024-05-06,991.8488159179688,1015.8065167855525,991.8488159179688,1015.8065167855525,4516638
2024-05-07,1001.4319458007812,1011.0150266218415,991.8488649797212,1006.2234862113114,3178782
2024-05-08,1049.347412109375,1054.1389528039383,1015.8066272474315,1034.9727900256848,9985063
2024-05-09,1049.347412109375,1078.096656276755,1044.5558714148117,1054.1389528039383,7792270
2024-05-10,1049.347412109375,1058.9304934985016,1034.9727900256848,1058.9304934985016,4456276
2024-05-13,1068.5135498046875,1073.3050903867713,1054.138928058436,1068.5135498046875,4025166
2024-05-14,1106.8458251953125,1111.6373655641235,1063.7219618760146,1068.5135022448255,7534580
2024-05-15,1106.8458251953125,1126.0119866705559,1097.2627444576908,1121.2204463017451,5522444
2024-05-16,1140.3865966796875,1159.5527579684217,1126.011975713137,1130.8035160353204,10020318
2024-05-17,1116.4288330078125,1135.5949932311225,1116.4288330078125,1130.803453175295,6360397
2024-05-20,1140.3865966796875,1145.1781370018712,1116.4288950687699,1116.4288950687699,6031212
2024-05-21,1126.011962890625,1140.386583693484,1116.4288823553857,1130.8035031582447,3369008
2024-05-22,1135.594970703125,1140.3865106638978,1111.6372708992617,1140.3865106638978,4429872
2024-05-23,1154.7611083984375,1159.5526482673108,1135.5949489229447,1145.178028660691,6200782
2024-05-24,1145.1781005859375,1154.7611809255686,1140.3865604161217,1140.3865604161217,3253977
2024-05-27,1231.42578125,1255.3834812743191,1183.510381201362,1197.8850012159535,14370057
2024-05-28,1255.383544921875,1264.9666254174617,1231.425843682908,1245.8004644262883,10026387
2024-05-29,1236.2174072265625,1260.1751089169998,1221.8427862123,1255.3835685789122,7857214
2024-05-30,1236.2174072265625,1245.8004879027374,1197.8850845218628,1202.6766248599504,8407440
2024-05-31,1183.510498046875,1260.175145693636,1173.9274170910298,1260.175145693636,14212589
2024-06-03,1217.0511474609375,1217.0511474609375,1188.3019077571357,1212.2596075103038,6293578
2024-06-04,1188.302001953125,1217.051243935862,1169.1358406313004,1207.4681632749496,6985162
2024-06-05,1178.7188720703125,1193.093492461414,1169.1357918095782,1188.3019523310468,5828522
2024-06-06,1236.2174072265625,1245.8004879027374,1183.5104635076007,1202.6766248599504,9895619
2024-06-07,1221.8427734375,1236.2173943014704,1217.0512331495097,1236.2173943014704,4931241
2024-06-11,1217.0511474609375,1226.6342273622047,1197.884987658403,1217.0511474609375,5557895
2024-06-12,1245.800537109375,1255.3836181640625,1212.2597534179688,1217.0512939453124,7741796
2024-06-13,1327.2567138671875,1341.6313353170126,1269.7582280678869,1284.1328495177122,13075007
2024-06-14,1336.8397216796875,1336.8397216796875,1308.0904803532426,1336.8397216796875,5947681
2024-06-17,1322.465087890625,1332.0481682376585,1308.0904673700747,1317.6735477171082,4297102
2024-06-18,1346.4228515625,1346.4228515625,1317.6736091803825,1317.6736091803825,7677930
2024-06-19,1423.0875244140625,1423.0875244140625,1360.7974980929082,1365.5890385791508,11552021
2024-06-20,1437.4620361328125,1437.4620361328125,1399.1297151692709,1423.0874157714843,6213796
2024-06-21,1427.8790283203125,1432.6705686838034,1384.7551650488936,1408.7128668663486,10724486
2024-06-24,1351.2142333984375,1403.9211715806462,1346.4226935636914,1394.3380919111537,9093868
2024-06-25,1327.2567138671875,1341.6313353170126,1308.0905519340874,1312.8820924173624,9382535
2024-06-26,1346.4228515625,1370.3805535475979,1336.8397707684608,1336.8397707684608,4993229
2024-06-27,1336.8397216796875,1351.21434234291,1322.465101016465,1322.465101016465,4724876
2024-06-28,1341.6312255859375,1346.422765677316,1317.6735251290459,1341.6312255859375,6843642
2024-07-01,1356.005859375,1379.9635600706713,1346.4227790967313,1346.4227790967313,5023006
2024-07-02,1351.2142333984375,1356.0057732331838,1332.0480740594526,1351.2142333984375,5090265
2024-07-03,1346.4228515625,1370.3805535475979,1332.0482303714414,1370.3805535475979,6361645
2024-07-04,1346.81982421875,1371.3074573863637,1346.81982421875,1351.7173508522728,7642964
2024-07-05,1322.3321533203125,1356.614838776765,1307.6395738389758,1351.717312282986,6406820
2024-07-08,1390.8975830078125,1390.8975830078125,1307.639629095373,1312.5371557961048,7726110
2024-07-09,1430.0777587890625,1430.0777587890625,1386.0000196483038,1420.2827056466717,9654123
2024-07-10,1405.590087890625,1430.0777200838415,1381.1024556974085,1425.1801936451982,5443505
2024-07-11,1390.8975830078125,1430.0777966136664,1386.0000563070807,1405.5901631100078,5250273
2024-07-12,1332.127197265625,1356.614829568302,1322.332144344554,1337.0247237261603,6871306
2024-07-15,1327.229736328125,1351.717369839714,1322.332209625807,1341.9223164350783,3536752
2024-07-16,1317.4345703125,1337.0246754472585,1297.8444651777415,1327.2296228798791,5001135
2024-07-17,1297.844482421875,1317.4345878169222,1278.2543770268278,1307.6395351193987,5978911
2024-07-18,1253.766845703125,1263.5618991851807,1224.381685256958,1243.9717922210693,9831726
2024-07-19,1234.1766357421875,1258.664267403739,1234.1766357421875,1234.1766357421875,5871057
2024-07-22,1199.89404296875,1234.1767299107144,1170.5088827327806,1229.2792032047194,7245311
2024-07-23,1248.8692626953125,1248.8692626953125,1214.5865770526962,1229.2791566138173,6430338
2024-07-26,1219.484130859375,1229.2791841192898,1160.713811299887,1165.6113379298445,10242503
2024-07-29,1214.5865478515625,1253.7667590725805,1204.791495046308,1239.0741798646989,5100068
2024-07-30,1229.2791748046875,1229.2791748046875,1185.2014354690612,1204.7915418404507,4423237
2024-07-31,1194.9964599609375,1209.6890393866868,1175.4063540599386,1204.791512911437,7379704
2024-08-01,1155.8162841796875,1209.689077086368,1155.8162841796875,1190.0989705748477,12041919
2024-08-02,1067.6607666015625,1116.63603112457,1067.6607666015625,1106.8409782199685,13774887
2024-08-05,970.6897583007812,999.0954121763843,960.8947052402284,974.6077795250023,22181134
2024-08-06,1052.9681396484375,1067.6607183412063,1013.7879298010538,1067.6607183412063,16439278
2024-08-07,1126.43115234375,1126.43115234375,1057.8657778532609,1067.660831351902,10529284
2024-08-08,1092.1484375,1116.6360706278026,1077.4558576233185,1097.0459641255607,8053732
2024-08-09,1101.9434814453125,1131.3286409505208,1097.045954861111,1126.4311143663194,6961644
2024-08-12,1150.918701171875,1150.918701171875,1116.636016456117,1121.5335428440826,4578908
2024-08-13,1136.2261962890625,1160.713829829775,1126.4311428727774,1155.8163031216325,3784683
2024-08-14,1160.7137451171875,1165.611271467893,1146.0211660650712,1150.9186924157766,4435983
2024-08-15,1131.32861328125,1155.8162456033551,1131.32861328125,1146.021192674513,3064248
2024-08-16,1204.79150390625,1214.5865567835365,1160.7137659584603,1160.7137659584603,6964050
2024-08-19,1229.2791748046875,1239.0742279903823,1204.7915418404507,1214.5865950261455,5847224
2024-08-20,1224.381591796875,1243.9716972656252,1214.5865390625002,1243.9716972656252,4293705
2024-08-21,1194.9964599609375,1214.5865658619364,1185.201407010438,1194.9964599609375,4500318
2024-08-22,1204.79150390625,1214.5865567835365,1190.0989245903202,1204.79150390625,3022975
2024-08-23,1199.89404296875,1199.89404296875,1165.6113560267856,1180.3039361447704,4222716
2024-08-26,1190.0989990234375,1219.484159493152,1185.2014722784852,1219.484159493152,3699292
2024-08-27,1185.201416015625,1190.0989425280864,1165.61130996578,1175.4063629907025,3877314
2024-08-28,1175.4063720703125,1194.9964782714844,1160.7137924194335,1180.3038986206054,4610835
2024-08-29,1224.381591796875,1229.2791181640625,1150.9186962890626,1150.9186962890626,5404585
2024-08-30,1214.5865478515625,1234.1766534620715,1199.8939686436806,1234.1766534620715,5810148
2024-09-02,1199.89404296875,1224.3816764987246,1190.0989895567602,1214.5866230867348,3182122
2024-09-03,1194.9964599609375,1199.8939864361873,1175.4063540599386,1199.8939864361873,3422128
2024-09-04,1111.738525390625,1146.0212111956223,1106.840998847054,1111.738525390625,9683111
2024-09-05,1087.2508544921875,1106.8409599785332,1082.3533281206012,1097.0459072353603,9051905
2024-09-06,1121.5335693359375,1126.431095839588,1082.3533573067346,1087.250883810385,5102862
2024-09-09,1082.3533935546875,1092.1484468900242,1067.6608135516826,1077.4558668870193,7139369
2024-09-10,1106.8409423828125,1106.8409423828125,1077.455784620437,1092.1483635016248,5579319
2024-09-11,1087.2508544921875,1111.7384863501197,1087.2508544921875,1101.9434336069469,4019795
2024-09-12,1131.32861328125,1131.32861328125,1111.738507423566,1126.431086816829,4341122
2024-09-13,1101.9434814453125,1141.1236941189236,1101.9434814453125,1136.2261675347222,3453407
2024-09-16,1106.8409423828125,1106.8409423828125,1077.455784620437,1097.045889795354,3682733
2024-09-18,1082.3533935546875,1097.0459735576924,1072.558340219351,1092.1484468900242,7064375
2024-09-19,1097.0458984375,1106.8409511021205,1057.865687779018,1082.3533194405693,7749361
2024-09-20,1101.9434814453125,1131.3286409505208,1101.9434814453125,1121.533587782118,8871960
2024-09-23,1121.5335693359375,1126.431095839588,1097.0459368176857,1101.943463321336,4490555
2024-09-24,1170.5087890625,1170.5087890625,1111.7384732936716,1111.7384732936716,6847737
2024-09-25,1199.89404296875,1204.7915696747448,1180.3039361447704,1194.996516262755,10887978
2024-09-26,1243.9716796875,1253.7667322834645,1204.7914693036419,1209.6889956016241,9413246
2024-09-27,1234.1766357421875,1278.2543727329798,1224.381583077567,1253.7667410714287,8955853
2024-09-30,1150.918701171875,1209.6890178274602,1150.918701171875,1209.6890178274602,8477410
2024-10-01,1185.201416015625,1204.7915220654702,1165.61130996578,1170.5088364782412,6000269
2024-10-04,1204.79150390625,1214.5865567835365,1175.4063452743903,1175.4063452743903,6956378
2024-10-07,1224.381591796875,1268.4593291015626,1204.791486328125,1224.381591796875,8959497
2024-10-08,1199.89404296875,1224.3816764987246,1199.89404296875,1214.5866230867348,4347108
2024-10-09,1219.484130859375,1248.869290639119,1214.5866042294176,1234.176710749247,5544071
2024-10-11,1273.35693359375,1283.1519869290867,1239.0742469200723,1239.0742469200723,9881759
2024-10-14,1263.5618896484375,1283.1519964646923,1258.6643629443738,1283.1519964646923,3998990
2024-10-15,1273.35693359375,1283.1519869290867,1263.5618802584136,1283.1519869290867,5915032
2024-10-16,1248.8692626953125,1268.4593687768077,1234.176683134191,1234.176683134191,6461649
2024-10-17,1248.8692626953125,1268.4593687768077,1239.074209654565,1268.4593687768077,4139436
2024-10-18,1278.25439453125,1302.7420266103927,1268.4593416995929,1273.3568681154215,8327410
2024-10-21,1302.7420654296875,1317.4346451149847,1283.1519591826245,1283.1519591826245,6320618
2024-10-22,1283.1519775390625,1288.049504170891,1268.459397643577,1283.1519775390625,5200879
2024-10-23,1273.35693359375,1297.8445669320913,1248.8693002554087,1253.766826923077,5399321
2024-10-24,1243.9716796875,1278.254363773376,1243.9716796875,1273.3568374753938,4473596
2024-10-25,1288.0494384765625,1297.8444912406428,1243.971701038201,1243.971701038201,6810511
2024-10-28,1307.6395263671875,1312.5370526831693,1288.0494211032594,1302.7420000512054,5375094
2024-10-29,1273.35693359375,1288.0495135967549,1258.6643535907451,1288.0495135967549,5336390
2024-10-30,1263.5618896484375,1288.049523168756,1258.6643629443738,1263.5618896484375,5429739
2024-11-01,1263.5618896484375,1273.356943056565,1194.9965157915456,1194.9965157915456,7755216
2024-11-04,1268.4593505859375,1278.254403486215,1253.7667712355212,1258.6642976856601,3429980
2024-11-05,1263.5618896484375,1273.356943056565,1253.76683624031,1258.6643629443738,3613551
2024-11-06,1278.25439453125,1292.9469737787356,1263.5618152837644,1263.5618152837644,3781856
2024-11-07,1278.25439453125,1302.7420266103927,1273.3568681154215,1302.7420266103927,4276840
2024-11-08,1253.766845703125,1292.9470596313477,1253.766845703125,1283.152006149292,4130119
2024-11-11,1268.4593505859375,1283.1519299363538,1253.7667712355212,1273.3568770360762,2805531
2024-11-12,1239.07421875,1268.4593780879445,1239.07421875,1253.7667984189723,4165815
2024-11-13,1229.2791748046875,1248.8692811760768,1229.2791748046875,1239.0742279903823,4020882
2024-11-14,1209.6890869140625,1239.0742469200723,1204.7915602463943,1234.1767202524038,4261333
2024-11-15,1243.9716796875,1248.8692059854823,1204.7914693036419,1214.5865218996064,4250152
2024-11-18,1214.5865478515625,1239.0741798646989,1204.791495046308,1234.1766534620715,3884093
2024-11-19,1258.664306640625,1263.561833125608,1219.484094760761,1229.2791477307271,4308916
2024-11-20,1248.8692626953125,1248.8692626953125,1248.8692626953125,1248.8692626953125,4926471
2024-11-21,1239.07421875,1243.971745306324,1229.2791656373518,1239.07421875,2583520
2024-11-22,1283.1519775390625,1283.1519775390625,1243.9717644844345,1253.7668177480916,6124283
2024-11-25,1253.766845703125,1302.7421131134033,1253.766845703125,1297.8445863723755,7448148
2024-11-26,1253.766845703125,1263.5618991851807,1243.9717922210693,1253.766845703125,3208553
2024-11-27,1224.381591796875,1258.6642763671875,1224.381591796875,1243.9716972656252,2932917
2024-11-28,1229.2791748046875,1239.0742279903823,1214.5865950261455,1234.1767013975348,4205695
2024-11-29,1229.2791748046875,1243.9717545832295,1199.8940152476034,1209.689068433298,4141261
2024-12-02,1283.1519775390625,1288.049504170891,1243.9717644844345,1248.8692911162632,4380160
2024-12-03,1288.0494384765625,1302.742017622683,1268.4593329484019,1297.8444912406428,5954597
2024-12-04,1292.947021484375,1297.8445480809066,1278.2544416947799,1288.0494948878431,4729113
2024-12-05,1297.844482421875,1307.6395351193987,1283.1519033755897,1297.844482421875,5251677
2024-12-06,1278.25439453125,1312.5370794420498,1273.3568681154215,1297.8445001945643,4223587
2024-12-09,1297.844482421875,1297.844482421875,1273.3568506780662,1292.9469560731131,4075270
2024-12-10,1322.3321533203125,1332.1272063078704,1283.151941370081,1288.04946786386,5824301
2024-12-11,1322.3321533203125,1327.2296798140915,1278.2544148763022,1292.946994357639,6205868
2024-12-12,1351.71728515625,1371.3073907382245,1341.9222323652627,1341.9222323652627,7666196
2024-12-13,1381.1024169921875,1381.1024169921875,1337.024680279671,1356.6147854852338,6323798
2024-12-16,1356.6148681640625,1410.4876607626354,1356.6148681640625,1405.590134162765,7194809
2024-12-17,1395.7950439453125,1415.3851498252466,1361.5123586554275,1361.5123586554275,8783456
2024-12-18,1390.8975830078125,1400.692636409276,1376.2050029056172,1400.692636409276,5995195
2024-12-19,1390.8975830078125,1400.692636409276,1366.409949504154,1371.3074762048855,6353336
2024-12-20,1361.5123291015625,1395.7950136472853,1361.5123291015625,1390.8974872836106,5544646
2024-12-23,1381.1024169921875,1395.7949958963598,1371.307364389406,1376.204890690797,4295456
2024-12-24,1376.2049560546875,1400.6925887246998,1376.2049560546875,1400.6925887246998,3196077
2024-12-25,1381.1024169921875,1400.6925221977506,1381.1024169921875,1390.8974695949692,2381315
2024-12-26,1390.8975830078125,1400.692636409276,1386.0000563070807,1390.8975830078125,2351336
2024-12-27,1400.692626953125,1410.4876802884617,1390.8975736177886,1390.8975736177886,2283253
2024-12-30,1390.8975830078125,1405.5901631100078,1390.8975830078125,1400.692636409276,2765852
2024-12-31,1386.0,1395.7950530035337,1371.3074204946997,1381.1024734982332,3224086
2025-01-02,1350.0,1400.0,1335.0,1395.0,6820305
2025-01-03,1365.0,1370.0,1335.0,1365.0,5752498
2025-01-06,1425.0,1425.0,1390.0,1390.0,6907233
2025-01-07,1490.0,1500.0,1415.0,1445.0,12307998
2025-01-08,1470.0,1500.0,1460.0,1500.0,10805038
2025-01-09,1440.0,1480.0,1440.0,1470.0,7021298
2025-01-10,1465.0,1495.0,1445.0,1460.0,7157266
2025-01-13,1390.0,1460.0,1385.0,1435.0,9742772
2025-01-14,1400.0,1415.0,1380.0,1385.0,5279672
2025-01-15,1420.0,1445.0,1390.0,1390.0,6417175
2025-01-16,1460.0,1470.0,1430.0,1450.0,7314623
2025-01-17,1430.0,1455.0,1420.0,1450.0,5488719
2025-01-20,1445.0,1455.0,1425.0,1425.0,3956489
2025-01-21,1465.0,1475.0,1435.0,1440.0,4428280
2025-01-22,1465.0,1495.0,1465.0,1480.0,6502859
2025-02-03,1500.0,1525.0,1415.0,1420.0,18533177
2025-02-04,1490.0,1530.0,1480.0,1510.0,8166768
2025-02-05,1525.0,1530.0,1490.0,1505.0,9064753
2025-02-06,1525.0,1570.0,1520.0,1530.0,9371366
2025-02-07,1525.0,1530.0,1505.0,1525.0,6741142
2025-02-10,1480.0,1510.0,1475.0,1505.0,8922872
2025-02-11,1510.0,1530.0,1490.0,1490.0,8486272
2025-02-12,1485.0,1540.0,1480.0,1530.0,7865557
2025-02-13,1520.0,1520.0,1485.0,1495.0,4576098
2025-02-14,1505.0,1535.0,1505.0,1515.0,4726126
2025-02-17,1545.0,1545.0,1510.0,1515.0,7603778
2025-02-18,1535.0,1550.0,1520.0,1550.0,5362376
2025-02-19,1540.0,1545.0,1525.0,1535.0,4447177
2025-02-20,1500.0,1545.0,1500.0,1545.0,6855773
2025-02-21,1510.0,1525.0,1490.0,1500.0,5655119
2025-02-24,1545.0,1545.0,1495.0,1500.0,6371982
2025-02-25,1550.0,1560.0,1510.0,1525.0,7905273
2025-02-26,1560.0,1575.0,1525.0,1555.0,7032006
2025-02-27,1515.0,1575.0,1515.0,1555.0,10335277
2025-03-03,1470.0,1495.0,1465.0,1490.0,10588492
2025-03-04,1505.0,1510.0,1435.0,1435.0,7871467
2025-03-05,1505.0,1530.0,1490.0,1505.0,6356979
2025-03-06,1495.0,1510.0,1485.0,1505.0,3089136
2025-03-07,1465.0,1485.0,1450.0,1475.0,5464123
2025-03-10,1395.0,1460.0,1395.0,1450.0,9828231
2025-03-11,1385.0,1390.0,1320.0,1320.0,10078176
2025-03-12,1410.0,1425.0,1375.0,1375.0,7914116
2025-03-13,1390.0,1440.0,1390.0,1430.0,6948447
2025-03-14,1400.0,1430.0,1390.0,1400.0,7153832
2025-03-17,1425.0,1440.0,1415.0,1415.0,4878893
2025-03-18,1475.0,1500.0,1445.0,1450.0,10224305
2025-03-19,1465.0,1515.0,1460.0,1500.0,7855359
2025-03-20,1485.0,1500.0,1465.0,1495.0,6419295
2025-03-21,1480.0,1500.0,1475.0,1495.0,4597519
2025-03-24,1480.0,1505.0,1480.0,1500.0,3925730
2025-03-25,1525.0,1540.0,1505.0,1505.0,7987673
2025-03-26,1515.0,1540.0,1515.0,1535.0,3637846
2025-03-27,1485.0,1510.0,1480.0,1500.0,4779867
2025-03-28,1465.0,1495.0,1455.0,1470.0,4529681
2025-03-31,1390.0,1440.0,1390.0,1420.0,7884707
2025-04-01,1460.0,1460.0,1410.0,1410.0,6469737
2025-04-02,1435.0,1460.0,1435.0,1460.0,4501455
2025-04-07,1295.0,1295.0,1295.0,1295.0,1801849
2025-04-08,1260.0,1300.0,1225.0,1255.0,18444110
2025-04-09,1185.0,1255.0,1140.0,1250.0,19089246
2025-04-10,1300.0,1300.0,1300.0,1300.0,1930024
2025-04-11,1385.0,1395.0,1250.0,1280.0,16846917
2025-04-14,1400.0,1425.0,1385.0,1410.0,12574667
2025-04-15,1385.0,1415.0,1375.0,1405.0,6567345
2025-04-16,1365.0,1385.0,1365.0,1370.0,5403460
2025-04-17,1340.0,1350.0,1315.0,1340.0,6686132
2025-04-18,1365.0,1380.0,1345.0,1350.0,3455357
2025-04-21,1345.0,1355.0,1325.0,1355.0,3022376
2025-04-22,1300.0,1355.0,1300.0,1330.0,4954354
2025-04-23,1370.0,1375.0,1340.0,1340.0,6070924
2025-04-24,1330.0,1375.0,1325.0,1375.0,6035060
2025-04-25,1380.0,1390.0,1370.0,1375.0,6909233
2025-04-28,1350.0,1390.0,1350.0,1385.0,5231320
2025-04-29,1370.0,1370.0,1335.0,1350.0,5633730
2025-04-30,1350.0,1370.0,1350.0,1370.0,5374395
2025-05-02,1300.0,1370.0,1290.0,1370.0,16309878
2025-05-05,1295.0,1335.0,1290.0,1310.0,7202362
2025-05-06,1280.0,1300.0,1275.0,1295.0,6945409
2025-05-07,1275.0,1300.0,1265.0,1285.0,5876206
2025-05-08,1290.0,1305.0,1275.0,1285.0,5977244
2025-05-09,1325.0,1325.0,1280.0,1295.0,6464226
2025-05-12,1315.0,1325.0,1305.0,1320.0,5139679
2025-05-13,1355.0,1365.0,1345.0,1350.0,9166229
2025-05-14,1360.0,1375.0,1345.0,1370.0,6039143
2025-05-15,1370.0,1380.0,1350.0,1365.0,5523760
2025-05-16,1365.0,1375.0,1360.0,1365.0,3498707
2025-05-19,1310.0,1350.0,1310.0,1345.0,7045364
2025-05-20,1315.0,1350.0,1315.0,1330.0,5662042
2025-05-21,1340.0,1345.0,1320.0,1325.0,4399231
2025-05-22,1325.0,1340.0,1320.0,1325.0,3287944
2025-05-23,1315.0,1340.0,1310.0,1335.0,4277084
2025-05-26,1280.0,1305.0,1275.0,1305.0,7140240
2025-05-27,1280.0,1290.0,1270.0,1280.0,6424061
2025-05-28,1280.0,1305.0,1270.0,1300.0,7908648
2025-05-29,1260.0,1305.0,1260.0,1285.0,19212826
2025-06-02,1260.0,1270.0,1230.0,1250.0,10666133
2025-06-03,1275.0,1290.0,1265.0,1270.0,5610470
2025-06-04,1275.0,1290.0,1260.0,1280.0,10297345
2025-06-05,1245.0,1265.0,1235.0,1260.0,15362134
2025-06-06,1280.0,1280.0,1245.0,1250.0,10710374
2025-06-09,1285.0,1300.0,1275.0,1290.0,7952617
2025-06-10,1335.0,1335.0,1300.0,1300.0,11338136
2025-06-11,1315.0,1345.0,1305.0,1340.0,11700995
2025-06-12,1285.0,1305.0,1280.0,1300.0,10502334
2025-06-13,1250.0,1265.0,1250.0,1255.0,8841922
2025-06-16,1255.0,1270.0,1250.0,1260.0,4129774
2025-06-17,1275.0,1280.0,1260.0,1260.0,5360829
2025-06-18,1285.0,1290.0,1260.0,1265.0,5525157
2025-06-19,1265.0,1285.0,1265.0,1280.0,4766573
2025-06-20,1250.0,1275.0,1245.0,1265.0,5271667
2025-06-23,1255.0,1260.0,1225.0,1230.0,4404035
2025-06-24,1270.0,1285.0,1260.0,1275.0,4477491
2025-06-25,1295.0,1300.0,1280.0,1280.0,5945025
2025-06-26,1290.0,1300.0,1285.0,1295.0,5174101
2025-06-27,1285.0,1300.0,1280.0,1285.0,5856843
2025-06-30,1250.0,1300.0,1250.0,1290.0,7763199
2025-07-01,1275.0,1305.0,1265.0,1265.0,8523024
2025-07-02,1295.0,1300.0,1275.0,1295.0,6784867
2025-07-03,1270.0,1300.0,1270.0,1300.0,11618186
2025-07-04,1290.0,1305.0,1285.0,1290.0,7096708
2025-07-07,1280.0,1300.0,1280.0,1300.0,4446172
2025-07-08,1270.0,1280.0,1265.0,1280.0,3529215
2025-07-09,1355.0,1360.0,1280.0,1280.0,13138793
2025-07-10,1400.0,1400.0,1360.0,1375.0,11433007
2025-07-11,1420.0,1420.0,1390.0,1405.0,9744661
2025-07-14,1385.0,1410.0,1385.0,1410.0,5631886
2025-07-15,1395.0,1405.0,1380.0,1385.0,4329964
2025-07-16,1410.0,1415.0,1395.0,1395.0,5897943
2025-07-17,1390.0,1420.0,1385.0,1405.0,5213698
2025-07-18,1410.0,1410.0,1400.0,1405.0,4870093
2025-07-21,1425.0,1445.0,1410.0,1415.0,5766633
2025-07-22,1430.0,1455.0,1425.0,1440.0,7721986
2025-07-23,1430.0,1455.0,1425.0,1455.0,4835003
2025-07-24,1430.0,1450.0,1420.0,1445.0,4937526
2025-07-25,1430.0,1445.0,1415.0,1430.0,5748883
2025-07-28,1400.0,1440.0,1385.0,1435.0,6885421
2025-07-29,1360.0,1395.0,1350.0,1390.0,9487581
2025-07-30,1380.0,1385.0,1360.0,1365.0,5594339
2025-07-31,1370.0,1385.0,1340.0,1360.0,8942761
2025-08-04,1330.0,1350.0,1330.0,1340.0,4830756
2025-08-05,1340.0,1355.0,1340.0,1350.0,3718187
2025-08-06,1320.0,1350.0,1320.0,1340.0,5412343
2025-08-07,1355.0,1365.0,1345.0,1345.0,5024691
2025-08-08,1350.0,1360.0,1335.0,1355.0,5016534
2025-08-11,1355.0,1370.0,1340.0,1350.0,3478971
2025-08-12,1360.0,1370.0,1350.0,1360.0,3238403
2025-08-13,1370.0,1385.0,1360.0,1370.0,7678115
2025-08-14,1390.0,1395.0,1365.0,1370.0,4387884
2025-08-15,1370.0,1400.0,1370.0,1395.0,4043678
2025-08-18,1410.0,1410.0,1375.0,1375.0,5827468
2025-08-19,1390.0,1430.0,1390.0,1415.0,6127596
2025-08-20,1355.0,1390.0,1350.0,1380.0,6525541
