Price,Close,High,Low,Open,Volume
Ticker,2303.TW,2303.TW,2303.TW,2303.TW,2303.TW
Date,,,,,
2000-01-04,18.782604217529297,18.94110634438873,18.227842750502127,18.544850222636317,332630460
2000-01-05,18.70335578918457,18.782606055766614,18.227844534445417,18.386348286025136,292754299
2000-01-06,18.307098388671875,18.70335616640532,18.227844902075766,18.70335616640532,248928848
2000-01-07,17.752338409423828,17.990092453183326,17.276828712696837,17.831588684538335,269228882
2000-01-10,18.227846145629883,18.386349911219966,16.959824066949004,16.959824066949004,380487972
2000-01-11,17.59383201599121,18.703355012562735,17.435329880200815,18.54485126756459,286306727
2000-01-12,18.069337844848633,18.069337844848633,17.514579632145,17.593829885841203,181892693
2000-01-13,17.59383201599121,18.06934003257015,17.59383201599121,17.910839505987504,162467818922
2000-01-14,17.831584930419922,18.148592400969708,17.593830936715232,17.831584930419922,201569289
2000-01-17,18.227846145629883,18.465603403222968,18.1485958720428,18.386349911219966,150538291
2000-01-18,17.831584930419922,18.227842659399503,17.752334671990127,18.227842659399503,118179571
2000-01-19,17.59383201599121,18.06934003257015,17.59383201599121,17.831586024280682,131704223
2000-01-20,17.59383201599121,17.673085497698036,17.197575871911347,17.59383201599121,161466136
2000-01-21,17.990089416503906,18.22784342013116,17.831585674613923,17.910839154766634,146733969027
2000-01-24,18.544851303100586,18.70335504840246,18.22784381249684,18.22784381249684,280150047
2000-01-25,18.624107360839844,18.70335763524405,18.30709982639112,18.544853868019686,165332179
2000-01-26,19.81287384033203,19.892127324674206,19.02036152581955,19.02036152581955,509931527
2000-01-27,19.81287384033203,20.288383481930445,19.575119824136724,20.288383481930445,294787896
2000-01-28,19.099613189697266,19.495870985164466,19.02036291797016,19.495870985164466,220776993
2000-01-31,19.41661834716797,19.41661834716797,18.782604986161797,18.861856857438536,123849502
2000-02-01,19.495872497558594,19.733629768015632,19.178864949226607,19.733629768015632,138152648
2000-02-02,19.495872497558594,19.495872497558594,19.495872497558594,19.495872497558594,0
2000-02-03,19.495872497558594,19.495872497558594,19.495872497558594,19.495872497558594,0
2000-02-04,19.495872497558594,19.495872497558594,19.495872497558594,19.495872497558594,0
2000-02-07,19.495872497558594,19.495872497558594,19.495872497558594,19.495872497558594,0
2000-02-08,19.495872497558594,19.495872497558594,19.495872497558594,19.495872497558594,0
2000-02-09,19.733625411987305,20.12987993230837,19.575118454394268,20.12987993230837,205640473
2000-02-10,19.337360382080078,19.654367793668587,19.02035618890627,19.654367793668587,142264579
2000-02-11,19.41661834716797,19.812872875928477,19.258114604614494,19.49586860923698,248857310
2000-02-14,19.41661834716797,19.971378227689677,19.337364866683505,19.575118871305992,231418814
2000-02-15,19.41661834716797,19.575118871305992,19.17886112413003,19.41661834716797,132398164
2000-02-16,19.337360382080078,19.654367793668587,19.17885667628582,19.49586408787433,96313793
2000-02-17,19.099613189697266,19.258116951567313,18.861859156100113,19.178863461424367,169811146
2000-02-18,18.70335578918457,19.33736596787999,18.62410552260253,19.25811570129795,168258311
2000-02-21,17.59383201599121,18.54485126756459,17.59383201599121,18.54485126756459,204879305
2000-02-22,17.752338409423828,17.990092453183326,17.19757843758233,17.276828712696837,220926964
2000-02-23,17.435331344604492,17.752337252018545,17.435331344604492,17.752337252018545,94785922
2000-02-24,17.6730899810791,17.752340264474956,17.43533430326706,17.593836479266926,96072827
2000-02-25,17.831584930419922,17.831584930419922,17.514580678285437,17.752334671990127,131295083
2000-02-28,17.831584930419922,17.831584930419922,17.831584930419922,17.831584930419922,0
2000-02-29,17.831584930419922,18.148592400969708,17.831584930419922,18.069338924124608,93814074
2000-03-01,18.069337844848633,18.22784157065615,17.99008759115243,18.148591316959948,103782874
2000-03-02,17.6730899810791,18.227848401682724,17.593836479266926,18.227848401682724,77321238
2000-03-03,17.6730899810791,17.752340264474956,17.514586195871072,17.593836479266926,54058051
2000-03-06,17.51457977294922,17.831584008697615,17.435327909408336,17.831584008697615,79299876
2000-03-07,17.276826858520508,17.593832752580933,17.11832632530202,17.356080343545386,89830876
2000-03-08,17.19757652282715,17.435330540115434,17.11832625653626,17.276826789118036,83254277
2000-03-09,17.6730899810791,17.6730899810791,17.27683051805903,17.27683051805903,89730328
2000-03-10,16.959819793701172,17.910837319996528,16.959819793701172,17.910837319996528,121241490
2000-03-13,15.850299835205078,16.246555963258672,15.850299835205078,16.16730731238025,197750221
2000-03-14,16.088058471679688,16.167311973028045,15.374796270042241,15.533296835906363,192705540
2000-03-15,15.69179916381836,16.16731047252704,15.533295394248801,16.00880670295748,168651829
2000-03-16,15.29554271697998,15.691800567133143,14.661529191210033,14.661529191210033,249527376
2000-03-17,15.533291816711426,15.533291816711426,15.1370340932593,15.295537826323201,322737936
2000-03-20,15.05778694152832,15.05778694152832,15.05778694152832,15.05778694152832,19713548
2000-03-21,16.088058471679688,16.088058471679688,14.582278957848287,14.582278957848287,307675855
2000-03-22,16.246557235717773,16.642815004014665,15.850301076628696,16.088055093923707,233479025
2000-03-23,17.356081008911133,17.356081008911133,16.64281570842154,16.80131946613209,250847711
2000-03-24,17.19757652282715,17.514582415614136,17.11832625653626,17.514582415614136,178769243
2000-03-27,18.38634490966797,18.38634490966797,17.435327402452216,17.435327402452216,197371979
2000-03-28,18.782604217529297,19.020359821629935,18.544850222636317,19.020359821629935,277777118920
2000-03-29,18.624107360839844,18.861859793260436,18.46560359361548,18.861859793260436,153859273
2000-03-30,19.178861618041992,19.654372857948225,18.70335520575906,18.70335520575906,344904162
2000-03-31,18.70335578918457,19.178862216300274,18.62410552260253,19.02036168313619,164745578225
2000-04-03,18.70335578918457,18.70335578918457,18.70335578918457,18.70335578918457,0
2000-04-04,18.70335578918457,18.70335578918457,18.70335578918457,18.70335578918457,0
2000-04-05,19.495872497558594,19.733629768015632,18.941110897185663,18.941110897185663,227783546
2000-04-06,18.544851303100586,19.733626174449135,18.544851303100586,19.49586894728857,219765704
2000-04-07,18.38634490966797,18.861854467879606,18.227841187194915,18.703352354614076,161019549
2000-04-10,18.941110610961914,19.49587220295171,18.30710035150276,18.30710035150276,292980520
2000-04-11,18.544851303100586,18.861857184496582,18.465601039657404,18.782605311845646,132788196
2000-04-12,17.910837173461914,18.544848852471755,17.910837173461914,18.386345128115526,145425077
2000-04-13,17.276826858520508,17.43533061015463,16.9598225736679,17.11832632530202,219826704
2000-04-14,16.246557235717773,16.88056902130967,16.167308578632458,16.325807502010903,238392897
2000-04-17,15.4540433883667,15.4540433883667,14.899283475402697,14.899283475402697,181554560
2000-04-18,16.246557235717773,16.405060986719654,15.850301076628696,16.167308578632458,182132143
2000-04-19,15.771050453186035,16.64281462712325,15.69179697027205,16.64281462712325,132531715
2000-04-20,16.008804321289062,16.08805458507559,15.374792555750284,15.77105031151396,92166119
2000-04-21,15.374792098999023,15.691796363143153,15.295538619151422,15.295538619151422,130066568
2000-04-24,14.740782737731934,15.374796265456359,14.740782737731934,15.374796265456359,103420654
2000-04-25,15.533291816711426,15.533291816711426,14.50302398862658,14.582274245950902,166989715
2000-04-26,14.820033073425293,15.771050748057691,14.661526104633714,15.691797263661902,135289884
2000-04-27,15.374792098999023,15.374792098999023,14.820032222935229,15.216285139303821,144450010
2000-04-28,16.405054092407227,16.405054092407227,15.454036813689518,15.533287046677309,256423426
2000-05-01,16.405054092407227,16.405054092407227,16.405054092407227,16.405054092407227,0
2000-05-02,16.959819793701172,17.197573772973122,16.80131606804817,17.118323519354174,206859407
2000-05-03,16.167308807373047,16.880569260141712,16.167308807373047,16.801318992727325,156718656
2000-05-04,15.850299835205078,16.64281370051995,15.612545836531385,16.32580622334478,147635366
2000-05-05,16.80131721496582,16.80131721496582,15.533292150804558,15.69179588727759,166880357
2000-05-08,16.880571365356445,17.1183286340822,16.64281731504676,16.72206759234463,186385049
2000-05-09,16.880571365356445,16.880571365356445,16.880571365356445,16.880571365356445,0
2000-05-10,20.085500717163086,20.770233110990816,20.085500717163086,20.42786771868084,272766688
2000-05-11,19.629011154174805,19.74313455637714,19.28664416598324,19.51488775197247,128542577
2000-05-12,20.541990280151367,20.541990280151367,19.743134512547094,20.085499890770883,137950184
2000-05-15,19.97137451171875,20.770230200238824,19.857252730275185,20.770230200238824,93891704
2000-05-16,21.112600326538086,21.226723734339455,20.085500920780355,20.427867925768865,164745727
2000-05-17,21.911457061767578,22.36794588465506,21.569090042300004,21.68321023651204,231459124
2000-05-18,21.797334671020508,21.797334671020508,21.340844217524435,21.569091053480413,116993148
2000-05-19,21.569087982177734,21.683208165489845,21.34084117872267,21.454964580450202,65075344
2000-05-22,20.65611457824707,21.340847133640448,20.65611457824707,21.1126050941202,88601490
2000-05-23,20.19962501525879,20.770234027624234,20.085501603577846,20.656110615943295,68995404
2000-05-24,19.857254028320312,19.971375817223883,19.514887052401935,19.629010450513167,78865786
2000-05-25,19.514883041381836,20.199618461688154,19.400762885141777,20.085495087033433,73734944
2000-05-26,19.74313735961914,19.857257559609465,19.28664690441015,19.400770322816374,76133555
2000-05-29,19.74313735961914,20.19962620562018,19.62901394121292,19.74313735961914,58958664
2000-05-30,19.74313735961914,19.74313735961914,19.74313735961914,19.74313735961914,0
2000-05-31,21.340845108032227,21.797335580576668,21.112603090176023,21.797335580576668,198036592
2000-06-01,20.770235061645508,21.340844102418043,20.770235061645508,21.2267255126794,63749675
2000-06-02,20.884357452392578,21.454966465115604,20.884357452392578,21.226724469234245,110559813
2000-06-05,20.998477935791016,21.112601349119913,20.770234327548973,20.998477935791016,56553474842
2000-06-06,20.998477935791016,20.998477935791016,20.998477935791016,20.998477935791016,0
2000-06-07,21.45496368408203,21.45496368408203,20.770231348362866,20.99847492386671,121034714287
2000-06-08,21.340845108032227,21.911459003316782,21.226726512916137,21.683212157836554,142517212
2000-06-09,21.569087982177734,21.683208165489845,21.454964580450202,21.683208165489845,104072826
2000-06-12,21.22672462463379,21.79733364153421,21.22672462463379,21.68321022894626,65053942
2000-06-13,20.998477935791016,21.22672476244881,20.88435774087787,20.998477935791016,63218332335
2000-06-14,20.998477935791016,21.340843348154085,20.88435774087787,21.22672476244881,86123795335
2000-06-15,20.65611457824707,20.99848166054784,20.54199597229919,20.884361445391797,77502341
2000-06-16,20.427865982055664,20.656107948317764,20.313742585113147,20.656107948317764,74023227
2000-06-19,20.085500717163086,20.54199112532528,19.971377310518644,20.42786771868084,56947143
2000-06-20,19.857254028320312,20.427866191253493,19.857254028320312,20.427866191253493,46836049
2000-06-21,19.857254028320312,20.19962261344635,19.857254028320312,20.085499215335116,68767075
2000-06-22,20.427865982055664,20.54198937899818,19.629010249496265,19.743133646438782,88438051
2000-06-23,19.97137451171875,20.427864855908126,19.97137451171875,20.199621293020993,54476304
2000-06-26,19.514883041381836,19.85724994693133,19.400762885141777,19.85724994693133,68591403
2000-06-27,19.514883041381836,19.74312979069127,19.400762885141777,19.629006416036553,48848735
2000-06-28,19.857254028320312,19.971375817223883,19.514887052401935,19.514887052401935,72286370
2000-06-29,19.286645889282227,20.08550173003928,19.058403892106853,20.08550173003928,88622171
2000-06-30,19.514883041381836,19.74312979069127,19.058397588799615,19.400762885141777,96281055
2000-07-03,19.172527313232422,19.629016212043492,18.716036805213218,19.514892780434625,66417868
2000-07-04,18.716035842895508,19.400771569717428,18.716035842895508,19.172526327443453,63559477
2000-07-05,19.629011154174805,19.857254740164034,18.487790005813217,18.944278786999398,118081376
2000-07-06,18.944278717041016,19.286644094760554,18.944278717041016,19.172522302187375,61066181
2000-07-07,18.373672485351562,19.05840829013857,18.373672485351562,18.830161412667998,84751403
2000-07-10,18.259550094604492,18.48779698517506,17.80306435950499,18.373673539889776,85542807
2000-07-11,18.259550094604492,18.60192043046034,18.031306422450577,18.259550094604492,55118668
2000-07-12,18.259550094604492,18.48779698517506,18.259550094604492,18.373673539889776,45241873
2000-07-13,18.716035842895508,18.94428269437753,18.487793819037634,18.487793819037634,97722181
2000-07-14,19.05840301513672,19.172523203869247,18.716032793692403,18.83015620084051,111560104
2000-07-17,18.944278717041016,19.400767496541448,18.83015531526012,19.400767496541448,64027648
2000-07-18,18.601911544799805,19.058400280262887,18.487788154028365,19.058400280262887,42788685
2000-07-19,18.601911544799805,19.058400280262887,18.487788154028365,19.058400280262887,42788685
2000-07-20,17.803058624267578,18.48779102935179,17.803058624267578,18.37366762083125,76273538
2000-07-21,17.574811935424805,18.031300745213375,17.118326344051873,17.80305875413082,104710478
2000-07-24,17.11832618713379,17.460691584431,17.11832618713379,17.346568176124126,64678920
2000-07-25,16.661834716796875,17.3465670772214,16.661834716796875,16.890078300535816,71126283
2000-07-26,17.00420379638672,17.346569214171648,16.66183676939389,16.66183676939389,78795369
2000-07-27,17.00420379638672,17.00420379638672,16.433594766745173,17.00420379638672,70315841
2000-07-28,17.460689544677734,17.460689544677734,16.547712040123358,16.66183382589075,75142542
2000-07-31,17.11832618713379,17.346568176124126,17.00420277882691,17.346568176124126,30183169
2000-08-01,16.890079498291016,17.46069171651858,16.890079498291016,17.346568307348374,37343367
2000-08-02,16.775957107543945,17.11832407174105,16.775957107543945,16.89007728333284,57964991
2000-08-03,16.890079498291016,17.11832631663142,16.54771409840386,16.775959307536446,63294923
2000-08-04,17.688934326171875,17.917176304111265,17.004201955522802,17.118325358304087,124649685
2000-08-07,18.031301498413086,18.031301498413086,17.57481266955616,17.688936083676307,87584972
2000-08-08,18.601911544799805,18.716030107948573,18.031297809357728,18.25954137248549,136001946
2000-08-09,19.05840301513672,19.172523203869247,18.716032793692403,18.83015620084051,127546870
2000-08-10,19.05840301513672,19.172523203869247,18.83015620084051,19.172523203869247,93207218
2000-08-11,19.05840301513672,19.286645001809564,18.944279607988612,19.05840301513672,91646587
2000-08-14,18.716035842895508,19.172526327443453,18.716035842895508,19.058406120118544,43254748
2000-08-15,18.830156326293945,18.944279734202382,18.601914338100467,18.71603291838551,67270947
2000-08-16,19.400772094726562,19.400772094726562,18.944283207033504,18.944283207033504,106911793
2000-08-17,19.74313735961914,19.97137936880774,19.400770322816374,19.5148905228067,115808056
2000-08-18,19.629011154174805,19.97137653315865,19.629011154174805,19.857254740164034,91613208
2000-08-21,19.514883041381836,19.85724994693133,19.514883041381836,19.74312979069127,72644017
2000-08-22,19.286645889282227,19.400769301681706,19.058403892106853,19.400769301681706,64667295
2000-08-23,19.286645889282227,19.286645889282227,19.286645889282227,19.286645889282227,0
2000-08-24,19.629011154174805,19.857254740164034,19.400767568185575,19.400767568185575,82936716
2000-08-25,19.400772094726562,19.857259373211523,19.286648665897225,19.74313916279838,72244895
2000-08-28,18.944278717041016,19.172522302187375,18.944278717041016,19.172522302187375,56612931
2000-08-29,19.05840301513672,19.172523203869247,18.487790807019557,18.716032793692403,80506926
2000-08-30,18.601911544799805,19.058400280262887,18.601911544799805,19.058400280262887,57518093
2000-08-31,18.830156326293945,18.944279734202382,18.48779093019203,18.601914338100467,60729585
2000-09-01,18.031301498413086,18.944280765334824,17.803059497796454,18.830157351214677,81453192
2000-09-04,18.716035842895508,18.94428269437753,18.487793819037634,18.716035842895508,47305015
2000-09-05,18.830156326293945,18.944279734202382,18.601914338100467,18.830156326293945,48022251
2000-09-06,18.259550094604492,18.716039048120646,18.259550094604492,18.60192043046034,59011338
2000-09-07,17.574811935424805,17.80305875413082,17.460691744487438,17.688935344777814,76935254
2000-09-08,17.688934326171875,17.917176304111265,17.57481092339059,17.688934326171875,46428370
2000-09-11,17.91717529296875,18.031298689309565,17.46068975364367,17.46068975364367,43423305
2000-09-12,17.91717529296875,17.91717529296875,17.91717529296875,17.91717529296875,0
2000-09-13,18.145421981811523,18.259542159084003,17.23244286234779,17.574809830995736,80999105
2000-09-14,17.460689544677734,17.917175078539692,17.346566149702724,17.80305651118753,52803449
2000-09-15,17.688934326171875,18.145423109673832,17.57481092339059,17.688934326171875,61872723
2000-09-18,17.803058624267578,18.03130061368524,17.688935215747037,17.803058624267578,71697732
2000-09-19,17.00420379638672,17.803059656300686,16.89008038125051,17.574812826028264,95726480
2000-09-20,16.775957107543945,17.460689426730546,16.319468358350345,17.11832407174105,141243663
2000-09-21,16.43359375,16.661835738527405,16.205346933849192,16.5477139396598,75419145
2000-09-22,15.29237174987793,15.634738773961192,15.29237174987793,15.29237174987793,178970462
2000-09-25,15.520614624023438,15.520614624023438,14.950002407865856,15.292371024926654,105098935
2000-09-26,16.43359375,16.5477139396598,15.064125726757565,15.406491123360372,146168283
2000-09-27,16.205347061157227,16.77595927839353,15.977103461628957,16.433593879101124,84108982
2000-09-28,15.29237174987793,16.433594627086176,15.29237174987793,16.205347798753486,75582140
2000-09-29,15.29237174987793,15.520615359794848,14.95000311658678,15.4064919456285,76469042
2000-10-02,14.151147842407227,14.950003728214645,14.151147842407227,14.607636690124615,78048192
2000-10-03,14.607634544372559,14.950001532171443,13.694660201462778,13.808780385118784,153151848
2000-10-04,14.151147842407227,14.151147842407227,14.151147842407227,14.151147842407227,19298486
2000-10-05,14.379390716552734,14.607632663687049,13.69465843831975,13.69465843831975,184769121
2000-10-06,15.29237174987793,15.29237174987793,14.493514287545059,14.493514287545059,133922872
2000-10-09,14.950002670288086,15.520614896461808,14.950002670288086,15.40649148570236,75314685
2000-10-10,14.950002670288086,14.950002670288086,14.950002670288086,14.950002670288086,0
2000-10-11,14.493513107299805,14.493513107299805,14.493513107299805,14.493513107299805,25119970
2000-10-12,13.580537796020508,14.037026610183265,13.580537796020508,13.694661206467073,92094002
2000-10-13,13.580537796020508,13.580537796020508,12.667558558487157,12.667558558487157,174647816499
2000-10-16,13.580537796020508,13.580537796020508,13.580537796020508,13.580537796020508,0
2000-10-17,12.7816801071167,12.895803500939717,11.98282439639358,11.98282439639358,171714118
2000-10-18,11.982826232910156,12.439315855145914,11.982826232910156,12.211073055537844,145165017
2000-10-19,11.161149024963379,11.343744223733582,11.161149024963379,11.161149024963379,78556968
2000-10-20,11.868703842163086,11.868703842163086,11.868703842163086,11.868703842163086,71428596
2000-10-23,13.352295875549316,13.466415270475277,12.667559390894297,13.009925621711881,270759535381
2000-10-24,14.265270233154297,14.265270233154297,13.694661226140902,14.15114682254378,206797122
2000-10-25,14.835880279541016,14.9500036981468,14.151147813946062,14.265271232551846,292640523
2000-10-26,14.379390716552734,14.607632663687049,14.379390716552734,14.379390716552734,145841574
2000-10-27,14.379390716552734,14.379390716552734,14.379390716552734,14.379390716552734,0
2000-10-30,13.466414451599121,13.466414451599121,13.466414451599121,13.466414451599121,5465247
2000-10-31,13.00992488861084,13.466414511651335,13.00992488861084,13.00992488861084,203859017
2000-11-01,12.667557716369629,13.238170707649497,12.667557716369629,13.12404730478966,128664097934
2000-11-02,13.466414451599121,13.466414451599121,12.439315821602976,12.439315821602976,221912919
2000-11-03,14.265270233154297,14.379393643764812,13.694661226140902,13.922903219738423,229431264
2000-11-06,14.037028312683105,14.151148518555225,13.466416018866303,13.69466286744266,168183699
2000-11-07,14.950002670288086,14.950002670288086,14.379393662530042,14.379393662530042,278776891
2000-11-08,15.29237174987793,15.977104188836568,14.95000311658678,15.064126530753127,344532249
2000-11-09,15.29237174987793,15.29237174987793,14.493514287545059,14.835879702420435,182415106
2000-11-10,14.950002670288086,15.064126081047533,14.493513854873811,14.835879259528637,188915291
2000-11-13,13.922900199890137,14.151143753189938,13.922900199890135,13.922900199890135,176760701
2000-11-14,14.151147842407227,14.37939468007785,13.922904223152509,13.922904223152509,134079805
2000-11-15,14.037028312683105,14.721760812372027,13.69466286744266,14.721760812372027,188622164
2000-11-16,13.124049186706543,13.694662259809204,13.124049186706543,13.238172605931055,156774531
2000-11-17,13.00992488861084,13.124048300125871,12.211073077064505,12.32519246555991,161735708
2000-11-20,11.52634048461914,11.982826077931366,11.52634048461914,11.754583281275252,144757597
2000-11-21,12.32519245147705,12.32519245147705,11.16114942559072,11.16114942559072,178682307
2000-11-22,12.096948623657227,12.781680987733173,11.982825221971476,12.439314805695199,196485756
2000-11-23,11.868703842163086,11.982826450949581,11.754583647188406,11.754583647188406,145110902
2000-11-24,12.667557716369629,12.667557716369629,11.982825345249244,11.982825345249244,235161095
2000-11-27,12.667557716369629,13.12404730478966,12.553438336529112,13.12404730478966,168034022098
2000-11-28,12.32519245147705,12.439315862861683,12.32519245147705,12.439315862861683,76481185
2000-11-29,11.982826232910156,12.211073055537844,11.982826232910156,11.982826232910156,103361542
2000-11-30,11.868703842163086,12.325192668101188,11.754583647188406,11.982826450949581,116430330
2000-12-01,12.211073875427246,12.211073875427246,11.526341407608355,11.526341407608355,123573545
2000-12-04,11.52634048461914,11.754583281275252,11.52634048461914,11.640459871437413,59074436
2000-12-05,11.640460014343262,11.868703618405355,11.412217214885093,11.640460014343262,115079915
2000-12-06,11.640460014343262,12.21107304751811,11.640460014343262,12.21107304751811,127597050
2000-12-07,11.982826232910156,11.982826232910156,11.640460021988241,11.640460021988241,90041784
2000-12-08,11.868703842163086,12.096949864340013,11.754583647188406,11.982826450949581,78399575
2000-12-11,11.868703842163086,12.096949864340013,11.754583647188406,11.982826450949581,64485542
2000-12-12,12.096948623657227,12.211072025342977,11.982825221971476,11.982825221971476,107508156
2000-12-13,11.982826232910156,12.096949644223999,11.868703626200235,12.096949644223999,38342937
2000-12-14,11.640460014343262,11.868703618405355,11.640460014343262,11.868703618405355,57295439
2000-12-15,11.640460014343262,11.640460014343262,11.412217214885093,11.412217214885093,66477675
2000-12-18,11.069849967956543,11.526339547161216,11.069849967956543,11.412216146605239,66812906824
2000-12-19,10.70466136932373,10.841606586448293,10.70466136932373,10.70466136932373,95831052
2000-12-20,10.339468002319336,10.43076559981158,10.339468002319336,10.339468002319336,44505822
2000-12-21,9.997101783752441,9.997101783752441,9.997101783752441,9.997101783752441,14104179
2000-12-22,10.202524185180664,10.202524185180664,9.654736917344506,9.654736917344506,226823066
2000-12-25,10.202524185180664,10.202524185180664,10.202524185180664,10.202524185180664,0
2000-12-26,10.225345611572266,10.88725627630551,10.15687301011471,10.88725627630551,188777783
2000-12-27,10.316643714904785,10.430767136641391,9.951452466526032,10.225346103961096,174538354
2000-12-28,11.024199485778809,11.024199485778809,10.270994514138847,10.407940506889808,254635162
2000-12-29,10.978556632995605,11.047029251605641,10.773135558748859,11.024203436193977,146583096
2001-01-01,10.978556632995605,10.978556632995605,10.978556632995605,10.978556632995605,0
2001-01-02,11.320920944213867,11.412218557500395,10.453592411085824,10.681835237396117,223293718
2001-01-03,11.024199485778809,11.183970481158156,10.841604292374948,10.955726891705265,131220434
2001-01-04,11.52634048461914,11.754583281275252,11.320919473356508,11.52634048461914,242653012
2001-01-05,11.868703842163086,12.096949864340013,11.4122174300368,11.526340843427231,235456069
2001-01-08,11.52634048461914,11.982826077931366,11.52634048461914,11.640459871437413,167428666
2001-01-09,12.096948623657227,12.096948623657227,11.52633966126703,11.52633966126703,189128390
2001-01-10,11.868703842163086,12.211073277730446,11.754583647188406,12.096949864340013,142972889
2001-01-11,11.754584312438965,12.211073968816033,11.640460892589719,11.982827129117538,180145445
2001-01-12,11.868703842163086,12.096949864340013,11.754583647188406,11.868703842163086,119508086
2001-01-15,12.096948623657227,12.096948623657227,11.754582441619252,11.86870262488958,97484224
2001-01-16,12.895803451538086,12.895803451538086,12.211071137261078,12.211071137261078,247627478
2001-01-17,13.466414451599121,13.466414451599121,13.009924830594299,13.124048241600406,279543346
2001-01-18,13.352295875549316,13.58053868842109,13.124049039657693,13.58053868842109,217204595
2001-01-19,13.352295875549316,13.352295875549316,13.352295875549316,13.352295875549316,0
2001-01-22,13.352295875549316,13.352295875549316,13.352295875549316,13.352295875549316,0
2001-01-23,13.352295875549316,13.352295875549316,13.352295875549316,13.352295875549316,0
2001-01-24,13.352295875549316,13.352295875549316,13.352295875549316,13.352295875549316,0
2001-01-25,13.352295875549316,13.352295875549316,13.352295875549316,13.352295875549316,0
2001-01-26,13.352295875549316,13.352295875549316,13.352295875549316,13.352295875549316,0
2001-01-29,12.439316749572754,13.352296059690415,12.439316749572754,13.352296059690415,138416378
2001-01-30,12.895803451538086,12.895803451538086,12.325190507627921,12.439313901013753,130645362
2001-01-31,13.580537796020508,13.694661206467073,13.009924766807266,13.009924766807266,283216485
2001-02-01,13.124049186706543,13.580538840584694,13.00992576748203,13.466415421360182,143975637
2001-02-02,13.352295875549316,13.58053868842109,13.238172457603506,13.352295875549316,163778538
2001-02-05,12.7816801071167,13.12404626556675,12.7816801071167,13.12404626556675,125633064
2001-02-06,12.7816801071167,13.238169659389769,12.553437342489666,12.553437342489666,163068048
2001-02-07,11.982826232910156,12.32519244383207,11.982826232910156,12.096949644223999,204302959
2001-02-08,12.211073875427246,12.211073875427246,11.868704423101889,11.982827037474356,113619346
2001-02-09,12.439316749572754,12.553440169092438,11.982827094513922,12.096950514033606,121494915
2001-02-12,12.439316749572754,12.553440169092438,12.325193330053068,12.325193330053068,67691139
2001-02-13,13.23817253112793,13.23817253112793,12.667559461249551,12.667559461249551,151657201716
2001-02-14,12.553438186645508,13.352293951087676,12.553438186645508,13.23817054959043,123006975
2001-02-15,13.352295875549316,13.352295875549316,12.89580622678592,13.009925621711881,160798110
2001-02-16,13.580537796020508,14.037026610183265,13.352294998146963,13.808781398497969,365911270
2001-02-19,13.580537796020508,13.580537796020508,13.124048177253831,13.238171587700396,120681516
2001-02-20,13.23817253112793,13.922904191962107,13.23817253112793,13.694662182426656,133902912
2001-02-21,13.352295875549316,13.352295875549316,12.89580622678592,13.009925621711881,88326993
2001-02-22,12.667557716369629,13.009923901929822,12.667557716369629,13.009923901929822,112465048118
2001-02-23,12.439316749572754,12.667559565592216,12.325193330053068,12.553440169092438,110006570
2001-02-26,12.211073875427246,12.439316690360247,12.096950456450802,12.325193271383803,66288160
2001-02-27,12.096948623657227,12.439314805695199,12.096948623657227,12.325191404009448,81211003
2001-02-28,12.096948623657227,12.096948623657227,12.096948623657227,12.096948623657227,0
2001-03-01,11.52634048461914,11.86870347269744,11.52634048461914,11.86870347269744,119729316
2001-03-02,11.640460014343262,11.754583425582155,11.412217214885093,11.640460014343262,71106748
2001-03-05,12.096948623657227,12.096948623657227,11.52633966126703,11.640459039933502,43802984
2001-03-06,12.211073875427246,12.667559505293248,12.211073875427246,12.325193271383803,131912109
2001-03-07,12.667557716369629,12.781681119229466,12.553438336529112,12.667557716369629,118323421321
2001-03-08,12.211073875427246,12.553440109336691,12.211073875427246,12.553440109336691,55773010
2001-03-09,12.211073875427246,12.211073875427246,11.868704423101889,11.982827037474356,41263908
2001-03-12,11.982826232910156,11.982826232910156,11.754583433302086,11.868703626200235,45298650
2001-03-13,12.096948623657227,12.211072025342977,11.640459039933502,11.754582441619252,74389007
2001-03-14,12.096948623657227,12.096948623657227,12.096948623657227,12.096948623657227,0
2001-03-15,12.553438186645508,12.553438186645508,12.096948603675802,12.211072005173046,89363230
2001-03-16,12.32519245147705,12.667558662611325,12.32519245147705,12.553439274246315,86606306
2001-03-19,11.868703842163086,12.211073277730446,11.868703842163086,12.211073277730446,43677471
2001-03-20,11.868703842163086,12.096949864340013,11.868703842163086,11.982826450949581,44045894
2001-03-21,11.868703842163086,11.982826450949581,11.754583647188406,11.754583647188406,45169996
2001-03-22,12.211073875427246,12.211073875427246,11.868704423101889,11.868704423101889,64914069
2001-03-23,12.439316749572754,12.667559565592216,12.325193330053068,12.439316749572754,152202088
2001-03-26,12.439316749572754,12.667559565592216,12.325193330053068,12.667559565592216,77179680
2001-03-27,12.553438186645508,12.89580436811797,12.553438186645508,12.66755756512348,158889995023
2001-03-28,12.096948623657227,12.211072025342977,11.982825221971476,11.982825221971476,154755690
2001-03-29,12.096948623657227,12.211072025342977,12.096948623657227,12.211072025342977,58974226
2001-03-30,12.096948623657227,12.211072025342977,11.982825221971476,12.211072025342977,62427151
2001-04-02,11.640460014343262,12.096949636279216,11.640460014343262,12.096949636279216,59801412
2001-04-03,11.343745231628418,11.526341251226222,11.229622618804294,11.412217833798131,91377653
2001-04-04,11.138325691223145,11.320921735157409,11.069853079927379,11.138325691223145,78052831
2001-04-05,11.138325691223145,11.138325691223145,11.138325691223145,11.138325691223145,0
2001-04-06,11.298093795776367,11.64046000623495,11.298093795776367,11.64046000623495,89924496
2001-04-09,10.955726623535156,11.183970207401188,10.955726623535156,11.183970207401188,49995736
2001-04-10,10.795955657958984,11.092675031235576,10.795955657958984,10.955725833299455,57147545
2001-04-11,11.183969497680664,11.229620303526943,10.841603339003887,11.069849322197275,54453904
2001-04-12,11.52634048461914,11.640459871437413,11.389392070972168,11.389392070972168,80044207
2001-04-13,11.41221809387207,11.754584330938718,11.41221809387207,11.754584330938718,54137138
2001-04-16,11.343745231628418,11.412217833798131,11.183971803545917,11.412217833798131,24837877
2001-04-17,11.343745231628418,11.412217833798131,11.183971803545917,11.275269411042837,25380550
2001-04-18,11.52634048461914,11.640459871437413,11.412217074781301,11.412217074781301,52134988
2001-04-19,12.32519245147705,12.32519245147705,12.096949651727408,12.32519245147705,271463143
2001-04-20,12.211073875427246,12.439316690360247,12.096950456450802,12.325193271383803,105074668
2001-04-23,12.096948623657227,12.211072025342977,11.982825221971476,12.096948623657227,34615849
2001-04-24,11.982826232910156,12.096949644223999,11.868703626200235,11.868703626200235,41747937
2001-04-25,11.754584312438965,11.982827129117538,11.640460892589719,11.982827129117538,40596038
2001-04-26,11.754584312438965,11.982827129117538,11.640460892589719,11.982827129117538,40596038
2001-04-27,11.754584312438965,11.982827129117538,11.754584312438965,11.982827129117538,45634138
2001-04-30,11.982826232910156,12.211073055537844,11.754583433302086,11.868703626200235,101316142
2001-05-01,11.982826232910156,11.982826232910156,11.982826232910156,11.982826232910156,0
2001-05-02,12.096948623657227,12.781680987733173,12.096948623657227,12.55343820738095,162210107
2001-05-03,12.32519245147705,12.439315862861683,11.868703633562069,12.096949651727408,90500602
2001-05-04,11.754584312438965,12.32519336564536,11.754584312438965,12.32519336564536,56913192
2001-05-07,11.982826232910156,12.211073055537844,11.754583433302086,11.982826232910156,63636658
2001-05-08,11.982826232910156,12.211073055537844,11.868703626200235,11.982826232910156,54447305
2001-05-09,11.982826232910156,12.211073055537844,11.982826232910156,12.096949644223999,62268980
2001-05-10,11.754584312438965,11.982827129117538,11.754584312438965,11.982827129117538,39862020
2001-05-11,11.982826232910156,12.096949644223999,11.754583433302086,11.754583433302086,54021773
2001-05-14,11.868703842163086,11.982826450949581,11.868703842163086,11.868703842163086,23460459
2001-05-15,11.640460014343262,11.868703618405355,11.640460014343262,11.754583425582155,47449065
2001-05-16,11.52634048461914,11.754583281275252,11.52634048461914,11.640459871437413,33806423
2001-05-17,11.754584312438965,11.868704513872277,11.640460892589719,11.640460892589719,39537973
2001-05-18,11.868703842163086,11.982826450949581,11.754583647188406,11.868703842163086,48700989
2001-05-21,11.640460014343262,11.868703618405355,11.412217214885093,11.868703618405355,51106512
2001-05-22,11.982826232910156,12.096949644223999,11.754583433302086,11.754583433302086,82444722
2001-05-23,12.32519245147705,12.439315862861683,11.982826240342776,11.982826240342776,84510858
2001-05-24,12.096948623657227,12.325191404009448,12.096948623657227,12.325191404009448,47717185
2001-05-25,11.982826232910156,12.211073055537844,11.982826232910156,12.096949644223999,40683791
2001-05-28,11.868703842163086,11.982826450949581,11.754583647188406,11.982826450949581,26184614
2001-05-29,11.868703842163086,12.096949864340013,11.868703842163086,11.868703842163086,40084563
2001-05-30,11.868703842163086,11.982826450949581,11.868703842163086,11.868703842163086,39031526
2001-05-31,11.868703842163086,11.868703842163086,11.640460233797974,11.754583647188406,40850704
2001-06-01,11.754584312438965,11.982827129117538,11.754584312438965,11.982827129117538,25964955
2001-06-04,11.754584312438965,11.868704513872277,11.640460892589719,11.754584312438965,27970285
2001-06-05,11.868703842163086,11.868703842163086,11.754583647188406,11.754583647188406,23535608
2001-06-06,12.32519245147705,12.32519245147705,12.096949651727408,12.096949651727408,102894553
2001-06-07,12.32519245147705,12.32519245147705,12.21107306311204,12.32519245147705,50652055
2001-06-08,12.667557716369629,12.895804522089303,12.553438336529112,12.553438336529112,162388545236
2001-06-11,12.553438186645508,12.66755756512348,12.439314785148262,12.66755756512348,53034289081
2001-06-12,12.553438186645508,12.66755756512348,12.439314785148262,12.553438186645508,39885918982
2001-06-13,12.096948623657227,12.55343820738095,11.982825221971476,12.55343820738095,61652009
2001-06-14,11.868703842163086,12.096949864340013,11.754583647188406,11.982826450949581,54068809
2001-06-15,11.982826232910156,11.982826232910156,11.754583433302086,11.754583433302086,26308907
2001-06-18,11.41221809387207,11.754584330938718,11.41221809387207,11.754584330938718,90953100
2001-06-19,11.047025680541992,11.343744288288965,10.955727276033432,11.298093476826885,88867705
2001-06-20,10.955726623535156,11.04702502260619,10.955726623535156,10.955726623535156,58832745
2001-06-21,10.659011840820312,10.932902225543634,10.613361029554737,10.841604626031964,90780163
2001-06-22,10.818784713745117,10.841606502610606,10.613362866626582,10.613362866626582,51469261
2001-06-25,10.818784713745117,10.818784713745117,10.818784713745117,10.818784713745117,0
2001-06-26,10.316643714904785,10.864430989774911,10.270996116338935,10.864430989774911,68514942
2001-06-27,10.47641372680664,10.590537146323214,10.38511933605488,10.453591939477658,48629167
2001-06-28,10.134048461914062,10.476414730235655,10.0427548670222,10.476414730235655,57546573
2001-06-29,10.430768013000488,10.45359302110709,10.316644581675604,10.385120410599477,56986510
2001-07-02,10.613360404968262,10.613360404968262,10.293820032387917,10.476412002250303,35262021
2001-07-03,10.47641372680664,10.613362152068122,10.430766933732752,10.544890353249325,29048606
2001-07-04,10.36229419708252,10.453591805076396,10.27099578448467,10.407941794173501,33249927
2001-07-05,10.29382038116455,10.3851179783968,10.225344568277766,10.225344568277766,20467556
2001-07-06,10.019927024841309,10.248169816482536,9.997102021533681,10.088399620952508,52660028
2001-07-09,9.403668403625488,9.837332256461723,9.403668403625488,9.76886045635789,82193365
2001-07-10,9.517786979675293,9.700382990260369,9.266719174904159,9.426489376684719,71386659
2001-07-11,9.654735565185547,9.791679949153377,9.426488756609462,9.44931375930862,74043114
2001-07-12,11.260432243347168,11.312928620390714,11.129192507644051,11.129192507644051,110879931
2001-07-13,11.198748588562012,11.681712795431002,11.16856468340153,11.651528890270521,119493093
2001-07-16,11.047823905944824,11.228937013136731,10.896898730429772,11.228937013136731,50455365
2001-07-17,11.259119033813477,11.379860280424454,10.927080002180505,10.957267928795307,60111577
2001-07-18,10.987454414367676,11.319492743738596,10.866712325937568,11.289305612423153,52361241
2001-07-19,10.413933753967285,11.017635219261432,10.232820659186533,10.80633902249526,77619654
2001-07-20,10.655416488647461,10.8063416910906,10.564861528102375,10.715787535149502,69959612
2001-07-23,10.655416488647461,10.89690067465563,10.564861528102375,10.8063416910906,34235126
2001-07-24,10.625232696533203,10.685603743728027,10.56486164933838,10.655416610922618,44446220
2001-07-25,10.89689826965332,10.927081372430806,10.655414136941959,10.655414136941959,39395100
2001-07-26,11.198748588562012,11.319489841430197,10.74596748224975,10.896897467900928,58254056
2001-07-27,11.44023609161377,11.953388414726277,11.319493989891274,11.319493989891274,151538104
2001-07-30,11.44023609161377,11.44023609161377,11.44023609161377,11.44023609161377,0
2001-07-31,11.742085456848145,11.832639598731964,11.500605331346366,11.560971540853457,82012030
2001-08-01,11.80245590209961,11.92319797853639,10.987453322982374,11.832639812001046,157695554
2001-08-02,12.13449478149414,12.164677886240499,11.832639595914639,12.074123744378241,102060818526
2001-08-03,12.164679527282715,12.375979794900967,11.923199369262225,12.134496418464588,58016408597
2001-08-06,11.923198699951172,12.074124695421188,11.711902467213935,11.923198699951172,43268842
2001-08-07,11.228938102722168,11.651531370823179,11.19875097271999,11.621343436217078,59636645361
2001-08-08,11.379865646362305,11.379865646362305,11.138382234670182,11.168569370915389,57062438
2001-08-09,11.16856575012207,11.289303796107054,11.16856575012207,11.198749658165445,32590642709
2001-08-10,11.349677085876465,11.44023526483182,11.108196922903401,11.168567969401654,82142878
2001-08-13,11.16856575012207,11.34967483060912,11.16856575012207,11.34967483060912,32331934
2001-08-14,11.681714057922363,11.7119011847603,11.198749798857419,11.259120834117937,64735883
2001-08-15,11.651532173156738,11.923199465201165,11.530790081665023,11.711903218902597,66747969
2001-08-16,11.651532173156738,11.802457373709448,11.470419035919164,11.560973190726015,46530893
2001-08-17,11.742085456848145,11.86282672650483,11.65153051036046,11.742085456848145,51807559
2001-08-20,11.470418930053711,11.621344129213465,11.44023501666732,11.470418930053711,43710709
2001-08-21,11.681714057922363,11.772272220020817,11.47041704371823,11.47041704371823,31045410
2001-08-22,11.470418930053711,11.681715979006105,11.44023501666732,11.44023501666732,50780987
2001-08-23,11.591156959533691,11.651527983571706,11.410043887419645,11.410043887419645,59247605
2001-08-24,11.017635345458984,11.349674413819338,10.927081210842758,11.319490506884396,80492149
2001-08-27,11.500605583190918,11.651530765510028,11.138379352477104,11.198750390929407,92236163575
2001-08-28,11.500605583190918,11.742085713980718,11.37986270168243,11.500605583190918,63657967
2001-08-29,11.772273063659668,11.832640080227083,11.34967578655137,11.34967578655137,70961503
2001-08-30,11.742085456848145,11.77227258462101,11.62134257798373,11.62134257798373,46638893
2001-08-31,12.013754844665527,12.043941977801888,11.56097359494833,11.681716495265727,84176794
2001-09-03,11.953385353088379,12.22504857555012,11.832639259272522,12.164677540151795,57034613
2001-09-04,12.164679527282715,12.194867463724675,11.802457278742047,11.953387305704185,54828261117
2001-09-05,12.074124336242676,12.074124336242676,11.923198345262374,12.074124336242676,43161611
2001-09-06,12.043941497802734,12.074125411320118,11.862828361450731,11.953387343438658,63492444
2001-09-07,12.013754844665527,12.074125892522222,11.893012748952138,11.953387819828867,60774810
2001-09-10,11.953385353088379,12.134494436264154,11.893010294670848,11.923197421577694,36672182
2001-09-11,11.621344566345215,12.01375476562395,11.621344566345215,11.95338774118446,45874732
2001-09-12,11.621344566345215,11.621344566345215,11.621344566345215,11.621344566345215,0
2001-09-13,10.836528778076172,10.836528778076172,10.836528778076172,10.836528778076172,13320673
2001-09-14,10.081893920898438,10.776157734515822,10.081893920898438,10.353565238293363,85809091
2001-09-17,10.081893920898438,10.081893920898438,10.081893920898438,10.081893920898438,0
2001-09-18,10.081893920898438,10.081893920898438,10.081893920898438,10.081893920898438,0
2001-09-19,10.081893920898438,10.081893920898438,10.081893920898438,10.081893920898438,0
2001-09-20,9.417815208435059,9.417815208435059,9.417815208435059,9.417815208435059,9206899
2001-09-21,9.115964889526367,9.115964889526367,9.115964889526367,9.115964889526367,1271988
2001-09-24,9.115964889526367,9.115964889526367,9.115964889526367,9.115964889526367,0
2001-09-25,7.968921184539795,8.723552616800191,7.93873406056865,8.60281055774571,214596063
2001-09-26,8.24059009552002,8.270778030292972,7.425587466399903,7.96892282068129,200435605
2001-09-27,7.878368377685547,7.9991064340061175,7.787809404368809,7.9689225233788985,84751214
2001-09-28,7.878368377685547,7.878368377685547,7.878368377685547,7.878368377685547,0
2001-10-01,7.878368377685547,7.878368377685547,7.878368377685547,7.878368377685547,0
2001-10-02,7.576512813568115,7.999106047837526,7.576512813568115,7.999106047837526,66062320
2001-10-03,7.063360214233398,7.455770321929864,7.063360214233398,7.304845152316655,105063670
2001-10-04,7.063360214233398,7.425586414452562,7.063360214233398,7.395399288560004,133729141
2001-10-05,7.546329021453857,7.546329021453857,7.093548652575606,7.153919690267588,110467902
2001-10-08,7.606699466705322,7.6972544069827675,7.365215334745155,7.365215334745155,102554880
2001-10-09,8.119848251342773,8.119848251342773,7.727442904096679,7.878368904149433,97041643
2001-10-10,8.119848251342773,8.119848251342773,8.119848251342773,8.119848251342773,0
2001-10-11,8.66318416595459,8.66318416595459,8.572630008520687,8.602813118457316,82409973447
2001-10-12,8.874480247497559,9.266889599283902,8.874480247497559,9.266889599283902,201838430
2001-10-15,8.633000373840332,8.874480521727712,8.602812438665133,8.753742459293868,47844585
2001-10-16,8.814108848571777,8.814108848571777,8.512257679547536,8.572628717956265,63347549988
2001-10-17,8.8442964553833,9.357448700406804,8.8442964553833,9.05559349203542,160356003
2001-10-18,8.753741264343262,8.844295402260286,8.60281126431759,8.663182298803264,64498599
2001-10-19,8.96504020690918,9.055595177062838,8.572630776820242,8.633001829728112,105969288
2001-10-22,8.995221138000488,9.11596320373334,8.844295165042038,8.995221138000488,69500081
2001-10-23,8.904666900634766,9.236705163789866,8.904666900634766,9.206517233890608,82464978
2001-10-24,9.508373260498047,9.508373260498047,8.995221854093796,9.025408982137765,183200616
2001-10-25,9.659297943115234,9.659297943115234,9.387629919425736,9.50837197849108,97752084
2001-10-26,9.568742752075195,9.900781796415853,9.508371724157351,9.659297684744478,89054301
2001-10-29,9.508373260498047,9.719669478540023,9.387631185153136,9.448002222825592,78838874
2001-10-30,8.8442964553833,9.297077658732528,8.8442964553833,9.297077658732528,95892523
2001-10-31,8.572628021240234,8.783924224686643,8.451885954235744,8.60281112417991,87292846
2001-11-01,8.78392505645752,8.904667939499257,8.723554017238596,8.814108966859196,71633429
2001-11-02,9.387632369995117,9.387632369995117,9.206519234118906,9.266890279410976,115021521
2001-11-05,9.780041694641113,9.900784589138594,9.206519181458837,9.32726127135235,132002820
2001-11-06,9.719670295715332,10.11208046437019,9.719670295715332,10.11208046437019,120699792
2001-11-07,10.35356616973877,10.35356616973877,9.87059775617899,9.930968807873962,143620066
2001-11-08,10.564859390258789,11.078007549460544,10.444117321687369,10.444117321687369,208099296
2001-11-09,10.564859390258789,10.564859390258789,10.564859390258789,10.564859390258789,0
2001-11-12,10.263004302978516,10.474301315503313,10.202633268197813,10.32337533775922,89799218
2001-11-13,10.17245101928711,10.47430219553237,10.17245101928711,10.202634125401884,75463569
2001-11-14,10.86671257019043,10.86671257019043,10.413936165232068,10.534674233356231,191218717
2001-11-15,11.44023609161377,11.560974170316028,10.776158555160286,10.866713522244062,175503664
2001-11-16,11.651532173156738,12.013754424611994,11.319493030762477,11.530790081665023,174653555
2001-11-19,11.923198699951172,12.01375365355004,11.470418299729342,11.651531425342787,102592082
2001-11-20,11.319493293762207,11.95338767961381,11.319493293762207,11.862828695079017,129196289
2001-11-21,11.80245590209961,11.80245590209961,10.987453322982374,10.987453322982374,116647250
2001-11-22,11.16856575012207,11.681713911162818,11.16856575012207,11.681713911162818,77750210
2001-11-23,11.41004753112793,11.621343768925694,11.138380250013135,11.138380250013135,99217531
2001-11-26,11.681714057922363,11.7119011847603,11.410046008457712,11.56097118279749,135382038
2001-11-27,12.043941497802734,12.225050611134863,11.62134417964806,12.074125411320118,244201712
2001-11-28,12.074124336242676,12.647646803145774,12.013753296167431,12.134495376317918,218335811
2001-11-29,11.893012046813965,11.983570222460658,11.681715805602035,11.95338711412628,71390414
2001-11-30,11.923198699951172,12.255237821034632,11.893011569807744,12.01375365355004,114757880
2001-12-03,12.406163215637207,12.55708840898182,12.164679044186913,12.164679044186913,134827822039
2001-12-04,13.130611419677734,13.130611419677734,12.104307736488655,12.345791902655407,159138907
2001-12-05,14.036171913146973,14.036171913146973,13.583395444339502,13.583395444339502,219014165
2001-12-06,15.002099990844727,15.002099990844727,14.881357914545804,15.002099990844727,130933260
2001-12-07,15.545434951782227,15.696359317439638,15.002098867535846,15.062469901164919,217761294
2001-12-10,14.609694480895996,15.394513311426142,14.609694480895996,15.394513311426142,165788561
2001-12-11,14.851175308227539,14.851175308227539,13.975798396640434,14.398395700779764,146850980
2001-12-12,15.847288131713867,15.847288131713867,14.971911383443228,15.092653447813687,184158472
2001-12-13,14.911543846130371,16.14914385915798,14.7908049718771,15.847291845900878,159994326
2001-12-14,14.730433464050293,14.911543378964152,14.247469936128178,14.307840980571413,149716863
2001-12-17,14.126726150512695,14.639878357438727,14.126726150512695,14.488947546042748,81845460
2001-12-18,14.036171913146973,14.700248680461382,14.005987995312474,14.700248680461382,131383902
2001-12-19,14.126726150512695,14.609691229634892,14.036167985516654,14.187097187704902,109989351
2001-12-20,14.488947868347168,14.54931890688232,14.036168297749061,14.036168297749061,90024442
2001-12-21,13.764501571655273,14.247469926887925,13.583393266066794,14.036169662265719,123175474
2001-12-24,14.247469902038574,14.247469902038574,13.643764286674463,13.673946590408017,82435951
2001-12-25,14.549315452575684,14.700241403872873,14.096535989476731,14.247465159188687,91501713
2001-12-26,14.277653694152832,14.790804347934053,14.247469781466794,14.639879956880149,74909860
2001-12-27,14.398394584655762,14.881358067181875,14.217281468349727,14.488947924393237,140517583
2001-12-28,14.881357192993164,15.002099263437664,14.3983937388382,14.519130981659668,138206947
2001-12-31,15.394511222839355,15.545437219723162,15.092656010656006,15.092656010656006,165357009
2002-01-01,15.394511222839355,15.394511222839357,15.394511222839357,15.394511222839357,0
2002-01-02,15.062471389770508,15.39451049833779,14.790803320798695,15.39451049833779,93679600
2002-01-03,15.062471389770508,15.062471389770508,15.062471389770508,15.062471389770508,0
2002-01-04,15.696358680725098,15.696358680725098,15.243582383704227,15.39450835244704,199447422
2002-01-07,15.847288131713867,15.847288131713867,15.243582637484359,15.696358942043195,114951506
2002-01-08,15.243585586547852,15.545437587455877,15.092656367678025,15.545437587455877,89879912
2002-01-09,15.243585586547852,15.394511587001865,14.941730367224011,15.243585586547852,92884707
2002-01-10,14.760616302490234,15.062471502731334,14.639879050017212,14.881358382586674,101619020
2002-01-11,14.066357612609863,14.639880958630872,14.036170479442426,14.458767814874339,106611320
2002-01-14,13.764501571655273,13.885243660463436,13.613575569852992,13.613575569852992,72046255
2002-01-15,13.372089385986328,13.734314771665966,13.130609282149667,13.58339041079637,103562628
2002-01-16,12.979683876037598,13.583391000992457,12.979683876037598,13.372089967001418,104041501
2002-01-17,13.492834091186523,13.704130329743668,12.526905440682045,12.70801857128404,134438129
2002-01-18,13.673943519592285,14.036166485623214,13.673943519592285,14.036166485623214,120762357
2002-01-21,14.579500198364258,14.57950019836426,13.76449776135078,13.76449776135078,111788005
2002-01-22,14.338025093078613,14.790804714286827,14.036169866662545,14.639880319494683,96371353
2002-01-23,14.609694480895996,15.243587294066074,13.885245091785027,14.126729294294075,250901317
2002-01-24,14.277653694152832,14.760617216832204,14.187098737678909,14.670063869566187,108893123
2002-01-25,14.488947868347168,14.790803061022926,14.39839452895997,14.639878683100578,96256394
2002-01-28,14.51913070678711,14.790801969351696,14.458764500330728,14.488946798955096,87384716
2002-01-29,14.036171913146973,14.549322654456164,14.036171913146973,14.519135518205305,70161207
2002-01-30,13.583393096923828,13.855059574943509,13.583393096923828,13.643764140576158,98765386
2002-01-31,13.583393096923828,13.583393096923828,13.583393096923828,13.583393096923828,0
2002-02-01,14.156911849975586,14.428578333275999,13.885243757467238,14.428578333275999,114266801
2002-02-04,13.824870109558105,14.00598320993386,13.76449907609952,13.975796083996938,58619846
2002-02-05,13.915431022644043,13.915431022644043,13.583393491330996,13.583393491330996,47380112
2002-02-06,13.64376449584961,14.036169852976089,13.613575754821548,13.613575754821548,136914506
2002-02-07,13.64376449584961,13.64376449584961,13.64376449584961,13.64376449584961,0
2002-02-08,13.64376449584961,13.64376449584961,13.64376449584961,13.64376449584961,0
2002-02-11,13.64376449584961,13.64376449584961,13.64376449584961,13.64376449584961,0
2002-02-12,13.64376449584961,13.64376449584961,13.64376449584961,13.64376449584961,0
2002-02-13,13.64376449584961,13.64376449584961,13.64376449584961,13.64376449584961,0
2002-02-14,13.64376449584961,13.64376449584961,13.64376449584961,13.64376449584961,0
2002-02-15,13.64376449584961,13.64376449584961,13.64376449584961,13.64376449584961,0
2002-02-18,13.764501571655273,14.036169662265719,13.643764310470877,13.885243660463436,104711580
2002-02-19,13.281536102294922,13.885241630450638,13.281536102294922,13.885241630450638,96281993
2002-02-20,12.587276458740234,13.130611826426797,12.587276458740234,12.979685827105165,118350714
2002-02-21,12.677831649780273,12.889127891828588,12.617459800644824,12.889127891828588,80678684
2002-02-22,12.677831649780273,12.768389825785428,12.37597964553869,12.496722539205626,76326479
2002-02-25,12.617457389831543,12.828754396111373,12.617457389831543,12.798571293424594,65964396
2002-02-26,12.617457389831543,12.949496462104202,12.617457389831543,12.828754396111373,60391151
2002-02-27,13.492834091186523,13.492834091186523,12.919314809841186,12.979685853375184,130512411
2002-02-28,13.492834091186523,13.492834091186523,13.492834091186523,13.492834091186523,0
2002-03-01,14.187097549438477,14.428576876741202,13.643763028478203,13.7041292395864,278867050
2002-03-04,15.09265422821045,15.09265422821045,14.851173305398454,15.09265422821045,181523323
2002-03-05,15.545434951782227,15.847288510719954,15.243583002052135,15.847288510719954,296170397
2002-03-06,15.998215675354004,15.998215675354004,15.243584135700054,15.394510121789294,249447817
2002-03-07,15.545434951782227,15.998214485585,15.394508976917182,15.847288510719954,151745816
2002-03-08,15.545434951782227,15.847288510719954,15.243583002052135,15.696359317439638,120902558
2002-03-11,16.450998306274414,16.601924305705225,15.696361872288765,15.696361872288765,229642022
2002-03-12,15.696358680725098,16.30006577411149,15.545434321189854,16.30006577411149,91514756
2002-03-13,15.545434951782227,15.998214485585,15.394508976917182,15.696359317439638,66709533
2002-03-14,15.696358680725098,15.696358680725098,15.243582383704227,15.39450835244704,79113619
2002-03-15,14.881357192993164,15.39450938317461,14.790802249367468,15.092654207063362,199785871
2002-03-18,15.243585586547852,15.243585586547852,14.639879975523893,14.941730367224011,84558044
2002-03-19,15.062471389770508,15.545436488118666,14.941729310579571,15.243584508556912,89244714
2002-03-20,15.696358680725098,15.696358680725098,15.092653196546275,15.243582383704227,122232293
2002-03-21,15.545434951782227,15.696359317439638,15.243583002052135,15.243583002052135,66130235
2002-03-22,15.696358680725098,15.998213836625863,15.696358680725098,15.84728786788305,121547127
2002-03-25,15.696358680725098,15.998213836625863,15.545434321189854,15.696358680725098,68949384
2002-03-26,15.847288131713867,15.847288131713867,15.545434579995314,15.545434579995314,60106842
2002-03-27,15.394511222839355,15.99821681958245,15.394511222839357,15.99821681958245,90082374
2002-03-28,15.998215675354004,15.998215675354004,15.545436107878531,15.545436107878531,118014981
2002-03-29,15.847288131713867,16.3000660454803,15.847288131713867,16.3000660454803,95617523
2002-04-01,15.998215675354004,16.14914166144324,15.847289689264764,15.847289689264764,37018221
2002-04-02,16.450998306274414,16.601924305705225,16.149143088996997,16.149143088996997,113394121
2002-04-03,16.300071716308594,16.601926982250806,16.14914569254564,16.300071716308594,102961865
2002-04-04,15.998215675354004,16.30006764753248,15.847289689264764,16.14914166144324,78989487
2002-04-05,15.998215675354004,15.998215675354004,15.998215675354004,15.998215675354004,0
2002-04-08,15.998215675354004,16.14914166144324,15.847289689264764,15.847289689264764,39083909
2002-04-09,15.696358680725098,15.998213836625863,15.545434321189854,15.998213836625863,53896876
2002-04-10,15.243585586547852,15.696361978701981,15.243585586547852,15.545437587455877,86772451
2002-04-11,15.394511222839355,15.696361607399098,15.394511222839357,15.394511222839357,53779216
2002-04-12,16.14914321899414,16.14914321899414,15.39451160655756,15.545437607203294,72713644
2002-04-15,15.998215675354004,16.30006764753248,15.998215675354004,16.14914166144324,49896617
2002-04-16,16.450998306274414,16.601924305705225,16.149143088996997,16.149143088996997,116169962
2002-04-17,17.20563316345215,17.50748521934541,17.054707135505517,17.054707135505517,254782894
2002-04-18,17.20563316345215,17.35655919139878,17.054707135505517,17.35655919139878,100707672
2002-04-19,17.05470085144043,17.205626823776083,16.903771660689564,16.903771660689564,59116179
2002-04-22,17.20563316345215,17.20563316345215,16.903777889142486,16.903777889142486,55663952
2002-04-23,16.90377426147461,17.05470347544718,16.75284826591775,17.05470347544718,71215782
2002-04-24,17.05470085144043,17.205626823776083,16.903771660689564,16.903771660689564,58077856
2002-04-25,16.60192108154297,16.903771412576102,16.450995111422607,16.903771412576102,87089300
2002-04-26,16.450998306274414,16.601924305705225,16.149143088996997,16.450998306274414,55613334
2002-04-29,15.998215675354004,16.14914166144324,15.847289689264764,16.14914166144324,68462889
2002-04-30,15.998215675354004,15.998215675354004,15.696360484760016,15.998215675354004,58101728
2002-05-01,15.998215675354004,15.998215675354004,15.998215675354004,15.998215675354004,0
2002-05-02,15.545434951782227,16.149140460450045,15.545434951782227,15.998214485585,78304151
2002-05-03,15.847288131713867,15.847288131713867,15.243582637484359,15.243582637484359,64559845
2002-05-06,14.790806770324707,15.394514088660996,14.760619634278905,15.394514088660996,95908797
2002-05-07,14.760616302490234,14.941729422634895,14.187097858863368,14.187097858863368,97612164
2002-05-08,15.002099990844727,15.24358414344257,14.790802966529368,14.820986876396343,73386641
2002-05-09,15.0322847366333,15.696361365582359,14.881358742074648,15.696361365582359,108113774
2002-05-10,15.0322847366333,15.0926557781399,14.700245617554849,14.941729783581247,88587132
2002-05-13,14.70024585723877,14.881358984711573,14.70024585723877,14.760616899729703,48328706
2002-05-14,14.851175308227539,15.032285220157172,14.700246090398453,14.88135922074388,50148956
2002-05-15,15.394511222839355,15.545437219723162,15.092656010656006,15.24358522595555,96705731
2002-05-16,14.941728591918945,15.243583775377791,14.941728591918945,15.243583775377791,37070237
2002-05-17,14.70024585723877,15.062472112184375,14.60969251191811,14.941730027202507,85378226
2002-05-20,14.549315452575684,14.700241403872873,14.338020086284047,14.700241403872873,55293219
2002-05-21,13.975794792175293,14.48894531072607,13.975794792175293,14.48894531072607,61351486
2002-05-22,14.277653694152832,14.338024737940717,13.885243518739477,13.9757984752134,101399967
2002-05-23,13.885241508483887,14.24746771876939,13.885241508483887,14.126725648674222,87775031
2002-05-24,14.247469902038574,14.307840946337361,13.885243636245852,13.885243636245852,71487875
2002-05-27,14.096541404724121,14.126728537628937,13.945615395448051,13.975799309936864,48150324
2002-05-28,14.096541404724121,14.398396641692264,13.975799309936864,14.096541404724121,78934685
2002-05-29,13.885241508483887,14.066354613626638,13.76449943838872,14.036167486895174,64600345
2002-05-30,14.036171913146973,14.156914021317691,13.794690915221897,13.945616941227115,130801754
2002-05-31,13.673943519592285,13.885240517978254,13.58339019189589,13.885240517978254,75970092
2002-06-03,13.523021697998047,13.583392740064324,13.372091679020564,13.583392740064324,55328711
2002-06-04,13.070237159729004,13.251350239756894,12.979682228922506,13.130608186404967,107155129
2002-06-05,13.190980911254883,13.372089991579681,13.160792980219407,13.160792980219407,73883236
2002-06-06,13.190980911254883,13.402277118011328,13.130609876806902,13.281535853719197,76356107
2002-06-07,12.34579086303711,12.889126168139333,12.315607758619702,12.798572027263981,124956692
2002-06-10,12.708017349243164,12.73820125889969,12.466533198329008,12.526904236057547,77188754
2002-06-11,12.677831649780273,12.858943978770771,12.37597964553869,12.828756847297102,71074296
2002-06-12,12.557087898254395,12.73820182407971,12.557087898254395,12.61745893866153,54296679
2002-06-13,13.130611419677734,13.281537414324108,12.708018151905533,12.708018151905533,134838785
2002-06-14,13.070237159729004,13.10042508687816,12.889124079701112,12.979682228922506,43548474
2002-06-17,12.828756332397461,13.281537539002695,12.828756332397461,13.16079465018194,68731760
2002-06-18,13.070237159729004,13.190979213080931,13.00986613305304,13.130608186404967,47314663
2002-06-19,12.677831649780273,13.16079517840839,12.677831649780273,13.070241025423048,67594281
2002-06-20,12.496723175048828,12.526906285038423,12.074125841826334,12.406164189831998,79904003
2002-06-21,12.406163215637207,12.677831299310906,12.10430800132434,12.134495936567449,85179869
2002-06-24,12.255236625671387,12.375977893032776,12.07412351772353,12.28541972985115,60181263
2002-06-25,12.406163215637207,12.6476473870875,12.255238022292595,12.375979303413802,62890326
2002-06-26,11.893012046813965,12.31560935686158,11.77227398124873,12.225050376610927,96156854
2002-06-27,11.893012046813965,12.074125179691515,11.832641002521449,12.013754135398997,62307112
2002-06-28,12.104307174682617,12.25523718534338,12.074124069124453,12.074124069124453,49207432
2002-07-01,11.80245590209961,12.074123964874607,11.681714630266708,12.074123964874607,39649802
2002-07-02,11.681714057922363,11.832639232262139,11.621342218058006,11.621342218058006,38525796
2002-07-03,11.530789375305176,11.591160417352791,10.866711935801074,11.319492337346388,76470149
2002-07-04,11.651532173156738,11.893012333120277,11.560973190726015,11.591161127410881,78777139
2002-07-05,12.466533660888672,12.466533660888672,11.681714968920895,11.862827284222652,104838483
2002-07-08,12.858942985534668,13.281537046197686,12.73820171040182,12.889126896261054,156550149
2002-07-09,13.130611419677734,13.130611419677734,12.587276068822158,12.768389193447222,66120444660
2002-07-10,12.617457389831543,12.919312554813613,12.587274287144762,12.919312554813613,60212422
2002-07-11,12.074124336242676,12.526904722995289,11.923198345262374,12.16467848254383,86565068551
2002-07-12,12.587276458740234,12.82875660936774,12.37597941600679,12.43635126402255,99120490
2002-07-15,12.37597942352295,12.587276466384717,12.255238141229945,12.587276466384717,49388727
2002-07-16,12.37597942352295,12.828756617158879,12.37597942352295,12.677831422349534,69980644
2002-07-17,12.3156099319458,12.496723073280528,12.074125743499497,12.375980174453378,54661888
2002-07-18,12.013754844665527,12.315610083949,11.983570929945193,12.315610083949,69734834
2002-07-19,11.591156959533691,11.711899007609722,11.31948896057,11.651527983571706,119613197
2002-07-22,11.047823905944824,11.28930402584814,10.98745287021419,11.168565977406097,96924086
2002-07-23,11.44023609161377,11.44023609161377,10.896901461486827,10.896901461486827,115409531
2002-07-24,10.957269668579102,11.108194842750072,10.836527598193113,11.047823807557076,110340802
2002-07-25,10.86671257019043,11.349676911746736,10.86671257019043,11.25912275720063,114157575
2002-07-26,10.112079620361328,10.112079620361328,10.112079620361328,10.112079620361328,55518497
2002-07-29,9.598928451538086,10.112079870972444,9.417814529317948,9.417814529317948,192260428
2002-07-30,10.051711082458496,10.08189499961194,9.810230894586155,9.930968977012146,109564890
2002-07-31,9.749856948852539,10.021524191684591,9.749856948852539,10.021524191684591,64466752
2002-08-01,9.659297943115234,9.991336191733643,9.629114037556425,9.991336191733643,92915159
2002-08-02,9.508373260498047,9.508373260498047,9.206518072135772,9.41781429017775,107883939
2002-08-05,10.498984336853027,10.818341356990844,10.419144277214478,10.658660433109654,119498334
2002-08-06,10.738497734069824,10.8582581860904,10.179619111257056,10.179619111257056,128631734
2002-08-07,11.457061767578125,11.457061767578125,11.137700011382275,11.177620432057722,131676680
2002-08-08,11.17762279510498,11.496984618816715,11.17762279510498,11.45706418970174,77185619
2002-08-09,11.576823234558105,11.656664082871526,11.4171423425352,11.496983190848619,70094697
2002-08-12,11.576823234558105,11.736504126581012,11.45706276669191,11.656664082871526,54238994
2002-08-13,11.736505508422852,11.736505508422852,11.457064115632662,11.57682459759931,40567122
2002-08-14,11.856266021728516,11.856266021728516,11.4969845748789,11.4969845748789,54380937
2002-08-15,12.135702133178711,12.455063922536702,12.095781708357976,12.135702133178711,105541575
2002-08-16,12.135702133178711,12.335303452678442,12.055862088141186,12.335303452678442,46775093
2002-08-19,12.375224113464355,12.455064160024234,12.175622790158716,12.375224113464355,50159900
2002-08-20,12.614744186401367,12.774425073095342,12.455063299707392,12.574824568180803,71706842
2002-08-21,12.21554183959961,12.37522271933449,12.17562141851492,12.37522271933449,44293900
2002-08-22,12.375224113464355,12.534905011188075,12.295383262300515,12.295383262300515,61868155
2002-08-23,12.375224113464355,12.375224113464355,12.375224113464355,12.375224113464355,0
2002-08-26,12.095780372619629,12.295381670077369,12.055860756811168,12.295381670077369,48229493
2002-08-27,11.69658374786377,12.095780722085665,11.656663326298085,12.095780722085665,56822049
2002-08-28,11.17762279510498,11.45706418970174,11.17762279510498,11.417143760586765,84710293
2002-08-29,11.17762279510498,11.17762279510498,10.898180595904188,11.09778193687503,80241205
2002-08-30,11.217538833618164,11.377220499031386,11.057858777412495,11.177619221868635,42644723
2002-09-02,10.97801685333252,11.217537718432968,10.89817602856324,11.177618110652025,38335200
2002-09-03,10.898180961608887,11.09778230927765,10.858261335758382,10.978021822518015,49752711
2002-09-04,10.738497734069824,10.938098219236174,10.538900467318783,10.618736477445422,58939353
2002-09-05,10.69858169555664,10.97802313288538,10.69858169555664,10.97802313288538,42617884
2002-09-06,10.69858169555664,10.69858169555664,10.69858169555664,10.69858169555664,0
2002-09-09,10.77841854095459,10.898179006226458,10.658658075682721,10.69857849897465,55680630
2002-09-10,11.137700080871582,11.137700080871582,10.738498285438038,10.938098780852876,59141610
2002-09-11,11.17762279510498,11.337303706960848,11.17762279510498,11.17762279510498,49483527
2002-09-12,11.017939567565918,11.217540061981914,10.898178305391683,11.177620445861034,27886626
2002-09-13,10.738497734069824,10.8582581860904,10.738497734069824,10.8183377672156,35612173
2002-09-16,10.339301109313965,10.658658058297151,10.219539839633526,10.578817211843527,55810314
2002-09-17,10.818339347839355,10.818339347839355,10.339301492785907,10.37922191749332,68143909
2002-09-18,10.09978199005127,10.45906344969999,10.09978199005127,10.45906344969999,90399157
2002-09-19,9.980019569396973,10.179620894125515,9.980019569396973,10.09978084699648,100011829
2002-09-20,9.580816268920898,9.740497961536493,9.421136185513129,9.740497961536493,87177182
2002-09-23,9.46105670928955,9.740498893499735,9.46105670928955,9.580817185605921,48176992
2002-09-24,9.620737075805664,9.740498350044135,9.381216136536612,9.381216136536612,83638343
2002-09-25,9.5009765625,9.700577880709375,9.26145964735161,9.660657456146712,58201932137
2002-09-26,9.740497589111328,9.98001850966888,9.700577167483775,9.98001850966888,83879208
2002-09-27,9.5009765625,9.820338349793424,9.5009765625,9.78041792523076,57140869
2002-09-30,9.46105670928955,9.46105670928955,9.181620157307297,9.301375805999726,48011368
2002-10-01,9.10177993774414,9.461057368714531,9.061859507988277,9.221541227011727,70129117
2002-10-02,9.10177993774414,9.381217313806854,9.10177993774414,9.381217313806854,61885773
2002-10-03,8.502975463867188,8.942097713024218,8.502975463867188,8.862257669815635,73000404
2002-10-04,8.502975463867188,8.70257597419061,8.26345372503358,8.26345372503358,91590900
2002-10-07,7.984017848968506,8.343295256743232,7.984017848968506,8.343295256743232,81921851
2002-10-08,8.223533630371094,8.263453247365874,7.864256272814192,7.864256272814192,75575074
2002-10-09,8.263455390930176,8.662658101263371,8.18361533162599,8.223535763580129,92174400
2002-10-10,8.263455390930176,8.263455390930176,8.263455390930176,8.263455390930176,0
2002-10-11,8.103778839111328,8.622737183861705,8.103778839111328,8.58281675415503,99459663
2002-10-14,8.502975463867188,8.542895887773444,8.223534105731252,8.38321419214842,86323409
2002-10-15,9.061857223510742,9.061857223510742,8.702575055490447,8.782415894874443,85057119
2002-10-16,9.66065788269043,9.66065788269043,9.381216507621591,9.66065788269043,186856542098
2002-10-17,9.620737075805664,9.780417970186347,9.421136561282768,9.500976606171138,98771744
2002-10-18,10.259461402893066,10.259461402893066,9.860259540077315,9.98002001846164,178736320
2002-10-21,10.09978199005127,10.179622046216299,9.980020698897638,10.179622046216299,80853946
2002-10-22,9.740497589111328,10.299380273481537,9.580815902601119,10.219539430226432,103302331
2002-10-23,10.339301109313965,10.379221532540779,9.46105582134365,9.580816286420175,134282497
2002-10-24,10.219538688659668,10.45906039644054,10.139698655801928,10.339299944852016,118286146
2002-10-25,10.259461402893066,10.419143113544171,10.059860873787194,10.139700924508741,76954023
2002-10-28,10.2993803024292,10.618737239516154,10.2993803024292,10.45906118478433,84681979
2002-10-29,10.13969898223877,10.299379857698831,10.059858946810664,10.219539017666875,57295615
2002-10-30,9.780416488647461,10.099779033635688,9.580815199756252,10.019938196237675,81602144
2002-10-31,10.059860229492188,10.17962070020632,9.860258908566001,9.980019379280131,65851918
2002-11-01,9.700576782226562,10.099779373440043,9.660656362184444,10.059858953397924,62370287
2002-11-04,10.059860229492188,10.219540320708395,9.860258908566001,9.980019379280131,104394818
2002-11-05,10.13969898223877,10.379220697730787,10.099779366826642,10.299379857698831,105797172
2002-11-06,10.818339347839355,10.818339347839355,10.05986012904191,10.13970017385279,171980768
2002-11-07,11.217538833618164,11.377220499031386,10.898177111999273,10.898177111999273,258527255
2002-11-08,11.377223014831543,11.377223014831543,10.938099947051194,11.017940797412695,144868663
2002-11-11,10.61873722076416,11.137700288652852,10.61873722076416,10.978019406579707,105166611
2002-11-12,10.339301109313965,10.419141955767591,10.179620221010627,10.299380686087153,95873332
2002-11-13,10.2993803024292,10.339300724168954,9.980018537718937,10.219539458949692,78831367
2002-11-14,10.179620742797852,10.498982535774381,10.179620742797852,10.219540363466951,73222724
2002-11-15,10.578817367553711,10.698578638996922,10.498982152152388,10.578817367553711,100497294
2002-11-18,10.419140815734863,10.658656892057257,10.259459140299525,10.538900463103714,54227994
2002-11-19,10.379222869873047,10.578818574893113,10.379222869873047,10.419143298243489,40262554
2002-11-20,10.13969898223877,10.379220697730787,10.099779366826642,10.299379857698831,45484782
2002-11-21,10.13969898223877,10.459060733158893,10.099779366826642,10.379220697730787,64496055
2002-11-22,10.818339347839355,10.818339347839355,10.498982387011612,10.65865845361365,159131533
2002-11-25,10.858261108398438,10.898180733413069,10.538903303677342,10.858261108398438,130051046
2002-11-26,10.538902282714844,10.778419204995243,10.538902282714844,10.778419204995243,87543662
2002-11-27,10.2993803024292,10.379221145908707,10.179619841813823,10.339300724168954,65771275
2002-11-28,10.259461402893066,10.578818387363246,10.259461402893066,10.538902787324492,109434390
2002-11-29,10.259461402893066,10.419143113544171,10.21954097523029,10.299381830555843,50168745
2002-12-02,10.259461402893066,10.259461402893066,10.259461402893066,10.259461402893066,0
2002-12-03,10.858261108398438,10.938101163031744,10.538903303677342,10.618739335290432,123133260
2002-12-04,10.538902282714844,10.73849958384785,10.538902282714844,10.698579158096491,61229729
2002-12-05,10.578817367553711,10.578817367553711,10.379221685313103,10.379221685313103,46909181
2002-12-06,10.538902282714844,10.578817880842411,10.379222188917336,10.419142614668695,38887400
2002-12-09,10.538902282714844,10.778419204995243,10.45906223581609,10.73849958384785,62641129
2002-12-10,10.13969898223877,10.179619402254747,9.980018106778708,10.179619402254747,89452881
2002-12-11,10.019939422607422,10.179620312343436,10.019939422607422,10.139699888758452,60877523
2002-12-12,9.740497589111328,10.139699391575208,9.62073632422867,10.019938931296434,77075721
2002-12-13,9.5009765625,9.700577880709375,9.5009765625,9.62073703158405,72978028
2002-12-16,9.181621551513672,9.221541984548944,8.982020190941423,9.181621551513672,109141925
2002-12-17,9.181621551513672,9.421138517496518,9.181621551513672,9.341301674446536,70454580
2002-12-18,9.02193832397461,9.301375676675624,8.982018702160179,9.221540456066657,68868313
2002-12-19,8.782417297363281,8.982018623094323,8.782417297363281,8.782417297363281,77015325
2002-12-20,9.061857223510742,9.181618482586737,8.582814601018296,8.82233631456644,108459522
2002-12-23,8.782417297363281,9.10177909669136,8.742496871296279,9.061858670624357,38874732
2002-12-24,8.782417297363281,8.94209819702732,8.782417297363281,8.782417297363281,38304087
2002-12-25,8.862258911132812,8.98201939502224,8.82233848163499,8.862258911132812,34521798
2002-12-26,9.181621551513672,9.181621551513672,8.86225969643972,9.021939819372584,37974076
2002-12-27,8.862258911132812,9.101779878911668,8.862258911132812,9.101779878911668,34106481
2002-12-30,8.423135757446289,8.782418012079901,8.383215328130547,8.782418012079901,56017517
2002-12-31,8.423135757446289,8.502976616077774,8.263454844787354,8.423135757446289,44491997
2003-01-01,8.423135757446289,8.423135757446289,8.423135757446289,8.423135757446289,0
2003-01-02,8.423135757446289,8.582816670105224,8.34329570341884,8.423135757446289,39218118
2003-01-03,8.982017517089844,8.982017517089844,8.66265575708651,8.782416215936792,72978817
2003-01-06,9.02193832397461,9.261460077881088,8.86225822750893,8.982018702160179,99968380
2003-01-07,9.181621551513672,9.54089901199822,9.181621551513672,9.261461612980103,95147461
2003-01-08,9.301376342773438,9.461057255278298,9.101779828615573,9.181620687170021,74973228
2003-01-09,9.141697883605957,9.301373927015447,9.021936626878745,9.181618302515028,56570207
2003-01-10,9.10177993774414,9.381217313806854,9.061859507988277,9.341300907071222,72958247
2003-01-13,9.5009765625,9.62073703158405,9.181619602830226,9.181619602830226,136500613
2003-01-14,9.421135902404785,9.580815981014114,9.381215480450509,9.500975941709449,88581520
2003-01-15,9.181621551513672,9.500978578962949,9.101780685443128,9.421138517496518,114982843
2003-01-16,8.902177810668945,9.181619159919785,8.862257388031995,9.141698737282836,94961286
2003-01-17,8.862258911132812,9.061859449413845,8.782418052137166,8.862258911132812,81288178
2003-01-20,8.502975463867188,8.782416822003123,8.463055039960931,8.782416822003123,99398977
2003-01-21,8.622735023498535,8.822336317419225,8.502974568987659,8.502974568987659,72958726
2003-01-22,8.542895317077637,8.702575392827606,8.423134053359346,8.62273535495262,66470665
2003-01-23,8.782417297363281,8.982018623094323,8.58281597163224,8.622736397699242,122461277
2003-01-24,8.622735023498535,8.942096771930101,8.622735023498535,8.902177156829037,68500818196
2003-01-27,8.463053703308105,8.582814151508007,8.383212868105637,8.50297412090934,77750878
2003-01-28,8.582817077636719,8.662657940059228,8.46305658860703,8.46305658860703,65255998
2003-01-29,8.582817077636719,8.582817077636719,8.582817077636719,8.582817077636719,0
2003-01-30,8.582817077636719,8.582817077636719,8.582817077636719,8.582817077636719,0
2003-01-31,8.582817077636719,8.582817077636719,8.582817077636719,8.582817077636719,0
2003-02-03,8.582817077636719,8.582817077636719,8.582817077636719,8.582817077636719,0
2003-02-04,8.582817077636719,8.582817077636719,8.582817077636719,8.582817077636719,0
2003-02-05,8.582817077636719,8.582817077636719,8.582817077636719,8.582817077636719,0
2003-02-06,7.984017848968506,8.263454402386193,7.984017848968506,8.183614352633146,126231766
2003-02-07,7.864256381988525,7.904175999537483,7.5049741918206525,7.664655075828164,146769883
2003-02-10,7.70457649230957,7.824336969620143,7.624735637699857,7.784416542315286,79579679
2003-02-11,7.744494915008545,7.904175794881579,7.744494915008545,7.864256178366224,78345637
2003-02-12,7.744494915008545,7.864256178366224,7.70457529849319,7.744494915008545,58303059
2003-02-13,7.744494915008545,7.984016637120032,7.744494915008545,7.744494915008545,75557272
2003-02-14,7.784416198730469,7.9440970962979796,7.784416198730469,7.864257049816205,44976802
2003-02-17,8.303372383117676,8.303372383117676,8.063855522844072,8.183611941471481,83426200
2003-02-18,8.103778839111328,8.30337535541639,8.103778839111328,8.30337535541639,61622258
2003-02-19,7.984017848968506,8.303374829564712,7.984017848968506,8.223534779811667,79055518
2003-02-20,8.06385612487793,8.183612552446151,7.944095674290622,7.944095674290622,47618114
2003-02-21,8.103778839111328,8.30337535541639,8.063858409404652,8.223535300607084,72684838
2003-02-24,8.223533630371094,8.223533630371094,8.103777193198399,8.223533630371094,38588305
2003-02-25,7.904175758361816,8.143692651743427,7.904175758361816,8.143692651743427,67347518
2003-02-26,7.864256381988525,8.023937265996036,7.864256381988525,7.944096421690334,40861807
2003-02-27,7.864256381988525,7.984016843843186,7.704575497981015,7.784415537682824,41956627
2003-02-28,7.864256381988525,7.864256381988525,7.864256381988525,7.864256381988525,0
2003-03-03,8.023940086364746,8.103780154129879,7.904178777810784,7.984019650180092,53571856
2003-03-04,7.824336051940918,7.944096515205355,7.824336051940918,7.944096515205355,30098200
2003-03-05,7.744494915008545,7.944096216000805,7.70457529849319,7.824335757246998,54957893
2003-03-06,7.744494915008545,7.824335757246998,7.70457529849319,7.784415336127771,37227076
2003-03-07,7.664653778076172,7.864255050440755,7.6247333626825045,7.6247333626825045,40420657
2003-03-10,7.664653778076172,7.824334635047087,7.664653778076173,7.70457419346984,31524813
2003-03-11,7.70457649230957,7.824336969620143,7.6646560650047135,7.7444961150104294,46516902
2003-03-12,7.784416198730469,7.824336624273337,7.704576152248694,7.704576152248694,45605326
2003-03-13,7.904175758361816,7.98401660023138,7.704575262895645,7.78441530016134,67759467
2003-03-14,8.103778839111328,8.343295785123065,8.063858409404652,8.343295785123065,108092909
2003-03-17,7.984017848968506,8.063857898721553,7.944097421789986,8.063857898721553,68475048
2003-03-18,8.463053703308105,8.542894538510573,8.263452419905736,8.343293255108204,170504945
2003-03-19,8.622735023498535,8.662655443203441,8.383213309872938,8.463054149282751,136504747
2003-03-20,8.742496490478516,8.942097807515047,8.582815597770077,8.622736022098172,195460569
2003-03-21,8.622735023498535,8.782415897714317,8.542894988692565,8.702575058304504,69251905
2003-03-24,8.66265869140625,8.742498756149532,8.582817822058821,8.742498756149532,63679387
2003-03-25,8.343295097351074,8.502975998410582,8.343295097351074,8.383214719162966,77707870
2003-03-26,8.343295097351074,8.502975998410582,8.343295097351074,8.423135145578838,60007693
2003-03-27,8.183614730834961,8.3033752133012,8.103778700412303,8.263454784277776,80315936
2003-03-28,8.06385612487793,8.263452584636417,8.023936511084706,8.183612552446151,57922271
2003-03-31,7.70457649230957,7.9840178742355725,7.6646560650047135,7.9840178742355725,100801902
2003-04-01,7.744494915008545,7.784415336127771,7.624734456254737,7.624734456254737,56171895
2003-04-02,7.784416198730469,7.9041766707551115,7.704576152248694,7.744495773187601,67849611
2003-04-03,7.904175758361816,8.103777058431856,7.904175758361816,8.023937021166162,69443950
2003-04-04,8.103778839111328,8.103778839111328,7.824337440372688,7.904177495181995,44783497
2003-04-07,8.263455390930176,8.303375822884314,8.023939236038075,8.103779295342258,63605285
2003-04-08,8.263455390930176,8.423136314142637,8.18361533162599,8.263455390930176,66299774
2003-04-09,8.103778839111328,8.183614870900408,8.023938784302022,8.183614870900408,51130457
2003-04-10,8.103778839111328,8.263454925709715,8.103778839111328,8.103778839111328,61306684
2003-04-11,8.183614730834961,8.183614730834961,8.103778700412303,8.103778700412303,29802211
2003-04-14,7.904175758361816,8.22353349361299,7.904175758361816,8.18361307267821,58350959
2003-04-15,8.103778839111328,8.143694441193732,7.984018354595346,8.023938784302022,37216568
2003-04-16,8.38321304321289,8.463053880083061,8.223532978680185,8.223532978680185,123738158
2003-04-17,8.223533630371094,8.423134129156638,8.223533630371094,8.423134129156638,67233321
2003-04-18,8.542895317077637,8.582814933713191,8.383213632119917,8.383213632119917,104047780
2003-04-21,8.66265869140625,8.66265869140625,8.423136887968111,8.50297775731554,57599426
2003-04-22,8.423135757446289,8.582816670105224,8.383215328130547,8.582816670105224,48933497
2003-04-23,8.502975463867188,8.582815507075772,8.463055039960931,8.582815507075772,71322265
2003-04-24,8.223533630371094,8.4630545507553,8.103777193198399,8.4630545507553,87750190
2003-04-25,7.944096565246582,8.183613470264701,7.944096565246582,8.023937410995073,81334760
2003-04-28,7.70457649230957,7.784416542315286,7.544895587694141,7.7444961150104294,76146796
2003-04-29,7.904175758361816,7.944096179296598,7.78441530016134,7.78441530016134,82857913
2003-04-30,7.984017848968506,8.42313530649628,7.984017848968506,8.42313530649628,197914638
2003-05-01,7.984017848968506,7.984017848968506,7.984017848968506,7.984017848968506,0
2003-05-02,8.103778839111328,8.143694441193732,7.904177495181995,7.984018354595346,80283256
2003-05-05,8.103778839111328,8.223535300607084,8.023938784302022,8.143694441193732,62718419
2003-05-06,8.103778839111328,8.223535300607084,8.023938784302022,8.103778839111328,56272605
2003-05-07,8.103778839111328,8.183614870900408,8.023938784302022,8.183614870900408,64868362
2003-05-08,7.944096565246582,8.103777452139655,7.944096565246582,8.103777452139655,43811890
2003-05-09,8.023940086364746,8.063859717945224,7.904178777810784,7.904178777810784,29675257
2003-05-12,8.06385612487793,8.223532970843193,8.06385612487793,8.103776543274972,45272516
2003-05-13,8.223533630371094,8.303373668964536,8.183613208772432,8.183613208772432,75626599
2003-05-14,8.263455390930176,8.303375822884314,8.18361533162599,8.223535763580129,38443086
2003-05-15,8.343295097351074,8.383214719162966,8.183614196291567,8.223534622707438,55726470
2003-05-16,8.263455390930176,8.423136314142637,8.223535763580129,8.383215882188498,62501485
2003-05-19,8.103778839111328,8.183614870900408,8.063858409404652,8.183614870900408,47467468
2003-05-20,8.023940086364746,8.063859717945224,7.984019650180092,7.984019650180092,46051099
2003-05-21,7.864256381988525,8.063856883544995,7.864256381988525,8.023937265996036,66787671
2003-05-22,7.904175758361816,7.944096179296598,7.78441530016134,7.864256142030904,53746995
2003-05-23,8.023940086364746,8.103780154129879,7.984019650180092,7.984019650180092,65009815
2003-05-26,8.183614730834961,8.183614730834961,8.103778700412303,8.143694301811538,53099696
2003-05-27,8.143692970275879,8.223533815268338,8.10377737540305,8.18361339277211,50839582
2003-05-28,8.183614730834961,8.383215266744015,8.183614730834961,8.343295642324623,87223035
2003-05-29,8.343295097351074,8.343295097351074,8.26345424451933,8.26345424451933,114576771
2003-05-30,8.70257568359375,8.902177796459906,8.303373871673143,8.343294294246375,294633426236
2003-06-02,9.301376342773438,9.301376342773438,8.902179291437525,8.942098916110712,294548982380
2003-06-03,9.46105670928955,9.540897563236458,9.261460206650213,9.301375805999726,283523704
2003-06-04,9.46105670928955,9.46105670928955,9.46105670928955,9.46105670928955,0
2003-06-05,9.5009765625,9.820338349793424,9.421136517978615,9.62073703158405,211973800
2003-06-06,9.5009765625,9.5009765625,9.26145964735161,9.461056137937337,110383754
2003-06-09,9.540894508361816,9.740495774715276,9.381213656199797,9.46105367997894,164573606
2003-06-10,9.46105670928955,9.500977136263003,9.301375805999726,9.46105670928955,110957710
2003-06-11,9.02193832397461,9.461056577745284,9.02193832397461,9.421136955930853,169185643
2003-06-12,9.341300964355469,9.540898286734507,8.982019508161601,9.061859563558889,175570316
2003-06-13,9.261457443237305,9.341297468757734,9.141697002654785,9.261457443237305,66916590
2003-06-16,9.181621551513672,9.301377218390702,9.101780685443128,9.101780685443128,70086075
2003-06-17,9.5009765625,9.5009765625,9.341299691872997,9.381216093415953,175890754
2003-06-18,9.5009765625,9.860258774356087,9.5009765625,9.62073703158405,230593790
2003-06-19,9.860259056091309,9.860259056091309,9.540897259672825,9.580816880772161,196442913
2003-06-20,9.580816268920898,9.820338003240376,9.580816268920898,9.740497961536493,125454481
2003-06-23,9.341300964355469,9.660658772132463,9.341300964355469,9.620738342131792,76791503741
2003-06-24,9.141697883605957,9.2215387214241,9.021936626878745,9.141697883605957,137834760
2003-06-25,9.181621551513672,9.261461612980103,8.982020190941423,9.101780685443128,115201031
2003-06-26,9.141697883605957,9.2215387214241,9.101777464696887,9.181618302515028,75973646
2003-06-27,9.02193832397461,9.261460077881088,8.982018702160179,9.181620029648249,120369853
2003-06-30,8.902177810668945,8.982017851338941,8.822336965395046,8.942097428701992,57451256456
2003-07-01,9.221539497375488,9.221539497375488,8.902177728437708,8.902177728437708,112125115383
2003-07-02,9.341300964355469,9.461057426733168,9.221541283561564,9.301376511334544,139645371
2003-07-03,9.620737075805664,9.980019289313187,9.620737075805664,9.740498350044135,375527321
2003-07-04,10.179620742797852,10.179620742797852,9.540897156844794,9.740498478606114,225724184
2003-07-07,10.858261108398438,10.858261108398438,10.299382335173378,10.379223194410729,414165418
2003-07-08,11.09778118133545,11.457063409702139,10.978020706747879,11.057861559542244,369566571
2003-07-09,10.818339347839355,11.057861091479884,10.778418923131943,11.017940666772473,147822869
2003-07-10,10.179620742797852,10.698579029911965,10.139700317524797,10.698579029911965,201987999
2003-07-11,10.339301109313965,10.379221532540779,9.90017806302685,9.980018909480476,135314291
2003-07-14,10.578817367553711,10.65865821518252,10.299380837684296,10.379221685313103,194772860
2003-07-15,10.926019668579102,11.31469323682477,10.926019668579102,11.228321422170609,169768758
2003-07-16,11.141950607299805,11.185136116200033,10.882835140086518,10.926020648986748,133778906
2003-07-17,10.666903495788574,11.012390730799414,10.666903495788574,11.012390730799414,126194582
2003-07-18,10.537351608276367,10.666904098804244,10.364603153382166,10.4509749670176,88308224
2003-07-21,10.364603042602539,10.753276602109693,10.364603042602539,10.623723308362628,87257208
2003-07-22,10.580537796020508,10.580537796020508,10.364603034483759,10.364603034483759,65740826
2003-07-23,10.666903495788574,10.839647917897837,10.580537319262767,10.666903495788574,95561112
2003-07-24,11.098763465881348,11.098763465881348,10.753277006639228,10.839648822600735,144470709
2003-07-25,10.710091590881348,11.012392569693354,10.710091590881348,11.012392569693354,122047384
2003-07-28,10.796467781066895,11.055578411914777,10.796467781066895,11.012392099867547,98828212
2003-07-29,10.753275871276855,10.882833179238121,10.710089565553883,10.882833179238121,59543306
2003-07-30,10.623723030090332,10.796466650990114,10.580537527167316,10.666903705390194,74901311
2003-07-31,10.580537796020508,10.580537796020508,10.364603034483759,10.450974847128371,102279495
2003-08-01,10.623723030090332,10.753276320443945,10.580537527167316,10.666903705390194,75846330
2003-08-04,10.450974464416504,10.58053740856408,10.407788157373728,10.58053740856408,44076719
2003-08-05,10.14867877960205,10.53735237141195,10.14867877960205,10.450975723897619,71477330
2003-08-06,9.975934028625488,10.062305027325325,9.932747724671778,9.975934028625488,65628301
2003-08-07,9.889561653137207,10.062305263804191,9.716818042470223,9.97593426307451,99401907
2003-08-08,9.716819763183594,9.88956340444107,9.716819763183594,9.803191583812332,102271790
2003-08-11,9.587261199951172,9.630446702402388,9.414517580938607,9.587261199951172,89626439
2003-08-12,9.803191184997559,9.889563002112506,9.71681936788261,9.71681936788261,84961519
2003-08-13,10.450974464416504,10.450974464416504,9.9327484351494,9.975934742192175,170397817
2003-08-14,10.580537796020508,10.710090285062211,10.364603034483759,10.623723300040876,216769804
2003-08-15,10.623723030090332,10.92601913673987,10.623723030090332,10.796466650990114,163497745
2003-08-18,10.623723030090332,10.753276320443945,10.580537527167316,10.71009001291707,93040314
2003-08-19,10.580537796020508,10.969205722996051,10.494165983375895,10.882833910351438,172505201
2003-08-20,10.710091590881348,10.839649727946478,10.710091590881348,10.796468241680639,86759902
2003-08-21,11.055578231811523,11.055578231811523,10.66690464813401,10.753277270821396,154123861
2003-08-22,11.141950607299805,11.35788056561286,11.141950607299805,11.271508743208432,204051516
2003-08-25,11.746553421020508,11.746553421020508,11.228322484084094,11.31469430690683,268823373
2003-08-26,11.271506309509277,11.660179024106542,11.228320005329694,11.660179024106542,193648342
2003-08-27,11.314692497253418,11.61699342648149,11.314692497253418,11.357878804059625,197284814
2003-08-28,11.357877731323242,11.616992329272078,11.314691428595923,11.573806831148529,211819362
2003-08-29,12.092039108276367,12.092039108276367,11.487436428719068,11.616993743465127,317986937
2003-09-01,12.135225296020508,12.264783422676837,11.832924341495595,12.178411606440589,237951315
2003-09-02,12.437528610229492,12.437528610229492,12.092041302087777,12.221598640338913,197100439
2003-09-03,12.005669593811035,12.480715049506994,12.005669593811035,12.480715049506994,176065245
2003-09-04,11.962480545043945,12.092037846268516,11.746550636864614,12.005666043917541,122732150
2003-09-05,12.092039108276367,12.351154542372353,12.048852800291769,12.092039108276367,159753012
2003-09-08,12.783013343811035,12.869385153450768,12.092038866693178,12.135224369211118,285440402
2003-09-09,13.042130470275879,13.473989574684722,12.998944962136973,13.08531678301874,426378396
2003-09-10,13.387617111206055,13.387617111206055,12.869386210790188,12.955758027526166,272565401
2003-09-11,13.387617111206055,13.387617111206055,13.387617111206055,13.387617111206055,0
2003-09-12,13.08531665802002,13.344431313586153,12.998944837963325,13.258059493529458,127497356
2003-09-15,12.653451919555664,12.998939872411128,12.567080132492707,12.955753576577829,141511519
2003-09-16,12.955758094787598,12.955758094787598,12.394341685391037,12.43752719168127,162899721
2003-09-17,13.042130470275879,13.258059620178322,13.042130470275879,13.171687799296553,161983064
2003-09-18,12.912571907043457,13.128501854365759,12.78301458233322,13.042130036357623,97051858
2003-09-19,12.739829063415527,13.042130847548446,12.739829063415527,12.95575902416818,135262688
2003-09-22,12.437528610229492,12.696644091335777,12.437528610229492,12.653457775516056,105059292
2003-09-23,12.567084312438965,12.567084312438965,12.307968865065536,12.307968865065536,89931912
2003-09-24,12.437528610229492,12.567085948480628,12.264784956158634,12.567085948480628,148723073
2003-09-25,12.221597671508789,12.307969491697353,12.135225851320223,12.221597671508789,63602307
2003-09-26,12.135225296020508,12.307968928493006,12.135225296020508,12.221597112256756,67854095
2003-09-29,12.092039108276367,12.178410919641696,11.962481793530308,12.092039108276367,85682453
2003-09-30,12.092039108276367,12.264782731007024,12.092039108276367,12.221596423022426,66110999
2003-10-01,11.962480545043945,12.135223345142112,11.962480545043945,12.005666043917541,63831153
2003-10-02,12.610273361206055,12.653458876178258,12.135227868887316,12.178414188463604,126694741
2003-10-03,12.739829063415527,12.826200886795792,12.567085416654995,12.696643554027384,122445676
2003-10-06,13.128501892089844,13.214873710346163,12.826200125890757,12.955758255577203,217746247
2003-10-07,13.171688079833984,13.258059902555345,13.04213074805393,13.258059902555345,115750622
2003-10-08,13.171688079833984,13.21487439349665,12.95575892533257,13.171688079833984,108993653
2003-10-09,13.08531665802002,13.214873985803086,12.998944837963325,13.128502165746392,82467173
2003-10-10,13.08531665802002,13.08531665802002,13.08531665802002,13.08531665802002,0
2003-10-13,13.171688079833984,13.430803547998066,13.171688079833984,13.21487439349665,100282985
2003-10-14,12.998945236206055,13.47398985876962,12.998945236206055,13.344431722413393,106511415
2003-10-15,13.128501892089844,13.301245528602482,12.955758255577203,13.171687398916037,85041341
2003-10-16,13.5603609085083,13.603545607929789,13.042129227976742,13.128501040631356,172673979
2003-10-17,13.473990440368652,13.603547777713194,13.430804124851132,13.51717675588617,80877994
2003-10-20,13.73310661315918,13.73310661315918,13.430805589975506,13.473991910204086,87075961
2003-10-21,13.51717472076416,13.949032983295487,13.473988411748696,13.819475665456865,102075661
2003-10-22,13.51717472076416,13.603545729587315,13.344430289306187,13.51717472076416,60765691
2003-10-23,13.042130470275879,13.301245932921185,13.042130470275879,13.301245932921185,64014704
2003-10-24,13.128501892089844,13.258059217172358,13.042130073833523,13.042130073833523,51987523
2003-10-27,13.258057594299316,13.301243900443156,13.128500285075464,13.128500285075464,30978533
2003-10-28,13.603546142578125,13.603546142578125,13.301245188707847,13.301245188707847,78029289
2003-10-29,13.905847549438477,14.078592796371982,13.819476535179598,14.078592796371982,129530165
2003-10-30,13.73310661315918,13.992222925322464,13.68992190213879,13.905850284865304,67561119
2003-10-31,13.430801391601562,13.81947493374578,13.387615889476562,13.733102320288092,74139423
2003-11-03,13.51717472076416,13.64673203860278,13.43080210273323,13.43080210273323,45770463
2003-11-04,13.73310661315918,13.905850284865304,13.68992190213879,13.819479253616338,87936178
2003-11-05,13.905847549438477,13.99222017290523,13.733103911712846,13.733103911712846,64035985
2003-11-06,13.819478034973145,14.164965347919283,13.430804405606725,14.035408007866494,125756008
2003-11-07,13.862663269042969,14.03540691202879,13.689919626057145,14.03540691202879,63579562
2003-11-10,13.73310661315918,13.905850284865304,13.68992190213879,13.862665573844916,56518426
2003-11-11,13.34443187713623,13.56036264330288,13.214874543881814,13.473990014994628,108175506
2003-11-12,13.214874267578125,13.43080342002205,13.214874267578125,13.344431598123688,78654828
2003-11-13,13.603546142578125,13.603546142578125,13.387617004757058,13.560361441459387,49239798
2003-11-14,13.51717472076416,13.603545729587315,13.43080210273323,13.603545729587315,28361879
2003-11-17,13.08531665802002,13.30124580585978,13.042130345689698,13.30124580585978,85587002
2003-11-18,13.042130470275879,13.08531678301874,12.783015007630572,12.95575864939411,83298316
2003-11-19,12.739829063415527,12.912572710176057,12.653457240035262,12.783015377407649,66667370
2003-11-20,12.480710983276367,12.826197377671699,12.394339183526595,12.69664008034892,106292851
2003-11-21,12.567084312438965,12.61027062263649,12.092039727889635,12.307968865065536,88579922
2003-11-24,12.610273361206055,12.739830710726748,12.567087041629767,12.610273361206055,40898916
2003-11-25,12.998945236206055,13.042130745255482,12.826200786196425,12.955758922552654,69245803
2003-11-26,13.042130470275879,13.128502291157647,12.912572336651246,13.128502291157647,45944515
2003-11-27,12.69664192199707,13.128500983387099,12.69664192199707,13.042129171109094,50599971
2003-11-28,12.955758094787598,13.042129911971985,12.783014460418821,12.912571783893442,41048969
2003-12-01,12.998945236206055,13.042130745255482,12.783015277147,12.912572608899254,40275920
2003-12-02,13.301246643066406,13.34443215351096,13.128502992080193,13.171688502524747,72661885
2003-12-03,13.214874267578125,13.387617911374852,13.214874267578125,13.387617911374852,40520119
2003-12-04,13.387617111206055,13.387617111206055,13.12850166099812,13.25805898380013,47540704
2003-12-05,13.214874267578125,13.387617911374852,13.214874267578125,13.387617911374852,28953522
2003-12-08,12.82619857788086,13.042128499762773,12.783013076266778,13.042128499762773,55844504
2003-12-09,12.783013343811035,12.912570655968707,12.65345522704951,12.826198846328975,45050178
2003-12-10,12.351154327392578,12.567083449745581,12.307968020159667,12.523897947116522,94480689
2003-12-11,12.69664192199707,12.69664192199707,12.351154672885048,12.351154672885048,63617646
2003-12-12,12.52389907836914,12.912571855553931,12.52389907836914,12.912571855553931,45469915
2003-12-15,12.739829063415527,12.739829063415527,12.567085416654995,12.739829063415527,59396637
2003-12-16,12.437528610229492,12.52390043726492,12.394343099013783,12.52390043726492,60761078
2003-12-17,12.092039108276367,12.52389816510301,11.91929548554571,12.437526353737681,85510365
2003-12-18,12.135225296020508,12.307968928493006,12.04885347978426,12.09203979020434,69970163
2003-12-19,12.264782905578613,12.394341026772615,12.264782905578613,12.307968409574029,61545644
2003-12-22,12.610273361206055,12.696645195754545,12.307971537984297,12.39434417713687,81205392
2003-12-23,12.567084312438965,12.696642438427633,12.48071330125173,12.653456128230108,37755923
2003-12-24,12.52389907836914,12.696642713696587,12.480713571839242,12.610270896032864,47817311
2003-12-25,12.437528610229492,12.610272264300349,12.437528610229492,12.480714926049213,22213792
2003-12-26,12.52389907836914,12.567084584899039,12.437527260705417,12.437527260705417,24988851
2003-12-29,12.437528610229492,12.52390043726492,12.437528610229492,12.52390043726492,13851452
2003-12-30,12.610273361206055,12.653458876178258,12.523901526657564,12.523901526657564,88786487
2003-12-31,12.567084312438965,12.73982794402125,12.523898806845347,12.61027062263649,54307580
2004-01-01,12.567084312438965,12.567084312438965,12.567084312438965,12.567084312438965,0
2004-01-02,12.955758094787598,13.042129911971985,12.56708451515589,12.56708451515589,105386174
2004-01-05,13.214874267578125,13.214874267578125,12.912572488631874,13.085316937032564,94731128
2004-01-06,13.301246643066406,13.430803979004066,13.2148748175733,13.387618468559513,95114027
2004-01-07,13.430801391601562,13.689917622766936,13.344429582747718,13.430801391601562,136605836
2004-01-08,13.473990440368652,13.603547777713194,13.430804124851132,13.603547777713194,61784626
2004-01-09,13.64673137664795,13.8626613020435,13.560360372014346,13.733102381281553,116148313
2004-01-12,13.603546142578125,13.646732452904685,13.473988820806266,13.646732452904685,50386891
2004-01-13,13.387617111206055,13.60354625074404,13.301245294470077,13.560361549281927,58450660
2004-01-14,13.473990440368652,13.56036307140369,13.25806047198907,13.25806047198907,69632018
2004-01-15,13.34443187713623,13.517176329148755,13.301246367586085,13.473990014994628,56583071
2004-01-16,13.34443187713623,13.517176329148755,13.34443187713623,13.34443187713623,56437114
2004-01-19,13.34443187713623,13.34443187713623,13.34443187713623,13.34443187713623,0
2004-01-20,13.34443187713623,13.34443187713623,13.34443187713623,13.34443187713623,0
2004-01-21,13.34443187713623,13.34443187713623,13.34443187713623,13.34443187713623,0
2004-01-22,13.34443187713623,13.34443187713623,13.34443187713623,13.34443187713623,0
2004-01-23,13.34443187713623,13.34443187713623,13.34443187713623,13.34443187713623,0
2004-01-26,13.34443187713623,13.34443187713623,13.34443187713623,13.34443187713623,0
2004-01-27,13.689918518066406,13.733103218411774,13.560361198614714,13.603545898960082,82532707
2004-01-28,13.64673137664795,13.733102381281553,13.517174065093696,13.689917683568599,68794649
2004-01-29,13.689918518066406,13.862662147071259,13.517174889061552,13.603545898960082,123279773
2004-01-30,13.64673137664795,13.64673137664795,13.517174065093696,13.560360372014346,61823142
2004-02-02,13.387617111206055,13.646732561413987,13.387617111206055,13.60354625074404,43124430
2004-02-03,13.08531665802002,13.214873985803086,12.998944837963325,13.214873985803086,87869980
2004-02-04,12.869385719299316,13.085315655194703,12.783013905861939,13.085315655194703,100600055
2004-02-05,12.82619857788086,13.042128499762773,12.783013076266778,12.783013076266778,90452138
2004-02-06,13.171688079833984,13.21487439349665,12.912572611669903,12.912572611669903,75318033
2004-02-09,13.473990440368652,13.603547777713194,13.344432298420102,13.473990440368652,87890134
2004-02-10,13.34443187713623,13.517176329148755,13.258060053431958,13.473990014994628,56672851
2004-02-11,13.214874267578125,13.43080342002205,13.128502445679763,13.387617911374852,61617883
2004-02-12,13.258057594299316,13.473987515810846,13.171685786615472,13.258057594299316,87398984
2004-02-13,13.258057594299316,13.301243900443156,13.128500285075464,13.258057594299316,53382509
2004-02-16,12.998945236206055,13.214874390661137,12.998945236206055,13.171688077007737,68548753
2004-02-17,13.042130470275879,13.128502291157647,12.95575864939411,12.998944962136973,51762886
2004-02-18,13.258057594299316,13.344429401983161,13.171685786615472,13.21487209275931,77903544
2004-02-19,13.34443187713623,13.430803700840501,13.214874543881814,13.387618191290356,75916644
2004-02-20,13.301246643066406,13.430803979004066,13.258060328017853,13.34443215351096,74429063
2004-02-23,13.128501892089844,13.301245528602482,13.08531638526365,13.301245528602482,59873542
2004-02-24,12.998945236206055,13.12850256795831,12.955758922552654,12.998945236206055,63783556
2004-02-25,12.998945236206055,13.085317058908883,12.912572608899254,12.955758922552654,84739840
2004-02-26,13.08531665802002,13.171687673472764,12.998944837963325,12.998944837963325,103988572
2004-02-27,13.128501892089844,13.171687398916037,13.08531638526365,13.128501892089844,66340594
2004-03-01,13.473990440368652,13.51717675588617,13.214874961075559,13.214874961075559,149812663
2004-03-02,14.38089370727539,14.38089370727539,13.819476484426952,13.819476484426952,382396521
2004-03-03,14.510448455810547,14.899117144918591,14.510448455810547,14.640000930695535,302266457
2004-03-04,14.72637939453125,14.812750399165518,14.51044946913404,14.640001953066202,152316793
2004-03-05,14.683189392089844,15.20142028747515,14.683189392089844,14.942305644386407,213002173
2004-03-08,14.424077033996582,14.899118369974339,14.380892335748268,14.899118369974339,96247308
2004-03-09,14.467265129089355,14.467265129089355,14.251335174335697,14.38089411271264,94543053
2004-03-10,14.078592300415039,14.424077954487748,14.078592300415039,14.424077954487748,92336050
2004-03-11,14.035404205322266,14.07859051004229,13.776287986209741,13.862660595649787,102822535
2004-03-12,13.689918518066406,13.862662147071259,13.689918518066406,13.733103218411774,97802761
2004-03-15,13.387617111206055,13.949033517687951,13.387617111206055,13.819476194885944,86001505
2004-03-16,13.301246643066406,13.517176609101172,13.171688502524747,13.387618468559513,96680479
2004-03-17,13.34443187713623,13.517176329148755,13.301246367586085,13.517176329148755,54255582
2004-03-18,13.776288032531738,13.949031642785057,13.387615311763675,13.387615311763675,150991725
2004-03-19,13.862663269042969,14.03540691202879,13.689919626057145,13.776290642946094,115346558
2004-03-22,12.912571907043457,12.912571907043457,12.912571907043457,12.912571907043457,16403453
2004-03-23,12.04885196685791,12.610269104200567,12.04885196685791,12.04885196685791,355845545
2004-03-24,12.437528610229492,12.653457775516056,12.264784956158634,12.653457775516056,156298661
2004-03-25,12.30797004699707,12.567085519253299,12.30797004699707,12.523900009512587,96577032
2004-03-26,12.351154327392578,12.523897947116522,12.307968020159667,12.523897947116522,63066695
2004-03-29,13.214874267578125,13.214874267578125,12.739828844835147,12.783015158086311,111130478
2004-03-30,12.912571907043457,13.17168736106786,12.912571907043457,13.17168736106786,88820334
2004-03-31,12.783013343811035,13.042128772730232,12.696641534171302,12.99894327021229,59376249
2004-04-01,12.653451919555664,12.826195493681576,12.610266428326007,12.696638215388962,101931905
2004-04-02,12.739829063415527,12.826200886795792,12.696643554027384,12.739829063415527,56477547
2004-04-05,13.603546142578125,13.603546142578125,12.99894423483757,13.08531605088678,183086785
2004-04-06,13.776288032531738,14.035404252515526,13.646730727143654,13.99221794765029,185661283
2004-04-07,13.64673137664795,13.819474995122851,13.560360372014346,13.776288688202202,61342663
2004-04-08,13.819478034973145,13.949035375025934,13.733105402132585,13.819478034973145,77729660
2004-04-09,13.5603609085083,13.819475541868261,13.517174599879056,13.819475541868261,67328688
2004-04-12,13.776288032531738,13.949031642785057,13.603544422278418,13.603544422278418,110781632
2004-04-13,13.689918518066406,13.819475837518098,13.603545898960082,13.776289527964936,71829572
2004-04-14,14.510448455810547,14.510448455810547,13.560359425143703,13.603544119841228,150632753
2004-04-15,13.73310661315918,14.51045394044084,13.73310661315918,14.51045394044084,161801214
2004-04-16,13.905847549438477,14.16496381063086,13.689919209187343,13.689919209187343,98612867
2004-04-19,13.603546142578125,13.992219717101523,13.603546142578125,13.905847096448403,80967500
2004-04-20,13.862663269042969,14.208150555014614,13.819476955994531,13.819476955994531,110255059
2004-04-21,14.078592300415039,14.121777001419241,13.949033369778977,13.992219679990997,89269114
2004-04-22,14.251334190368652,14.769566689679829,14.078592169541997,14.20814948976589,415934641
2004-04-23,14.683189392089844,14.812751541257674,14.46726427766747,14.683189392089844,284220658
2004-04-26,14.596818923950195,14.942307847692001,14.510452727544957,14.855935214454536,185508667
2004-04-27,14.424077033996582,14.596815826989841,14.164962407675832,14.596815826989841,110615336
2004-04-28,14.035404205322266,14.553630206716862,14.035404205322266,14.380891424667224,101228032
2004-04-29,13.5603609085083,13.862661850497506,13.387616478595195,13.733102924609769,206943261
2004-04-30,12.869385719299316,13.387616599923582,12.653455783403928,13.258058477465573,189582980
2004-05-03,12.739829063415527,13.085317161540567,12.653457240035262,12.869387200787914,74312993
2004-05-04,13.042130470275879,13.128502291157647,12.783015007630572,12.912572336651246,77392792
2004-05-05,12.264782905578613,13.1716865355211,12.221596596979321,13.128501031525687,130977266
2004-05-06,12.351154327392578,12.783013376702437,12.351154327392578,12.480712444487462,94970899
2004-05-07,12.52389907836914,12.653456402562762,12.307969131907871,12.307969131907871,80094926
2004-05-10,12.092039108276367,12.307968234387754,11.962481793530308,12.135224611657097,91680890
2004-05-11,11.962480545043945,12.178409648619493,11.40106342746071,12.092037846268516,156369348
2004-05-12,12.092039108276367,12.264782731007024,12.048852800291769,12.178410919641696,101940713
2004-05-13,11.962480545043945,12.005666043917541,11.660178834513637,11.919294241566565,95569261
2004-05-14,11.616995811462402,11.962483923029584,11.616995811462402,11.919297607357182,80967638
2004-05-17,10.839649200439453,11.141950164540107,10.839649200439453,11.012392033779872,126084138
2004-05-18,11.098763465881348,11.098763465881348,10.796467339941488,10.839648822600735,83026914
2004-05-19,11.832923889160156,11.832923889160156,11.401064824487527,11.401064824487527,98503319
2004-05-20,11.832923889160156,11.962482010863885,11.314693011553,11.703365767456427,107354565
2004-05-21,11.87610912322998,12.048851928863213,11.530621098152087,11.660179208131774,154426623
2004-05-24,11.703367233276367,12.005669018711755,11.53062358577157,11.66018172370216,77954508
2004-05-25,11.7897367477417,12.04885216824527,11.660179439791827,11.703364940907177,81310639
2004-05-26,12.092039108276367,12.307968234387754,12.048852800291769,12.178410919641696,120483295
2004-05-27,12.221597671508789,12.35115580409361,12.178412163716482,12.307969491697353,79375611
2004-05-28,12.52389907836914,12.52389907836914,12.264783625377973,12.351155443041696,90507837
2004-05-31,12.005669593811035,12.480715049506994,12.005669593811035,12.437528733260079,61958479
2004-06-01,12.092039108276367,12.135224611657097,11.789737366195784,12.092039108276367,48967787
2004-06-02,11.746553421020508,11.91929706666598,11.660181598197772,11.746553421020508,54487104
2004-06-03,11.055578231811523,11.876110905906312,11.01239192046783,11.746552776479165,85169379
2004-06-04,11.141950607299805,11.228322429704232,10.926020648986748,11.055578784895376,70951645
2004-06-07,11.660181999206543,11.660181999206543,11.271509185439259,11.271509185439259,69692657
2004-06-08,11.703367233276367,11.832925371206958,11.61699540952397,11.746553547454559,64084800
2004-06-09,11.48743724822998,11.746552700811199,11.401065430702909,11.660180883284125,64913719
2004-06-10,11.055578231811523,11.35787999740558,10.969206413728068,11.18513555663474,128137152
2004-06-11,10.49416446685791,10.839646839887223,10.36460153668899,10.796465365126434,155214621
2004-06-14,10.105493545532227,10.710091473510628,10.0623072321158,10.494167147864205,90919868
2004-06-15,10.14867877960205,10.19186509184935,9.846377812286748,10.019121452068049,86644399
2004-06-16,9.975934028625488,10.407787412917084,9.932747724671778,10.364601913567165,72351937
2004-06-17,10.278237342834473,10.407789848178544,10.019121872294585,10.019121872294585,88984093
2004-06-18,9.889561653137207,10.191863374106335,9.846376152772367,10.148677069137683,99991178
2004-06-21,9.975934028625488,10.364601913567165,9.932747724671778,10.364601913567165,70615361
2004-06-22,9.975934028625488,9.975934028625488,9.975934028625488,9.975934028625488,0
2004-06-23,10.278237342834473,10.45097616223718,10.062307381749243,10.062307381749243,107344538
2004-06-24,10.407788276672363,10.49416571937111,10.27823579088985,10.407788276672363,80932497
2004-06-25,10.407788276672363,10.537351222305047,10.27823579088985,10.364602773738428,48543993
2004-06-28,10.191866874694824,10.494168699495203,10.105495039695299,10.45097755206887,51309180
2004-06-29,10.278237342834473,10.32142285228913,10.019121872294585,10.191865519321176,39059614
2004-06-30,10.796467781066895,10.839649265490463,10.537352322595353,10.537352322595353,177734712
2004-07-01,10.88283634185791,10.969208173800219,10.710092677973291,10.88283634185791,84378539
2004-07-02,10.537351608276367,10.666904098804244,10.494166103760595,10.537351608276367,82360574
2004-07-05,10.278237342834473,10.45097616223718,10.191865519321176,10.364604338723884,37586447
2004-07-06,10.49416446685791,10.49416446685791,10.278234564148597,10.278234564148597,30148511
2004-07-07,10.278237342834473,10.407789848178544,10.191865519321176,10.191865519321176,48304686
2004-07-08,10.278237342834473,10.537352813374362,10.278237342834473,10.494167303919703,57537623
2004-07-09,10.49416446685791,10.537349964637515,10.321420061928201,10.407787034468596,62309791
2004-07-12,10.278237342834473,10.623724636887658,10.235051028775835,10.623724636887658,125123615
2004-07-13,10.307601928710938,10.400883681747725,10.214320175674152,10.260961454494494,92417164
2004-07-14,10.260961532592773,10.40088376091098,10.214320253417435,10.214320253417435,82163156
2004-07-15,9.981115341186523,10.214319301518625,9.841193125908028,10.167678831293737,83189624
2004-07-16,10.074398040771484,10.26096154855526,9.841194058343719,9.841194058343719,91823090
2004-07-19,10.121039390563965,10.167679865533044,9.934475881479825,10.027757636021896,45318558
2004-07-20,9.794554710388184,10.121040484264189,9.794554710388184,10.121040484264189,64517145
2004-07-21,10.121039390563965,10.307602095044192,9.934475881479825,10.027757636021896,93517627
2004-07-22,10.027756690979004,10.07439716155256,9.747912258330002,9.794552728903556,69165810
2004-07-23,10.027756690979004,10.21431937787706,9.981115415801613,10.027756690979004,50557578
2004-07-26,9.794554710388184,9.887836475010472,9.74791423037904,9.841195190397327,69057599
2004-07-27,9.934475898742676,10.074398128496963,9.6546314392341,9.794553668988389,52607958
2004-07-28,9.981115341186523,10.167678831293737,9.934474870961635,10.074397086240129,64224159
2004-07-29,9.934475898742676,10.121039408151,9.934475898742676,10.074398128496963,47830075
2004-07-30,10.121039390563965,10.307602095044192,10.074398110990975,10.121039390563965,93141907
2004-08-02,10.027756690979004,10.121038436729949,9.981115415801613,10.121038436729949,40695109
2004-08-03,10.167679786682129,10.260961540500794,10.027757558256084,10.12103931207475,40512820
2004-08-04,10.074398040771484,10.167679794663371,9.981116286879598,10.121039320019381,31745359
2004-08-05,10.540804862976074,10.634086606755975,9.934474735312445,10.121038222872247,87038735
2004-08-06,10.260961532592773,10.447524235482415,10.214320253417435,10.354242481735643,61603268
2004-08-09,10.214320182800293,10.214320182800293,9.981116202347577,10.074397955449443,36405606
2004-08-10,10.214320182800293,10.30760193590216,10.121039234302327,10.214320182800293,42729291
2004-08-11,10.260961532592773,10.447524235482415,10.214320253417435,10.307602007164208,61078124
2004-08-12,10.167679786682129,10.214320261289508,10.074398032863463,10.214320261289508,35651957
2004-08-13,10.121039390563965,10.214320340502123,9.981116356448904,10.121039390563965,52478459
2004-08-16,10.074398040771484,10.214320269307363,10.074398040771484,10.121039320019381,23297428
2004-08-17,10.121039390563965,10.260961620075115,10.121039390563965,10.167679865533044,31866378
2004-08-18,10.400882720947266,10.494164465366982,10.121038292291942,10.167678762199888,72496123
2004-08-19,10.867291450500488,10.913931923893644,10.680727947720097,10.680727947720097,124013112
2004-08-20,10.727368354797363,10.913931856424432,10.680727881692537,10.77400963250607,67100969
2004-08-23,10.774009704589844,10.913931929444358,10.680727953152205,10.727368426569083,41918090
2004-08-24,10.774009704589844,10.774009704589844,10.774009704589844,10.774009704589844,0
2004-08-25,10.774009704589844,10.774009704589844,10.774009704589844,10.774009704589844,0
2004-08-26,11.147137641906738,11.240413775644967,11.053855875940435,11.053855875940435,102665597
2004-08-27,11.100495338439941,11.240412744629545,11.053854862036847,11.147136619446975,60457035
2004-08-30,10.913931846618652,11.147135821141022,10.913931846618652,11.100494543474221,50070875
2004-08-31,10.774009704589844,11.053854154298872,10.727368426569083,10.774009704589844,56258268
2004-09-01,10.867291450500488,11.00721367528384,10.774009699110293,10.774009699110293,68535787
2004-09-02,10.540804862976074,10.727367545932058,10.400882649608132,10.727367545932058,138151743
2004-09-03,10.074398040771484,10.400883777091137,10.027757566127494,10.35424249784324,142356609
2004-09-06,10.121039390563965,10.121039390563965,9.887835406510748,10.027757636021896,79811679
2004-09-07,10.260961532592773,10.260961532592773,10.074398025099228,10.167679778846,61798920
2004-09-08,10.121039390563965,10.307602095044192,10.121039390563965,10.260961620075115,72039386
2004-09-09,10.121039390563965,10.214320340502123,10.027757636021896,10.121039390563965,56614530
2004-09-10,10.167679786682129,10.354242489715553,10.12103931207475,10.260961540500794,57928901
2004-09-13,10.354242324829102,10.447524077162297,10.260961377099798,10.400883603297647,79932489
2004-09-14,10.260961532592773,10.447524235482415,10.214320253417435,10.447524235482415,67049876
2004-09-15,10.074398040771484,10.214320269307363,10.074398040771484,10.214320269307363,53971778
2004-09-16,10.074398040771484,10.121039320019381,9.934475812235606,9.981116286879598,103048345
2004-09-17,9.841194152832031,10.074398137498859,9.841194152832031,10.074398137498859,98834497
2004-09-20,9.74791431427002,9.981117520926697,9.74791431427002,9.887836560105628,100327834
2004-09-21,9.887836456298828,9.934476936219712,9.794554691853067,9.841195171773949,81134834
2004-09-22,9.887836456298828,9.981117416140593,9.841195171773949,9.981117416140593,61198837
2004-09-23,9.934475898742676,9.934475898742676,9.794553668988389,9.794553668988389,40471956
2004-09-24,9.794554710388184,9.934476955019615,9.74791423037904,9.934476955019615,56467056
2004-09-27,9.561349868774414,9.747913381777765,9.561349868774414,9.654631625276089,78297420
2004-09-28,9.561349868774414,9.561349868774414,9.561349868774414,9.561349868774414,0
2004-09-29,9.561349868774414,9.747913381777765,9.468068112272737,9.468068112272737,55817080
2004-09-30,9.561349868774414,9.747913381777765,9.561349868774414,9.654631625276089,63748110
2004-10-01,9.74791431427002,9.74791431427002,9.561350783419872,9.561350783419872,50615327
2004-10-04,9.981115341186523,9.981115341186523,9.841193125908028,9.934474870961635,84495328
2004-10-05,9.981115341186523,10.074397086240129,9.934474870961635,10.02775661601524,61156054
2004-10-06,9.934475898742676,10.074398128496963,9.88783542369255,10.02775765344684,77968304
2004-10-07,9.887836456298828,10.074399180586354,9.887836456298828,9.981117416140593,47202937
2004-10-08,9.654629707336426,9.841192378674256,9.60798843604914,9.841192378674256,77010987
2004-10-11,9.607988357543945,9.654629628450133,9.514707424939097,9.561347891241521,53740666
2004-10-12,9.374786376953125,9.607990366432267,9.374786376953125,9.514709414323756,68796747
2004-10-13,9.328145980834961,9.4680682148007,9.328145980834961,9.374786457288895,52209691
2004-10-14,9.421426773071289,9.514708521025883,9.328145025116696,9.328145025116696,58394513
2004-10-15,9.328145980834961,9.421427738346766,9.328145980834961,9.421427738346766,54785456
2004-10-18,9.234865188598633,9.421428723122824,9.234865188598633,9.374787437189765,41181936
2004-10-19,9.374786376953125,9.421427657611313,9.32814590089887,9.32814590089887,36628121
2004-10-20,9.328145980834961,9.421427738346766,9.281505504381025,9.374786457288895,28475765
2004-10-21,9.328145980834961,9.4680682148007,9.281505504381025,9.328145980834961,41199235
2004-10-22,9.46806812286377,9.607990355470836,9.421427646862725,9.514709403468744,45174485
2004-10-25,9.46806812286377,9.46806812286377,9.46806812286377,9.46806812286377,0
2004-10-26,9.234865188598633,9.374787437189765,9.234865188598633,9.328146955860728,48580145
2004-10-27,9.048299789428711,9.234862464312863,9.001658517254835,9.234862464312863,54257068
2004-10-28,9.281505584716797,9.328146061574426,9.188223826397593,9.328146061574426,75593538
2004-10-29,9.421426773071289,9.421426773071289,9.281504553441327,9.281504553441327,40003832
2004-11-01,9.234865188598633,9.468069204451862,9.0949429400075,9.421428723122824,53031149
2004-11-02,9.46806812286377,9.514709403468744,9.234864133650682,9.328145890256703,67673035
2004-11-03,9.794554710388184,9.841195190397327,9.468068936512179,9.514710221125322,146547429
2004-11-04,9.74791431427002,9.887836560105628,9.654632548844946,9.794554794680554,96666841
2004-11-05,9.887836456298828,9.981117416140593,9.794554691853067,9.887836456298828,109591549
2004-11-08,9.794554710388184,9.887836475010472,9.701272945765897,9.887836475010472,32482739
2004-11-09,9.794554710388184,9.794554710388184,9.60799118114361,9.794554710388184,35634075
2004-11-10,9.607988357543945,9.794551831961167,9.607988357543945,9.794551831961167,70666751
2004-11-11,9.421426773071289,9.561348992701252,9.374785496792065,9.561348992701252,58822807
2004-11-12,9.561349868774414,9.561349868774414,9.421427636323864,9.468068112272737,36412061
2004-11-15,9.561349868774414,9.747913381777765,9.561349868774414,9.607990344723287,44758698
2004-11-16,9.607988357543945,9.701270094752557,9.514707424939097,9.561347891241521,55156018
2004-11-17,9.841194152832031,9.934475907619545,9.514709217981604,9.561349693073403,125465784
2004-11-18,10.121039390563965,10.167679865533044,9.887835406510748,9.981116356448904,161974293
2004-11-19,10.027756690979004,10.21431937787706,10.027756690979004,10.167678907303504,88963467
2004-11-22,9.607988357543945,9.934474035472203,9.607988357543945,9.887833569169779,71986603
2004-11-23,9.514710426330566,9.70127315499477,9.421428659696456,9.60799138836066,53188915
2004-11-24,9.654629707336426,9.70127017401994,9.51470750268211,9.51470750268211,49063885
2004-11-25,9.514710426330566,9.654632673979723,9.468069140711505,9.654632673979723,33885918
2004-11-26,9.328145980834961,9.701272206278249,9.328145980834961,9.514709495858574,55430702
2004-11-29,9.328145980834961,9.421427738346766,9.281505504381025,9.328145980834961,42073605
2004-11-30,9.421426773071289,9.468067244746658,9.234863277162102,9.328145025116696,63309394
2004-12-01,9.281505584716797,9.374786538432057,9.234864303255222,9.234864303255222,54570146
2004-12-02,9.46806812286377,9.46806812286377,9.374786366257748,9.421427646862725,39105236
2004-12-03,9.514710426330566,9.60799138836066,9.468069140711505,9.561350907345613,54078078
2004-12-06,9.561349868774414,9.561349868774414,9.421427636323864,9.51470939282554,31329427
2004-12-07,9.514710426330566,9.561350907345613,9.468069140711505,9.561350907345613,40367209
2004-12-08,9.421426773071289,9.514708521025883,9.374785496792065,9.468067244746658,26684430
2004-12-09,9.281505584716797,9.468068296751259,9.234864303255222,9.42142781989363,100165996
2004-12-10,9.281505584716797,9.328146061574426,9.234864303255222,9.281505584716797,71215796
2004-12-13,9.234865188598633,9.468069204451862,9.188224707269596,9.328146955860728,56704039
2004-12-14,9.328145980834961,9.374786457288895,9.234864223323154,9.281505504381025,34666979
2004-12-15,9.46806812286377,9.514709403468744,9.328145890256703,9.374786366257748,106558385
2004-12-16,9.421426773071289,9.514708521025883,9.374785496792065,9.468067244746658,43281837
2004-12-17,9.374786376953125,9.468068133665568,9.374786376953125,9.421427657611313,32812369
2004-12-20,9.234865188598633,9.328146955860728,9.188224707269596,9.281506474531692,86653756
2004-12-21,9.234865188598633,9.328146955860728,9.234865188598633,9.281506474531692,41254935
2004-12-22,9.281505584716797,9.374786538432057,9.281505584716797,9.281505584716797,43848557
2004-12-23,9.281505584716797,9.328146061574426,9.234864303255222,9.281505584716797,27510151
2004-12-24,9.328145980834961,9.328145980834961,9.234864223323154,9.281505504381025,23239717
2004-12-27,9.281505584716797,9.328146061574426,9.234864303255222,9.328146061574426,21504006
2004-12-28,9.234865188598633,9.328146955860728,9.234865188598633,9.234865188598633,21649507
2004-12-29,9.421426773071289,9.468067244746658,9.281504553441327,9.281504553441327,79456544
2004-12-30,9.421426773071289,9.468067244746658,9.374785496792065,9.468067244746658,39617125
2004-12-31,9.561349868774414,9.561349868774414,9.374786355771063,9.468068112272737,57175991
2005-01-03,9.514710426330566,9.654632673979723,9.468069140711505,9.561350907345613,57594760
2005-01-04,9.421426773071289,9.514708521025883,9.374785496792065,9.468067244746658,28208930
2005-01-05,9.281505584716797,9.374786538432057,9.281505584716797,9.328146061574426,38190990
2005-01-06,9.281505584716797,9.328146061574426,9.234864303255222,9.281505584716797,41269125
2005-01-07,9.234865188598633,9.328146955860728,9.188224707269596,9.281506474531692,47499707
2005-01-10,9.328145980834961,9.374786457288895,9.234864223323154,9.281505504381025,39739955
2005-01-11,9.234865188598633,9.328146955860728,9.234865188598633,9.328146955860728,70705908
2005-01-12,9.048299789428711,9.234862464312863,9.001658517254835,9.234862464312863,59574634
2005-01-13,8.815096855163574,9.141582579476495,8.768456382234818,9.094941301943862,101090455
2005-01-14,8.861737251281738,8.955019000934591,8.675174556579902,8.721815029104393,84319808
2005-01-17,9.048299789428711,9.094940256998804,8.955018049684742,9.001658517254835,52514947
2005-01-18,9.048299789428711,9.14158152917268,9.001658517254835,9.094940256998804,40770051
2005-01-19,8.9550199508667,9.141583469962722,8.9550199508667,9.141583469962722,40052848
2005-01-20,8.9550199508667,9.001660428338727,8.861738191318688,8.861738191318688,26673954
2005-01-21,9.001660346984863,9.048301628639319,8.908379392883848,8.955019869934356,36328011
2005-01-24,8.861737251281738,9.048300750587444,8.815096778757248,9.001659473459084,26755086
2005-01-25,8.861737251281738,8.9083785284101,8.768456306232755,8.815096778757248,30533572
2005-01-26,8.9550199508667,9.04830171041471,8.861738191318688,8.9550199508667,44783575
2005-01-27,9.094940185546875,9.141581457354327,9.001658446535748,9.001658446535748,54711484
2005-01-28,9.094940185546875,9.234862391761675,9.0482997183432,9.094940185546875,59329824
2005-01-31,9.46806812286377,9.561349879469791,9.094941901043615,9.094941901043615,136577988
2005-02-01,9.514710426330566,9.654632673979723,9.468069140711505,9.514710426330566,151373563
2005-02-02,9.74791431427002,9.74791431427002,9.654632548844946,9.654632548844946,158168159
2005-02-03,9.514710426330566,9.60799138836066,9.468069140711505,9.60799138836066,120579021
2005-02-04,9.514710426330566,9.514710426330566,9.514710426330566,9.514710426330566,0
2005-02-07,9.514710426330566,9.514710426330566,9.514710426330566,9.514710426330566,0
2005-02-08,9.514710426330566,9.514710426330566,9.514710426330566,9.514710426330566,0
2005-02-09,9.514710426330566,9.514710426330566,9.514710426330566,9.514710426330566,0
2005-02-10,9.514710426330566,9.514710426330566,9.514710426330566,9.514710426330566,0
2005-02-11,9.514710426330566,9.514710426330566,9.514710426330566,9.514710426330566,0
2005-02-14,9.794554710388184,9.887836475010472,9.701272945765897,9.74791423037904,189030999
2005-02-15,9.794554710388184,9.934476955019615,9.794554710388184,9.841195190397327,80751689
2005-02-16,9.701272010803223,9.7479132909213,9.561349779656833,9.7479132909213,110829643
2005-02-17,9.281505584716797,9.468068296751259,9.04830159122076,9.04830159122076,232651524
2005-02-18,9.514710426330566,9.561350907345613,9.281506412047301,9.328146893062348,195803086
2005-02-21,9.46806812286377,9.561349879469791,9.374786366257748,9.514709403468744,109628532
2005-02-22,9.328145980834961,9.4680682148007,9.328145980834961,9.4680682148007,49883895
2005-02-23,9.46806812286377,9.514709403468744,9.234864133650682,9.328145890256703,92994248
2005-02-24,9.421426773071289,9.561348992701252,9.421426773071289,9.468067244746658,85909635
2005-02-25,9.701272010803223,9.7479132909213,9.561349779656833,9.561349779656833,132516566
2005-02-28,9.701272010803223,9.701272010803223,9.701272010803223,9.701272010803223,0
2005-03-01,9.514710426330566,9.747914440613833,9.514710426330566,9.70127315499477,82972988
2005-03-02,9.561349868774414,9.677949047136774,9.51470939282554,9.51470939282554,61228634
2005-03-03,9.5380277633667,9.561350819774667,9.398105516999069,9.561350819774667,46105593
2005-03-04,9.351463317871094,9.49138555056386,9.351463317871094,9.46806812866281,57474688900
2005-03-07,9.351463317871094,9.49138555056386,9.351463317871094,9.374786371999656,57391903692
2005-03-08,9.39810562133789,9.514710444820174,9.351464335628192,9.39810562133789,58032936
2005-03-09,9.39810562133789,9.39810562133789,9.328146911189414,9.351464335628192,45472100
2005-03-10,9.304821968078613,9.351462439728484,9.234863272113444,9.328145020017041,46540333
2005-03-11,9.374786376953125,9.398104603470426,9.32814590089887,9.35146332281224,34880361
2005-03-14,9.281505584716797,9.374786538432057,9.258181725570232,9.374786538432057,40250999
2005-03-15,9.118261337280273,9.304824891706783,9.0716208509757,9.281507464668872,49164903
2005-03-16,9.094940185546875,9.16489887484294,9.0482997183432,9.094940185546875,48885347
2005-03-17,8.9550199508667,9.001660428338727,8.931702528244529,9.001660428338727,54493795
2005-03-18,8.815096855163574,8.908378605624963,8.745138157280133,8.885054748443139,66479022
2005-03-21,8.861737251281738,8.955019000934591,8.861737251281738,8.955019000934591,39837878
2005-03-22,8.675174713134766,8.86173741120337,8.558575541229027,8.86173741120337,94657329
2005-03-23,8.69849681854248,8.815095977748927,8.488610285932909,8.628532495395833,111482714
2005-03-24,8.815096855163574,8.93170165820291,8.721815104702186,8.721815104702186,78528134
2005-03-25,8.885055541992188,8.931702455918124,8.838415064897841,8.861738119558835,26307638
2005-03-28,8.815096855163574,8.93170165820291,8.815096855163574,8.93170165820291,22227629
2005-03-29,8.675174713134766,8.81509693783719,8.675174713134766,8.81509693783719,30788482
2005-03-30,8.675174713134766,8.745138239297631,8.628533435164702,8.675174713134766,37217643
2005-03-31,8.885055541992188,8.90837940125713,8.791774587803495,8.815097642464488,40927606
2005-04-01,8.931699752807617,8.931699752807617,8.815094974643523,8.908376705205164,31925163
2005-04-04,8.861737251281738,8.88505467143044,8.815096778757248,8.861737251281738,22097041
2005-04-05,8.861737251281738,8.861737251281738,8.861737251281738,8.861737251281738,0
2005-04-06,8.79177474975586,8.90837956535746,8.79177474975586,8.86173828279999,24749939
2005-04-07,8.651857376098633,8.861738320885479,8.651857376098633,8.815097842731525,43319649
2005-04-08,8.79177474975586,8.815097804846484,8.698498621472629,8.745139099426133,32071246
2005-04-11,8.675174713134766,8.81509693783719,8.628533435164702,8.791773885040504,43105247
2005-04-12,8.721814155578613,8.768455428035658,8.675173687725357,8.675173687725357,21392482
2005-04-13,8.79177474975586,8.79177474975586,8.745139099426133,8.768457326892978,21041303
2005-04-14,8.721814155578613,8.791772845849023,8.651855465308202,8.698496737765248,51040392
2005-04-15,8.558575630187988,8.721815277156642,8.558575630187988,8.721815277156642,57347629
2005-04-18,8.325370788574219,8.511933469239683,8.208765995318542,8.511933469239683,60833692
2005-04-19,8.325370788574219,8.372011257589632,8.278729514954996,8.325370788574219,40339078
2005-04-20,8.325370788574219,8.488610418618643,8.30204773795318,8.488610418618643,57067727
2005-04-21,8.48861026763916,8.48861026763916,8.325370640498136,8.325370640498136,46003653
2005-04-22,8.48861026763916,8.605215058820889,8.441969799453299,8.605215058820889,59517979
2005-04-25,8.48861026763916,8.511933317845372,8.441969799453299,8.48861026763916,24213061
2005-04-26,8.581892967224121,8.628533440619787,8.441970742433236,8.488611215828902,39389289
2005-04-27,8.605217933654785,8.675176647795919,8.558577449887258,8.581894875656799,34463613
2005-04-28,8.605217933654785,8.605217933654785,8.418654389376545,8.558577449887258,42068655
2005-04-29,8.581892967224121,8.581892967224121,8.465293795244666,8.535252493828454,23950082
2005-05-02,8.581892967224121,8.581892967224121,8.581892967224121,8.581892967224121,0
2005-05-03,8.581892967224121,8.745138244826437,8.581892967224121,8.581892967224121,40582230
2005-05-04,8.628533363342285,8.651856415944833,8.558575469988927,8.628533363342285,19706928
2005-05-05,8.908379554748535,9.00166051054446,8.6751755560508,8.74513908901161,85881194
2005-05-06,9.118261337280273,9.164902628188955,8.955021646724536,8.9783447059912,94134538
2005-05-09,9.118261337280273,9.164902628188955,9.0716208509757,9.094943910242364,51450241
2005-05-10,9.048299789428711,9.094940256998804,8.931700632012943,9.071617207100513,37129275
2005-05-11,8.931699752807617,9.0016576311631,8.885052852999008,8.955017168184133,30426298
2005-05-12,9.071619033813477,9.071619033813477,8.955019852918632,9.001660329880517,68796987
2005-05-13,9.141584396362305,9.211542303545972,9.00166134055864,9.048302627361206,65677782128
2005-05-16,9.281505584716797,9.514709578212834,9.281505584716797,9.328146061574426,90989110
2005-05-17,9.444746017456055,9.468069073913087,9.35146425148006,9.374787307937092,100527302
2005-05-18,9.374786376953125,9.444745079524683,9.374786376953125,9.444745079524683,38620115
2005-05-19,9.514710426330566,9.561350907345613,9.444746084089923,9.444746084089923,96032256
2005-05-20,9.561349868774414,9.561349868774414,9.44474505818455,9.51470939282554,52241639
2005-05-23,9.39810562133789,9.561350925925856,9.374787392295096,9.561350925925856,36711549
2005-05-24,9.677948951721191,9.747913285672398,9.421427543437344,9.421427543437344,114420591
2005-05-25,9.74791431427002,9.864512699182335,9.677949972936192,9.74791431427002,135396015
2005-05-26,9.794554710388184,9.841195190397327,9.701272945765897,9.74791423037904,84367399
2005-05-27,9.981115341186523,10.004432760185562,9.864510544907066,9.887834400736747,106925776
2005-05-30,10.074398040771484,10.074398040771484,9.934475812235606,9.981116286879598,75917056
2005-05-31,9.887836456298828,10.051076124511923,9.887836456298828,10.051076124511923,76152783
2005-06-01,9.864511489868164,9.864511489868164,9.654631365260485,9.817871015175399,107911579
2005-06-02,10.027756690979004,10.051074110152355,9.911151893827853,9.911151893827853,92836039
2005-06-03,10.354242324829102,10.447524077162297,10.027757398568752,10.027757398568752,186086131
2005-06-06,10.447525978088379,10.4941672650433,10.237640186791234,10.237640186791234,92210736
2005-06-07,10.587447166442871,10.610765393766354,10.330920918557892,10.44752492883864,140327955
2005-06-08,10.820648193359375,10.867289462825523,10.610762480761712,10.634085529305999,141098722
2005-06-09,10.867291450500488,10.867291450500488,10.704046172906963,10.843968397690315,112391380
2005-06-10,10.913931846618652,10.937250071640415,10.63408739903336,10.86729137355573,132482584
2005-06-13,10.96057415008545,10.96057415008545,10.65740659922647,10.820651902925942,95029769
2005-06-14,10.797327041625977,10.890608792341723,10.727368343551774,10.867291371927333,81503808
2005-06-15,10.540804862976074,10.774008820123917,10.540804862976074,10.727367545932058,94858403
2005-06-16,10.843968391418457,10.867291444215143,10.540805716840229,10.657404888745969,95075659
2005-06-17,11.12381362915039,11.357017621715858,10.890609636584925,10.890609636584925,182419568772
2005-06-20,11.42697811126709,11.45029633188628,11.123810668275986,11.193768548548466,119487938
2005-06-21,11.310376167297363,11.380339692370303,11.263734890053898,11.380339692370303,96723973
2005-06-22,11.450298309326172,11.473621361595562,11.287052230913897,11.310376087787155,99576671
2005-06-23,11.310376167297363,11.47362144225336,11.310376167297363,11.403657112576548,88655880
2005-06-24,11.147137641906738,11.21709635141843,11.123814585452127,11.193772490359809,58566424
2005-06-27,10.820648193359375,10.960570392550341,10.797325144815089,10.960570392550341,88627592
2005-06-28,10.913931846618652,10.983890544703337,10.774009622826005,10.820650095888928,57552489
2005-06-29,10.727368354797363,11.100494553447621,10.634087408587709,11.053854080342793,124822529
2005-06-30,10.727368354797363,10.820650105610898,10.70404610673525,10.820650105610898,49556148
2005-07-01,10.937250137329102,10.960572385510334,10.634087462901263,10.82065016087732,43409324
2005-07-04,10.96057415008545,10.96057415008545,10.797328846385978,10.913933669233618,32829460
2005-07-05,10.774009704589844,10.913931929444358,10.774009704589844,10.913931929444358,34869339
2005-07-06,10.820648193359375,10.913929927687931,10.820648193359375,10.843966414281235,38023399
2005-07-07,11.00721263885498,11.00721263885498,10.820649153641233,10.93724911923935,47217193
2005-07-08,11.00721263885498,11.053853107856513,10.867290427246575,10.913930896248107,28264714
2005-07-11,11.310376167297363,11.357016639936955,11.05385397008154,11.100494442721134,72793907
2005-07-12,11.590221405029297,11.636861880858758,11.380340470702613,11.426980946532073,83412252
2005-07-13,11.566895484924316,11.636859806917013,11.496937599761887,11.590219339399898,66059595454
2005-07-14,11.753457069396973,11.776780115508808,11.566893620197296,11.590217470912783,71417708
2005-07-15,11.450298309326172,11.706819700134817,11.450298309326172,11.706819700134817,54384188
2005-07-18,11.450298309326172,11.450298309326172,11.450298309326172,11.450298309326172,0
2005-07-19,11.287054061889648,11.403658882301869,11.240413582011955,11.38034145847701,39961845
2005-07-20,11.333701133728027,11.52025904601646,11.287055017672385,11.38034242215928,47877232
2005-07-21,11.310376167297363,11.566896755305441,11.217094417414307,11.24041183762055,41398618
2005-07-22,11.100495338439941,11.287053221032641,11.100495338439941,11.287053221032641,51584974
2005-07-25,10.983890533447266,11.100494532098656,10.93725006043214,11.077172284081398,35436723
2005-07-26,10.843968391418457,11.077172367457125,10.820650166245079,10.913931917581323,49252104002
2005-07-27,10.494162559509277,10.75068389051009,10.354239565989378,10.727365671300529,122653479
2005-07-28,10.610766410827637,10.610766410827637,10.354244161374327,10.494167216994395,71122768
2005-07-29,10.51748275756836,10.70404626189983,10.51748275756836,10.70404626189983,43771077
2005-08-01,10.540804862976074,10.610763555848587,10.377559598700744,10.424200068288785,78664026457
2005-08-02,12.146419525146484,12.17492967474139,11.832779574864453,11.86129053316616,96500656
2005-08-03,12.716668128967285,12.716668128967285,12.260465375508728,12.288981181338228,90581601
2005-08-04,12.63113021850586,12.745183728258663,12.48856575743467,12.716667115994046,35754981
2005-08-05,12.63113021850586,12.63113021850586,12.63113021850586,12.63113021850586,0
2005-08-08,12.488564491271973,12.517081100645411,12.317489904933526,12.317489904933526,62938284
2005-08-09,12.260462760925293,12.460053950208282,12.260462760925293,12.374516255440994,43799006
2005-08-10,12.773693084716797,13.001794414796569,12.460054059122049,12.488564198174199,77498775
2005-08-11,13.001795768737793,13.030306719465433,12.802204556925751,12.944769015042992,69870169
2005-08-12,12.887747764587402,13.115849924335805,12.802204400265644,13.001795609635295,34141998
2005-08-15,12.545591354370117,12.773693500582583,12.51708121438978,12.773693500582583,44572317
2005-08-16,12.488564491271973,12.574102188794459,12.40302760245601,12.545591240366674,25192277
2005-08-17,12.40302848815918,12.431544290862416,12.346000926285605,12.346000926285605,44094962
2005-08-18,12.117898941040039,12.460054589914634,12.117898941040039,12.431543640941427,35778302
2005-08-19,11.861286163330078,12.003850606797837,11.804259415495169,12.003850606797837,42039405893
2005-08-22,12.032361030578613,12.032361030578613,11.88979739244426,11.946823332921914,15361653
2005-08-23,12.146419525146484,12.260467401887325,12.003855029156323,12.06088179800055,28572968
2005-08-24,11.775750160217285,12.08939004002998,11.775750160217285,12.08939004002998,52703657
2005-08-25,11.604677200317383,11.77575183174852,11.576160583427397,11.633188156260225,29934054
2005-08-26,11.718722343444824,11.80425922901992,11.54764695488165,11.633184649163237,43292526
2005-08-29,11.234007835388184,11.718722240777087,11.119954342519327,11.576156992103982,55606484
2005-08-30,11.176981925964355,11.405083267838506,11.148470976731494,11.3195463766072,34296497
2005-08-31,11.176981925964355,11.405083267838506,11.148470976731494,11.205492066490672,46848556
2005-09-01,11.176981925964355,11.176981925964355,11.176981925964355,11.176981925964355,0
2005-09-02,11.690213203430176,11.690213203430176,11.262520622367562,11.405084276917355,64631845
2005-09-05,11.348057746887207,11.462111260656814,11.319547603271335,11.433595456094515,27607979
2005-09-06,11.519139289855957,11.519139289855957,11.405084962789404,11.405084962789404,26117824
2005-09-07,11.633186340332031,11.690213095556308,11.519138490829738,11.633186340332031,22139288
2005-09-08,11.747238159179688,11.832775044872367,11.747238159179688,11.804259245246673,29853157
2005-09-09,11.633186340332031,11.86128770028288,11.547648633615442,11.804260945058601,30326915002
2005-09-12,11.832776069641113,11.918313771448215,11.747239176540575,11.775749317689922,38590484
2005-09-13,11.861286163330078,11.946823050256423,11.775748467697227,11.861286163330078,23139710036
2005-09-14,11.747238159179688,11.832775044872367,11.718722359553993,11.804259245246673,21902969
2005-09-15,11.690213203430176,11.83277685797997,11.633186447679671,11.690213203430176,29761197
2005-09-16,11.690213203430176,11.804261053984868,11.604675495924269,11.775750102229466,43751690
2005-09-19,11.975341796875,11.975341796875,11.690212878292419,11.690212878292419,37710459
2005-09-20,11.975341796875,12.060878693295269,11.747239632456846,11.861287479839548,43122240628
2005-09-21,11.747238159179688,11.975340294990463,11.718722359553993,11.747238159179688,20074809
2005-09-22,11.348057746887207,11.63318667907143,11.262520846386531,11.63318667907143,69802965
2005-09-23,11.376574516296387,11.519138984345155,11.291036805915098,11.291036805915098,43005614
2005-09-26,11.376574516296387,11.54764912835232,11.376574516296387,11.462111417971032,43643868
2005-09-27,11.376574516296387,11.433595613017362,11.291036805915098,11.348057902636073,33674895
2005-09-28,11.234007835388184,11.405082413746083,11.205491227345034,11.348055667311653,34150891
2005-09-29,11.492936134338379,11.579348847472032,11.291305392084556,11.291305392084556,115763354
2005-09-30,12.270654678344727,12.270654678344727,11.867393946685427,12.097829228138304,116547185
2005-10-03,12.529894828796387,12.673915771844678,12.328264052856877,12.385873077041484,109959325
2005-10-04,12.702719688415527,12.789133220641247,12.61630696489638,12.645111475638286,70318092
2005-10-05,12.587503433227539,12.789134215397429,12.558698920245178,12.673916163467984,63014849
2005-10-06,12.414676666259766,12.472285689914589,12.328263939484133,12.385872963138958,68470017
2005-10-07,12.270654678344727,12.414676425987805,12.184241953241516,12.385872723424459,60020836
2005-10-10,12.146419525146484,12.146419525146484,12.146419525146484,12.146419525146484,0
2005-10-11,11.925004005432129,12.155439322535578,11.896200298412571,12.155439322535578,62897826
2005-10-12,11.406523704528809,11.809784418937097,11.406523704528809,11.809784418937097,119912873
2005-10-13,11.608155250549316,11.608155250549316,11.320111748119736,11.348916260104016,59264972
2005-10-14,11.550548553466797,11.723374851482145,11.492940326599529,11.636962106827857,46575008
2005-10-17,11.377718925476074,11.608153366537415,11.377718925476074,11.550544351918841,42825868
2005-10-18,11.435328483581543,11.550545717736306,11.377720270857447,11.377720270857447,38848571
2005-10-19,10.974457740783691,11.348914728635364,10.974457740783691,11.348914728635364,79793981
2005-10-20,11.1760892868042,11.1760892868042,10.916850294071649,11.060872046557135,86069044
2005-10-21,10.974457740783691,11.060870456369038,10.888045025198343,10.945653232686409,43637667
2005-10-24,10.859241485595703,11.060871442846294,10.859241485595703,11.00326323022037,72523858
2005-10-25,10.888045310974121,11.032067046534136,10.888045310974121,10.945653519974215,67611851
2005-10-26,10.744024276733398,10.888046021694475,10.71521976599987,10.888046021694475,44712214
2005-10-27,9.995111465454102,10.54239395779522,9.995111465454102,10.54239395779522,202881186
2005-10-28,9.649458885192871,9.879894170841421,9.419023599544321,9.678263396987266,260302500
2005-10-31,10.254350662231445,10.254350662231445,9.67826364632825,9.70706735015811,205545475
2005-11-01,9.851088523864746,10.254349216397035,9.851088523864746,10.254349216397035,93802106
2005-11-02,10.081524848937988,10.139133876600795,9.937503088487636,9.937503088487636,74483067
2005-11-03,10.139134407043457,10.254351659690155,10.139134407043457,10.254351659690155,71693660
2005-11-04,10.311956405639648,10.484782630705672,10.225543697459852,10.369565416897133,73886178
2005-11-07,9.937500953674316,10.25434892033989,9.851088239450291,10.25434892033989,75356689
2005-11-08,9.851088523864746,9.995110257533886,9.793479506914487,9.966305749058757,84427047
2005-11-09,10.225546836853027,10.340764086034955,9.879895089307244,9.908698795072716,89246319
2005-11-10,10.686412811279297,10.916847227033944,10.369564883086866,10.369564883086866,167407872
2005-11-11,11.060870170593262,11.060870170593262,10.830435729181653,10.945652949887457,127921932
2005-11-14,10.945653915405273,11.060871146274406,10.88804570432398,11.060871146274406,59611624
2005-11-15,10.657608985900879,10.859239719057552,10.54239177068554,10.830435213077108,80417366
2005-11-16,10.600003242492676,10.715220484445432,10.484785191833293,10.542394217162984,67609643
2005-11-17,10.484783172607422,10.6576094066059,10.42717496707891,10.62880570819488,34328847
2005-11-18,10.571198463439941,10.772828429599652,10.484784927622973,10.657611190550302,73656549
2005-11-21,10.600003242492676,10.715220484445432,10.571198729827831,10.628807755157522,30630490
2005-11-22,10.45598030090332,10.600002859017257,10.427176597987131,10.600002859017257,44760054
2005-11-23,10.859241485595703,10.859241485595703,10.455979953681377,10.513588975013873,93976536
2005-11-24,11.118481636047363,11.233698882149481,10.974459876243055,10.974459876243055,148863096
2005-11-25,11.1760892868042,11.29130733575788,11.147285583272394,11.233698311281039,93084514
2005-11-28,11.032065391540527,11.233695305852791,10.91684737341192,11.204890801320639,72768943
2005-11-29,10.686412811279297,10.945651731179872,10.686412811279297,10.945651731179872,72937485
2005-11-30,10.7728271484375,10.859240673977709,10.657609923090398,10.6864144316038,75599566
2005-12-01,10.830438613891602,10.888047643942029,10.744025877522654,10.772829583841174,47585525
2005-12-02,11.060870170593262,11.204891898652136,11.003261964593598,11.118479185299403,118007392
2005-12-05,11.377718925476074,11.406522624078884,11.003261947868298,11.233696388929639,104500477
2005-12-06,11.262503623962402,11.377721681104802,11.176090081105603,11.348917166819202,75773260
2005-12-07,11.377718925476074,11.492936146006745,11.176087374311065,11.348914418166787,71487582
2005-12-08,11.118481636047363,11.348916936958254,11.060872608642978,11.348916936958254,55123549
2005-12-09,10.974457740783691,11.060870456369038,10.888045025198343,11.060870456369038,54047529
2005-12-12,10.830438613891602,10.974460380310974,10.744025877522654,10.974460380310974,54313958
2005-12-13,10.7728271484375,10.830436165464306,10.6864144316038,10.7728271484375,36168826
2005-12-14,10.311956405639648,10.686413361400438,10.08152197802257,10.657608855771697,185910696
2005-12-15,10.427178382873535,10.484786607273676,10.311960316659777,10.311960316659777,82414111
2005-12-16,10.571198463439941,10.628807487317921,10.369567688573625,10.369567688573625,96737976
2005-12-19,10.7728271484375,10.830436165464306,10.600001714770103,10.628806223283506,75436176
2005-12-20,10.916851043701172,10.916851043701172,10.600003813441388,10.744025575816444,77144412
2005-12-21,10.945653915405273,11.003262935193115,10.772827664748297,10.88804570432398,59477674
2005-12-22,10.720779418945312,10.977391733639694,10.720779418945312,10.834833739545518,56292606
2005-12-23,11.320112228393555,11.320112228393555,10.859242443211766,10.888046956418123,123115908
2005-12-26,11.005912780761719,11.291018223988626,11.005912780761719,11.262519405910604,63502517174
2005-12-27,11.204893112182617,11.32011115407343,11.060871368525666,11.118480389471072,68346371
2005-12-28,10.859241485595703,10.974458719554121,10.744024251637283,10.830436974929455,137327166
2005-12-29,10.888045310974121,10.916849011120908,10.455979295587554,10.744023575414106,161476517
2005-12-30,10.715219497680664,10.888045749047537,10.715219497680664,10.830436729023061,84371848
2006-01-02,10.484783172607422,10.6576094066059,10.39837045996142,10.600001201077388,61476627
2006-01-03,10.600003242492676,10.65761145911574,10.254350707927783,10.484785191833293,92106382
2006-01-04,10.542393684387207,10.772828156647364,10.484784661968874,10.744024454144785,133379308
2006-01-05,10.427178382873535,10.657612897887578,10.369569349766655,10.571200156933996,103418570
2006-01-06,10.513588905334473,10.600002436760505,10.484784394859128,10.484784394859128,100062449
2006-01-09,10.859241485595703,10.974458719554121,10.744024251637283,10.801632464263207,181613242
2006-01-10,10.686412811279297,10.859239027448476,10.542391099256045,10.859239027448476,108399024
2006-01-11,10.686412811279297,10.715217315425225,10.542391099256045,10.600000107547903,106391975
2006-01-12,10.657608985900879,10.888044225037998,10.657608985900879,10.772826201116217,76769056
2006-01-13,10.513588905334473,10.62880694723585,10.484784394859128,10.600002436760505,68908668
2006-01-16,10.686412811279297,10.772825515010693,10.513586595110118,10.542391099256045,57713503
2006-01-17,10.801634788513184,10.830439305377464,10.715222046627083,10.772830271648902,48881606
2006-01-18,10.283153533935547,10.571196995925462,10.283153533935547,10.48478347210459,135583603
2006-01-19,10.484783172607422,10.484783172607422,10.340761445726436,10.39837045996142,49620541
2006-01-20,10.45598030090332,10.600002859017257,10.398372086364343,10.600002859017257,35422530
2006-01-23,10.311956405639648,10.398369922525875,10.311956405639648,10.311956405639648,42773613
2006-01-24,10.398370742797852,10.484783457794286,10.340761726995899,10.369566234896876,45445262
2006-01-25,10.45598030090332,10.542393835771682,10.34076306311877,10.484784812526108,46028167
2006-02-03,10.254350662231445,10.657611411622357,10.139133420792131,10.542394170183043,122887751
2006-02-06,10.36956787109375,10.36956787109375,10.023916147861707,10.139133388939054,67132721
2006-02-07,10.686412811279297,10.715217315425225,10.340760378940939,10.369564883086866,102027546
2006-02-08,10.484783172607422,10.6576094066059,10.484783172607422,10.62880570819488,27400960
2006-02-09,10.484783172607422,10.62880570819488,10.484783172607422,10.600001201077388,41530523
2006-02-10,10.542393684387207,10.571198195596374,10.398371937047962,10.542393684387207,32503589
2006-02-13,10.311956405639648,10.5711961475919,10.283152708717337,10.542391641963157,44916820
2006-02-14,10.311956405639648,10.311956405639648,10.139130989280055,10.19673919183111,51959522
2006-02-15,10.139134407043457,10.283156175028505,10.139134407043457,10.283156175028505,47263896
2006-02-16,10.830438613891602,10.830438613891602,10.744025877522654,10.830438613891602,149502672
2006-02-17,11.003263473510742,11.118480710016701,10.945654450904469,11.060871687410428,188552905
2006-02-20,11.032065391540527,11.06086908736628,10.859239173054018,10.945651877944073,95856994
2006-02-21,10.945653915405273,11.089675656168328,10.916849405511352,11.060871146274406,69513653
2006-02-22,10.7728271484375,10.945653390811408,10.715218940117204,10.859240673977709,87756672
2006-02-23,10.801634788513184,10.916852047263564,10.715222046627083,10.772830271648902,80949488
2006-02-24,10.974457740783691,11.003262248880974,10.801631500906495,10.801631500906495,65069001
2006-02-27,11.032065391540527,11.06086908736628,10.830434668521866,10.888043677586168,63735384
2006-03-01,11.060870170593262,11.089674677946332,10.859240236534724,10.888044743887795,61011480
2006-03-02,11.1760892868042,11.262502823519458,11.147285583272394,11.233698311281039,87354085
2006-03-03,11.262503623962402,11.377721681104802,11.176090081105603,11.233699109676802,136672134
2006-03-06,11.348916053771973,11.348916053771973,11.176088985008423,11.262502519390198,60264449
2006-03-07,11.060870170593262,11.262500913358277,11.060870170593262,11.262500913358277,61110839
2006-03-08,10.830438613891602,10.974460380310974,10.772829583841174,10.830438613891602,59451178
2006-03-09,10.830438613891602,10.916851350260547,10.801634098866389,10.830438613891602,45956040
2006-03-10,11.032065391540527,11.176086296788487,10.830434668521866,10.91684737341192,47563445
2006-03-13,11.1760892868042,11.233698311281039,11.089676558795555,11.1760892868042,47609076
2006-03-14,10.945653915405273,11.176088377143541,10.916849405511352,11.176088377143541,33741526
2006-03-15,11.032065391540527,11.118478096430584,10.974456382476225,11.06086908736628,30635642
2006-03-16,11.003263473510742,11.176088923916385,11.003263473510742,11.089676198713564,34119826
2006-03-17,11.089676856994629,11.118481370007595,10.859242370304164,10.94565510063643,24934653
2006-03-20,11.089676856994629,11.176089587326892,11.003264126662364,11.089676856994629,34455438
2006-03-21,11.003263473510742,11.176088923916385,11.003263473510742,11.089676198713564,28922990
2006-03-22,10.916851043701172,11.003264586350207,10.888047338191498,11.003264586350207,47762163
2006-03-23,10.916851043701172,10.974460072133862,10.859242823975153,10.916851043701172,40458184
2006-03-24,10.916851043701172,10.974460072133862,10.830438309758808,10.945655557917517,35077351
2006-03-27,11.147286415100098,11.176090120781279,10.945655623091772,10.945655623091772,47734195
2006-03-28,11.233696937561035,11.262501446277076,11.089675202687342,11.147284220119426,57720862
2006-03-29,11.348916053771973,11.377720565232565,11.147285282254424,11.204893496469014,54874048
2006-03-30,11.464133262634277,11.49293777402383,11.291307003003554,11.435328751244725,71195393
2006-03-31,11.809783935546875,11.953805671133873,11.492936764220696,11.492936764220696,141632716
2006-04-03,12.18424129486084,12.472284774582443,11.838588795712297,11.92500151614616,139414438
2006-04-04,12.18424129486084,12.299458525008173,12.04021955500004,12.24185031428778,60703100
2006-04-06,12.35706901550293,12.385873528645481,12.24185177163937,12.270655476075278,88187227
2006-04-07,12.38587474822998,12.558700226689393,12.040222173897716,12.328265716272364,82687163
2006-04-10,12.501086235046387,12.529890737733897,12.213042825583976,12.385869033002693,62377480
2006-04-11,12.011417388916016,12.32826544017347,11.982613682289005,12.213048187545315,63365917
2006-04-12,11.723372459411621,11.953806937275726,11.636959732389235,11.80978518643401,75121172
2006-04-13,11.665763854980469,11.86739463689021,11.636960150741908,11.723372880870862,53912107
2006-04-14,12.155438423156738,12.299460182425232,11.694568631756232,11.72337314535126,58457590
2006-04-17,12.09782886505127,12.241850608371884,12.069024354645833,12.155437077155575,40161579
2006-04-18,12.155438423156738,12.213047450346798,12.011416663888246,12.097830204673334,31085333
2006-04-19,12.38587474822998,12.529896519417305,12.357070232251171,12.38587474822998,66758837
2006-04-20,12.35706901550293,12.472286259366491,12.270655476075278,12.35706901550293,49222370
2006-04-21,12.789135932922363,12.961962225319706,12.385875123133061,12.414678831276998,143747955
2006-04-24,12.961959838867188,13.192394313833391,12.702720043646963,12.846742601384086,90401825
2006-04-25,12.587503433227539,12.961960484584957,12.529895215969454,12.961960484584957,57270436
2006-04-26,12.8467435836792,12.8467435836792,12.58750376863683,12.673916501179848,62327433
2006-04-27,12.414676666259766,12.846742726257734,12.414676666259766,12.846742726257734,63797944
2006-04-28,12.789135932922363,12.789135932922363,12.501092381829041,12.501092381829041,63254782
2006-05-02,12.789135932922363,12.789135932922363,12.58750512367434,12.673917865519638,56650731
2006-05-03,12.789135932922363,13.019570450314323,12.760331416071681,12.789135932922363,39994509
2006-05-04,12.875548362731934,13.019570134788262,12.817940139133437,12.846744655286047,37070415
2006-05-05,12.933156967163086,13.105983249654328,12.933156967163086,12.961961482362742,52110400
2006-05-08,13.019567489624023,13.10598102052536,12.961959277729694,13.019567489624023,30450172
2006-05-09,12.875548362731934,13.019570134788262,12.817940139133437,13.019570134788262,40296266
2006-05-10,12.270654678344727,12.673915410004026,12.184241953241516,12.673915410004026,78549420
2006-05-11,12.09782886505127,12.270654310070755,11.982611632136091,12.09782886505127,56636011
2006-05-12,11.867392539978027,11.953805254838263,11.838588032122452,11.867392539978027,46799486
2006-05-15,11.694567680358887,11.752176702862233,11.521741421555435,11.636959466562129,60976889
2006-05-16,11.723372459411621,11.838589698343673,11.665763435592291,11.723372459411621,44634199
2006-05-17,12.155438423156738,12.35706920961529,11.78098217254132,11.867394904619754,51640101
2006-05-18,11.747238159179688,11.861285992259106,11.519136832075404,11.747238159179688,53772074725
2006-05-19,11.861286163330078,11.861286163330078,11.604673885138029,11.69021158077088,27724355140
2006-05-22,11.406523704528809,11.982611479163362,11.406523704528809,11.982611479163362,65264039
2006-05-23,11.579349517822266,11.72337125385369,11.40652327284325,11.40652327284325,45827977
2006-05-24,11.579349517822266,11.809783971989937,11.46413229073843,11.694566744906101,46926812
2006-05-25,11.464133262634277,11.608155010875448,11.435328751244725,11.52174147670679,43426437
2006-05-26,11.377718925476074,11.579348859228128,11.233696388929639,11.579348859228128,68069638
2006-05-29,11.291019439697266,11.462111028783422,11.291019439697266,11.291019439697266,23784445878
2006-05-30,11.406523704528809,11.57934995604852,11.406523704528809,11.406523704528809,23543629
2006-06-01,11.521742820739746,11.694569100530979,11.521742820739746,11.608156364988705,36240953
2006-06-02,11.694567680358887,11.72337219161056,11.550545932807108,11.636959466562129,32578660
2006-06-05,11.291306495666504,11.72337172097661,11.176088455285232,11.694567210881292,58199993
2006-06-06,11.233696937561035,11.32011046370916,10.888045259088083,11.233696937561035,84859810
2006-06-07,11.003263473510742,11.204893435219523,11.003263473510742,11.204893435219523,22240924
2006-06-08,10.830438613891602,11.060873116679922,10.657612332447014,10.888047643942029,69056602
2006-06-09,11.060870170593262,11.060870170593262,10.571196780416974,10.830435729181653,81228428
2006-06-12,11.003263473510742,11.003263473510742,10.542393718780318,10.686415466589413,58691635
2006-06-13,10.513588905334473,10.715219669955317,10.513588905334473,10.600002436760505,57095270
2006-06-14,10.686412811279297,10.772825515010693,10.48478209096419,10.513586595110118,49856058
2006-06-15,10.657608985900879,10.744022503842213,10.628805288626875,10.71521799786177,28526291
2006-06-16,10.801634788513184,11.003265597856409,10.801634788513184,10.945656564127846,44516440
2006-06-19,10.7728271484375,10.945653390811408,10.7728271484375,10.888045182491112,28245142
2006-06-20,10.513588905334473,10.801632392674783,10.455979884383785,10.686415159479973,49540318
2006-06-21,10.657608985900879,10.686413491881323,10.54239177068554,10.54239177068554,20320723
2006-06-22,11.003263473510742,11.003263473510742,10.772828191792236,10.801632703095372,38398880
2006-06-23,10.7728271484375,10.859240673977709,10.6864144316038,10.830436165464306,29939394
2006-06-26,10.888045310974121,10.888045310974121,10.686414557707492,10.830436293267507,17023481
2006-06-27,10.945653915405273,11.003262935193115,10.772827664748297,10.945653915405273,26611977
2006-06-28,10.859241485595703,10.859241485595703,10.657610719638539,10.657610719638539,38075780
2006-06-29,10.945653915405273,10.974458425299193,10.801632174642219,10.801632174642219,38696956
2006-06-30,11.1760892868042,11.204893799042619,11.089676558795555,11.204893799042619,43618531
2006-07-03,11.1760892868042,11.204893799042619,11.060872046557135,11.1760892868042,22859893
2006-07-04,11.1760892868042,11.233698311281039,11.060872046557135,11.204893799042619,27574654
2006-07-05,11.032065391540527,11.118478096430584,10.945651877944073,11.089673591898432,36251993
2006-07-06,11.032065391540527,11.06086908736628,10.859239173054018,10.888043677586168,24857374
2006-07-07,11.060870170593262,11.089674677946332,10.974457457240527,11.032066471946669,14788275
2006-07-10,11.1760892868042,11.1760892868042,10.830437566063004,10.888046590539846,28688945
2006-07-11,11.060870170593262,11.118479185299403,10.945652949887457,11.003261964593598,23983752
2006-07-12,11.003263473510742,11.147285221319839,10.859241725701647,11.089676198713564,48582793
2006-07-13,10.715219497680664,10.859241239035299,10.715219497680664,10.830436729023061,30049057
2006-07-14,10.427178382873535,10.628809190040874,10.427178382873535,10.542395640380557,53084117
2006-07-17,10.139134407043457,10.48478616498355,10.110329891705106,10.369568912336852,42135508
2006-07-18,10.196741104125977,10.311958339542334,10.167936593095241,10.254350126187447,24856638
2006-07-19,10.340764999389648,10.369569516405978,10.225547740031082,10.311960482373319,22764950
2006-07-20,10.600003242492676,10.65761145911574,10.542394217162984,10.628807755157522,32422629
2006-07-21,10.513588905334473,10.571197926285162,10.484784394859128,10.513588905334473,10354663
2006-07-24,10.340764999389648,10.340764999389648,10.25435225704741,10.311960482373319,24894909
2006-07-25,10.36956787109375,10.542394137063084,10.36956787109375,10.427176895985735,21384230
2006-07-26,10.15052604675293,10.321600620160961,10.09349930196851,10.264573875376541,34401161
2006-07-27,10.15052604675293,10.207547130592124,10.09349930196851,10.15052604675293,58912026
2006-07-28,10.340764999389648,10.340764999389648,10.225547740031082,10.25435225704741,26255021
2006-07-31,10.36956787109375,10.542394137063084,10.283155142462395,10.513589624617092,26211598
2006-08-01,10.283153533935547,10.455978964164299,10.283153533935547,10.427175264930504,40217515
2006-08-02,10.480650901794434,10.510425332470446,10.331777920933112,10.480650901794434,28418828
2006-08-03,10.748621940612793,10.83794522855031,10.68907225450656,10.808170799237804,52585906
2006-08-04,10.659299850463867,10.837947287763185,10.62952541549421,10.778398417823873,32701177
2006-08-07,10.599748611450195,10.718847152191334,10.599748611450195,10.689071896395154,26290039
2006-08-08,10.778396606445312,10.778396606445312,10.62952362913471,10.62952362913471,20313838
2006-08-09,10.927270889282227,10.957046152541482,10.778398710392954,10.808173146170809,31369409
2006-08-10,11.016594886779785,11.135693455888088,10.897497145152872,10.897497145152872,45983162
2006-08-11,10.957045555114746,11.135692987522622,10.957045555114746,11.076143291732427,27071032
2006-08-14,10.957045555114746,11.135692987522622,10.897496686805905,10.957045555114746,28273849
2006-08-15,10.986818313598633,11.016592743211962,10.927268626890744,10.986818313598633,17079855
2006-08-16,11.195241928100586,11.195241928100586,11.076143363232728,11.165467493753962,53916218
2006-08-17,11.433438301086426,11.492987165838288,11.314339744101394,11.433438301086426,88819767
2006-08-18,11.344114303588867,11.522761727327516,11.344114303588867,11.492987294617961,31896142
2006-08-21,10.957045555114746,11.314340419930499,10.897496686805905,11.25479155162166,44952280
2006-08-22,11.046367645263672,11.046367645263672,10.957043531813431,10.957043531813431,22330432
2006-08-23,10.957045555114746,11.076143291732427,10.808172556861289,11.046369685059362,32205043
2006-08-24,10.927270889282227,10.957046152541482,10.837947581948663,10.867722017726518,19749220
2006-08-25,10.867721557617188,11.046369819683642,10.837947123099902,10.957045688650416,18295786
2006-08-28,10.718851089477539,10.86772328573673,10.689075822744204,10.86772328573673,24175820
2006-08-29,10.748621940612793,10.867719657862816,10.718847511300286,10.808170799237804,23796252
2006-08-30,10.927270889282227,11.01659502409719,10.808173146170809,10.837947581948663,33463957
2006-08-31,10.718851089477539,11.046371576210753,10.718851089477539,10.98682187022558,45795199
2006-09-01,10.778396606445312,10.83794546637706,10.74862217647944,10.778396606445312,41966001
2006-09-04,10.89749526977539,10.927268872576914,10.8379455817286,10.89749526977539,27590480
2006-09-05,10.837947845458984,10.927271154964325,10.808173408957204,10.927271154964325,23764924
2006-09-06,10.778396606445312,10.927268756274676,10.74862217647944,10.83794546637706,31134091
2006-09-07,10.748621940612793,10.778396369925298,10.68907225450656,10.68907225450656,25318168
2006-09-08,10.748621940612793,10.808170799237804,10.718847511300286,10.718847511300286,29814708
2006-09-11,10.718851089477539,10.86772328573673,10.718851089477539,10.748625528729377,27356619
2006-09-12,10.569975852966309,10.748623278559906,10.51042615944756,10.718848845541194,44971222
2006-09-13,10.689074516296387,10.748624215003234,10.65930008068366,10.689074516296387,29587404
2006-09-14,10.659299850463867,10.778398417823873,10.569976545554898,10.71884954788456,33008620
2006-09-15,10.629523277282715,10.71884739170482,10.599748848302417,10.629523277282715,26209899
2006-09-18,10.986818313598633,11.016592743211962,10.718847619597435,10.718847619597435,58511838
2006-09-19,11.016594886779785,11.195242326701544,10.986820451373058,11.016594886779785,41615574
2006-09-20,10.986818313598633,11.105916859533181,10.957043883985303,10.957043883985303,28355445
2006-09-21,11.046367645263672,11.135690931232709,10.986817960469777,11.076141246438814,23734326
2006-09-22,10.986818313598633,11.076141602438621,10.957043883985303,11.046368000306522,24015542
2006-09-25,11.076142311096191,11.105917570095789,10.927269326023339,10.927269326023339,24380539
2006-09-26,11.046367645263672,11.1952397885454,11.046367645263672,11.135690931232709,25505403
2006-09-27,11.195241928100586,11.28456605862182,11.135693059407338,11.135693059407338,50987493
2006-09-28,11.13569164276123,11.284564623036582,11.076141954162336,11.254790192477763,43219087
2006-09-29,11.046367645263672,11.165465359889055,10.986817960469777,11.076141246438814,45729631
2006-10-02,11.105918884277344,11.165467754360487,11.016594751671247,11.016594751671247,31624397
2006-10-03,11.16546630859375,11.195240739779962,11.0463685838489,11.076142187553838,31565386
2006-10-04,10.957045555114746,11.165467421677043,10.957045555114746,11.105918553368202,38242441
2006-10-05,11.16546630859375,11.225015170966174,11.016593325181413,11.016593325181413,55194074
2006-10-09,11.16546630859375,11.16546630859375,11.16546630859375,11.16546630859375,0
2006-10-11,10.927270889282227,11.105919158912155,10.927270889282227,11.0761438956529,46434856
2006-10-12,10.837947845458984,10.986820855449306,10.748624535953644,10.897497545943965,53015015
2006-10-13,10.957045555114746,10.986819989269167,10.897496686805905,10.92727029347897,37282227
2006-10-16,11.284564018249512,11.284564018249512,10.986818073656263,11.016592502619345,55457076
2006-10-17,11.225018501281738,11.284568208803053,11.165469621241943,11.284568208803053,35209535
2006-10-18,11.016594886779785,11.165467891294817,10.986820451373058,11.135693455888088,21404460
2006-10-19,10.89749526977539,11.076141851472018,10.867720012011372,10.986818560623705,33647549
2006-10-20,10.927270889282227,10.986820588319336,10.897497280985773,10.897497280985773,19094264
2006-10-23,10.837947845458984,10.957046418947526,10.808173408957204,10.957046418947526,27662605
2006-10-24,10.927270889282227,10.957046152541482,10.837947581948663,10.837947581948663,39786942
2006-10-25,10.778396606445312,10.897495153790043,10.778396606445312,10.867719896342932,25941797
2006-10-26,10.748621940612793,10.83794522855031,10.748621940612793,10.778396369925298,47950945
2006-10-27,10.867721557617188,10.89749681961584,10.778398254065326,10.778398254065326,21121787
2006-10-30,10.837947845458984,10.867722281960765,10.778398972455424,10.837947845458984,33898166
2006-10-31,11.046367645263672,11.046367645263672,10.837944989706845,10.837944989706845,48828833
2006-11-01,10.867721557617188,11.046369819683642,10.867721557617188,11.046369819683642,32980207
2006-11-02,10.927270889282227,10.957046152541482,10.808173146170809,10.808173146170809,23625774
2006-11-03,10.927270889282227,10.957046152541482,10.837947581948663,10.897497280985773,32225442
2006-11-06,10.778396606445312,10.897495153790043,10.778396606445312,10.778396606445312,20862427
2006-11-07,10.957045555114746,10.957045555114746,10.83794699101571,10.897496686805905,24033027
2006-11-08,10.837947845458984,10.957046418947526,10.837947845458984,10.957046418947526,10973246
2006-11-09,10.867721557617188,11.046369819683642,10.837947123099902,10.867721557617188,43460962
2006-11-10,11.016594886779785,11.016594886779785,10.897497145152872,10.92727075307821,23781681
2006-11-13,10.89749526977539,11.016592990906476,10.867720012011372,11.016592990906476,11569919
2006-11-14,11.016594886779785,11.046370149667904,10.957046015966329,10.957046015966329,25569514
2006-11-15,11.254791259765625,11.314340126530261,11.135692698755019,11.135692698755019,82110656
2006-11-16,11.433438301086426,11.492987165838288,11.314339744101394,11.314339744101394,67786861
2006-11-17,11.373889923095703,11.612087064589225,11.373889923095703,11.552537365475143,42998340
2006-11-20,11.314339637756348,11.433438193621955,11.19524108189074,11.373888501948501,29650058
2006-11-21,11.433438301086426,11.522761598214219,11.284565311725462,11.373888608853257,37551058
2006-11-22,11.344114303588867,11.522761727327516,11.344114303588867,11.492987294617961,19290241
2006-11-23,11.433438301086426,11.522761598214219,11.344114176477325,11.373888608853257,28531752
2006-11-24,11.850281715393066,11.850281715393066,11.403662758387535,11.463212449143711,78147407
2006-11-27,12.654192924499512,12.654192924499512,12.386221439488475,12.654192924499512,192671469
2006-11-28,12.326674461364746,12.56487072952684,12.326674461364746,12.505321869356626,121241915
2006-11-29,12.47554874420166,12.564872043800108,12.326675750722917,12.326675750722917,91170761
2006-11-30,12.594647407531738,12.65419627441794,12.475548846278,12.535097713164202,84337798
2006-12-01,12.505322456359863,12.594646578289325,12.386223902947677,12.594646578289325,83530578
2006-12-04,12.47554874420166,12.505323177401142,12.177802757244173,12.386224617121881,48463836
2006-12-05,12.296899795532227,12.594645745637601,12.296899795532227,12.53509605912779,41697899
2006-12-06,12.356451988220215,12.475550565890334,12.29690311312588,12.386226425767383,30812077
2006-12-07,12.267126083374023,12.41599907717475,12.267126083374023,12.41599907717475,37461448
2006-12-08,12.058706283569336,12.207578465111402,11.96938214716268,12.177804028802989,45356619
2006-12-11,11.939605712890625,12.058705101411372,11.880056846111588,12.028929840540517,32921196
2006-12-12,11.522761344909668,11.850281748807651,11.463212481466867,11.850281748807651,47580847
2006-12-13,11.344114303588867,11.492987294617961,11.2547910054602,11.43343842919885,61654025
2006-12-14,11.433438301086426,11.463212733462356,11.373888608853257,11.373888608853257,33184927
2006-12-15,11.433438301086426,11.61208572282332,11.373888608853257,11.492987165838288,51375075
2006-12-18,11.552535057067871,11.582310314415972,11.463211767467275,11.49298619733414,24381268
2006-12-19,11.522761344909668,11.582311035833756,11.492986913188266,11.552535776631068,16781155
2006-12-20,11.671632766723633,11.671632766723633,11.522759800587833,11.552534228318757,20691949
2006-12-21,11.701409339904785,11.82050790014635,11.612086040334608,11.612086040334608,27240053
2006-12-22,11.790733337402344,11.790733337402344,11.641860345606505,11.731183644195216,13879386
2006-12-25,11.641858100891113,11.790731063982134,11.641858100891113,11.790731063982134,9568624
2006-12-26,11.850281715393066,11.88005614703051,11.641859866449666,11.641859866449666,23876391
2006-12-27,11.880058288574219,11.999156864074438,11.880058288574219,11.90983355306035,27343317
2006-12-28,11.999154090881348,12.058703778609306,11.939604403153389,11.999154090881348,32852713766
2006-12-29,12.058706283569336,12.058706283569336,11.909833274545853,11.999156583471093,26136317
2007-01-02,12.148028373718262,12.237351673681955,12.058705073754568,12.177802807039493,27186870
2007-01-03,11.969378471374512,12.296898825148608,11.969378471374512,12.148025861843914,38309466
2007-01-04,12.058706283569336,12.207578465111402,11.96938214716268,12.028931019779506,31763548
2007-01-05,11.909831047058105,12.17780175119686,11.82050692735768,12.058704028237974,37265471
2007-01-08,11.731183052062988,11.90983129518577,11.731183052062988,11.850281604984417,41413769
2007-01-09,11.790733337402344,11.939605501716862,11.701409211332312,11.820507770265248,32649451
2007-01-10,11.522761344909668,11.70140876271936,11.463212481466867,11.70140876271936,48720281
2007-01-11,11.522761344909668,11.671634330997959,11.463212481466867,11.522761344909668,46523009
2007-01-12,11.969378471374512,12.058702580349793,11.671632544765123,11.671632544765123,58540251
2007-01-15,12.058706283569336,12.118255156186162,11.909833274545853,12.088479892396332,30132351
2007-01-16,11.969378471374512,12.118251434679207,11.939603216728644,12.058702580349793,16174282
2007-01-17,11.909831047058105,11.939604650316566,11.82050692735768,11.909831047058105,23928117
2007-01-18,11.850281715393066,11.909831406149241,11.760958420480732,11.850281715393066,26333022
2007-01-19,11.671632766723633,11.790731305128508,11.641858338992709,11.790731305128508,26974865
2007-01-22,11.671632766723633,11.820505732859433,11.612083911261784,11.790731305128508,23273161
2007-01-23,11.671632766723633,11.731181622185481,11.612083911261784,11.671632766723633,12904601
2007-01-24,12.47554874420166,12.47554874420166,12.47554874420166,12.47554874420166,30271501
2007-01-25,12.862617492675781,13.339010886382532,12.803068628767925,13.339010886382532,281338243
2007-01-26,12.564870834350586,12.773293501647604,12.50532197368358,12.624420522498841,71254705
2007-01-29,12.594647407531738,12.713745141304141,12.5053232797211,12.62442184097484,31526045
2007-01-30,12.356451988220215,12.624423581107619,12.356451988220215,12.594649143560453,42073825
2007-01-31,12.296899795532227,12.505321629613498,12.207575679508123,12.386223084075102,28889464
2007-02-01,12.267126083374023,12.38622464391087,12.237351650110144,12.326675777383112,16196867
2007-02-02,12.296899795532227,12.445772770584913,12.296899795532227,12.356448654560811,34600477
2007-02-05,12.2075777053833,12.386225139597228,12.177803270927873,12.267126574294155,30606629
2007-02-06,12.267126083374023,12.326675777383112,12.207577216846264,12.207577216846264,34849637
2007-02-07,12.177802085876465,12.296900639589769,12.177802085876465,12.26712538055048,30833933
2007-02-08,12.028929710388184,12.296901262957089,11.999155277320822,12.23735156934104,38672279
2007-02-09,12.267126083374023,12.267126083374023,12.05870505052687,12.088478656309418,29071599
2007-02-12,12.148028373718262,12.207577240360724,12.058705073754568,12.177802807039493,23669486
2007-02-13,11.880058288574219,12.148029876579354,11.880058288574219,12.088480175088526,37765977
2007-02-14,11.909831047058105,11.96937990853755,11.880055788837122,11.96937990853755,56932367
2007-02-26,11.969378471374512,12.17780028900862,11.939603216728644,12.148025861843914,63009835
2007-02-27,12.028929710388184,12.23735156934104,12.028929710388184,12.058704970936871,50640709
2007-03-01,11.701409339904785,11.850282333336407,11.671634906714726,11.79073346695629,72484477
2007-03-02,11.671632766723633,11.731181622185481,11.552534228318757,11.552534228318757,44822600
2007-03-05,11.105918884277344,11.55253706486368,11.016594751671247,11.55253706486368,58393086
2007-03-06,11.314339637756348,11.373888501948501,11.135692217698585,11.135692217698585,40564293
2007-03-07,11.284564018249512,11.46321141950922,11.195239903879052,11.46321141950922,42857004
2007-03-08,11.314339637756348,11.373888501948501,11.165466649794663,11.314339637756348,36615614
2007-03-09,11.344114303588867,11.43343842919885,11.2547910054602,11.373888736298422,28029060
2007-03-12,11.373889923095703,11.433439622209784,11.344115487279362,11.403664358912042,10074958
2007-03-13,11.671632766723633,11.671632766723633,11.43343651739506,11.463210945125985,32146759
2007-03-14,11.373889923095703,11.463214058026123,11.344115487279362,11.403664358912042,25921398
2007-03-15,11.522761344909668,11.582311035833756,11.463212481466867,11.463212481466867,17495122
2007-03-16,11.463212013244629,11.61208499325211,11.403662324752885,11.552535304760363,29690856
2007-03-19,11.40366268157959,11.49298680337158,11.373888250142688,11.463212371934677,18090338
2007-03-20,11.40366268157959,11.522761234808483,11.344113818705784,11.463212371934677,26993078
2007-03-21,11.492988586425781,11.582312722075766,11.433439714313398,11.492988586425781,21245638
2007-03-22,11.671632766723633,11.731181622185481,11.612083911261784,11.701407194454557,54105638
2007-03-23,11.612085342407227,11.701408636608758,11.552535652124927,11.671634205208248,24030112
2007-03-26,11.582310676574707,11.701408399766146,11.582310676574707,11.671633968968287,16989517
2007-03-27,11.582310676574707,11.671633968968287,11.552535418295584,11.582310676574707,29518193
2007-03-28,11.463212013244629,11.582310562746864,11.433437582739383,11.552535304760363,31682680
2007-03-29,11.433438301086426,11.463212733462356,11.373888608853257,11.403663041229187,51832597
2007-03-30,11.373889923095703,11.433439622209784,11.314341051463023,11.433439622209784,38325494
2007-04-02,11.373889923095703,11.463214058026123,11.314341051463023,11.344115487279362,30677297
2007-04-03,11.40366268157959,11.40366268157959,11.344113818705784,11.373888250142688,22777026
2007-04-04,11.492988586425781,11.522763022481973,11.46321415036959,11.492988586425781,27639292
2007-04-09,11.552535057067871,11.641859174149703,11.522760627201006,11.552535057067871,28720443
2007-04-10,11.612085342407227,11.612085342407227,11.522761220724417,11.582310911006717,38055206
2007-04-11,11.612085342407227,11.790732758291567,11.612085342407227,11.641859773807738,48509005
2007-04-12,11.522761344909668,11.582311035833756,11.492986913188266,11.552535776631068,31196017
2007-04-13,11.373889923095703,11.582312628772884,11.373889923095703,11.522762929658803,29188165
2007-04-16,11.433438301086426,11.492987165838288,11.344114176477325,11.433438301086426,30737766
2007-04-17,11.373889923095703,11.492988493842464,11.344115487279362,11.433439622209784,20998664
2007-04-18,11.463212013244629,11.463212013244629,11.344113463742394,11.344113463742394,12711539
2007-04-19,11.314339637756348,11.433438193621955,11.314339637756348,11.433438193621955,27631278
2007-04-20,11.344114303588867,11.373888736298422,11.314339870879312,11.314339870879312,11480309
2007-04-23,11.373889923095703,11.492988493842464,11.373889923095703,11.373889923095703,17905289
2007-04-24,11.40366268157959,11.463212371934677,11.344113818705784,11.373888250142688,17993443
2007-04-25,11.344114303588867,11.463212861908406,11.344114303588867,11.43343842919885,21488242
2007-04-26,11.344114303588867,11.463212861908406,11.344114303588867,11.463212861908406,17424454
2007-04-27,11.344114303588867,11.463212861908406,11.344114303588867,11.403663169007979,24594001
2007-04-30,11.373889923095703,11.403664358912042,11.314341051463023,11.403664358912042,18691382
2007-05-02,11.433438301086426,11.433438301086426,11.373888608853257,11.373888608853257,19937912
2007-05-03,11.552535057067871,11.612084744282837,11.49298619733414,11.552535057067871,41018172
2007-05-04,11.671632766723633,11.671632766723633,11.58230948353086,11.612083911261784,42152507
2007-05-07,11.731183052062988,11.760958310904304,11.701408620702951,11.731183052062988,41203950
2007-05-08,11.701409339904785,11.79073346695629,11.701409339904785,11.760959033766232,20777917
2007-05-09,11.612085342407227,11.731183068009267,11.582310911006717,11.701408636608758,17131582
2007-05-10,11.671632766723633,11.701407194454557,11.612083911261784,11.671632766723633,20067592
2007-05-11,11.492988586425781,11.552537458538165,11.492988586425781,11.522763022481973,19751406
2007-05-14,11.671632766723633,11.701407194454557,11.522759800587833,11.522759800587833,26236855
2007-05-15,11.522761344909668,11.612085467555158,11.492986913188266,11.582311035833756,18139879
2007-05-16,11.492988586425781,11.552537458538165,11.433439714313398,11.492988586425781,15692718
2007-05-17,11.492988586425781,11.612087158131958,11.46321415036959,11.492988586425781,36138422
2007-05-18,11.433438301086426,11.492987165838288,11.373888608853257,11.463212733462356,27061561
2007-05-21,11.492988586425781,11.522763022481973,11.284566706551031,11.284566706551031,109237058
2007-05-22,11.492988586425781,11.522763022481973,11.433439714313398,11.433439714313398,34033674
2007-05-23,11.790733337402344,11.999155194923992,11.522761786673568,11.522761786673568,88344031
2007-05-24,11.731183052062988,11.880056036344454,11.671634189342914,11.82050717362438,30428866
2007-05-25,11.612085342407227,11.671634205208248,11.492986789323908,11.641859773807738,50898611
2007-05-28,11.641858100891113,11.701406955135058,11.582309246647169,11.641858100891113,10475654
2007-05-29,11.552535057067871,11.731182463750299,11.552535057067871,11.641859174149703,11119682
2007-05-30,11.552535057067871,11.582310314415972,11.43343733760041,11.552535057067871,24878131
2007-05-31,11.433438301086426,11.671634587575182,11.433438301086426,11.64186015519925,42553932
2007-06-01,11.612085342407227,11.641859773807738,11.522761220724417,11.552535652124927,17230663
2007-06-04,11.820507049560547,11.850281480608084,11.73118292893667,11.73118292893667,41859634
2007-06-05,11.850281715393066,11.909831406149241,11.731183161362,11.909831406149241,22522038
2007-06-06,11.909831047058105,11.99915433927727,11.731182807657255,11.82050692735768,39372404
2007-06-07,11.880058288574219,11.939607162583611,11.760960540555434,11.820509414564826,28872708
2007-06-08,11.731183052062988,11.760958310904304,11.671634189342914,11.760958310904304,26037236
2007-06-11,11.909831047058105,11.96937990853755,11.760958065878237,11.79073249661796,47899218
2007-06-12,11.790733337402344,11.939605501716862,11.790733337402344,11.909831896335279,27173027
2007-06-13,11.701409339904785,11.731183773094843,11.671634906714726,11.671634906714726,23028372
2007-06-14,11.909831047058105,12.058704028237974,11.82050692735768,11.82050692735768,58971546
2007-06-15,11.820507049560547,11.93960477375069,11.820507049560547,11.909831170184423,31862629
2007-06-20,12.08847713470459,12.08847713470459,11.909830557607977,12.058703532669714,124746185
2007-06-21,11.999154090881348,12.14802706897938,11.939604403153389,12.14802706897938,59912818
2007-06-22,11.939605712890625,12.088478707319556,11.90983210698244,12.028929840540517,36010928
2007-06-25,11.909831047058105,12.028928770016991,11.850281358097401,11.850281358097401,40511110
2007-06-26,11.820507049560547,11.93960477375069,11.790732618513012,11.909831170184423,34043145
2007-06-27,11.820507049560547,11.909831170184423,11.790732618513012,11.820507049560547,24306957
2007-06-28,11.909831047058105,11.99915433927727,11.850281358097401,11.909831047058105,44731533
2007-06-29,11.820507049560547,11.93960477375069,11.820507049560547,11.909831170184423,29683571
2007-07-02,11.909831047058105,11.909831047058105,11.760958065878237,11.82050692735768,19624640
2007-07-03,11.880058288574219,11.939607162583611,11.850283851569522,11.90983355306035,30804063
2007-07-04,11.939605712890625,11.999155407151,11.880056846111588,11.90983210698244,43702108
2007-07-05,11.999154090881348,11.999154090881348,11.880055542906675,11.939604403153389,35421540
2007-07-06,12.47554874420166,12.505323177401142,11.969380897366465,11.999155330565946,103015339
2007-07-09,12.505322456359863,12.654195441254776,12.415998334430403,12.594646578289325,119952402
2007-07-10,12.782536506652832,12.874940789300918,12.505324514723867,12.690132224004747,100877079
2007-07-11,12.536124229431152,12.69012991243289,12.536124229431152,12.69012991243289,40665560
2007-07-12,12.474523544311523,12.597728106397588,12.443721547774764,12.536125825354556,46646132
2007-07-13,12.536124229431152,12.659328775832542,12.474521956230458,12.628527639232194,45280851
2007-07-16,12.35131549835205,12.536124027000152,12.320515218264196,12.505322034882054,47642044
2007-07-17,12.320515632629395,12.412919044046047,12.228111365197591,12.412919044046047,34384101
2007-07-18,12.22811222076416,12.320516494661229,12.197311081470206,12.320516494661229,47653701
2007-07-19,12.320515632629395,12.474522174338967,12.166509090919822,12.166509090919822,35417897
2007-07-20,12.35131549835205,12.412918626573125,12.19730981783717,12.382117490470149,39263852
2007-07-23,12.166509628295898,12.25891304379387,12.166509628295898,12.25891304379387,38897397
2007-07-24,12.320515632629395,12.320515632629395,12.197310228058708,12.228111365197591,36193791
2007-07-25,12.166509628295898,12.289714182293192,12.135707633781387,12.166509628295898,68610110
2007-07-26,12.012502670288086,12.228111488448617,11.95089953937425,12.166509213549938,48205204
2007-07-27,11.304073333740234,11.673689587304155,11.273273049295627,11.673689587304155,111475856
2007-07-30,11.273272514343262,11.304072797326299,11.11926596333687,11.150067102335107,65035900
2007-07-31,11.273272514343262,11.519682482344368,11.242470519329823,11.519682482344368,59392641
2007-08-01,10.903656005859375,11.273272232647907,10.903656005859375,11.273272232647907,87029020
2007-08-02,11.211670875549316,11.33487630398847,10.996062017792287,11.27327401777655,75400088
2007-08-03,11.211670875549316,11.33487630398847,11.211670875549316,11.27327401777655,60416966
2007-08-06,10.996058464050293,11.119263852671526,10.934456197747195,10.965257330898744,39854697
2007-08-07,11.026862144470215,11.180868701819394,10.996061004203426,11.150067561552605,46607520
2007-08-08,11.304073333740234,11.304073333740234,11.08846535052129,11.150067631440988,31335896
2007-08-09,11.673687934875488,11.673687934875488,11.45807827014594,11.550482534460764,59952887
2007-08-10,11.304073333740234,11.396477611135024,11.180868771900837,11.365676470675176,60019913
2007-08-13,11.396477699279785,11.45807998067594,11.24247113977415,11.45807998067594,25110535
2007-08-14,11.273272514343262,11.45807934833269,11.242470519329823,11.45807934833269,22941676
2007-08-15,11.026862144470215,11.150067561552605,10.996061004203426,11.150067561552605,46399886
2007-08-16,10.811254501342773,10.96526107571127,10.78045335767214,10.903657932354673,74682478
2007-08-17,10.564841270446777,10.811252076577079,10.47243786015927,10.780450939814576,67145748
2007-08-20,11.057663917541504,11.119267057615723,10.934459349423637,11.088465915586257,41485894
2007-08-21,10.903656005859375,11.150066823718396,10.842053729402211,11.088464547261232,33499655
2007-08-22,10.934457778930664,11.057662329352922,10.903655785309937,10.903655785309937,16487554
2007-08-23,11.273272514343262,11.304072797326299,11.180868241333346,11.242470519329823,40918363
2007-08-24,11.273272514343262,11.334874792339738,11.211669380331584,11.334874792339738,27371918
2007-08-27,11.242470741271973,11.396477295318672,11.211669601665678,11.396477295318672,22790140
2007-08-28,11.242470741271973,11.273272736893487,11.088465043240493,11.242470741271973,13988667
2007-08-29,10.965259552001953,11.026861830783096,10.903656417205596,10.965259552001953,31217873
2007-08-30,11.211670875549316,11.242472018655276,11.11926744623144,11.211670875549316,28245436
2007-08-31,11.396477699279785,11.396477699279785,11.150067717679917,11.211669999076072,37307726
2007-09-03,11.334875106811523,11.427279382385079,11.27327282710597,11.396477386517077,14862913
2007-09-04,11.334875106811523,11.45807966622263,11.334875106811523,11.396477386517077,25401222
2007-09-05,11.334875106811523,11.519682801943409,11.304073110943522,11.45807966622263,18354069
2007-09-06,11.304073333740234,11.488881888529816,11.211669912360687,11.334875330215326,34406686
2007-09-07,11.396477699279785,11.45807998067594,11.33487541788363,11.396477699279785,19815517
2007-09-10,11.273272514343262,11.365675931337977,11.211669380331584,11.365675931337977,24308414
2007-09-11,11.334875106811523,11.3656762466643,11.242470831237968,11.27327282710597,21166228
2007-09-12,11.396477699279785,11.45807998067594,11.365676558581708,11.396477699279785,40385073
2007-09-13,11.304073333740234,11.458079892054723,11.273273049295627,11.458079892054723,17925689
2007-09-14,11.6428861618042,11.673687296218999,11.365674240040855,11.396475374455655,46888007
2007-09-17,11.550482749938965,11.827694692039797,11.458078483900309,11.704489289326634,52529080
2007-09-18,11.550482749938965,11.550482749938965,11.550482749938965,11.550482749938965,0
2007-09-19,11.827695846557617,11.858496986238665,11.642888152456106,11.766092711180299,181064394
2007-09-20,11.827695846557617,11.827695846557617,11.827695846557617,11.827695846557617,0
2007-09-21,11.827695846557617,11.827695846557617,11.827695846557617,11.827695846557617,0
2007-09-26,11.827695846557617,11.827695846557617,11.827695846557617,11.827695846557617,0
2007-09-27,11.827695846557617,11.827695846557617,11.827695846557617,11.827695846557617,0
2007-09-28,11.827695846557617,11.827695846557617,11.827695846557617,11.827695846557617,0
2007-10-01,11.827695846557617,11.827695846557617,11.827695846557617,11.827695846557617,0
2007-10-02,11.827695846557617,11.827695846557617,11.827695846557617,11.827695846557617,0
2007-10-03,11.827695846557617,11.827695846557617,11.827695846557617,11.827695846557617,0
2007-10-04,11.827695846557617,11.827695846557617,11.827695846557617,11.827695846557617,0
2007-10-05,11.827695846557617,11.827695846557617,11.827695846557617,11.827695846557617,0
2007-10-08,11.827695846557617,11.827695846557617,11.827695846557617,11.827695846557617,0
2007-10-09,10.071124076843262,10.607963735153959,10.071124076843262,10.607963735153959,220399905
2007-10-11,9.620176315307617,10.135543606782896,9.620176315307617,10.071122481344721,108019560
2007-10-12,9.147758483886719,9.448389309634184,9.126285342627728,9.448389309634184,98307330
2007-10-15,9.040389060974121,9.23365158782723,9.040389060974121,9.169231316219587,72752900
2007-10-16,9.190704345703125,9.212178339994278,9.01891581543422,9.01891581543422,35638680
2007-10-17,9.147758483886719,9.16923248116091,9.040390209546167,9.126285342627728,33768130
2007-10-18,9.190704345703125,9.233651478270351,9.104810080568672,9.212178339994278,41568010
2007-10-19,9.104809761047363,9.19070402316747,9.104809761047363,9.19070402316747,24720520
2007-10-22,8.761232376098633,8.761232376098633,8.653864114073967,8.761232376098633,56633775
2007-10-23,8.825654983520508,8.86860212432444,8.782707842716576,8.80418098511092,31207880
2007-10-24,8.761232376098633,8.954494905336992,8.761232376098633,8.933021766541119,30101225
2007-10-25,8.825654983520508,8.847128125914852,8.718286703503056,8.80418098511092,22243870
2007-10-26,9.018916130065918,9.018916130065918,8.91154786689469,8.975968996000448,44976800
2007-10-29,9.383968353271484,9.448389490310747,9.298074074562612,9.448389490310747,90280685
2007-10-30,9.190704345703125,9.448387997121563,9.190704345703125,9.448387997121563,47737690
2007-10-31,9.1262845993042,9.319547134970142,9.061863468743843,9.21217886937459,38650370
2007-11-01,8.761232376098633,8.933021766541119,8.761232376098633,8.825653504516453,68836240
2007-11-02,8.482076644897461,8.546497781405831,8.43912950589695,8.546497781405831,71664010
2007-11-05,8.439127922058105,8.546496177416325,8.374707653655213,8.546496177416325,46709410
2007-11-06,8.460602760314941,8.54649789547763,8.439129618535684,8.439129618535684,30950810
2007-11-07,8.460602760314941,8.589445035051366,8.460602760314941,8.589445035051366,39125845
2007-11-08,8.310287475585938,8.374708607339949,8.288813479662885,8.331760615493845,57988095
2007-11-09,8.267341613769531,8.331761899435698,8.245867614537291,8.245867614537291,40833375
2007-11-12,8.095551490783691,8.202919765667984,8.074078349415956,8.202919765667984,60442800
2007-11-13,8.117025375366211,8.13849851643554,8.03113024304332,8.07407823721236,46373965
2007-11-14,8.331759452819824,8.396180575584046,8.267339186070629,8.374707438672656,64506805
2007-11-15,8.310287475585938,8.353234611416896,8.224392347908875,8.331760615493845,43288080
2007-11-16,8.245865821838379,8.288812954950627,8.181445550177552,8.288812954950627,32587280
2007-11-19,8.804181098937988,8.804181098937988,8.288814546612516,8.331761687971701,114270750
2007-11-20,8.804181098937988,8.847128240297174,8.43912996937729,8.589445392142064,92922445
2007-11-21,8.675338745117188,8.761233018630197,8.61091761197485,8.761233018630197,60418765
2007-11-22,8.54649829864502,8.761234006643507,8.460603159430365,8.71828686504381,33037675
2007-11-23,8.460602760314941,8.6323921746251,8.460602760314941,8.56797103725689,20392130
2007-11-26,8.567971229553223,8.675339508904903,8.567971229553223,8.675339508904903,45258950
2007-11-27,8.224392890930176,8.374709160285986,8.224392890930176,8.374709160285986,47051125
2007-11-28,8.13849925994873,8.245867543149851,8.117026116917668,8.245867543149851,31226690
2007-11-29,8.224392890930176,8.288814026937636,8.159972610937915,8.288814026937636,41484410
2007-11-30,8.288813591003418,8.33176072741127,8.224392458384063,8.245866454595566,39465470
2007-12-03,8.288813591003418,8.310287587214923,8.181446177991367,8.288813591003418,20508125
2007-12-04,8.288813591003418,8.288813591003418,8.202919318187714,8.202919318187714,15695900
2007-12-05,8.202919960021973,8.267341097681935,8.159972820253738,8.202919960021973,44975755
2007-12-06,8.353236198425293,8.353236198425293,8.267341910444555,8.288815054432085,43353915
2007-12-07,8.374710083007812,8.546498656601697,8.374710083007812,8.417656370390988,44601645
2007-12-10,8.353236198425293,8.396183342415663,8.331762198422455,8.396183342415663,20266730
2007-12-11,8.503551483154297,8.503551483154297,8.353236053783169,8.353236053783169,22100705
2007-12-12,8.267341613769531,8.331761899435698,8.245867614537291,8.288814756986495,31636330
2007-12-13,8.13849925994873,8.288814685227246,8.117026116917668,8.245867543149851,39987970
2007-12-14,8.224392890930176,8.245866888271063,8.03113033892299,8.074078333604767,53793465
2007-12-17,8.288813591003418,8.33176072741127,8.202919318187714,8.310287587214923,44382195
2007-12-18,8.245865821838379,8.310286949514296,8.009656161713469,8.031129300262048,50772370
2007-12-19,8.245865821838379,8.331760088062875,8.159971555613883,8.331760088062875,33647955
2007-12-20,8.310287475585938,8.353234611416896,8.245866343831926,8.245866343831926,26179340
2007-12-21,8.3961820602417,8.439129197673648,8.245866651222295,8.245866651222295,31565270
2007-12-24,8.54649829864502,8.589445440244717,8.503551157045322,8.525024299837542,38931475
2007-12-25,8.3961820602417,8.546497469261105,8.374708919533314,8.546497469261105,7915875
2007-12-26,8.525023460388184,8.525023460388184,8.331760914212257,8.396182048275957,15902810
2007-12-27,8.567971229553223,8.589445227829655,8.525024089015599,8.546498087292031,36509165
2007-12-28,8.632391929626465,8.696813065166321,8.546497652916788,8.546497652916788,51219630
2007-12-31,8.653864860534668,8.696812853861202,8.61091772322331,8.653864860534668,16342755
2008-01-02,8.417654037475586,8.610916557214507,8.396180899735183,8.589443419474103,40000510
2008-01-03,8.310287475585938,8.374708607339949,8.245866343831926,8.267340339754979,31792035
2008-01-04,8.224392890930176,8.26734088561195,8.11702547227134,8.181446608278803,29463775
2008-01-07,7.837869644165039,8.031132241967423,7.81639649775111,7.9452379442808985,40214735
2008-01-08,7.687555313110352,7.923765067802868,7.666081309949472,7.8808179174965405,38163400
2008-01-09,7.837869644165039,7.837869644165039,7.558713604691533,7.687555051221322,35346080
2008-01-10,7.816393852233887,7.8378669913800705,7.730499583618921,7.8378669913800705,29842065
2008-01-11,7.988182067871094,8.095549459804277,7.988182067871094,7.988182067871094,34722215
2008-01-14,8.159971237182617,8.28881263149151,8.052602980584345,8.13849724345694,52466315
2008-01-15,8.288813591003418,8.460602136634826,8.224392458384063,8.245866454595566,42697655
2008-01-16,7.923762321472168,8.202919129716857,7.902288325754052,8.138497998577646,33775445
2008-01-17,7.988182067871094,8.074076323823634,7.859339827927294,7.880813819922923,22388080
2008-01-18,7.902288436889648,7.902288436889648,7.73049989278928,7.816394164839464,45972685
2008-01-21,7.794920921325684,7.945235467409904,7.773446925590716,7.945235467409904,21055705
2008-01-22,7.429869651794434,7.558711925720673,7.343975373187083,7.365449370846528,53778835
2008-01-23,7.343975067138672,7.666079026500675,7.343975067138673,7.666079026500675,67345025
2008-01-24,7.472815990447998,7.60165825056986,7.4298688557457515,7.580184255211176,30365610
2008-01-25,7.558711528778076,7.623131806342978,7.515763535714583,7.5801846692946535,42762445
2008-01-28,7.408395290374756,7.494289554839811,7.322500169894628,7.429868428483483,49099325
2008-01-29,7.6446051597595215,7.6446051597595215,7.4942906039117565,7.537237742156146,31952965
2008-01-30,7.6446051597595215,7.730500292263492,7.580184880400534,7.6446051597595215,26668400
2008-01-31,7.451343536376953,7.451343536376953,7.12923914047223,7.343975261739512,76404130
2008-02-01,7.429869651794434,7.472816791098109,7.365449370846528,7.472816791098109,25652660
2008-02-12,7.279554843902588,7.408397128584252,7.215134557577041,7.34397598624342,32768065
2008-02-13,7.365448474884033,7.4728158820750155,7.279553350710095,7.408395608963448,25339160
2008-02-14,7.816393852233887,7.859340986541369,7.472815921758912,7.472815921758912,57338105
2008-02-15,7.7090253829956055,7.751972516158455,7.644604255243785,7.751972516158455,19926060
2008-02-18,7.730498313903809,7.816392568410856,7.687551186650285,7.730498313903809,18446340
2008-02-19,7.902288436889648,7.923762432909769,7.794921024834492,7.816394164839464,22215655
2008-02-20,7.730498313903809,7.85933969566438,7.601656932143237,7.85933969566438,23210495
2008-02-21,7.859342575073242,7.88081657457487,7.730501146109339,7.75197428959568,16465020
2008-02-22,7.773447036743164,7.773447036743163,7.6875527646053685,7.75197304070114,11724900
2008-02-25,7.730498313903809,7.85933969566438,7.70902432226956,7.7949194327915805,25912865
2008-02-26,7.837869644165039,7.859343646594373,7.7949233513371805,7.7949233513371805,19183065
2008-02-27,8.031128883361816,8.031128883361816,7.859340359830458,7.880814353279401,44664345
2008-02-29,7.880814552307129,8.031129086185695,7.837866564324604,7.859340558315866,28513870
2008-03-03,7.751974105834961,7.751974105834961,7.644605822902566,7.730500962857642,25209580
2008-03-04,7.751974105834961,7.816395246797451,7.644605822902566,7.687553820887738,31522425
2008-03-05,7.666079044342041,7.751973319569787,7.623131906728168,7.709026181955914,29908945
2008-03-06,7.859342575073242,7.859342575073242,7.6660800036197445,7.6660800036197445,39625355
2008-03-07,7.730498313903809,7.816392568410856,7.70902432226956,7.730498313903809,20725485
2008-03-10,7.5801825523376465,7.644602811911567,7.472814311694539,7.5801825523376465,42393560
2008-03-11,7.494288921356201,7.4942889213562,7.408394664151689,7.429867800445316,38391210
2008-03-12,7.62313175201416,7.709026025498654,7.5801846152719135,7.687552885135111,28580750
2008-03-13,7.494288921356201,7.623130307162969,7.4513417927539445,7.601657170869341,23094500
2008-03-14,7.408395290374756,7.580183819304866,7.386921296250955,7.558710681196138,28961130
2008-03-17,7.2151336669921875,7.301027942167594,7.1292389638091915,7.301027942167594,57077900
2008-03-18,7.451343536376953,7.47281667769532,7.322501264405943,7.408396397725017,48526665
2008-03-19,7.666079044342041,7.666079044342041,7.558711628314947,7.601658765928821,43336150
2008-03-20,7.6446051597595215,7.666079156889312,7.515763745026354,7.601658877530325,28306960
2008-03-21,7.880814552307129,7.902287690283323,7.687552030446038,7.687552030446038,70018135
2008-03-24,8.18144702911377,8.417655875922371,8.09555189134717,8.417655875922371,92355010
2008-03-25,8.224392890930176,8.353235162945099,8.159972610937915,8.353235162945099,54473760
2008-03-26,8.245865821838379,8.267339816402048,8.181445550177552,8.22439182727471,33620785
2008-03-27,8.159971237182617,8.159971237182617,8.009655849148047,8.159971237182617,27306895
2008-03-28,8.095551490783691,8.202919765667984,8.074078349415956,8.138498629534368,30861985
2008-03-31,8.031128883361816,8.031128883361816,7.859340359830458,8.009655745927919,24413290
2008-04-01,7.966710090637207,8.074078365738556,7.966710090637207,8.031130370885853,17923840
2008-04-02,8.245865821838379,8.245865821838379,8.095550427937965,8.095550427937965,40882490
2008-04-03,8.159971237182617,8.245865500055212,8.117024105746319,8.245865500055212,14920510
2008-04-07,8.18144702911377,8.202920171543985,8.09555189134717,8.159973030668308,19314735
2008-04-08,7.945235252380371,8.117024645565396,7.945235252380371,8.117024645565396,37816460
2008-04-09,7.837869644165039,7.988185949139566,7.81639649775111,7.880817649023706,37499825
2008-04-10,7.966710090637207,7.988184088063559,7.773447537860863,7.794921535287214,23637900
2008-04-11,7.880814552307129,7.9881828102333055,7.859340558315866,7.9881828102333055,25435300
2008-04-14,7.880814552307129,7.880814552307129,7.81639342634841,7.859340558315866,21833185
2008-04-15,7.880814552307129,7.902287690283323,7.837866564324604,7.859340558315866,17703345
2008-04-16,8.13849925994873,8.13849925994873,7.966710691639152,8.03113097674761,50070130
2008-04-17,8.267341613769531,8.331761899435698,8.202920472088088,8.310288756218734,76365465
2008-04-18,8.13849925994873,8.267341542196183,8.095552117871335,8.267341542196183,32253925
2008-04-21,8.159971237182617,8.224391506329535,8.117024105746319,8.13849724345694,34400355
2008-04-22,8.074076652526855,8.20291804170092,8.052602659657,8.159970911976233,22096525
2008-04-23,8.074076652526855,8.181444904846089,8.031128666787144,8.117023782251543,16338575
2008-04-24,8.031128883361816,8.159971132025381,8.031128883361816,8.159971132025381,14556850
2008-04-25,8.159971237182617,8.159971237182617,8.031128986858668,8.052602980584345,17736785
2008-04-28,8.245865821838379,8.245865821838379,8.138497561050213,8.20291868872613,28781390
2008-04-29,8.009655952453613,8.245865606407323,8.009655952453613,8.245865606407323,28866035
2008-04-30,7.988182067871094,8.074076323823634,7.966708075875465,7.988182067871094,24806210
2008-05-02,8.13849925994873,8.181447258041393,8.074078974840273,8.074078974840273,39765385
2008-05-05,8.074076652526855,8.20291804170092,8.009655529932312,8.181444904846089,24408065
2008-05-06,8.13849925994873,8.13849925994873,8.009657833716547,8.03113097674761,10945330
2008-05-07,8.095551490783691,8.181446624300246,8.095551490783691,8.159972626917307,13204620
2008-05-08,7.988182067871094,8.031128339832376,7.945234083879836,8.009655203851736,17111875
2008-05-09,8.031128883361816,8.05260287681076,7.902287490713298,8.05260287681076,18376325
2008-05-12,8.13849925994873,8.159973258995063,7.988184690685484,8.009657833716547,30437715
2008-05-13,8.202919960021973,8.202919960021973,8.07407854071727,8.159972820253738,23509365
2008-05-14,8.13849925994873,8.181447258041393,8.117026116917668,8.181447258041393,14494150
2008-05-15,8.245865821838379,8.245865821838379,8.159971555613883,8.181445550177552,30450255
2008-05-16,8.567971229553223,8.589445227829655,8.288814388051046,8.310288386327477,136961880
2008-05-19,8.718287467956543,8.718287467956543,8.589446034247427,8.589446034247427,82254040
2008-05-20,8.417654037475586,8.718284813961697,8.396180899735183,8.718284813961697,48554880
2008-05-21,8.224392890930176,8.374709160285986,8.224392890930176,8.353235162945099,38243865
2008-05-22,8.13849925994873,8.159973258995063,8.074078974840273,8.159973258995063,30349935
2008-05-23,8.074076652526855,8.181444904846089,8.052602659657,8.138496919106377,24508385
2008-05-26,7.945235252380371,8.052603516119122,7.945235252380371,8.031129520965326,23434125
2008-05-27,7.988182067871094,8.052602331828005,7.945234083879836,7.988182067871094,14024945
2008-05-28,7.945235252380371,8.052603516119122,7.945235252380371,7.988183242687963,20959565
2008-05-29,7.945235252380371,8.031129520965326,7.945235252380371,7.966709247534167,23608640
2008-05-30,8.117025375366211,8.117025375366211,7.859341690427922,8.03113024304332,54039040
2008-06-02,8.117025375366211,8.117025375366211,8.03113024304332,8.05260424012784,20886415
2008-06-03,7.880814552307129,8.0096559482095,7.859340558315866,8.0096559482095,29773095
2008-06-04,7.880814552307129,7.923761684274586,7.81639342634841,7.859340558315866,30143025
2008-06-05,7.923762321472168,7.945235461175147,7.751972923772649,7.83786719461484,36037870
2008-06-06,7.988182067871094,8.031128339832376,7.966708075875465,8.031128339832376,17935335
2008-06-09,7.773447036743164,7.837867312838935,7.773447036743163,7.794921032785187,23310815
2008-06-10,7.666079044342041,7.7949213131988415,7.666079044342041,7.7949213131988415,43229560
2008-06-11,7.601657867431641,7.687552132506898,7.5801838731552875,7.687552132506898,24725745
2008-06-12,7.301027297973633,7.451342694275356,7.301027297973633,7.451342694275356,46265285
2008-06-13,7.301027297973633,7.408395560477022,7.301027297973633,7.408395560477022,31162945
2008-06-16,7.301027297973633,7.386921565570302,7.258080164175299,7.301027297973633,27701905
2008-06-17,7.301027297973633,7.343974431771968,7.258080164175299,7.322500436865248,17814115
2008-06-18,7.301027297973633,7.343974431771968,7.279553303066914,7.301027297973633,14481610
2008-06-19,7.172185897827148,7.236606602380236,7.172185897827148,7.236606602380236,53901100
2008-06-20,7.193660259246826,7.279554541455724,7.172186688694602,7.258081398911124,16110765
2008-06-23,7.172185897827148,7.279553738748961,7.129238761458423,7.1507123296427855,15661415
2008-06-24,7.150712490081787,7.258080761420176,7.150712490081787,7.215133624087856,18636530
2008-06-25,7.279554843902588,7.279554843902588,7.1507134152362095,7.193660558125003,31731425
2008-06-26,7.193660259246826,7.301028540015573,7.193660259246826,7.301028540015573,20906270
2008-06-27,6.935976028442383,7.086291001586042,6.893028893258481,7.086291001586042,44814825
2008-06-30,6.9145026206970215,7.021870889146439,6.85008148842434,7.00039732105807,36153865
2008-07-01,6.935976028442383,7.000397159225803,6.893028893258481,6.914502460850431,20709810
2008-07-02,6.871555328369141,6.935976463190488,6.871555328369141,6.9145028942525695,32467105
2008-07-03,6.785660743713379,6.807134310319302,6.678292054668668,6.807134310319302,32746120
2008-07-04,6.678293228149414,6.764187937673701,6.678293228149414,6.742714367294535,23347390
2008-07-07,6.721240043640137,6.721240043640137,6.635345343742399,6.678292479687482,21329495
2008-07-08,6.3561882972717285,6.721239795333782,6.3347147300924975,6.721239795333782,44926640
2008-07-09,6.463555812835693,6.570924071418266,6.420609108613216,6.420609108613216,27512760
2008-07-10,6.570923805236816,6.613871363734605,6.399135283275738,6.463555551003624,19770355
2008-07-11,6.871555328369141,6.9145028942525695,6.656819210982368,6.699766776865797,57302575
2008-07-14,6.699765205383301,6.850080152691176,6.656817649573558,6.785659888995293,23887655
2008-07-15,6.399136543273926,6.61387266601461,6.356188976319706,6.570925099060391,32977065
2008-07-16,6.463555812835693,6.570924071418266,6.420609108613216,6.506503373073244,32600865
2008-07-17,6.721240043640137,6.871555019447925,6.613872203777432,6.678292479687482,49318775
2008-07-18,6.570923805236816,6.893028139928877,6.527976674746546,6.893028139928877,40211600
2008-07-21,6.807135105133057,6.828608674246274,6.699766831559372,6.699766831559372,31160855
2008-07-22,6.6568193435668945,6.764187618402541,6.6568193435668945,6.6568193435668945,18015800
2008-07-23,6.742713451385498,6.764187018847762,6.656818753528876,6.699766316460969,47182795
2008-07-24,6.742713451385498,6.78566101431759,6.678292320991141,6.764187018847762,32224665
2008-07-25,6.4850311279296875,6.570925409885992,6.420610416462459,6.570925409885992,52363905
2008-07-28,6.4850311279296875,6.4850311279296875,6.4850311279296875,6.4850311279296875,0
2008-07-29,6.098505020141602,6.3561882524842295,6.077031453113679,6.3561882524842295,67305315
2008-07-30,6.162927627563477,6.291769497592382,6.162927627563477,6.270295495914492,27214935
2008-07-31,6.141452312469482,6.248820150376084,6.0985051773068415,6.20587344322101,31469130
2008-08-01,6.012609958648682,6.034083522843106,5.948188838057911,6.012609958648682,28694655
2008-08-04,5.926716327667236,5.991137459712449,5.905242759654691,5.969663891699903,30104360
2008-08-05,5.669033050537109,5.905242725308858,5.669033050537109,5.905242725308858,61788760
2008-08-06,5.926716327667236,5.991137459712449,5.819348487604506,5.819348487604506,49104550
2008-08-07,6.119978427886963,6.162925560825038,5.92671590165808,6.012610595541775,63012455
2008-08-08,6.451003551483154,6.49826383236515,6.120182937431507,6.1438130778725055,93708000
2008-08-11,6.285594463348389,6.474634715342283,6.285594463348389,6.451004571166168,31610000
2008-08-12,6.285594463348389,6.332854300993106,6.261964319172274,6.309224607524504,26614000
2008-08-13,6.285594463348389,6.356484445169221,6.238334174996159,6.285594463348389,20615000
2008-08-14,6.3801140785217285,6.521894481519262,6.261963817808363,6.285593960092532,49240000
2008-08-15,6.309224605560303,6.451004569157828,6.261964317222787,6.427374875696582,35988000
2008-08-18,6.16744327545166,6.332853358656201,6.143813134791741,6.285593528043809,29735000
2008-08-19,6.07292366027832,6.096553352163678,6.0020332324998,6.096553352163678,36264000
2008-08-20,6.16744327545166,6.238333246723971,6.049293022859511,6.096552853471904,28441000
2008-08-21,6.07292366027832,6.167443779942198,6.07292366027832,6.143813637349359,23646000
2008-08-22,6.096553325653076,6.167443753123332,6.002033206400214,6.096553325653076,26397000
2008-08-25,6.143815040588379,6.191075336568247,6.072925047326162,6.143815040588379,22254000
2008-08-26,6.12018346786499,6.12018346786499,6.049293491105436,6.049293491105436,13574000
2008-08-27,6.285594463348389,6.309224607524504,6.072924067178381,6.143814048999213,31095000
2008-08-28,6.261963844299316,6.261963844299316,6.072923606641196,6.167443725470257,91475000
2008-08-29,6.285594463348389,6.309224607524504,6.167444193175327,6.285594463348389,36545000
2008-09-01,6.16744327545166,6.16744327545166,6.07292316351943,6.143813134791741,35568000
2008-09-02,6.07292366027832,6.143813637349359,5.978403089906959,6.143813637349359,30517000
2008-09-03,6.049293518066406,6.096553352547581,5.9547733983965765,6.072923660660734,29820000
2008-09-04,5.9075140953063965,5.954774388351871,5.765733666877532,5.954774388351871,34406000
2008-09-05,5.671212196350098,5.694842337309713,5.647582055390481,5.671212196350098,40169000
2008-09-08,6.049293518066406,6.049293518066406,5.8129929935380895,5.90751311320792,32708000
2008-09-09,5.9075140953063965,5.954774388351871,5.812993959923006,5.954774388351871,22481000
2008-09-10,5.789363384246826,5.789363384246826,5.671213111098932,5.671213111098932,43469000
2008-09-11,5.434912204742432,5.7893630007038945,5.434912204742432,5.7893630007038945,43203000
2008-09-12,5.316761016845703,5.505801228272807,5.19861077202691,5.434911261664497,54493000
2008-09-15,5.009572505950928,5.34039322976861,4.962312209388005,5.34039322976861,46452000
2008-09-16,4.773271083831787,4.820530921363209,4.669298720130641,4.726010795592853,85479000
2008-09-17,4.820530891418457,4.9150510166016605,4.71183286013465,4.9150510166016605,65244000
2008-09-18,4.527517318725586,4.584229381819596,4.484983158728225,4.584229381819596,84275000
2008-09-19,4.844160556793213,4.844160556793213,4.796900273517123,4.844160556793213,84230000
2008-09-22,5.033201217651367,5.033201217651367,4.7969006825370775,4.915050950094222,74279000
2008-09-23,5.033201217651367,5.033201217651367,4.938681093747152,5.033201217651367,48274000
2008-09-24,5.245872974395752,5.269502671460826,4.91505180699375,4.9386819547664045,84586000
2008-09-25,5.2222418785095215,5.364022288697212,5.151351448061927,5.245872021992053,45365000
2008-09-26,5.198611736297607,5.316762003031644,5.033201182586956,5.222241879785915,58375000
2008-09-29,5.198611736297607,5.198611736297607,5.198611736297607,5.198611736297607,0
2008-09-30,4.844160556793213,4.844160556793213,4.844160556793213,4.844160556793213,27053000
2008-10-01,4.844160556793213,4.962310814275974,4.726010299310452,4.844160556793213,38907000
2008-10-02,4.773271083831787,4.891421353721608,4.508614280967282,4.726010795592853,27113000
2008-10-03,4.726010799407959,5.104091753502098,4.721284680438749,5.104091753502098,24525000
2008-10-06,4.726010799407959,5.056831465225014,4.645668579761423,5.056831465225014,50541000
2008-10-07,5.033201217651367,5.056831361304297,4.395190043267287,5.056831361304297,51915000
2008-10-08,4.68347692489624,4.915051360473618,4.68347692489624,4.68347692489624,35034000
2008-10-09,4.726010799407959,5.009571627655442,4.357382083252242,5.009571627655442,40039000
2008-10-13,4.607860088348389,4.607860088348389,4.560599804595161,4.560599804595161,37336000
2008-10-14,4.915050506591797,4.915050506591797,4.915050506591797,4.915050506591797,16058000
2008-10-15,4.962310791015625,5.245871587928074,4.867790675613963,5.245871587928074,51761000
2008-10-16,4.796901226043701,5.293132496150045,4.796901226043701,5.293132496150045,12664000
2008-10-17,4.631490707397461,5.127721935102102,4.631490707397461,5.127721935102102,55426000
2008-10-20,4.536970138549805,4.5605998298498,4.470805831070391,4.470805831070391,49843000
2008-10-21,4.3951897621154785,4.844160659971326,4.3951897621154785,4.844160659971326,44845000
2008-10-22,4.243957042694092,4.702380169032791,4.243957042694092,4.702380169032791,37716000
2008-10-23,4.097452163696289,4.536971394278534,4.097452163696289,4.097452163696289,24110000
2008-10-24,3.9556708335876465,4.381012059675857,3.955670833587646,4.381012059675857,25197000
2008-10-27,3.6815624237060547,4.229779608641871,3.6815624237060547,4.229779608641871,44990000
2008-10-28,3.535055637359619,3.9367664591463134,3.4263573937840452,3.9367664591463134,65318000
2008-10-29,3.780808448791504,3.780808448791504,3.780808448791504,3.780808448791504,32842000
2008-10-30,4.045465469360352,4.045465469360352,3.516152085057042,3.516152085057042,95364000
2008-10-31,4.3242998123168945,4.3242998123168945,3.7666306047810916,3.7666306047810916,126226000
2008-11-03,4.470806121826172,4.626764438227637,4.329025711268248,4.626764438227637,85222000
2008-11-04,4.2534098625183105,4.773271248220226,4.215601810908083,4.773271248220226,47094000
2008-11-05,4.206150054931641,4.5511491288171895,4.177794238326437,4.5511491288171895,43722000
2008-11-06,3.913137197494507,4.499162936334043,3.913137197494507,4.499162936334043,32728000
2008-11-07,3.780808448791504,3.908410950277812,3.6437541605511115,3.6437541605511115,68421000
2008-11-10,3.946218967437744,3.9462189674377446,3.516151856555185,3.516151856555185,31737000
2008-11-11,3.946218967437744,4.07854713589873,3.6721101677753603,3.6721101677753603,33353000
2008-11-12,3.828068733215332,4.0360129995077685,3.672110195465388,3.672110195465388,31029000
2008-11-13,3.691014528274536,4.092725414320229,3.568138360646404,4.092725414320229,33077000
2008-11-14,3.946218967437744,3.9462189674377446,3.4358096415984294,3.4358096415984294,24091000
2008-11-17,3.823343515396118,3.8989596300474596,3.6721110607396374,3.6721110607396374,25601000
2008-11-18,3.615398406982422,3.7808087444827914,3.5586863299000826,3.5586863299000826,40253000000
2008-11-19,3.596494197845459,3.639028140810845,3.364919556873632,3.364919556873632,24132000000
2008-11-20,3.346015691757202,3.3838237430205305,3.346015691757202,3.346015691757202,37680000
2008-11-21,3.4405360221862793,3.5256041369580347,3.114441244197244,3.114441244197244,31907000000
2008-11-24,3.3082079887390137,3.4074542464294866,3.204235836820024,3.204235836820024,25626000
2008-11-25,3.5397822856903076,3.5397822856903076,3.07663340376786,3.07663340376786,43297000
2008-11-26,3.511425733566284,3.7855345328933483,3.511425733566284,3.7855345328933483,36842000
2008-11-27,3.7288222312927246,3.757178267325498,3.6153980871616302,3.757178267325498,31635000000
2008-11-28,3.828068733215332,3.828068733215332,3.662658183361186,3.728822268090598,43812000
2008-12-01,3.780808448791504,4.092725073703605,3.59176798128118,4.092725073703605,47658000
2008-12-02,3.5161523818969727,4.045465810885878,3.5161523818969727,4.045465810885878,26359000
2008-12-03,3.3271119594573975,3.761905038026338,3.3034818126576058,3.761905038026338,49787000
2008-12-04,3.2609469890594482,3.558685677160701,3.2609469890594482,3.558685677160701,35486000000
2008-12-05,3.2136874198913574,3.487796009019303,3.2136874198913574,3.487796009019303,29350000
2008-12-08,3.4027276039123535,3.4358097598430053,3.2136873567479176,3.2136873567479176,57836000
2008-12-09,3.350741386413574,3.435809490980739,3.166426821820784,3.166426821820784,48232000000
2008-12-10,3.4972481727600098,3.5161521986651643,3.3082076883547025,3.350741859318182,85788000000
2008-12-11,3.459439992904663,3.7382744773620065,3.256221383915384,3.7382744773620065,79272000000
2008-12-12,3.3318376541137695,3.7004663647806852,3.260947448107439,3.7004663647806852,64932000000
2008-12-15,3.4972481727600098,3.56341226342805,3.4074539370336447,3.56341226342805,38529000
2008-12-16,3.454714059829712,3.738274678524115,3.421631901263087,3.738274678524115,26429000
2008-12-17,3.6957409381866455,3.6957409381866455,3.3082079283139376,3.4547142523825296,118803000
2008-12-18,3.6484792232513428,3.7240955282515844,3.4405350042233356,3.4405350042233356,44046000
2008-12-19,3.601219892501831,3.903684722186379,3.601219892501831,3.903684722186379,44783000000
2008-12-22,3.44998836517334,3.8516990582799053,3.4263582183535273,3.8516990582799053,47599000
2008-12-23,3.3082079887390137,3.449988421255057,3.2089617310485403,3.2089617310485403,29184000
2008-12-24,3.3601934909820557,3.539781716702742,3.2751251587079917,3.539781716702742,35510000000
2008-12-25,3.3365633487701416,3.3838234081726597,3.1286188620453217,3.3601934911482703,10054000000
2008-12-26,3.3554673194885254,3.388549473224201,3.331837402837673,3.3365632960263496,13476000000
2008-12-29,3.3412892818450928,3.355467186201678,3.1238927953118205,3.1238927953118205,12486000000
2008-12-30,3.530329704284668,3.5350558229008353,3.1097148376565555,3.1097148376565555,34314000000
2008-12-31,3.511425733566284,3.7760822955182407,3.4972478282111084,3.7760822955182407,24139000000
2009-01-02,3.511425733566284,3.511425733566284,3.511425733566284,3.511425733566284,0
2009-01-05,3.7240962982177734,3.757178227226063,3.5114256922111395,3.5114256922111395,60332000000
2009-01-06,3.7240962982177734,3.757178227226063,3.695740262487637,3.7240962982177734,35236000
2009-01-07,3.809164524078369,3.8280685473690137,3.7240961939167345,3.7240961939167345,70679000
2009-01-08,3.809164524078369,3.809164524078369,3.5445077473018767,3.5445077473018767,51361000
2009-01-09,3.7430005073547363,3.752452519732753,3.544508022062629,3.544508022062629,47976000
2009-01-12,3.70991849899292,3.9509449369009992,3.6248503842054376,3.9509449369009992,42488000
2009-01-13,3.714644432067871,3.965123095543301,3.6295760961856973,3.965123095543301,19856000
2009-01-14,3.6957409381866455,3.733548992739343,3.4547142523825296,3.4547142523825296,17540000
2009-01-15,3.4736177921295166,3.950944751894175,3.4452617551948217,3.950944751894175,44874000
2009-01-16,3.4972481727600098,3.714644696023049,3.43108408209197,3.714644696023049,23089000
2009-01-19,3.4641661643981934,3.5208782445635705,3.2325917243793487,3.2325917243793487,11549000000
2009-01-20,3.3554673194885254,3.7051922042462513,3.3554673194885254,3.7051922042462513,31735000
2009-01-21,3.44998836517334,3.5870426758791787,3.2893039076476884,3.5870426758791787,33678000
2009-02-02,3.3838229179382324,3.691013597580681,3.355466886404827,3.691013597580681,39823000
2009-02-03,3.577590227127075,3.620124170734604,3.3696457266051163,3.620124170734604,54850000
2009-02-04,3.662658214569092,3.67211022675383,3.331837562749511,3.331837562749511,86964000
2009-02-05,3.6484792232513428,3.9178618450227103,3.591767163516432,3.9178618450227103,36300000
2009-02-06,3.7430005073547363,3.7571784132448864,3.3932755986606065,3.3932755986606065,42507000
2009-02-09,3.780808448791504,3.813890378492033,3.4830697293642743,3.4830697293642743,38422000
2009-02-10,3.785534620285034,3.785534620285034,3.709918297014718,3.7808085014883748,45407000
2009-02-11,3.87060284614563,4.050191319875667,3.5917683478319065,4.050191319875667,80866000
2009-02-12,3.87060284614563,3.87060284614563,3.6012203609043416,3.6012203609043416,73122000
2009-02-13,4.1163554191589355,4.139985563267892,3.601220170555218,3.601220170555218,128293000
2009-02-16,4.08799934387207,4.187245593122634,4.036013385010358,4.116355608246888,67415000
2009-02-17,3.875328540802002,4.371559736125288,3.8706024221066646,4.371559736125288,31866000
2009-02-18,3.809164524078369,3.870602261742364,3.6059459356733385,3.6059459356733385,38488000
2009-02-19,3.780808448791504,4.073821049487947,3.6815622089824274,4.073821049487947,56364000
2009-02-20,3.596494197845459,4.045465348564817,3.596494197845459,4.045465348564817,65583000
2009-02-23,3.686288595199585,3.846973038046089,3.5681383226015697,3.596494360982642,28326000
2009-02-24,3.572864532470703,3.6390286278811472,3.431084328019751,3.431084328019751,34286000
2009-02-25,3.6815624237060547,3.818616719940009,3.624850347751403,3.818616719940009,59663000
2009-02-26,3.757178544998169,3.9367670118318854,3.7146446004824267,3.9367670118318854,24627000
2009-02-27,3.705192804336548,3.77608279112413,3.4972482872203363,3.4972482872203363,22784000
2009-03-02,3.686288595199585,3.960397191570379,3.6626584505384776,3.960397191570379,32353000
2009-03-03,3.70991849899292,3.743000656309376,3.4310840100681816,3.4310840100681816,17481000
2009-03-04,3.8847804069519043,3.9651226142649656,3.454713336985586,3.454713336985586,90963000
2009-03-05,4.026561260223389,4.154163312457443,3.9509447117909002,4.154163312457443,98746000
2009-03-06,4.007656097412109,4.021834451333307,3.7477256934069505,3.7477256934069505,131475000
2009-03-09,4.262862205505371,4.286491900311656,3.932041069726921,4.286491900311656,99913000
2009-03-10,4.3242998123168945,4.560600358360605,4.149437462329451,4.560600358360605,142818000
2009-03-11,4.4991631507873535,4.626765226535053,4.381012863643243,4.626765226535053,102228000
2009-03-12,4.67402458190918,4.796900513295673,4.499162246178895,4.796900513295673,147349000
2009-03-13,4.820530891418457,4.985941448519694,4.347929814794932,4.985941448519694,101557000
2009-03-16,4.721285343170166,5.151352314172008,4.697655195714637,5.151352314172008,68811000
2009-03-17,4.67402458190918,5.033201040072947,4.57950401063228,5.033201040072947,76339000
2009-03-18,4.7118330001831055,4.773271196055175,4.347929944027201,4.347929944027201,58007000
2009-03-19,4.588956832885742,4.796901124640053,4.385738209731552,4.385738209731552,61623000
2009-03-20,4.357382297515869,4.891421598193948,4.347930059112657,4.891421598193948,81715000
2009-03-23,4.65984582901001,4.65984582901001,4.054916658167649,4.357381468942553,65023000
2009-03-24,4.985942363739014,4.985942363739014,4.6598473086145855,4.6598473086145855,56632000
2009-03-25,5.316761016845703,5.316761016845703,4.640941472255832,4.640941472255832,188341000
2009-03-26,5.671212196350098,5.671212196350098,4.9623106718063354,4.9623106718063354,150885000
2009-03-27,5.52943229675293,5.907513233861569,5.293131767398467,5.671212704507106,128733000
2009-03-30,5.269501209259033,5.529431861216498,5.174981095103806,5.529431861216498,97150000
2009-03-31,5.245872974395752,5.340393114778789,5.174982531077788,5.269502671460826,90312000
2009-04-02,5.340392112731934,5.576692644704962,5.009571458111194,5.009571458111194,111462000
2009-04-03,5.3876519203186035,5.482172493175855,4.985941288505261,4.985941288505261,80932000
2009-04-06,5.104091167449951,5.742102281689033,5.104091167449951,5.742102281689033,73466000
2009-04-07,5.245872974395752,5.458543402934481,5.104092538467405,5.458543402934481,94344000
2009-04-08,5.009572505950928,5.198612790787434,4.891422215251213,4.891422215251213,114322000
2009-04-09,5.340392112731934,5.340392112731934,4.726010639460561,4.726010639460561,190659000
2009-04-10,5.340392112731934,5.458542378718447,4.985941314772392,4.985941314772392,149266000
2009-04-13,5.316761016845703,5.434911261664497,4.985940421494565,4.985940421494565,100072000
2009-04-14,5.52943229675293,5.671212704507106,5.2458719319520695,5.671212704507106,203835000
2009-04-15,5.5530619621276855,5.718472498729364,5.151350916499297,5.151350916499297,173155000
2009-04-16,5.647582054138184,5.931142844175792,5.17498103788047,5.931142844175792,134827000
2009-04-17,5.860252857208252,6.02566340548495,5.269501542945021,5.269501542945021,320158000
2009-04-20,5.812992572784424,5.954772967380619,5.45854181164766,5.45854181164766,131720000
2009-04-21,5.883882522583008,5.883882522583008,5.411281509512767,5.812992550905451,93396000
2009-04-22,6.191074848175049,6.285594981970822,5.860253703828519,6.285594981970822,226927000
2009-04-23,5.931143283843994,6.191073952195561,5.765732735609138,5.765732735609138,132099000
2009-04-24,5.789363384246826,6.072924220084782,5.529432693179953,5.529432693179953,108056000
2009-04-27,5.48217248916626,5.8838831206857956,5.41128205957517,5.789362998605169,105967000
2009-04-28,5.293131351470947,5.553062003477335,5.104091123124914,5.104091123124914,95934000
2009-04-29,5.48217248916626,5.529432324852826,4.938680998464544,4.938680998464544,109940000
2009-04-30,5.860252857208252,5.860252857208252,5.198611565516428,5.198611565516428,55929000
2009-05-04,6.261963844299316,6.261963844299316,5.458542158191088,5.458542158191088,70709000
2009-05-05,6.616415977478027,6.6873059683822635,5.836624274701145,5.836624274701145,449762000
2009-05-06,7.065385341644287,7.065385341644287,6.427374218563028,6.427374218563028,300787000
2009-05-07,6.758194923400879,6.994495442046312,6.592784380066087,6.592784380066087,241996000
2009-05-08,6.616415977478027,7.2307975512425005,6.380115406853812,7.2307975512425005,146585000
2009-05-11,6.616415977478027,7.065386971522522,6.1674449834335325,7.065386971522522,165440000
2009-05-12,6.3801140785217285,6.474634196950926,6.167443699379167,6.167443699379167,109732000
2009-05-13,6.498265266418457,6.545525557729971,5.9547741698737475,5.9547741698737475,126350000
2009-05-14,6.191074848175049,6.356484969640764,6.049294422127614,6.049294422127614,111402000
2009-05-15,6.3801140785217285,6.545524623803431,5.765732632670733,5.765732632670733,154941000
2009-05-18,6.332854747772217,6.4510050262807095,6.214704469263723,6.380115039458632,88242000
2009-05-19,6.427374839782715,6.569154802588024,6.332854263635829,6.332854263635829,195679000
2009-05-20,6.3564839363098145,6.427374363163125,6.191073841733709,6.427374363163125,94523000
2009-05-21,6.403745651245117,6.545526085912912,6.356485356119993,6.356485356119993,157237000
2009-05-22,6.285594463348389,6.40374473352145,6.238334174996159,6.40374473352145,118305000
2009-05-25,6.12018346786499,6.710934776552874,6.096553325375979,6.710934776552874,130544000
2009-05-26,6.096553325653076,6.2855940148662794,6.049293491380386,6.1201834681431615,113364000
2009-05-27,6.143815040588379,6.332855323092679,6.096554744608511,6.096554744608511,152536000
2009-06-01,6.2383341789245605,6.569154845475955,6.143814052868092,6.143814052868092,114219000
2009-06-02,6.3564839363098145,6.521894481593397,6.238333675595106,6.238333675595106,219240000
2009-06-03,6.332854747772217,6.781826166670526,6.261964760950138,6.781826166670526,70646000
2009-06-04,6.143815040588379,6.7581966347887334,6.096554744608511,6.7581966347887334,113165000
2009-06-05,6.191074848175049,6.569155383358141,6.120184409797557,6.569155383358141,62308000
2009-06-08,6.16744327545166,6.545524173888025,6.096552853471904,6.096552853471904,125461000
2009-06-09,5.860252857208252,6.592784577036155,5.812993022491685,6.592784577036155,114473000
2009-06-10,6.025664329528809,6.261964891471115,5.8602537558861725,5.8602537558861725,118582000
2009-06-11,5.789363384246826,5.907513657394721,5.623952821556764,5.860253367852553,155280000
2009-06-12,5.576692581176758,5.789362967388299,5.576692581176758,5.7184729888869485,139867000
2009-06-15,5.198611736297607,5.434912269765681,5.198611736297607,5.387651982789066,154187000
2009-06-16,5.104091167449951,5.245871565294456,5.056830884599297,5.151350999593146,122927000
2009-06-17,5.056832313537598,5.245873047651089,5.033202165434963,5.104092609742867,75784000
2009-06-18,4.867791652679443,5.151352055800811,4.867791652679443,5.056831921427022,91677000
2009-06-19,4.915050506591797,4.962310789633193,4.844160532737164,4.938680648112495,63140000
2009-06-22,5.056832313537598,5.056832313537598,4.7732718884287415,4.938682023732011,160936000
2009-06-23,4.891421318054199,4.96231129918817,4.8441610301598805,4.915051011293851,81311000
2009-06-24,5.009572505950928,5.151352494224512,4.844161918688291,4.915051912825083,122771000
2009-06-25,5.127722263336182,5.174982104276201,5.009571984924818,5.056831825864838,110657000
2009-06-26,5.1513519287109375,5.269502206440157,5.1513519287109375,5.198612220085642,97884000
2009-06-29,5.104091167449951,5.269501256012323,5.104091167449951,5.222241423869129,79992000
2009-06-30,5.198611736297607,5.245872023274222,5.127721756540185,5.222241879785915,53863000
2009-07-01,5.316761016845703,5.340391155950945,5.222240911132152,5.245871050237394,67869000
2009-07-02,5.340392112731934,5.387651948702041,5.316761969393132,5.316761969393132,71439000
2009-07-03,5.245872974395752,5.269502671460826,5.198612678850443,5.245872974395752,44574000
2009-07-06,5.174981594085693,5.269501717354736,5.127721757804922,5.2458720245681,50875000
2009-07-07,5.269501209259033,5.269501209259033,5.104091122164251,5.151350953888136,60803000
2009-07-08,5.505801677703857,5.505801677703857,5.222241337416561,5.245871478450698,112205000
2009-07-09,5.48217248916626,5.623952446933452,5.48217248916626,5.529432324852826,107288000
2009-07-10,5.600322723388672,5.7421026803696575,5.553062437256682,5.623952415747175,102020000
2009-07-13,5.434912204742432,5.694842878589003,5.3640222258331365,5.671212735383406,90534000
2009-07-14,5.600322723388672,5.64758255881317,5.505802151124692,5.529432294190688,60641000
2009-07-15,5.789363384246826,5.860253367852553,5.671213111098932,5.6948432558700155,123061000
2009-07-16,5.883882522583008,5.954772944968013,5.836622691700453,5.90751266337801,101825000
2009-07-17,5.836623191833496,5.978403147337559,5.836623191833496,5.954773455225207,48356000
2009-07-20,5.9075140953063965,6.072924670257999,5.860253802260923,5.931144241829133,96591000
2009-07-21,6.049293518066406,6.120183495141909,5.978403090283422,6.096553352547581,68342000
2009-07-22,5.978403568267822,6.096553839978313,5.931143730008137,6.049294001718628,54115000
2009-07-23,6.002033233642578,6.072923661434595,5.931143256558042,6.002033233642578,48036000
2009-07-24,6.12018346786499,6.167443752843013,6.072923633594447,6.096553325375979,83639000
2009-07-27,6.498265266418457,6.545525557729971,6.120184288048966,6.16744457936048,172114000
2009-07-28,6.616415977478027,6.710936115586199,6.54552598657379,6.592785830274091,156594000
2009-07-29,6.545525550842285,6.7109356688434465,6.521895405211393,6.7109356688434465,137615000
2009-07-30,6.616415977478027,6.663676271885898,6.332855112445941,6.54552598657379,106912000
2009-07-31,6.876344680786133,6.923604510641015,6.687304009244292,6.758194430087771,239006000
2009-08-03,6.947235584259033,6.970865727714821,6.78182548148352,6.87634560459917,98915000
2009-08-04,6.474634647369385,7.01812615488422,6.474634647369385,6.994496010956182,147526000
2009-08-05,6.309224605560303,6.569154839294107,6.309224605560303,6.521895001664102,98756000
2009-08-06,6.545525550842285,6.569155245765637,6.3328546908718,6.356484836502691,59187000
2009-08-07,6.545525550842285,6.545525550842285,6.545525550842285,6.545525550842285,0
2009-08-10,6.5218939781188965,6.592783948792196,6.403743726525103,6.545524118579143,33795000
2009-08-11,6.569154739379883,6.592784883189236,6.427374777938775,6.545525046278035,41274000
2009-08-12,6.451003551483154,6.569153802980702,6.451003551483154,6.49826383236515,48285000
2009-08-13,6.569154739379883,6.616415026998589,6.474634614849975,6.474634614849975,54503000
2009-08-14,6.569154739379883,6.758195439147203,6.569154739379883,6.7109351515284965,48236000
2009-08-17,6.474634647369385,6.616415060230103,6.474634647369385,6.569154772374027,44400000
2009-08-18,6.16744327545166,6.427373921295876,6.120182994131822,6.427373921295876,62731000
2009-08-19,6.285594463348389,6.332854300993106,6.238334174996159,6.261964319172274,29326000
2009-08-20,6.143815040588379,6.285595477820396,6.120184892598445,6.285595477820396,52471000
2009-08-21,6.002033233642578,6.261963900798345,5.954773399155382,6.19107392371381,65285000
2009-08-24,6.403745651245117,6.403745651245117,6.14381492947209,6.14381492947209,60317000
2009-08-25,6.451003551483154,6.49826383236515,6.380113580867602,6.4037437213086,59548000
2009-08-26,6.474634647369385,6.498264791297422,6.332854234508667,6.498264791297422,54546000
2009-08-27,6.3564839363098145,6.4510040547400855,6.332853794025377,6.380114078594251,25435000
2009-08-28,6.3801140785217285,6.427374363090065,6.261963817808363,6.285593960092532,49798000
2009-08-31,6.3801140785217285,6.474634196950926,6.3092241023767,6.427374363090065,46731000
2009-09-01,6.616415977478027,6.616415977478027,6.380115406853812,6.403745554057747,59418000
2009-09-02,6.758194923400879,6.852715040717558,6.521894404755446,6.592784380066087,100428000
2009-09-03,6.852714538574219,6.947234648964789,6.687304007360141,6.78182456845815,133170000
2009-09-04,7.2071661949157715,7.2071661949157715,6.9708656639349265,6.9708656639349265,182139000
2009-09-07,7.561616897583008,7.608877183475897,7.230796248455249,7.230796248455249,173998000
2009-09-08,7.63250732421875,7.679767612888764,7.467097215288732,7.656137919261273,159574000
2009-09-09,7.561616897583008,7.774287733393521,7.537986754636563,7.656137469368787,106867000
2009-09-10,7.348947525024414,7.7979185000365225,7.278057086417734,7.7506582076320685,122714000
2009-09-11,7.585248947143555,7.585248947143555,7.301688495784593,7.301688495784593,89779000
2009-09-14,7.325316429138184,7.561616959110383,7.325316429138184,7.561616959110383,48002000
2009-09-15,7.348947525024414,7.443467659125771,7.325317378822187,7.325317378822187,40400000
2009-09-16,7.514357089996338,7.561617378897454,7.3962068184510645,7.467097251802739,59578000
2009-09-17,7.490725517272949,7.561615482135003,7.443465240226644,7.514355205088697,79932000
2009-09-18,7.41983699798584,7.443467142548132,7.348947015006485,7.41983699798584,47345000
2009-09-21,7.230796813964844,7.419837070905973,7.207166669170321,7.372577232024453,51262000
2009-09-22,7.41983699798584,7.443467142548132,7.230796742902546,7.230796742902546,98172000
2009-09-23,7.278055191040039,7.561615970205727,7.2307953616507135,7.467095860719642,79825000
2009-09-24,7.159906387329102,7.39620693411498,7.136276693216534,7.301686805542134,57145000
2009-09-25,7.183537006378174,7.230797299138299,7.112647017945541,7.112647017945541,54922000
2009-09-28,7.159906387329102,7.207166676969288,7.112646548396441,7.183536532149195,30074000
2009-09-29,7.41983699798584,7.514357125527487,7.348947015006485,7.348947015006485,128846000
2009-09-30,7.443466663360596,7.5143566417762715,7.41983652031954,7.490726949442707,52090000
2009-10-01,7.561616897583008,7.656137469368787,7.490726919451163,7.514356611690118,111905000
2009-10-02,7.46709680557251,7.46709680557251,7.372576684126273,7.419836519495647,53980000
2009-10-05,7.46709680557251,7.46709680557251,7.348946541087842,7.46709680557251,44949000
2009-10-06,7.561616897583008,7.608877183475897,7.490726919451163,7.537986754636563,39871000
2009-10-07,7.514357089996338,7.679767650442726,7.514357089996338,7.679767650442726,34215000
2009-10-08,7.278055191040039,7.514355690108967,7.278055191040039,7.467095860719642,83232000
2009-10-09,7.325316429138184,7.419836550985565,7.301686285999465,7.3725767154156205,62733000
2009-10-12,7.278055191040039,7.396205440574503,7.254425501699093,7.348945611185178,55830000
2009-10-13,7.278055191040039,7.278055191040039,7.136275252164628,7.183535081553954,56036000
2009-10-14,7.63250732421875,7.7506575951862695,7.2780565113161915,7.2780565113161915,141219000
2009-10-15,7.750657081604004,7.916067630280928,7.6561374119421695,7.727027389542288,170543000
2009-10-16,7.774289131164551,7.8688088185294305,7.727028836774541,7.750658533261976,48078000
2009-10-19,7.821547508239746,7.845178103073067,7.67976754489991,7.774288121403149,58636000
2009-10-20,8.0814790725708,8.10510876724538,7.868808214839305,7.868808214839305,112000000
2009-10-21,7.939698219299316,8.081479091931671,7.797918248082036,8.081479091931671,86668000
2009-10-22,7.797917366027832,7.939697321207804,7.65613741084786,7.939697321207804,78362000
2009-10-23,7.797917366027832,7.8924379370911275,7.7033967949645366,7.797917366027832,33422000
2009-10-26,7.797917366027832,7.939697321207804,7.774287673969494,7.82154705808617,30113000
2009-10-27,7.703395843505859,7.797916402894771,7.656136465226265,7.797916402894771,28567000
2009-10-28,7.46709680557251,7.727027477580277,7.46709680557251,7.703396883834355,54119000
2009-10-29,7.41983699798584,7.443467142548132,7.254426887464838,7.348947015006485,81850000
2009-10-30,7.656137466430664,7.774287730410057,7.396206344827013,7.537986751743782,83654000
2009-11-02,7.5379862785339355,7.632506393642292,7.419836021971625,7.443466163425579,44599000
2009-11-03,7.396206378936768,7.537986786507399,7.396206378936768,7.537986786507399,29470000
2009-11-04,7.490725517272949,7.514355205088697,7.396204963180337,7.396204963180337,42490000
2009-11-05,7.325316429138184,7.49072698040172,7.325316429138184,7.49072698040172,36768000
2009-11-06,7.490725517272949,7.585245169950751,7.3489451368414365,7.3489451368414365,76374000
2009-11-09,7.41983699798584,7.56161741465207,7.396206853423548,7.56161741465207,41153000
2009-11-10,7.37257719039917,7.514357156950771,7.37257719039917,7.4434671736749705,52209000
2009-11-11,7.727027893066406,7.750657586667928,7.396206774154928,7.443467062773,93774000
2009-11-12,7.774289131164551,7.8688088185294305,7.703398238871967,7.774289131164551,57647000
2009-11-13,7.868807792663574,7.963328369120833,7.774288117621337,7.797917811028141,89464000
2009-11-16,7.963327407836914,7.963327407836914,7.845177152235224,7.8688068427895965,36484000
2009-11-17,8.010588645935059,8.08147862746948,7.96332835777377,8.034218339308191,61679000
2009-11-18,7.892437934875488,8.03421789001566,7.868807341408813,8.03421789001566,39524000
2009-11-19,7.84517765045166,7.986957605611612,7.84517765045166,7.892437935976634,31891000
2009-11-20,7.5379862785339355,7.821546623859005,7.514356137079981,7.7979169331125116,122578000
2009-11-23,7.41983699798584,7.537987270089778,7.41983699798584,7.537987270089778,55778000
2009-11-24,7.46709680557251,7.561616927018746,7.443466662534078,7.514356640941883,53943000
2009-11-25,7.585248947143555,7.656139848721646,7.467099097108043,7.467099097108043,48016000
2009-11-26,7.561616897583008,7.703396853846698,7.561616897583008,7.703396853846698,33320000
2009-11-27,7.37257719039917,7.514357156950771,7.348947045738062,7.490727462997185,74444000
2009-11-30,7.46709680557251,7.5379867839803145,7.46709680557251,7.514356640941883,28793000
2009-12-01,7.514357089996338,7.585247072640494,7.443467107352181,7.467097251802739,43086000
2009-12-02,7.585248947143555,7.679769548304171,7.537989097270875,7.608879548141338,40829000
2009-12-03,7.5379862785339355,7.679766676550201,7.5379862785339355,7.656136985803707,35008000
2009-12-04,7.46709680557251,7.585246619349687,7.46709680557251,7.561616927018746,30465000
2009-12-07,7.727027893066406,7.750657586667928,7.467097207082037,7.490727351391073,61805000
2009-12-08,7.727027893066406,7.727027893066406,7.60887762222874,7.727027893066406,29172000
2009-12-09,7.608877658843994,7.679767641404723,7.537987225575748,7.608877658843994,46041000
2009-12-10,7.514357089996338,7.63250736154161,7.467097251802739,7.60887766779857,56101000
2009-12-11,7.561616897583008,7.561616897583008,7.467096776504718,7.561616897583008,32334000
2009-12-14,7.5379862785339355,7.56161641998789,7.467096304879533,7.56161641998789,31876000
2009-12-15,7.5379862785339355,7.56161641998789,7.467096304879533,7.5379862785339355,28257000
2009-12-16,7.514357089996338,7.537987234446896,7.419836962901623,7.537987234446896,27208000
2009-12-17,7.396206378936768,7.561616929553752,7.396206378936768,7.537986786507399,56400000
2009-12-18,7.37257719039917,7.419837029013863,7.301686756415847,7.37257719039917,64471000
2009-12-21,7.561616897583008,7.679767161607742,7.490726919451163,7.514356611690118,100037000
2009-12-22,7.750657081604004,7.774287675080691,7.58524653292708,7.608877126403767,79118000
2009-12-23,7.868807792663574,7.939697774299007,7.821547504434944,7.8924383874854005,69211000
2009-12-24,7.84517765045166,7.9160676280316356,7.821547056981688,7.892437935976634,37116000
2009-12-25,7.797917366027832,7.8924379370911275,7.774287673969494,7.8924379370911275,26266000
2009-12-28,7.963327407836914,7.9869570983912865,7.8688068427895965,7.8688068427895965,47061000
2009-12-29,7.986959457397461,8.010590056346215,7.892439765847984,7.963329759863887,37223000
2009-12-30,8.05784797668457,8.081478571308509,8.010588590266726,8.03421828347565,73442000
2009-12-31,8.128738403320312,8.128738403320312,8.034217832954857,8.105107810021467,36657000
2010-01-04,8.034217834472656,8.128738404855968,7.939697264089345,8.128738404855968,30047000
2010-01-05,8.128738403320312,8.19962838038692,8.057847524838738,8.128738403320312,64811000
2010-01-06,8.695860862731934,8.695860862731934,8.105109433179287,8.12874003121048,140587000
2010-01-07,8.695860862731934,9.026682023847474,8.695860862731934,8.790381452026415,137376000
2010-01-08,8.601339340209961,8.719489600919356,8.435928794933817,8.695859007928506,55124000
2010-01-11,8.790379524230957,8.979419759946849,8.554079004232355,8.648598671382828,107861000
2010-01-12,8.672229766845703,8.90853030053951,8.57770919280218,8.790380033692607,53705000
2010-01-13,8.435930252075195,8.506820240462696,8.412299655002624,8.506820240462696,55935000
2010-01-14,8.483189582824707,8.530448968780494,8.435929295453914,8.435929295453914,27502000
2010-01-15,8.506819725036621,8.577709709128916,8.435929740944328,8.506819725036621,30826000
2010-01-18,8.435930252075195,8.554080533192733,8.294149373885086,8.412299655002624,47352000
2010-01-19,8.294149398803711,8.554080558892286,8.294149398803711,8.459559973148238,45429000
2010-01-20,8.55408000946045,8.55408000946045,8.341409155903829,8.412299139951017,65249000
2010-01-21,8.506819725036621,8.601340304769717,8.483190030810874,8.55408001490317,54695000
2010-01-22,8.365039825439453,8.45955950453249,8.270519244931355,8.41229921427844,51236000
2010-01-25,8.223258018493652,8.317778588240976,8.15236804189064,8.17599773361999,44211000
2010-01-26,7.797917366027832,8.294148110572706,7.750657080496184,8.270518418514367,78406000
2010-01-27,7.750657081604004,7.8451776526808095,7.727027389542288,7.8451776526808095,48210000
2010-01-28,7.797917366027832,7.963327914681114,7.750657080496184,7.750657080496184,72428000
2010-01-29,7.585248947143555,7.656139848721646,7.325318646074748,7.656139848721646,107284000
2010-02-01,7.325316429138184,7.5379868159716645,7.325316429138184,7.514356672832946,57493000
2010-02-02,7.37257719039917,7.514357156950771,7.301686756415847,7.514357156950771,48237000
2010-02-03,7.868807792663574,7.868807792663574,7.608877559528645,7.703397234570882,93317000
2010-02-04,7.797917366027832,8.105107869861087,7.797917366027832,7.939697321207804,129750000
2010-02-05,7.41983699798584,7.514357125527487,7.325316870444193,7.41983699798584,152460000
2010-02-08,7.561616897583008,7.632506875714853,7.514356611690118,7.608877183475897,44950000
2010-02-09,7.679767608642578,7.727027897286462,7.561617337740385,7.561617337740385,57855000
2010-02-10,7.679767608642578,7.797917879544772,7.656137915028152,7.727027897286462,80828000
2010-02-22,7.84517765045166,7.892437935976634,7.679767101821736,7.84517765045166,61113000
2010-02-23,7.703395843505859,7.703395843505859,7.561615905837353,7.561615905837353,67885000
2010-02-24,7.5379862785339355,7.632506393642292,7.467096304879533,7.632506393642292,75795000
2010-02-25,7.325316429138184,7.5379868159716645,7.254426450429521,7.5379868159716645,122052000
2010-02-26,7.301686763763428,7.325316908448314,7.183536491046519,7.278056619078542,69438000
2010-03-01,7.561616897583008,7.585246589821963,7.301686226587094,7.3489465124799835,66218000
2010-03-02,7.443466663360596,7.608877213940494,7.41983652031954,7.585246620191947,55086000
2010-03-03,7.514357089996338,7.514357089996338,7.419836962901623,7.490727396253297,39637000
2010-03-04,7.46709680557251,7.561616927018746,7.396206376457215,7.561616927018746,39114000
2010-03-05,7.608877658843994,7.632507352559226,7.514357081152999,7.561617369998497,60811000
2010-03-08,7.656137466430664,7.703396850890439,7.585246586911046,7.679767158660551,49140000
2010-03-09,7.727027893066406,7.727027893066406,7.561617333610667,7.679767604448334,53450000
2010-03-10,7.84517765045166,7.84517765045166,7.750657079401712,7.797917364926686,60107000
2010-03-11,7.892437934875488,7.963327912445574,7.8215470558904325,7.892437934875489,45855000
2010-03-12,7.916067123413086,7.916067123413086,7.797916867839756,7.892437432864385,26471000
2010-03-15,7.703395843505859,7.892436962283681,7.679766154366062,7.845176682589226,40518000
2010-03-16,7.797917366027832,7.797917366027832,7.6325068173745505,7.65613741084786,33025000
2010-03-17,7.939698219299316,7.939698219299316,7.797918248082036,7.892438829836939,57174000
2010-03-18,7.916067123413086,7.986957096474101,7.845177150352071,7.9396968139617865,46403000
2010-03-19,8.010588645935059,8.08147862746948,7.939697762985616,7.939697762985616,46844000
2010-03-22,7.916067123413086,7.916067123413086,7.821546558388457,7.916067123413086,38589000
2010-03-23,7.821547508239746,7.986958066412902,7.821547508239746,7.986958066412902,28338000
2010-03-24,7.916067123413086,7.986957096474101,7.916067123413086,7.9633274059254004,31445000
2010-03-25,7.892437934875488,7.963327912445574,7.797917363838728,7.916067626927194,24657000
2010-03-26,8.034217834472656,8.034217834472656,7.797917309929343,7.845177595120998,34905000
2010-03-29,7.916067123413086,8.057847069535116,7.916067123413086,8.034217378986416,45394000
2010-03-30,7.939698219299316,7.963328815445579,7.916068524568128,7.963328815445579,23162000
2010-03-31,7.963327407836914,8.105107353992977,7.939696815867627,7.9869570983912865,48792000
2010-04-01,7.986959457397461,8.081480050362119,7.939699160915133,7.963329759863887,53644000
2010-04-02,7.916067123413086,8.034217378986416,7.892437432864385,7.986957096474101,23168000
2010-04-06,8.05784797668457,8.10510826451743,7.963328302433866,7.963328302433866,44375000
2010-04-07,8.128738403320312,8.128738403320312,8.057847524838738,8.081478118137586,28942000
2010-04-08,8.05784797668457,8.152368552350291,8.05784797668457,8.128738859141368,34009000
2010-04-09,8.010588645935059,8.128738915630768,7.986958051146904,8.128738915630768,23792000
2010-04-12,8.010588645935059,8.034218339308191,7.939697762985616,8.034218339308191,16844000
2010-04-13,7.84517765045166,7.986957605611612,7.797917364926686,7.986957605611612,38188000
2010-04-14,7.868807792663574,7.916068080892203,7.727027829392708,7.8924383874854005,29241000
2010-04-15,7.84517765045166,8.010588199081583,7.797917364926686,7.986957605611612,57127000
2010-04-16,7.892437934875488,7.892437934875489,7.797917363838728,7.845177649357108,27250000
2010-04-19,7.656137466430664,7.774287730410057,7.6325068727857985,7.7506571367651915,45603000
2010-04-20,7.727027893066406,7.774288181684479,7.656137910846812,7.750657586667928,21840000
2010-04-21,7.727027893066406,7.797917875286,7.703397298049855,7.727027893066406,36248000
2010-04-22,7.679767608642578,7.727027897286462,7.632507319998695,7.656137915028152,26566000
2010-04-23,7.656137466430664,7.774287730410057,7.656137466430664,7.774287730410057,24050000
2010-04-26,7.939698219299316,8.03421880105422,7.750657957204585,7.750657957204585,72790000
2010-04-27,7.868807792663574,7.963328369120833,7.845178099256771,7.939697774299007,31874000
2010-04-28,7.750657081604004,7.774287675080691,7.6561374119421695,7.6561374119421695,47225000
2010-04-29,7.608877658843994,7.7270279302502205,7.585247063713728,7.7270279302502205,53383000
2010-04-30,7.561616897583008,7.750657139739587,7.537986754636563,7.656137469368787,55822000
2010-05-03,7.46709680557251,7.561616927018746,7.419836519495647,7.514356640941883,29053000
2010-05-04,7.396206378936768,7.537986786507399,7.348946543551551,7.537986786507399,39166000
2010-05-05,6.947235584259033,7.230796404313483,6.947235584259033,7.230796404313483,136375000
2010-05-06,6.970866680145264,7.136277256228345,6.947236533460886,6.947236533460886,76364000
2010-05-07,6.9944963455200195,7.041756184929141,6.829085780819273,6.899976215994249,58207000
2010-05-10,7.089015483856201,7.1362757673648956,7.041755200347506,7.089015483856201,43846000
2010-05-11,7.136276721954346,7.278056690030801,7.0890164321238425,7.278056690030801,87347000
2010-05-12,7.0417561531066895,7.230796862011466,7.018126458862679,7.230796862011466,39678000
2010-05-13,7.230796813964844,7.254426958759366,7.136276685494279,7.183536524375799,40029000
2010-05-14,7.183537006378174,7.230797299138299,7.183537006378174,7.183537006378174,23606000
2010-05-17,7.0417561531066895,7.1126465879613034,6.947236024008065,7.089016443009766,39815000
2010-05-18,6.947235584259033,7.0890159942862585,6.947235584259033,7.0417557073746835,34025000
2010-05-19,6.829085826873779,6.899976262526831,6.758195841928259,6.852715972091463,49597000
2010-05-20,6.616415977478027,6.876346695306178,6.616415977478027,6.852716548102242,78425000
2010-05-21,6.616415977478027,6.710936115586199,6.380115406853812,6.427375701261683,46297000
2010-05-24,6.758194923400879,6.805454756705482,6.710934639388804,6.781825065406917,43867000
2010-05-25,6.5218939781188965,6.64004422971269,6.5218939781188965,6.616414089252443,38856000
2010-05-26,6.616415977478027,6.6873059683822635,6.592785830274091,6.640046124681962,33431000
2010-05-27,6.663675308227539,6.710935145093423,6.521894896214878,6.61641502065415,28054000
2010-05-28,6.781825542449951,6.899975810083522,6.734565255113522,6.805455235410663,45207000
2010-05-31,7.136276721954346,7.136276721954346,6.805455594555879,6.899976174216884,48655000
2010-06-01,6.9944963455200195,7.089016475045791,6.947236055403369,7.089016475045791,32220000
2010-06-02,6.805455207824707,6.970865762124214,6.781825514959778,6.781825514959778,52278000
2010-06-03,7.0417561531066895,7.065386298058228,6.923605879056527,6.994496313911141,40730000
2010-06-04,6.923605442047119,7.089015995559849,6.923605442047119,7.089015995559849,36286000
2010-06-07,6.710934638977051,6.734564780981638,6.616414521666171,6.663674805675346,38642000
2010-06-08,6.616415977478027,6.6873059683822635,6.592785830274091,6.640046124681962,66251000
2010-06-09,6.5218939781188965,6.64004422971269,6.49826383765865,6.569153808331949,83134000
2010-06-10,6.592783451080322,6.640043728432976,6.545523624435076,6.6164135897566485,26357000
2010-06-11,6.758194923400879,6.852715040717558,6.710934639388804,6.852715040717558,27445000
2010-06-14,6.876344680786133,6.876344680786133,6.781824570368931,6.805454259942653,25557000
2010-06-15,6.947235584259033,6.994495871170608,6.829085317687595,6.87634560459917,32385000
2010-06-17,7.089015483856201,7.230795883674818,7.0653853421018535,7.112645625610548,106471000
2010-06-18,7.065385341644287,7.112645625149921,6.970865225340486,7.112645625149921,37968000
2010-06-21,7.112646102905273,7.183536082217927,7.065385816225173,7.136276246245323,67576000
2010-06-22,7.065385341644287,7.1599054579480885,7.065385341644287,7.136275766902738,29418000
2010-06-23,6.9944963455200195,7.065386329987466,6.9944963455200195,7.065386329987466,15351000
2010-06-24,6.89997673034668,7.04175670985043,6.876346583526868,7.018127013738181,34142000
2010-06-25,6.781825542449951,6.829085379078878,6.758195398781736,6.805455235410663,31587000
2010-06-28,6.805455207824707,6.876345638541997,6.781825514959778,6.852715494969567,21130000
2010-06-29,6.7345662117004395,6.899976790165582,6.7345662117004395,6.852716496116237,25321000
2010-06-30,6.781825542449951,6.829085379078878,6.592784843811737,6.616414987479951,49497000
2010-07-01,6.687304496765137,6.734564780772846,6.640044663464898,6.734564780772846,12852000
2010-07-02,6.663675308227539,6.710935145093423,6.592784876867456,6.592784876867456,39119000
2010-07-05,6.758194923400879,6.805454756705482,6.640044664078163,6.687304497382766,26776000
2010-07-06,6.876344680786133,6.876344680786133,6.6636743196705694,6.687304009244292,43772000
2010-07-07,6.947235584259033,6.947235584259033,6.899975748054958,6.923605440803246,64396000
2010-07-08,6.947235584259033,7.04508388076853,6.947235584259033,7.04508388076853,55255000
2010-07-09,7.0206217765808105,7.045083499451075,6.9472352082376485,7.0206217765808105,33297000
2010-07-12,7.0206217765808105,7.094007878346516,6.99615958713309,7.045083499451075,33869000
2010-07-13,7.0450849533081055,7.06954714780396,6.971698836398094,7.06954714780396,22736000
2010-07-14,7.265242576599121,7.289704298926283,7.094007720844314,7.094007720844314,73406000
2010-07-15,7.216318130493164,7.265242507839349,7.16739375314698,7.265242507839349,27700000
2010-07-16,7.240781307220459,7.240781307220459,7.118470813742335,7.216319115209333,40391000
2010-07-19,7.191856861114502,7.240781244714414,7.094008560492179,7.094008560492179,20648000
2010-07-20,7.216318130493164,7.265242507839349,7.16739375314698,7.240780319166257,17549000
2010-07-21,7.240781307220459,7.265243499231585,7.191856923198207,7.216319115209333,21908000
2010-07-22,7.167395114898682,7.240781694860861,7.167395114898682,7.240781694860861,20485000
2010-07-23,7.167395114898682,7.289705614924785,7.142933388155485,7.265243888181589,42569000
2010-07-26,7.240781307220459,7.265243499231585,7.191856923198207,7.240781307220459,29922000
2010-07-27,7.216318130493164,7.3141664186080915,7.216318130493164,7.2897042299349994,38043000
2010-07-28,7.1429338455200195,7.216319963603609,7.11847165063297,7.191857768716559,40089000
2010-07-29,7.069546699523926,7.142933278358046,7.020622780212035,7.142933278358046,31154000
2010-07-30,6.947235584259033,6.996159965802523,6.922773393487288,6.996159965802523,42328000
2010-08-02,7.094008445739746,7.1429328285482585,7.045084062931233,7.045084062931233,41565000
2010-08-03,7.0450849533081055,7.11847153679567,7.0450849533081055,7.094009342299815,26870000
2010-08-04,6.996159076690674,7.0450829854391515,6.9227725137018234,7.020621264353624,51962000
2010-08-05,7.0450849533081055,7.167395459209827,6.996161030893949,7.094009342299815,90148000
2010-08-06,7.0206217765808105,7.094007878346516,7.0206217765808105,7.0695456888987955,30528000
2010-08-09,7.069546699523926,7.118471085413339,6.996160587267328,6.996160587267328,31647000
2010-08-10,7.0206217765808105,7.142932257241958,7.0206217765808105,7.118470067794237,33659000
2010-08-11,6.971698760986328,7.02062314944883,6.947236566755077,6.996160955217579,26650000
2010-08-12,6.898312091827393,6.947236009790081,6.873849899557293,6.898312091827393,46170000
2010-08-13,6.898312091827393,6.947236009790081,6.849387707287194,6.922773817519982,50860000
2010-08-16,6.8493876457214355,6.922773755294592,6.8493876457214355,6.922773755294592,39626000
2010-08-17,6.8004631996154785,6.898311966924192,6.8004631996154785,6.849387583269835,40976000
2010-08-18,6.776002407073975,6.898312916468251,6.776002407073975,6.8249263308851456,39936000
2010-08-19,6.824925422668457,6.849387614607556,6.751539313428664,6.776001505367763,39127000
2010-08-20,6.776002407073975,6.849388526079514,6.776002407073975,6.800464135690777,20819000
2010-08-23,6.727076530456543,6.800462633248721,6.702614340666663,6.7515387202464225,37148000
2010-08-24,6.604766845703125,6.727077342845775,6.604766845703125,6.727077342845775,44645000
2010-08-25,6.4090704917907715,6.55584272093698,6.384608298073891,6.55584272093698,88847000
2010-08-26,6.482456207275391,6.580304509541405,6.360145712798497,6.409070097220258,89502000
2010-08-27,6.384607791900635,6.457993900655671,6.360145600123123,6.457993900655671,53748000
2010-08-30,6.384607791900635,6.506918284210695,6.384607791900635,6.457993900655671,26502000
2010-08-31,6.360145092010498,6.360145092010498,6.237834609471834,6.360145092010498,45361000
2010-09-01,6.335682392120361,6.384606767828056,6.335682392120361,6.384606767828056,29576000
2010-09-02,6.457993984222412,6.50691836841052,6.40907006661181,6.482456176316466,43505000
2010-09-03,6.5313801765441895,6.5313801765441895,6.457993604576205,6.457993604576205,34672000
2010-09-06,6.506917476654053,6.58030357630133,6.4824552879124795,6.555841387559757,31523000
2010-09-07,6.433531284332275,6.531380044985328,6.433531284332275,6.506917854822064,33492000
2010-09-08,6.482456207275391,6.482456207275391,6.409070097220258,6.409070097220258,26479000
2010-09-09,6.482456207275391,6.531380591697152,6.457994015064511,6.506918399486271,35090000
2010-09-10,6.555841445922852,6.580303634882198,6.506917534581604,6.531379723540952,45269000
2010-09-13,6.702614784240723,6.702614784240723,6.580304293774368,6.580304293774368,58966000
2010-09-14,6.824925422668457,7.0206224916037465,6.6781527376113665,6.727077121489565,106872000
2010-09-15,6.776002407073975,6.849388526079514,6.702615821490869,6.849388526079514,63805000
2010-09-16,6.702614784240723,6.776001358467032,6.702614784240723,6.776001358467032,27296000
2010-09-17,6.7515387535095215,6.77600094341992,6.702614373688723,6.702614373688723,47435000
2010-09-20,6.727076530456543,6.7515387202464225,6.678152150876783,6.727076530456543,28193000
2010-09-21,6.776002407073975,6.849388526079514,6.751540211879606,6.776002407073975,24778000
2010-09-23,6.776002407073975,6.800464135690777,6.702615821490869,6.776002407073975,27410000
2010-09-24,6.702614784240723,6.751539167058262,6.653690868000677,6.727076975649492,48956000
2010-09-27,6.727076530456543,6.776000910036303,6.702614340666663,6.7515387202464225,20612000
2010-09-28,6.727076530456543,6.727076530456543,6.653690427664365,6.653690427664365,30741000
2010-09-29,6.727076530456543,6.776000910036303,6.702614340666663,6.727076530456543,40281000
2010-09-30,6.776002407073975,6.800464135690777,6.727078016685237,6.751540211879606,31139000
2010-10-01,6.776002407073975,6.800464135690777,6.727078016685237,6.776002407073975,18966000
2010-10-04,6.7515387535095215,6.8249248566632525,6.727076563599122,6.77600094341992,32310000
2010-10-05,6.702614784240723,6.751539167058262,6.678152592831953,6.727076975649492,26085000
2010-10-06,6.8004631996154785,6.824925391442656,6.727077090711445,6.751539282538624,46290000
2010-10-07,6.8004631996154785,6.824925391442656,6.776001474365802,6.8004631996154785,35537000
2010-10-08,6.824925422668457,6.873849806546656,6.800463230729358,6.849387614607556,34256000
2010-10-11,6.8004631996154785,6.873849775097013,6.776001474365802,6.849387583269835,24384000
2010-10-12,6.653691291809082,6.751539597099137,6.604766905875293,6.751539597099137,51742000
2010-10-13,6.604766845703125,6.7026151501017415,6.580304652959091,6.7026151501017415,37567000
2010-10-14,6.702614784240723,6.727076975649492,6.653690868000677,6.678152592831953,31680000
2010-10-15,6.678153038024902,6.727077424103941,6.629229118523388,6.727077424103941,19917000
2010-10-18,6.5313801765441895,6.702614577981194,6.5313801765441895,6.678152387325199,30237000
2010-10-19,6.5313801765441895,6.555841900622704,6.506917985888195,6.5313801765441895,31758000
2010-10-20,6.629228591918945,6.653690783015267,6.482455911918501,6.506918103014822,31923000
2010-10-21,6.506917476654053,6.653690142526051,6.506917476654053,6.629227953784477,25835000
2010-10-22,6.555841445922852,6.629228012800892,6.531379723540952,6.531379723540952,25522000
2010-10-25,6.776002407073975,6.776002407073975,6.580305312096591,6.60476750729096,67800000
2010-10-26,6.776002407073975,6.849388526079514,6.727078016685237,6.8249263308851456,45418000
2010-10-27,6.7515387535095215,6.77600094341992,6.678152183778325,6.7515387535095215,29737000
2010-10-28,7.069546699523926,7.216319390614643,6.971698394322622,7.020622780212035,454055000
2010-10-29,7.118470668792725,7.16739458524126,7.020622369318159,7.094008477279709,229466000
2010-11-01,7.0450849533081055,7.167395459209827,7.0450849533081055,7.142933731291524,113218000
2010-11-02,7.069546699523926,7.142933278358046,7.020622780212035,7.020622780212035,73987000
2010-11-03,7.0450849533081055,7.142933731291524,6.996161030893949,7.11847153679567,86264000
2010-11-04,7.265242576599121,7.265242576599121,7.069545531939707,7.069545531939707,161858000
2010-11-05,7.534326076507568,7.534326076507568,7.289705093938134,7.338629477083019,230809000
2010-11-08,7.412015438079834,7.583250309110089,7.387553713570501,7.583250309110089,75862000
2010-11-09,7.436476707458496,7.5343249931005625,7.412014519403622,7.485401083568244,47052000
2010-11-10,7.436476707458496,7.485401083568244,7.363090609871303,7.46093889551337,52455000
2010-11-11,7.363092422485352,7.48540292629216,7.363092422485352,7.460940732215289,45671000
2010-11-12,7.1429338455200195,7.338630471461297,7.1429338455200195,7.338630471461297,75061000
2010-11-15,7.265242576599121,7.265242576599121,7.14293209865353,7.14293209865353,50191000
2010-11-16,7.314167022705078,7.314167022705078,7.216318726508593,7.314167022705078,43707000
2010-11-17,7.289704322814941,7.314166511799712,7.191856033453305,7.265242600407618,36523000
2010-11-18,7.191856861114502,7.240781244714414,7.1184707522921356,7.240781244714414,51290000
2010-11-19,7.191856861114502,7.289705161736825,7.191856861114502,7.289705161736825,37236000
2010-11-22,7.363092422485352,7.4120163440615485,7.216319724601673,7.28970584025474,56057000
2010-11-23,7.240781307220459,7.38755399270971,7.240781307220459,7.363091800698584,49579000
2010-11-24,7.167395114898682,7.240781694860861,7.142933388155485,7.142933388155485,34818000
2010-11-25,7.338630676269531,7.338630676269531,7.240782360568119,7.240782360568119,55645000
2010-11-26,7.289704322814941,7.412014801161349,7.289704322814941,7.387553078754025,57580000
2010-11-29,7.38755464553833,7.412016373133603,7.314168063019876,7.38755464553833,61608000
2010-11-30,7.38755464553833,7.509865149824876,7.338630257192694,7.38755464553833,82244000
2010-12-01,7.509865760803223,7.509865760803223,7.38755524656589,7.4364791723142725,64069000
2010-12-02,7.876795768737793,7.876795768737793,7.6077125965304475,7.632174787927023,195060000
2010-12-03,8.023568153381348,8.243727414021738,7.950182044219553,8.023568153381348,195064000
2010-12-06,8.023568153381348,8.121416921033745,7.925720318883957,8.072492537207546,76614000
2010-12-07,7.95018196105957,8.023568069453736,7.852333194430685,8.023568069453736,73483000
2010-12-08,7.876795768737793,7.999106259143178,7.876795768737793,7.974643601169109,44679000
2010-12-09,8.170342445373535,8.19480417412379,7.925721425250437,7.950183154000692,114596000
2010-12-10,7.974644184112549,8.096954683458785,7.925720730898099,8.096954683458785,62449000
2010-12-13,7.925720691680908,8.072492916908127,7.925720691680908,8.072492916908127,33886000
2010-12-14,7.8523335456848145,7.974644042864671,7.827871819510858,7.925720590516759,63171000
2010-12-15,7.95018196105957,7.95018196105957,7.827871469350962,7.852333194430685,46767000
2010-12-16,8.023568153381348,8.023568153381348,7.876795935057759,7.925720318883957,66262000
2010-12-17,8.170342445373535,8.292652955435084,8.096955392812497,8.121418054717887,145453000
2010-12-20,8.048029899597168,8.219263823846337,8.048029899597168,8.219263823846337,62711000
2010-12-21,8.048029899597168,8.12141600044037,7.999105521316734,8.072491622159935,29030000
2010-12-22,7.999105453491211,8.121415931577758,7.974642797980966,8.048029831356809,39369000
2010-12-23,7.974644184112549,8.023568570482054,7.950182457505324,7.974644184112549,34218000
2010-12-24,7.95018196105957,8.023568069453736,7.925720235979847,7.925720235979847,31276000
2010-12-27,7.95018196105957,7.974643686139293,7.8767958526654045,7.95018196105957,29819000
2010-12-28,7.925720691680908,8.023568530780704,7.901258032039672,7.974644144653281,30787000
2010-12-29,7.8523335456848145,7.925720590516759,7.827871819510858,7.876796205013809,45394000
2010-12-30,7.9012579917907715,7.925720651307396,7.82787187955099,7.852333605912569,40230000
2010-12-31,7.974644184112549,8.023568570482054,7.852333684766314,7.9012580711358185,56577000
2011-01-03,7.925720691680908,8.023568530780704,7.925720691680908,8.023568530780704,32075000
2011-01-04,7.925720691680908,7.974644144653281,7.901258032039672,7.925720691680908,27608000
2011-01-05,7.6077141761779785,7.901259134155378,7.6077141761779785,7.87679740425712,89570000
2011-01-06,7.778947353363037,7.778947353363037,7.5832507465350725,7.632175131530821,42701000
2011-01-07,7.778947353363037,7.974643960191001,7.754485627442677,7.778947353363037,70086000
2011-01-10,7.925720691680908,7.925720691680908,7.803409726362351,7.827871919426062,42872000
2011-01-11,8.145878791809082,8.170341450736451,7.87679607569319,7.95018218616525,133375000
2011-01-12,8.145878791809082,8.268189286980855,8.096954407109369,8.170341450736451,112920000
2011-01-13,8.121417045593262,8.21926488159136,8.096954386727472,8.145878771304032,62423000
2011-01-14,8.170342445373535,8.170342445373535,8.096955392812497,8.121418054717887,45223000
2011-01-17,8.439425468444824,8.51281159023505,8.21926616991898,8.21926616991898,153696000
2011-01-18,8.708507537841797,8.781894586987534,8.366038685500433,8.439424801491075,189319000
2011-01-19,8.830816268920898,8.904203303329998,8.635119687858076,8.757430167666703,186147000
2011-01-20,8.63512134552002,8.806356236754597,8.63512134552002,8.806356236754597,86274000
2011-01-21,8.561734199523926,8.61065858158077,8.414961986508361,8.51280981746708,68812000
2011-01-24,8.512809753417969,8.586195859373605,8.439423647462334,8.561734135106715,34369000
2011-01-25,8.512809753417969,8.659582898484206,8.488348029151078,8.561734135106715,46454000
2011-01-26,8.512809753417969,8.659582898484206,8.463885371729223,8.512809753417969,61372000
2011-01-27,8.806356430053711,8.904205208094128,8.610659807127982,8.610659807127982,193089000
2011-01-28,8.855280876159668,8.879742604249913,8.708507708152867,8.830818214914311,98079000
2011-02-08,8.6106595993042,8.953128447869743,8.586196938806964,8.904204993185438,99808000
2011-02-09,8.317113876342773,8.659583644513024,8.26818949043916,8.561734872705797,94833000
2011-02-10,8.145878791809082,8.31711367168057,8.145878791809082,8.31711367168057,63244000
2011-02-11,7.925720691680908,8.12141730303555,7.876796305553485,8.096954643394314,77188000
2011-02-14,8.023568153381348,8.121416921033745,7.974643769555149,8.072492537207546,48021000
2011-02-15,7.925720691680908,8.072492916908127,7.827871919426062,7.925720691680908,47466000
2011-02-16,7.974644184112549,8.048031230244334,7.876796344528594,7.925720730898099,45666000
2011-02-17,7.9012579917907715,8.023568489908756,7.876796265429193,8.023568489908756,37352000
2011-02-18,8.023568153381348,8.14587864636934,7.999106428045752,8.023568153381348,51012000
2011-02-21,7.974644184112549,8.048031230244334,7.950182457505324,8.048031230244334,27614000
2011-02-22,7.778947353363037,7.8767961233545325,7.705561242446929,7.8767961233545325,78629000
2011-02-23,7.534326076507568,7.754485334082056,7.485402159940179,7.705560950937171,92336000
2011-02-24,7.583250999450684,7.656637112814356,7.534326612823216,7.632175386078152,52836000
2011-02-25,7.534326076507568,7.656636567792285,7.485402159940179,7.6077126512248965,76622000
2011-03-01,7.730023384094238,7.754485576431192,7.534326311976118,7.534326311976118,66953000
2011-03-02,7.558787822723389,7.681098306801688,7.558787822723389,7.681098306801688,37998000
2011-03-03,7.681098461151123,7.705560651773837,7.55878797461503,7.6321745464831725,41201000
2011-03-04,7.778947353363037,7.8767961233545325,7.730023434944803,7.778947353363037,72299000
2011-03-07,7.632174491882324,7.7789467014136395,7.632174491882324,7.7789467014136395,27158000
2011-03-08,7.583250999450684,7.68109930612809,7.55878880613695,7.583250999450684,46097000
2011-03-09,7.412015438079834,7.63217469128373,7.363091522483681,7.63217469128373,114216000
2011-03-10,7.191856861114502,7.387553928936649,7.167394669314547,7.363091737136693,111803000
2011-03-11,7.265242576599121,7.265242576599121,7.094007720844314,7.094007720844314,50504000
2011-03-14,7.1429338455200195,7.216319963603609,7.045085065971821,7.191857768716559,62523000
2011-03-15,6.996159076690674,7.142931736090952,6.849386417290395,7.118469548428002,118936000
2011-03-16,6.898312091827393,7.142933081373363,6.849387707287194,7.045084312292968,90966000
2011-03-17,7.069546699523926,7.142933278358046,6.800463510287197,6.84938789617661,92281000
2011-03-18,7.1429338455200195,7.1429338455200195,6.996161142775281,7.11847165063297,55834000
2011-03-21,7.240781307220459,7.240781307220459,7.118470813742335,7.142933005753461,34507000
2011-03-22,7.191856861114502,7.289705161736825,7.167394669314547,7.289705161736825,37403000
2011-03-23,7.265242576599121,7.265242576599121,7.14293209865353,7.191856009885299,27283000
2011-03-24,7.338630676269531,7.387555067409024,7.240782360568119,7.2897062851300385,39311000
2011-03-25,7.38755464553833,7.436478567306421,7.289705868847057,7.38755464553833,52454000
2011-03-28,7.363092422485352,7.387554616562222,7.28970584025474,7.338630228408482,33662000
2011-03-29,7.412015438079834,7.460939820253475,7.363091522483681,7.363091522483681,33533000
2011-03-30,7.412015438079834,7.460939820253475,7.387553713570501,7.412015438079834,34641000
2011-03-31,7.485401630401611,7.485401630401611,7.338628957927567,7.460939440559693,32352000
2011-04-01,7.412015438079834,7.4854020113402955,7.387553713570501,7.4854020113402955,27189000
2011-04-06,7.509865760803223,7.632176275040554,7.509865760803223,7.583251882714588,86925000
2011-04-07,7.583250999450684,7.583250999450684,7.509864886087012,7.534326612823216,44306000
2011-04-08,7.632174491882324,7.632174491882324,7.534325730091481,7.583250110986903,51342000
2011-04-11,7.558787822723389,7.656636116670534,7.460939528776243,7.63217439311685,39262000
2011-04-12,7.509865760803223,7.5343274903886215,7.412016976151289,7.5343274903886215,23640000
2011-04-13,7.485401630401611,7.509863820243529,7.4120150608758575,7.509863820243529,34946000
2011-04-14,7.412015438079834,7.4854020113402955,7.412015438079834,7.4854020113402955,30212000
2011-04-15,7.289704322814941,7.460939179130891,7.289704322814941,7.4364769901461205,47182000
2011-04-18,7.216318130493164,7.2897042299349994,7.191855941820072,7.265242507839349,43223000
2011-04-19,7.289704322814941,7.289704322814941,7.1184699330764385,7.191856033453305,34752000
2011-04-20,7.38755464553833,7.412016373133603,7.314168063019876,7.38755464553833,33912000
2011-04-21,7.485401630401611,7.558787733349902,7.460939440559693,7.485401630401611,37020000
2011-04-22,7.436476707458496,7.509863271623118,7.436476707458496,7.485401083568244,21599000
2011-04-25,7.363092422485352,7.460940732215289,7.363092422485352,7.436478538138419,16889000
2011-04-26,7.460940837860107,7.460940837860107,7.314168137898169,7.338630332321417,30673000
2011-04-27,7.485401630401611,7.558787733349902,7.485401630401611,7.485401630401611,41641000
2011-04-28,7.38755464553833,7.509865149824876,7.38755464553833,7.485402955652057,39033000
2011-04-29,7.265242576599121,7.4120147768718745,7.2163181987899065,7.387553054544713,57223000
2011-05-03,7.314167022705078,7.338629213398569,7.265243107895576,7.338629213398569,27258000
2011-05-04,7.314167022705078,7.363091404092061,7.240780917202085,7.314167022705078,32399000
2011-05-05,7.338630676269531,7.387555067409024,7.265244556137866,7.314168480699785,15667000
2011-05-06,7.338630676269531,7.412016796401198,7.2897062851300385,7.338630676269531,24803000
2011-05-09,7.436476707458496,7.46093889551337,7.363090609871303,7.412014519403622,27984000
2011-05-10,7.38755464553833,7.485402955652057,7.363092451365512,7.485402955652057,19405000
2011-05-11,7.363092422485352,7.436478538138419,7.338630228408482,7.436478538138419,17355000
2011-05-12,7.289704322814941,7.387553078754025,7.289704322814941,7.338628700784484,34784000
2011-05-13,7.314167022705078,7.387553594785552,7.314167022705078,7.338629213398569,27129000
2011-05-16,7.314167022705078,7.387553594785552,7.289704832011587,7.363091404092061,28160000
2011-05-17,7.265242576599121,7.338628676735498,7.240780387694514,7.289704298926283,39795000
2011-05-18,7.1429338455200195,7.191857768716559,7.09400945574592,7.167395573829509,78456000
2011-05-19,7.216318130493164,7.240780319166257,7.16739375314698,7.191855941820072,39876000
2011-05-20,7.1429338455200195,7.240782158490658,7.1429338455200195,7.216319963603609,42395000
2011-05-23,7.094008445739746,7.1429328285482585,7.045084062931233,7.094008445739746,34355000
2011-05-24,7.069546699523926,7.069546699523926,6.971698394322622,7.069546699523926,45609000
2011-05-25,7.118470668792725,7.14293286030574,7.020622369318159,7.069546285766694,29817000
2011-05-26,7.118470668792725,7.191856776754275,7.069546285766694,7.191856776754275,26455000
2011-05-27,7.0206217765808105,7.142932257241958,7.0206217765808105,7.094007878346516,34105000
2011-05-30,7.191856861114502,7.216319052914458,7.069546368692223,7.094008560492179,41996000
2011-05-31,7.240781307220459,7.289705224665206,7.191856923198207,7.216319115209333,44781000
2011-06-01,7.363092422485352,7.4120163440615485,7.265244112755415,7.265244112755415,64240000
2011-06-02,7.363092422485352,7.363092422485352,7.265244112755415,7.28970584025474,43553000
2011-06-03,7.338630676269531,7.363092871839278,7.265244556137866,7.363092871839278,24367000
2011-06-07,7.265242576599121,7.338628676735498,7.240780387694514,7.289704298926283,31667000
2011-06-08,7.338630676269531,7.387555067409024,7.265244556137866,7.265244556137866,28935000
2011-06-09,7.314167022705078,7.387553594785552,7.314167022705078,7.387553594785552,16723000
2011-06-10,7.289704322814941,7.387553078754025,7.289704322814941,7.387553078754025,18897000
2011-06-13,7.167395114898682,7.265243888181589,7.118471194834758,7.240781694860861,33996000
2011-06-14,7.216318130493164,7.216318130493164,7.118469842378237,7.142932031051329,37192000
2011-06-15,7.240781307220459,7.265243499231585,7.118470813742335,7.191856923198207,47761000
2011-06-16,7.0450849533081055,7.142933731291524,6.996161030893949,7.094009342299815,54240000
2011-06-17,6.996159076690674,7.094007360765052,6.996159076690674,6.996159076690674,36832000
2011-06-20,6.947235584259033,7.069546071540275,6.922773393487288,7.069546071540275,28782000
2011-06-21,6.996159076690674,7.0450829854391515,6.971696889027723,6.971696889027723,26258000
2011-06-22,6.996159076690674,7.069545173102101,6.996159076690674,7.0450829854391515,29134000
2011-06-23,6.947235584259033,7.04508388076853,6.922773393487288,6.947235584259033,25337000
2011-06-24,6.873849868774414,6.94723597867856,6.849387676613863,6.922773786518008,42511000
2011-06-27,6.824925422668457,6.849387614607556,6.776001505367763,6.849387614607556,42441000
2011-06-28,6.8493876457214355,6.8738498377716555,6.800463261620994,6.8493876457214355,36631000
2011-06-29,6.971698760986328,6.996160955217579,6.898312644870122,6.922774372523826,37349000
2011-06-30,6.971698760986328,6.996160955217579,6.947236566755077,6.971698760986328,36563000
2011-07-01,6.971698760986328,7.02062314944883,6.947236566755077,6.996160955217579,40720000
2011-07-04,7.0206217765808105,7.045083499451075,6.97169739768537,7.0206217765808105,39987000
2011-07-05,6.971698760986328,7.045084877102534,6.947236566755077,7.045084877102534,35076000
2011-07-06,6.996159076690674,6.996159076690674,6.9227725137018234,6.971696889027723,25043000
2011-07-07,7.0206217765808105,7.094007878346516,6.97169739768537,6.99615958713309,46552000
2011-07-08,6.971698760986328,7.069547071333785,6.971698760986328,7.02062314944883,29739000
2011-07-11,6.873849868774414,6.996160362999661,6.873849868774414,6.94723597867856,27765000
2011-07-12,6.8004631996154785,6.849387583269835,6.776001474365802,6.8004631996154785,47551000
2011-07-13,6.8004631996154785,6.849387583269835,6.776001474365802,6.776001474365802,24547000
2011-07-14,6.727076530456543,6.84938701282848,6.653690427664365,6.800462633248721,39804000
2011-07-15,6.8004631996154785,6.8004631996154785,6.678152707057088,6.727077090711445,28665000
2011-07-18,6.776002407073975,6.8249263308851456,6.727078016685237,6.800464135690777,19417000
2011-07-19,6.776002407073975,6.776002407073975,6.702615821490869,6.776002407073975,27429000
2011-07-20,6.898312091827393,6.898312091827393,6.776001597054407,6.824925515017095,45776000
2011-07-21,7.069546699523926,7.069546699523926,6.84938789617661,6.898312282066024,130094000
2011-07-22,7.102220058441162,7.155221904362406,7.075719640943605,7.155221904362406,87728000
2011-07-25,6.9962158203125,7.102218990756343,6.969714901335792,6.9962158203125,21225000
2011-07-26,7.049218654632568,7.0492186546325675,6.969715886465184,6.996216809187645,24583000
2011-07-27,6.943216800689697,7.049220006444463,6.943216800689698,7.049220006444463,32049000
2011-07-28,6.916715621948242,6.943216548791275,6.863713768262178,6.89021469510521,20221000
2011-07-29,6.86371374130249,6.943216521519311,6.863713741302489,6.943216521519311,24637000
2011-08-01,6.943216800689697,6.969717223031022,6.837213089471777,6.863714017276258,20369000
2011-08-02,6.784211158752441,6.890214355435753,6.784211158752441,6.863713429899147,30105000
2011-08-03,6.704708099365234,6.73120902378414,6.651706755990517,6.73120902378414,32582000
2011-08-04,6.572203159332275,6.678206843727173,6.5192018225978545,6.651705922628449,52766000
2011-08-05,6.1216912269592285,6.254195363882748,6.1216912269592285,6.1216912269592285,67197000
2011-08-08,5.777178764343262,5.9891856352001165,5.6976765036863455,5.9891856352001165,105314000
2011-08-09,5.538671970367432,5.6446751625084985,5.379666929424285,5.379666929424285,126791000
2011-08-10,5.883183479309082,5.909683900511204,5.618175223582783,5.724178424780676,98655000
2011-08-11,5.724178314208984,5.830181513359255,5.618175115058714,5.671176461902287,74981000
2011-08-12,5.777178764343262,5.936183791120142,5.75067834776632,5.8301806084232375,93944000
2011-08-15,5.936183929443359,5.936183929443359,5.856681666933905,5.883182589591409,33473000
2011-08-16,5.936183929443359,6.042187114610319,5.909683006785856,5.9891857747583686,41510000
2011-08-17,5.883183479309082,5.9891866805069744,5.830181625978568,5.9891866805069744,50610000
2011-08-18,5.803679943084717,5.936184053682372,5.72417767891135,5.936184053682372,52163000
2011-08-19,5.671176910400391,5.697677838649533,5.6181755593652705,5.671176910400391,36887000
2011-08-22,5.671176910400391,5.777180117933796,5.644675982151248,5.724178766898675,21016000
2011-08-23,5.883183479309082,5.936184827176461,5.697677498115419,5.777179772648054,25120000
2011-08-24,5.803679943084717,5.909683130470227,5.72417767891135,5.909683130470227,39032000
2011-08-25,5.777178764343262,5.8301806084232375,5.75067834776632,5.80367968638325,26160000
2011-08-26,5.724178314208984,5.830181513359255,5.724178314208984,5.777179661052558,21976000
2011-08-29,5.83018159866333,5.883183451745523,5.7771797455811384,5.803680672122234,34439000
2011-08-30,5.883183479309082,5.9891866805069744,5.856682552643825,5.909683900511204,64068000
2011-08-31,5.989185333251953,6.015686253955883,5.883182155899259,5.989185333251954,29973000
2011-09-01,6.2276930809021,6.386698111719872,6.015686710120443,6.042187127370856,78182000
2011-09-02,6.148190498352051,6.254193678227838,6.095188655682641,6.254193678227838,40008000
2011-09-05,5.856682300567627,5.989186422727695,5.83018137504299,5.989186422727695,47354000
2011-09-06,5.777178764343262,5.8566815304632245,5.777178764343262,5.80367968638325,32980000
2011-09-07,6.042187690734863,6.042187690734863,5.803680375001691,5.830181300186067,39679000
2011-09-08,6.015686988830566,6.148191103073856,5.962685140948018,6.121690179132582,44775000
2011-09-09,5.989185333251953,6.015686253955883,5.883182155899259,5.936183491844096,23680000
2011-09-13,5.777178764343262,5.936183791120142,5.777178764343262,5.936183791120142,25291000
2011-09-14,5.697676658630371,5.883182612491932,5.671175735869711,5.830180766970612,33428000
2011-09-15,5.83018159866333,5.936184799364582,5.7771797455811384,5.883183451745523,31572000
2011-09-16,6.068687438964844,6.068687438964845,5.9891851842934,5.9891851842934,63291000
2011-09-19,5.936183929443359,6.042187114610319,5.936183929443359,6.042187114610319,12095000
2011-09-20,5.989185333251953,6.015686253955883,5.883182155899259,5.962684412548025,23399000
2011-09-21,6.042187690734863,6.042187690734863,5.909683570276089,6.015687271013593,18336000
2011-09-22,5.83018159866333,5.936184799364582,5.83018159866333,5.909683872823487,28031000
2011-09-23,5.697676658630371,5.830180766970612,5.6446748131090505,5.671175735869711,66329000
2011-09-26,5.7506794929504395,5.750679492950439,5.750679492950439,5.750679492950439,23287000
2011-09-27,6.095188617706299,6.095188617706298,5.883182259275639,5.883182259275639,53217000
2011-09-28,6.1216912269592285,6.174692578450735,5.989187090035709,6.174692578450735,48458000
2011-09-29,6.068687438964844,6.121689279054479,5.9626842642485824,6.068687438964845,23760000
2011-09-30,6.042187690734863,6.068688615919239,5.989186345829217,6.042187690734863,31645000
2011-10-03,5.989185333251953,6.0421866691967905,5.909682571140167,6.0421866691967905,25259000
2011-10-04,6.095188617706299,6.095188617706298,5.856681338106049,5.883182259275639,30600000
2011-10-05,6.068687438964844,6.174690613681107,6.068687438964845,6.121689279054479,17624000
2011-10-06,6.2276930809021,6.254194003615572,6.121689895511271,6.148190818224744,36994000
2011-10-07,6.307194709777832,6.307194709777833,6.254193375139982,6.254193375139982,33515000
2011-10-11,6.439699172973633,6.492701016106658,6.386697835303646,6.386697835303646,48167000
2011-10-12,6.439699172973633,6.466200094540145,6.333695992170622,6.466200094540145,17309000
2011-10-13,6.333696365356445,6.439699552405239,6.254194101435617,6.439699552405239,31458000
2011-10-14,6.307194709777832,6.360196549878692,6.254193375139982,6.280694295190411,14412000
2011-10-17,6.466200351715088,6.466200351715089,6.360197166696098,6.360197166696098,20379000
2011-10-18,6.307194709777832,6.386697469929121,6.280694295190411,6.360196549878692,14336000
2011-10-19,6.386698246002197,6.386698246002196,6.307195476190211,6.360197322731535,12916000
2011-10-20,6.386698246002197,6.4131991692728585,6.333696399460873,6.386698246002196,19882000
2011-10-21,6.386698246002197,6.4131991692728585,6.333696399460873,6.4131991692728585,11956000
2011-10-24,6.731208801269531,6.784210648355251,6.572203765475448,6.572203765475448,48061000
2011-10-25,6.731208801269531,6.810711571898111,6.678207459646887,6.810711571898111,31672000
2011-10-26,6.784211158752441,6.837212504362541,6.572204259922704,6.572204259922704,31873000
2011-10-27,6.9962158203125,7.022716739289208,6.810710398401521,6.837210811915241,77805000
2011-10-28,6.9962158203125,7.261223999153602,6.890212649868657,7.1552208287097585,65169000
2011-10-31,7.075720310211182,7.075720310211182,6.943216188338037,6.996217533809428,32232000
2011-11-01,6.969715595245361,7.049218360090834,6.916714257478085,7.049218360090834,40262000
2011-11-02,6.890214443206787,6.916715369080975,6.731209393424775,6.837212591458409,33957000
2011-11-03,6.757709980010986,6.890214097266104,6.651706787299511,6.890214097266104,28832000
2011-11-04,6.916715621948242,6.996217897014201,6.863713768262178,6.89021469510521,29055000
2011-11-07,6.86371374130249,6.969716942795115,6.810712393287744,6.91671559478037,10397000
2011-11-08,6.890214443206787,6.943216294955163,6.81071217104734,6.863713517332598,12794000
2011-11-09,6.916715621948242,6.996217897014201,6.916715621948242,6.996217897014201,15250000
2011-11-10,6.651707649230957,6.784211783656023,6.625206721253312,6.757710855678377,37033000
2011-11-11,6.784211158752441,6.784211158752441,6.625206110995917,6.7047083821426225,14308000
2011-11-14,6.969715595245361,6.969715595245362,6.890213335862928,6.890213335862928,27635000
2011-11-15,6.916715621948242,6.943216548791275,6.837212841419146,6.916715621948242,12616000
2011-11-16,6.890214443206787,6.969716715366233,6.837212591458409,6.943216294955163,18233000
2011-11-17,6.810711860656738,6.890214129192957,6.810711860656738,6.83721227986008,12588000
2011-11-18,6.67820930480957,6.7577115919412405,6.625207443079647,6.7577115919412405,23225000
2011-11-21,6.545702934265137,6.651706116283134,6.519202012394876,6.625205194412874,18514000
2011-11-22,6.651707649230957,6.731209927700733,6.492702586828245,6.545704442783536,30564000
2011-11-23,6.333696365356445,6.625205508837928,6.333696365356446,6.5457032449170995,41278000
2011-11-24,6.307194709777832,6.360196549878692,6.148190200401272,6.254193375139982,21810000
2011-11-25,6.439699172973633,6.731208299279192,6.439699172973633,6.439699172973633,45066000
2011-11-28,6.651707649230957,6.651707649230956,6.4662016588506,6.51920351480589,25607000
2011-11-29,6.67820930480957,6.784212522806202,6.572205581349725,6.704709730211317,33357000
2011-11-30,6.890214443206787,6.890214443206786,6.704708467550587,6.81071217104734,49348000
2011-12-01,7.022717475891113,7.20822342272251,7.022717475891113,7.1552215792098135,53149000
2011-12-02,6.969715595245361,7.075719281705991,6.943215179093243,7.022717438475676,14445000
2011-12-05,6.86371374130249,6.996217869534055,6.863713741302489,6.969716942795115,17147000
2011-12-06,6.757709980010986,6.916715021809746,6.757709980010986,6.890214097266104,13044000
2011-12-07,6.810711860656738,6.890214129192957,6.7842109359903,6.863713204526519,26167000
2011-12-08,6.784211158752441,6.837212504362541,6.651707036532523,6.810712084289047,24620000
2011-12-09,6.5987043380737305,6.704707521144436,6.5987043380737305,6.678207104474046,25550000
2011-12-12,6.651707649230957,6.757710855678377,6.598705793275666,6.651707649230956,11870000
2011-12-13,6.466200351715088,6.5722035367340785,6.466200351715089,6.519202196956112,22147000
2011-12-14,6.386698246002197,6.492701433621775,6.360197322731535,6.466200510351113,23306000
2011-12-15,6.2276930809021,6.333696266292928,6.2276930809021,6.333696266292928,34089000
2011-12-16,6.492701530456543,6.492701530456542,6.227693304723623,6.227693304723623,24173000
2011-12-19,6.439699172973633,6.572203275343156,6.307195070604109,6.519201937673169,29701000
2011-12-20,6.2276930809021,6.439699451683756,6.201192158188628,6.439699451683756,37679000
2011-12-21,6.5987043380737305,6.5987043380737305,6.413198894065759,6.466200232869587,30199000
2011-12-22,6.545702934265137,6.625205194412874,6.4927010905246165,6.545702934265137,15316000
2011-12-23,6.731208801269531,6.731208801269531,6.598704689018308,6.625205612561167,16844000
2011-12-26,6.6252055168151855,6.784210550311363,6.6252055168151855,6.731208703991615,17131000
2011-12-27,6.67820930480957,6.704709730211317,6.625207443079647,6.625207443079647,11031000
2011-12-28,6.704708099365234,6.704708099365235,6.598704907152707,6.678207680409422,18333000
2011-12-29,6.731208801269531,6.757709724812391,6.625205612561167,6.651706536104028,14709000
2011-12-30,6.731208801269531,6.810711571898111,6.731208801269531,6.757709724812391,13203000
2012-01-02,6.2276930809021,6.7577095133193,6.2276930809021,6.731208590605828,27460000
2012-01-03,6.360198020935059,6.863713596499793,6.360198020935059,6.784211323423355,62362000
2012-01-04,6.413198947906494,6.943215373172715,6.413198947906494,6.863712606104951,72931000
2012-01-05,6.969715595245361,6.969715595245362,6.863712414247771,6.890213335862928,70328000
2012-01-06,6.890214443206787,6.943216294955163,6.837212591458409,6.943216294955163,18841000
2012-01-09,6.837212562561035,6.8902144140854,6.784211216499786,6.8902144140854,13490000
2012-01-10,7.049218654632568,7.075719577355029,6.837211778315937,6.837211778315937,52430000
2012-01-11,7.128720283508301,7.1287202835083,6.969715266774042,7.1287202835083,56245000
2012-01-12,7.340729236602783,7.340729236602782,7.128722318612469,7.128722318612469,87623000
2012-01-13,7.340729236602783,7.44673244286636,7.2877273807394145,7.393730587002993,81922000
2012-01-16,7.128720283508301,7.420229396610606,7.1287202835083,7.420229396610606,41680000
2012-01-17,7.473232746124268,7.4732327461242685,7.26122584585522,7.314227697288262,68811000
2012-01-18,7.552734375,7.579235298461035,7.393729339696859,7.44673118661893,60049000
2012-01-30,8.05625057220459,8.05625057220459,7.817743252048282,7.84424417772412,158774000
2012-01-31,8.215255737304688,8.215255737304688,8.003249339817557,8.082751612509451,81361000
2012-02-01,8.2417573928833,8.347760601009838,8.109253256359334,8.215256464485874,86782000
2012-02-02,8.109251022338867,8.321257380186237,8.05624918014551,8.321257380186237,49179000
2012-02-03,8.162252426147461,8.162252426147461,8.029748325038163,8.10925108898156,33157000
2012-02-06,8.109251022338867,8.162252359069196,8.003247843415181,8.029748259048832,38676000
2012-02-07,8.13575267791748,8.18875401943268,8.082750830939206,8.109251754428344,36856000
2012-02-08,8.162252426147461,8.215254268776391,8.082750167667095,8.215254268776391,40730000
2012-02-09,8.00324821472168,8.082750476237154,7.8707441085538585,8.082750476237154,74102000
2012-02-10,7.950248718261719,8.135754723873106,7.923747788108206,8.029751003259054,46205000
2012-02-13,7.923745632171631,8.003248401000615,7.8707442917487045,7.8972447092286355,35318000
2012-02-14,7.81774377822876,8.00324976498216,7.81774377822876,8.00324976498216,34972000
2012-02-15,8.082751274108887,8.082751274108887,7.870744885497829,7.897245304976885,57653000
2012-02-16,8.00324821472168,8.135752320889504,7.976747292395506,8.109251398563329,30776000
2012-02-17,7.923745632171631,8.135752510252525,7.764740599976725,8.082750664366536,57545000
2012-02-20,7.870744228363037,8.082750599273512,7.870744228363037,8.056249676543938,28555000
2012-02-21,7.950248718261719,7.950248718261718,7.844245503110868,7.870746433264381,31793000
2012-02-22,7.923745632171631,7.97674747805762,7.8972447092286355,7.950246555114625,37255000
2012-02-23,7.844243049621582,7.950246231617203,7.844243049621582,7.923745309752537,27232000
2012-02-24,7.897244453430176,7.950246297599391,7.870744036808616,7.950246297599391,27941000
2012-02-29,8.215255737304688,8.215255737304688,8.003249339817557,8.003249339817557,102399000
2012-03-01,8.294757843017578,8.321258768535769,8.162253720889737,8.21525557192612,60037000
2012-03-02,8.188754081726074,8.321258194716668,8.10925181611695,8.321258194716668,25902000
2012-03-05,8.00324821472168,8.082750476237154,7.976747292395506,8.056249553910979,23896000
2012-03-06,7.923745632171631,8.05624974142354,7.844243368805709,8.003248401000615,43546000
2012-03-07,7.738241195678711,7.897245743229306,7.738241195678711,7.844244395866817,43407000
2012-03-08,7.81774377822876,7.870745633147774,7.738241501313388,7.844244705688267,23123000
2012-03-09,7.81774377822876,7.844244705688267,7.658738718934867,7.764741923309745,32742000
2012-03-12,7.738241195678711,7.844244395866817,7.738241195678711,7.844244395866817,13585000
2012-03-13,8.02975082397461,8.05625175353642,7.791243468844676,7.8177443984064885,51716000
2012-03-14,8.05625057220459,8.162253769444824,7.9767483006401925,8.109252423556265,59766000
2012-03-15,7.976747989654541,8.082751182762081,7.976747989654542,8.082751182762081,45998000
2012-03-16,7.923745632171631,8.135752510252525,7.92374563217163,8.05624974142354,44373000
2012-03-19,7.897244453430176,8.003248141768605,7.844243114724009,7.976747219683999,23465000
2012-03-20,7.950248718261719,8.056251933412568,7.897246857954693,8.003250578568743,19804000
2012-03-21,7.950248718261719,8.029751003259054,7.923747788108206,7.950248718261718,20558000
2012-03-22,8.109251022338867,8.188753280165875,7.950246001221825,7.950246001221825,43405000
2012-03-23,8.082751274108887,8.135753123993203,8.003249004745516,8.135753123993203,13043000
2012-03-26,7.897244453430176,8.056249480474774,7.870744036808616,8.056249480474774,36091000
2012-03-27,8.00324821472168,8.00324821472168,7.923745447743157,7.976747292395506,18337000
2012-03-28,8.00324821472168,8.00324821472168,7.897244525416982,7.950246370069331,12957000
2012-03-29,7.791240692138672,7.923744787261652,7.711738437250086,7.8972438671444545,41708000
2012-03-30,7.658738613128662,7.685239540222056,7.526234483124833,7.658738613128661,47296000
2012-04-02,7.526233673095703,7.6587377888384545,7.4732323300764545,7.6587377888384545,26442000
2012-04-03,7.605736255645752,7.658737597339757,7.552734408488671,7.579235332067212,28208000
2012-04-05,7.446732044219971,7.526234318295864,7.367229264680946,7.367229264680946,21845000
2012-04-06,7.420231342315674,7.499733618798083,7.420231342315674,7.44673226963086,41435000
2012-04-09,7.340729236602783,7.473233370798044,7.181724174475836,7.2877273807394145,26299000
2012-04-10,7.4997334480285645,7.579236228163836,7.473233026779943,7.473233026779943,39494000
2012-04-11,7.605736255645752,7.685238520918297,7.3937293724805055,7.473232143216126,29045000
2012-04-12,7.473232746124268,7.632237289497159,7.4732327461242685,7.632237289497159,22477000
2012-04-13,7.658738613128662,7.685239540222056,7.552735410218228,7.579236337311621,26809000
2012-04-16,7.552734375,7.605736221922071,7.499732528077928,7.579235298461035,9722000
2012-04-17,7.526233673095703,7.552734597336871,7.446731405835287,7.526233673095702,23798000
2012-04-18,7.4997334480285645,7.6587385028359725,7.499733448028565,7.632237576124216,21541000
2012-04-19,7.685239791870117,7.711740719831266,7.49973380160523,7.5527356575275295,24881000
2012-04-20,7.738241195678711,7.764741616628391,7.632237490027475,7.738241195678711,32244000
2012-04-23,7.976747989654541,7.976747989654542,7.791242022619026,7.791242022619026,45444000
2012-04-24,7.81774377822876,7.950247910063145,7.711740573853881,7.950247910063145,31361000
2012-04-25,7.897244453430176,7.950246297599391,7.791241270554794,7.817742192639401,37344000
2012-04-26,7.923745632171631,8.05624974142354,7.8707442917487045,8.05624974142354,53524000
2012-04-27,8.109251022338867,8.188753280165875,8.029748259048832,8.029748259048832,86990000
2012-04-30,8.109251022338867,8.215254201262553,8.05624918014551,8.135751943435546,48445000
2012-05-02,8.2417573928833,8.268258321280726,8.135754184756761,8.16225460769102,62663000
2012-05-03,8.2417573928833,8.2417573928833,8.188755536088447,8.215256464485874,21426000
2012-05-04,8.082751274108887,8.188754468414416,8.05625034916673,8.135753123993203,29939000
2012-05-07,7.685239791870117,7.950248060555294,7.658738863908968,7.950248060555294,77015000
2012-05-08,7.81774377822876,7.844244705688267,7.711740573853881,7.791242850769252,33274000
2012-05-09,7.658738613128662,7.817743670225884,7.605737264405016,7.817743670225884,37162000
2012-05-10,7.711738109588623,7.764739442108055,7.605734939086774,7.605734939086774,16445000
2012-05-11,7.791240692138672,7.791240692138671,7.6322356768984925,7.738239357367284,20699000
2012-05-14,7.791240692138672,7.844242532373068,7.711738437250086,7.844242532373068,13550000
2012-05-15,7.658738613128662,7.71174046731545,7.579236337311621,7.658738613128661,36910000
2012-05-16,7.31422758102417,7.658738093473383,7.31422758102417,7.605736748345947,48602000
2012-05-17,7.420231342315674,7.473233196946045,7.31422813851808,7.473233196946045,37362000
2012-05-18,7.022717475891113,7.287725682528514,7.022717475891113,7.287725682528514,60232000
2012-05-21,7.022717475891113,7.128720657453465,7.022717475891113,7.022717475891113,22314000
2012-05-22,7.075720310211182,7.128721655682573,7.049219384743931,7.102220730215322,26851000
2012-05-23,6.757709980010986,6.916715021809746,6.731209055467344,6.890214097266104,59757000
2012-05-24,6.651707649230957,6.837213134148153,6.572204865298021,6.784211783656023,65992000
2012-05-25,6.67820930480957,6.7577115919412405,6.625207443079647,6.651708373944609,36111000
2012-05-28,6.731208801269531,6.757709724812391,6.678207459646887,6.678207459646887,20938000
2012-05-29,7.049218654632568,7.155221840059354,6.757709515611612,6.757709515611612,69407000
2012-05-30,7.075720310211182,7.128721655682573,6.9167152628707855,7.128721655682573,40391000
2012-05-31,6.943216800689697,6.969717223031022,6.837213089471777,6.916715872885217,42233000
2012-06-01,6.651707649230957,6.837213134148153,6.625206721253312,6.837213134148153,63066000
2012-06-04,6.280695915222168,6.466201392498117,6.20119313456407,6.466201392498117,76357000
2012-06-05,6.254194736480713,6.413199785930661,6.227693810661869,6.360197934292972,56477000
2012-06-06,6.280695915222168,6.307196336645061,6.20119313456407,6.280695915222167,55102000
2012-06-07,6.307194709777832,6.41319838997955,6.254193375139982,6.41319838997955,37658000
2012-06-08,6.360198020935059,6.360198020935059,6.254194821678766,6.30719616857535,18774000
2012-06-11,6.413198947906494,6.492701209511207,6.360197103194651,6.439699364799364,33499000
2012-06-12,6.492701530456543,6.492701530456542,6.307195570258267,6.307195570258267,28515000
2012-06-13,6.519202709197998,6.519202709197998,6.439699935089586,6.519202709197998,23751000
2012-06-14,6.439699172973633,6.466200094540145,6.413198756870158,6.439699172973633,20810000
2012-06-15,6.492701530456543,6.492701530456542,6.413199264921897,6.4396996831247275,59569000
2012-06-18,6.545702934265137,6.678207038153394,6.519202012394876,6.625205194412874,45238000
2012-06-19,6.545702934265137,6.598704272542614,6.519202012394876,6.598704272542614,11904000
2012-06-20,6.731208801269531,6.731208801269531,6.598704689018308,6.651706536104028,31184000
2012-06-21,6.810711860656738,6.890214129192957,6.704708161990985,6.731209086657423,35872000
2012-06-22,6.6252055168151855,6.7047077808317415,6.6252055168151855,6.678207363134934,26366000
2012-06-25,6.492701530456543,6.598704719657095,6.492701530456542,6.5457033777883575,17075000
2012-06-26,6.492701530456543,6.572203795991188,6.4396996831247275,6.4396996831247275,21516000
2012-06-27,6.466200351715088,6.5722035367340785,6.466200351715089,6.4927012743356,18477000
2012-06-28,6.413198947906494,6.572203471115919,6.413198947906494,6.572203471115919,24482000
2012-06-29,6.837212562561035,6.837212562561035,6.4397001925176465,6.466201118279829,70007000
2012-07-02,7.102220058441162,7.155221904362406,6.9167146086429385,6.9167146086429385,71672000
2012-07-03,7.102220058441162,7.181722827323028,6.99621687206174,7.075719640943605,63933000
2012-07-04,6.9962158203125,7.128719909733051,6.969714901335792,7.102218990756343,38657000
2012-07-05,6.969715595245361,7.075719281705991,6.916714257478085,6.996216516860519,35940000
2012-07-06,6.890214443206787,7.02271856711461,6.863713517332598,7.02271856711461,59120000
2012-07-09,6.779862880706787,6.862543923798122,6.779862880706787,6.8074234036283165,43546000
2012-07-10,6.834982872009277,7.000345471070014,6.834982872009277,6.834982872009277,39270000
2012-07-11,6.807424068450928,6.8901051196170116,6.779863542837799,6.8901051196170116,17893000
2012-07-12,6.642061233520508,6.807423856374315,6.614500708765992,6.807423856374315,34153000
2012-07-13,6.614500999450684,6.669622051382096,6.55937994751927,6.586940473484977,25983000
2012-07-16,6.642061233520508,6.697181757356252,6.5869401840114765,6.614500708765992,22746000
2012-07-17,6.862544536590576,6.890105061973129,6.614500859494203,6.642061384876755,31451000
2012-07-18,6.697181224822998,6.862543834527828,6.697181224822998,6.834983311964815,25135000
2012-07-19,6.8901047706604,6.945225819094994,6.779863199464489,6.8074237236817865,30705000
2012-07-20,6.917664527893066,6.917664527893066,6.807422968920006,6.834982964408358,31222000
2012-07-23,6.779862880706787,6.8349834008765935,6.697181311942201,6.8074234036283165,30217000
2012-07-24,6.807424068450928,6.834984068390754,6.724742491611543,6.779863542837799,22124000
2012-07-25,6.669621467590332,6.779863036130407,6.669621467590331,6.669621467590331,29563000
2012-07-26,6.724742412567139,6.807423988434663,6.697181887277963,6.697181887277963,20869000
2012-07-27,6.834982872009277,6.862543392798269,6.779862356104506,6.834982872009277,22754000
2012-07-30,6.8901047706604,6.917665294877698,6.8349837222258065,6.8901047706604,15074000
2012-07-31,6.945227146148682,6.972787149958707,6.83498502821507,6.890106087181875,37322000
2012-08-01,6.917664527893066,6.945225049054637,6.834982964408358,6.890104006731497,18598000
2012-08-02,6.917664527893066,6.917664527893066,6.917664527893066,6.917664527893066,0
2012-08-03,6.834982872009277,6.89010391358726,6.807422876893497,6.862543392798269,26401000
2012-08-06,7.000345706939697,7.000345706939697,6.890104145742463,6.945225189177695,35514000
2012-08-07,7.000345706939697,7.000345706939697,6.9176646674600795,6.972785185222081,25994000
2012-08-08,7.027907371520996,7.110588424446036,7.000346845321546,7.110588424446036,24531000
2012-08-09,7.083028316497803,7.165709368168891,7.055467790716338,7.110588316605961,44236000
2012-08-10,7.000345706939697,7.0830272720925445,6.9176646674600795,7.0830272720925445,26953000
2012-08-13,6.8901047706604,7.110587913052223,6.8901047706604,7.110587913052223,22914000
2012-08-14,6.8901047706604,7.027906866073608,6.862544246443104,6.917665294877698,34126000
2012-08-15,6.862544536590576,6.917665587355681,6.779863486116218,6.862544536590576,33189000
2012-08-16,6.807424068450928,6.8901051196170116,6.807424068450929,6.834984068390754,29010000
2012-08-17,6.862544536590576,6.890105061973129,6.752302960733666,6.807424011498771,44937000
2012-08-20,6.697181224822998,6.862543834527828,6.669621227933231,6.862543834527828,49659000
2012-08-21,6.724742412567139,6.779863463145488,6.697181887277963,6.697181887277963,44548000
2012-08-22,6.642061233520508,6.6696217582750235,6.559379659256961,6.614500708765992,53599000
2012-08-23,6.724742412567139,6.724742412567138,6.64206136237291,6.669621887662085,31398000
2012-08-24,6.697181224822998,6.752302269949023,6.669621227933231,6.724741747386011,19169000
2012-08-27,6.642061233520508,6.779863331619799,6.642061233520508,6.752302806865283,21760000
2012-08-28,6.642061233520508,6.697181757356252,6.614500708765992,6.614500708765992,15327000
2012-08-29,6.642061233520508,6.697181757356252,6.642061233520508,6.697181757356252,22535000
2012-08-30,6.642061233520508,6.697181757356252,6.614500708765992,6.6696217582750235,29612000
2012-08-31,6.614500999450684,6.697182051674493,6.614500999450684,6.6420615254163895,16719000
2012-09-03,6.586940765380859,6.614501292567892,6.559380238193826,6.614501292567892,26727000
2012-09-04,6.586940765380859,6.642061819754925,6.559380238193826,6.614501292567892,17101000
2012-09-05,6.449138641357422,6.559380224196979,6.449138641357422,6.559380224196979,65210000
2012-09-06,6.421576976776123,6.531819065761846,6.421576976776123,6.449137499022554,22804000
2012-09-07,6.50425910949707,6.55937963311312,6.476698584852403,6.50425910949707,27622000
2012-09-10,6.669621467590332,6.669621467590331,6.586939896930327,6.586939896930327,32583000
2012-09-11,6.669621467590332,6.724741989023737,6.614500420483662,6.724741989023737,17341000
2012-09-12,6.614500999450684,6.697182051674493,6.586940473484977,6.697182051674493,28250000
2012-09-13,6.614500999450684,6.669622051382096,6.586940473484977,6.614500999450684,16803000
2012-09-14,6.752303123474121,6.807424175567725,6.614501018913425,6.669622071007028,76996000
2012-09-17,6.779862880706787,6.779862880706787,6.724741834863729,6.779862880706787,41848000
2012-09-18,6.724742412567139,6.779863463145488,6.697181887277963,6.752302937856313,27040000
2012-09-19,6.779862880706787,6.779862880706787,6.697181311942201,6.724741834863729,23219000
2012-09-20,6.724742412567139,6.752302937856313,6.697181887277963,6.752302937856313,22295000
2012-09-21,6.779862880706787,6.779862880706787,6.669621314693923,6.724741834863729,30472000
2012-09-24,6.697181224822998,6.724741747386011,6.669621227933231,6.697181224822998,17531000
2012-09-25,6.697181224822998,6.752302269949023,6.669621227933231,6.669621227933231,27603000
2012-09-26,6.642061233520508,6.697181757356252,6.614500708765992,6.6696217582750235,22419000
2012-09-27,6.697181224822998,6.724741747386011,6.614500182807206,6.614500182807206,32289000
2012-09-28,6.724742412567139,6.752302937856313,6.669621887662085,6.752302937856313,29828000
2012-10-01,6.614500999450684,6.697182051674493,6.586940473484977,6.669622051382096,24115000
2012-10-02,6.669621467590332,6.697181465470402,6.586939896930327,6.642060944036997,21881000
2012-10-03,6.642061233520508,6.697181757356252,6.614500708765992,6.697181757356252,13045000
2012-10-04,6.5593791007995605,6.642060668023702,6.531819104064756,6.614500145615655,26218000
2012-10-05,6.50425910949707,6.586940157757787,6.50425910949707,6.586940157757787,18086000
2012-10-08,6.50425910949707,6.55937963311312,6.50425910949707,6.50425910949707,17151000
2012-10-09,6.5593791007995605,6.586939623207608,6.531819104064756,6.531819104064756,19878000
2012-10-11,6.449138641357422,6.504259695613867,6.449138641357422,6.476699168485644,16169000
2012-10-12,6.421576976776123,6.504258543515416,6.394016980202932,6.449137499022554,34992000
2012-10-15,6.283775329589844,6.4215774247621935,6.256215331093994,6.4215774247621935,37673000
2012-10-16,6.283775329589844,6.338896377928094,6.228654806924869,6.311335853758969,33416000
2012-10-17,6.283775329589844,6.3664569020972195,6.256215331093994,6.338896377928094,22114000
2012-10-18,6.228653907775879,6.338895462864977,6.201093387585304,6.283774422483828,24269000
2012-10-19,6.145973205566406,6.228654777685648,6.118413207199931,6.201094253645901,33136000
2012-10-22,6.145973205566406,6.145973205566405,6.035731635080689,6.0632921591204365,21942000
2012-10-23,6.090852737426758,6.145973260324077,6.063292213141459,6.118413261712056,18070000
2012-10-24,6.145973205566406,6.201094253645901,6.008171111040942,6.035731635080689,17669000
2012-10-25,6.201093673706055,6.2562147166305095,6.118412634992597,6.1459726307816,19086000
2012-10-26,6.035732269287109,6.256215959099207,6.00817174235143,6.256215959099207,22096000
2012-10-29,5.980611801147461,6.063292857111466,5.980611801147461,6.0357323298990195,15166000
2012-10-30,6.063292026519775,6.09085254995679,6.008170979645746,6.008170979645746,18044000
2012-10-31,5.980611801147461,6.090853384323911,5.980611801147461,6.090853384323911,17530000
2012-11-01,5.815248966217041,5.980611598207128,5.787688439939807,5.980611598207128,36338000
2012-11-02,5.842809200286865,5.953050774209142,5.8152486753879735,5.870369199512467,29299000
2012-11-05,5.815248966217041,5.870369493098193,5.787688439939807,5.815248966217041,19422000
2012-11-06,5.815248966217041,5.815248966217041,5.73256738738534,5.787688439939807,38376000
2012-11-07,5.8703694343566895,5.897929960358141,5.815248908027098,5.84280943402855,48144000
2012-11-08,5.842809200286865,5.870369199512467,5.76012762559019,5.8152486753879735,33401000
2012-11-09,5.980611801147461,5.980611801147461,5.787688636333672,5.842809690758564,30143000
2012-11-12,5.8703694343566895,5.953051012361042,5.84280943402855,5.953051012361042,21895000
2012-11-13,5.787688732147217,5.870369789479984,5.760128204478514,5.870369789479984,30558000
2012-11-14,5.815248966217041,5.815248966217041,5.73256738738534,5.787688439939807,26368000
2012-11-15,5.842809200286865,5.842809200286865,5.732567100691298,5.8152486753879735,17922000
2012-11-16,5.815248966217041,5.870369493098193,5.760127913662574,5.842809492494275,17455000
2012-11-19,5.732567310333252,5.815248888053621,5.732567310333253,5.815248888053621,15346000
2012-11-20,5.6774468421936035,5.7876884212736766,5.677446842193603,5.76012789508533,21574000
2012-11-21,5.56720495223999,5.677446525164159,5.512083902941264,5.677446525164159,50355000
2012-11-22,5.56720495223999,5.622325475865432,5.512083902941264,5.56720495223999,41515000
2012-11-23,5.95305061340332,5.95305061340332,5.594764850742445,5.622325374896862,149393000
2012-11-26,6.11841344833374,6.145973447786386,6.03573187295592,6.11841344833374,74593000
2012-11-27,6.1735334396362305,6.1735334396362305,6.063291874328543,6.118412919819011,48766000
2012-11-28,6.1735334396362305,6.1735334396362305,6.090852397073777,6.1459729168909965,53321000
2012-11-29,6.11841344833374,6.173533972912326,6.0908529232078,6.145973447786386,61253000
2012-11-30,6.201093673706055,6.2562147166305095,6.09085211353037,6.09085211353037,92865000
2012-12-03,6.145973205566406,6.201094253645901,6.118413207199931,6.173533729606153,33925000
2012-12-04,6.11841344833374,6.11841344833374,6.03573187295592,6.0908529232078,52363000
2012-12-05,6.394017219543457,6.476698263704423,6.0632919915530765,6.118413038109226,124284000
2012-12-06,6.449138641357422,6.504259695613867,6.366457585646087,6.476699168485644,115901000
2012-12-07,6.421576976776123,6.586939584581469,6.394016980202932,6.504258543515416,94731000
2012-12-10,6.31133508682251,6.449137165249522,6.31133508682251,6.449137165249522,39386000
2012-12-11,6.283775329589844,6.3664569020972195,6.256215331093994,6.311335853758969,40593000
2012-12-12,6.366457462310791,6.394017988905093,6.311336409122188,6.394017988905093,37450000
2012-12-13,6.614500999450684,6.614500999450684,6.366457317105945,6.394017843071651,111926000
2012-12-14,6.449138641357422,6.531820222742089,6.4215781142292,6.531820222742089,67906000
2012-12-17,6.366457462310791,6.504259569608976,6.366457462310791,6.504259569608976,47444000
2012-12-18,6.421576976776123,6.476698021268985,6.366456457956501,6.366456457956501,46202000
2012-12-19,6.338895320892334,6.504257912658946,6.311334801319035,6.504257912658946,68332000
2012-12-20,6.449138641357422,6.586940751325201,6.311336531389642,6.39401811277431,145021000
2012-12-21,6.421576976776123,6.559379062335038,6.394016980202932,6.504258543515416,91991000
2012-12-24,6.338895320892334,6.421576353939046,6.338895320892334,6.421576353939046,25627000
2012-12-25,6.394017219543457,6.421577217148274,6.338896172987307,6.366456696265383,21531000
2012-12-26,6.421576976776123,6.531819065761846,6.394016980202932,6.394016980202932,49095000
2012-12-27,6.449138641357422,6.449138641357422,6.39401811277431,6.4215781142292,28958000
2012-12-28,6.449138641357422,6.531820222742089,6.449138641357422,6.504259695613867,44983000
2013-01-02,6.50425910949707,6.55937963311312,6.421577535563069,6.50425910949707,44160000
2013-01-03,6.807424068450928,6.91766564523014,6.586940389219202,6.586940389219202,171425000
2013-01-04,6.834982872009277,6.917664434376252,6.724741314526524,6.807422876893497,106365000
2013-01-07,6.724742412567139,6.834983988050541,6.669621887662085,6.834983988050541,55698000
2013-01-08,6.669621467590332,6.807423559683741,6.614500420483662,6.724741989023737,55489000
2013-01-09,6.531820297241211,6.642061881338136,6.531820297241211,6.6145013538955695,70636000
2013-01-10,6.50425910949707,6.614500682402454,6.50425910949707,6.614500682402454,52616000
2013-01-11,6.531820297241211,6.586940826453004,6.504259769798645,6.559380299010439,31115000
2013-01-14,6.50425910949707,6.531819634141737,6.449138060207736,6.531819634141737,37582000
2013-01-15,6.421576976776123,6.531819065761846,6.394016980202932,6.531819065761846,47158000
2013-01-16,6.338895320892334,6.449136873512346,6.338895320892334,6.421576353939046,42023000
2013-01-17,6.1735334396362305,6.394017095924854,6.1735334396362305,6.394017095924854,52153000
2013-01-18,6.338895320892334,6.366455840465634,6.228653768272323,6.228653768272323,48390000
2013-01-21,6.31133508682251,6.31133508682251,6.256214570855632,6.2837745660024655,19377000
2013-01-22,6.338895320892334,6.338895320892334,6.256214287845623,6.311334801319035,14498000
2013-01-23,6.31133508682251,6.394016649282644,6.2837745660024655,6.2837745660024655,31182000
2013-01-24,6.283775329589844,6.394017426266344,6.256215331093994,6.283775329589844,35509000
2013-01-25,6.201093673706055,6.338895755343967,6.201093673706055,6.283774712419513,30304000
2013-01-28,6.256215572357178,6.311336097147807,6.228655047125216,6.228655047125216,15050000
2013-01-29,6.366457462310791,6.394017988905093,6.2837758825278875,6.311336409122188,40671000
2013-01-30,6.421576976776123,6.421576976776123,6.33889593571007,6.421576976776123,39903000
2013-01-31,6.338895320892334,6.421576353939046,6.311334801319035,6.421576353939046,33478000
2013-02-01,6.394017219543457,6.421577217148274,6.338896172987307,6.338896172987307,25891000
2013-02-04,6.421576976776123,6.449137499022554,6.366456457956501,6.421576976776123,25443000
2013-02-05,6.283775329589844,6.394017426266344,6.283775329589844,6.394017426266344,28710000
2013-02-06,6.256215572357178,6.311336097147807,6.256215572357178,6.256215572357178,26057000
2013-02-18,6.145973205566406,6.256215301725396,6.090852683160184,6.256215301725396,81165000
2013-02-19,6.256215572357178,6.283775571915845,6.118413471870661,6.145973471429327,48618000
2013-02-20,6.201093673706055,6.283774712419513,6.173533152243827,6.283774712419513,43647000
2013-02-21,6.145973205566406,6.201094253645901,6.145973205566405,6.173533729606153,27592000
2013-02-22,6.1735334396362305,6.2286544851266985,6.1459729168909965,6.1459729168909965,35113000
2013-02-25,6.201093673706055,6.2562147166305095,6.173533152243827,6.201093673706055,25596000
2013-02-26,6.11841344833374,6.173533972912326,6.11841344833374,6.145973447786386,33795000
2013-02-27,6.11841344833374,6.145973447786386,6.06329239808186,6.0908529232078,28435000
2013-03-01,6.090852737426758,6.173533784609376,6.090852737426758,6.145973260324077,27494000
2013-03-04,6.008171081542969,6.1184131771607095,6.008171081542969,6.090852653256274,47592000
2013-03-05,6.11841344833374,6.145973447786386,6.03573187295592,6.03573187295592,45375000
2013-03-06,6.1735334396362305,6.2010939623814645,6.090852397073777,6.1735334396362305,31110000
2013-03-07,6.11841344833374,6.173533972912326,6.0908529232078,6.173533972912326,25985000
2013-03-08,6.090852737426758,6.173533784609376,6.090852737426758,6.118413261712056,37130000
2013-03-11,6.11841344833374,6.173533972912326,6.0908529232078,6.11841344833374,29477000
2013-03-12,6.1735334396362305,6.2562150078719325,6.090852397073777,6.118412919819011,56148000
2013-03-13,6.11841344833374,6.201094498038266,6.0908529232078,6.201094498038266,31752000
2013-03-14,6.394017219543457,6.504258786982498,6.394017219543457,6.504258786982498,164819000
2013-03-15,6.394017219543457,6.449137740426348,6.338896172987307,6.449137740426348,83241000
2013-03-18,6.1735334396362305,6.311335527689152,6.1735334396362305,6.311335527689152,54217000
2013-03-19,6.1735334396362305,6.2562150078719325,6.1735334396362305,6.2010939623814645,42185000
2013-03-20,6.145973205566406,6.201094253645901,6.118413207199931,6.145973205566405,34175000
2013-03-21,6.11841344833374,6.201094498038266,6.11841344833374,6.11841344833374,28357000
2013-03-22,6.11841344833374,6.173533972912326,6.11841344833374,6.11841344833374,25909000
2013-03-25,6.145973205566406,6.173533729606153,6.118413207199931,6.145973205566405,23912000
2013-03-26,6.201093673706055,6.228654195168282,6.1459726307816,6.173533152243827,38800000
2013-03-27,6.145973205566406,6.228654777685648,6.145973205566405,6.201094253645901,27155000
2013-03-28,6.11841344833374,6.201094498038266,6.11841344833374,6.201094498038266,25140000
2013-03-29,6.1735334396362305,6.2010939623814645,6.118412919819011,6.1459729168909965,19732000
2013-04-01,6.145973205566406,6.201094253645901,6.118413207199931,6.173533729606153,14920000
2013-04-02,6.201093673706055,6.228654195168282,6.1459726307816,6.1459726307816,31780000
2013-04-03,6.228653907775879,6.256214427966453,6.173532867394729,6.228653907775879,31704000
2013-04-08,6.090852737426758,6.145973260324077,6.035731688856161,6.118413261712056,50155000
2013-04-09,6.11841344833374,6.145973447786386,6.06329239808186,6.11841344833374,32402000
2013-04-10,6.063292026519775,6.118413073393805,6.063292026519775,6.063292026519775,40630000
2013-04-11,6.1735334396362305,6.2286544851266985,6.090852397073777,6.118412919819011,45354000
2013-04-12,6.090852737426758,6.201094308894674,6.090852737426758,6.201094308894674,32402000
2013-04-15,6.090852737426758,6.173533784609376,6.090852737426758,6.090852737426758,25377000
2013-04-16,6.201093673706055,6.201093673706055,6.0632915920681425,6.0632915920681425,34443000
2013-04-17,6.1735334396362305,6.2286544851266985,6.1459729168909965,6.2010939623814645,34718000
2013-04-18,6.11841344833374,6.173533972912326,6.0908529232078,6.145973447786386,24759000
2013-04-19,6.256215572357178,6.311336097147807,6.145973471429327,6.17353399666129,78254000
2013-04-22,6.1735334396362305,6.2562150078719325,6.1735334396362305,6.2562150078719325,25314000
2013-04-23,6.1735334396362305,6.2286544851266985,6.1459729168909965,6.2010939623814645,22622000
2013-04-24,6.283775329589844,6.283775329589844,6.173533758586619,6.228654806924869,29843000
2013-04-25,6.228653907775879,6.283774422483828,6.201093387585304,6.256214427966453,31878000
2013-04-26,6.1735334396362305,6.2562150078719325,6.1735334396362305,6.2286544851266985,28937000
2013-04-29,6.11841344833374,6.201094498038266,6.11841344833374,6.173533972912326,30573000
2013-04-30,6.201093673706055,6.228654195168282,6.173533152243827,6.173533152243827,42198000
2013-05-02,6.1735334396362305,6.2286544851266985,6.1459729168909965,6.1735334396362305,22921000
2013-05-03,6.283775329589844,6.338896377928094,6.173533758586619,6.173533758586619,45756000
2013-05-06,6.50425910949707,6.50425910949707,6.311335962657685,6.3388964873023514,108341000
2013-05-07,6.394017219543457,6.476698263704423,6.366456696265383,6.449137740426348,61396000
2013-05-08,6.669621467590332,6.669621467590331,6.421577281283583,6.421577281283583,171292000
2013-05-09,6.5593791007995605,6.779862754390695,6.559379100799561,6.779862754390695,188071000
2013-05-10,6.945227146148682,6.972787149958707,6.559380784727795,6.614501843694601,230583000
2013-05-13,7.193269729614258,7.22083025476608,7.055467629528441,7.055467629528441,308173000
2013-05-14,7.138148784637451,7.248390361198113,7.05546773363528,7.248390361198113,115387000
2013-05-15,7.165709972381592,7.1932705004869595,7.0003473294227305,7.138149444276223,105299000
2013-05-16,7.358633041381836,7.4964351543240175,7.110588817547234,7.220830928439654,169687000
2013-05-17,7.248390197753906,7.44131334663981,7.2208301984901695,7.358632297502018,74380000
2013-05-20,7.413753032684326,7.413753032684326,7.248390404029538,7.303511455472236,76147000
2013-05-21,7.772038459777832,7.772038459777832,7.441313217614541,7.441313217614541,170196000
2013-05-22,7.661797046661377,7.827159682521166,7.661797046661377,7.827159682521166,157721000
2013-05-23,7.386192798614502,7.661797015363899,7.358632797478223,7.63423701422762,134310000
2013-05-24,7.303510665893555,7.496433799412872,7.248389620409964,7.413752231187487,78609000
2013-05-27,7.634236812591553,7.634236812591553,7.275951024876415,7.331072077039763,106338000
2013-05-28,7.496434211730957,7.606675783088384,7.496434211730957,7.606675783088384,64798000
2013-05-29,7.523993968963623,7.689356583531966,7.523993968963624,7.634236062458026,70497000
2013-05-30,7.441311836242676,7.496432874928561,7.331070284544087,7.441311836242676,68313000
2013-05-31,7.275949954986572,7.551554123930559,7.275949954986573,7.523993601901513,60804000
2013-06-03,7.386192798614502,7.413753325424107,7.165709635484315,7.19327016229392,56499000
2013-06-04,7.661797046661377,7.661797046661377,7.386192828786172,7.441313882630544,131104000
2013-06-05,7.5515546798706055,7.661796250429458,7.5515546798706055,7.661796250429458,60580000
2013-06-06,7.413753032684326,7.523994609896415,7.358632506914934,7.441313558405675,68797000
2013-06-07,7.331070899963379,7.4964335042295005,7.303510378306822,7.413751939259826,51026000
2013-06-10,7.523993968963623,7.5791150157108245,7.413752401142482,7.468873447889683,67873000
2013-06-11,7.441311836242676,7.551553387941263,7.441311836242676,7.523992868598321,48761000
2013-06-13,7.220830917358398,7.413753559777383,7.220830917358398,7.331072502408295,81506000
2013-06-14,7.220830917358398,7.331072502408295,7.220830917358398,7.275951447046675,56769000
2013-06-17,7.331070899963379,7.33107089996338,7.193268817353817,7.220829339010375,33108000
2013-06-18,7.468873500823975,7.468873500823975,7.303510885083654,7.386191930117182,65296000
2013-06-19,7.358633041381836,7.551555684096884,7.358633041381836,7.4964351543240175,43049000
2013-06-20,7.165709972381592,7.331072615340452,7.138149444276223,7.275951559129715,72499000
2013-06-21,6.917664527893066,7.000345565704557,6.779862447758437,6.917664527893066,125920000
2013-06-24,7.055467128753662,7.165708695863057,6.89010451525294,6.917665038448603,87946000
2013-06-25,7.000345706939697,7.138147789854546,6.890104145742463,7.055466750374928,76284000
2013-06-26,7.468873500823975,7.468873500823975,7.248389837945792,7.248389837945792,142476000
2013-06-27,7.964961051940918,7.964961051940918,7.716917384017856,7.716917384017856,266331000
2013-06-28,7.992522239685059,8.020082766335879,7.882280658755102,8.020082766335879,179961000
2013-07-01,8.295685768127441,8.488608375118675,7.992521070657508,7.992521070657508,156997000
2013-07-02,8.102764129638672,8.378368355311235,8.047643599908165,8.323247825580728,136344000
2013-07-03,8.020081520080566,8.185444128616162,7.992520997712428,8.020081520080566,115489000
2013-07-04,8.075201988220215,8.295685640101688,8.047641991699114,8.102762510414554,107944000
2013-07-05,8.15788459777832,8.240565649258766,8.102763546342487,8.21300512354085,135968000
2013-07-08,7.991477966308594,8.444894711207054,7.963139284623591,8.27486370212783,117743000
2013-07-09,8.076495170593262,8.104833858242305,7.906463585214512,7.991479648161641,75075000
2013-07-10,7.878124713897705,8.10483366928913,7.849786567424837,7.991479461851166,80094000
2013-07-11,8.21818733215332,8.21818733215332,7.9064628769685505,7.991478932300103,119066000
2013-07-12,8.076495170593262,8.133172545891348,7.991479648161641,8.133172545891348,76948000
2013-07-15,8.16150951385498,8.16150951385498,8.019816636596975,8.104832687261037,73637000
2013-07-16,7.906462669372559,8.133171603788655,7.878123985006115,8.133171603788655,97330000
2013-07-17,7.566399574279785,7.821446635549971,7.566399574279785,7.821446635549971,171887000
2013-07-18,7.566399574279785,7.651415081198043,7.481383526846116,7.538060891801895,104064000
2013-07-19,7.22633695602417,7.4530453502030625,7.112982758934724,7.396368521916063,170769000
2013-07-22,7.3680291175842285,7.396367799216477,7.169658886673879,7.169658886673879,75231000
2013-07-23,7.651416301727295,7.708093675724066,7.4530460332540915,7.4530460332540915,120789000
2013-07-24,7.651416301727295,7.736431822206955,7.651416301727295,7.708093675724066,69166000
2013-07-25,7.594737529754639,7.764769079931468,7.594737529754639,7.708092256882789,50852000
2013-07-26,7.764770030975342,7.764770030975343,7.594738459972722,7.708093200984778,57281000
2013-07-29,7.509722709655762,7.764769787918341,7.509722709655763,7.764769787918341,57912000
2013-07-30,7.651416301727295,7.708093675724066,7.5380620942492484,7.5380620942492484,55760000
2013-07-31,7.566399574279785,7.679753763675933,7.566399574279785,7.651415081198043,32039000
2013-08-01,7.538061141967773,7.65141533512581,7.5380611419677725,7.65141533512581,28544000
2013-08-02,7.453044891357422,7.623076446781347,7.42470674921628,7.59473776412479,53084000
2013-08-05,7.566399574279785,7.566399574279785,7.453044844368226,7.453044844368226,29191000
2013-08-06,7.396368503570557,7.5947382128562015,7.368029819239623,7.5947382128562015,64966000
2013-08-07,7.22633695602417,7.339691153113616,7.22633695602417,7.311352468712393,81067000
2013-08-08,7.056305885314941,7.226337463138956,6.971290366660678,7.112983258094775,131063000
2013-08-09,6.971290111541748,7.1129829977905015,6.971290111541748,7.0563056270848135,64693000
2013-08-12,6.999629974365234,7.084645504209526,6.999629974365234,7.027968123969627,46892000
2013-08-13,7.084643840789795,7.11298252425604,7.027966473857305,7.027966473857305,42550000
2013-08-14,6.971290111541748,7.084644312437657,6.9429514261889045,7.084644312437657,41534000
2013-08-15,6.829596042633057,6.886272863008729,6.801257362187535,6.886272863008729,77141000
2013-08-16,6.772919654846191,6.829597023880399,6.716242826327433,6.716242826327433,77863000
2013-08-19,6.71624231338501,6.772919137575164,6.716242313385009,6.772919137575164,33525000
2013-08-20,6.687903881072998,6.82959675761897,6.687903881072997,6.7162425644852775,48179000
2013-08-22,6.659564018249512,6.687902696643001,6.4895324884039045,6.631225339856021,108463000
2013-08-23,6.942951679229736,6.971290365615404,6.772920101431217,6.801258787816884,133050000
2013-08-26,6.971290111541748,6.999628796894592,6.857935910645838,6.971290111541748,64220000
2013-08-27,6.91461181640625,6.942950497970433,6.857934993793278,6.942950497970433,50788000
2013-08-28,6.829596042633057,6.857934723078579,6.772918681742012,6.801257362187535,36314000
2013-08-29,6.801258563995361,6.886274079839116,6.801258563995361,6.829597249448435,37792000
2013-08-30,6.971290111541748,6.971290111541748,6.829597225292995,6.857935910645838,52029000
2013-09-02,6.942951679229736,6.971290365615404,6.886274306458402,6.971290365615404,30876000
2013-09-03,6.857934951782227,6.999627818219749,6.8579349517822275,6.971289136829167,32554000
2013-09-04,6.886273384094238,6.914612066684153,6.801257876839904,6.857935242019735,29097000
2013-09-05,6.971290111541748,6.971290111541748,6.91461274083606,6.9429514261889045,41209000
2013-09-06,6.91461181640625,6.999627861098797,6.91461181640625,6.971289179534615,29626000
2013-09-09,6.886273384094238,6.942950749274069,6.82959655942982,6.914612066684153,34290000
2013-09-10,7.084643840789795,7.084643840789795,6.914612280507754,6.942950963973999,82422000
2013-09-11,7.056305885314941,7.141321944484691,6.914612993880844,7.0846445717048585,64549000
2013-09-12,6.971290111541748,7.02796694173197,6.8862740554832165,6.971290111541748,49471000
2013-09-13,6.857934951782227,6.971289136829167,6.8579349517822275,6.971289136829167,33474000
2013-09-16,6.942951679229736,6.971290365615404,6.886274306458402,6.914612992844069,40321000
2013-09-17,6.857934951782227,6.9146117740480015,6.829596270391645,6.9146117740480015,26567000
2013-09-18,6.857934951782227,6.9146117740480015,6.8579349517822275,6.8579349517822275,24076000
2013-09-23,7.141320705413818,7.169658846371377,6.8579349717151015,6.8579349717151015,122994000
2013-09-24,7.396368503570557,7.566400069040714,7.197998253769465,7.197998253769465,195901000
2013-09-25,7.339690685272217,7.453044875136321,7.2830138605978725,7.396368050461976,86616000
2013-09-26,7.169658184051514,7.339689716666622,7.141320045711781,7.339689716666622,90026000
2013-09-27,7.197999000549316,7.283015062362386,7.141322166522772,7.197999000549316,62822000
2013-09-30,7.169658184051514,7.254674220616739,7.084642688001631,7.141320045711781,48193000
2013-10-01,7.141320705413818,7.226336209317276,7.141320705413818,7.141320705413818,30068000
2013-10-02,7.056305885314941,7.1979987767490385,7.056305885314941,7.141321944484691,42423000
2013-10-03,7.396368503570557,7.396368503570557,7.11298274129211,7.11298274129211,120930000
2013-10-04,7.283014297485352,7.396368494149253,7.254675613190514,7.368029809854416,44920000
2013-10-07,7.22633695602417,7.283014324826617,7.1979982716229465,7.254675640425393,28975000
2013-10-08,7.424707412719727,7.4247074127197275,7.197998471723014,7.226337156912035,50942000
2013-10-09,7.25467586517334,7.3680300657744695,7.25467586517334,7.3680300657744695,40335000
2013-10-11,7.141320705413818,7.368029076166635,7.141320705413818,7.339690394693685,73202000
2013-10-14,6.971290111541748,7.169659827980723,6.9429514261889045,7.141321683143345,55310000
2013-10-15,7.22633695602417,7.254675640425393,7.027966705731052,7.027966705731052,58601000
2013-10-16,7.056305885314941,7.226337463138956,7.056305885314941,7.141321944484691,37155000
2013-10-17,7.169658184051514,7.254674220616739,7.112981366856706,7.141320045711781,37583000
2013-10-18,7.339690685272217,7.339690685272218,7.226336495408114,7.254675178002993,69440000
2013-10-21,7.3680291175842285,7.396367799216477,7.2830136132028755,7.3680291175842285,48836000
2013-10-22,7.311352252960205,7.3963683036551195,7.254675426345694,7.311352252960205,45316000
2013-10-23,7.25467586517334,7.3680300657744695,7.25467586517334,7.339691380495321,31761000
2013-10-24,7.22633695602417,7.254675640425393,7.169659587221723,7.1979982716229465,29981000
2013-10-25,7.112981796264648,7.226335978012754,7.056304435132908,7.197997297446884,49851000
2013-10-28,7.169658184051514,7.226335541761664,7.084642688001631,7.112981366856706,31485000
2013-10-29,7.169658184051514,7.254674220616739,7.141320045711781,7.169658184051515,34464000
2013-10-30,7.424707412719727,7.4247074127197275,7.197998471723014,7.226337156912035,93855000
2013-10-31,7.056305885314941,7.3113529817932195,7.056305885314941,7.3113529817932195,143802000
2013-11-01,7.056305885314941,7.0846445717048585,7.027967198925025,7.0846445717048585,38758000
2013-11-04,6.999629974365234,7.027968123969627,6.942952594125336,7.027968123969627,52529000
2013-11-05,6.999629974365234,7.084645504209526,6.971291284245285,6.971291284245285,33477000
2013-11-06,6.971290111541748,7.02796694173197,6.9429514261889045,6.999628796894592,34158000
2013-11-07,7.056305885314941,7.056305885314941,6.942951680270761,6.971290366660678,26933000
2013-11-08,6.999629974365234,7.027968123969627,6.971291284245285,6.999629974365234,13264000
2013-11-11,6.886273384094238,6.9996281144539,6.886273384094238,6.971289431863984,27325000
2013-11-12,6.857934951782227,6.942950455438584,6.801257589001063,6.88627309265742,37719000
2013-11-13,6.801258563995361,6.857935934901509,6.772919878542287,6.829597249448435,52541000
2013-11-14,6.801258563995361,6.857935934901509,6.801258563995361,6.801258563995361,36202000
2013-11-15,6.829596042633057,6.886272863008729,6.801257362187535,6.857934723078579,21481000
2013-11-18,6.829596042633057,6.886272863008729,6.801257362187535,6.857934723078579,16855000
2013-11-19,6.829596042633057,6.857934723078579,6.801257362187535,6.857934723078579,31002000
2013-11-20,6.801258563995361,6.857935934901509,6.801258563995361,6.829597249448435,23858000
2013-11-21,6.74458122253418,6.801258593687765,6.716243077472856,6.801258593687765,27947000
2013-11-22,6.772919654846191,6.801258339363295,6.744580970329087,6.744580970329087,13065000
2013-11-25,6.801258563995361,6.857935934901509,6.772919878542287,6.829597249448435,17793000
2013-11-26,6.829596042633057,6.914611543454252,6.772918681742012,6.772918681742012,28411000
2013-11-27,6.886273384094238,6.914612066684153,6.82959655942982,6.82959655942982,25367000
2013-11-28,7.027966499328613,7.056305182897566,6.914612305568236,6.914612305568236,68234000
2013-11-29,6.971290111541748,7.084644312437657,6.971290111541748,7.0563056270848135,39035000
2013-12-02,6.971290111541748,7.0563056270848135,6.9429514261889045,6.971290111541748,25739000
2013-12-03,6.91461181640625,6.999627861098797,6.91461181640625,6.91461181640625,21652000
2013-12-04,6.886273384094238,6.942950749274069,6.857935242019735,6.886273384094238,28998000
2013-12-05,6.857934951782227,6.942950455438584,6.8579349517822275,6.9146117740480015,17328000
2013-12-06,6.857934951782227,6.9146117740480015,6.829596270391645,6.8579349517822275,19422000
2013-12-09,6.91461181640625,6.971289179534615,6.886273134842067,6.91461181640625,33775000
2013-12-10,6.942951679229736,6.971290365615404,6.914612992844069,6.942951679229736,15339000
2013-12-11,6.942951679229736,6.9996290520010715,6.886274306458402,6.942951679229736,18628000
2013-12-12,6.886273384094238,6.942950749274069,6.886273384094238,6.914612066684153,11965000
2013-12-13,6.91461181640625,6.942950497970433,6.886273134842067,6.91461181640625,13372000
2013-12-16,6.829596042633057,6.914611543454252,6.829596042633057,6.886272863008729,19520000
2013-12-17,6.829596042633057,6.886272863008729,6.829596042633057,6.886272863008729,17546000
2013-12-18,6.829596042633057,6.886272863008729,6.801257362187535,6.857934723078579,20161000
2013-12-19,6.857934951782227,6.9146117740480015,6.829596270391645,6.88627309265742,20039000
2013-12-20,6.942951679229736,6.971290365615404,6.8295974742025525,6.85793616058822,40103000
2013-12-23,6.999629974365234,7.027968123969627,6.942952594125336,6.971291284245285,44112000
2013-12-24,6.942951679229736,7.056305884256921,6.942951679229736,7.056305884256921,21930000
2013-12-25,6.91461181640625,6.971289179534615,6.91461181640625,6.942950497970433,21907000
2013-12-26,6.91461181640625,6.942950497970433,6.886273134842067,6.91461181640625,16225000
2013-12-27,6.971290111541748,6.999628796894592,6.8862740554832165,6.91461274083606,33557000
2013-12-30,7.027966499328613,7.027966499328613,6.97128967270614,6.9996283562750925,26590000
2013-12-31,6.999629974365234,7.056306814089576,6.971291284245285,7.027968123969627,29183000
2014-01-02,6.971290111541748,7.0563056270848135,6.971290111541748,6.999628796894592,31227000
2014-01-03,6.942951679229736,6.971290365615404,6.914612992844069,6.942951679229736,27555000
2014-01-06,7.027966499328613,7.169659376657943,6.9996283562750925,6.9996283562750925,106009000
2014-01-07,7.141320705413818,7.169658846371377,7.056304660994968,7.1129820239408685,78351000
2014-01-08,7.339690685272217,7.396368050461976,7.1979978128132345,7.1979978128132345,142101000
2014-01-09,7.283014297485352,7.396368494149253,7.283014297485352,7.368029809854416,88084000
2014-01-10,7.25467586517334,7.311352695216172,7.226337179894191,7.283014550452489,40721000
2014-01-13,7.169658184051514,7.311351037811547,7.141320045711781,7.311351037811547,51807000
2014-01-14,7.141320705413818,7.169658846371377,7.084643342467918,7.169658846371377,41592000
2014-01-15,7.197999000549316,7.283015062362386,7.169660313278293,7.197999000549316,72839000
2014-01-16,7.197999000549316,7.33969189638893,7.197999000549316,7.283015062362386,54125000
2014-01-17,7.22633695602417,7.254675640425393,7.1979982716229465,7.254675640425393,32276000
2014-01-20,7.25467586517334,7.25467586517334,7.197998494615042,7.226337179894191,23546000
2014-01-21,7.25467586517334,7.283014550452489,7.197998494615042,7.25467586517334,22986000
2014-01-22,7.22633695602417,7.254675640425393,7.1979982716229465,7.22633695602417,19427000
2014-01-23,7.283014297485352,7.368029809854416,7.226336928895678,7.226336928895678,67956000
2014-01-24,7.283014297485352,7.368029809854416,7.226336928895678,7.311352441264742,45724000
2014-01-27,6.999629974365234,7.1413228844494245,6.971291284245285,7.1413228844494245,99138000
2014-02-05,6.801258563995361,6.857935934901509,6.744581193089212,6.829597249448435,99630000
2014-02-06,6.829596042633057,6.886272863008729,6.801257362187535,6.801257362187535,43410000
2014-02-07,6.857934951782227,6.9146117740480015,6.8579349517822275,6.8579349517822275,37139000
2014-02-10,6.857934951782227,6.9146117740480015,6.8579349517822275,6.8579349517822275,15162000
2014-02-11,6.857934951782227,6.9146117740480015,6.8579349517822275,6.9146117740480015,24485000
2014-02-12,6.91461181640625,6.942950497970433,6.857934993793278,6.91461181640625,34879000
2014-02-13,6.91461181640625,6.942950497970433,6.886273134842067,6.91461181640625,12172000
2014-02-14,6.971290111541748,6.999628796894592,6.91461274083606,6.91461274083606,41534000
2014-02-17,6.91461181640625,7.027966002147586,6.91461181640625,6.999627861098797,17741000
2014-02-18,6.91461181640625,6.942950497970433,6.857934993793278,6.91461181640625,26726000
2014-02-19,6.942951679229736,6.942951679229736,6.886274306458402,6.914612992844069,12939000
2014-02-20,6.91461181640625,6.942950497970433,6.886273134842067,6.942950497970433,18866000
2014-02-21,6.971290111541748,6.971290111541748,6.91461274083606,6.9429514261889045,23412000
2014-02-24,6.942951679229736,6.9996290520010715,6.914612992844069,6.971290365615404,20778000
2014-02-25,6.942951679229736,6.971290365615404,6.914612992844069,6.942951679229736,20066000
2014-02-26,6.999629974365234,7.112984194329475,6.942952594125336,6.971291284245285,62414000
2014-02-27,6.971290111541748,7.084644312437657,6.971290111541748,7.0563056270848135,27761000
2014-03-03,7.084643840789795,7.169659350673101,6.999628330906489,6.999628330906489,99987000
2014-03-04,7.027966499328613,7.141321233604423,6.9996283562750925,7.084643866466518,39048000
2014-03-05,7.056305885314941,7.141321944484691,7.056305885314941,7.0846445717048585,33448000
2014-03-06,7.197999000549316,7.254676375091363,7.084644791980725,7.084644791980725,73491000
2014-03-07,7.169658184051514,7.283012899471814,7.141320045711781,7.254674220616739,73617000
2014-03-10,7.084643840789795,7.197998034139346,7.05630515732355,7.197998034139346,45788000
2014-03-11,7.22633695602417,7.254675640425393,7.0846440745335,7.141321443335947,58331000
2014-03-12,7.311352252960205,7.311352252960205,7.169659375650779,7.197998059215751,63302000
2014-03-13,7.396368503570557,7.481384016047913,7.339691134908689,7.339691134908689,183427000
2014-03-14,7.311352252960205,7.368029620090148,7.254675426345694,7.339690936525177,65196000
2014-03-17,7.339690685272217,7.396368050461976,7.311352002677339,7.339690685272218,44616000
2014-03-18,7.396368503570557,7.4247071879014905,7.339691134908689,7.396368503570557,56831000
2014-03-19,7.283014297485352,7.396368494149253,7.283014297485352,7.396368494149253,43066000
2014-03-20,7.169658184051514,7.226335541761664,7.169658184051515,7.226335541761664,50424000
2014-03-21,7.084643840789795,7.226336717605591,7.084643840789795,7.197998034139346,49710000
2014-03-24,7.169658184051514,7.169658184051515,7.056304009146556,7.084642688001631,26289000
2014-03-25,7.197999000549316,7.226337687820339,7.112983479251748,7.141322166522772,22977000
2014-03-26,7.311352252960205,7.339690936525177,7.226336742780722,7.254675426345694,50572000
2014-03-27,7.311352252960205,7.368029620090148,7.283014109910665,7.339690936525177,33023000
2014-03-28,7.311352252960205,7.424706987220091,7.283014109910665,7.311352252960205,56324000
2014-03-31,7.283014297485352,7.368029809854416,7.254675613190514,7.33969112555958,40620000
2014-04-01,7.3680291175842285,7.3680291175842285,7.2546749315706265,7.2830136132028755,34499000
2014-04-02,7.311352252960205,7.3963683036551195,7.311352252960205,7.368029620090148,49030000
2014-04-03,7.396368503570557,7.396368503570557,7.311352450577755,7.311352450577755,42293000
2014-04-07,7.339690685272217,7.396368050461976,7.311352002677339,7.339690685272218,41520000
2014-04-08,7.396368503570557,7.4247071879014905,7.311352450577755,7.311352450577755,34018000
2014-04-09,7.424707412719727,7.4247074127197275,7.339691357152661,7.4247074127197275,47038000
2014-04-10,7.481383800506592,7.594737994049107,7.42470697399305,7.481383800506592,80788000
2014-04-11,7.424707412719727,7.453045557393287,7.368030042341683,7.4247074127197275,32580000
2014-04-14,7.339690685272217,7.396368050461976,7.311352002677339,7.396368050461976,20626000
2014-04-15,7.339690685272217,7.368029367867097,7.2830138605978725,7.368029367867097,28795000
2014-04-16,7.283014297485352,7.368029809854416,7.283014297485352,7.368029809854416,35449000
2014-04-17,7.283014297485352,7.33969112555958,7.283014297485352,7.33969112555958,27520000
2014-04-18,7.339690685272217,7.368029367867097,7.2830138605978725,7.339690685272218,18092000
2014-04-21,7.311352252960205,7.368029620090148,7.283014109910665,7.339690936525177,15909000
2014-04-22,7.283014297485352,7.368029809854416,7.283014297485352,7.33969112555958,31869000
2014-04-23,7.481383800506592,7.538061167535565,7.339690923449591,7.368029606964077,90927000
2014-04-24,7.453044891357422,7.481383574013979,7.42470674921628,7.481383574013979,33380000
2014-04-25,7.25467586517334,7.45304558109645,7.14132166457221,7.396368751053618,62353000
2014-04-28,7.25467586517334,7.339691380495321,7.1696598093358945,7.1696598093358945,42048000
2014-04-29,7.396368503570557,7.481384016047913,7.283014306762267,7.339691134908689,63915000
2014-04-30,7.396368503570557,7.481384016047913,7.339691134908689,7.4247071879014905,59517000
2014-05-02,7.453044891357422,7.481383574013979,7.368029383903166,7.42470674921628,93213000
2014-05-05,7.339690685272217,7.4813835577312,7.339690685272218,7.453044875136321,48509000
2014-05-06,7.396368503570557,7.396368503570557,7.311352450577755,7.368029819239623,42918000
2014-05-07,7.3680291175842285,7.453044621965581,7.3680291175842285,7.396367799216477,47239000
2014-05-08,7.594737529754639,7.594737529754639,7.424706520093208,7.453044661359848,98276000
2014-05-09,7.509722709655762,7.623076906604081,7.481384025289821,7.594738222238139,40563000
2014-05-12,7.424707412719727,7.538061612960353,7.396368727530705,7.538061612960353,35289000
2014-05-13,7.424707412719727,7.481384242582309,7.4247074127197275,7.481384242582309,21001000
2014-05-14,7.566399574279785,7.566399574279785,7.453044844368226,7.453044844368226,44666000
2014-05-15,7.509722709655762,7.566400078387645,7.45304534092388,7.538061394021704,14644000
2014-05-16,7.509722709655762,7.509722709655763,7.424707197073385,7.45304534092388,20688000
2014-05-19,7.538061141967773,7.5663998253861395,7.4813837751310395,7.5380611419677725,19326000
2014-05-20,7.538061141967773,7.5663998253861395,7.4813837751310395,7.5380611419677725,23274000
2014-05-21,7.481383800506592,7.538061167535565,7.453045116992105,7.509722484021078,17443000
2014-05-22,7.566399574279785,7.594737716242264,7.509722209324005,7.538060891801895,38887000
2014-05-23,7.566399574279785,7.623076398720154,7.509722209324005,7.594737716242264,24868000
2014-05-26,7.594737529754639,7.594737529754639,7.538060706705961,7.594737529754639,27107000
2014-05-27,7.736431121826172,7.764769806259051,7.566400096259798,7.594738240177228,72153000
2014-05-28,8.019817352294922,8.048156038378588,7.764770258572894,7.764770258572894,123849000
2014-05-29,7.821446895599365,8.133171332189622,7.821446895599366,8.048155281929319,107562000
2014-05-30,7.963140487670898,8.048156005054398,7.793108912388418,7.878124429771919,96625000
2014-06-03,8.019817352294922,8.019817352294922,7.906463148475741,8.019817352294922,52370000
2014-06-04,8.104832649230957,8.104832649230957,8.019816598965814,8.076493965809243,48327000
2014-06-05,8.076495170593262,8.274865443621053,8.076495170593262,8.104833858242305,83143000
2014-06-06,8.274864196777344,8.274864196777344,8.104832637018687,8.218186830019315,53375000
2014-06-09,8.189848899841309,8.274864957797078,8.104833382401019,8.274864957797078,27886000
2014-06-10,8.133172035217285,8.274864924050231,8.076494663477916,8.246526238180547,40703000
2014-06-11,8.21818733215332,8.21818733215332,8.10483313222671,8.161509961932286,28868000
2014-06-12,8.529911041259766,8.558249723891608,8.27486397860401,8.27486397860401,146465000
2014-06-13,8.444896697998047,8.558251451406496,8.444896697998047,8.529912763054384,108704000
2014-06-16,8.33154010772705,8.50157164880625,8.33154010772705,8.444894288274726,68156000
2014-06-17,8.33154010772705,8.473232968540488,8.33154010772705,8.444894288274726,95294000
2014-06-18,8.21818733215332,8.388218902300963,8.161509961932286,8.388218902300963,91498000
2014-06-19,8.444896697998047,8.444896697998047,8.189849583860084,8.218188272212195,71719000
2014-06-20,8.246525764465332,8.50157284161056,8.246525764465332,8.50157284161056,43812000
2014-06-23,8.21818733215332,8.331541532079928,8.21818733215332,8.30320284696941,44851000
2014-06-24,8.246525764465332,8.33154127667526,8.18984839598175,8.246525764465332,32595000
2014-06-25,8.274864196777344,8.30320233964093,8.189848146640301,8.30320233964093,38197000
2014-06-26,8.558249473571777,8.699942342071209,8.303201877860484,8.33154055966345,137798000
2014-06-27,8.416556358337402,8.558249222683047,8.416556358337402,8.501571860738636,57083000
2014-06-30,8.473233222961426,8.529910585194767,8.416556401243469,8.416556401243469,72521000
2014-07-01,8.643265724182129,8.72828123641053,8.41655733122943,8.501572843457833,126616000
2014-07-02,8.67160415649414,8.954989909709534,8.643265473069516,8.728280982827961,167124000
2014-07-03,8.869975090026855,8.898313777383096,8.728282193761151,8.728282193761151,127596000
2014-07-04,9.351729393005371,9.465084121090486,8.954989466253679,8.954989466253679,198808000
2014-07-07,9.322504997253418,9.468626324389302,9.234832758378387,9.410177793534949,127768000
2014-07-08,9.117937088012695,9.410178654200198,9.088712819912635,9.351730118000077,82270000
2014-07-09,9.059487342834473,9.17638384222846,9.00103881443424,9.117935871234705,61225000
2014-07-10,9.176384925842285,9.293281439040259,9.088712680295442,9.264057728795672,84558000
2014-07-11,8.94259262084961,9.117937683495011,8.825696098221538,9.117937683495011,81759000
2014-07-14,9.264058113098145,9.527074860649444,9.030264519597157,9.059488788460602,98833000
2014-07-15,9.176384925842285,9.351729974342517,9.147160658191156,9.293281439040259,48485000
2014-07-16,9.030263900756836,9.176384677653893,9.001039633896118,9.147160410793175,41718000
2014-07-17,8.825695037841797,8.942591546425119,8.796470771344337,8.942591546425119,88359000
2014-07-18,8.913368225097656,8.913368225097656,8.650350913543305,8.708798895329505,55576000
2014-07-21,9.088713645935059,9.351730967926676,9.088713645935059,9.17638590079673,116940000
2014-07-22,9.176384925842285,9.234833461144543,9.059488412644313,9.117936947946571,57611000
2014-07-23,9.176384925842285,9.176384925842285,9.176384925842285,9.176384925842285,0
2014-07-24,9.147160530090332,9.205609064574052,9.08871255301315,9.147160530090332,42755000
2014-07-25,8.913368225097656,9.117937554865808,8.884143955501266,9.117937554865808,52967000
2014-07-28,8.679574012756348,8.854918491877482,8.679574012756348,8.825694783628297,77758000
2014-07-29,8.562677383422852,8.767246695957814,8.533453673694886,8.67957445196085,67850000
2014-07-30,8.7087984085083,8.738022676471056,8.591901894063826,8.591901894063826,53617000
2014-07-31,8.211987495422363,8.475004773462306,8.12431469780471,8.475004773462306,180511000
2014-08-01,7.919746398925781,7.978194376566317,7.890522131402242,7.91974639892578,144747000
2014-08-04,7.948970317840576,7.948970317840577,7.802849544037673,7.832073252873041,106515000
2014-08-05,7.715175628662109,7.890520643328474,7.715175628662109,7.861296381316341,109139000
2014-08-06,7.802849292755127,7.861297265950123,7.685952231552137,7.715176496852885,67248000
2014-08-07,7.773625373840332,7.94897041605154,7.773625373840332,7.861297616242674,63694000
2014-08-08,7.656729221343994,7.773625735792171,7.598280685416632,7.715177199864809,88209000
2014-08-11,7.744400501251221,7.773624765567427,7.59827973707667,7.59827973707667,54440000
2014-08-12,7.627504825592041,7.744401338081779,7.627504825592041,7.744401338081779,39163000
2014-08-13,7.6859517097473145,7.715175973064006,7.627503740520393,7.656728003837084,25730000
2014-08-14,7.773625373840332,7.89052188284563,7.715176840634422,7.715176840634422,59771000
2014-08-15,7.715175628662109,7.802848414698509,7.715175628662109,7.773624152686376,23166000
2014-08-18,7.656729221343994,7.773625735792171,7.656729221343995,7.715177199864809,24042000
2014-08-19,7.715175628662109,7.773624152686376,7.656727662044278,7.744399890674242,23109000
2014-08-20,7.744400501251221,7.83207273679336,7.744400501251221,7.773624765567427,39156000
2014-08-21,7.715175628662109,7.802848414698509,7.715175628662109,7.773624152686376,22918000
2014-08-22,7.89052152633667,8.007418030060359,7.715176492047889,7.715176492047889,90693000
2014-08-25,7.861297607421875,7.890521873992039,7.832073340851712,7.890521873992039,25885000
2014-08-26,7.919746398925781,7.978194376566317,7.832073596355165,7.861297863878703,50357000
2014-08-27,7.948970317840576,8.065866825401596,7.948970317840577,7.948970317840577,67756000
2014-08-28,7.978194236755371,8.007418503766779,7.890521993127676,7.948970527150493,48126000
2014-08-29,7.978194236755371,8.095091304801006,7.9197462601390844,7.948970527150493,43951000
2014-09-01,8.036643028259277,8.095091564154691,8.00741876031157,8.036643028259277,42995000
2014-09-02,7.83207368850708,8.036643006172266,7.832073688507081,8.036643006172266,50193000
2014-09-03,7.861297607421875,7.890521873992039,7.80284963168807,7.890521873992039,48218000
2014-09-04,7.83207368850708,7.890522224241861,7.802849978046237,7.890522224241861,21548000
2014-09-05,7.773625373840332,7.89052188284563,7.773625373840332,7.89052188284563,32909000
2014-09-09,7.802849292755127,7.861297265950123,7.802849292755127,7.832073000649376,21218000
2014-09-10,7.744400501251221,7.802849029883633,7.715176236935014,7.773624765567427,29065000
2014-09-11,7.715175628662109,7.773624152686376,7.685951366649976,7.744399890674242,19353000
2014-09-12,7.569055557250977,7.744400587699044,7.53983129260855,7.715176323056618,55423000
2014-09-15,7.539831638336182,7.569055904318642,7.452159397795311,7.539831638336181,35027000
2014-09-16,7.364487648010254,7.539832140776626,7.364487648010254,7.539832140776626,38596000
2014-09-17,7.539831638336182,7.627504436283562,7.422935131812851,7.4813836637777715,46844000
2014-09-18,7.510608196258545,7.598280439910282,7.481383929239122,7.598280439910282,16950000
2014-09-19,7.569055557250977,7.6275040865358275,7.53983129260855,7.569055557250977,32154000
2014-09-22,7.452159404754639,7.569055911387134,7.4229351387448865,7.569055911387134,30263000
2014-09-23,7.452159404754639,7.510607936774143,7.4229351387448865,7.452159404754639,23224000
2014-09-24,7.481383800506592,7.510608067023151,7.452159533990033,7.452159533990033,23141000
2014-09-25,7.422935962677002,7.539832482284795,7.364487981576392,7.510608770437777,43621000
2014-09-26,7.393710613250732,7.481383408203087,7.306038375704871,7.364486905673107,27481000
2014-09-29,7.364487648010254,7.452159894393439,7.364487648010254,7.422935626463528,32268000
2014-09-30,7.364487648010254,7.422935626463528,7.218366865767245,7.393711358533617,56792000
2014-10-01,7.335262775421143,7.4229350145773445,7.306038509900241,7.335262775421143,29947000
2014-10-02,7.422935962677002,7.422935962677002,7.276815173815618,7.306039443069209,26872000
2014-10-03,7.539831638336182,7.598280170301102,7.393710865830391,7.393710865830391,50995000
2014-10-06,7.539831638336182,7.598280170301102,7.4813836637777715,7.539831638336181,27623000
2014-10-07,7.481383800506592,7.539831776133188,7.4229352674734725,7.481383800506592,24531000
2014-10-08,7.539831638336182,7.627504436283562,7.393710865830391,7.422935131812851,37929000
2014-10-09,7.539831638336182,7.656728702266022,7.539831638336181,7.598280170301102,54941000
2014-10-13,7.18914270401001,7.30603922004949,7.159918435648501,7.30603922004949,61423000
2014-10-14,7.335262775421143,7.393710749056443,7.218366270744039,7.247589978858438,49759000
2014-10-15,7.247589588165283,7.335262380001842,7.189141617680716,7.306038116056322,57046000
2014-10-16,7.18914270401001,7.276814951687981,7.101469898925481,7.18914270401001,45597000
2014-10-17,7.043019771575928,7.2768127323509555,7.043019771575929,7.2768127323509555,55758000
2014-10-20,7.218366622924805,7.247590332465014,7.130693822084584,7.159918089031324,39974000
2014-10-21,7.18914270401001,7.247590683326472,7.159918435648501,7.218366972371519,12980000
2014-10-22,7.276813983917236,7.335262512866966,7.247589719442371,7.247589719442371,43018000
2014-10-23,7.3060383796691895,7.335262644669165,7.218366142075757,7.2475898496692395,22387000
2014-10-24,7.218366622924805,7.335263133305234,7.218366622924804,7.306038866358494,19606000
2014-10-27,7.218366622924805,7.306038866358494,7.218366622924804,7.306038866358494,16566000
2014-10-28,7.276813983917236,7.306038248392101,7.247589719442371,7.276813983917235,21187000
2014-10-29,7.393710613250732,7.452159143218968,7.306038375704871,7.335262640688989,47180000
2014-10-30,7.715175628662109,7.715175628662109,7.539830613995745,7.598279138020012,123118000
2014-10-31,7.83207368850708,7.832073688507081,7.656729196115832,7.773625710178847,52993000
2014-11-03,7.802849292755127,7.8905215312508705,7.744400762153632,7.8905215312508705,49726000
2014-11-04,7.802849292755127,7.861297265950123,7.715176496852885,7.802849292755127,35281000
2014-11-05,7.83207368850708,7.832073688507081,7.715177174444066,7.832073688507081,31427000
2014-11-06,7.773625373840332,7.832073349639719,7.715176840634422,7.802849640443288,30993000
2014-11-07,7.744400501251221,7.802849029883633,7.715176236935014,7.715176236935014,17392000
2014-11-10,7.948970317840576,8.065866825401596,7.773625277795789,7.802849544037673,99409000
2014-11-11,7.948970317840576,8.007418292917828,7.861297519114925,7.978194026675944,50033000
2014-11-12,7.861297607421875,7.978194116296009,7.861297607421875,7.890521873992039,31632000
2014-11-13,7.89052152633667,7.919745791619217,7.832072995771577,7.89052152633667,21834000
2014-11-14,7.978194236755371,8.007418503766779,7.861297726116267,7.890521993127676,48811000
2014-11-17,7.802849292755127,8.007418035047362,7.773625027454379,8.007418035047362,35675000
2014-11-18,7.715175628662109,7.861296381316341,7.627503400032145,7.8320721193042075,39647000
2014-11-19,7.861297607421875,7.861297607421875,7.685952565407415,7.715176831977578,47537000
2014-11-20,8.211987495422363,8.241211761294915,7.861297419764767,7.890521685637319,179240000
2014-11-21,8.211987495422363,8.270435469760956,8.12431469780471,8.241211761294915,76747000
2014-11-24,8.12431526184082,8.2704360439416,8.12431526184082,8.241212333446683,39244000
2014-11-25,8.182764053344727,8.182764053344727,8.09509180430723,8.182764053344727,28237000
2014-11-26,8.095091819763184,8.182764068968071,8.095091819763184,8.153539800097587,27823000
2014-11-27,8.15353775024414,8.328882761977585,8.124313488720828,8.182762011767451,85455000
2014-11-28,8.036643028259277,8.182763810591265,8.036643028259277,8.182763810591265,55033000
2014-12-01,7.978194236755371,8.095091304801006,7.832073459104858,7.861297726116267,49268000
2014-12-02,7.919746398925781,8.007418644089856,7.861297863878703,7.978194376566317,41457000
2014-12-03,8.12431526184082,8.12431526184082,7.948970769245121,8.007418747641504,35677000
2014-12-04,8.416556358337402,8.562677132318305,8.182763342930564,8.182763342930564,168026000
2014-12-05,8.32888412475586,8.475004898874383,8.32888412475586,8.387332657365876,64596000
2014-12-08,8.32888412475586,8.56267714038289,8.32888412475586,8.416556366264366,77734000
2014-12-09,8.32888412475586,8.387332657365876,8.270435592145843,8.270435592145843,40105000
2014-12-10,8.095091819763184,8.299660587043444,8.095091819763184,8.27043631817296,52000000
2014-12-11,8.095091819763184,8.182764068968071,7.978194744281243,8.065867550892698,36887000
2014-12-12,8.06586742401123,8.211988208658513,8.06586742401123,8.182763940247744,27171000
2014-12-15,8.387332916259766,8.445780893267393,8.065867091794944,8.065867091794944,67593000
2014-12-16,8.15353775024414,8.387331285024208,8.15353775024414,8.358107023500898,86917000
2014-12-17,7.948970317840576,8.153539066720732,7.948970317840577,8.09509109164348,74664000
2014-12-18,8.15353775024414,8.211986273290764,8.06586552308063,8.095089784603942,60406000
2014-12-19,8.32888412475586,8.416556366264366,8.211987616942343,8.24121188324735,103833000
2014-12-22,8.445780754089355,8.533453554265838,8.358108511319399,8.416556487363861,73673000
2014-12-23,8.621125221252441,8.65034948602612,8.504228719564214,8.504228719564214,102110000
2014-12-24,8.679574012756348,8.767246252316914,8.621125481444967,8.650349747100657,71215000
2014-12-25,8.591900825500488,8.767245854063045,8.562676561172315,8.7087973254067,27202000
2014-12-26,8.650349617004395,8.650349617004395,8.504228848330017,8.591901086572044,27794000
2014-12-29,8.591900825500488,8.767245854063045,8.591900825500488,8.650349354156834,63979000
2014-12-30,8.475005149841309,8.738022439561973,8.3873329057366,8.679574462627679,60563000
2014-12-31,8.621125221252441,8.65034948602612,8.475004454790534,8.504228719564214,45368000
2015-01-05,8.913368225097656,9.030264746076638,8.562678104754132,8.621126643946914,115816000
2015-01-06,8.621125221252441,8.825694517261704,8.621125221252441,8.767245987714347,73895000
2015-01-07,8.650349617004395,8.738021855246421,8.56267682135587,8.62112535178822,46863000
2015-01-08,8.7087984085083,8.825695480359323,8.7087984085083,8.767246944433811,65614000
2015-01-09,8.825695037841797,8.942591546425119,8.767246504846877,8.884143013430197,93567000
2015-01-12,9.205609321594238,9.410178640592287,8.913367755829341,8.913367755829341,232802000
2015-01-13,9.088713645935059,9.322506697170585,9.059489375178966,9.234834442308912,102386000
2015-01-14,8.913368225097656,9.059489015673028,8.854919685904877,9.030264746076638,106271000
2015-01-15,8.796470642089844,9.030263655821152,8.796470642089844,8.913367148955498,96255000
2015-01-16,8.591900825500488,9.03026311820364,8.591900825500488,8.82569438271939,161590000
2015-01-19,8.796470642089844,8.854918616819415,8.708797843885717,8.738022109953759,79718000
2015-01-20,8.884142875671387,8.942591407759997,8.854918609627083,8.913367141715693,45314000
2015-01-21,8.854918479919434,8.971815542384334,8.796470506093486,8.942591276768109,47758000
2015-01-22,9.030263900756836,9.08871243447827,8.913367390720495,8.942591657581213,85502000
2015-01-23,9.117937088012695,9.176385066806265,9.059488551812574,9.147160798706205,95295000
2015-01-26,9.059487342834473,9.17638384222846,9.00103881443424,9.059487342834473,55949000
2015-01-27,9.030263900756836,9.117936701338987,8.942591657581213,9.117936701338987,58564000
2015-01-28,9.147160530090332,9.147160530090332,8.942591774210387,9.00103975128757,87927000
2015-01-29,8.971816062927246,9.17638481929685,8.913367528303624,9.147160551985039,101729000
2015-01-30,9.001039505004883,9.117936570773832,8.971815795969166,9.059488037889357,84579000
2015-02-02,9.030263900756836,9.08871243447827,8.971815924441929,9.030263900756836,55795000
2015-02-03,9.147160530090332,9.205609064574052,9.08871255301315,9.08871255301315,99918000
2015-02-04,9.147160530090332,9.293281308893095,9.147160530090332,9.264057599057772,106648000
2015-02-05,9.205609321594238,9.234833589652037,9.11793707482739,9.234833589652037,52986000
2015-02-06,9.147160530090332,9.234833331815912,9.147160530090332,9.234833331815912,43503000
2015-02-09,9.147160530090332,9.205609064574052,9.08871255301315,9.147160530090332,38957000
2015-02-10,9.001039505004883,9.234833079136262,9.001039505004883,9.205608812694026,42900000
2015-02-11,9.205609321594238,9.234833589652037,9.05948853871179,9.11793707482739,73934000
2015-02-12,9.147160530090332,9.264057599057772,9.117936820255007,9.264057599057772,40397000
2015-02-13,9.117937088012695,9.205609334906326,9.059488551812574,9.176385066806265,45647000
2015-02-24,9.264058113098145,9.264058113098145,9.117937326187489,9.2348338442347,70595000
2015-02-25,9.380953788757324,9.380953788757324,9.234833563692183,9.26405783166783,88001000
2015-02-26,9.351730346679688,9.38095405808781,9.234833828827504,9.351730346679688,67130000
2015-03-02,9.264058113098145,9.4101789000088,9.205609575371255,9.380954073738788,60203000
2015-03-03,9.264058113098145,9.322506093418466,9.176385306507813,9.293281824555022,47857000
2015-03-04,9.205609321594238,9.322505836418888,9.205609321594238,9.234833589652037,50751000
2015-03-05,9.147160530090332,9.264057599057772,9.147160530090332,9.176384797332192,51109000
2015-03-06,9.147160530090332,9.205609064574052,9.08871255301315,9.147160530090332,55247000
2015-03-09,9.176384925842285,9.176384925842285,9.059488412644313,9.117936947946571,58867000
2015-03-10,9.176384925842285,9.293281439040259,9.176384925842285,9.205609193493414,61412000
2015-03-11,9.147160530090332,9.293281308893095,9.08871255301315,9.117936820255007,56671000
2015-03-12,9.234833717346191,9.293281696863428,9.147160911960501,9.147160911960501,43902000
2015-03-13,9.176384925842285,9.293281439040259,9.176384925842285,9.264057728795672,22110000
2015-03-16,9.147160530090332,9.205609064574052,9.117936820255007,9.205609064574052,29455000
2015-03-17,9.147160530090332,9.234833331815912,9.147160530090332,9.176384797332192,26191000
2015-03-18,9.205609321594238,9.234833589652037,9.08871280676959,9.147160785478638,50814000
2015-03-19,9.264058113098145,9.322506093418466,9.205609575371255,9.293281824555022,46486000
2015-03-20,9.147160530090332,9.264057599057772,9.117936820255007,9.205609064574052,38471000
2015-03-23,9.205609321594238,9.234833589652037,9.147160785478638,9.205609321594238,29920000
2015-03-24,9.176384925842285,9.234833461144543,9.117936947946571,9.205609193493414,28070000
2015-03-25,9.117937088012695,9.234833603006386,9.117937088012695,9.205609334906326,30187000
2015-03-26,8.913368225097656,8.971816764290438,8.796471704118675,8.942592494694047,76941000
2015-03-27,8.884142875671387,9.030263648486399,8.884142875671387,8.942591407759997,59408000
2015-03-30,8.94259262084961,9.030264873469017,8.88414408083228,8.94259262084961,35479000
2015-03-31,9.059487342834473,9.059487342834473,8.942590843440485,9.030263078634356,43287000
2015-04-01,8.913368225097656,9.030264746076638,8.913368225097656,9.030264746076638,23013000
2015-04-02,9.059487342834473,9.059487342834473,8.942590843440485,8.9718151076406,32865000
2015-04-07,9.234833717346191,9.234833717346191,9.147160911960501,9.176385180422399,43496000
2015-04-08,9.147160530090332,9.205609064574052,9.117936820255007,9.176384797332192,34418000
2015-04-09,9.001039505004883,9.147160279809551,9.001039505004883,9.117936570773832,42211000
2015-04-10,8.913368225097656,9.088713285269419,8.884143955501266,9.030264746076638,37189000
2015-04-13,8.913368225097656,9.030264746076638,8.884143955501266,8.942592494694047,50510000
2015-04-14,8.825695037841797,8.971815812922578,8.796470771344337,8.913367279927659,50272000
2015-04-15,8.504229545593262,8.738022571678396,8.475005277980983,8.738022571678396,116661000
2015-04-16,8.591900825500488,8.591900825500488,8.50422858992245,8.562676561172315,50387000
2015-04-17,8.358108520507812,8.445780763374152,8.328884253750191,8.445780763374152,67175000
2015-04-20,8.182764053344727,8.270436302382222,8.065867535492544,8.211988322159414,86143000
2015-04-21,8.211987495422363,8.270435469760956,8.12431469780471,8.182763229549812,51767000
2015-04-22,8.241211891174316,8.328884132767152,8.211987624841198,8.241211891174316,45402000
2015-04-23,8.533453941345215,8.533453941345215,8.299660354342857,8.328884622393971,78217000
2015-04-24,8.562677383422852,8.708798161688815,8.533453673694886,8.59190165055735,101324000
2015-04-27,8.7087984085083,8.767246944433811,8.591901894063826,8.591901894063826,78787000
2015-04-28,8.679574012756348,8.825694783628297,8.679574012756348,8.796470517972606,46088000
2015-04-29,8.562677383422852,8.738022428823314,8.533453673694886,8.67957445196085,44081000
2015-04-30,8.533453941345215,8.679574724194232,8.416556869140761,8.679574724194232,78270000
2015-05-04,8.358108520507812,8.591901539755733,8.358108520507812,8.562677272998112,54001000
2015-05-05,8.358108520507812,8.387332787265434,8.29965998699257,8.328884253750191,33861000
2015-05-06,8.387332916259766,8.475005160474474,8.299660114638522,8.328884381845604,28514000
2015-05-07,8.211987495422363,8.32888400150606,8.182763229549812,8.32888400150606,61619000
2015-05-08,8.095091819763184,8.27043631817296,8.095091819763184,8.211988337838557,60457000
2015-05-11,8.182764053344727,8.270436302382222,8.15353978453004,8.211988322159414,57001000
2015-05-12,8.036643028259277,8.095091564154691,7.773625731543011,7.890522245927291,149168000
2015-05-13,8.15353775024414,8.211986273290764,7.978192738510695,8.03664126155732,62574000
2015-05-14,8.036643028259277,8.182763810591265,8.036643028259277,8.153539542643557,51691000
2015-05-15,8.036643028259277,8.12431527469585,8.00741876031157,8.036643028259277,32410000
2015-05-18,7.948970317840576,8.065866825401596,7.948970317840577,8.036642559159713,33793000
2015-05-19,8.15353775024414,8.241210534814076,8.007417000034007,8.03664126155732,53209000
2015-05-20,8.12431526184082,8.241212333446683,8.095091551345902,8.153539529742286,32236000
2015-05-21,8.06586742401123,8.124315403426209,7.978194618778928,8.095091692421999,34083000
2015-05-22,8.12431526184082,8.153539529742286,8.065867283444437,8.12431526184082,37323000
2015-05-25,8.06586742401123,8.182763940247744,8.06586742401123,8.182763940247744,17890000
2015-05-26,8.12431526184082,8.182763797643752,8.095091551345902,8.153539529742286,20160000
2015-05-27,8.15353775024414,8.182762011767451,8.06586552308063,8.15353775024414,22600000
2015-05-28,8.241211891174316,8.270435600100916,8.18276335850808,8.241211891174316,42407000
2015-05-29,8.12431526184082,8.2704360439416,8.12431526184082,8.241212333446683,45210000
2015-06-01,8.036643028259277,8.12431527469585,7.978194492363863,8.095091564154691,45615000
2015-06-02,8.007418632507324,8.153539412507117,7.978194365026058,8.03664289998859,50282000
2015-06-03,8.06586742401123,8.124315403426209,8.007418887189695,8.036643155600464,33379000
2015-06-04,7.861297607421875,8.036642649436336,7.832073340851712,8.007418382866172,67634000
2015-06-05,7.802849292755127,7.948970061852365,7.802849292755127,7.832073000649376,45509000
2015-06-08,7.715175628662109,7.8320721193042075,7.685951366649976,7.773624152686376,46156000
2015-06-09,7.627504825592041,7.832073583097447,7.5690562906439025,7.71517707060771,63108000
2015-06-10,7.744400501251221,7.744400501251221,7.59827973707667,7.656728265709082,63271000
2015-06-11,7.656729221343994,7.802850003755853,7.627504953380313,7.773625735792171,42656000
2015-06-12,7.656729221343994,7.685952931901127,7.598280685416632,7.656729221343995,29924000
2015-06-15,7.715175628662109,7.715175628662109,7.627503400032145,7.656727662044278,34718000
2015-06-16,7.598280906677246,7.715177424529429,7.598280906677246,7.65672944430662,24865000
2015-06-17,7.569055557250977,7.656728351178253,7.569055557250977,7.598279821893402,35305000
2015-06-18,7.598280906677246,7.65672944430662,7.598280906677246,7.598280906677246,32686000
2015-06-22,7.6859517097473145,7.744400236380696,7.598279477203702,7.598279477203702,50412000
2015-06-23,7.773625373840332,7.802849640443288,7.715176840634422,7.744401107237377,39557000
2015-06-24,7.744400501251221,7.802849029883633,7.685951972618808,7.773624765567427,24060000
2015-06-25,7.919746398925781,7.91974639892578,7.744401351191089,7.8028498862381666,58866000
2015-06-26,7.744400501251221,7.919745529741978,7.744400501251221,7.890521265425772,40585000
2015-06-29,7.510608196258545,7.656728973949128,7.481383929239122,7.627504706929705,66143000
2015-06-30,7.627504825592041,7.656729093066111,7.481384045628234,7.510608313102304,50477000
2015-07-01,7.744400501251221,7.773624765567427,7.627504001392875,7.656728265709082,38499000
2015-07-02,7.6859517097473145,7.773624499697387,7.6859517097473145,7.6859517097473145,43837000
2015-07-03,7.773625373840332,7.773625373840332,7.685952574031467,7.715176840634422,24991000
2015-07-06,7.627504825592041,7.773625605555848,7.598280558117972,7.71517707060771,39201000
2015-07-07,7.539831638336182,7.715176676824432,7.539831638336181,7.627504436283562,51195000
2015-07-08,7.247589588165283,7.539831112807535,7.189141617680716,7.510607406268488,102428000
2015-07-09,7.276813983917236,7.306038248392101,7.0430209829312815,7.159917483424259,57744000
2015-07-10,7.276813983917236,7.276813983917235,7.276813983917235,7.276813983917235,0
2015-07-13,7.335262775421143,7.364487040942044,7.306038509900241,7.306038509900241,94328000
2015-07-14,7.426765441894531,7.549017195078615,7.426765441894531,7.457328380190552,56621000
2015-07-15,7.4573283195495605,7.518454195644543,7.396203026394136,7.518454195644543,41339000
2015-07-16,7.4573283195495605,7.549017133692034,7.4267653815020696,7.518454195644543,28863000
2015-07-17,7.335077285766602,7.457328457274799,7.304514347154661,7.396203162990484,61789000
2015-07-20,7.304514408111572,7.396203224712548,7.27395146924458,7.396203224712548,49237000
2015-07-21,7.3656392097473145,7.365639209747315,7.273950406541804,7.335076275345478,50197000
2015-07-22,7.029449462890625,7.335077700407609,6.998886522551007,7.30451476006799,121011000
2015-07-23,6.81550931930542,7.090575193604765,6.7849469625517935,7.029449314218335,86616000
2015-07-24,6.907198429107666,6.907198429107666,6.815509606168858,6.84607254714846,37902000
2015-07-27,6.784946918487549,6.937761033021597,6.784946918487549,6.90719809352687,41269000
2015-07-28,6.662695407867432,6.815509528074847,6.662695407867432,6.72382128912624,77540000
2015-07-29,6.571006774902344,6.7238208859465844,6.571006774902344,6.7238208859465844,48460000
2015-07-30,6.937761306762695,6.9683236645237265,6.784947186199108,6.784947186199108,82093000
2015-07-31,6.8766350746154785,6.998886248242949,6.78494684012977,6.968323309101186,55012000
2015-08-03,6.846072196960449,6.968323371685896,6.784946901067517,6.9377610152092215,58378000
2015-08-04,6.81550931930542,6.87663519869185,6.723821083165364,6.8460722589986345,54990000
2015-08-05,6.8766350746154785,6.8766350746154785,6.723820961846245,6.723820961846245,38725000
2015-08-06,6.8766350746154785,6.90719801375724,6.78494684012977,6.8766350746154785,38701000
2015-08-07,6.846072196960449,6.876635136376707,6.784946901067517,6.846072196960449,37168000
2015-08-10,6.846072196960449,6.846072196960449,6.784946901067517,6.784946901067517,35389000
2015-08-11,6.846072196960449,6.9377610152092215,6.846072196960449,6.907198075792964,41594000
2015-08-12,6.8766350746154785,6.90719801375724,6.78494684012977,6.846072135473716,39454000
2015-08-13,6.846072196960449,6.907198075792964,6.846072196960449,6.907198075792964,37390000
2015-08-14,6.846072196960449,6.876635136376707,6.846072196960449,6.876635136376707,26041000
2015-08-17,6.784946918487549,6.876635154032144,6.784946918487549,6.876635154032144,19154000
2015-08-18,6.81550931930542,6.8460722589986345,6.7849469625517935,6.7849469625517935,25217000
2015-08-19,6.662695407867432,6.784947170385049,6.540444228289422,6.784947170385049,70985000
2015-08-20,6.6321330070495605,6.723821245401928,6.571007126188248,6.601570066618905,31974000
2015-08-21,6.357067108154297,6.571007107624902,6.357067108154297,6.540444167280587,71517000
2015-08-24,6.143128395080566,6.295942531361478,6.063664974261732,6.234816643673246,84715000
2015-08-25,6.387630939483643,6.479319773305896,6.173691493111084,6.173691493111084,58250000
2015-08-26,6.357067108154297,6.418192988842927,6.234815929716637,6.326504750749583,45242000
2015-08-27,6.448756217956543,6.509881518442706,6.418193276243647,6.448756217956543,37155000
2015-08-28,6.601570129394531,6.632133070115816,6.479318949448997,6.540444247951959,40601000
2015-08-31,6.571006774902344,6.632132652495869,6.4793185414516286,6.632132652495869,49954000
2015-09-01,6.571006774902344,6.6015697136991065,6.448755602654866,6.4793185414516286,36536000
2015-09-02,6.601570129394531,6.632133070115816,6.479318949448997,6.509881307230674,27703000
2015-09-03,6.937761306762695,6.937761306762696,6.601570124934883,6.662695423396553,66472000
2015-09-04,6.754384517669678,6.937761586323171,6.72382157573749,6.907198644390984,36401000
2015-09-07,6.723820209503174,6.8155084337296845,6.632131985276663,6.693257273781166,28773000
2015-09-08,6.784946918487549,6.784946918487549,6.662695160508643,6.723821039498096,19979000
2015-09-09,6.96832275390625,7.060011564026312,6.876634526725719,6.937760400139094,72200000
2015-09-10,7.029449462890625,7.029449462890625,6.815509463452896,6.907198284471752,44900000
2015-09-11,7.029449462890625,7.060012403230243,6.9377612248113705,6.968323582211388,24258000
2015-09-14,7.029449462890625,7.090575343569863,6.968323582211388,7.029449462890625,26059000
2015-09-15,6.998886585235596,7.060012466462299,6.968323644622245,7.029449525848948,26254000
2015-09-16,6.96832275390625,7.090574500732999,6.937760400139094,7.060011564026312,29333000
2015-09-17,7.0600128173828125,7.090575759515306,6.9988869331178245,7.0600128173828125,41720000
2015-09-18,7.090575695037842,7.090575695037842,6.998886869474124,7.06001275318327,30194000
2015-09-21,6.846072196960449,7.029449250518411,6.846072196960449,6.9988863111021535,33174000
2015-09-22,6.907198429107666,6.937761370087269,6.815509606168858,6.937761370087269,33264000
2015-09-23,6.693258285522461,6.846072404292104,6.662695345180612,6.784947106548008,44172000
2015-09-24,6.601570129394531,6.75438425006135,6.60157012939453,6.723821309340065,37675000
2015-09-25,6.693258285522461,6.693258285522461,6.571007107094666,6.632132987778364,31365000
2015-09-29,6.693258285522461,6.693258285522461,6.693258285522461,6.693258285522461,0
2015-09-30,6.601570129394531,6.662695427897494,6.540444247951959,6.540444247951959,63332000
2015-10-01,6.662695407867432,6.754384229755645,6.60157010954823,6.632133050177634,37837000
2015-10-02,6.693258285522461,6.7238212258643095,6.632132987778364,6.693258285522461,22523000
2015-10-05,6.81550931930542,6.8460722589986345,6.693258143472149,6.723821083165364,28647000
2015-10-06,6.8766350746154785,6.937760952899002,6.815509196331954,6.90719801375724,26124000
2015-10-07,6.907198429107666,6.907198429107666,6.7849472481288675,6.876635488128064,30446000
2015-10-08,6.8766350746154785,6.968323309101186,6.846072135473716,6.968323309101186,20119000
2015-10-12,6.96832275390625,6.96832275390625,6.846071590019032,6.876634526725719,47232000
2015-10-13,6.998886585235596,6.998886585235597,6.907198346335148,6.968323644622245,24714000
2015-10-14,7.273951530456543,7.335077408704915,6.998886244218024,6.998886244218024,123751000
2015-10-15,7.518454551696777,7.518454551696777,7.365640437162044,7.365640437162044,107393000
2015-10-16,7.426765441894531,7.518454256782594,7.3656401482420515,7.518454256782594,56152000
2015-10-19,7.549017429351807,7.579579785656725,7.426765672373811,7.426765672373811,40800000
2015-10-20,7.487892150878906,7.610143334713493,7.487892150878906,7.610143334713493,35738000
2015-10-21,7.3656392097473145,7.518453298817012,7.335076275345478,7.518453298817012,29115000
2015-10-22,7.426765441894531,7.457328380190552,7.3656401482420515,7.3656401482420515,20126000
2015-10-23,7.549017429351807,7.610142724901225,7.518454490107308,7.579579785656725,44377000
2015-10-26,7.610142230987549,7.640705168248452,7.549016939405287,7.61014223098755,29312000
2015-10-27,7.640705585479736,7.640705585479736,7.518454412699975,7.610142646549902,20233000
2015-10-28,7.39620304107666,7.579579503846522,7.365640102968498,7.579579503846522,34425000
2015-10-29,7.273951530456543,7.396203286953287,7.212826235147748,7.365640347829101,53855000
2015-10-30,7.273951530456543,7.335077408704915,7.243389174271934,7.273951530456543,23268000
2015-11-02,7.3656392097473145,7.457327430013338,7.3045133409436405,7.335076275345478,26479000
2015-11-03,7.518454551696777,7.518454551696777,7.365640437162044,7.365640437162044,36480000
2015-11-04,7.5795793533325195,7.701831103337517,7.549016998770816,7.5795793533325195,73596000
2015-11-05,7.701831817626953,7.762957115358836,7.610142996619727,7.671268877291212,50104000
2015-11-06,7.5795793533325195,7.671268165836268,7.549016998770816,7.640705228335018,37522000
2015-11-09,7.426765441894531,7.6407054270271155,7.426765441894531,7.518454256782594,30231000
2015-11-10,7.3656392097473145,7.457327430013338,7.335076275345478,7.4267644956115015,37662000
2015-11-11,7.335077285766602,7.457328457274799,7.27395140854272,7.396203162990484,29619000
2015-11-12,7.304514408111572,7.396203224712548,7.27395146924458,7.365640285845556,20323000
2015-11-13,7.273951530456543,7.396203286953287,7.273951530456543,7.273951530456543,23913000
2015-11-16,7.0600128173828125,7.273952246430997,7.029449875250318,7.243389887238139,56765000
2015-11-17,7.4573283195495605,7.4573283195495605,7.182263043001254,7.182263043001254,54337000
2015-11-18,7.39620304107666,7.487891272461591,7.365640102968498,7.487891272461591,30661000
2015-11-19,7.487892150878906,7.518455092572459,7.365640967044318,7.487892150878906,37905000
2015-11-20,7.549017429351807,7.610142724901225,7.45732861161831,7.45732861161831,52572000
2015-11-23,7.5795793533325195,7.610142290833768,7.487891123768318,7.610142290833768,29015000
2015-11-24,7.304514408111572,7.5184543972409426,7.304514408111572,7.487891458373951,30712000
2015-11-25,7.39620304107666,7.4267653962452655,7.2739512886440085,7.335077164860334,18918000
2015-11-26,7.4573283195495605,7.579579488799968,7.4267653815020696,7.4573283195495605,24312000
2015-11-27,7.3656392097473145,7.4878903644151755,7.335076275345478,7.457327430013338,11320000
2015-11-30,7.243389129638672,7.396203241378394,7.243389129638671,7.304514424570816,62872000
2015-12-01,7.4573283195495605,7.4573283195495605,7.27395127420417,7.335077150299153,21786000
2015-12-02,7.3656392097473145,7.457327430013338,7.3045133409436405,7.3045133409436405,29515000
2015-12-03,7.487892150878906,7.549018034266013,7.304515083657212,7.365640967044318,38665000
2015-12-04,7.3656392097473145,7.457327430013338,7.365639209747315,7.365639209747315,22271000
2015-12-07,7.39620304107666,7.487891272461591,7.365640102968498,7.39620304107666,26822000
2015-12-08,7.304514408111572,7.426765580639967,7.27395146924458,7.396203224712548,25862000
2015-12-09,7.090575695037842,7.3045151221405895,7.090575695037842,7.273952180286018,40905000
2015-12-10,7.0600128173828125,7.090575759515306,6.907198689659979,6.968323990985331,54972000
2015-12-11,7.1517014503479,7.212827337942023,7.090576145693446,7.090576145693446,43172000
2015-12-14,7.1517014503479,7.1517014503479,7.029450258099324,7.090576145693446,20908000
2015-12-15,7.090575695037842,7.243389821371075,7.090575695037842,7.212826879516502,18529000
2015-12-16,7.212826251983643,7.2739515474351135,7.151700373592593,7.243389191179168,25327000
2015-12-17,7.426765441894531,7.457328380190552,7.2433889779975305,7.273951333353989,43592000
2015-12-18,7.335077285766602,7.457328457274799,7.304514347154661,7.365640224378543,40984000
2015-12-21,7.610142230987549,7.701831042770256,7.365639898779416,7.3962028360403185,83778000
2015-12-22,7.549017429351807,7.640705664145724,7.487891550862809,7.640705664145724,23424000
2015-12-23,7.610142230987549,7.640705168248452,7.518454002144385,7.549016939405287,26296000
2015-12-24,7.518454551696777,7.6712686662315095,7.518454551696777,7.6407057267366465,14433000
2015-12-25,7.5795793533325195,7.610142290833768,7.518454061269567,7.518454061269567,7321000
2015-12-28,7.518454551696777,7.610142787241783,7.518454551696777,7.610142787241783,10449000
2015-12-29,7.426765441894531,7.549017195078615,7.426765441894531,7.518454256782594,16721000
2015-12-30,7.39620304107666,7.487891272461591,7.39620304107666,7.457328334353428,11780000
2015-12-31,7.39620304107666,7.457328334353428,7.365640102968498,7.39620304107666,13730000
2016-01-04,7.212826251983643,7.4267656604731584,7.2128262519836435,7.396203304217213,44581000
2016-01-05,7.182262897491455,7.365639939121699,7.151699960063157,7.212825834919753,37702000
2016-01-06,7.182262897491455,7.304514064265103,7.1211370226348585,7.243388772348052,25366000
2016-01-07,6.998886585235596,7.182263645976099,6.968323644622245,7.151700705362748,57713000
2016-01-08,6.96832275390625,7.029448627319624,6.846071590019032,6.846071590019032,42907000
2016-01-11,6.754384517669678,6.907198644390984,6.754384517669678,6.846072760526609,41340000
2016-01-12,6.784946918487549,6.8460722145374175,6.784946918487549,6.81550927504269,22724000
2016-01-13,6.754384517669678,6.876635702458796,6.72382157573749,6.815509818594421,35121000
2016-01-14,6.81550931930542,6.81550931930542,6.6015699073320935,6.723821083165364,31936000
2016-01-15,6.8766350746154785,6.90719801375724,6.754383900988008,6.8766350746154785,36354000
2016-01-18,6.81550931930542,6.8460722589986345,6.693258143472149,6.723821083165364,23325000
2016-01-19,6.81550931930542,6.8460722589986345,6.7849469625517935,6.81550931930542,12924000
2016-01-20,6.784946918487549,6.8460722145374175,6.784946918487549,6.81550927504269,27562000
2016-01-21,6.784946918487549,6.8460722145374175,6.754383978992823,6.81550927504269,17674000
2016-01-22,6.8766350746154785,6.8766350746154785,6.815509196331954,6.846072135473716,14701000
2016-01-25,6.998886585235596,7.060012466462299,6.907198346335148,6.9377612869485,22268000
2016-01-26,7.1517014503479,7.1517014503479,6.9683243705052025,7.029450258099324,43465000
2016-01-27,7.1517014503479,7.212827337942023,7.090576145693446,7.182264394144962,22369000
2016-01-28,7.793519496917725,7.854645373206629,7.365640111714075,7.365640111714075,204731000
2016-01-29,7.854645729064941,7.885208085654475,7.701831614358927,7.8546457290649405,89324000
2016-02-01,7.885207653045654,7.885207653045653,7.762956484575867,7.854645298132873,41238000
2016-02-02,8.007460594177246,8.007460594177246,7.824083522757225,7.885208824604138,69931000
2016-02-03,7.885207653045654,7.976896466602659,7.854645298132873,7.946333528750324,30179000
2016-02-15,8.068584442138672,8.099147379024785,7.762956239156605,7.793519176042718,69174000
2016-02-16,8.038021087646484,8.068584022944735,7.915769929392981,8.007458735287736,28880000
2016-02-17,8.099146842956543,8.12970977781975,7.9463327515800035,8.038020973230129,36710000
2016-02-18,8.190835952758789,8.28252476729045,8.129710659343909,8.190835952758789,63432000
2016-02-19,8.068584442138672,8.221398543629705,8.068584442138672,8.190835606743592,25873000
2016-02-22,8.068584442138672,8.160273252797014,8.00745915130598,8.068584442138672,24110000
2016-02-23,8.068584442138672,8.1297103159109,8.038021505252559,8.068584442138672,27901000
2016-02-24,8.068584442138672,8.1297103159109,7.976896214419866,8.068584442138672,26004000
2016-02-25,8.099146842956543,8.12970977781975,8.007458621306418,8.068583908093336,26675000
2016-02-26,8.160274505615234,8.251962747410614,8.099148622458566,8.129711564036901,49008000
2016-03-01,8.190835952758789,8.22139889093601,8.129710659343909,8.16027359752113,30924000
2016-03-02,8.160274505615234,8.28252568898895,8.160274505615234,8.251962747410614,27014000
2016-03-03,8.221399307250977,8.221399307250977,8.12971107101597,8.160274010740835,30449000
2016-03-04,8.190835952758789,8.25196182911323,8.16027359752113,8.22139889093601,30836000
2016-03-07,8.190835952758789,8.25196182911323,8.09914772116669,8.22139889093601,29669000
2016-03-08,8.068584442138672,8.190835606743592,8.00745915130598,8.160273252797014,37093000
2016-03-09,7.885207653045654,8.06858469722011,7.885207653045653,8.06858469722011,28575000
2016-03-10,8.038021087646484,8.190835181198239,7.915769929392981,7.915769929392981,51425000
2016-03-11,8.099146842956543,8.099146842956543,7.976895686443211,8.038020973230129,27312000
2016-03-14,8.190835952758789,8.190835952758789,8.129710659343909,8.129710659343909,25473000
2016-03-15,8.099146842956543,8.190835064606667,8.007458621306418,8.190835064606667,21840000
2016-03-16,8.099146842956543,8.160272712682957,8.068583908093336,8.099146842956543,15507000
2016-03-17,8.129711151123047,8.251962328287535,8.099148211097026,8.221399388261514,30973000
2016-03-18,8.129711151123047,8.190836448235494,8.068585271071004,8.129711151123047,33527000
2016-03-21,8.160274505615234,8.160274505615234,8.068585680880231,8.129711564036901,13141000
2016-03-22,8.129711151123047,8.190836448235494,8.007459973958557,8.190836448235494,22711000
2016-03-23,8.068584442138672,8.160273252797014,8.038021505252559,8.1297103159109,13734000
2016-03-24,8.099146842956543,8.190835064606667,8.007458621306418,8.068583908093336,24076000
2016-03-25,8.007460594177246,8.129711780810712,8.007460594177246,8.099148838417436,7874000
2016-03-28,8.007460594177246,8.038022953630882,7.976897651783968,8.007460594177246,15663000
2016-03-29,7.885207653045654,8.038021759367775,7.885207653045653,8.007459404454995,16774000
2016-03-30,8.099146842956543,8.099146842956543,7.9157698167167965,7.9463327515800035,41247000
2016-03-31,8.129711151123047,8.129711151123047,8.068585271071004,8.099148211097026,41307000
2016-04-01,8.038021087646484,8.12970989354124,7.946332864691233,8.038021087646484,23218000
2016-04-06,7.793519496917725,7.9768965428448775,7.7935194969177255,7.946333604700426,33833000
2016-04-07,7.701831817626953,7.854645936366063,7.610142996619727,7.793520055694579,51040000
2016-04-08,7.793519496917725,7.7935194969177255,7.610142450990573,7.640705389135024,40103000
2016-04-11,7.701831817626953,7.762957115358836,7.610142996619727,7.732394175023094,30592000
2016-04-12,7.885207653045654,7.946333528750324,7.732393546723532,7.762956484575867,38126000
2016-04-13,7.885207653045654,7.885207653045653,7.762956484575867,7.885207653045653,33542000
2016-04-14,7.854645729064941,7.885208085654475,7.793519850006701,7.8546457290649405,36885000
2016-04-15,7.854645729064941,7.8546457290649405,7.732393970948461,7.793519850006701,33058000
2016-04-18,7.885207653045654,8.007459404454995,7.854645298132873,7.885207653045653,46364000
2016-04-19,7.732393741607666,7.946333729026515,7.732393741607665,7.946333729026515,24794000
2016-04-20,7.701831817626953,7.82408299603032,7.701831817626953,7.762957115358836,30715000
2016-04-21,7.671268463134766,7.762956696252327,7.640705524449055,7.701831401820476,21687000
2016-04-22,7.762957572937012,7.79352051507425,7.610143445190459,7.640706387327696,26250000
2016-04-25,7.762957572937012,7.79352051507425,7.701832271602171,7.762957572937013,10856000
2016-04-26,7.762957572937012,7.79352051507425,7.671269329464934,7.701832271602171,27727000
2016-04-27,7.671268463134766,7.732393757566617,7.640705524449055,7.701831401820476,29982000
2016-04-28,7.335077285766602,7.610142567394936,7.243389052870347,7.610142567394936,101526000
2016-04-29,7.335077285766602,7.335077285766602,7.243389052870347,7.27395140854272,31584000
2016-05-03,7.121137619018555,7.30451467600633,7.090575261970255,7.273951736018435,39030000
2016-05-04,6.998886585235596,7.090575407075651,6.9377612869485,7.060012466462299,60831000
2016-05-05,6.907198429107666,6.998886669106862,6.876635488128064,6.968323728127259,48193000
2016-05-06,6.907198429107666,6.937761370087269,6.84607254714846,6.907198429107666,41325000
2016-05-09,6.8766350746154785,6.937760952899002,6.815509196331954,6.90719801375724,21220000
2016-05-10,6.8766350746154785,6.937760952899002,6.815509196331954,6.846072135473716,23368000
2016-05-11,6.8766350746154785,6.998886248242949,6.8766350746154785,6.937760952899002,38288000
2016-05-12,6.96832275390625,7.090574500732999,6.96832275390625,7.029448627319624,38573000
2016-05-13,6.907198429107666,6.937761370087269,6.84607254714846,6.937761370087269,37411000
2016-05-16,6.998886585235596,6.998886585235597,6.8460724651084455,6.8460724651084455,25405000
2016-05-17,7.0600128173828125,7.0600128173828125,6.937761631792473,6.968323990985331,36715000
2016-05-18,7.0600128173828125,7.0600128173828125,6.937761631792473,6.968323990985331,27982000
2016-05-19,7.029449462890625,7.029449462890625,6.9377612248113705,6.998886522551007,33054000
2016-05-20,7.0600128173828125,7.0600128173828125,6.968323990985331,6.968323990985331,27686000
2016-05-23,7.212826251983643,7.2128262519836435,6.968323321359024,6.998886260554548,37572000
2016-05-24,7.212826251983643,7.2128262519836435,7.121137434397069,7.151700373592593,23886000
2016-05-25,7.335077285766602,7.426765518662857,7.212826114258405,7.27395140854272,55011000
2016-05-26,7.39620304107666,7.39620304107666,7.2739512886440085,7.335077164860334,30425000
2016-05-27,7.426765441894531,7.426765441894531,7.3656401482420515,7.426765441894531,21329000
2016-05-30,7.4573283195495605,7.4573283195495605,7.365640088346644,7.396203026394136,23921000
2016-05-31,7.4573283195495605,7.4573283195495605,7.396203026394136,7.4267653815020696,40545000
2016-06-01,7.487892150878906,7.487892150878906,7.396203908737872,7.396203908737872,28374000
2016-06-02,7.487892150878906,7.57958039301994,7.426766267491799,7.457329209185352,29235000
2016-06-03,7.5795793533325195,7.5795793533325195,7.426765248765819,7.487891123768318,23267000
2016-06-06,7.5795793533325195,7.5795793533325195,7.518454061269567,7.549016998770816,19992000
2016-06-07,7.610142230987549,7.61014223098755,7.518454002144385,7.549016939405287,27982000
2016-06-08,7.5795793533325195,7.640705228335018,7.518454061269567,7.610142290833768,42208000
2016-06-13,7.4573283195495605,7.549017133692034,7.335077150299153,7.549017133692034,46745000
2016-06-14,7.39620304107666,7.457328334353428,7.335077164860334,7.4267653962452655,25902000
2016-06-15,7.487892150878906,7.487892150878906,7.365640967044318,7.396203908737872,19722000
2016-06-16,7.335077285766602,7.48789139588674,7.27395140854272,7.48789139588674,27503000
2016-06-17,7.426765441894531,7.426765441894531,7.33507720994603,7.33507720994603,35581000
2016-06-20,7.610142230987549,7.61014223098755,7.3962028360403185,7.426765190361678,31690000
2016-06-21,7.487892150878906,7.640706276407047,7.487892150878906,7.610143334713493,29024000
2016-06-22,7.610142230987549,7.640705168248452,7.487891064883483,7.518454002144385,27814000
2016-06-23,7.671268463134766,7.701831401820476,7.549017291331494,7.579579647077635,38133000
2016-06-24,7.335077285766602,7.671268444618819,7.304514347154661,7.671268444618819,69650000
2016-06-27,7.610142230987549,7.640705168248452,7.335076961518514,7.365639898779416,40105000
2016-06-28,7.518454551696777,7.579579847746919,7.4878916122019135,7.579579847746919,3033000
2016-06-29,7.671268463134766,7.671268463134766,7.549017291331494,7.579579647077635,24489000
2016-06-30,7.701831817626953,7.701831817626953,7.610142996619727,7.701831817626953,16588000
2016-07-01,7.671268463134766,7.762956696252327,7.671268463134766,7.732393757566617,20848000
2016-07-04,7.732393741607666,7.762956680230297,7.671268447301972,7.671268447301972,18364000
2016-07-05,7.701831817626953,7.762957115358836,7.671268877291212,7.732394175023094,11084000
2016-07-06,7.549017429351807,7.671268603390223,7.549017429351807,7.671268603390223,29198000
2016-07-07,7.5795793533325195,7.671268165836268,7.5795793533325195,7.5795793533325195,50482000
2016-07-08,7.5795793533325195,7.5795793533325195,7.5795793533325195,7.5795793533325195,0
2016-07-11,7.915770530700684,7.915770530700684,7.915770530700684,7.915770530700684,417000
2016-07-12,7.957327365875244,7.989284626287202,7.861456194173416,7.989284626287202,93051000
2016-07-13,7.989285945892334,8.053200477273132,7.893414758355284,8.021243211582732,45032000
2016-07-14,7.989285945892334,7.989285945892334,7.925371414511537,7.989285945892334,18954000
2016-07-15,7.893413543701172,8.021241977258128,7.893413543701172,7.9892847164853755,28657000
2016-07-18,7.989285945892334,7.989285945892334,7.925371414511537,7.957328680201936,22966000
2016-07-19,7.957327365875244,7.989284626287202,7.893413454585374,7.957327365875244,32487000
2016-07-20,7.893413543701172,7.957327455712624,7.829499022155669,7.925370194939872,29622000
2016-07-21,7.989285945892334,7.989285945892334,7.893414758355284,7.925371414511537,29379000
2016-07-22,7.861456871032715,7.989285314152333,7.861456871032716,7.925370787825476,25491000
2016-07-25,7.861456871032715,7.957328050988905,7.7975423447058585,7.893414134196144,21296000
2016-07-26,7.925370216369629,7.925370216369629,7.861456304185357,7.893413565044519,24272000
2016-07-27,8.02124309539795,8.053200360625459,7.957328564942932,7.989285830170441,54715000
2016-07-28,7.733628273010254,7.765584925999501,7.605799222916926,7.701671010486922,130598000
2016-07-29,7.605798721313477,7.701670502560716,7.605798721313477,7.669713242144969,45552000
2016-08-01,7.605798721313477,7.669713242144969,7.605798721313477,7.605798721313477,25780000
2016-08-02,7.637756824493408,7.701671352377347,7.637756824493408,7.637756824493408,18134000
2016-08-03,7.541884899139404,7.605798811192131,7.541884899139404,7.573842159932794,30901000
2016-08-04,7.605798721313477,7.605798721313477,7.541884810016029,7.573842070431775,12696000
2016-08-05,7.605798721313477,7.669713242144969,7.573842070431775,7.605798721313477,19705000
2016-08-08,7.605798721313477,7.669713242144969,7.541884810016029,7.669713242144969,23045000
2016-08-09,7.637756824493408,7.637756824493408,7.541885642201611,7.57384290614358,23541000
2016-08-10,7.605798721313477,7.637755981729223,7.541884810016029,7.605798721313477,16638000
2016-08-11,7.637756824493408,7.637756824493408,7.541885642201611,7.57384290614358,18693000
2016-08-12,7.669713020324707,7.669713020324707,7.605798501341724,7.637755760833215,11536000
2016-08-15,7.573843002319336,7.6697141858285445,7.541885737971559,7.637756921480769,16126000
2016-08-16,7.509928226470947,7.605799406825022,7.47797096317489,7.573842753063063,35644000
2016-08-17,7.509928226470947,7.541885489767005,7.4140570461168736,7.509928226470947,21011000
2016-08-18,7.4460129737854,7.5099274941449305,7.4460129737854,7.4779702339651655,14269000
2016-08-19,7.382099151611328,7.477970323767898,7.382099151611328,7.446013063204359,23630000
2016-08-22,7.286227703094482,7.414056751193814,7.2862277030944815,7.382099489168981,25387000
2016-08-23,7.3181843757629395,7.350141635214154,7.286227116311725,7.286227116311725,21199000
2016-08-24,7.350142478942871,7.382099742062485,7.318185215823257,7.350142478942871,15699000
2016-08-25,7.541884899139404,7.573842159932794,7.318184683119733,7.350141943913122,53485000
2016-08-26,7.509928226470947,7.573842753063063,7.47797096317489,7.573842753063063,20657000
2016-08-29,7.382099151611328,7.541884844894976,7.382099151611328,7.541884844894976,28183000
2016-08-30,7.41405725479126,7.477971173648184,7.350142726400221,7.446013909452664,21141000
2016-08-31,7.382099151611328,7.446013063204359,7.350141891047789,7.446013063204359,32614000
2016-09-01,7.3181843757629395,7.3820988946653685,7.3181843757629395,7.350141635214154,26073000
2016-09-02,7.41405725479126,7.414057254791261,7.350142726400221,7.414057254791261,19314000
2016-09-05,7.477972030639648,7.477972030639648,7.414058104458054,7.446014762781758,11923000
2016-09-06,7.509928226470947,7.509928226470947,7.446013699878832,7.446013699878832,17055000
2016-09-07,7.573843002319336,7.605799657132992,7.477971209276007,7.509928473623783,30074000
2016-09-08,7.509928226470947,7.541885489767005,7.47797096317489,7.509928226470947,15856000
2016-09-09,7.4460129737854,7.4779702339651655,7.414056323139675,7.414056323139675,13657000
2016-09-12,7.41405725479126,7.414057254791261,7.318185462204701,7.350142726400221,26720000
2016-09-13,7.382099151611328,7.414056412174867,7.31818463048425,7.382099151611328,24462000
2016-09-14,7.286227703094482,7.382099489168981,7.2862277030944815,7.318184965119315,24431000
2016-09-19,7.41405725479126,7.477971173648184,7.318185462204701,7.318185462204701,38446000
2016-09-20,7.382099151611328,7.414056412174867,7.350141891047789,7.382099151611328,23331000
2016-09-21,7.541884899139404,7.541884899139404,7.382099204706511,7.4140564654998995,38210000
2016-09-22,7.509928226470947,7.573842753063063,7.446013699878832,7.573842753063063,26292000
2016-09-23,7.477972030639648,7.509929298497538,7.446014762781758,7.509929298497538,17817000
2016-09-26,7.41405725479126,7.509928437843704,7.382099990595741,7.477971173648184,13583000
2016-09-27,7.41405725479126,7.414057254791261,7.414057254791261,7.414057254791261,0
2016-09-28,7.41405725479126,7.414057254791261,7.414057254791261,7.414057254791261,0
2016-09-29,7.477972030639648,7.509929298497538,7.414058104458054,7.414058104458054,29389000
2016-09-30,7.382099151611328,7.446013063204359,7.350141891047789,7.446013063204359,26496000
2016-10-03,7.41405725479126,7.446013909452664,7.382099990595741,7.382099990595741,9910000
2016-10-04,7.41405725479126,7.414057254791261,7.382099990595741,7.414057254791261,13757000
2016-10-05,7.41405725479126,7.414057254791261,7.350142726400221,7.350142726400221,14213000
2016-10-06,7.41405725479126,7.414057254791261,7.382099990595741,7.382099990595741,12181000
2016-10-07,7.350142478942871,7.4140570051821,7.350142478942871,7.4140570051821,9478000
2016-10-11,7.4460129737854,7.4779702339651655,7.350141802780145,7.414056323139675,37549000
2016-10-12,7.382099151611328,7.446013063204359,7.350141891047789,7.414056412174867,23404000
2016-10-13,7.350142478942871,7.4140570051821,7.318185215823257,7.4140570051821,29294000
2016-10-14,7.4460129737854,7.4779702339651655,7.31818454260038,7.350141802780145,29093000
2016-10-17,7.382099151611328,7.446013063204359,7.350141891047789,7.446013063204359,12913000
2016-10-18,7.4460129737854,7.4460129737854,7.38209906295991,7.38209906295991,14454000
2016-10-19,7.477972030639648,7.477972030639648,7.414058104458054,7.446014762781758,18053000
2016-10-20,7.4460129737854,7.4779702339651655,7.414056323139675,7.4779702339651655,11800000
2016-10-21,7.477972030639648,7.477972030639648,7.414058104458054,7.414058104458054,14370000
2016-10-24,7.4460129737854,7.5099274941449305,7.414056323139675,7.5099274941449305,12076000
2016-10-25,7.477972030639648,7.509929298497538,7.446014762781758,7.477972030639648,17773000
2016-10-26,7.382099151611328,7.477970323767898,7.350141891047789,7.446013063204359,25153000
2016-10-27,7.350142478942871,7.446013658767618,7.350142478942871,7.4140570051821,25798000
2016-10-28,7.477972030639648,7.477972030639648,7.350143568742272,7.382100836600163,29704000
2016-10-31,7.509928226470947,7.541885489767005,7.4140570461168736,7.47797096317489,29451000
2016-11-01,7.509928226470947,7.541885489767005,7.446013699878832,7.47797096317489,14250000
2016-11-02,7.477972030639648,7.509929298497538,7.414058104458054,7.509929298497538,14508000
2016-11-03,7.41405725479126,7.509928437843704,7.414057254791261,7.477971173648184,12005000
2016-11-04,7.41405725479126,7.446013909452664,7.382099990595741,7.414057254791261,9163000
2016-11-07,7.4460129737854,7.4779702339651655,7.414056323139675,7.4460129737854,10880000
2016-11-08,7.477972030639648,7.477972030639648,7.414058104458054,7.446014762781758,11647000
2016-11-09,7.350142478942871,7.509928185006847,7.318185215823257,7.509928185006847,34073000
2016-11-10,7.41405725479126,7.446013909452664,7.382099990595741,7.414057254791261,22419000
2016-11-11,7.254271507263184,7.382099953875296,7.222314243226628,7.35014268983874,49233000
2016-11-14,7.22231388092041,7.350142321120029,7.190356618486986,7.286227796253178,26701000
2016-11-15,7.22231388092041,7.286227796253178,7.222313880920411,7.222313880920411,16921000
2016-11-16,7.22231388092041,7.286227796253178,7.222313880920411,7.2542711433538365,19891000
2016-11-17,7.254271507263184,7.3181854258021835,7.222314243226628,7.2542715072631845,18696000
2016-11-18,7.22231388092041,7.286227796253178,7.222313880920411,7.2542711433538365,22067000
2016-11-21,7.286227703094482,7.382099489168981,7.2862277030944815,7.2862277030944815,19315000
2016-11-22,7.286227703094482,7.318184965119315,7.254271050603724,7.2862277030944815,18305000
2016-11-23,7.3181843757629395,7.3181843757629395,7.254270466394536,7.286227116311725,7911000
2016-11-24,7.254271507263184,7.3181854258021835,7.2542715072631845,7.3181854258021835,8436000
2016-11-25,7.254271507263184,7.286228161765627,7.2542715072631845,7.2542715072631845,6376000
2016-11-28,7.254271507263184,7.286228161765627,7.2542715072631845,7.2542715072631845,12387000
2016-11-29,7.254271507263184,7.286228161765627,7.222314243226628,7.2542715072631845,15701000
2016-11-30,7.190356254577637,7.286227427491718,7.190356254577637,7.286227427491718,50440000
2016-12-01,7.254271507263184,7.2542715072631845,7.190356979190072,7.190356979190072,19269000
2016-12-02,7.22231388092041,7.2542711433538365,7.190356618486986,7.2542711433538365,17425000
2016-12-05,7.158398628234863,7.222313146603308,7.158398628234863,7.222313146603308,17335000
2016-12-06,7.286227703094482,7.2862277030944815,7.190356526554058,7.222313788578891,18320000
2016-12-07,7.254271507263184,7.286228161765627,7.2542715072631845,7.286228161765627,10902000
2016-12-08,7.286227703094482,7.318184965119315,7.222313788578891,7.2862277030944815,24986000
2016-12-09,7.254271507263184,7.286228161765627,7.222314243226628,7.286228161765627,16771000
2016-12-12,7.22231388092041,7.286227796253178,7.222313880920411,7.2542711433538365,11281000
2016-12-13,7.22231388092041,7.2542711433538365,7.190356618486986,7.222313880920411,27707000
2016-12-14,7.158398628234863,7.25427040578753,7.158398628234863,7.222313146603308,26718000
2016-12-15,7.22231388092041,7.2542711433538365,7.190356618486986,7.190356618486986,17343000
2016-12-16,7.22231388092041,7.286227796253178,7.222313880920411,7.2542711433538365,16297000
2016-12-19,7.22231388092041,7.2542711433538365,7.222313880920411,7.2542711433538365,9107000
2016-12-20,7.22231388092041,7.2542711433538365,7.190356618486986,7.222313880920411,17801000
2016-12-21,7.22231388092041,7.2542711433538365,7.222313880920411,7.222313880920411,16194000
2016-12-22,7.22231388092041,7.2542711433538365,7.222313880920411,7.222313880920411,14044000
2016-12-23,7.22231388092041,7.286227796253178,7.222313880920411,7.2542711433538365,18958000
2016-12-26,7.22231388092041,7.2542711433538365,7.222313880920411,7.222313880920411,6956000
2016-12-27,7.22231388092041,7.2542711433538365,7.222313880920411,7.2542711433538365,6254000
2016-12-28,7.254271507263184,7.286228161765627,7.222314243226628,7.2542715072631845,10019000
2016-12-29,7.22231388092041,7.286227796253178,7.222313880920411,7.222313880920411,13291000
2016-12-30,7.286227703094482,7.2862277030944815,7.222313788578891,7.222313788578891,13553000
2017-01-03,7.286227703094482,7.2862277030944815,7.222313788578891,7.2862277030944815,10152000
2017-01-04,7.254271507263184,7.286228161765627,7.2542715072631845,7.286228161765627,11090000
2017-01-05,7.286227703094482,7.318184965119315,7.222313788578891,7.254271050603724,20809000
2017-01-06,7.41405725479126,7.446013909452664,7.286228198009181,7.286228198009181,37909000
2017-01-09,7.41405725479126,7.509928437843704,7.382099990595741,7.414057254791261,30019000
2017-01-10,7.4460129737854,7.4460129737854,7.38209906295991,7.414056323139675,19413000
2017-01-11,7.4460129737854,7.4779702339651655,7.414056323139675,7.4460129737854,13465000
2017-01-12,7.541884899139404,7.541884899139404,7.446013116759238,7.4779703775526265,27658000
2017-01-13,7.541884899139404,7.541884899139404,7.446013116759238,7.509927638346015,22192000
2017-01-16,7.4460129737854,7.5099274941449305,7.4460129737854,7.4779702339651655,9060000
2017-01-17,7.4460129737854,7.5099274941449305,7.414056323139675,7.414056323139675,9406000
2017-01-18,7.4460129737854,7.4779702339651655,7.414056323139675,7.4460129737854,15815000
2017-01-19,7.41405725479126,7.477971173648184,7.414057254791261,7.446013909452664,14979000
2017-01-20,7.41405725479126,7.477971173648184,7.382099990595741,7.414057254791261,13863000
2017-01-23,7.382099151611328,7.446013063204359,7.382099151611328,7.414056412174867,23659000
2017-01-24,7.254271507263184,7.35014268983874,7.2542715072631845,7.3181854258021835,45605000
2017-02-02,7.22231388092041,7.382099583553455,7.222313880920411,7.350142321120029,50854000
2017-02-03,7.286227703094482,7.2862277030944815,7.222313788578891,7.254271050603724,31696000
2017-02-06,7.3181843757629395,7.350141635214154,7.254270466394536,7.286227116311725,30099000
2017-02-07,7.350142478942871,7.382099742062485,7.286227952703642,7.286227952703642,26408000
2017-02-08,7.3181843757629395,7.3820988946653685,7.286227116311725,7.350141635214154,27188000
2017-02-09,7.350142478942871,7.382099742062485,7.318185215823257,7.350142478942871,22505000
2017-02-10,7.41405725479126,7.414057254791261,7.350142726400221,7.382099990595741,31474000
2017-02-13,7.477972030639648,7.477972030639648,7.382100836600163,7.414058104458054,22463000
2017-02-14,7.477972030639648,7.509929298497538,7.446014762781758,7.477972030639648,20623000
2017-02-15,7.509928226470947,7.509928226470947,7.4140570461168736,7.47797096317489,29795000
2017-02-16,7.541884899139404,7.605798811192131,7.4779703775526265,7.541884899139404,43898000
2017-02-17,7.509928226470947,7.541885489767005,7.47797096317489,7.541885489767005,14953000
2017-02-20,7.509928226470947,7.541885489767005,7.47797096317489,7.509928226470947,11621000
2017-02-21,7.509928226470947,7.509928226470947,7.47797096317489,7.509928226470947,9482000
2017-02-22,7.382099151611328,7.541884844894976,7.382099151611328,7.509927584331437,31979000
2017-02-23,7.509928226470947,7.541885489767005,7.446013699878832,7.446013699878832,22201000
2017-02-24,8.14907169342041,8.212986225025602,7.54188608130768,7.573843347110276,317890000
2017-03-01,7.925370216369629,8.212984954568038,7.925370216369629,8.149070432849713,154554000
2017-03-02,7.861456871032715,8.085156494108523,7.829499607869287,8.053199840479191,67059000
2017-03-03,7.765584468841553,7.925370162517585,7.765584468841553,7.861456250767601,51258000
2017-03-06,7.733628273010254,7.797542188522832,7.733628273010253,7.765584925999501,32689000
2017-03-07,7.957327365875244,8.08515579798903,7.765584412937542,7.765584412937542,87762000
2017-03-08,7.829498767852783,7.957327197257859,7.829498767852783,7.925369937523082,31632000
2017-03-09,7.733628273010254,7.861456713569496,7.733628273010253,7.829499451046164,44646000
2017-03-10,7.733628273010254,7.797542188522832,7.701671010486922,7.765584925999501,24238000
2017-03-13,7.797542095184326,7.829499357325123,7.733628180436813,7.797542095184327,12180000
2017-03-14,7.797542095184326,7.829499357325123,7.733628180436813,7.797542095184327,19665000
2017-03-15,7.829498767852783,7.86145602758756,7.76558424838323,7.797541508118006,21679000
2017-03-16,7.925370216369629,7.957327477228792,7.861456304185357,7.893413565044519,46106000
2017-03-17,7.925370216369629,7.957327477228792,7.861456304185357,7.925370216369629,24859000
2017-03-20,7.861456871032715,7.893414134196144,7.829499607869287,7.893414134196144,17455000
2017-03-21,7.861456871032715,7.893414134196144,7.829499607869287,7.893414134196144,23587000
2017-03-22,7.797542095184326,7.829499357325123,7.7655848330435315,7.797542095184327,31001000
2017-03-23,7.925370216369629,7.957327477228792,7.797541782467032,7.797541782467032,44665000
2017-03-24,7.829498767852783,7.957327197257859,7.829498767852783,7.925369937523082,26218000
2017-03-27,7.829498767852783,7.925369937523082,7.797541508118006,7.829498767852783,24490000
2017-03-28,7.733628273010254,7.861456713569496,7.701671010486922,7.829499451046164,49208000
2017-03-29,7.733628273010254,7.797542188522832,7.701671010486922,7.765584925999501,25829000
2017-03-30,7.797542095184326,7.861456619465918,7.733628180436813,7.7655848330435315,21375000
2017-03-31,7.797542095184326,7.797542095184327,7.733628180436813,7.7655848330435315,31785000
2017-04-05,7.829498767852783,7.86145602758756,7.76558424838323,7.797541508118006,39581000
2017-04-06,7.797542095184326,7.829499357325123,7.733628180436813,7.797542095184327,15682000
2017-04-07,7.765584468841553,7.7975417294835685,7.701670557091569,7.765584468841553,22683000
2017-04-10,7.765584468841553,7.829498990125585,7.733627817733585,7.765584468841553,17357000
2017-04-11,7.765584468841553,7.7975417294835685,7.733627817733585,7.733627817733585,16342000
2017-04-12,7.669713020324707,7.765584189265155,7.669713020324707,7.73362753930769,27827000
2017-04-13,7.733628273010254,7.765584925999501,7.6697137479635895,7.701671010486922,22528000
2017-04-14,7.669713020324707,7.73362753930769,7.669713020324707,7.73362753930769,19444000
2017-04-17,7.7016706466674805,7.70167064666748,7.6377561246400765,7.669713385653778,16921000
2017-04-18,7.733628273010254,7.861456713569496,7.6697137479635895,7.701671010486922,38341000
2017-04-19,7.637756824493408,7.733628616319317,7.605799560551438,7.701671352377347,29668000
2017-04-20,7.573843002319336,7.637756921480769,7.573843002319335,7.605799657132992,23771000
2017-04-21,7.605798721313477,7.637755981729223,7.573842070431775,7.605798721313477,23867000
2017-04-24,7.605798721313477,7.637755981729223,7.573842070431775,7.605798721313477,18802000
2017-04-25,7.669713020324707,7.701670279816199,7.573841851384259,7.605798501341724,24341000
2017-04-26,7.733628273010254,7.733628273010253,7.637756485440257,7.6697137479635895,23498000
2017-04-27,7.733628273010254,7.765584925999501,7.6697137479635895,7.701671010486922,29960000
2017-04-28,7.7016706466674805,7.733627907681182,7.669713385653778,7.733627907681182,29028000
2017-05-02,7.7016706466674805,7.765584559160828,7.70167064666748,7.733627907681182,22665000
2017-05-03,7.7016706466674805,7.79754182017453,7.669713385653778,7.70167064666748,33825000
2017-05-04,7.797542095184326,7.797542095184327,7.701670918296018,7.7655848330435315,18595000
2017-05-05,7.733628273010254,7.829499451046164,7.733628273010253,7.829499451046164,20442000
2017-05-08,7.797542095184326,7.829499357325123,7.7655848330435315,7.797542095184327,23682000
2017-05-09,7.733628273010254,7.861456713569496,7.733628273010253,7.829499451046164,18904000
2017-05-10,7.829498767852783,7.86145602758756,7.76558424838323,7.797541508118006,35614000
2017-05-11,7.797542095184326,7.861456619465918,7.797542095184327,7.861456619465918,22755000
2017-05-12,7.861456871032715,7.861456871032716,7.7975423447058585,7.829499607869287,23849000
2017-05-15,7.829498767852783,7.86145602758756,7.797541508118006,7.86145602758756,14137000
2017-05-16,7.765584468841553,7.829498990125585,7.765584468841553,7.829498990125585,17074000
2017-05-17,7.797542095184326,7.829499357325123,7.733628180436813,7.797542095184327,25401000
2017-05-18,7.829498767852783,7.829498767852783,7.701670338447707,7.733627598182484,16586000
2017-05-19,7.797542095184326,7.861456619465918,7.7655848330435315,7.829499357325123,18647000
2017-05-22,7.829498767852783,7.86145602758756,7.797541508118006,7.829498767852783,12821000
2017-05-23,7.893413543701172,7.893413543701172,7.829499022155669,7.829499022155669,30357000
2017-05-24,7.893413543701172,7.957327455712624,7.86145628292842,7.893413543701172,23862000
2017-05-25,7.925370216369629,7.957327477228792,7.893413565044519,7.893413565044519,20817000
2017-05-26,7.957327365875244,7.957327365875244,7.861456194173416,7.925370105463286,16641000
2017-05-31,7.957327365875244,8.02124188669916,7.893413454585374,7.989284626287202,31476000
2017-06-01,7.925370216369629,7.989284738087954,7.925370216369629,7.957327477228792,16660000
2017-06-02,7.925370216369629,7.989284738087954,7.893413565044519,7.957327477228792,15826000
2017-06-05,7.957327365875244,7.957327365875244,7.861456194173416,7.893413454585374,19736000
2017-06-06,7.957327365875244,7.957327365875244,7.893413454585374,7.957327365875244,11556000
2017-06-07,7.957327365875244,7.989284626287202,7.925370105463286,7.957327365875244,17570000
2017-06-08,7.893413543701172,7.957327455712624,7.893413543701172,7.893413543701172,17613000
2017-06-09,7.829498767852783,7.957327197257859,7.829498767852783,7.893413287322337,23332000
2017-06-12,7.765584468841553,7.829498990125585,7.765584468841553,7.7975417294835685,18772000
2017-06-13,7.797542095184326,7.829499357325123,7.733628180436813,7.797542095184327,18369000
2017-06-14,7.765584468841553,7.829498990125585,7.669713296449553,7.829498990125585,23063000
2017-06-15,7.797542095184326,7.797542095184327,7.733628180436813,7.733628180436813,15657000
2017-06-16,7.797542095184326,7.829499357325123,7.7655848330435315,7.797542095184327,22311000
2017-06-19,7.829498767852783,7.829498767852783,7.76558424838323,7.797541508118006,17338000
2017-06-20,7.861456871032715,7.861456871032716,7.7975423447058585,7.829499607869287,10427000
2017-06-21,7.925370216369629,8.021241998947117,7.797541782467032,7.829499043326194,74583000
2017-06-22,7.925370216369629,7.989284738087954,7.861456304185357,7.957327477228792,18455000
2017-06-23,8.18102741241455,8.276898582161575,7.925369943865764,7.957327203626116,176244000
2017-06-26,8.50059986114502,8.596471042961882,8.212985706160325,8.212985706160325,190773000
2017-06-27,8.4047269821167,8.692341709414542,8.4047269821167,8.5645126708226,105270000
2017-06-28,9.235613822937012,9.235613822937012,8.628428252968288,8.628428252968288,517683000
2017-06-29,9.427356719970703,9.746928134206998,9.395399456640254,9.65105695374975,439469000
2017-06-30,9.427356719970703,9.459313983301152,9.267571012852557,9.299528276183006,225793000
2017-07-03,9.203657150268555,9.49127193146094,9.171700494166418,9.459314665824659,150836000
2017-07-04,9.075828552246094,9.33148606371736,9.075828552246094,9.235614268340335,99842000
2017-07-05,9.203657150268555,9.235614415904836,9.107785962893855,9.139743228530136,116182000
2017-07-06,9.235613822937012,9.235613822937012,9.107785378133192,9.235613822937012,65954000
2017-07-07,9.171699523925781,9.235613438902979,9.139742261670143,9.20365617664734,78826000
2017-07-10,9.139741897583008,9.26757033197936,9.107784636600405,9.235613070996758,136430000
2017-07-11,9.338433265686035,9.338433265686035,9.106627938246817,9.139743075255092,96229000
2017-07-12,9.4046630859375,9.437778223572021,9.33843344228717,9.371547948302977,73061000
2017-07-13,9.83515739440918,9.868271896325588,9.437777055225897,9.50400732229599,217574000
2017-07-14,9.636466026306152,9.868270668984078,9.636466026306152,9.868270668984078,85371000
2017-07-17,9.570237159729004,9.735812199280089,9.504007522879759,9.735812199280089,46541000
2017-07-18,9.570237159729004,9.570237159729004,9.504007522879759,9.537122025495057,38991000
2017-07-19,9.802042007446289,9.901386773864273,9.603351842991701,9.63646697567057,109635000
2017-07-20,9.96761703491211,10.100076933951685,9.868271636918461,9.93450190224756,152717000
2017-07-21,9.768927574157715,10.00073288788689,9.702697304058331,9.967617752837198,64896000
2017-07-24,9.802042007446289,9.835157140125157,9.702696609409685,9.802042007446289,41179000
2017-07-25,9.868271827697754,9.901386961002505,9.768927059402134,9.868271827697754,41560000
2017-07-26,10.199422836303711,10.232537972656512,10.00073328142429,10.0669629225112,202972000
2017-07-27,9.437777519226074,9.603352563423023,9.272202475029125,9.404662384062952,299371000
2017-07-28,9.205973625183105,9.404663835201045,9.172859116529088,9.338434186274243,129090000
2017-07-31,9.205973625183105,9.30531904600146,9.139743976256304,9.205973625183105,75905000
2017-08-01,9.040397644042969,9.205972697095907,9.040397644042969,9.17285819178028,57729000
2017-08-02,9.040397644042969,9.17285819178028,9.007283138727342,9.073512780977296,55684000
2017-08-03,8.874820709228516,9.007281228879727,8.874820709228516,8.974166098966924,58718000
2017-08-04,9.172858238220215,9.172858238220215,8.874822635921081,8.874822635921081,106578000
2017-08-07,9.205973625183105,9.23908876545589,9.10662883598352,9.172859116529088,52228000
2017-08-08,9.272202491760254,9.33843276220601,9.2059722213145,9.305317626983133,50372000
2017-08-09,9.205973625183105,9.272203905728674,9.205973625183105,9.272203905728674,40249000
2017-08-10,9.272202491760254,9.404662401033097,9.2059722213145,9.239087356537377,124627000
2017-08-11,9.305315971374512,9.338431100705522,9.13974095633802,9.13974095633802,81512000
2017-08-14,9.305315971374512,9.371545598417974,9.239085712712493,9.371545598417974,45620000
2017-08-15,9.338433265686035,9.371547771075607,9.205972717652937,9.371547771075607,64068000
2017-08-16,9.305315971374512,9.371545598417974,9.272200842043501,9.272200842043501,44825000
2017-08-17,9.371546745300293,9.404661878683905,9.305317110151702,9.338432243535314,29988000
2017-08-18,9.338433265686035,9.338433265686035,9.272202991669486,9.272202991669486,22950000
2017-08-21,9.371546745300293,9.470892145451131,9.305317110151702,9.338432243535314,39046753
2017-08-22,9.470891952514648,9.470891952514648,9.371546554387628,9.470891952514648,28557494
2017-08-23,9.4046630859375,9.537123004856873,9.371547948302977,9.537123004856873,30575803
2017-08-24,9.901388168334961,9.934503305677628,9.470893277736414,9.504008415079081,149395945
2017-08-25,9.868271827697754,9.934502094307256,9.735811926097384,9.934502094307256,58223121
2017-08-28,9.868271827697754,10.033846862602875,9.868271827697754,9.934502094307256,50027240
2017-08-29,9.868271827697754,10.000732360916757,9.802042192706885,9.934502094307256,43363946
2017-08-30,9.83515739440918,9.967617296930728,9.73581199380404,9.934502163395681,37189931
2017-08-31,9.96761703491211,10.166307199280784,9.868271636918461,9.90138676958301,137654222
2017-09-01,10.62991714477539,10.927952724371353,10.03384724882078,10.133192652558987,373330587
2017-09-04,10.927952766418457,11.093527808333887,10.663032952001231,10.696147455089388,220970070
2017-09-05,10.927952766418457,10.927952766418457,10.696147455089388,10.86172249700482,105413304
2017-09-06,10.62991714477539,10.861722455212549,10.563687507235244,10.795492186053744,105799739
2017-09-07,10.795492172241211,11.12664225437422,10.629917131174706,10.629917131174706,208649181
2017-09-08,10.762377738952637,10.92795278109037,10.729263235820019,10.861722511587812,67429505
2017-09-11,10.62991714477539,10.861722455212549,10.62991714477539,10.762377683093,39683117
2017-09-12,10.530572891235352,10.729263708496322,10.464343250433718,10.663033436075999,68864374
2017-09-13,10.398112297058105,10.663032737771507,10.398112297058105,10.56368733564699,49706351
2017-09-14,10.530572891235352,10.663033436075999,10.331883337211758,10.464343250433718,55352030
2017-09-15,10.298768043518066,10.530572730207181,10.298768043518066,10.530572730207181,66947676
2017-09-18,10.530572891235352,10.596803163655675,10.331883337211758,10.364997841803232,49076923
2017-09-19,10.5968017578125,10.72926228508004,10.49745699398045,10.62991625801078,59301078
2017-09-20,10.364996910095215,10.596802211110715,10.298767275246952,10.596802211110715,38000508
2017-09-21,10.497458457946777,10.530572962763177,10.331883407390006,10.364997912206405,44092594
2017-09-22,10.265653610229492,10.530573450749216,10.1994233342902,10.497458944398293,38645339
2017-09-25,10.066962242126465,10.364997185921327,10.03384710801178,10.298767549310606,42904781
2017-09-26,10.100077629089355,10.26565267218918,10.000732855876924,10.033847359201959,39562677
2017-09-27,10.100077629089355,10.232537537245483,10.100077629089355,10.133192764033053,30568758
2017-09-28,10.232537269592285,10.265652403669788,10.10007736490092,10.232537269592285,29390155
2017-09-29,10.03384780883789,10.232537995785103,10.000733304028934,10.232537995785103,49909398
2017-10-02,10.03384780883789,10.100078081693193,9.967618167601282,10.000733304028934,20630955
2017-10-03,10.464344024658203,10.663034225000958,10.10007876263294,10.133193901293188,121011084
2017-10-05,10.398112297058105,10.596802469688495,10.3649971630166,10.530572201605482,48563114
2017-10-06,10.298768043518066,10.464343090418296,10.265652907814285,10.398112819010732,38165950
2017-10-11,10.464344024658203,10.663034225000958,10.364998608677457,10.398113747337707,71759212
2017-10-12,10.530572891235352,10.663033436075999,10.497458386643878,10.563688027445513,43136440
2017-10-13,10.56368637084961,10.696146263299225,10.497456740434098,10.53057123983256,70840411
2017-10-16,10.56368637084961,10.629916001265123,10.53057123983256,10.596801501866661,42692972
2017-10-17,10.530572891235352,10.596803163655675,10.497458386643878,10.596803163655675,24207299
2017-10-18,10.56368637084961,10.696146263299225,10.53057123983256,10.596801501866661,33201648
2017-10-19,10.364996910095215,10.663032477577609,10.364996910095215,10.596802211110715,50698643
2017-10-20,10.298768043518066,10.364997683306951,10.199422636406721,10.331883179221848,43608989
2017-10-23,10.33188247680664,10.497457512450216,10.298767343354198,10.398112112092889,31161517
2017-10-24,10.298768043518066,10.398112819010732,10.265652907814285,10.364997683306951,18592033
2017-10-25,10.265653610229492,10.398113530489354,10.232538472259845,10.364998392519707,22519255
2017-10-26,10.298768043518066,10.331883179221848,9.967617949717605,10.133192996617836,86021724
2017-10-27,10.232537269592285,10.36499717428365,10.199422135514782,10.298767537747292,33936230
2017-10-30,10.464344024658203,10.497459163318451,10.298768962975696,10.298768962975696,49192225
2017-10-31,10.265653610229492,10.497458944398293,10.265653610229492,10.464343806428646,56534819
2017-11-01,10.265653610229492,10.398113530489354,10.265653610229492,10.364998392519707,26176532
2017-11-02,10.265653610229492,10.331883886168784,10.232538472259845,10.298768748199137,16684932
2017-11-03,10.232537269592285,10.331882671824795,10.232537269592285,10.331882671824795,21385155
2017-11-06,10.100077629089355,10.26565267218918,10.066962494145656,10.232537537245483,44785007
2017-11-07,10.199422836303711,10.199422836303711,10.100078058864,10.133193195216801,17279082
2017-11-08,10.166306495666504,10.199420994420565,10.133191365293866,10.199420994420565,12629656
2017-11-09,10.398112297058105,10.56368733564699,10.199422124427718,10.232537258469224,92201809
2017-11-10,10.497458457946777,10.530572962763177,10.331883407390006,10.398113048641498,37515315
2017-11-13,10.364996910095215,10.464342309795557,10.3318824084804,10.464342309795557,31238911
2017-11-14,10.431228637695312,10.497458913439278,10.331883855698083,10.39811349982333,32748470
2017-11-15,10.33188247680664,10.431227245545331,10.265652209901756,10.398112112092889,32041841
2017-11-16,10.33188247680664,10.431227245545331,10.265652209901756,10.33188247680664,24885125
2017-11-17,10.364996910095215,10.464342309795557,10.3318824084804,10.398112043328663,18470595
2017-11-20,10.530572891235352,10.596803163655675,10.364997841803232,10.364997841803232,49301271
2017-11-21,10.696147918701172,10.82860846326979,10.49745836508562,10.530572869609088,88638640
2017-11-22,10.663033485412598,10.828608535610813,10.663033485412598,10.76237826288405,70047120
2017-11-23,10.56368637084961,10.696146263299225,10.53057123983256,10.663031763900763,31456593
2017-11-24,10.56368637084961,10.663031763900763,10.56368637084961,10.596801501866661,25950090
2017-11-27,10.464344024658203,10.629918454721976,10.398113747337707,10.596803947680462,29931575
2017-11-28,10.497458457946777,10.56368809919827,10.398113048641498,10.530572962763177,22794894
2017-11-29,10.398112297058105,10.56368733564699,10.331882660593742,10.530572201605482,30762394
2017-11-30,10.133193016052246,10.331883199037327,10.133193016052246,10.26565292750274,76131735
2017-12-01,10.166306495666504,10.298766385538478,10.000731475421894,10.199420994420565,37063822
2017-12-04,10.398112297058105,10.398112297058105,10.166307622004858,10.232537258469224,29442712
2017-12-05,10.298768043518066,10.364997683306951,10.232537772110502,10.364997683306951,24366444
2017-12-06,9.934503555297852,10.26565367380778,9.868273278948376,10.232538535633042,53149345
2017-12-07,9.702698707580566,10.10007912242171,9.636469059519547,9.967619194680914,57685398
2017-12-08,9.702698707580566,9.835159266940119,9.636469059519547,9.802044127100231,36748999
2017-12-11,10.03384780883789,10.03384780883789,9.802043117081721,9.835158253509373,33189554
2017-12-12,9.901388168334961,10.033848086086921,9.835158525268335,10.033848086086921,17874261
2017-12-13,9.802042007446289,9.901386773864273,9.802042007446289,9.868271641185403,11375969
2017-12-14,9.868271827697754,10.033846862602875,9.835157326011636,9.868271827697754,41188298
2017-12-15,9.702698707580566,9.86827377516125,9.702698707580566,9.835159266940119,38377016
2017-12-18,9.603352546691895,9.802042725705805,9.603352546691895,9.768927590600375,25440191
2017-12-19,9.636466026306152,9.768925912353332,9.636466026306152,9.669581155722586,21218677
2017-12-20,9.66958236694336,9.735812002453654,9.603352099814424,9.636467233378893,17598605
2017-12-21,9.570237159729004,9.735812199280089,9.537122025495057,9.669582562430845,34815083
2017-12-22,9.53712272644043,9.60335299977602,9.470893084723539,9.60335299977602,32325564
2017-12-25,9.570237159729004,9.603352293962951,9.537122025495057,9.570237159729004,8019253
2017-12-26,9.305315971374512,9.603350872116485,9.305315971374512,9.570235742785474,29369690
2017-12-27,9.4046630859375,9.437778223572021,9.33843344228717,9.33843344228717,16454806
2017-12-28,9.470891952514648,9.537121586314042,9.371546554387628,9.404661687096635,20198244
2017-12-29,9.4046630859375,9.570238142491394,9.371547948302977,9.470893361206544,33614830
2018-01-02,9.437777519226074,9.470892654389198,9.371547248899828,9.404662384062952,16608150
2018-01-03,9.53712272644043,9.66958327311161,9.504008221391333,9.53712272644043,54796186
2018-01-04,9.504008293151855,9.60335307228665,9.437778019316191,9.537122798450985,31518466
2018-01-05,9.636466026306152,9.636466026306152,9.504006140258971,9.537120638056846,39095319
2018-01-08,9.735812187194824,9.735812187194824,9.570237147849271,9.636467416234952,48290538
2018-01-09,9.768927574157715,9.768927574157715,9.636467665577614,9.702697304058331,26322671
2018-01-10,9.4046630859375,9.73581319904529,9.33843344228717,9.702698061410768,54225915
2018-01-11,9.272202491760254,9.404662401033097,9.2059722213145,9.371547265810218,50336611
2018-01-12,9.4046630859375,9.470893361206544,9.272203167018127,9.30531830465265,49913480
2018-01-15,9.470891952514648,9.504007085223655,9.404661687096635,9.437776819805642,21464684
2018-01-16,9.470891952514648,9.470891952514648,9.371546554387628,9.470891952514648,26699657
2018-01-17,9.470891952514648,9.504007085223655,9.371546554387628,9.404661687096635,26465563
2018-01-18,9.470891952514648,9.537121586314042,9.470891952514648,9.470891952514648,40184881
2018-01-19,9.4046630859375,9.504008498841067,9.30531830465265,9.504008498841067,33002588
2018-01-22,9.272202491760254,9.437777536255973,9.239087356537377,9.371547265810218,74930371
2018-01-23,9.66958236694336,9.835157403147056,9.305317160971498,9.338432294535965,149322801
2018-01-24,9.53712272644043,9.66958327311161,9.470893084723539,9.60335299977602,69620583
2018-01-25,9.603352546691895,10.000732904719715,9.603352546691895,9.669582816902754,162032761
2018-01-26,9.66958236694336,9.702696868889188,9.504007330739663,9.66958236694336,75870231
2018-01-29,9.636466026306152,9.835156171186203,9.570235767473282,9.768925912353332,60472966
2018-01-30,9.570237159729004,9.702697065046141,9.537122025495057,9.636467428196898,33310846
2018-01-31,9.437777519226074,9.537122293096777,9.404662384062952,9.537122293096777,61565233
2018-02-01,9.53712272644043,9.636468136443815,9.437777948055743,9.437777948055743,37161440
2018-02-02,9.636466026306152,9.669581155722586,9.470891010842536,9.504006140258971,54740128
2018-02-05,9.53712272644043,9.60335299977602,9.404662811387949,9.404662811387949,37115724
2018-02-06,9.239086151123047,9.404661174016358,9.106626259132115,9.338431543830186,110514393
2018-02-07,9.4046630859375,9.470893361206544,9.33843344228717,9.371547948302977,54288824
2018-02-08,9.371546745300293,9.437777012067519,9.338432243535314,9.338432243535314,36045599
2018-02-09,9.305315971374512,9.404660727748983,9.106625827007012,9.239085712712493,82496338
2018-02-12,9.172858238220215,9.371547797594696,9.172858238220215,9.305318155009436,50923978
2018-02-21,9.338433265686035,9.371547771075607,9.239087854661213,9.305318128677762,55608851
2018-02-22,9.239086151123047,9.305316412927807,9.205971020220668,9.272201282025426,24796329
2018-02-23,9.371546745300293,9.371546745300293,9.27220197676809,9.27220197676809,26398680
2018-02-26,9.338433265686035,9.437778045092156,9.338433265686035,9.404662908083882,19235326
2018-02-27,9.371546745300293,9.437777012067519,9.371546745300293,9.371546745300293,25142905
2018-03-01,9.272202491760254,9.33843276220601,9.239087356537377,9.33843276220601,31311735
2018-03-02,9.272202491760254,9.272202491760254,9.172857717710292,9.2059722213145,24219882
2018-03-05,9.205973625183105,9.30531904600146,9.172859116529088,9.272203905728674,18923532
2018-03-06,9.371546745300293,9.404661878683905,9.239086843384476,9.27220197676809,38196016
2018-03-07,9.305315971374512,9.404660727748983,9.272200842043501,9.338431100705522,23556623
2018-03-08,10.232537269592285,10.232537269592285,9.768927287363185,9.802042421440689,192783370
2018-03-09,10.000732421875,10.39811212909829,9.9676172883684,10.331882493703727,171989378
2018-03-12,10.100077629089355,10.232537537245483,10.066962494145656,10.133192764033053,53882965
2018-03-13,10.100077629089355,10.100077629089355,10.000732855876924,10.066962494145656,41466811
2018-03-14,10.000732421875,10.100077190776164,9.9676172883684,10.066962057269564,29865280
2018-03-15,10.000732421875,10.066962057269564,9.9676172883684,9.9676172883684,26807907
2018-03-16,10.066962242126465,10.066962242126465,9.934502337286377,9.967617471401061,40546513
2018-03-19,10.100077629089355,10.16630789897675,10.000732855876924,10.033847359201959,26548555
2018-03-20,10.066962242126465,10.066962242126465,10.000732605515745,10.066962242126465,22326811
2018-03-21,10.066962242126465,10.100077376241149,10.000732605515745,10.066962242126465,18505425
2018-03-22,10.100077629089355,10.16630789897675,10.033847359201959,10.133192764033053,24926924
2018-03-23,10.066962242126465,10.066962242126465,9.934502337286377,9.967617471401061,50157951
2018-03-26,10.03384780883789,10.066962945265542,9.967618167601282,9.967618167601282,27810888
2018-03-27,10.298768043518066,10.364997683306951,10.03384758950649,10.066962725210272,58111240
2018-03-28,10.199422836303711,10.265653109009312,10.133193195216801,10.166308331569601,19099923
2018-03-29,10.133193016052246,10.232537791735446,10.06696274451766,10.16630815181954,37000161
2018-03-30,10.199422836303711,10.232537972656512,10.0669629225112,10.133193195216801,29931778
2018-04-02,10.232537269592285,10.431227442438656,10.199422135514782,10.265652403669788,28643495
2018-04-03,10.199422836303711,10.232537972656512,10.133193195216801,10.166308331569601,25663884
2018-04-09,10.100077629089355,10.199422402301785,10.066962494145656,10.133192764033053,41328988
2018-04-10,10.133193016052246,10.199422655968153,10.06696274451766,10.133193016052246,43686362
2018-04-11,10.199422836303711,10.331883381714913,10.133193195216801,10.166308331569601,29420087
2018-04-12,10.232537269592285,10.265652403669788,10.166307633055927,10.199422135514782,24395100
2018-04-13,10.199422836303711,10.265653109009312,10.199422836303711,10.199422836303711,19916291
2018-04-16,10.166306495666504,10.232536124793203,10.166306495666504,10.199420994420565,16106002
2018-04-17,10.166306495666504,10.26565125516584,10.133191365293866,10.166306495666504,33941740
2018-04-18,10.33188247680664,10.33188247680664,10.166307441163063,10.232537076449313,43266308
2018-04-19,10.497458457946777,10.596803235633363,10.331883407390006,10.364997912206405,57239731
2018-04-20,10.33188247680664,10.464342378997774,10.265652209901756,10.431227245545331,34122407
2018-04-23,10.298768043518066,10.464343090418296,10.265652907814285,10.298768043518066,20121592
2018-04-24,10.166306495666504,10.364996014665175,10.066961104548593,10.298766385538478,57837166
2018-04-25,10.265653610229492,10.331883886168784,10.13319368996963,10.13319368996963,50347727
2018-04-26,10.398112297058105,10.497457699182624,10.199422124427718,10.265652392510729,79246861
2018-04-27,10.398112297058105,10.56368733564699,10.331882660593742,10.398112297058105,45414790
2018-04-30,10.5968017578125,10.66303202144627,10.398111598529795,10.398111598529795,60872336
2018-05-02,10.762377738952637,11.15975809273066,10.596802696814905,10.596802696814905,105765858
2018-05-03,10.62991714477539,10.762377683093,10.563687507235244,10.762377683093,53928795
2018-05-04,10.5968017578125,10.86172154911037,10.563686625995615,10.5968017578125,49075125
2018-05-07,10.364996910095215,10.696146979192426,10.364996910095215,10.663032477577609,41618961
2018-05-08,10.497458457946777,10.497458457946777,10.364997912206405,10.464343321511684,25284222
2018-05-09,10.729262351989746,10.961066381297702,10.43122679539778,10.497457059444574,48096224
2018-05-10,10.56368637084961,10.894837049401533,10.56368637084961,10.82860678736743,23378264
2018-05-11,10.696147918701172,10.729263686462014,10.596803141893396,10.663033414177704,31393160
2018-05-14,10.861721992492676,10.861721992492676,10.596802190380613,10.729262723055275,32914897
2018-05-15,10.894837379455566,10.961066380258867,10.729262350972881,10.828607115415048,42548647
2018-05-16,10.795492172241211,10.961067213307714,10.729263166404458,10.861722441315274,33701981
2018-05-17,10.62991714477539,10.927952724371353,10.62991714477539,10.828607952251804,26416612
2018-05-18,10.62991714477539,10.696147413934195,10.563687507235244,10.696147413934195,22129437
2018-05-21,10.62991714477539,10.696147413934195,10.596802641814646,10.62991714477539,10344761
2018-05-22,10.729262351989746,11.027296645344496,10.729262351989746,10.762376852394535,43275499
2018-05-23,10.729262351989746,10.861721616846118,10.663032087942952,10.82860711644133,21014513
2018-05-24,10.729262351989746,10.795491352799324,10.629916324300947,10.729262351989746,13951673
2018-05-25,10.762377738952637,10.795492242085256,10.69614746945008,10.729263235820019,25392359
2018-05-28,10.861721992492676,10.927952258830008,10.76237722460531,10.894837757279971,34010039
2018-05-29,10.894837379455566,10.994182143897733,10.828607115415048,10.927951879857217,33254072
2018-05-30,10.861721992492676,11.06041279150467,10.76237722460531,10.795491726155346,54574035
2018-05-31,11.027297973632812,11.027297973632812,10.861722925190167,10.96106770160828,97119929
2018-06-01,10.894837379455566,11.060412407938252,10.8617216158167,11.027296644299383,30379635
2018-06-04,10.927952766418457,10.961067269506614,10.86172249700482,10.927952766418457,33403733
2018-06-05,10.927952766418457,11.027297538920251,10.894838263330298,10.994183035832092,31280763
2018-06-06,10.861721992492676,10.961066760380042,10.828607490942641,10.927952258830008,41873811
2018-06-07,10.994183540344238,10.994183540344238,10.861722995438482,10.89483876328361,38502990
2018-06-08,10.861721992492676,10.994182525167338,10.828607490942641,10.961066760380042,29558632
2018-06-11,11.126642227172852,11.126642227172852,10.927952683673707,10.961067186511128,72224476
2018-06-12,11.159758567810059,11.259103344674417,11.09352829548803,11.159758567810059,76328073
2018-06-13,12.252553939819336,12.252553939819338,11.39156416826213,11.524023452912328,350536539
2018-06-14,11.987634658813477,12.28566901041656,11.855174104831574,12.153209719672121,181043205
2018-06-15,12.351897239685059,12.351897239685059,11.88828790408142,11.921402405468374,96066502
2018-06-19,12.053863525390625,12.252553069877495,12.053863525390625,12.219438566875455,91259275
2018-06-20,11.95451831817627,12.086978865836564,11.689598486093086,12.053864360540192,90050350
2018-06-21,11.68959903717041,11.921404374885114,11.68959903717041,11.921404374885114,49753035
2018-06-22,11.788942337036133,11.855172605651745,11.391563251817065,11.590252794426599,57142286
2018-06-25,11.788942337036133,11.822058102962592,11.524022525810985,11.755827834346977,31182075
2018-06-26,11.65648365020752,11.689598154564731,11.524023106303936,11.590253378255728,30096426
2018-06-27,11.65648365020752,11.92140347477732,11.590253378255728,11.722713922159311,52024313
2018-06-28,11.225988388061523,11.490908203443949,11.192872621615393,11.490908203443949,70476104
2018-06-29,11.225988388061523,11.225988388061523,11.225988388061523,11.225988388061523,0
2018-07-02,12.053863525390625,12.153208297634059,11.822058214664398,11.987633256149229,162084485
2018-07-03,11.888288497924805,12.02074777332648,11.755827959285812,11.921403000965894,98406139
2018-07-04,11.888288497924805,12.351897856686643,11.822058228605307,12.053863539604887,105768020
2018-07-05,11.888288497924805,11.921403000965894,11.623367420646819,11.921403000965894,56808340
2018-07-06,11.65648365020752,11.822058698468316,11.524023106303936,11.755828426516524,61037692
2018-07-09,11.68959903717041,11.722714807265348,11.590254253360527,11.656484530312937,62565827
2018-07-10,11.732138633728027,11.904670084224028,11.69763287015303,11.87016432064903,57819296
2018-07-11,11.663127899169922,11.732140755109182,11.525103503602141,11.697634985294924,30143840
2018-07-12,12.042696952819824,12.146215570012961,11.69763401796895,11.732139784929783,75250156
2018-07-13,12.00818920135498,12.146214894139172,11.939176354962886,12.111707812787843,20428290
2018-07-16,11.904670715332031,12.077202174974524,11.835657868212918,12.042696409570254,35435883
2018-07-17,11.904670715332031,11.973683562451143,11.766645021093806,11.870164949927762,33440075
2018-07-18,12.00818920135498,12.249733505572035,11.835657743530023,11.904670589922118,67247948
2018-07-19,12.146215438842773,12.249734054917983,12.077202589355759,12.146215438842773,59100677
2018-07-20,12.318747520446777,12.491278994637039,12.249734667508536,12.318747520446777,97511292
2018-07-23,12.594796180725098,12.87084624471176,12.456770490576499,12.69831479018128,104322118
2018-07-24,12.560291290283203,12.663809906942168,12.353252740654646,12.422265590530833,70162052
2018-07-25,12.560291290283203,12.732822756818354,12.387759823748054,12.525784207189798,84335840
2018-07-26,12.077202796936035,12.11170856411731,11.73213985988072,11.973684179081568,196330657
2018-07-27,11.939177513122559,12.11170898768393,11.90467174473456,12.042697450907932,56979863
2018-07-30,11.870165824890137,11.939177360785587,11.732140120477894,11.870165824890137,55988748
2018-07-31,12.11170768737793,12.11170768737793,11.835657620978452,11.87016470197248,108556048
2018-08-01,12.00818920135498,12.077202047747077,11.870164824881352,12.077202047747077,32256878
2018-08-02,11.939177513122559,12.077203219295932,11.870165976346561,12.077203219295932,30848738
2018-08-03,12.215227127075195,12.249732890383061,12.008188598296508,12.008188598296508,59478342
2018-08-06,12.387760162353516,12.456771697805427,12.249734458828367,12.284240226554322,62004305
2018-08-07,12.318747520446777,12.387760373385019,12.215228899194758,12.284240435822314,33961732
2018-08-08,12.387760162353516,12.42226593007947,12.249734458828367,12.387760162353516,49063549
2018-08-09,12.318747520446777,12.456771910012575,12.215228899194758,12.318747520446777,71095101
2018-08-10,12.387760162353516,12.456771697805427,12.249734458828367,12.284240226554322,51563981
2018-08-13,11.939177513122559,12.318747546943987,11.939177513122559,12.2842404622453,56243477
2018-08-14,12.00818920135498,12.04269628270631,11.904670589922118,11.939176354962886,28349756
2018-08-15,11.697633743286133,12.042696670034271,11.697633743286133,12.008189587573096,54972841
2018-08-16,11.835658073425293,11.870165155738437,11.525102230470582,11.55960799647313,35998118
2018-08-17,11.870165824890137,11.904671592837863,11.801152972684015,11.83565874063174,30651088
2018-08-20,12.11170768737793,12.180720533055437,11.87016470197248,11.904670466655958,38416849
2018-08-21,12.422266006469727,12.422266006469727,12.111708829783716,12.146215914032535,80748426
2018-08-22,12.077202796936035,12.353252883318158,12.077202796936035,12.353252883318158,36992562
2018-08-23,12.1807222366333,12.180722236633303,12.042697842284948,12.11170938130376,18832922
2018-08-24,11.939177513122559,12.180721840770616,11.870165976346561,12.11170898768393,26098754
2018-08-27,12.00818920135498,12.04269628270631,11.870164824881352,12.04269628270631,23307601
2018-08-28,12.077202796936035,12.215228498282418,11.973684179081568,12.008189946262842,24876881
2018-08-29,12.11170768737793,12.146214768371957,11.973683312333465,12.077201922694451,28640070
2018-08-30,11.97368335723877,12.111707732800873,11.97368335723877,12.077201967987985,25952572
2018-08-31,11.97368335723877,11.97368335723877,11.801151900553227,11.904670511302443,43748570
2018-09-03,11.801153182983398,11.939177573544598,11.766646098110076,11.870166036419345,25135814
2018-09-04,11.870165824890137,11.904671592837863,11.801152972684015,11.83565874063174,16189877
2018-09-05,11.732138633728027,11.835657240763528,11.732138633728027,11.80115147718853,33116439
2018-09-06,11.663127899169922,11.697634985294924,11.5596092734164,11.628622129355662,31933666
2018-09-07,11.249051094055176,11.628621110302822,11.145532477373319,11.559608260411375,50782783
2018-09-10,10.731457710266113,11.21454570114595,10.696951284169982,11.180039933205153,119068509
2018-09-11,10.800469398498535,10.834975822978672,10.593432167928325,10.696950783213431,68393936
2018-09-12,10.627938270568848,10.869482591418047,10.558926077580024,10.834976165845971,36269840
2018-09-13,10.765963554382324,10.765963554382324,10.48991281869119,10.627937857459107,35107587
2018-09-14,10.834975242614746,10.90398808787842,10.765963055506342,10.834975242614746,33309692
2018-09-17,10.765963554382324,10.834975744688633,10.731457130151519,10.834975744688633,17324379
2018-09-18,10.558926582336426,10.731458060289128,10.489913727893203,10.696951633067517,26015669
2018-09-19,10.765963554382324,10.800469320457827,10.593432091383603,10.662444281689911,31600089
2018-09-20,10.662444114685059,10.765963385756057,10.627937690994724,10.765963385756057,23341924
2018-09-21,10.938495635986328,10.938495635986328,10.662444884683683,10.731457737048178,45287222
2018-09-25,10.800469398498535,10.973000862743913,10.765963632173703,10.973000862743913,18291276
2018-09-26,10.973001480102539,10.973001480102539,10.765964237884083,10.765964237884083,26348243
2018-09-27,11.007506370544434,11.042012792150956,10.869481342273598,10.903987763880119,25682429
2018-09-28,11.145532608032227,11.145532608032227,10.93849537224142,10.97300113943634,28153094
2018-10-01,10.973001480102539,11.042014332945586,10.938495711836358,11.042014332945586,12157097
2018-10-02,10.765963554382324,11.007507207687354,10.765963554382324,10.938495017381046,15619834
2018-10-03,10.696951866149902,10.834976919888504,10.662445438176409,10.76596472209689,17982464
2018-10-04,10.420900344848633,10.662443991581641,10.386393921556694,10.627937568289703,48230973
2018-10-05,10.14484977722168,10.420900509770712,10.07583758770089,10.351887662094631,57497812
2018-10-08,10.213862419128418,10.248368842271288,10.110343149699805,10.110343149699805,21598076
2018-10-09,10.213862419128418,10.248368842271288,9.868799504010264,10.213862419128418,48875474
2018-10-11,9.48923110961914,9.834294059059838,9.420218256468864,9.661762584339488,120755857
2018-10-12,9.420218467712402,9.696269228348461,9.420218467712402,9.420218467712402,81810423
2018-10-15,9.213181495666504,9.420218749645668,9.213181495666504,9.35120655103774,45337262
2018-10-16,9.109660148620605,9.316698013893735,9.040647965633049,9.213179410334785,54706473
2018-10-17,9.385712623596191,9.385712623596191,9.213181146384168,9.282193342375765,50830558
2018-10-18,9.14416790008545,9.42021798852401,9.109661474491796,9.385712221085685,39445621
2018-10-19,9.178674697875977,9.282193320699303,8.971636794073968,9.040649648059755,88342012
2018-10-22,9.0406494140625,9.109661608106705,8.971636561862958,9.109661608106705,43472145
2018-10-23,8.799104690551758,9.006142579607566,8.764598266016572,9.006142579607566,47902377
2018-10-24,8.730091094970703,8.971635387907227,8.626572488372334,8.799103938139782,59429485
2018-10-25,8.488547325134277,8.557559509050103,8.177990852124964,8.212496615005257,75059655
2018-10-26,8.074474334716797,8.316018705946654,8.005462127333598,8.281512273177322,135893463
2018-10-29,8.005460739135742,8.143485788123183,7.936447885564347,7.936447885564347,60307053
2018-10-30,8.074474334716797,8.24700584040799,7.901942829025603,8.005462127333598,75673087
2018-10-31,8.143485069274902,8.177991493014622,8.039965798055746,8.177991493014622,89349728
2018-11-01,8.247004508972168,8.316017363369065,8.039966603936831,8.07447303113528,70480864
2018-11-02,8.21249771118164,8.21249771118164,8.005460473644295,8.1434855180543,71188356
2018-11-05,7.418852806091309,7.729409303552445,7.418852806091309,7.418852806091309,233448269
2018-11-06,7.522371292114258,7.729409172975856,7.418852680761099,7.625890561622698,209094828
2018-11-07,7.556879043579102,7.660398331283437,7.453360414030161,7.591385472813879,101535652
2018-11-08,7.487866401672363,7.591385025116352,7.349840692873235,7.591385025116352,153873512
2018-11-09,7.315335273742676,7.487866759838915,7.246322416042025,7.453360330988589,101968055
2018-11-12,7.3843464851379395,7.3843464851379395,7.2118150221293185,7.280827870594887,93870885
2018-11-13,7.211815357208252,7.315334634716369,7.177308931372213,7.246321783044291,114461337
2018-11-14,7.453359127044678,7.487865550321168,7.2118148222645315,7.246321245541021,77930233
2018-11-15,7.729409217834473,7.763915641204216,7.4878655705568455,7.522371335771304,88328611
2018-11-16,7.591384410858154,7.798422299148982,7.5223715620427765,7.798422299148982,82071588
2018-11-19,7.660398006439209,7.660398006439209,7.487866525737022,7.556878723124677,51496509
2018-11-20,7.591384410858154,7.660397259673531,7.5223715620427765,7.591384410858154,35264856
2018-11-21,7.591384410858154,7.694903025925917,7.5223715620427765,7.556877986450465,30590619
2018-11-22,7.729409217834473,7.7294092178344735,7.591384182510788,7.625890605880531,39103506
2018-11-23,7.694902420043945,7.763915263425382,7.625890234817759,7.729408841734664,29554385
2018-11-26,7.936446189880371,7.970952609293501,7.729408331556797,7.729408331556797,42841802
2018-11-27,8.108978271484375,8.14348469363238,7.867433974603586,7.970953241047607,49125712
2018-11-28,8.108978271484375,8.177991115780388,8.005459663195614,8.108978271484375,54305180
2018-11-29,7.936446189880371,8.177990467617073,7.936446189880371,8.177990467617073,51275633
2018-11-30,7.970953941345215,8.074472558728726,7.867434665806385,7.970953941345215,108883538
2018-12-03,8.074474334716797,8.17799363302479,8.074474334716797,8.074474334716797,69038070
2018-12-04,8.143485069274902,8.212497258599049,8.074472221795466,8.108978645535185,57053658
2018-12-05,7.970953941345215,8.074472558728726,7.936447516165605,8.039966133549116,37858349
2018-12-06,7.7984232902526855,7.970954776062898,7.729410432666446,7.970954776062898,53440490
2018-12-07,7.729409217834473,7.8329284879437,7.660397029250273,7.798422064573957,41299094
2018-12-10,7.660398006439209,7.729410203826863,7.625891578667698,7.660398006439209,28909847
2018-12-11,7.591384410858154,7.660397259673531,7.5223715620427765,7.591384410858154,43083155
2018-12-12,7.7984232902526855,7.867435489683539,7.591385375649353,7.660398233235593,39227753
2018-12-13,7.936446189880371,7.970952609293501,7.8329275897961885,7.8329275897961885,60620361
2018-12-14,7.8329291343688965,7.936447754865881,7.763916281934015,7.8674349024309995,43971055
2018-12-17,7.867434978485107,7.970954258138146,7.832929210089439,7.867434978485107,47467219
2018-12-18,7.729409217834473,7.8329284879437,7.7294092178344735,7.798422064573957,44061825
2018-12-19,7.7984232902526855,7.901941918476658,7.729410432666446,7.763916861459566,47343708
2018-12-20,7.7984232902526855,7.901941918476658,7.729410432666446,7.763916861459566,40497768
2018-12-21,7.867434978485107,7.90194140503612,7.763916356987413,7.798422783538426,63555203
2018-12-24,7.729409217834473,7.8329284879437,7.694902794464731,7.798422064573957,25863419
2018-12-25,7.694902420043945,7.729408841734664,7.625890234817759,7.660396656508477,11846569
2018-12-26,7.729409217834473,7.763915641204216,7.694902794464731,7.7294092178344735,12700965
2018-12-27,7.763915061950684,7.867433666181266,7.729408641155412,7.832927903541228,20757329
2018-12-28,7.763915061950684,7.798421482745956,7.729408641155412,7.763915061950684,16896997
2019-01-02,7.660398006439209,7.832929487141395,7.660398006439209,7.798423059369884,18798696
2019-01-03,7.522371292114258,7.660396984792177,7.418852680761099,7.660396984792177,49252981
2019-01-04,7.3843464851379395,7.418852909370724,7.280827870594887,7.3843464851379395,43041214
2019-01-07,7.591384410858154,7.625890835265842,7.453359371382703,7.5223715620427765,32910190
2019-01-08,7.556879043579102,7.660398331283437,7.522372614344323,7.660398331283437,20389466
2019-01-09,7.660398006439209,7.694903776055352,7.625891578667698,7.660398006439209,36188175
2019-01-10,7.694902420043945,7.694902420043944,7.625890234817759,7.694902420043944,30341057
2019-01-11,7.729409217834473,7.7294092178344735,7.660397029250273,7.694902794464731,23328976
2019-01-14,7.660398006439209,7.763916631598374,7.625891578667698,7.729410203826863,25189695
2019-01-15,7.763915061950684,7.798421482745956,7.660396457720102,7.729408641155412,34809977
2019-01-16,7.7984232902526855,7.832929719045806,7.694904003873326,7.763916861459566,30906563
2019-01-17,7.763915061950684,7.867433666181266,7.729408641155412,7.832927903541228,40067607
2019-01-18,7.867434978485107,7.867434978485107,7.763916356987413,7.832929210089439,30066230
2019-01-21,8.074474334716797,8.108980767486129,7.901942829025603,7.936449261794934,60585046
2019-01-22,8.074474334716797,8.108980767486129,8.039967901947465,8.074474334716797,19850996
2019-01-23,7.970953941345215,8.039966133549116,7.970953941345215,8.039966133549116,9871702
2019-01-24,8.074474334716797,8.074474334716797,8.005462127333598,8.005462127333598,13008945
2019-01-25,8.247004508972168,8.247004508972168,8.10897945833373,8.143485885532177,43611148
2019-01-28,8.17799186706543,8.247004059546104,8.108979016429434,8.247004059546104,34489190
2019-01-29,8.281510353088379,8.281510353088379,8.074472462630107,8.143485312167968,37426129
2019-01-30,7.8329291343688965,7.936447754865881,7.763916281934015,7.8674349024309995,95570714
2019-02-11,7.487866401672363,7.867435126403896,7.453359974472581,7.867435126403896,82010464
2019-02-12,7.660398006439209,7.694903776055352,7.453360097965512,7.487866525737022,70690509
2019-02-13,7.660398006439209,7.729410203826863,7.591385150896187,7.729410203826863,51522805
2019-02-14,7.7984232902526855,7.7984232902526855,7.660398233235593,7.694904003873326,26940217
2019-02-15,7.867434978485107,7.867434978485107,7.7294099304364,7.763916356987413,33217732
2019-02-18,7.901941299438477,7.970954151618249,7.9019412994384775,7.936447725528363,21590780
2019-02-19,7.901941299438477,7.936447725528363,7.867434873348591,7.9019412994384775,15100991
2019-02-20,7.867434978485107,7.90194140503612,7.832929210089439,7.90194140503612,21871874
2019-02-21,7.901941299438477,7.936447725528363,7.83292910541404,7.9019412994384775,33906945
2019-02-22,7.936446189880371,7.936446189880371,7.798421170383058,7.901939770467241,39409802
2019-02-25,8.039966583251953,8.074473010361626,7.936447960078292,7.970954387187964,58222707
2019-02-26,8.039966583251953,8.108979437471298,8.005460814297637,8.039966583251953,31765810
2019-02-27,7.901941299438477,8.039966345642686,7.83292910541404,8.039966345642686,65102102
2019-03-04,7.901941299438477,8.005460577708135,7.798422679324155,7.83292910541404,27904777
2019-03-05,8.005460739135742,8.005460739135742,7.867435031992953,7.867435031992953,22504875
2019-03-06,8.074474334716797,8.108980767486129,7.970955694564266,7.970955694564266,20169922
2019-03-07,8.17799186706543,8.281510484864102,8.108979016429434,8.108979016429434,58798424
2019-03-08,8.005460739135742,8.17799221490888,8.005460739135742,8.17799221490888,26782759
2019-03-11,7.901941299438477,8.005460577708135,7.867434873348591,7.970954151618249,40281218
2019-03-12,8.039966583251953,8.039966583251953,7.970954387187964,7.970954387187964,15935867
2019-03-13,7.970953941345215,8.039966133549116,7.936447516165605,8.039966133549116,14050087
2019-03-14,7.901941299438477,8.005460577708135,7.9019412994384775,7.970954151618249,17760239
2019-03-15,8.039966583251953,8.039966583251953,7.901941532968619,7.901941532968619,28892091
2019-03-18,8.074474334716797,8.074474334716797,7.970955694564266,7.970955694564266,22359888
2019-03-19,8.074474334716797,8.108980767486129,8.039967901947465,8.074474334716797,25848816
2019-03-20,7.970953941345215,8.074472558728726,7.970953941345215,8.039966133549116,18746543
2019-03-21,8.005460739135742,8.074472934551789,7.970954312350044,8.005460739135742,27175505
2019-03-22,8.143485069274902,8.143485069274902,8.039965798055746,8.039965798055746,27719568
2019-03-25,8.039966583251953,8.14348586458097,8.005460814297637,8.039966583251953,37537288
2019-03-26,8.039966583251953,8.108979437471298,8.039966583251953,8.039966583251953,13701719
2019-03-27,8.039966583251953,8.074473010361626,8.005460814297637,8.039966583251953,14664465
2019-03-28,8.039966583251953,8.074473010361626,8.005460814297637,8.039966583251953,19455846
2019-03-29,8.039966583251953,8.074473010361626,8.005460814297637,8.039966583251953,21571004
2019-04-01,7.970953941345215,8.108978983908335,7.970953941345215,8.074472558728726,22798711
2019-04-02,8.005460739135742,8.074472934551789,7.970954312350044,8.03996650776609,19678479
2019-04-03,7.970953941345215,8.039966133549116,7.970953941345215,8.005460366524824,21951315
2019-04-08,8.21249771118164,8.38502918123298,8.005460473644295,8.005460473644295,105510930
2019-04-09,8.488547325134277,8.488547325134277,8.24700303604079,8.281509457076321,86939518
2019-04-10,8.4540433883667,8.52305625071758,8.350524752995812,8.48854981954214,48397306
2019-04-11,8.3505220413208,8.59206566480127,8.3505220413208,8.523053483016229,89309795
2019-04-12,8.419535636901855,8.454042062666252,8.35052344352839,8.454042062666252,17252844
2019-04-15,8.31601619720459,8.488547650847194,8.31601619720459,8.45404122848762,22168344
2019-04-16,8.3505220413208,8.45404064307597,8.281509201380542,8.3505220413208,32488007
2019-04-17,8.419535636901855,8.557560681804116,8.35052344352839,8.385029211137457,59977263
2019-04-18,8.281510353088379,8.48854824354665,8.212497503550518,8.45404181877772,44463821
2019-04-19,8.3505220413208,8.3505220413208,8.281509201380542,8.316015621350672,24015462
2019-04-22,8.21249771118164,8.38502918123298,8.21249771118164,8.38502918123298,28202641
2019-04-23,8.247004508972168,8.281510936170617,8.212498081773719,8.212498081773719,27169104
2019-04-24,8.247004508972168,8.350523790567514,8.177992312730627,8.316017363369065,39688992
2019-04-25,9.0406494140625,9.0406494140625,8.695586469375463,8.695586469375463,185934503
2019-04-26,9.28219223022461,9.28219223022461,8.937129317144473,9.040648585961678,216758817
2019-04-29,9.213181495666504,9.316700122656087,9.144168638903196,9.282193694274433,71900498
2019-04-30,9.28219223022461,9.316698653163677,9.178673619562678,9.213180042501747,63103184
2019-05-02,9.35120677947998,9.385713208704598,9.213181720736905,9.213181720736905,37508456
2019-05-03,9.558243751525879,9.592749519183073,9.351205854806068,9.351205854806068,87607849
2019-05-06,9.109660148620605,9.454723038024076,9.075153728049212,9.316698013893735,94350184
2019-05-07,9.385712623596191,9.420218392514313,9.144168292237218,9.213181146384168,53939136
2019-05-08,9.28219223022461,9.351205076102746,9.178673619562678,9.213180042501747,53979097
2019-05-09,9.075153350830078,9.282191207497442,8.971634751573998,9.247684788360347,61721274
2019-05-10,9.109660148620605,9.247685172750948,9.006141545061656,9.178672989763392,34772896
2019-05-13,8.937129974365234,9.109661443592962,8.937129974365234,9.040649250795065,34652746
2019-05-14,8.971637725830078,9.040650586983247,8.695587597528245,8.833612661679162,68436279
2019-05-15,8.90262222290039,9.075153666430671,8.90262222290039,8.937128643237491,54345421
2019-05-16,8.937129974365234,8.971636399841845,8.833611356090726,8.902623548888624,32193147
2019-05-17,8.971637725830078,9.14416922055758,8.937131295253494,9.040650586983247,52327936
2019-05-20,8.799104690551758,9.040649004142752,8.799104690551758,9.006142579607566,36419272
2019-05-21,8.937129974365234,9.006142825318454,8.730092079660896,8.764598505137506,39455900
2019-05-22,8.971637725830078,9.006144156406663,8.868119092255746,8.937131295253494,25560881
2019-05-23,8.868117332458496,8.971635945490501,8.7991044850003,8.868117332458496,46770279
2019-05-24,8.937129974365234,9.040649250795065,8.902623548888624,8.937129974365234,27753770
2019-05-27,8.833611488342285,9.006142960153051,8.833611488342285,8.971636534159831,25262205
2019-05-28,8.592066764831543,8.83361107739181,8.557560340443604,8.83361107739181,86813566
2019-05-29,8.695586204528809,8.695586204528809,8.385029037245031,8.488548312391396,32266476
2019-05-30,8.799104690551758,8.833611115086944,8.661079650566322,8.764598266016572,43693334
2019-05-31,8.90262222290039,8.937128643237491,8.73009077937011,8.73009077937011,29740913
2019-06-03,9.109660148620605,9.144166569191999,8.764597259217133,8.83361010035992,41302659
2019-06-04,8.971637725830078,9.178675651134165,8.902624864676909,9.075156359404412,41757982
2019-06-05,8.90262222290039,9.109660086767772,8.90262222290039,9.075153666430671,24276407
2019-06-06,9.006142616271973,9.040649040947637,8.86811757572463,8.902623342244985,30618239
2019-06-10,9.178674697875977,9.178674697875977,9.00614322106686,9.109661843890189,28170170
2019-06-11,9.247685432434082,9.282191853974446,9.144166825968238,9.213179669048966,30040260
2019-06-12,9.35120677947998,9.35120677947998,9.213181720736905,9.282193921030746,30229283
2019-06-13,9.48923110961914,9.62725615776435,9.247686781748516,9.316699634898793,70097271
2019-06-14,9.454723358154297,9.489229779894053,9.385711172830037,9.454723358154297,28211150
2019-06-17,9.420218467712402,9.558244177108111,9.385712698518834,9.454724895061329,30522774
2019-06-18,9.14416790008545,9.42021798852401,9.14416790008545,9.42021798852401,41290425
2019-06-19,9.420218467712402,9.420218467712402,9.213181219929556,9.282193416472051,48300373
2019-06-20,9.247685432434082,9.48922972506138,9.213179669048966,9.454723303521016,38934573
2019-06-21,9.454723358154297,9.454723358154297,9.282191907610768,9.35120475109028,48460614
2019-06-24,9.48923110961914,9.523737536194279,9.316699634898793,9.351206061473931,25972285
2019-06-25,9.454723358154297,9.558242623373564,9.42021693641454,9.489229779894053,26154417
2019-06-26,9.523736953735352,9.627255568974364,9.48923052927058,9.558243378200125,59484921
2019-06-27,9.661762237548828,9.73077508822202,9.592749386875635,9.627255812212232,62428579
2019-06-28,9.627254486083984,9.730773747834274,9.558242303072356,9.730773747834274,32353347
2019-07-01,9.90330696105957,9.972319156394915,9.69626905874284,9.69626905874284,47180565
2019-07-02,9.834293365478516,9.93781197974775,9.799786941337004,9.93781197974775,17391518
2019-07-03,9.696267127990723,9.834292149332772,9.661760708116407,9.76527930958414,22614581
2019-07-04,9.765280723571777,9.799787148442535,9.661762107114814,9.730774956856331,12644573
2019-07-05,9.730775833129883,9.799788030930758,9.59275012121739,9.69626940515176,20384750
2019-07-08,9.627254486083984,9.696267327250844,9.523735882488927,9.627254486083984,25191698
2019-07-09,9.661762237548828,9.73077508822202,9.55824361969436,9.627255812212232,24138020
2019-07-10,10.110344886779785,10.14485131585128,9.73077614145952,9.73077614145952,61150881
2019-07-11,10.3173828125,10.351889241603088,10.075839125089162,10.144851325139948,92427391
2019-07-12,10.075837135314941,10.282874352737023,10.075837135314941,10.21386216631475,62666064
2019-07-15,10.282875061035156,10.282875061035156,10.006824980020843,10.110343595862384,62793156
2019-07-16,10.060041427612305,10.311542737416987,10.024112571170788,10.311542737416987,66174379
2019-07-17,9.880396842956543,10.024111569069646,9.880396842956543,9.988182716219903,36348632
2019-07-18,9.916325569152832,9.988182588648677,9.88039671676198,9.916325569152832,19896936
2019-07-19,9.916325569152832,10.095969145821233,9.916325569152832,9.988182588648677,27177340
2019-07-22,9.772611618041992,9.952255208923015,9.736682762808606,9.88039749845624,32142568
2019-07-23,9.772611618041992,9.88039749845624,9.736682762808606,9.772611618041992,29467684
2019-07-24,9.952254295349121,9.988182461998544,9.772610720958602,9.8444677395433,36353065
2019-07-25,9.736681938171387,10.024111385123147,9.628895381600085,9.952254366028136,91752730
2019-07-26,9.485180854797363,9.73668214005937,9.485180854797363,9.73668214005937,64242723
2019-07-29,9.628894805908203,9.664823655950524,9.557037791109375,9.557037791109375,23290509
2019-07-30,9.772611618041992,9.88039749845624,9.66482505234183,9.700753907575217,40138127
2019-07-31,9.916325569152832,9.988182588648677,9.808539011980276,9.844467864371127,56482608
2019-08-01,9.628894805908203,9.808538370833995,9.557037791109375,9.808538370833995,38617392
2019-08-02,9.59296703338623,9.59296703338623,9.37739460960385,9.449251627340747,45049816
2019-08-05,9.413324356079102,9.485181380647745,9.341466646224548,9.413324356079102,40930437
2019-08-06,9.341466903686523,9.41332461552156,9.12589445346734,9.197752165302377,39315901
2019-08-07,9.413324356079102,9.485181380647745,9.341466646224548,9.377395501151824,31239517
2019-08-08,9.557037353515625,9.592966201912851,9.377393796815278,9.413322645212505,27796345
2019-08-12,9.341466903686523,9.557039353905706,9.341466903686523,9.521110497988188,22603497
2019-08-13,9.305537223815918,9.449251949474931,9.269608371079698,9.377394929288359,17761862
2019-08-14,9.413324356079102,9.521110235575021,9.377395501151824,9.377395501151824,15792014
2019-08-15,9.269608497619629,9.37739505729969,9.233680329678819,9.269608497619629,16288109
2019-08-16,9.59296703338623,9.664824051123126,9.305536906581109,9.341465758092479,39828042
2019-08-19,9.664824485778809,9.700753338906006,9.485180905428697,9.59296746481029,23032515
2019-08-20,9.700754165649414,9.700754165649414,9.592968282367682,9.62889645327097,23079133
2019-08-21,9.700754165649414,9.736683021838635,9.62889645327097,9.700754165649414,17386161
2019-08-22,9.521108627319336,9.736681035183725,9.485179778460973,9.736681035183725,26634767
2019-08-23,9.59296703338623,9.664824051123126,9.521109330363489,9.557038181874859,17781773
2019-08-26,9.341466903686523,9.449252786153151,9.341466903686523,9.41332461552156,26263686
2019-08-27,9.377394676208496,9.521109397988894,9.377394676208496,9.449251694455771,60011899
2019-08-28,9.449252128601074,9.485180982018385,9.377395107052333,9.413323960469643,18889599
2019-08-29,9.485180854797363,9.485180854797363,9.413323834212411,9.449252001861952,10676162
2019-08-30,9.664824485778809,9.664824485778809,9.485180905428697,9.557038611683092,32774513
2019-09-02,9.59296703338623,9.664824051123126,9.557038181874859,9.59296703338623,8426668
2019-09-03,9.485180854797363,9.664824434188548,9.485180854797363,9.664824434188548,13374418
2019-09-04,9.772611618041992,9.772611618041992,9.485181461460808,9.485181461460808,40434250
2019-09-05,9.772611618041992,9.844468643222854,9.700753907575217,9.808539787989465,27277402
2019-09-06,9.736681938171387,9.808538957266398,9.736681938171387,9.808538957266398,16088617
2019-09-10,9.772611618041992,9.808539787989465,9.736682762808606,9.772611618041992,21363294
2019-09-11,9.844467163085938,9.844467163085938,9.736681298877528,9.772610148708935,20063333
2019-09-12,9.844467163085938,9.95225371258016,9.80853831325453,9.916324862748752,19945952
2019-09-16,9.772611618041992,9.952255208923015,9.736682762808606,9.916326353689628,18963597
2019-09-17,9.736681938171387,9.77261079036182,9.592967214695507,9.736681938171387,22155960
2019-09-18,9.736681938171387,9.808538957266398,9.700753085980953,9.77261079036182,18441204
2019-09-19,9.772611618041992,9.844468643222854,9.772611618041992,9.772611618041992,23352200
2019-09-20,9.916325569152832,9.916325569152832,9.736681992484433,9.772610844875285,41618603
2019-09-23,9.844467163085938,9.916324862748752,9.80853831325453,9.844467163085938,25236711
2019-09-24,9.808539390563965,9.916325951896798,9.808539390563965,9.844468244341575,33083098
2019-09-25,9.772611618041992,9.844468643222854,9.700753907575217,9.808539787989465,28777541
2019-09-26,9.772611618041992,10.060041089337263,9.772611618041992,9.916326353689628,50905225
2019-09-27,9.628894805908203,9.808538370833995,9.628894805908203,9.77261020607749,21617074
2019-10-01,9.808539390563965,9.808539390563965,9.628895806961799,9.628895806961799,26138304
2019-10-02,9.700754165649414,9.772611878027856,9.664825309460191,9.700754165649414,8772321
2019-10-03,9.628894805908203,9.664823655950524,9.48518009102473,9.557037791109375,20721917
2019-10-04,9.664824485778809,9.736682192033204,9.59296746481029,9.59296746481029,11753078
2019-10-07,9.59296703338623,9.664824051123126,9.557038181874859,9.664824051123126,15828996
2019-10-08,9.59296703338623,9.700752902634498,9.557038181874859,9.59296703338623,21267479
2019-10-09,9.449252128601074,9.592967542270317,9.449252128601074,9.592967542270317,38292987
2019-10-14,9.700754165649414,9.808540048931144,9.592968282367682,9.664825309460191,45103746
2019-10-15,9.844467163085938,9.916324862748752,9.70075244904612,9.70075244904612,48290101
2019-10-16,9.880396842956543,9.916325695806286,9.772610969693183,9.916325695806286,22128160
2019-10-17,9.916325569152832,9.916325569152832,9.808539011980276,9.88039671676198,17379780
2019-10-18,10.0241117477417,10.060040601231847,9.844468165576846,9.844468165576846,44883099
2019-10-21,9.98818302154541,10.060040729441491,9.98818302154541,10.02411187549345,12903818
2019-10-22,10.060041427612305,10.16782731165092,9.98818371472927,10.131899140495339,23631388
2019-10-23,10.095969200134277,10.095969200134277,10.024111494966002,10.095969200134277,25578736
2019-10-24,10.455256462097168,10.63490004156521,10.095969303161086,10.131898156111868,119513828
2019-10-25,10.3474702835083,10.45525684632174,10.275613260251903,10.3474702835083,43635327
2019-10-28,10.239684104919434,10.419327685707493,10.167826398489858,10.383398832492706,23325010
2019-10-29,10.419327735900879,10.527113610778605,10.275613007635284,10.275613007635284,63793543
2019-10-30,10.3474702835083,10.563042723849284,10.31154211452305,10.563042723849284,61233781
2019-10-31,10.060041427612305,10.311542737416987,9.98818371472927,10.311542737416987,97117355
2019-11-01,10.419327735900879,10.455256589288746,10.131898279369688,10.167826447471677,93849456
2019-11-04,10.527113914489746,10.634900477763034,10.419328036502357,10.419328036502357,94378432
2019-11-05,10.419327735900879,10.563042464166474,10.347470029125141,10.527113610778605,51327139
2019-11-06,10.419327735900879,10.455256589288746,10.275613007635284,10.455256589288746,52059086
2019-11-07,10.239684104919434,10.45525653892228,10.203755251704646,10.419327685707493,44219482
2019-11-08,10.239684104919434,10.347469979277918,10.203755251704646,10.311541811349008,24415232
2019-11-11,10.239684104919434,10.311541811349008,10.167826398489858,10.27561295813422,31160053
2019-11-12,10.275611877441406,10.311540726877533,10.203754178569152,10.275611877441406,35026594
2019-11-13,10.203754425048828,10.347469140979072,10.203754425048828,10.27561212565686,32373797
2019-11-14,10.419327735900879,10.491185442676615,10.203755300859546,10.203755300859546,56971985
2019-11-15,10.275611877441406,10.491184288772363,10.23968302800528,10.491184288772363,39855904
2019-11-18,10.419327735900879,10.598971317554343,10.38339888251301,10.491185442676615,58847717
2019-11-19,10.455256462097168,10.49118531504795,10.31154173557991,10.383398756195604,29606445
2019-11-20,10.598970413208008,10.634899263530283,10.383397996560172,10.455255697204723,55131343
2019-11-21,10.527113914489746,10.527113914489746,10.383399182077929,10.491185745351215,42654446
2019-11-22,10.491185188293457,10.563042208040974,10.419327483260076,10.527113355524284,30220829
2019-11-25,10.778615951538086,11.137903149922689,10.527114638554485,10.527114638554485,166478115
2019-11-26,10.92232894897461,11.066043668312597,10.850471931948533,10.958257800130566,165216747
2019-11-27,10.92232894897461,11.066043668312597,10.850471931948533,11.030115502442477,41376514
2019-11-28,10.850472450256348,10.994187176459333,10.814543597384134,10.958258323587119,34136945
2019-11-29,10.74268627166748,10.886401002954445,10.670829248666946,10.850472834097124,45681866
2019-12-02,10.850472450256348,10.994187176459333,10.77861474451192,10.77861474451192,63994877
2019-12-03,11.030115127563477,11.030115127563477,10.814542713240208,10.814542713240208,51943907
2019-12-04,11.389403343200684,11.461260364641687,11.066044348215586,11.066044348215586,190321503
2019-12-05,11.892404556274414,12.000191801715234,11.533117392996376,11.533117392996376,228294147
2019-12-06,11.64090347290039,11.85647520105455,11.56904577332513,11.85647520105455,109731919
2019-12-09,11.67683219909668,11.892403937620559,11.67683219909668,11.784618068358618,68335244
2019-12-10,11.820549011230469,11.856477181734256,11.676833588071615,11.748691299651043,54921807
2019-12-11,11.67683219909668,11.856475771390475,11.604974496064823,11.784618068358618,60175139
2019-12-12,11.928333282470703,12.036119149998143,11.712760176844153,11.712760176844153,153387102
2019-12-13,11.928333282470703,12.07204731565007,11.78461787871967,11.964261448122627,77949040
2019-12-16,11.964262008666992,12.107977419151315,11.784618430847452,11.89240430342483,146831
2019-12-17,12.215763092041016,12.251691258788926,12.000191350410152,12.107977221225584,96263795
2019-12-18,12.072047233581543,12.179834470947888,12.000190902766189,12.143904934968555,73543943
2019-12-19,12.000190734863281,12.072047064673244,11.820547169195097,12.072047064673244,57550348
2019-12-20,12.000190734863281,12.072047064673244,11.892403499005061,12.036118899768262,47297813
2019-12-23,11.892404556274414,12.000191801715234,11.856476388175315,12.000191801715234,30998466
2019-12-24,11.892404556274414,12.000191801715234,11.856476388175315,11.928334094945274,25642208
2019-12-25,11.964262008666992,12.036119713909153,11.89240430342483,11.928333841331776,19272385
2019-12-26,11.892404556274414,11.964262263044375,11.784618681405355,11.964262263044375,26143849
2019-12-27,12.000190734863281,12.036118899768262,11.892403499005061,11.92833303448168,31725795
2019-12-30,11.892404556274414,12.000191801715234,11.820548220076214,11.964262263044375,46454365
2019-12-31,11.820549011230469,11.928334893313682,11.78461947015483,11.856477181734256,30478470
2020-01-02,11.892404556274414,11.964262263044375,11.784618681405355,11.820548220076214,32937461
2020-01-03,11.712760925292969,11.892404506175202,11.604975050877979,11.892404506175202,48588354
2020-01-06,11.533117294311523,11.604975000466622,11.461260273442297,11.533117294311523,44790472
2020-01-07,11.497188568115234,11.604974436826978,11.353473848070962,11.533116734161922,39718117
2020-01-08,11.317544937133789,11.425330805277872,11.245687234847177,11.389402639420402,60419690
2020-01-09,11.533117294311523,11.604975000466622,11.389403252573073,11.389403252573073,43816080
2020-01-10,11.604974746704102,11.67683245128791,11.389403003524396,11.640904284281865,32386886
2020-01-13,11.533117294311523,11.640904538830045,11.533117294311523,11.604975000466622,23989283
2020-01-14,11.67683219909668,11.784618068358618,11.533116793032969,11.569046329834741,61290528
2020-01-15,11.604974746704102,11.784618322877762,11.569046579698057,11.712760618293954,36473736
2020-01-16,11.604974746704102,11.640904284281865,11.497188875114249,11.640904284281865,27867646
2020-01-17,11.497188568115234,11.604974436826978,11.461259716782706,11.604974436826978,28648214
2020-01-20,11.533117294311523,11.604975000466622,11.389403252573073,11.389403252573073,31117744
2020-01-30,10.850472450256348,11.173830755534532,10.742685891639708,11.137901902662318,137855301
2020-01-31,10.706757545471191,10.922329987620698,10.634900521611957,10.814544109188896,68549345
2020-02-03,10.778615951538086,10.778615951538086,10.167827440169884,10.383399896257833,75514825
2020-02-04,10.92232894897461,11.892403818470402,10.92232894897461,11.892403818470402,70790085
2020-02-05,11.13790225982666,11.281616990638213,10.958258674990745,10.958258674990745,77032246
2020-02-06,11.67683219909668,11.748689902128536,11.31754505450909,11.353473906025018,157712052
2020-02-07,11.748689651489258,11.856475518451761,11.604974248491482,11.640903784526756,80109163
2020-02-10,11.784619331359863,11.892405212173614,11.49718985899925,11.604975739813,44206055
2020-02-11,12.000190734863281,12.143904765054844,11.856475334100079,11.892403499005061,72967688
2020-02-12,12.143905639648438,12.179835177712672,11.928333893549983,11.96426206104248,79548774
2020-02-13,12.107976913452148,12.323548649603381,11.964261508970212,12.215762781527765,65415317
2020-02-14,11.856476783752441,12.000192202087254,11.856476783752441,11.928334492919848,43506095
2020-02-17,11.784619331359863,11.892405212173614,11.748691161279226,11.856477042092976,40030219
2020-02-18,11.604974746704102,11.784618322877762,11.569046579698057,11.784618322877762,44154247
2020-02-19,11.569046020507812,11.67683188688783,11.533116484666705,11.569046020507812,30092840
2020-02-20,11.712760925292969,11.856476338227457,11.569046882930234,11.676832757345222,41324196
2020-02-21,11.533117294311523,11.67683270662172,11.497189126519848,11.604975000466622,26572971
2020-02-24,11.353474617004395,11.461260493016121,11.353474617004395,11.425331639250249,42409882
2020-02-25,11.425331115722656,11.569046524200864,11.209759373577059,11.209759373577059,39151580
2020-02-26,11.209758758544922,11.317544623703965,11.209758758544922,11.209758758544922,47662845
2020-02-27,10.994187355041504,11.317545665572101,10.958258501585686,11.209759790490528,79271042
2020-03-02,10.958258628845215,11.101973359051582,10.742686190892723,10.742686190892723,89628541
2020-03-03,11.13790225982666,11.317545844662574,11.030116383039468,11.173831113851021,88570177
2020-03-04,11.353474617004395,11.497189346781992,11.137902179695056,11.137902179695056,84749276
2020-03-05,11.281615257263184,11.533115826219873,11.281615257263184,11.497187663001622,59085885
2020-03-06,11.101973533630371,11.209760096944509,11.066044679192325,11.173831242506463,69534487
2020-03-09,10.814542770385742,10.886399785349324,10.742685070136341,10.886399785349324,82969389
2020-03-10,10.74268627166748,10.958258711240873,10.634900394523731,10.74268627166748,82904523
2020-03-11,10.634899139404297,10.814542703633133,10.634899139404297,10.778613853730205,55553147
2020-03-12,10.311540603637695,10.527112327106412,9.952253484142108,10.49118416338549,138258958
2020-03-13,10.095969200134277,10.275612777769101,9.80853906474704,9.844467917331178,211904177
2020-03-16,9.98818302154541,10.131898437337572,9.880397144987178,10.060040729441491,81036386
2020-03-17,9.880396842956543,10.060040421919389,9.808539137257057,9.880396842956543,132863414
2020-03-18,9.916325569152832,10.06004029343038,9.88039671676198,9.916325569152832,90628139
2020-03-19,9.844467163085938,9.916324862748752,9.413323020966487,9.880396012917345,151597652
2020-03-20,9.952254295349121,10.347469610779584,9.916325443413847,9.916325443413847,157756287
2020-03-23,9.880396842956543,9.952254548656029,9.700753263993697,9.73668211684344,59406609
2020-03-24,9.952254295349121,10.167826036389064,9.916325443413847,10.095969017804366,100357252
2020-03-25,10.131898880004883,10.311542472307906,10.024112313451518,10.095970024487094,187932889
2020-03-26,10.131898880004883,10.20375590575454,10.024112313451518,10.167827050236752,74645046
2020-03-27,10.060041427612305,10.311542737416987,9.98818371472927,10.311542737416987,59235321
2020-03-30,10.0241117477417,10.0241117477417,9.880397019066992,9.952254726047286,38765524
2020-03-31,9.808539390563965,10.311541972878743,9.808539390563965,10.311541972878743,79000889
2020-04-01,9.916325569152832,9.952254421543685,9.808539011980276,9.952254421543685,44891990
2020-04-06,10.131898880004883,10.131898880004883,9.916326432184071,10.024112313451518,75417890
2020-04-07,10.167826652526855,10.2756132148642,10.024111921362957,10.239684360751752,66031028
2020-04-08,10.203754425048828,10.27561212565686,10.131897409726616,10.167825574744812,59324325
2020-04-09,10.203754425048828,10.347469140979072,10.131897409726616,10.27561212565686,40473210
2020-04-10,10.275611877441406,10.275611877441406,10.167825329133025,10.23968302800528,23315732
2020-04-13,10.634899139404297,10.850471553536064,10.34746902546667,10.383397875369601,94375364
2020-04-14,10.88640022277832,10.88640022277832,10.670828483939815,10.814543204927434,70873919
2020-04-15,10.850472450256348,10.922329470714905,10.706757038767494,10.886400617842693,76800916
2020-04-16,10.706757545471191,10.850472963761463,10.634900521611957,10.670829376184525,53398536
2020-04-17,10.814542770385742,11.101972200811709,10.77861392026104,10.922328635474026,102841345
2020-04-20,10.88640022277832,10.922329074346687,10.742685501790701,10.8504720564958,46983290
2020-04-21,10.634899139404297,11.0301151177649,10.634899139404297,10.850471553536064,74235734
2020-04-22,10.92232894897461,10.92232894897461,10.598970659142678,10.634899510298634,51801119
2020-04-23,11.353474617004395,11.497189346781992,11.066044472163313,11.101973325929183,157791012
2020-04-24,11.425331115722656,11.569046524200864,11.38940294888896,11.425331115722656,104062670
2020-04-27,11.604974746704102,11.712760618293954,11.425331170530441,11.604974746704102,121440284
2020-04-28,10.778615951538086,11.209760863713988,10.598972352345784,11.137903149922689,219150807
2020-04-29,10.994187355041504,11.137902083578894,10.922329648129868,10.922329648129868,96798319
2020-04-30,11.173831939697266,11.209760796377092,11.030117198263907,11.101974226337616,64768656
2020-05-04,11.030115127563477,11.101972142147357,10.814542713240208,10.850471563175054,47975074
2020-05-05,10.958258628845215,11.173831066797709,10.958258628845215,11.137902212924645,34096450
2020-05-06,10.994187355041504,11.101973230123075,10.958258501585686,10.958258501585686,34763487
2020-05-07,11.209758758544922,11.389402324000539,10.994186342941015,11.10197220810006,58025473
2020-05-08,11.245687484741211,11.389402892507983,11.137901614201983,11.389402892507983,39736136
2020-05-11,11.209758758544922,11.389402324000539,11.209758758544922,11.353473473852253,42257477
2020-05-12,11.101973533630371,11.245688266096654,11.030116510040179,11.137902388068417,40406407
2020-05-13,11.209758758544922,11.209758758544922,11.030115193089303,11.066043357951772,30545962
2020-05-14,11.030115127563477,11.173829842017053,10.922328577758934,11.101972142147357,31677085
2020-05-15,11.066044807434082,11.137902517142916,10.886401218447906,11.101973662288499,32116870
2020-05-18,10.850472450256348,11.06604419691789,10.850472450256348,11.06604419691789,41754666
2020-05-19,10.74268627166748,10.994187565384088,10.706757417524265,10.994187565384088,54397126
2020-05-20,10.670828819274902,10.886400564887836,10.670828819274902,10.886400564887836,59202595
2020-05-21,10.994187355041504,10.994187355041504,10.74268606613666,10.778614919592478,39817856
2020-05-22,10.850472450256348,10.922329470714905,10.814543597384134,10.886400617842693,33556829
2020-05-25,10.850472450256348,10.850472450256348,10.670828871181149,10.850472450256348,19221772
2020-05-26,10.92232894897461,10.958257800130566,10.850471931948533,10.886400097818653,23880256
2020-05-27,10.850472450256348,10.994187176459333,10.850472450256348,10.958258323587119,24006301
2020-05-28,11.030115127563477,11.06604329221251,10.886399727824088,10.922328577758934,45046009
2020-05-29,11.101973533630371,11.101973533630371,10.922329946726041,10.994187655602133,49643911
2020-06-01,11.245687484741211,11.353474040566288,11.137901614201983,11.20975931808537,45030896
2020-06-02,11.389403343200684,11.389403343200684,11.281616783110357,11.317545636473799,46869809
2020-06-03,11.64090347290039,11.64090347290039,11.461259223962237,11.497188073749868,64858876
2020-06-04,11.712760925292969,11.9283340446947,11.569046882930234,11.856476338227457,94715239
2020-06-05,11.856476783752441,11.856476783752441,11.640905026822029,11.71276136541763,49132614
2020-06-08,12.251690864562988,12.575049837176184,12.107976831623972,12.575049837176184,124131598
2020-06-09,12.107976913452148,12.323548649603381,11.892403806729243,12.251690947362414,82141619
2020-06-10,11.928333282470703,12.10797685187366,11.78461787871967,12.10797685187366,94791794
2020-06-11,11.533117294311523,11.856476286723593,11.42533142036475,11.820548118931917,92770897
2020-06-12,11.281615257263184,11.35347295427126,11.066042851524747,11.101971700028784,86040818
2020-06-15,11.066044807434082,11.137902517142916,10.994187783011157,11.101973662288499,81647335
2020-06-16,11.13790225982666,11.281616990638213,11.066044551777937,11.13790225982666,63149426
2020-06-17,10.994187355041504,11.173830937034712,10.88640079467405,11.137902083578894,71145221
2020-06-18,11.030115127563477,11.101972142147357,10.958257427693782,10.99418627762863,56787627
2020-06-19,11.066044807434082,11.209760226851749,11.066044807434082,11.066044807434082,57562916
2020-06-22,11.281615257263184,11.281615257263184,11.030114688306496,11.101971700028784,40713689
2020-06-23,11.101973533630371,11.317545974972745,11.101973533630371,11.317545974972745,57029420
2020-06-24,11.317544937133789,11.461259656421177,11.137901366703094,11.137901366703094,58563616
2020-06-29,11.173831939697266,11.353475537810452,11.137903083017441,11.173831939697266,40174467
2020-06-30,11.425331115722656,11.425331115722656,11.245687540410755,11.281616392530307,44717594
2020-07-01,11.569046020507812,11.640903721618375,11.461259468841968,11.49718831939725,41759557
2020-07-02,11.748689651489258,11.748689651489258,11.49718838152898,11.640903784526756,52315397
2020-07-03,11.820549011230469,11.856477181734256,11.748691299651043,11.820549011230469,51767884
2020-07-06,11.964262008666992,12.000191546573937,11.820547968754397,11.928333841331776,55080070
2020-07-07,11.928333282470703,12.2157627194011,11.856475580595186,12.143905017525585,80993675
2020-07-08,11.964262008666992,12.07204788124437,11.928333841331776,11.928333841331776,34987230
2020-07-09,11.820549011230469,12.036120775396896,11.820549011230469,11.96426306381747,40060369
2020-07-10,11.820549011230469,11.96426306381747,11.78461947015483,11.856477181734256,41687415
2020-07-13,12.251690864562988,12.251690864562988,11.964261428113295,12.000190964276795,106711949
2020-07-14,12.072047233581543,12.287620337742577,12.000190902766189,12.287620337742577,89089297
2020-07-15,12.075034141540527,12.452378958463669,12.075034141540527,12.414645052553851,93486316
2020-07-16,12.527848243713379,12.678785307218211,12.263706583259616,12.263706583259616,139039785
2020-07-17,12.376909255981445,12.678784810623688,12.18823685439802,12.641050906089479,70857217
2020-07-20,12.490113258361816,12.641051765674776,12.30144084394876,12.490113258361816,106825263
2020-07-21,12.942926406860352,13.207068055868968,12.603316949097431,12.641050853474583,210085722
2020-07-22,13.207069396972656,13.207069396972656,12.86745846526797,13.018396977015904,116464421
2020-07-23,14.527775764465332,14.527775764465332,13.848555367264701,13.961758526888762,401688025
2020-07-24,14.905119895935059,15.320198608393806,14.716447492189046,14.94285380090178,546884955
2020-07-27,16.376766204833984,16.376766204833984,15.13152711373278,15.471138036661525,488746075
2020-07-28,16.791841506958008,17.999345004338323,16.452230653506795,17.999345004338323,599722773
2020-07-29,16.905048370361328,17.093720788422182,16.112624790288262,16.754111299586434,307114701
2020-07-30,16.75411033630371,17.16918905638999,16.41449942753768,17.055985899953388,249008246
2020-07-31,16.8673152923584,16.980518460872943,16.376767269157792,16.527704347358387,137076620
2020-08-03,17.961612701416016,18.414426769404706,16.905047502413233,16.980516753654054,366890778
2020-08-04,18.527629852294922,19.470991890384404,18.33895744467703,19.01817926366644,316797374
2020-08-05,18.791770935058594,19.320054235984237,18.112550576337185,18.452161475425985,274027185
2020-08-06,20.074745178222656,20.26341759260547,19.09364775975825,19.24458626704702,366345737
2020-08-07,19.32005500793457,20.67849577965512,19.206851850200568,20.376620212545692,334380253
2020-08-10,19.093647003173828,19.77286881960287,18.829506785069455,19.055913097574983,187635317
2020-08-11,18.86724090576172,19.54646129047789,18.86724090576172,19.244585723876952,144853117
2020-08-12,18.074817657470703,18.716302707134705,17.999348404728977,18.678568800491977,207439232
2020-08-13,17.923879623413086,18.64083538413213,17.810676461051212,18.452162967043574,153054743
2020-08-14,17.772939682006836,17.9238781792992,17.433330222283303,17.584267280119477,120344792
2020-08-17,18.22575569152832,18.489897370425673,17.84841084723392,17.88614619533717,139404132
2020-08-18,18.188020706176758,18.56536552813289,17.961612949329325,18.41442702356793,139533521
2020-08-19,17.659738540649414,18.452163582526975,17.584269283405405,18.452163582526975,114113905
2020-08-20,16.452234268188477,17.43333170512659,16.037155524513018,17.206923939930267,202244929
2020-08-21,16.452234268188477,17.1691900321257,16.37676645257935,16.94278370638569,159091172
2020-08-24,17.055986404418945,17.13145565742758,16.52770307281478,16.565438419047236,120357007
2020-08-25,16.716373443603516,17.20692136905187,16.60317029764714,17.169187466885113,102738857
2020-08-26,16.8673152923584,16.8673152923584,16.339031920015355,16.60317360618688,73886072
2020-08-27,16.565439224243164,17.09372114206924,16.489969967566196,16.98051797678196,84525878
2020-08-28,16.52770233154297,16.754110080414424,16.301296022127723,16.45223308191915,69220042
2020-08-31,15.999421119689941,16.716375421898825,15.999421119689941,16.678641515266456,125541719
2020-09-01,16.52770233154297,16.565437676082983,15.923951213464841,16.11262361779628,77246352
2020-09-02,16.376766204833984,16.678641781072706,16.225827696986478,16.640906434382686,57874308
2020-09-03,16.263561248779297,16.716375322969252,16.263561248779297,16.60317216428583,87870341
2020-09-04,16.188093185424805,16.188093185424805,15.697543772961561,15.773013024067925,73445360
2020-09-07,17.772939682006836,17.772939682006836,17.433330222283303,17.4710641268783,97506968
2020-09-08,17.13145637512207,18.56536648453235,17.13145637512207,18.41442797219176,316528524
2020-09-09,17.886144638061523,18.074817043781767,16.829578014463188,17.05598576500121,206963405
2020-09-10,17.62200164794922,18.22575272475977,17.58426630598849,18.15028348029442,143782472
2020-09-11,17.357860565185547,17.735205360080883,17.206922071444946,17.659736113210585,78463966
2020-09-14,18.037080764770508,18.18801925731164,17.735205219144387,17.735205219144387,142653704
2020-09-15,19.093647003173828,19.470991816987194,18.263489564349406,18.263489564349406,379771700
2020-09-16,19.395523071289062,20.527557458186333,19.282318481034405,20.225680470115467,306889814
2020-09-17,19.433258056640625,19.621930464957526,18.980443988788817,19.09364714588771,137350124
2020-09-18,19.470991134643555,19.923805183242372,19.470991134643555,19.62192963066189,136993058
2020-09-21,18.980443954467773,19.697399680558064,18.94271004865512,19.58419652366387,120265077
2020-09-22,18.94270896911621,19.24458451678235,18.489894927888926,18.904973625997847,122720357
2020-09-23,19.621931076049805,19.697400329618176,19.093647740527487,19.546461822481433,195111094
2020-09-24,19.584196090698242,19.999274803285843,19.244585188067507,19.357788342459017,283777370
2020-09-25,18.86724090576172,19.848336857078827,18.26348977255984,19.810602951049802,209996417
2020-09-28,20.753963470458984,20.753963470458984,19.697398345308663,20.074743135680645,407009836
2020-09-29,20.753963470458984,22.112404140015663,20.753963470458984,21.433183805237324,543454402
2020-09-30,21.546390533447266,21.772798308951877,20.338888155248174,20.753966917822066,426461468
2020-10-05,21.65959358215332,22.489751047557213,21.470921169205837,21.961469154978033,313485862
2020-10-06,21.395450592041016,22.112404853197717,21.35771524811307,22.036937044254202,226167129
2020-10-07,22.263343811035156,22.338813060997705,21.244512535181286,21.244512535181286,317850848
2020-10-08,24.301006317138672,24.489678721962868,22.56521932908236,22.791627078545122,644955830
2020-10-12,24.187801361083984,24.71608466247665,23.734988747840205,24.48967835585476,351806211
2020-10-13,23.810457229614258,24.074598887771394,23.35764460358057,23.92366182557891,214865396
2020-10-14,24.301006317138672,24.640617221604707,23.584050603024252,23.810456913030798,265213805
2020-10-15,23.810457229614258,24.753819266278153,23.810457229614258,23.999129636947035,228703623
2020-10-16,23.131235122680664,23.961393940804484,23.09350121981618,23.697252302384708,225685120
2020-10-19,23.39537811279297,23.848192170609234,23.20670570865754,23.20670570865754,136764453
2020-10-20,23.54631805419922,23.621785868911157,23.131237876002068,23.319910291694512,104787052
2020-10-21,23.65951919555664,24.640616537060172,23.65951919555664,23.923660842863598,352041400
2020-10-22,24.904756546020508,24.904756546020508,23.885925308519344,24.07459770659526,425690375
2020-10-23,24.716083526611328,25.659445493275886,24.451943327510154,25.508507002827105,406287172
2020-10-26,24.904756546020508,25.282101342172332,24.602879557534116,24.79155195561003,186064706
2020-10-27,25.282102584838867,25.39530718081358,24.489679049753278,24.67835145710282,183082712
2020-10-28,24.64061737060547,25.28210239932179,24.64061737060547,25.28210239932179,179961503
2020-10-29,24.86702537536621,25.05569779417944,23.96139718928018,23.9991310972603,282899784
2020-10-30,23.168970108032227,24.451942938043484,23.168970108032227,24.150065961954173,484721864
2020-11-02,22.37654685974121,23.319908881142243,22.187874455461007,23.093502571788477,297046063
2020-11-03,22.4897518157959,23.01803516587725,22.4897518157959,22.791628838388856,161516722
2020-11-04,23.88592529296875,24.112333034186143,22.6029538505615,22.791626248514582,314786322
2020-11-05,23.055768966674805,23.244441385189187,22.791628732319726,23.131238221971824,212203072
2020-11-06,23.018033981323242,23.54631730421808,22.716158413721725,23.244440297160313,149095674
2020-11-09,23.999130249023438,24.07459950177257,23.54631761144117,23.54631761144117,196779825
2020-11-10,23.39537811279297,24.3010062284255,23.28217495820295,24.150067729334676,164696992
2020-11-11,23.39537811279297,23.73498901601922,23.20670570865754,23.24443961370214,90295810
2020-11-12,23.470849990844727,24.074601175909855,23.433114642117925,23.659522416109624,111285946
2020-11-13,23.62178611755371,23.7349907197258,23.319910537159526,23.50858295483793,90087652
2020-11-16,24.301006317138672,24.338740222321025,23.96139541267264,23.999129317854994,183727124
2020-11-17,24.26327133178711,24.904756328066323,24.225534549372323,24.753817835144066,161979400
2020-11-18,24.414209365844727,24.489680059243,24.187803043475064,24.301007644116186,81701925
2020-11-19,24.225536346435547,24.451945542070234,24.074599281772848,24.414208756856112,77946276
2020-11-20,24.94249153137207,25.055696126691156,24.22553581181358,24.26327259619491,221930743
2020-11-23,27.432966232299805,27.432966232299805,26.26319791000827,26.300931814808823,209973695
2020-11-24,28.791410446166992,29.961178793232026,28.678205850455473,28.829144351766676,588392148
2020-11-25,29.017818450927734,29.508365010156083,28.79141212521368,29.017818450927734,266996255
2020-11-26,29.810239791870117,29.810239791870117,28.30086056190201,29.017816271919344,260893735
2020-11-27,29.546096801757812,30.036643278053578,29.357424415741256,29.847970892037022,190766940
2020-11-30,30.564929962158203,32.30071553237482,30.1498512421583,30.527196056505932,415847278
2020-12-01,31.357358932495117,31.621502075676762,30.715873788463767,31.319625020301444,191854318
2020-12-02,31.28188705444336,31.81017039343607,31.017743945490707,31.62149797800386,167148541
2020-12-03,32.678062438964844,33.923301557604574,31.47056010730598,31.65923252655972,420421467
2020-12-04,35.92322540283203,35.92322540283203,33.65915650234483,34.18743982157434,492765081
2020-12-07,37.73448181152344,38.94198407792719,36.564713451148705,37.583543308494846,533544921
2020-12-08,38.413700103759766,39.01745118144993,36.64017789433663,37.206195069467206,382221022
2020-12-09,37.65901565551758,37.88542198056042,37.05526161685317,37.05526161685317,320781530
2020-12-10,35.696815490722656,36.90432050996021,35.244002907828694,36.67791133960103,460429521
2020-12-11,34.79119110107422,36.48924278368676,34.1119721553767,35.81002383798924,389750744
2020-12-14,34.82892990112305,35.35721037425924,33.65915859340321,34.7911931139739,233052166
2020-12-15,33.20634460449219,35.13080263647002,33.20634460449219,34.79119171814157,275521558
2020-12-16,33.88556671142578,34.79119199564167,33.65915751145924,33.65915751145924,250162268
2020-12-17,34.753456115722656,35.0175992077178,33.88556478779907,34.225172810644764,189025002
2020-12-18,34.602516174316406,35.77228732924811,34.564782271008475,35.47041034496013,230488908
2020-12-21,35.81002426147461,36.03643057938457,33.96103405387028,34.71572369951184,251604121
2020-12-22,34.489315032958984,36.41377292251131,34.33837653832673,35.621349424332394,222176257
2020-12-23,34.79119110107422,35.35720832861173,34.489316973735036,35.05533420127255,135247241
2020-12-24,35.130802154541016,35.508146974415595,34.942129744603726,35.39494525580073,97896558
2020-12-25,35.281742095947266,35.810025441080874,35.13080358606443,35.545882329057754,97430572
2020-12-28,36.677913665771484,36.86658606709523,35.47041144886445,35.545879257829,221303442
2020-12-29,35.77228927612305,37.31940242724655,35.62135077576436,37.13073002152631,250941757
2020-12-30,36.45151138305664,36.48924529170355,35.54588318096754,35.81002629932124,153106350
2020-12-31,35.5836181640625,36.8665882664732,34.6402561011649,36.82885435973981,302133547
2021-01-04,34.3761100769043,35.09306575960339,33.206341794033314,34.8289255559885,403842303
2021-01-05,34.979862213134766,34.979862213134766,33.62142149320075,33.885564583604165,202966468
2021-01-06,35.432674407958984,36.036425462969774,34.64025096832532,35.885486979489045,301970846
2021-01-07,34.866661071777344,35.923224814005486,34.715722571769774,35.73455240872413,165917770
2021-01-08,36.111900329589844,36.48924517265311,34.942131891876244,35.24400891789193,338209260
2021-01-11,37.73448181152344,37.80994962358149,35.88549162697629,36.37604104209109,443219386
2021-01-12,36.56471252441406,39.16839227920127,36.526978619341406,38.11182566369236,491506206
2021-01-13,37.73448181152344,37.96088812661008,37.055259987351015,37.31940308737918,262676340
2021-01-14,37.65901565551758,38.413705324935464,37.357138636185375,37.58354496122822,199499035
2021-01-15,36.79111862182617,39.09292136494769,36.79111862182617,38.941982866614126,330790962
2021-01-18,37.470340728759766,37.62127634940503,35.09306727773531,36.451508015929676,190288745
2021-01-19,39.99855422973633,40.6777761135045,37.73448512239276,38.18729779229638,549567983
2021-01-20,39.31932830810547,41.432461561083365,38.94198349563263,40.75323974706726,519469908
2021-01-21,40.75324249267578,41.28152584151152,39.39480165203578,39.8476143059449,348371621
2021-01-22,42.63996505737305,43.16824838607876,40.45136392941189,40.75324093979017,421387831
2021-01-25,43.168243408203125,44.224807064866106,42.26261536041186,43.47011750485875,318407166
2021-01-26,41.356990814208984,43.47012118536036,40.677771880041995,43.09277637340789,322524662
2021-01-27,41.356990814208984,42.4135574392409,40.90417819143099,41.50792931477246,227015913
2021-01-28,38.64011001586914,40.2249571030577,37.88542037836745,38.64011001586914,451427781
2021-01-29,37.73448181152344,39.696673714157654,37.73448181152344,39.47026739907101,271977993
2021-02-01,38.338233947753906,38.941985096751495,36.8665885428199,37.50807647774629,242061925
2021-02-02,39.69667053222656,39.99854751408646,38.71557465955029,39.01745164141019,241259166
2021-02-03,39.24386215209961,40.45136445136841,38.94198513782612,39.99855180887075,171832168
2021-02-04,39.168392181396484,39.54573698900565,38.640108874961165,38.94198299370105,95251895
2021-02-05,39.9230842590332,39.99855207364486,39.319330226489626,39.621207242761415,144458981
2021-02-17,43.470123291015625,43.77200030676525,42.33808880032342,43.470123291015625,354720349
2021-02-18,43.92293930053711,44.82856747889189,42.79090479732179,43.47012377190341,287631020
2021-02-19,43.168243408203125,44.07387145599439,42.94183711598336,43.47011750485875,190960607
2021-02-22,42.866371154785156,43.99840561950085,42.866371154785156,43.77199930234022,182485679
2021-02-23,42.11167907714844,42.413556068519334,41.281521669247,41.58339578170554,206213878
2021-02-24,41.281524658203125,42.79090396651832,41.20605396543983,41.80980799189596,176067024
2021-02-25,42.03621292114258,42.63996404870457,41.88527441952396,42.48902554708596,112309052
2021-02-26,40.904178619384766,41.658868251185545,40.904178619384766,40.97964643099985,175942036
2021-03-02,39.77214431762695,41.96074253053276,39.77214431762695,41.734336215944225,163514600
2021-03-03,39.168392181396484,39.772143297788666,38.18729337848272,39.243859991353354,280829307
2021-03-04,37.01752471923828,38.33823153404534,36.9797908145977,37.88541892053359,383612376
2021-03-05,35.50814437866211,36.37603855249294,34.97986109367431,35.31947198251735,347126156
2021-03-08,34.79119110107422,36.300570374507586,34.75345719502088,36.18736865634758,209424946
2021-03-09,34.979862213134766,35.24400530353818,33.885564583604165,34.33837719727804,264344665
2021-03-10,35.130802154541016,35.73455329055785,34.97986365080868,35.621351571942974,191346284
2021-03-11,36.71565246582031,37.055260503726565,35.35720879854518,35.470413397122286,240065733
2021-03-12,37.055259704589844,37.80994933506143,37.055259704589844,37.168464300725574,182568161
2021-03-15,36.33830642700195,37.01752535900845,36.30056964279678,36.97979145371572,101814598
2021-03-16,36.45151138305664,37.09299934570474,36.149637234968736,36.60244989655694,111422575
2021-03-17,36.22510528564453,36.602450132369995,35.96096504450179,36.56471622347999,113513587
2021-03-18,35.50814437866211,36.5647109486377,35.470410475215616,36.22510005979467,159629688
2021-03-19,34.753456115722656,35.13080092236223,34.3383774042016,34.791190020604134,185099020
2021-03-22,36.376041412353516,36.451509225179734,34.64025580713782,34.79119143279026,175207196
2021-03-23,36.602447509765625,37.47034174661373,36.602447509765625,36.9420584232676,175421526
2021-03-24,35.5836181640625,36.262837122001244,35.5836181640625,36.11189861615512,117428779
2021-03-25,36.71565246582031,36.79112027893003,35.28174098543546,35.470413397122286,161223209
2021-03-26,37.54581069946289,37.73448311503808,37.24393368297755,37.54581069946289,222415849
2021-03-29,37.24393081665039,38.48916981517694,37.206196912221905,38.18729282192433,156745319
2021-03-30,38.187294006347656,38.2627646964578,36.82885325240203,37.394870473122076,167739158
2021-03-31,37.88541793823242,38.64010752712585,37.58354095111013,37.809947251995695,184149925
2021-04-01,38.11183166503906,38.715582878009585,37.960893142068215,38.48917653300975,85652901
2021-04-07,38.86651611328125,38.86651611328125,38.26276498244967,38.41370348488569,103137220
2021-04-08,40.75324249267578,41.50793216846607,38.86651830320005,39.01745681414064,346491365
2021-04-09,39.99855422973633,41.65887215090416,39.99855422973633,41.50793363463204,212893788
2021-04-12,40.451358795166016,41.206048346410995,39.99854621598389,40.9041742532603,135751176
2021-04-13,41.05511474609375,43.0173065236791,40.45136077245613,40.904176252684344,425653445
2021-04-14,39.77214431762695,42.03621322133726,38.11182654579023,41.809806906748726,347497699
2021-04-15,40.07401657104492,40.30042575396356,39.09292066774278,39.24385916338443,156028137
2021-04-16,40.75324249267578,41.809809190347245,39.998552816885486,40.52683616572122,264973147
2021-04-19,41.206058502197266,41.65887407189403,40.526839466021435,41.281529203269834,146204920
2021-04-20,40.828712463378906,41.2815280200975,40.451367605569814,40.904183162288405,117014470
2021-04-21,40.30043029785156,41.13058779911262,40.14949178519155,40.60230444425891,127174848
2021-04-22,41.356990814208984,42.4135574392409,40.602301190304026,41.50792931477246,337740346
2021-04-23,43.017311096191406,43.39465593036853,41.658870268936305,42.262621427837175,437383291
2021-04-26,46.63982009887695,46.63982009887695,45.13044078901742,45.65872412325077,510615530
2021-04-27,45.658721923828125,47.31903966047709,45.35684492483289,46.790756351691634,321034099
2021-04-28,45.28137969970703,46.11153717596996,44.375751529930376,45.88513085325394,292846745
2021-04-29,42.79090118408203,44.300280394251324,42.79090118408203,43.99840340065251,455683240
2021-05-03,39.99855422973633,41.80981066717628,39.84761571346421,41.50793363463204,322671742
2021-05-04,41.206058502197266,41.583403370821465,38.48917659966819,40.074023896324675,346369551
2021-05-05,39.092926025390625,41.35699513356668,39.092926025390625,41.20605661723906,207929392
2021-05-06,38.715579986572266,39.92308520124477,38.18729663508509,39.319331154452186,171412143
2021-05-07,40.75324249267578,40.82871030868975,39.69667579500432,39.772146489930925,169832029
2021-05-10,39.6212043762207,40.904177284185565,39.6212043762207,40.904177284185565,117825384
2021-05-11,36.979793548583984,38.33823436846374,36.26283779175749,37.7344832128408,283383118
2021-05-12,34.979862213134766,37.50807412973234,33.28181059348915,36.52697821416402,354706491
2021-05-13,35.88549041748047,36.86658633573041,33.545953775583484,33.84782789255372,324988395
2021-05-14,35.31947708129883,37.470344435199486,35.20627535461735,36.828856468353585,235085819
2021-05-17,33.16861343383789,35.20627623298221,32.489391541152195,33.05540882541935,231540797
2021-05-18,36.45151138305664,36.45151138305664,34.71572567508493,34.90439809723213,279930310
2021-05-19,36.45151138305664,37.13073325435164,35.847760207968136,36.48924529170355,211703899
2021-05-20,35.09306716918945,36.22510159400201,35.05533326414485,35.84775678573116,170017389
2021-05-21,35.432674407958984,36.37603633107338,35.35720372676256,36.036425462969774,146104971
2021-05-24,36.75338363647461,36.97978993786273,34.979861371290944,35.1685337689331,159953560
2021-05-25,39.168392181396484,39.998549606571686,37.65901295095981,37.88541925974283,384540274
2021-05-26,38.715579986572266,40.375897857426544,38.56464147487412,39.47026966615033,241551225
2021-05-27,38.187294006347656,39.01745432408453,37.7344813813366,38.2627646964578,166932535
2021-05-28,39.54574203491211,39.998554710255554,38.94198796257048,39.31933281832761,216667060
2021-05-31,39.99855422973633,40.37589908096026,39.16839670860879,39.923086411056644,199540916
2021-06-01,39.394798278808594,40.75323900313046,39.394798278808594,40.14948788997768,153532972
2021-06-02,39.24386215209961,39.99855180887075,38.94198513782612,39.696674794597264,115535465
2021-06-03,41.50792694091797,41.734333239358705,39.47026449712681,39.8476092874988,379615152
2021-06-04,39.99855422973633,41.055120964728424,39.99855422973633,40.75324393218418,259766608
2021-06-07,39.47026443481445,40.45136031245028,38.86651334695489,40.375892506059934,183473659
2021-06-08,39.394798278808594,40.14948788997768,39.394798278808594,39.696672395928786,107515690
2021-06-09,38.26276779174805,39.168395993943975,37.88542294740914,39.01745748042587,210399319
2021-06-10,38.86651611328125,39.16839311815328,37.960887977577634,38.48917129664745,120939964
2021-06-11,39.092926025390625,39.77214790940854,38.941987509063004,39.394803058045866,98330893
2021-06-15,40.52682876586914,40.677767249249655,39.8476070301129,39.99854551349341,186110330
2021-06-16,39.54574203491211,40.37589956601268,39.394803516826705,40.22496104792727,144817715
2021-06-17,40.22495651245117,40.22495651245117,38.71557725960938,38.94198357175316,103506215
2021-06-18,39.394798278808594,40.602300505114165,39.394798278808594,40.45136200709787,128118524
2021-06-21,38.64011001586914,39.243861150087994,38.4891715125863,38.94198414352232,122656928
2021-06-22,38.489173889160156,39.319331390106385,38.41370607231511,39.16839575641629,86612509
2021-06-23,39.99855422973633,40.14949274600845,38.71558115979243,38.86651967606455,153763312
2021-06-24,39.99855422973633,40.45136689963994,39.470270862240284,39.923086411056644,150026510
2021-06-25,39.9230842590332,40.904180243547636,39.9230842590332,40.60230322727585,122914162
2021-06-28,39.69667053222656,40.22495381102525,39.54573492020888,40.14948600501641,71762205
2021-06-29,39.99855422973633,40.52683759723238,39.923086411056644,40.22496056468814,105202254
2021-06-30,40.07401657104492,40.60229986633449,40.07401657104492,40.52683205796985,92830842
2021-07-01,39.31932830810547,40.300427123664825,39.31932830810547,40.22495643382279,93087890
2021-07-02,39.69667053222656,39.923079708077616,39.319325744357826,39.319325744357826,65650006
2021-07-05,41.05511474609375,41.65886584081907,39.84760967773081,39.998548171140214,261103676
2021-07-06,40.30043029785156,41.658871153966324,40.22495960206522,41.43246482443264,144568255
2021-07-07,40.451358795166016,40.828703570788505,40.074014019543526,40.224952505574954,105842538
2021-07-08,40.07401657104492,40.82870617034078,39.99854876268028,40.67777055361149,95910080
2021-07-09,39.394798278808594,39.84761089394508,39.16839197124035,39.62120458637684,111119847
2021-07-12,40.14949035644531,40.979647828164666,39.923084034968454,40.45136449211027,149134257
2021-07-13,40.677772521972656,41.658868472749155,40.45136332809828,40.677772521972656,261564370
2021-07-14,40.75324249267578,41.50793216846607,40.451365470794606,41.356993657525486,119707585
2021-07-15,41.583396911621094,41.73433541140788,40.90417798094918,41.05511648073597,181885879
2021-07-16,40.52682876586914,40.90417353486436,39.99854551349341,40.37589028248863,254563948
2021-07-19,39.69667053222656,40.30042449594636,39.621202726217724,40.30042449594636,142468073
2021-07-20,39.54574203491211,40.07402252984186,39.31933281832761,39.47027133641301,110876067
2021-07-21,38.338233947753906,40.074019580714186,37.88542130573386,39.9985517666817,200758258
2021-07-22,40.51999282836914,41.14337673891519,39.5849154762856,39.818684071174246,233158928
2021-07-23,41.065452575683594,42.15637361519571,41.065452575683594,41.299221157541275,207930876
2021-07-26,41.84468078613281,42.39014276116254,41.76675594825506,42.0784493547088,137614648
2021-07-27,41.37714385986328,42.31222117863741,41.37714385986328,42.234299307293256,118407516
2021-07-28,40.3641471862793,40.98753111348446,39.35114793300478,40.83168736107994,199661413
2021-07-29,42.54599380493164,42.85768726496119,41.532994518629295,42.00053470867362,436442070
2021-07-30,45.039527893066406,46.67591392959238,43.48106669972481,43.48106669972481,688535227
2021-08-02,44.80575942993164,46.52006734175653,44.26029741627888,46.20837391323243,340356559
2021-08-03,46.28629684448242,46.28629684448242,44.649910871125314,44.883679446596695,261099677
2021-08-04,47.14345169067383,47.37722027810528,46.05252765262189,46.90968310324237,311304901
2021-08-05,49.403221130371094,49.79283642959317,46.90968262084402,47.533066505093586,482353715
2021-08-06,48.390220642089844,49.71491329960485,48.00060532944008,49.48114470652078,347972909
2021-08-09,48.234375,49.01360559468479,47.29929769187249,48.00060344357151,208141642
2021-08-10,46.59798812866211,48.546064580299564,46.13045096928062,48.31229600060882,314701732
2021-08-11,46.6759147644043,47.53306724706106,45.818759309218656,46.52006804777701,237048006
2021-08-12,46.831756591796875,47.92268059101024,46.59798801268794,46.98760330204575,165790481
2021-08-13,44.88368225097656,47.06553035177688,44.80576037846036,46.98760550673178,223682413
2021-08-16,44.49406814575195,45.195376907465594,43.948609078340205,44.026530952962176,142031104
2021-08-17,44.49406814575195,44.49406814575195,44.49406814575195,44.49406814575195,0
2021-08-18,45.27329635620117,45.35122119917666,43.09145128587741,43.09145128587741,191337750
2021-08-19,43.24729919433594,44.7278385539644,43.24729919433594,44.57199183623579,176436947
2021-08-20,43.40314483642578,43.94860684869356,42.39014565508781,43.87068200549597,141868003
2021-08-23,45.66291427612305,45.818760998496195,44.41614644219581,44.727839886942114,162895991
2021-08-24,45.5070686340332,46.83175828780012,45.429143789822355,46.44214298433247,177396116
2021-08-25,46.75383758544922,47.22137477229214,46.130453678815684,46.2863003986063,224280323
2021-08-26,47.68891906738281,48.857765108384704,46.98761025377,48.62399649469016,259611356
2021-08-27,48.078529357910156,48.15645123010347,47.06553015675264,47.5330673349703,169766283
2021-08-30,48.93567657470703,49.09152327484718,48.07852418272906,48.623986146955296,205005185
2021-08-31,49.16944885253906,49.16944885253906,47.92268110230365,48.623989819641565,180534243
2021-09-01,49.94867706298828,50.26037047198102,48.77983123805849,48.93567794255486,259293907
2021-09-02,49.870758056640625,52.208449840545654,49.870758056640625,50.649988651275635,419823016
2021-09-03,54.546142578125,54.546142578125,50.96168296914547,51.03960484095982,636849628
2021-09-06,54.468223571777344,56.10460674619647,53.22145572198459,53.84483667435194,582599522
2021-09-07,53.143524169921875,55.013678785840554,52.67598700220661,54.62406348856823,329592945
2021-09-08,51.273372650146484,52.909755618755995,50.72790769723845,52.2863687997346,370835503
2021-09-09,52.59806442260742,52.90975784523438,50.7279098319032,50.88375951574546,280162094
2021-09-10,53.143524169921875,53.76691102358065,52.364293575377225,52.52014326132074,212454512
2021-09-13,52.0526008605957,53.68898375561728,52.0526008605957,53.22144663490498,164440315
2021-09-14,51.42921829223633,52.442220424500356,51.117524871150664,52.20844887242173,157083603
2021-09-15,51.11752700805664,51.81883574855236,51.03960513579218,51.585064186701196,104901582
2021-09-16,51.58506774902344,52.598069993589924,51.273380238441305,51.58506774902344,140953678
2021-09-17,51.11752700805664,52.36429479946138,51.03960513579218,51.585064186701196,168231667
2021-09-22,50.338294982910156,50.64998840828032,49.169449096565224,49.24737393917217,165283608
2021-09-23,50.80583572387695,51.507144494049754,50.64999197275323,51.351300742926036,118279945
2021-09-24,52.20845031738281,52.286372188546466,51.27337597330351,51.42921971563083,127879293
2021-09-27,51.66299057006836,52.5980649014036,51.429219014705744,52.442221161200266,92868852
2021-09-28,50.883758544921875,51.42921756531895,50.883758544921875,51.27337382950763,80605472
2021-09-29,49.09152603149414,50.10452815302415,49.09152603149414,49.55906318563974,217250781
2021-09-30,49.870758056640625,50.182451483506156,48.70191216468811,49.325296045890354,120716424
2021-10-01,48.77983856201172,49.71491595685664,48.390223228537096,49.4032254735944,142501064
2021-10-04,47.377220153808594,49.32529666484126,47.22137343842021,49.169449949452876,131200706
2021-10-05,47.61098861694336,47.766835331926885,45.195374938549655,45.74083695472758,189918094
2021-10-06,46.6759147644043,48.07852926899213,46.36422133114972,47.92268255236484,131848168
2021-10-07,48.7019157409668,48.779837617140736,47.377223038306695,47.455147887009666,151354156
2021-10-08,47.61098861694336,48.779834520526535,47.53306674571602,48.779834520526535,115041097
2021-10-12,45.58499526977539,46.5200726903279,45.58499526977539,46.364225958147614,162345809
2021-10-13,43.948604583740234,45.89668097535055,43.948604583740234,45.42914085784687,228247159
2021-10-14,44.182373046875,44.88367876260176,44.02652634142617,44.64991019069284,118769240
2021-10-15,46.05252456665039,46.90967995983304,45.19537214599641,45.3512188513504,212901390
2021-10-18,45.5070686340332,46.520067828543326,45.5070686340332,46.520067828543326,119794110
2021-10-19,46.44214630126953,46.67591787806938,45.50707188418646,46.05253096997522,103789955
2021-10-20,45.74083709716797,46.90968300439103,45.42914366623028,46.59798957345333,150190445
2021-10-21,45.19537353515625,46.052525982156325,44.72783637725234,45.27329540396398,131526430
2021-10-22,45.429141998291016,45.58498870803792,44.57198955347616,45.19537341993503,103407443
2021-10-25,46.28629684448242,46.28629684448242,44.649910871125314,45.19537286224435,122194078
2021-10-26,46.59798812866211,47.37721870931709,46.286297679917375,46.59798812866211,179013620
2021-10-27,48.234375,48.234375,46.442142254201926,46.75383568108737,205373116
2021-10-28,46.59798812866211,47.61098728900783,46.59798812866211,47.299296840263096,273608270
2021-10-29,45.19537353515625,46.36421940244477,45.19537353515625,46.36421940244477,228569205
2021-11-01,44.88368225097656,45.66291286625413,44.72783850594416,45.27329755861535,133814105
2021-11-02,45.974605560302734,46.9096828780689,45.2732968288459,45.35122167263491,196050588
2021-11-03,46.13045120239258,46.83175694500872,45.97460449096828,46.75383507556097,93460973
2021-11-04,45.66291427612305,46.675916485284034,45.584992401200964,46.675916485284034,76279150
2021-11-05,47.065528869628906,47.45514416499825,46.13045156623671,46.4421420190149,186857464
2021-11-08,48.7019157409668,48.7019157409668,47.14345443725586,47.299301162132764,207476998
2021-11-09,49.16944885253906,50.57206628721488,49.16944885253906,49.71491085796535,229429473
2021-11-10,49.16944885253906,49.87075756987697,48.623989819641565,49.40322040667089,126681412
2021-11-11,48.46814727783203,48.935684481264076,48.39022242890732,48.62399400315239,108353293
2021-11-12,48.77983856201172,49.71491595685664,48.70191668432843,49.32530062338202,108567895
2021-11-15,49.403221130371094,49.63698971539857,48.9356809877873,49.559064872036856,74553814
2021-11-16,49.09152603149414,49.636988026349826,49.09152603149414,49.636988026349826,74721656
2021-11-17,49.55906677246094,49.94868208662346,48.857760990485765,49.32529817846921,111469217
2021-11-18,49.16944885253906,49.792835700185556,49.09152698284765,49.55906414605372,82944078
2021-11-19,50.72791290283203,51.50714353404315,49.87076039751139,50.026604145730445,368830431
2021-11-22,50.41621780395508,51.4292199692513,50.338295932407156,51.03960466645394,151356281
2021-11-23,49.24737548828125,50.260374693805666,49.01360689816468,50.260374693805666,136256721
2021-11-24,49.16944885253906,49.40322040667089,48.70191168933298,48.8577584012446,93267750
2021-11-25,49.09152603149414,49.48114131745838,48.77983261371126,49.48114131745838,67682737
2021-11-26,48.7019157409668,50.49414861825761,48.7019157409668,50.33829892085167,181896349
2021-11-29,48.62398910522461,48.85775768339297,47.4551432418541,48.31229568598098,111274094
2021-11-30,49.636993408203125,50.80583642029803,49.636993408203125,50.104533585570145,277535104
2021-12-01,52.20845031738281,52.208450317382805,49.94868038329052,50.18245194183919,271112474
2021-12-02,51.97467803955078,53.377295481316445,51.89675616946549,52.520143020263035,309629242
2021-12-03,53.22145080566406,53.29937267437971,52.20844867718816,52.67598583453954,184103948
2021-12-06,52.442222595214844,53.14352539036436,51.97467947170481,53.14352539036436,134977704
2021-12-07,51.8188362121582,52.90976026879415,51.58506464821556,52.90976026879415,155164688
2021-12-08,51.8188362121582,53.14352588767896,51.8188362121582,53.14352588767896,145042808
2021-12-09,49.870758056640625,51.19544768949709,49.870758056640625,50.72791052172761,283828545
2021-12-10,49.481143951416016,50.02660300277859,48.85776005519529,49.0136067723827,150096505
2021-12-13,48.93567657470703,49.79283193921356,48.93567657470703,49.79283193921356,105402091
2021-12-14,48.62398910522461,48.85775768339297,47.922680398190806,48.70191097377115,103901892
2021-12-15,48.857757568359375,49.40321956448709,48.70191085910449,48.70191085910449,93198092
2021-12-16,49.09152603149414,50.338293757568216,49.013604163312785,50.02660033978533,137799524
2021-12-17,48.54606628417969,48.85775971639306,48.39021956807299,48.46814441239077,87120133
2021-12-20,48.46814727783203,48.77983775594371,48.312300552511665,48.54606915422769,63987172
2021-12-21,49.013607025146484,49.325297488599794,48.623991716433174,48.779835461895374,76514949
2021-12-22,49.636993408203125,49.79284013399214,49.325299956625116,49.40322480578415,82654446
2021-12-23,49.79283905029297,50.260376244955374,49.71491420282991,50.182454370021304,70656246
2021-12-24,50.104530334472656,50.57206750897386,49.94868064626711,50.104530334472656,75313292
2021-12-27,50.104530334472656,50.41621782076831,50.02660251784102,50.338295949194396,45805295
2021-12-28,50.41621780395508,50.80583310675244,50.41621780395508,50.57206749210866,79937853
2021-12-29,50.64999008178711,50.80583382709256,50.416218518771124,50.72791195443984,52868829
2021-12-30,50.64999008178711,50.883761644803094,50.494146336481656,50.72791195443984,48028296
2022-01-03,49.403221130371094,51.03960419809229,49.2473744161765,50.805832640535975,120134207
2022-01-04,49.09152603149414,49.87075660342262,48.9356793226027,49.48114131745838,113554504
2022-01-05,49.16944885253906,49.87075756987697,48.8577584012446,49.09152698284765,83002873
2022-01-06,48.857757568359375,49.013604277614256,48.62398899074142,48.70191085910449,80543215
2022-01-07,48.77983856201172,49.636994079173355,48.70191668432843,49.636994079173355,99195601
2022-01-10,48.390220642089844,48.70191408122124,48.15645204900577,48.312298768571466,95348594
2022-01-11,48.390220642089844,48.70191408122124,48.23437689505309,48.546067361655545,44217559
2022-01-12,48.234375,48.93568075169902,48.15645015701423,48.85775888124206,74002300
2022-01-13,49.325294494628906,49.55906307116172,48.39021721596895,48.39021721596895,115790076
2022-01-14,48.857757568359375,49.48114143285016,48.468142281486536,49.48114143285016,92471313
2022-01-17,50.104530334472656,50.18245220604657,49.091528168838614,49.16945004041253,154911953
2022-01-18,49.714908599853516,50.57206399017001,49.714908599853516,50.26037058050425,96924393
2022-01-19,48.93567657470703,49.481138538933266,48.93567657470703,49.09152327484718,75176729
2022-01-20,49.481143951416016,49.71491254093268,48.70191333800789,49.0136067723827,61673388
2022-01-21,48.93567657470703,49.32529183879312,48.77982987456688,48.85775471090124,84065982
2022-01-24,48.77983856201172,48.93568528990739,47.68891741180022,48.54606995643276,104842422
2022-01-25,47.92268371582031,48.468145750993976,47.92268371582031,48.156452310172185,128470767
2022-01-26,44.6499137878418,45.58499112333915,43.71483645234444,43.94860801561546,399886476
2022-02-07,42.46807098388672,44.416147634523725,41.84468705018869,44.33822575750987,303067087
2022-02-08,43.169376373291016,43.55899167278812,42.545989516072574,42.545989516072574,145754347
2022-02-09,43.63691711425781,44.260301049955686,43.40314850993725,43.87068571857838,104196446
2022-02-10,43.4810676574707,44.416144988578125,42.93560563328063,44.416144988578125,113911457
2022-02-11,43.169376373291016,43.63691354367601,42.85768294468179,43.2472982441789,84581234
2022-02-14,41.299224853515625,42.156377387878855,41.299224853515625,42.07845551112913,159459899
2022-02-15,41.688838958740234,42.312222872028684,41.299223641368826,41.299223641368826,100424261
2022-02-16,42.156375885009766,42.779762766900156,42.156375885009766,42.54599119992679,90558141
2022-02-17,42.39014434814453,42.85768150279995,42.15637279828809,42.62391292547224,67766598
2022-02-18,41.84468078613281,42.0784493547088,41.68883408290594,41.92260265148193,81812084
2022-02-21,41.922607421875,42.390147584757216,41.299223510561,41.53299210573763,77093640
2022-02-22,41.143375396728516,41.61091554378259,40.753760093781224,41.4550688280979,111986147
2022-02-23,41.766754150390625,41.766754150390625,41.22129517136899,41.22129517136899,56264257
2022-02-24,40.3641471862793,41.455071288285104,40.28622531007704,41.143377838418004,105770914
2022-02-25,40.59791564941406,41.53299302330779,40.51999377347668,41.29922442296662,107149479
2022-03-01,42.156375885009766,42.468069325954964,40.90960806628689,41.29922338120391,117258341
2022-03-02,41.766754150390625,42.000525681432464,41.37713889535889,41.45506372988233,57767223
2022-03-03,42.23429870605469,42.46806728928812,41.92260528005756,42.23429870605469,46574496
2022-03-04,41.61091613769531,41.92260660098459,41.45506941978622,41.53299129247631,45291882
2022-03-07,40.20829772949219,41.143375043032925,39.97452914423921,41.143375043032925,106963655
2022-03-08,38.727760314941406,39.89660618175536,38.57191360486046,39.42906605151253,178913624
2022-03-09,40.3641471862793,40.6758406361464,39.35114793300478,39.58491653414059,97926742
2022-03-10,41.143375396728516,41.922606002623105,40.98752868104383,41.6888374153605,96899292
2022-03-11,40.90960693359375,41.299222237723214,40.75376021743619,41.065453649751305,46824536
2022-03-14,40.90960693359375,41.377144109537554,40.364144913306724,41.065453649751305,59505595
2022-03-15,39.273223876953125,40.2082982295953,39.117377160669804,40.052454485840855,117655236
2022-03-16,39.58491897583008,39.97453432593181,39.039456891181814,39.89661244492316,82159391
2022-03-17,40.987525939941406,41.14337264520361,40.67583550194565,40.83168220720786,106432004
2022-03-18,41.143375396728516,41.299222112413204,40.90960680946591,41.0654535251506,66178749
2022-03-21,41.688838958740234,41.84468568019459,41.37714551583152,41.688838958740234,50926506
2022-03-22,41.688838958740234,41.688838958740234,41.22130176690614,41.688838958740234,47683407
2022-03-23,41.922607421875,42.23430086379648,41.76676070091426,41.922607421875,63371218
2022-03-24,41.45507049560547,41.610917217559006,41.22130189893965,41.29922377365193,49965271
2022-03-25,41.532989501953125,41.76675808247435,41.29922092143191,41.68883621314353,42172838
2022-03-28,41.766754150390625,41.92260084690901,41.14337033684554,41.45506372988233,40335325
2022-03-29,41.84468078613281,42.0784493547088,41.53298737967907,42.000527489359676,39470682
2022-03-30,42.46807098388672,42.46807098388672,42.07845565375931,42.15637753077317,67529942
2022-03-31,42.078453063964844,42.23429978092975,41.92260634699994,42.15637493618286,48328440
2022-04-01,41.2213020324707,41.3771457824001,40.90960858755393,41.3771457824001,83819843
2022-04-06,39.81868362426758,40.28622378132637,39.58491503200265,40.208298935552115,130463959
2022-04-07,38.96152877807617,39.429065934401585,38.96152877807617,39.03945064662083,113474739
2022-04-08,38.96152877807617,39.27322219731228,38.96152877807617,39.03945064662083,91544578
2022-04-11,37.55891418457031,38.96152862039893,37.44202840969762,38.96152862039893,172822222
2022-04-12,36.85760498046875,37.519952741548934,36.62383640642285,36.85760498046875,149437106
2022-04-13,37.792686462402344,37.987494124579676,37.208263475870346,37.28618535172967,91562763
2022-04-14,37.597877502441406,38.22126140538543,37.55891656585658,38.1823004688006,63462591
2022-04-15,36.66279983520508,36.97449327016529,36.62383889896727,36.93553233392749,88548089
2022-04-18,36.00045394897461,36.506952050314574,36.00045394897461,36.31214440229255,70630379
2022-04-19,36.351112365722656,36.74072770523725,36.31214845374789,36.429034244613916,69983560
2022-04-20,37.130340576171875,37.130340576171875,36.70176135317625,36.97449385622156,63624569
2022-04-21,37.44203186035156,37.7147643693466,37.13034138618025,37.3251490472357,57340757
2022-04-22,37.130340576171875,37.130340576171875,36.779686199415885,37.013454793076896,44600819
2022-04-25,35.454994201660156,36.23422484345488,35.29914747879541,36.23422484345488,109358305
2022-04-26,35.64979553222656,35.922525019417996,35.26018028050824,35.844603158085725,51558629
2022-04-27,34.59783935546875,34.59783935546875,33.93549157101704,34.28614593072338,104597756
2022-04-28,37.792686462402344,38.026455062509335,35.72772405431102,36.07837844073602,235761700
2022-04-29,37.247222900390625,38.88360897970885,37.16930102769738,38.64983741657132,187382650
2022-05-03,36.81864547729492,37.792683717435,36.701759699466585,37.169299838251106,84508425
2022-05-04,37.636837005615234,37.636837005615234,36.89656734858121,36.89656734858121,63133086
2022-05-05,38.260223388671875,38.84464637101938,38.06541572788937,38.72776355806728,103997181
2022-05-06,37.831642150878906,37.831642150878906,36.93552881272373,36.97448974524724,82849111
2022-05-09,37.32514953613281,38.182302066992456,37.32514953613281,37.79268673977825,63852606
2022-05-10,38.10437774658203,38.10437774658203,36.50695262943789,36.62383840911683,85028280
2022-05-11,37.90957260131836,38.338148867588885,37.59787914992395,37.87060869049727,78480733
2022-05-12,37.247222900390625,37.87060679952328,37.16930102769738,37.51995539987478,70288246
2022-05-13,38.06541061401367,38.26021824862486,37.63683441237479,37.79268111456946,73860423
2022-05-16,38.532955169677734,39.19530001481977,38.416069386403755,38.76672376369675,112735101
2022-05-17,39.039451599121094,39.2732231555162,38.72776114480898,38.96152972867527,89761593
2022-05-18,39.662837982177734,39.97452843279144,39.50699127060649,39.74075985169897,95535126
2022-05-19,39.58491897583008,39.58491897583008,38.41607292552489,38.41607292552489,86986838
2022-05-20,39.50699234008789,39.89660764329876,39.35114562429777,39.81868279913927,54871546
2022-05-23,39.19529724121094,40.052452655330335,39.03945053205025,39.89660594616965,51203951
2022-05-24,38.18230056762695,39.351146503370636,38.18230056762695,39.27322462999929,70613038
2022-05-25,38.45502853393555,38.53295337666853,37.90956949744871,38.22125995079421,55450045
2022-05-26,38.493995666503906,39.11737959794939,38.416070817242556,38.883610995223464,38717807
2022-05-27,39.11737823486328,39.11737823486328,38.883609640283275,38.96153151430029,44272926
2022-05-30,39.740760803222656,40.0524542338281,39.35114550123028,39.740760803222656,56426824
2022-05-31,40.052452087402344,40.13037395461342,39.50699009933875,39.66283680628959,90647218
2022-06-01,39.8966064453125,40.208296895004665,39.74075973420204,39.818681603492884,53236364
2022-06-02,39.50699234008789,39.74076092750864,39.4290674959284,39.66283905587801,49193727
2022-06-06,40.51999282836914,40.51999282836914,39.50699360216571,39.8966089178231,90265356
2022-06-07,40.28622055053711,40.44206725705844,39.89660527049812,40.2082957110121,60602619
2022-06-08,40.83168411254883,41.06545269508622,40.59791255748264,40.6758374000143,70914419
2022-06-09,40.3641471862793,40.6758406361464,40.3641471862793,40.597915787415104,39439506
2022-06-10,39.8966064453125,40.28622173682429,39.584913023091566,39.74075973420204,42745053
2022-06-13,38.96152877807617,39.27322219731228,38.883606909531515,39.03945064662083,80943487
2022-06-14,38.64983367919922,38.72775851688617,38.260218408350326,38.37710417861644,66117883
2022-06-15,38.68880081176758,39.2732237667941,38.68880081176758,38.92256939927242,59657666
2022-06-16,38.260223388671875,39.58491607649869,38.221262451021175,39.351147478065485,65327274
2022-06-17,37.130340576171875,37.55891682663856,36.779686199415885,37.44203104354358,151877009
2022-06-20,37.44203186035156,38.18230156686807,37.24722419929611,37.7147643693466,122064321
2022-06-21,38.41606903076172,38.41606903076172,37.364108881150344,37.792685128305756,130353483
2022-06-22,36.59068298339844,38.45755462877863,36.59068298339844,38.41606922524131,199757207
2022-06-23,34.848270416259766,36.63217123933594,34.06003509524626,36.54919726783625,204802598
2022-06-24,34.516380310058594,35.636505168940296,34.516380310058594,35.26313021597973,98110599
2022-06-27,35.59502029418945,35.92690668441606,35.180159932556165,35.34610154510278,89426186
2022-06-28,34.723812103271484,35.63650682687385,34.723812103271484,35.63650682687385,56708799
2022-06-29,33.93558120727539,34.474897815818565,33.769636418056876,34.22598221455759,68428072
2022-06-30,32.48357009887695,33.68666270872649,32.48357009887695,33.68666270872649,119517641
2022-07-01,31.570873260498047,33.10585851576786,31.570873260498047,32.4835679659612,135667180
2022-07-04,31.653846740722656,31.9442477267305,31.11452700655568,31.570872769625158,113656903
2022-07-05,32.2761344909668,32.815451013382926,31.529384641303736,32.69099481519448,84341341
2022-07-06,30.824125289916992,32.27613651580559,30.824125289916992,31.944246969549166,101611371
2022-07-07,33.06437301635742,33.60369280897469,30.907100176155737,31.40493139616114,169918818
2022-07-08,32.93991470336914,33.769635460808495,32.69099910916403,33.562205271448654,111431250
2022-07-11,32.027217864990234,33.18882811507104,31.819787689271042,33.06436874358621,78579255
2022-07-12,30.492233276367188,31.529384068080358,30.492233276367188,31.2804685110958,121975329
2022-07-13,31.570873260498047,32.3591085899465,31.404928480856256,32.19316381030471,113163223
2022-07-14,32.19316101074219,32.52505054116419,31.031553984531442,31.44641431499238,106195225
2022-07-15,32.317623138427734,32.69099810078511,31.94424817607036,32.35910854199335,93282900
2022-07-18,33.18882751464844,33.35477228524832,32.77396717071533,32.85693797344866,94635836
2022-07-19,33.105857849121094,33.313288028212995,32.81545369931242,32.89842767002919,50097902
2022-07-20,33.811119079589844,34.14300863108701,33.56220349853364,34.018549257992234,74999094
2022-07-21,35.51204299926758,35.51204299926758,33.852601708038875,34.01854647018836,137515298
2022-07-22,35.22164535522461,35.71947652340727,34.889755799680586,35.5120463424756,110057629
2022-07-25,33.60368728637695,34.30894859300073,33.354771717282276,34.26746319234048,102999108
2022-07-26,32.027217864990234,33.2717989193054,31.778302287153863,33.2717989193054,161723851
2022-07-27,32.73248291015625,32.77396831296878,31.695332014176227,31.81978822261382,109141607
2022-07-28,32.19316101074219,33.60368676733601,32.11019021070325,33.56220136731654,148493712
2022-07-29,33.31328582763672,33.354771227688026,32.69099533146766,32.773966131570276,109251171
2022-08-01,33.437744140625,33.437744140625,32.815453605135204,33.2303139621284,43204752
2022-08-02,32.442081451416016,32.856941844222526,32.19316584875883,32.8154564379686,71694172
2022-08-03,32.60802459716797,32.64951000132982,32.193164225282544,32.44207981538711,44604528
2022-08-04,33.18882751464844,33.35477228524832,32.6495078014821,33.022882744048545,73337609
2022-08-05,34.97272872924805,35.13867033694306,33.68665911367874,33.97706325741158,156027274
2022-08-08,34.060035705566406,34.5578700480851,34.01855030163987,34.350439863319004,70316154
2022-08-09,34.060035705566406,34.39192526724553,33.313288939488515,33.89409092472684,57553957
2022-08-10,33.437744140625,33.56220351377629,33.2303139621284,33.437744140625,59867589
2022-08-11,34.5993537902832,34.72380999608545,34.350438213545424,34.55786838834912,82326023
2022-08-12,35.138671875,35.38759062770452,34.68232610359742,34.76530007621007,71258030
2022-08-15,36.09284973144531,36.09284973144531,35.512044619981616,35.55353002112905,86310145
2022-08-16,35.719478607177734,36.17582439882263,35.55353381972498,36.13433899324283,54160486
2022-08-17,35.553531646728516,35.843935798305004,35.387590034551515,35.802450395260756,46303780
2022-08-18,35.26313400268555,35.26313400268555,34.88975900963038,34.93124441660681,35280239
2022-08-19,35.6779899597168,35.84393473209097,35.263129611348,35.4705597855324,34107416
2022-08-22,34.806785583496094,35.05570117180769,34.765300179633066,35.01421576794466,33625000
2022-08-23,33.852603912353516,34.22597886021892,33.852603912353516,33.97706328335308,60939728
2022-08-24,33.93558120727539,34.30895302660005,33.89409263612057,34.101522831360306,36198142
2022-08-25,34.35043716430664,34.55786733277435,34.143006995838924,34.267463197839646,36753597
2022-08-26,34.26746368408203,34.97272816595961,34.26746368408203,34.848268797059674,41925852
2022-08-29,33.1473388671875,33.23030966179556,32.60801920683634,32.8984233182304,77947283
2022-08-30,33.52071762084961,33.8940894045761,33.06436870272471,33.27179887818755,36127846
2022-08-31,34.10152053833008,34.18449450992686,33.10585820023581,33.2303144099309,47051905
2022-09-01,33.56220245361328,33.76963262555758,33.188827511086906,33.35477228166899,40264410
2022-09-02,33.60368728637695,33.89408825613187,33.437742518602775,33.686658087697445,49625651
2022-09-05,33.022884368896484,33.60368951200724,32.56653860114282,33.437744733242255,88728180
2022-09-06,33.1473388671875,33.35476901884057,32.98139411283846,33.1473388671875,38130526
2022-09-07,32.525054931640625,33.022886129341494,32.48356952602115,32.856941341730014,56935811
2022-09-08,32.60802459716797,32.93991416072969,32.44207981538711,32.93991416072969,44441885
2022-09-12,33.31328582763672,33.977061723857084,33.18882646234965,33.18882646234965,68900843
2022-09-13,33.811119079589844,33.852604482243656,33.60368890118745,33.68665970649507,38459201
2022-09-14,33.31328582763672,33.5207159930264,32.69099533146766,32.73248073151897,54221462
2022-09-15,33.52071762084961,33.81111860044428,33.27179887818755,33.52071762084961,43284742
2022-09-16,33.1473388671875,33.47922521075266,33.1473388671875,33.43773981344863,58273261
2022-09-19,33.1473388671875,33.27179505909958,32.93990871553443,33.1473388671875,31821296
2022-09-20,33.31328582763672,33.562201393077714,33.10585566224703,33.354771227688026,37794410
2022-09-21,32.856937408447266,33.14734154328665,32.608021839394354,33.06436757684689,50581171
2022-09-22,32.15167999267578,32.400595591850426,32.027220610521674,32.35911018617691,55656445
2022-09-23,31.778301239013672,32.276135543399704,31.65384503676706,31.94424600714235,45731995
2022-09-26,30.575206756591797,31.40492746276941,30.492235952027357,31.36344206048719,67912112
2022-09-27,30.948579788208008,31.11452455217959,30.575204860555232,30.948579788208008,46286821
2022-09-28,30.035890579223633,31.48790183352873,29.99440517641301,31.114526877966465,72870615
2022-09-29,30.326292037963867,30.907097181789272,29.99440564515892,30.86561177833033,46575551
2022-09-30,29.66251564025879,29.70400104309262,29.081710505185093,29.538056266623943,81730648
2022-10-03,29.330625534057617,29.828459854072996,29.04022455456528,29.330625534057617,57761522
2022-10-04,31.28046989440918,31.28046989440918,30.118859690267435,30.118859690267435,76720137
2022-10-05,31.778301239013672,32.35910634489745,31.736815838264803,32.193161576768766,94638164
2022-10-06,32.317623138427734,32.35910854199335,31.695332589543245,31.985733579635976,57663694
2022-10-07,31.570873260498047,32.02721903066292,31.529387856870954,32.02721903066292,46871723
2022-10-11,29.372114181518555,30.201834885345253,29.2891402120559,30.118860915882603,97394246
2022-10-12,30.450748443603516,30.492233843016376,29.16468207100631,29.20616747041917,84105734
2022-10-13,30.201833724975586,30.865609629507684,30.03588895755927,30.40926389296269,70601673
2022-10-14,32.110191345214844,32.15167674670006,31.363441457947864,31.612357031992442,116583617
2022-10-17,31.32195472717285,31.612355690378163,30.741149635629114,31.36344012689745,75058345
2022-10-18,31.73681640625,32.19316215292106,31.529386233660134,32.06870594844709,63553154
2022-10-19,31.695331573486328,32.276136700186335,31.52938679941014,31.778302377957772,70711372
2022-10-20,32.77396774291992,32.77396774291992,31.156011740306077,31.280471111712256,115651235
2022-10-21,32.40059280395508,33.147342702358806,32.27613659764332,32.773967753156946,92001219
2022-10-24,32.69099426269531,33.85260125182105,32.69099426269531,33.64517109321291,102938085
2022-10-25,32.73248291015625,33.271799476985855,32.64950893939784,33.06436929778985,91594231
2022-10-26,31.61235809326172,32.8569391704001,31.529387287505834,32.8569391704001,103443365
2022-10-27,32.56653594970703,32.69099531493114,31.44641432322259,31.487899723252916,90613946
2022-10-28,31.778301239013672,32.193161576768766,31.69533043751593,32.11019077527103,53649029
2022-10-31,32.442081451416016,32.60802624156534,32.19316584875883,32.359110638908156,51260076
2022-11-01,32.40059280395508,32.608022979607966,32.15167722619827,32.234648030406106,34377166
2022-11-02,32.649505615234375,32.85693577331117,32.35910465998007,32.566534818056866,39919536
2022-11-03,32.359107971191406,32.48356734482625,32.02721841825405,32.23464859755656,36155621
2022-11-04,32.2761344909668,32.442076088551396,32.027215764323714,32.110189728249104,30410548
2022-11-07,33.23031234741211,33.354771714515714,32.77396660992086,32.77396660992086,75828073
2022-11-08,33.31328582763672,33.68665759323164,33.02288169701127,33.43774202779064,63627343
2022-11-09,34.39192581176758,34.39192581176758,33.811120652200024,33.85260605678339,100630117
2022-11-10,34.55786895751953,34.55786895751953,33.93557842285927,34.101520033328676,63600346
2022-11-11,36.507713317871094,37.752294453707606,36.42474250820206,37.50337885956701,191455331
2022-11-14,37.254459381103516,37.33743018212163,36.756625079595324,37.17148541495223,126709347
2022-11-15,38.66498565673828,39.079846031446344,37.17148894081594,37.337433723725866,194213856
2022-11-16,37.544864654541016,38.913905184240676,37.378919868345065,38.913905184240676,129929141
2022-11-17,37.835262298583984,37.918236266884634,36.71514063015789,37.17148637784506,94490785
2022-11-18,37.835262298583984,38.66498299079094,37.669320692249194,38.33309661298811,74623478
2022-11-21,37.87675094604492,38.16715192288312,37.71080617422313,38.042692552733456,41236956
2022-11-22,38.2501220703125,38.291610636406446,37.5448607585803,37.79377632947794,65457989
2022-11-23,38.2501220703125,38.582011608264835,38.2501220703125,38.457552240249406,45884654
2022-11-24,38.33309555053711,38.582011118273535,37.8352612499311,38.49904031740578,38914337
2022-11-25,38.0012092590332,38.29161341711372,37.91823845108645,38.20863944403353,33819940
2022-11-28,36.839599609375,37.29594535222284,36.673654839666725,37.00554121395005,78357139
2022-11-29,37.04703140258789,37.13000220850887,36.217310682844676,36.54919707166194,58090600
2022-11-30,38.0012092590332,38.0012092590332,36.63217193711111,36.79811355300462,61750227
2022-12-01,37.835262298583984,38.70647155750789,37.835262298583984,38.58201218762355,73822944
2022-12-02,37.75229263305664,37.87675200669148,37.171487497982945,37.171487497982945,54160843
2022-12-05,37.66931915283203,38.08417948198158,37.66931915283203,37.876749317406805,37425551
2022-12-06,36.92257308959961,37.669323024880846,36.92257308959961,37.50337824313685,40478376
2022-12-07,36.217308044433594,37.12999950360871,36.217308044433594,36.50770900913482,74981916
2022-12-08,35.26313400268555,36.25879959578811,35.26313400268555,36.217314188811685,76670517
2022-12-09,36.09284973144531,36.466224672038635,35.71947479085199,36.00987892915045,55417849
2022-12-12,36.09284973144531,36.21730910002083,35.677989389704564,35.9683903628698,25747200
2022-12-13,36.341766357421875,36.673655906492996,36.175821582886314,36.507711131957436,54778212
2022-12-14,36.88108825683594,36.9225736616313,36.46622787861536,36.756628877316366,49166432
2022-12-15,36.71514129638672,36.881086070865976,36.3832517474282,36.50771111957097,38456812
2022-12-16,36.75662612915039,36.75662612915039,35.63650445775586,35.80244922966367,95239295
2022-12-19,35.636505126953125,36.092850884419114,35.55353115687447,35.88542070692245,83378719
2022-12-20,34.723812103271484,35.55353285283719,34.723812103271484,35.263131856542586,80512928
2022-12-21,34.848270416259766,35.22164537517494,34.640840235210604,34.806785013076606,56823850
2022-12-22,35.553531646728516,35.760961827083136,35.26313066028539,35.387590034551515,52209660
2022-12-23,34.806785583496094,34.972730364081634,34.599355399047525,34.806785583496094,33933570
2022-12-26,34.76530075073242,34.84827155982146,34.516381993198344,34.84827155982146,23114661
2022-12-27,34.723812103271484,35.263131856542586,34.723812103271484,34.88975688621132,23355763
2022-12-28,33.852603912353516,34.433409035129344,33.728147706487235,34.433409035129344,51433985
2022-12-29,33.811119079589844,34.060034660646046,33.35477332013125,33.396258722785056,33299648
2022-12-30,33.76963424682617,34.39192479253501,33.76963424682617,34.267465417339885,31353411
2023-01-03,34.35043716430664,34.43340796564045,33.396257123301886,33.56220189110269,34737355
2023-01-04,34.060035705566406,34.51638147902513,34.060035705566406,34.22598048640597,23573244
2023-01-05,34.225982666015625,34.68232846853577,34.10152328117666,34.68232846853577,29326997
2023-01-06,35.18016052246094,35.18016052246094,34.22598040865123,34.267465812483515,54893830
2023-01-09,36.92257308959961,36.92257308959961,35.968392968421746,36.17582315431837,119293217
2023-01-10,37.337432861328125,37.337432861328125,36.67365691015342,36.92257249620226,91619765
2023-01-11,37.461891174316406,37.75229215561396,37.212972430194725,37.58634738124394,67893495
2023-01-12,37.461891174316406,37.75229215561396,37.08851622326719,37.62783278355312,58099046
2023-01-13,37.66931915283203,38.08417948198158,37.46188898825726,37.918234717295135,68861927
2023-01-16,37.254459381103516,37.79377591798759,37.00554064778283,37.54486034980008,67899354
2023-01-17,38.125667572021484,38.16715297483703,37.212972884412764,37.295946855177206,123681267
2023-01-30,40.4903678894043,40.4903678894043,39.41173165605469,39.78510658898079,259934552
2023-01-31,40.4903678894043,40.739283456310645,39.74362118868526,40.075507556182664,137164342
2023-02-01,40.863746643066406,41.071176829071824,40.6148310528866,41.071176829071824,114483826
2023-02-02,41.81792449951172,41.90089530336606,41.48603495382778,41.48603495382778,113657528
2023-02-03,41.569007873535156,41.817926628034655,41.48603706545762,41.65198184674614,62951018
2023-02-06,40.69779968261719,41.32009020732122,40.69779968261719,41.237119403414,63272202
2023-02-07,40.7807731628418,41.02968873671315,40.116994079007206,40.28293884996585,54845672
2023-02-08,41.90089797973633,42.06684276317782,41.27860741568084,41.32009282025784,91987834
2023-02-09,41.90089797973633,42.23278754661931,41.32009282025784,41.361578224834844,54489972
2023-02-10,42.149810791015625,42.481700335998404,41.65197963867473,41.90089521484518,62316230
2023-02-13,41.278602600097656,41.651977527999534,40.78077147298389,41.651977527999534,58610023
2023-02-14,41.81792449951172,42.06684007620803,41.48603495382778,41.65197972666975,38055955
2023-02-15,41.4030647277832,41.983866693135674,41.27860535513148,41.4030647277832,54088246
2023-02-16,41.569007873535156,41.900897436112196,41.237121476091566,41.817926628034655,56240350
2023-02-17,41.48603820800781,41.651982993866554,40.9467184452503,41.19563720660517,37735264
2023-02-20,41.90089797973633,42.14981357233182,41.32009282025784,41.48603760369933,46850801
2023-02-21,41.98386764526367,42.066841617290976,41.65198125255464,41.81792603147586,28793861
2023-02-22,41.1126594543457,41.32008962633043,40.98820325023481,41.07117405297541,51599954
2023-02-23,41.6519775390625,41.900893102685494,41.27860261106145,41.403061975439506,69814349
2023-02-24,41.444549560546875,42.14981088885577,41.444549560546875,42.066840084984115,63799414
2023-03-01,42.56467056274414,42.896560103228396,40.614828216515534,40.65631361779276,93569096
2023-03-02,42.06684494018555,42.48170533769205,41.90090014815622,42.398731359110556,40170733
2023-03-03,42.56467056274414,42.896560103228396,42.48169976018969,42.56467056274414,37277893
2023-03-06,43.062503814697266,43.22844541572617,42.647643481858694,43.14547461521172,53372856
2023-03-07,42.8135871887207,43.06250593277371,42.31575603088131,42.73061638412524,43382441
2023-03-08,43.228450775146484,43.228450775146484,42.398730006601376,42.64764876927175,49154325
2023-03-09,43.56033706665039,44.14114219389906,43.47736626210057,43.56033706665039,101691322
2023-03-10,43.145477294921875,43.394392877058216,42.81358774198452,43.145477294921875,45381129
2023-03-13,43.56033706665039,43.56033706665039,42.73061636061895,42.979531939401724,50745174
2023-03-14,42.06684494018555,42.97953654864638,42.06684494018555,42.730620943169214,65128554
2023-03-15,42.89656066894531,43.394391821103824,42.56467112408412,42.73061589651471,54147135
2023-03-16,43.145477294921875,43.145477294921875,42.481701354180515,42.896561712785534,38251084
2023-03-17,44.141143798828125,44.141143798828125,43.47736784289539,43.97519901856159,93086342
2023-03-20,44.141143798828125,44.556004166927764,43.726283430728486,44.30708857909467,63520680
2023-03-21,43.80925369262695,44.473029640292,43.643308914427344,44.390058833758886,45323603
2023-03-22,44.39005661010742,44.39005661010742,43.97519626795688,44.141141037843745,52511993
2023-03-23,44.22411346435547,44.22411346435547,43.64330833098795,43.97519788295034,54121683
2023-03-24,44.05816650390625,44.307085238102964,43.726280133532605,44.307085238102964,43187989
2023-03-27,43.975196838378906,44.05816764183197,43.31142091535455,43.809252066339496,33610473
2023-03-28,43.31142044067383,43.97519635642338,43.228446472996865,43.72628078365895,49512832
2023-03-29,42.73061752319336,43.47736744499185,42.398727965697724,43.228448694303424,62141441
2023-03-30,43.228450775146484,43.47736953781685,42.89656436680857,43.14547996434539,39528238
2023-03-31,43.8922233581543,43.97519415654738,43.560333834315806,43.560333834315806,38616672
2023-04-06,43.80925369262695,43.89222766429345,43.22844855149502,43.643308914427344,27062741
2023-04-07,43.47736358642578,43.9751947133539,43.47736358642578,43.80924994933349,17914131
2023-04-10,43.228450775146484,43.643311159419035,43.228450775146484,43.56034034861794,17618359
2023-04-11,42.8135871887207,43.06250593277371,42.48170080520554,42.89656115844948,42370862
2023-04-12,43.228450775146484,43.39439556188221,42.813590390873934,42.89656436680857,36090701
2023-04-13,42.8135871887207,43.31142151169341,42.73061638412524,42.97953196304494,38971908
2023-04-14,42.56467056274414,43.145475676024965,42.56467056274414,42.97953090578284,44076038
2023-04-17,43.145477294921875,43.22844810058954,42.64764613064919,42.81358774198452,30938868
2023-04-18,43.228450775146484,43.809255946154764,43.0625091535443,43.228450775146484,40526179
2023-04-19,42.4817008972168,43.477366380185416,42.4817008972168,43.477366380185416,43488184
2023-04-20,42.06684494018555,42.730620943169214,41.98387096160406,42.564676151139885,38302825
2023-04-21,41.569007873535156,42.81358898549889,41.569007873535156,42.315757806766776,40257727
2023-04-24,41.15414810180664,41.48603766921375,40.946717913460574,41.48603766921375,46150409
2023-04-25,40.241455078125,41.32009138533673,40.19996967498866,41.15414660765799,59541021
2023-04-26,40.158485412597656,40.36591559930501,39.66065106541992,39.868081252127276,67991794
2023-04-27,40.53185272216797,40.82225685043673,40.24145175903232,40.24145175903232,62993007
2023-04-28,40.73928451538086,41.48603440064578,40.73928451538086,41.029688655265325,58892831
2023-05-02,41.361576080322266,41.65198022757139,40.863744920942786,41.07117509820645,31537756
2023-05-03,41.444549560546875,41.65197973535928,40.98820380898622,41.403064158611045,28657181
2023-05-04,41.19563293457031,41.320089137207965,40.988202765041024,41.320089137207965,26487301
2023-05-05,41.15414810180664,41.444552264571236,41.07117729252161,41.23712207622516,21031387
2023-05-08,41.48603820800781,41.983869400450494,41.444552802826514,41.569009018370416,27807248
2023-05-09,41.444549560546875,41.65197973535928,41.27860478767028,41.56900576635435,21745836
2023-05-10,41.02968978881836,41.320090771592675,40.82225961108433,41.320090771592675,27619316
2023-05-11,40.82225799560547,41.27860373553448,40.739284028715424,41.27860373553448,25318853
2023-05-12,40.40739822387695,40.573342994853704,40.2414534529002,40.49036902679871,36653057
2023-05-15,39.90956497192383,40.49037010321628,39.743623361668845,40.407399298088784,45110414
2023-05-16,40.4903678894043,40.65631265571958,40.19996692220242,40.19996692220242,36777132
2023-05-17,40.863746643066406,40.9052320472408,40.365915462706795,40.57334564871221,45756475
2023-05-18,41.6519775390625,41.73494833855913,41.23711721131314,41.44454737518782,40947582
2023-05-19,41.48603820800781,41.90089859008789,41.27860801696777,41.90089859008789,54028480
2023-05-22,40.57334518432617,41.15414716638694,40.40740040439449,41.07117635898781,75372804
2023-05-23,40.57334518432617,40.82226077165699,40.49037121179362,40.53185661549319,39877300
2023-05-24,40.7807731628418,40.7807731628418,40.40739821946815,40.490369022380854,27082718
2023-05-25,40.57334518432617,40.98820555158868,40.40740040439449,40.90523157905613,43294146
2023-05-26,41.81792449951172,42.14981088006237,40.65631425475123,40.6977996566784,126838659
2023-05-29,42.4817008972168,43.80925276441941,42.39872692730831,43.39439241027693,81036102
2023-05-30,42.8135871887207,42.97953196304494,41.983866482232834,42.48170080520554,55459727
2023-05-31,42.97953414916992,42.97953414916992,42.39872899205949,42.647647748773586,102913532
2023-06-01,42.149810791015625,42.56467113967746,41.73495044235379,42.56467113967746,56041081
2023-06-02,42.647647857666016,42.647647857666016,41.98386872491156,42.31575829128879,46344413
2023-06-05,42.232784271240234,42.73061541782176,42.149810303387824,42.647644615102585,28104311
2023-06-06,41.90089797973633,42.23278754661931,41.81792717058232,42.14981357233182,34947009
2023-06-07,42.56467056274414,42.73061533298627,42.06683941715099,42.232784187393115,41388320
2023-06-08,42.73061752319336,42.89656230194118,42.398727965697724,42.481701937638334,38370270
2023-06-09,43.39439392089844,43.477367893695366,42.896562744650566,43.062507525110995,52654500
2023-06-12,43.643306732177734,43.643306732177734,43.145475587604814,43.47736512740891,43177215
2023-06-13,44.141143798828125,44.224114606394686,43.89222821099503,44.05816982612814,62367279
2023-06-14,44.39005661010742,44.473027412484235,44.22411184022056,44.39005661010742,50927695
2023-06-15,45.21977996826172,45.30275077554461,44.63897482188121,44.63897482188121,76451940
2023-06-16,45.21977996826172,45.21977996826172,44.14114364791702,45.053835188562516,83561199
2023-06-19,44.638973236083984,45.053833588027395,44.47302846227996,44.556002431748624,43027089
2023-06-20,44.55600357055664,44.804919155058066,44.39005879251123,44.473029598967244,66672660
2023-06-21,44.72195053100586,44.72195053100586,43.809255789783855,43.809255789783855,82193112
2023-06-26,44.22411346435547,44.63897382174179,44.14114265893154,44.22411346435547,89410193
2023-06-27,43.64613723754883,44.49147595966858,43.64613723754883,44.49147595966858,124170409
2023-06-28,43.69062423706055,44.0465573715725,43.69062423706055,44.0465573715725,33377861
2023-06-29,43.15673065185547,43.913084367363346,43.15673065185547,43.913084367363346,49730094
2023-06-30,43.15673065185547,43.37918802634957,42.75630669888006,43.023254869386946,43790426
2023-07-03,42.93427276611328,43.779611458010855,42.93427276611328,43.60164488164872,52501250
2023-07-04,43.42367935180664,43.42367935180664,43.112240381489734,43.15673117804498,29983726
2023-07-05,43.02325439453125,43.60164491960417,43.02325439453125,43.55715412408243,28232553
2023-07-06,42.84529113769531,43.423678267329045,42.71181535693285,42.71181535693285,40600085
2023-07-07,43.02325439453125,43.55715412408243,42.71181543144898,42.75630622697072,39653420
2023-07-10,42.80079650878906,43.37918702692003,42.711814918813566,43.24571124752671,34272882
2023-07-11,43.15673065185547,43.33469723033678,42.88978248134858,43.20122144786826,31498332
2023-07-12,42.489356994628906,43.112238299614184,42.35588121697848,42.93427172755696,62341021
2023-07-13,42.26689910888672,42.93427120007967,42.26689910888672,42.5783380603381,52464102
2023-07-14,42.93427276611328,43.42367830528658,42.53384881790599,42.578339613389,55574528
2023-07-17,43.112239837646484,43.33469721204669,42.40037691845185,42.934273259240285,47745522
2023-07-18,42.8897819519043,43.4236782863275,42.845291156440716,43.37918749086392,26231387
2023-07-19,42.26689910888672,43.15672856381065,42.22240831502652,42.97876199393987,49206010
2023-07-20,41.02113723754883,41.91096670816316,40.93215564825941,41.86647591351846,86599321
2023-07-21,40.22029495239258,40.44275233222392,39.77538019272989,40.04232836964145,96826103
2023-07-24,40.08681869506836,40.84317581425392,39.908852114411154,40.08681869506836,51546603
2023-07-25,40.62071990966797,40.8431772949467,40.2202959372802,40.44275332255892,36297797
2023-07-26,40.131309509277344,40.88766662879559,40.131309509277344,40.709700048060114,38761656
2023-07-27,41.06563186645508,41.555037401648704,40.08681740163773,40.13130819675896,61221132
2023-07-28,41.86647415161133,42.08893150990303,41.19910207673624,41.510544415002556,49489870
2023-07-31,41.821983337402344,42.266898053757686,41.51054439372557,42.13342228107912,53098015
2023-08-01,41.821983337402344,41.95545911008091,41.555035186475116,41.821983337402344,24111536
2023-08-02,41.51054763793945,42.22241056085693,41.377071854829225,41.555038434166136,34780532
2023-08-04,41.377071380615234,41.55503795791251,41.02113822602069,41.377071380615234,33157960
2023-08-07,41.288089752197266,41.599528716365924,41.19910476641327,41.19910476641327,28307075
2023-08-08,40.531734466552734,41.288091604717444,40.531734466552734,41.288091604717444,54378052
2023-08-09,40.57622528076172,40.70970106826585,40.309277100183735,40.53173448307044,26030497
2023-08-10,40.175804138183594,40.843176277393084,40.086819149630855,40.44275231498135,38550690
2023-08-11,40.353763580322266,40.754187505561994,40.309272787391166,40.353763580322266,15803575
2023-08-14,40.042327880859375,40.22029446143812,39.9533462877851,40.042327880859375,33004389
2023-08-15,40.4427490234375,40.48723981687775,40.08681588705561,40.17580086836605,18484617
2023-08-16,38.93003845214844,39.81986790248326,38.79656267682623,39.77537710885251,77053857
2023-08-17,38.796566009521484,38.88555099885692,37.72877329293835,38.35165124613509,55366447
2023-08-18,38.97452926635742,39.55291976715243,38.44063295364663,38.5296145409551,36290056
2023-08-21,38.84105682373047,39.330462342010044,38.70758104854969,39.06351418607846,22831740
2023-08-22,38.796566009521484,39.285974964790725,38.707584414616306,39.10800838055012,19710187
2023-08-23,38.61860275268555,38.79656594218703,38.21817878744671,38.752075144811656,37634066
2023-08-24,39.46393585205078,39.50843004133759,38.841057935196275,39.06351530391005,37530135
2023-08-25,38.707584381103516,39.33046572819123,38.707584381103516,39.10800834669064,37143328
2023-08-28,39.86436080932617,41.55503821235723,38.97453131182143,39.01902210781064,83882599
2023-08-29,40.30927276611328,40.754187484049254,40.086815407145295,40.48723933217365,37744602
2023-08-30,41.288089752197266,41.288089752197266,40.70969922510676,40.798680816460624,46530186
2023-08-31,40.487239837646484,41.46605087155387,40.487239837646484,41.46605087155387,64338362
2023-09-01,40.887664794921875,41.06563136767529,40.66520742758762,40.93215558950271,30045096
2023-09-04,40.93215560913086,41.06563138736743,40.709698241689935,41.02113719833521,22559935
2023-09-05,41.42156219482422,41.42156219482422,40.7541900754841,41.0656324345009,31890313
2023-09-06,41.55503845214844,41.82198662405424,41.24359608956653,41.733005031562364,38689842
2023-09-07,40.70970153808594,41.15461630899398,40.665210739881196,41.065634712584504,36498925
2023-09-08,40.66521072387695,40.88766810924342,40.22029595314401,40.30927754951847,27359189
2023-09-11,40.976646423339844,41.021137217963314,40.5317316882451,40.70969826116901,25717189
2023-09-12,41.644020080566406,41.644020080566406,40.79868137344362,41.021138749295396,36282046
2023-09-13,41.91096878051758,42.17792035044576,41.7774963899837,41.82198718682833,43371603
2023-09-14,42.133426666259766,42.311393250210365,41.99995427411951,42.17792085807011,27067874
2023-09-15,42.35588073730469,42.35588073730469,41.68850864547049,42.222408355595846,41287933
2023-09-18,41.377071380615234,41.99995270394063,41.19910480331796,41.73300453520979,42531234
2023-09-19,41.11012268066406,41.4660524362292,41.11012268066406,41.37707084594544,22089298
2023-09-20,40.84317398071289,41.1101221424997,40.709698202604464,40.97664636439127,26391390
2023-09-21,40.62071990966797,40.8431772949467,40.39826252438924,40.62071990966797,31005292
2023-09-22,40.353763580322266,40.39825776768328,40.13130622123685,40.13130622123685,30256022
2023-09-25,40.62071990966797,41.19910707473447,40.264786735449874,40.487244120728604,34914011
2023-09-26,39.81986618041992,40.57621982272301,39.81986618041992,40.531729031016326,49961526
2023-09-27,39.50843048095703,39.73088785214613,39.28597310976792,39.55292127630883,38076984
2023-09-28,40.22029495239258,40.30927654655302,39.77538019272989,39.81987098981011,28071106
2023-10-02,40.70970153808594,40.88766812533522,40.48724415263192,40.88766812533522,25354804
2023-10-03,40.26478576660156,40.84317631218119,40.26478576660156,40.665209729354366,22645603
2023-10-04,39.24148178100586,39.77538154744337,39.15250018381479,39.597414958630864,55574211
2023-10-05,40.175804138183594,40.3537673264286,39.419447010421365,39.552922796035354,45328957
2023-10-06,40.22029495239258,40.48724312930414,40.086819166721675,40.48724312930414,17740500
2023-10-11,41.73300552368164,41.73300552368164,40.79868181934845,40.976648400860974,79919349
2023-10-12,41.821983337402344,41.8664741301519,41.154611262869324,41.821983337402344,41438827
2023-10-13,41.821983337402344,41.99994990283046,41.28808703554789,41.64401677197422,42106719
2023-10-16,41.95546340942383,42.266902385014994,41.02113969378982,41.243597074763585,61976252
2023-10-17,42.8897819519043,43.06774852818874,42.22240983666024,42.26690063212382,106064588
2023-10-18,43.112239837646484,43.7351211648531,42.578340102427894,42.9787640552343,128648280
2023-10-19,43.86859130859375,43.86859130859375,42.889780269079175,43.46816737627234,101821663
2023-10-20,43.33469772338867,44.446984608514505,43.20122193940149,44.04656065098317,96533782
2023-10-23,43.24571228027344,43.77961201616666,43.15673068817298,43.29020647075382,46402001
2023-10-24,42.978763580322266,43.779611477085766,42.177919077988875,43.423678324206406,71294293
2023-10-25,43.64613723754883,43.77961302319993,42.71181692128184,43.1122408838049,54317686
2023-10-26,41.644020080566406,42.13342562855428,41.55503848799776,41.77749586384954,98752211
2023-10-27,41.4660530090332,41.777495368188745,41.24359563582073,41.777495368188745,42618202
2023-10-30,41.288089752197266,41.64401951204285,41.06563237938247,41.55503792068899,34448531
2023-10-31,41.11012268066406,41.37707084594544,41.021137695950216,41.288089255661674,44334958
2023-11-01,41.821983337402344,41.99994990283046,41.243592848368436,41.377068621047,32799748
2023-11-02,42.93427276611328,42.97876356159629,42.35588224154385,42.62283380330212,52121795
2023-11-03,43.957576751708984,43.957576751708984,43.15672887866282,43.42367703820154,81214463
2023-11-06,43.957576751708984,44.58045465915598,43.779610180539834,44.49147307078641,60462667
2023-11-07,43.957576751708984,43.957576751708984,43.42367703820154,43.69062519774025,32520528
2023-11-08,43.15673065185547,44.18003593230039,43.023254869386946,43.77961197932498,57104782
2023-11-09,43.24571228027344,43.33469726680405,42.80079753091083,42.80079753091083,34493053
2023-11-10,43.20121765136719,43.24570844347015,42.84528792011364,42.97876029642253,22010914
2023-11-13,43.55715560913086,44.2245277480008,43.334698229507545,43.82410378579279,51951251
2023-11-14,43.20121765136719,43.512659984947625,42.889778712216604,43.379184214208884,41645659
2023-11-15,43.69062423706055,44.0465573715725,43.33469449697853,43.82410001111001,72702902
2023-11-16,43.42367935180664,43.64613672901306,43.15673117804498,43.64613672901306,30674199
2023-11-17,44.26901626586914,44.44698283929131,43.55715336661052,43.60164416135855,101492378
2023-11-20,44.7584228515625,45.55927075361693,44.402493090761745,44.669441259969844,94733226
2023-11-21,44.7584228515625,45.20333759838604,44.35799890053528,45.114356006793386,66428114
2023-11-22,44.49147415161133,44.758422317634974,43.824102039337156,44.357998371384454,62504761
2023-11-23,44.9363899230957,45.11435650266726,44.580456763952576,44.9363899230957,60047248
2023-11-24,44.7584228515625,45.55927075361693,44.7584228515625,44.93638942917794,86401652
2023-11-27,44.04656219482422,45.02537333027041,44.04656219482422,44.49147696446891,71685813
2023-11-28,43.64613723754883,44.13554279421914,43.46817065482411,44.04656120007189,80672376
2023-11-29,43.77960968017578,44.402490974933784,43.735118886499485,43.735118886499485,61999972
2023-11-30,43.512664794921875,44.31350932459164,43.512664794921875,43.86859456552058,87291668
2023-12-01,44.224525451660156,44.224525451660156,43.60164414217169,43.60164414217169,52316739
2023-12-04,44.66944122314453,44.66944122314453,44.31350806820707,44.35799886396672,43958233
2023-12-05,43.77960968017578,44.313505993151225,43.77960968017578,44.313505993151225,56578688
2023-12-06,43.512664794921875,43.957579553992936,43.512664794921875,43.86859456552058,36927692
2023-12-07,43.112239837646484,43.69062697442894,43.02325485122831,43.601645382440914,36067025
2023-12-08,43.20121765136719,43.646132361256505,43.20121765136719,43.423675006311846,33680342
2023-12-11,43.64613723754883,43.86859461734717,43.29020746652962,43.60164644047521,28661262
2023-12-12,44.40249252319336,44.40249252319336,43.77961120671626,44.002068577284504,48600982
2023-12-13,44.66944122314453,44.66944122314453,44.04655989921904,44.4914746456758,47899791
2023-12-14,44.847408294677734,44.936389887177306,44.491475135819115,44.847408294677734,51468459
2023-12-15,45.114356994628906,45.38130516968217,44.84740881957564,45.114356994628906,83947122
2023-12-18,45.02537155151367,45.02537155151367,44.40249361416256,44.669441786517346,54942293
2023-12-19,44.49147415161133,44.84740730259625,44.09105020536081,44.758422317634974,54201661
2023-12-20,44.35799789428711,44.66944024665669,44.09104973113465,44.49147367307837,55229209
2023-12-21,43.957576751708984,43.957576751708984,43.60164360937068,43.824100974724615,55517081
2023-12-22,44.49147415161133,44.49147415161133,43.86859283460275,44.00206861482962,33742229
2023-12-25,44.66944122314453,44.84740780061326,44.26901727244742,44.758422814663824,34041265
2023-12-26,45.20333480834961,45.381301374980616,44.669438502886514,44.93638665561806,55148904
2023-12-27,47.60587692260742,47.60587692260742,45.55926980855891,45.648251398305774,220103922
2023-12-28,46.71604919433594,48.76265638491605,46.71604919433594,48.317741630684274,154010012
2023-12-29,46.805030822753906,47.0719823910387,46.093167894331565,46.89401581032557,49054932
2024-01-02,46.182151794433594,46.9829962971396,45.64825206486614,46.71604812957093,64217881
2024-01-03,45.02537155151367,45.648252883294965,44.936389958872134,45.55927129065343,75978300
2024-01-04,45.20333480834961,45.29231978888008,44.669438502886514,44.93638665561806,56554331
2024-01-05,45.20333480834961,46.44909738033673,45.0253682417186,45.91519768044371,77391673
2024-01-08,44.9363899230957,45.38130467480952,44.580456763952576,45.38130467480952,63869803
2024-01-09,44.5804557800293,45.29232208260414,44.5804557800293,45.02537052192352,50477153
2024-01-10,44.5804557800293,44.93638893131671,44.5804557800293,44.847407340709914,40588805
2024-01-11,44.5804557800293,44.758422355673005,44.49147418942249,44.6694407650662,26875440
2024-01-12,44.5804557800293,44.5804557800293,44.135541038135074,44.5804557800293,30183922
2024-01-15,45.20333480834961,45.20333480834961,44.580453522356045,44.84740506951752,30013792
2024-01-16,45.20333480834961,45.20333480834961,44.49147193625551,44.93638665561806,49658808
2024-01-17,43.24571228027344,44.4914749362608,43.15673068817298,44.4914749362608,141437685
2024-01-18,42.80079650878906,43.51266280631335,42.311390975063674,43.24571124752671,91151420
2024-01-19,43.77960968017578,44.402490974933784,42.978761816282635,44.402490974933784,70235426
2024-01-22,44.7584228515625,44.7584228515625,44.2245265131463,44.4914746823544,73159697
2024-01-23,44.66944122314453,45.292322547070015,44.44698384991615,45.203337561120584,50692732
2024-01-24,45.02537155151367,45.20333813122692,44.758423379158884,45.11435653858538,60980878
2024-01-25,46.538082122802734,46.538082122802734,45.47028604502518,45.47028604502518,174170705
2024-01-26,44.313507080078125,45.470284716185155,44.313507080078125,45.2033365531497,181978031
2024-01-29,44.002071380615234,44.40249535203473,43.957580582553135,44.180037967293934,59567525
2024-01-30,44.13554382324219,44.40249540076838,44.13554382324219,44.18003801578343,38754522
2024-01-31,43.601646423339844,44.04656118276168,43.601646423339844,44.04656118276168,54713914
2024-02-01,43.64613723754883,43.73512222612631,42.9787650981538,43.20122247795214,64281001
2024-02-02,43.20121765136719,43.512659984947625,43.156726859264225,43.46816579841481,61988932
2024-02-05,42.80079650878906,42.934272288182385,42.578339139420244,42.711814918813566,59043982
2024-02-15,43.77960968017578,43.77960968017578,43.20121917909407,43.60164311104064,64345314
2024-02-16,43.468170166015625,43.824103327462524,43.468170166015625,43.824103327462524,37546293
2024-02-19,43.7351188659668,43.7351188659668,43.42367652151903,43.51266150325981,27779765
2024-02-20,43.824100494384766,44.18003363282181,43.55715233777197,43.6016431314691,33519790
2024-02-21,43.15673065185547,43.69062699286925,43.15673065185547,43.51266380881809,64118827
2024-02-22,43.24571228027344,43.46816965495474,43.06774909607252,43.24571228027344,44502835
2024-02-23,42.84529113769531,43.512663252647386,42.84529113769531,43.156730100234235,54152256
2024-02-26,42.71181869506836,42.93427608410517,42.578342903874116,42.71181869506836,42630523
2024-02-27,42.84529113769531,43.334696676440814,42.756306152376965,42.800796947821084,36863720
2024-02-29,43.468170166015625,43.51266435701913,42.845292225128844,43.06774960242561,66602301
2024-03-01,42.978763580322266,43.601644900646086,42.978763580322266,43.601644900646086,48011892
2024-03-04,43.468170166015625,43.55715515359245,43.11224039899892,43.156731195572235,52620867
2024-03-05,43.379188537597656,43.557155118176404,43.15673116048177,43.468170130671936,43833522
2024-03-06,43.77960968017578,43.77960968017578,43.11223759174148,43.20121917909407,50119208
2024-03-07,44.66944122314453,44.66944122314453,44.09105069497869,44.13554149073834,114381033
2024-03-08,46.182151794433594,47.160962873662086,45.38130389729748,46.182151794433594,284309520
2024-03-11,45.915199279785156,46.62706557110527,45.20333638289508,46.27113242544521,100314710
2024-03-12,46.71604919433594,46.71604919433594,45.64825310529365,45.915201278946675,85918981
2024-03-13,47.16096115112305,47.33892772114536,46.53807985325995,46.98299458110073,125263530
2024-03-14,46.805030822753906,47.16096398418017,46.2711344750447,47.16096398418017,75331524
2024-03-15,46.182151794433594,46.627066538524744,45.91520023243481,46.53808155304845,85406325
2024-03-18,46.093170166015625,46.271136755499775,45.38130720250939,45.826221979004586,69309594
2024-03-19,47.16096115112305,47.60587587896383,45.64825039757839,45.73723537980454,138908497
2024-03-20,47.07197952270508,48.31773872292622,46.982994540555715,47.69485742560065,128826380
2024-03-21,47.427913665771484,47.87282843448309,47.16096548343058,47.605880252142185,69351708
2024-03-22,46.6270637512207,47.42790820605329,46.27113061945295,47.42790820605329,91129106
2024-03-25,46.093170166015625,46.44910334498392,45.826221979004586,46.44910334498392,67294638
2024-03-26,46.00418472290039,46.3601144776854,45.203336834381496,46.093166312989126,79676002
2024-03-27,45.82621765136719,46.00418422404491,45.47028450601174,45.91519924049103,51078804
2024-03-28,46.27113342285156,46.36011501396961,45.55927051061679,45.82621867840106,80341420
2024-03-29,45.915199279785156,46.27113242544521,45.47028454492511,46.27113242544521,60111000
2024-04-01,46.00418472290039,46.716047626900476,45.91519973838158,46.62706603681175,52090342
2024-04-02,46.36011505126953,46.894014781697756,46.182151868890244,46.27113346007989,52845773
2024-04-03,45.915199279785156,46.44909899827524,45.915199279785156,46.44909899827524,41363165
2024-04-08,46.36011505126953,46.44910003688929,45.91520030646107,45.91520030646107,35041836
2024-04-09,46.6270637512207,46.80502692267467,46.36011220517993,46.6270637512207,60645946
2024-04-10,47.33892822265625,47.69485797204162,46.62706532945548,46.89401349010202,102945209
2024-04-11,46.71604919433594,47.07198235549343,46.36011603317844,46.894015774914685,56020149
2024-04-12,46.89401626586914,47.071982848311094,46.71604968342718,46.805031277433045,39562643
2024-04-15,45.915199279785156,46.360114014645205,45.73723610138517,46.27113242544521,57663496
2024-04-16,44.5804557800293,45.381303673210944,44.5804557800293,45.381303673210944,85553804
2024-04-17,44.7584228515625,45.0253710207706,44.669441259969844,44.669441259969844,50186684
2024-04-18,44.66944122314453,44.758422814663824,44.4024930541565,44.5804562371951,37669436
2024-04-19,43.69062423706055,44.00206657836599,43.33469449697853,44.00206657836599,125240375
2024-04-22,43.512664794921875,43.69062798300611,42.97876504737846,43.29020741538634,83258570
2024-04-23,43.33469772338867,44.002069854464175,43.33469772338867,43.69062748997082,48839318
2024-04-24,44.66944122314453,44.66944122314453,43.69062674428158,43.82410252599066,46851297
2024-04-25,44.04656219482422,44.26901957964656,43.468171636514,43.82410481000187,65600848
2024-04-26,44.313507080078125,44.93638839011423,44.224525490542995,44.224525490542995,44383158
2024-04-29,44.847408294677734,44.936389887177306,44.402493543319544,44.758423307748,41636808
2024-04-30,45.114356994628906,45.47028676322319,44.6694422380634,44.84740881957564,49586424
2024-05-02,44.7584228515625,45.29232258440883,44.4914746823544,44.669441259969844,60117129
2024-05-03,45.73723602294922,45.82621761199661,45.292321288852165,45.47028446694696,58495124
2024-05-06,46.00418472290039,46.53808105229294,45.82621814829285,46.3601144776854,42853986
2024-05-07,45.915199279785156,46.360114014645205,45.73723610138517,46.27113242544521,40079427
2024-05-08,46.182151794433594,46.182151794433594,45.73723705034244,46.182151794433594,36416598
2024-05-09,46.182151794433594,46.27113338547978,45.64825206486614,46.182151794433594,29014704
2024-05-10,46.449100494384766,46.53808208645083,45.73723757456584,45.826219166631894,52178902
2024-05-13,46.6270637512207,46.6270637512207,45.82621590195821,46.36011220517993,36249820
2024-05-14,46.36011505126953,46.6270666136987,46.09316688327048,46.538081628078935,44237062
2024-05-15,46.093170166015625,46.62706993446807,46.093170166015625,46.538084942510814,44199438
2024-05-16,46.36011505126953,46.538081628078935,46.182151868890244,46.36011505126953,41857613
2024-05-17,46.98299789428711,46.98299789428711,46.0931683758558,46.53808313507145,61246860
2024-05-20,47.249942779541016,47.249942779541016,46.71604646344507,47.160961191668356,55815584
2024-05-21,47.96181106567383,47.96181106567383,47.16096316361399,47.338929741230636,101866213
2024-05-22,48.94062423706055,49.11859082226319,48.31774288606645,48.49570947126909,152843001
2024-05-23,49.83045196533203,49.83045196533203,48.673674295022856,49.29655562347554,134041206
2024-05-24,48.584686279296875,49.38553413658098,48.584686279296875,48.9406194146298,72951290
2024-05-27,50.364349365234375,51.52113045427517,48.762656911586646,48.762656911586646,139490635
2024-05-28,50.18638610839844,50.98723063690987,50.09740112005479,50.80926405465281,78617613
2024-05-29,49.74147033691406,50.98722959848135,49.652485350382726,50.72028142774766,75822062
2024-05-30,49.65248489379883,50.18638462478685,48.67367381196598,48.94062198024493,74110267
2024-05-31,48.94062423706055,50.275368534434925,48.94062423706055,49.830453768643466,166673076
2024-06-03,48.94062423706055,49.830453768643466,48.58469106665527,49.652487183440826,72529904
2024-06-04,48.31774139404297,48.673674553457246,47.96181162905887,48.49570797375011,69360942
2024-06-05,47.60587692260742,47.961810070455016,47.33892875893676,47.872825086278084,67524397
2024-06-06,48.228759765625,48.228759765625,47.783845013902315,48.13977477862236,41626871
2024-06-07,49.02960205078125,49.02960205078125,47.96180941078509,48.05079099930809,52887635
2024-06-11,49.02960205078125,49.47451678225632,48.76265389078221,49.38553519373332,65133110
2024-06-12,48.85164260864258,48.94062420396859,48.228761258069646,48.94062420396859,45546856
2024-06-13,50.18638610839844,50.631300866825974,49.29655659154336,49.4745197793702,98989445
2024-06-14,50.0974006652832,50.720282000313446,49.91943408464168,50.720282000313446,49230772
2024-06-17,50.453330993652344,50.54231258176177,49.207568393540434,49.74146810548697,47878261
2024-06-18,50.54231262207031,50.720279192861085,50.008416304127984,50.453331033889924,47601340
2024-06-19,50.54231262207031,50.80926078104147,50.36434605127953,50.720279192861085,53101867
2024-06-20,51.16519546508789,51.16519546508789,50.097399402582646,50.631299131050326,58585544
2024-06-21,51.343162536621094,51.610110706215494,50.809262803002156,50.987229380875135,78368326
2024-06-24,50.54231262207031,51.165193922623025,50.36434605127953,51.165193922623025,68248302
2024-06-25,50.18638610839844,50.45333428456891,49.56350476771384,50.45333428456891,69308998
2024-06-26,50.364349365234375,50.453334353699944,49.919434606197214,50.275367771199036,40739678
2024-06-27,50.18638610839844,50.18638610839844,49.385538185456774,49.919434537797734,63763167
2024-06-28,49.56350326538086,50.008418010322465,49.47451827973446,49.91943302467607,86163793
2024-07-01,50.63129806518555,50.98722781557437,49.74146859756844,49.74146859756844,145350617
2024-07-02,49.504180908203125,50.25566679785268,48.752695018553574,50.25566679785268,237140005
2024-07-03,49.504180908203125,50.06779442959845,49.41024293239232,49.87992206134422,111388367
2024-07-04,50.725345611572266,51.10109034574567,49.97385972659281,50.06779411845249,110272226
2024-07-05,50.25566482543945,50.81927832471431,50.161730436682724,50.725343935957575,55145519
2024-07-08,51.946510314941406,52.134382680915465,50.34960057921287,50.72534531116099,120367805
2024-07-09,51.946510314941406,52.88586856144438,51.66470355766398,52.416189438192895,83403492
2024-07-10,51.382896423339844,52.040447907740294,50.91321730353485,51.85257554314484,56944184
2024-07-11,51.382896423339844,51.85257554314484,50.91321730353485,51.85257554314484,60341856
2024-07-12,49.785987854003906,50.44353935365479,49.59811548505117,50.44353935365479,96626512
2024-07-15,50.1617317199707,50.349600502290414,49.785986988596626,49.87992137975648,46152642
2024-07-16,49.785987854003906,50.53747374644747,49.69205346121123,50.44353935365479,52856418
2024-07-17,49.785987854003906,50.067794615749314,49.59811548505117,49.879922246796575,73601733
2024-07-18,49.504180908203125,49.69205327645736,48.658757042742764,49.31630853994889,80358251
2024-07-19,48.75269317626953,49.22237228747303,48.564820815114686,49.034499926318176,50035050
2024-07-22,47.155784606933594,48.470883999669454,46.82700707122413,48.37694960853379,86789525
2024-07-23,48.1890754699707,48.1890754699707,47.43758961843137,47.90726872356435,53903192
2024-07-26,47.62546157836914,47.62546157836914,46.16945708132209,46.45126382536875,89137435
2024-07-29,47.155784606933594,48.28301521739814,46.920945045727116,48.001204877256505,53032472
2024-07-30,46.96791076660156,46.96791076660156,46.216424911009376,46.920943572508406,55622666
2024-07-31,47.34365463256836,47.43758901906123,46.357325657557524,46.59216520715684,48317966
2024-08-01,50.63140869140625,50.72534307857526,49.41024015800607,50.443536333701054,176556343
2024-08-02,49.69205093383789,49.69205093383789,48.84662710823313,49.50417857444047,91788925
2024-08-05,46.92094421386719,48.37694875086041,46.404297905046015,48.37694875086041,114534832
2024-08-06,48.564823150634766,48.75269552082454,46.49823424528208,48.28301638703381,90813027
2024-08-07,49.785987854003906,49.785987854003906,48.56482283086219,49.034501961560345,66218876
2024-08-08,49.598114013671875,49.69205198704517,48.47088341676329,48.84662814352192,41796886
2024-08-09,50.63140869140625,51.10108779398565,50.25566397599586,50.91321543628045,91761372
2024-08-12,51.382896423339844,51.382896423339844,50.91321730353485,51.007151694148924,60391286
2024-08-13,51.476829528808594,51.57076750044477,51.007150420729374,51.476829528808594,40170440
2024-08-14,52.3222541809082,52.41618857065687,51.85257506543034,52.1343818180436,95516407
2024-08-15,51.382896423339844,52.32225466294983,51.19502405874438,52.32225466294983,36115991
2024-08-16,52.41618728637695,52.60405964463838,52.040446153221275,52.60405964463838,67870375
2024-08-19,52.604061126708984,52.604061126708984,52.04044761941259,52.51012673661535,42620464
2024-08-20,52.604061126708984,52.97980585381811,52.22831639959986,52.88586788035718,47491724
2024-08-21,52.604061126708984,52.604061126708984,51.946509645951664,52.51012673661535,34792241
2024-08-22,52.510128021240234,52.79193478178265,52.13438328493877,52.604062413631915,29967598
2024-08-23,52.22831726074219,52.22831726074219,51.47683137750071,51.85257611080512,31061518
2024-08-26,51.758636474609375,52.416187945104404,51.570767697354135,52.416187945104404,27550397
2024-08-27,50.725345611572266,51.28895912946501,50.53747324448557,51.195024737605344,38731939
2024-08-28,51.85257339477539,51.85257339477539,50.81927722399582,50.91321519408514,29669537
2024-08-29,51.28895950317383,51.47683187162943,51.007152742174114,51.382897479085315,23179361
2024-08-30,52.13438034057617,52.13438034057617,51.28895652332807,51.28895652332807,57216020
2024-09-02,52.04044723510742,52.22831601390733,51.476830148605906,52.22831601390733,35025097
2024-09-03,51.758636474609375,52.22831558448193,51.66470208598175,51.85257444660422,27823655
2024-09-04,50.06779479980469,50.819280695010804,49.12843653495519,49.785988037023316,85540468
2024-09-05,50.63140869140625,51.28895656832367,50.349598363164866,50.63140869140625,37686250
2024-09-06,51.19502258300781,51.19502258300781,50.3495987583819,51.00715022382792,24238268
2024-09-09,50.537471771240234,50.537471771240234,49.41024118494789,49.692051519046416,46344513
2024-09-10,50.06779479980469,50.53747393222943,49.69205364388533,50.53747393222943,34164771
2024-09-11,50.725345611572266,50.725345611572266,49.97385972659281,50.06779411845249,24058349
2024-09-12,51.85257339477539,52.04044575158687,51.57076665124175,51.75863542468607,35093409
2024-09-13,51.28895950317383,51.946511001084744,51.007152742174114,51.85257660854064,28598424
2024-09-16,51.19502258300781,51.47682933009405,51.00715022382792,51.28895697091416,24412438
2024-09-18,50.537471771240234,50.9132164944601,50.06779265889903,50.819278521971505,57624338
2024-09-19,50.443538665771484,50.91321779006476,50.25566629938071,50.443538665771484,44892168
2024-09-20,50.537471771240234,51.10108885607003,49.8799202972891,50.819278521971505,71046769
2024-09-23,50.725345611572266,50.725345611572266,50.16173209367952,50.53747324448557,30850375
2024-09-24,50.63140869140625,50.81927746574427,50.349598363164866,50.72534307857526,39787466
2024-09-25,51.19502258300781,51.47682933009405,50.81927786464803,51.00715022382792,49877625
2024-09-26,51.570770263671875,51.75863905027603,51.3828978937003,51.570770263671875,47416602
2024-09-27,51.664703369140625,52.040448099717665,51.664703369140625,52.040448099717665,39870008
2024-09-30,50.537471771240234,51.85257471914251,50.537471771240234,51.47682999592264,41080330
2024-10-01,50.443538665771484,50.91321779006476,50.34960069089242,50.34960069089242,24924409
2024-10-04,49.410240173339844,49.69205050166868,49.03449904118003,49.410240173339844,62671266
2024-10-07,49.69205093383789,50.067792069265515,49.128433855645646,49.785985321853,43226644
2024-10-08,49.410240173339844,49.410240173339844,48.940561070614685,48.940561070614685,39630364
2024-10-09,48.75269317626953,49.31630667636683,48.564820815114686,49.12843431521198,42242680
2024-10-11,48.658756256103516,49.12843537746237,48.56482186517867,48.658756256103516,32068791
2024-10-14,49.316307067871094,49.41024145751061,48.84662795293899,48.9405623425785,27022971
2024-10-15,49.410240173339844,49.59811253110335,49.22237139894352,49.410240173339844,25228714
2024-10-16,48.564823150634766,48.75269552082454,48.18907841025521,48.28301638703381,58352616
2024-10-17,48.564823150634766,48.75269552082454,48.47088517385617,48.47088517385617,32312054
2024-10-18,47.437591552734375,48.56482216769064,47.437591552734375,48.376949801303375,78495841
2024-10-21,47.81333541870117,47.81333541870117,46.967911576968824,47.24971832975718,54363083
2024-10-22,47.62546157836914,47.813333935522635,47.34365483432248,47.34365483432248,50216365
2024-10-23,47.155784606933594,47.62546372934654,47.155784606933594,47.62546372934654,44712063
2024-10-24,46.87397766113281,47.06184644264652,46.827006882387074,46.92094485651124,49698655
2024-10-25,46.7800407409668,47.1557854791944,46.7800407409668,46.920945913644,41806000
2024-10-28,46.26339340209961,46.96791208334986,46.26339340209961,46.78003971834299,49172879
2024-10-29,45.46493911743164,45.9346182257383,45.23009956327831,45.887647448213855,81420494
2024-10-30,45.230098724365234,45.69977782396044,45.08919356113981,45.55887266073502,54094334
2024-11-01,43.77409362792969,44.14983836652365,42.881706144661955,42.97564053762675,140986463
2024-11-04,43.210479736328125,43.8680312315979,43.210479736328125,43.77409325606372,59867354
2024-11-05,42.59989547729492,42.88170582079571,42.3180887171615,42.74080064904531,84205496
2024-11-06,43.06957244873047,43.63318952414329,42.27111940443796,42.27111940443796,78477326
2024-11-07,44.290740966796875,45.04222681696882,43.11654320610096,43.163510399855355,92748740
2024-11-08,43.82106399536133,44.90132383775927,43.82106399536133,44.52558268606895,62605606
2024-11-11,43.72712326049805,43.82106123001816,42.92867022809634,43.63318887434507,46286282
2024-11-12,43.304412841796875,44.1028694849598,42.97563889561449,43.16351125773325,70044482
2024-11-13,43.022605895996094,43.53925220196387,42.928671507044584,43.11654386831484,52919260
2024-11-14,42.271121978759766,42.8347355051296,42.271121978759766,42.8347355051296,78360986
2024-11-15,42.271121978759766,42.64686671858459,41.895377238934934,42.271121978759766,52740993
2024-11-18,42.365055084228516,43.02260656725016,42.13021552481845,42.17718630339431,69203736
2024-11-19,42.45899200439453,43.210477859185175,42.45899200439453,42.45899200439453,60137722
2024-11-20,42.17718505859375,42.17718505859375,42.17718505859375,42.17718505859375,61462099
2024-11-21,41.7075080871582,42.036282044100304,41.7075080871582,41.84840967583308,66276938
2024-11-22,41.75447463989258,42.458993322511574,41.75447463989258,42.036281396266716,50700692
2024-11-25,42.17718505859375,42.693831357374336,42.17718505859375,42.36505383388327,76975045
2024-11-26,42.64686584472656,42.9286726021371,41.89537638047534,42.083248746538146,41939444
2024-11-27,41.7075080871582,42.17718721614256,41.2847961543988,42.13021643655022,88688066
2024-11-28,41.23782730102539,41.425696078375694,40.39240346948008,41.284794495362966,83899732
2024-11-29,40.90904998779297,41.425696294941716,40.62724323692704,41.237827516609265,66068692
2024-12-02,41.8953742980957,41.8953742980957,41.143888454563886,41.284793617949234,38672952
2024-12-03,42.083248138427734,42.412025670128585,41.613569021741334,42.365054891766114,50530088
2024-12-04,41.75447463989258,41.75447463989258,41.33176271364772,41.56660227452072,51615273
2024-12-05,40.956016540527344,41.51963361679364,40.956016540527344,41.378728451885266,57277792
2024-12-06,40.862083435058594,41.284795359680935,40.533309484445276,40.533309484445276,43696126
2024-12-09,41.37873077392578,41.37873077392578,40.86208444588122,40.86208444588122,33159157
2024-12-10,41.049957275390625,41.28479684380434,40.862084903986165,41.143891669409136,32858676
2024-12-11,40.39240264892578,40.815114556111226,40.39240264892578,40.62724219921024,44150960
2024-12-12,39.922725677490234,40.67421156180482,39.593951722904904,40.53330997413997,71174029
2024-12-13,38.9364013671875,39.546982098296915,38.137944680304855,39.45304770377776,115254375
2024-12-16,38.9364013671875,39.07730295896623,38.231882658191466,38.79549619204131,85569382
2024-12-17,39.96969223022461,40.76814888094683,39.40607872189964,39.45304591703217,102163693
2024-12-18,41.049957275390625,41.19085886641839,40.392405767158735,40.486340161177246,88411619
2024-12-19,40.39240264892578,40.9560161362616,40.110595905257874,40.39240264892578,65229584
2024-12-20,39.78181838989258,40.392402654056575,39.59394961633488,40.01665794020686,67542850
2024-12-23,40.29846954345703,40.674210685838624,40.15756437545939,40.15756437545939,35330418
2024-12-24,41.331764221191406,42.22415530173153,41.04995745453859,41.70750896564012,133324087
2024-12-25,41.37873077392578,41.98931507830315,41.37873077392578,41.80144270900493,52528974
2024-12-26,41.049957275390625,41.61357080623656,40.862084903986165,41.61357080623656,26686974
2024-12-27,40.956016540527344,41.378728451885266,40.81511495898617,40.909049346680284,22648295
2024-12-30,40.4863395690918,40.95601869905048,40.4863395690918,40.58027754510397,25586120
2024-12-31,40.43937301635742,40.81511775965126,39.64091991606732,40.1105990535009,43445308
2025-01-02,41.049957275390625,41.049957275390625,40.251500592763534,40.298471373140224,65305876
2025-01-03,40.4863395690918,41.472668608698946,40.4863395690918,41.284796240042,42345224
2025-01-06,40.768150329589844,41.096924290567415,40.721179549420974,40.956019116795645,30917178
2025-01-07,39.78181838989258,41.14388849838885,39.78181838989258,41.00298691822057,58823388
2025-01-08,40.110595703125,40.298468059079234,39.78181818436331,39.828788960877226,37912494
2025-01-09,39.077301025390625,40.3454367888556,39.077301025390625,40.1105972308103,46690991
2025-01-10,38.795494079589844,39.07730083117012,38.32581496583363,38.748526884887674,40822034
2025-01-13,38.41975402832031,39.1712399149715,38.32581605288431,38.51368842038895,48487516
2025-01-14,39.68788528442383,39.68788528442383,38.56065468984958,38.701559857934086,37074886
2025-01-15,38.9364013671875,39.92272684310845,38.9364013671875,39.50001490103734,35977056
2025-01-16,39.03033447265625,39.68788596267583,39.03033447265625,39.35911200934971,37293479
2025-01-17,38.701560974121094,39.21820729971937,38.701560974121094,38.889433342529756,44131855
2025-01-20,40.15756607055664,40.15756607055664,38.98336823223627,39.0303354290956,47283878
2025-01-21,40.345436096191406,40.67421003846341,39.82878979403517,40.15756373630717,42221204
2025-01-22,37.762203216552734,38.090977178105206,37.2925240809821,37.2925240809821,147906733
2025-02-03,38.044010162353516,39.12427361265621,37.57433102454668,37.762203396342905,112180567
2025-02-04,37.66826248168945,38.46671910372424,37.66826248168945,38.46671910372424,58040732
2025-02-05,37.66826248168945,38.18491235968668,37.66826248168945,37.95007280909418,33884048
2025-02-06,37.66826248168945,37.90310203228195,37.52736090135426,37.85613483883688,32609083
2025-02-07,37.715232849121094,37.856134427926875,37.668262072818706,37.668262072818706,23131801
2025-02-10,37.762203216552734,37.85613761031989,37.480396451883834,37.715236019669156,30946715
2025-02-11,37.9500732421875,38.04400763014963,37.71523368891497,37.85613527085816,29858425
2025-02-12,37.66826248168945,38.044007195984314,37.62129528824439,37.95007280909418,27984906
2025-02-13,38.88943099975586,39.218204937139504,37.76220044057782,37.809167634008745,63852185
2025-02-14,38.88943099975586,39.218204937139504,38.560653479005055,38.98336538661771,28541805
2025-02-17,39.45304489135742,39.64091725037066,38.93639859159642,38.98336578550793,32974664
2025-02-18,39.40607833862305,39.7348522847203,39.17123878187722,39.50001272797447,35961690
2025-02-19,39.96969223022461,40.345436958019455,39.59395108579706,39.6409182809296,54652494
2025-02-20,40.39240264892578,40.674209392593696,40.251497485408244,40.39240264892578,40006471
2025-02-21,40.956016540527344,40.956016540527344,40.58027540638368,40.721176987924856,34296687
2025-02-24,40.90904998779297,41.00298796032645,40.204531318944525,40.43937087522734,30194703
2025-02-25,40.67420959472656,40.8620819525612,40.29846846242447,40.43937004327506,35619504
2025-02-26,40.956016540527344,41.14388889928278,40.43937024147531,40.48633743532236,35139939
2025-02-27,41.049957275390625,41.472669215208796,40.768150509967654,41.33176404081359,69299467
2025-03-03,40.956016540527344,40.956016540527344,40.251497882719875,40.48633743532236,53120564
2025-03-04,40.956016540527344,41.19085609312984,40.29846865993413,40.34543585378119,44284021
2025-03-05,41.331764221191406,41.80144336006858,41.04995745453859,41.42569861561986,46383229
2025-03-06,41.331764221191406,41.75447616285435,41.23782982676295,41.61357098784422,30376684
2025-03-07,41.4726676940918,41.895376035038616,41.1438901603509,41.33176252486466,31779134
2025-03-10,42.31808853149414,42.55292809446954,41.707507817778506,41.848409405543336,58815717
2025-03-11,42.13021469116211,42.27111985736689,41.519633998798255,41.61356838735662,68052418
2025-03-12,42.083248138427734,42.224153306780565,41.42569665839332,41.98931374843737,43316994
2025-03-13,41.049957275390625,41.98931554904548,40.956019298004676,41.98931554904548,57573005
2025-03-14,42.17718505859375,42.3180866400609,40.8620821313639,40.909049325186274,68441495
2025-03-17,41.425697326660156,42.41202635430658,41.425697326660156,42.271121183680705,44201092
2025-03-18,41.80144119262695,42.27112030715085,41.47266724580713,41.51963444058607,42180476
2025-03-19,41.61356735229492,42.17718441972787,41.61356735229492,41.8014397081059,37314811
2025-03-20,42.412025451660156,42.412025451660156,41.989313532146376,41.989313532146376,43291329
2025-03-21,42.271121978759766,42.271121978759766,41.801442845662436,42.271121978759766,39145180
2025-03-24,42.13021469116211,42.55292660640922,41.89537513639896,42.27111985736689,36059208
2025-03-25,42.13021469116211,42.458992217850856,41.754473553561404,42.27111985736689,36461286
2025-03-26,41.84840774536133,42.083247299020336,41.61356819170232,42.036280104961975,28156495
2025-03-27,42.083248138427734,42.083248138427734,41.331762268402954,41.42569665839332,43278476
2025-03-28,41.84840774536133,41.89537493941968,41.425695832101674,41.89537493941968,37954776
2025-03-31,41.94234848022461,41.94234848022461,40.67421265689429,40.90905222602574,61875919
2025-04-01,43.16351318359375,45.089196918654466,42.50596167852322,44.337711020017046,143290199
2025-04-02,42.505958557128906,43.02260485054212,42.412024170460015,43.02260485054212,50515462
2025-04-07,38.278846740722656,38.278846740722656,38.278846740722656,38.278846740722656,13988062
2025-04-08,39.17123794555664,39.453044690961505,37.104649173642365,37.15161636731531,120858432
2025-04-09,37.48039627075195,38.983368063967596,37.29252390075815,38.09097699402257,84824195
2025-04-10,41.19085693359375,41.19085693359375,40.862082986588796,41.19085693359375,49531081
2025-04-11,41.425697326660156,41.613569693038876,39.54698082960768,40.11059792874383,69373050
2025-04-14,41.61356735229492,42.599892741093655,41.61356735229492,42.08324645013881,56357316
2025-04-15,41.989315032958984,42.22415459848631,41.707508270999675,41.80144266386365,31216544
2025-04-16,42.224151611328125,42.27111880443741,41.5196329645875,41.5196329645875,35850779
2025-04-17,41.425697326660156,42.130216013054834,41.378730130907314,42.130216013054834,20580050
2025-04-18,41.61356735229492,41.754472514994944,41.42569499648394,41.754472514994944,16088207
2025-04-21,41.002986907958984,41.66053478198069,41.002986907958984,41.66053478198069,14669270
2025-04-22,41.61356735229492,41.84840690121686,40.90904870552909,40.956015898640054,27738319
2025-04-23,42.365055084228516,42.552927448430026,41.89537596540839,42.22415349860286,33676880
2025-04-24,40.768150329589844,42.224154930639315,40.768150329589844,42.0362825600661,42017291
2025-04-25,41.94234848022461,41.98931567737741,41.28479696998305,41.42569856144146,54399065
2025-04-28,42.17718505859375,42.17718505859375,41.51963359497882,41.84840753510269,22973317
2025-04-29,42.224151611328125,42.36505319065596,41.9423448693053,41.989312062414584,27807473
2025-04-30,42.45899200439453,42.55292639248066,42.03628009127254,42.03628009127254,30303702
2025-05-02,42.88170623779297,43.06957502413057,42.41202710521415,42.458994301798555,31142562
2025-05-05,42.31808853149414,43.02260722042035,41.895376601464946,42.97564002449874,35331097
2025-05-06,42.64686584472656,43.022606993484835,41.89537638047534,42.27112111260095,43359102
2025-05-07,42.97563934326172,43.11654451216032,42.64686539365473,42.83473417436312,31781212
2025-05-08,42.55292892456055,42.97564086283569,42.55292892456055,42.646866901603595,20575779
2025-05-09,42.78776550292969,42.9286706669668,42.412024371109354,42.45899156466599,16829589
2025-05-12,43.6331901550293,43.6331901550293,42.83473351582483,42.97563868255716,33950716
2025-05-13,43.72712326049805,44.008930002324114,43.539250904824954,43.82106123001816,31348875
2025-05-14,44.149837493896484,44.196804689450566,43.96196512831282,44.055903102788314,27429275
2025-05-15,44.61951446533203,44.61951446533203,44.008930202459574,44.102868172406886,41621426
2025-05-16,44.90132141113281,44.90132141113281,44.431642309377516,44.71344905375726,28845625
2025-05-19,44.85435485839844,45.042227218457846,44.619515304165986,44.71344969251208,36863531
2025-05-20,44.94829177856445,45.08919695238763,44.38467825000657,45.042229755569046,28130117
2025-05-21,46.54520034790039,46.68610551807247,44.995261392844164,45.08919578404733,93231386
2025-05-22,46.45126724243164,46.780041204110255,45.934620909779206,46.45126724243164,70843171
2025-05-23,45.13616180419922,46.451264746999215,45.13616180419922,45.183128998577665,71578900
2025-05-26,44.243770599365234,45.84068028537224,44.243770599365234,44.9013220681172,78899680
2025-05-27,43.210479736328125,44.71345151120129,43.210479736328125,44.2437723836325,99624798
2025-05-28,44.19680404663086,44.57254877233317,43.351383788851564,43.58622334657369,98074934
2025-05-29,43.91499710083008,45.1831292736034,43.91499710083008,44.5255813815682,149032843
2025-06-02,44.10287094116211,44.10287094116211,43.116545486680884,43.96196576907877,77681104
2025-06-03,44.38467788696289,44.431645083397314,43.77409358321327,43.868031559449506,77951822
2025-06-04,43.16351318359375,44.38467821680049,43.02260800987599,44.243773043082726,85197919
2025-06-05,42.55292892456055,43.257447627229986,42.365056553841875,42.88170646916007,74581058
2025-06-06,42.271121978759766,42.97564067840576,42.271121978759766,42.55292874194468,55682096
2025-06-09,42.88170623779297,42.97564063096177,42.130216758972935,42.27112193209354,39208994
2025-06-10,43.58622360229492,43.68015799258798,43.0226065104347,43.06957370558123,47063212
2025-06-11,44.38467788696289,44.38467788696289,43.727126386778856,43.727126386778856,56558714
2025-06-12,44.431644439697266,44.525582414572575,44.05590329029805,44.38467724394328,32543331
2025-06-13,44.572547912597656,44.85435465975514,43.961963640950444,43.961963640950444,44771416
2025-06-16,45.089195251464844,45.089195251464844,44.47861096575434,44.47861096575434,41131108
2025-06-17,44.61951446533203,45.84067940770979,44.61951446533203,45.32403311478465,71150250
2025-06-18,45.371002197265625,45.371002197265625,44.71345071372348,44.80738868758225,41498670
2025-06-19,44.85435485839844,45.51190632692275,44.71344969251208,45.464939132749706,51252856
2025-06-20,44.76042175292969,45.04222850941204,43.96196509563447,44.43164421756084,65459193
2025-06-23,44.149837493896484,44.33770985948015,43.39835161492916,43.68015837162099,74736166
2025-06-24,45.349998474121094,45.349998474121094,42.5,42.5,132396029
2025-06-25,43.79999923706055,45.45000076293945,43.79999923706055,45.45000076293945,95756039
2025-06-26,43.25,44.349998474121094,43.150001525878906,43.79999923706055,81421425
2025-06-27,44.29999923706055,44.29999923706055,43.599998474121094,43.849998474121094,49281090
2025-06-30,44.20000076293945,44.400001525878906,43.95000076293945,44.099998474121094,27543017
2025-07-01,43.95000076293945,44.599998474121094,43.54999923706055,44.25,48470565
2025-07-02,44.45000076293945,44.45000076293945,43.79999923706055,43.849998474121094,41467173
2025-07-03,44.400001525878906,44.95000076293945,44.25,44.54999923706055,37104217
2025-07-04,43.75,44.75,43.54999923706055,44.70000076293945,44258347
2025-07-07,43.45000076293945,44.04999923706055,43.099998474121094,44.04999923706055,39017710
2025-07-08,43.70000076293945,43.79999923706055,43.150001525878906,43.599998474121094,29366672
2025-07-09,43.900001525878906,43.95000076293945,43.45000076293945,43.5,23882092
2025-07-10,43.70000076293945,44.0,43.20000076293945,43.79999923706055,31645312
2025-07-11,43.25,43.70000076293945,43.20000076293945,43.70000076293945,20013050
2025-07-14,43.150001525878906,43.349998474121094,42.79999923706055,43.25,23205753
2025-07-15,43.54999923706055,43.54999923706055,42.900001525878906,43.0,21138204
2025-07-16,43.45000076293945,43.599998474121094,43.20000076293945,43.54999923706055,28319729
2025-07-17,43.54999923706055,43.599998474121094,43.150001525878906,43.5,24082595
2025-07-18,43.45000076293945,44.04999923706055,43.349998474121094,43.75,25754314
2025-07-21,43.5,43.70000076293945,43.349998474121094,43.599998474121094,16417888
2025-07-22,43.0,43.79999923706055,43.0,43.79999923706055,26349840
2025-07-23,43.900001525878906,43.900001525878906,43.29999923706055,43.400001525878906,24567877
2025-07-24,43.5,44.0,43.45000076293945,43.95000076293945,14994808
2025-07-25,43.5,43.75,43.29999923706055,43.400001525878906,17661776
2025-07-28,43.5,43.599998474121094,43.0,43.5,35776877
2025-07-29,42.79999923706055,43.349998474121094,42.79999923706055,43.29999923706055,35741812
2025-07-30,42.54999923706055,42.900001525878906,42.099998474121094,42.79999923706055,45900200
2025-07-31,41.54999923706055,42.25,41.54999923706055,42.25,42952609
2025-08-01,41.04999923706055,41.400001525878906,40.349998474121094,40.75,30815765
