Price,Close,High,Low,Open,Volume
Ticker,2317.TW,2317.TW,2317.TW,2317.TW,2317.TW
Date,,,,,
2000-01-03,21.776386260986328,21.776386260986328,21.776386260986328,21.776386260986328,0
2000-01-04,11.539950370788574,11.633102401623676,11.030034516371037,11.167343250895586,100969038
2000-01-05,11.539950370788574,11.819406463293879,11.308886533529881,11.402037560917563,78951612
2000-01-06,11.539950370788574,11.819406463293879,11.260495281730687,11.588341622587768,94351308
2000-01-07,11.074190139770508,11.4020364486461,10.98103811802241,11.167342161518608,63538583
2000-01-10,11.308886528015137,11.49518958614707,10.98103918387051,11.167343245449864,71348563
2000-01-11,11.216339111328125,12.005106016959433,11.216339111328125,12.005106016959433,113739712
2000-01-12,11.867794036865234,11.867794036865234,11.167340733984336,11.353644753665073,105636792
2000-01-13,11.867794036865234,12.284558769964056,11.77464303047206,12.054099059993165,180292164
2000-01-14,11.402037620544434,12.09825754027305,11.402037620544434,12.00510550895081,75928603
2000-01-17,11.81940746307373,12.054102796395535,11.681494641536954,11.7746466802516,63291557
2000-01-18,11.77464485168457,11.960948900181402,11.681492827436156,11.912557651803903,36009878
2000-01-19,11.495184898376465,11.819401637543026,11.446793666334958,11.774640876782517,39957690
2000-01-20,11.588338851928711,11.633099620262755,11.353644598019846,11.633099620262755,26366721
2000-01-21,11.539950370788574,11.77464568425797,11.539950370788574,11.588341622587768,47431990
2000-01-24,11.402037620544434,11.774645745833393,11.402037620544434,11.774645745833393,31916914
2000-01-25,11.308886528015137,11.53995036516115,11.308886528015137,11.402037555357394,22894992
2000-01-26,11.353645324707031,11.539948350310855,11.260493310181497,11.308884553508086,47392321
2000-01-27,11.308886528015137,11.53995036516115,11.308886528015137,11.53995036516115,24439421
2000-01-28,11.44680118560791,11.633105293592983,11.308889344899681,11.308889344899681,47079264
2000-01-31,11.588338851928711,11.726251628826118,11.539947611699393,11.633099620262755,31397900
2000-02-01,11.44680118560791,11.72625734758552,11.402040395444548,11.68149655742216,84326933
2000-02-02,11.44680118560791,11.446801185607908,11.446801185607908,11.446801185607908,0
2000-02-03,11.44680118560791,11.446801185607908,11.446801185607908,11.446801185607908,0
2000-02-04,11.44680118560791,11.446801185607908,11.446801185607908,11.446801185607908,0
2000-02-07,11.44680118560791,11.446801185607908,11.446801185607908,11.446801185607908,0
2000-02-08,11.44680118560791,11.446801185607908,11.446801185607908,11.446801185607908,0
2000-02-09,11.539950370788574,12.054101776763277,11.539950370788574,11.726254432458777,304085414
2000-02-10,11.77464485168457,11.77464485168457,11.402036754690911,11.539949554810244,187384723
2000-02-11,12.564019203186035,12.564019203186033,11.912559984623877,11.912559984623877,344853284
2000-02-14,12.564019203186035,13.122325375810396,12.564019203186033,12.843475330656782,406964176
2000-02-15,13.264470100402832,13.308626800791535,12.564016692012126,12.79871098449055,241149462
2000-02-16,13.078169822692871,13.308629616130082,12.985017779115346,13.264472906400366,161401143
2000-02-17,12.936624526977539,13.264470862155461,12.936624526977539,12.936624526977539,125048123
2000-02-18,12.798710823059082,13.17131891384704,12.798710823059082,13.17131891384704,107253028
2000-02-21,11.912557601928711,12.332951866788676,11.912557601928711,12.332951866788676,87638759
2000-02-22,12.09825611114502,12.332951398117956,11.912557149233605,11.912557149233605,134753118
2000-02-23,12.6571683883667,12.936623449303942,12.147252585260313,12.284560302520617,215180424
2000-02-24,12.985014915466309,13.171318961534817,12.750320625098382,13.029170612010597,214266979
2000-02-25,13.029170989990234,13.401779092936707,12.985015292164979,13.078167317901597,206994478
2000-02-28,13.029170989990234,13.029170989990234,13.029170989990234,13.029170989990234,0
2000-02-29,13.308627128601074,13.357017374527562,12.98501535207294,13.171319404405713,134264876
2000-03-01,13.078169822692871,13.494933703285135,13.078169822692871,13.40178165970761,108432762
2000-03-02,13.122322082519531,13.308626120743565,13.078166387834452,13.171318406946469,83138031
2000-03-03,13.122322082519531,13.215474101631546,12.891862349610417,13.12232208251953,62989128
2000-03-06,13.029170989990234,13.122323015726852,12.705559214955125,12.843473020725126,68070596
2000-03-07,13.308627128601074,13.308627128601072,13.029171050101914,13.029171050101914,95097517
2000-03-08,13.681234359741211,13.729624602578056,13.215474258647331,13.308626278866107,171716614
2000-03-09,14.05323314666748,14.10222946047876,13.588079234053783,13.774383231912747,195730616
2000-03-10,14.10223388671875,14.42584567019678,13.822777802217981,14.195385914885671,181412129
2000-03-13,13.171319007873535,13.822777089214693,13.122322681211193,13.122322681211193,178226695
2000-03-14,13.264470100402832,13.40177882466346,12.79871098449055,13.357017045526106,174302792
2000-03-15,12.891860961914062,13.264467994806942,12.798708952829047,13.215472679101214,163459471
2000-03-16,13.729628562927246,13.729628562927246,12.332954942390792,12.332954942390792,183769198
2000-03-17,13.915929794311523,14.195385878087874,13.26447067760835,13.26447067760835,269405311
2000-03-20,13.450170516967773,13.729626618659912,13.450170516967773,13.450170516967773,129478732
2000-03-21,14.10223388671875,14.332693642029858,13.07816765910654,13.07816765910654,230740527
2000-03-22,14.288540840148926,14.425849608223604,13.9159336292128,14.009085682808749,162530267
2000-03-23,15.263606071472168,15.263606071472168,15.263606071472168,15.263606071472168,66685305
2000-03-24,16.287673950195312,16.287673950195312,15.356759757545245,15.777758114105573,234985680
2000-03-27,17.081275939941406,17.40488966214823,16.522364892116276,16.522364892116276,201955576
2000-03-28,16.753435134887695,17.21859022262721,16.615521317905277,17.0812804810073,122202264
2000-03-29,16.753435134887695,17.174432514317196,16.522369284595385,16.522369284595385,132588881
2000-03-30,16.988130569458008,17.453286718741413,16.56713313744734,16.753437227335883,163259342
2000-03-31,16.429216384887695,16.98812755182533,15.822520049642605,16.708672470080206,156873270
2000-04-03,16.429216384887695,16.429216384887695,16.429216384887695,16.429216384887695,0
2000-04-04,16.429216384887695,16.429216384887695,16.429216384887695,16.429216384887695,0
2000-04-05,16.287673950195312,16.615520279268683,15.498302031644698,15.498302031644698,121341596
2000-04-06,15.263606071472168,16.24351648647444,15.263606071472168,15.822518175660965,118265515
2000-04-07,15.543062210083008,15.72936624584962,15.263606156433088,15.356758174316395,124074466
2000-04-10,15.82252025604248,15.82252025604248,15.82252025604248,15.82252025604248,127193043
2000-04-11,15.405150413513184,15.405150413513182,15.405150413513182,15.405150413513182,90829473
2000-04-12,15.170453071594238,15.170453071594238,15.170453071594238,15.170453071594238,102663820
2000-04-13,14.146390914916992,14.146390914916992,14.146390914916992,14.146390914916992,155520481
2000-04-14,13.401777267456055,14.102231597905446,13.401777267456053,13.960688342298095,161000919
2000-04-17,12.750320434570312,12.750320434570312,12.750320434570312,12.750320434570312,138990930
2000-04-18,13.171319007873535,13.4949307746591,13.078166984511558,13.4949307746591,180090512
2000-04-19,13.122322082519531,13.12232208251953,13.12232208251953,13.12232208251953,153272913
2000-04-20,13.122322082519531,13.264469422611192,12.65716806912447,13.12232208251953,61250641
2000-04-21,13.4949312210083,13.636473493521498,13.078167417076163,13.078167417076163,104676165
2000-04-24,12.798710823059082,12.798710823059082,12.798710823059082,12.798710823059082,47985802
2000-04-25,13.450170516967773,13.450170516967773,13.450170516967773,13.450170516967773,58029852
2000-04-26,12.891860961914062,13.636470952494404,12.798708952829047,13.636470952494404,80349732
2000-04-27,13.401777267456055,13.401777267456053,13.401777267456053,13.401777267456053,53257884
2000-04-28,13.729628562927246,13.729628562927246,13.729628562927246,13.729628562927246,118338504
2000-05-01,13.729628562927246,13.729628562927246,13.729628562927246,13.729628562927246,0
2000-05-02,12.843472480773926,13.636472816823526,12.843472480773926,13.636472816823526,67576649
2000-05-03,12.843472480773926,12.843472480773926,12.843472480773926,12.843472480773926,62286094
2000-05-04,12.377716064453125,13.029174329370205,12.332955276394907,12.84347631251066,64335855
2000-05-05,12.891860961914062,12.891860961914062,12.891860961914062,12.891860961914062,70368714
2000-05-08,12.564019203186035,12.564019203186033,12.564019203186033,12.564019203186033,53973921
2000-05-09,12.798710823059082,12.84347260163185,12.470864510843894,12.564016533540883,0
2000-05-10,12.564019203186035,12.564019203186033,12.564019203186033,12.564019203186033,58384474
2000-05-11,11.726256370544434,12.470867661498817,11.726256370544434,12.098259476574682,75608980
2000-05-12,11.495184898376465,11.495184898376467,11.495184898376467,11.495184898376467,105249824
2000-05-15,11.26049518585205,11.26049518585205,11.26049518585205,11.26049518585205,55949171
2000-05-16,12.005104064941406,12.005104064941406,12.005104064941406,12.005104064941406,58146311
2000-05-17,12.843472480773926,12.843472480773926,12.705558680801946,12.843472480773926,54080309
2000-05-18,13.401777267456055,13.588081293552477,12.843471271292357,12.843471271292357,187760767
2000-05-19,13.171319007873535,13.171319007873535,13.171319007873535,13.171319007873535,100248313
2000-05-22,12.891860961914062,13.029168660931182,12.564014697605888,12.843470724860937,86251894
2000-05-23,13.122322082519531,13.171318406946469,12.750320088236487,12.891862349610417,61878338
2000-05-24,12.798710823059082,12.798710823059082,12.798710823059082,12.798710823059082,58392110
2000-05-25,12.519256591796875,13.122324512845521,12.470866340572824,13.02917247648124,69123287
2000-05-26,12.470863342285156,12.798709623780127,12.098255286411735,12.284559314348446,79803156
2000-05-29,12.14725399017334,12.14725399017334,12.14725399017334,12.14725399017334,63403041
2000-05-30,12.284561157226562,12.377713185169194,12.098257101341302,12.284561157226562,0
2000-05-31,13.122322082519531,13.12232208251953,13.12232208251953,13.12232208251953,91535082
2000-06-01,13.357019424438477,13.494933252010489,13.02917304969802,13.078169385354935,141661987
2000-06-02,13.729628562927246,13.729628562927246,13.729628562927246,13.729628562927246,253587779
2000-06-05,14.474235534667969,14.474235534667969,14.474235534667969,14.474235534667969,102495367
2000-06-06,14.474235534667969,14.474235534667969,14.474235534667969,14.474235534667969,0
2000-06-07,14.891610145568848,14.89161014556885,14.89161014556885,14.89161014556885,149570240
2000-06-08,14.474235534667969,14.474235534667969,14.474235534667969,14.474235534667969,72684357
2000-06-09,14.474235534667969,14.474235534667969,14.474235534667969,14.474235534667969,87763351
2000-06-12,14.474235534667969,14.474235534667969,14.474235534667969,14.474235534667969,62137567
2000-06-13,14.10223388671875,14.42584567019678,14.102233886718748,14.195385914885671,56488928
2000-06-14,14.288540840148926,14.381087814803147,14.102237736404696,14.195389790000643,53433216
2000-06-15,13.681234359741211,13.68123435974121,13.68123435974121,13.68123435974121,67645115
2000-06-16,13.960691452026367,14.102234739162325,13.681236354080651,13.729626603971436,71425188
2000-06-19,13.82277774810791,13.82277774810791,13.82277774810791,13.82277774810791,17864622
2000-06-20,13.636470794677734,14.146386524133597,13.636470794677736,14.146386524133597,59555903
2000-06-21,13.588083267211914,13.822777566509428,13.588083267211914,13.68123529379039,39376855
2000-06-22,14.10223388671875,14.102233886718748,13.543321717717212,13.729625774051058,70005315
2000-06-23,13.729628562927246,14.102236751282208,13.729628562927246,14.053240412140005,28411960
2000-06-26,13.401777267456055,13.401777267456053,13.401777267456053,13.401777267456053,42564890
2000-06-27,13.078169822692871,13.543323958256293,12.798713691960293,13.494933703285135,74503530
2000-06-28,12.750320434570312,13.02917041731567,12.564016391285747,12.843472456212595,68202980
2000-06-29,12.843472480773926,13.215474485872969,12.65716843713308,13.215474485872969,96567957
2000-06-30,12.936624526977539,13.122323506637068,12.612407661052611,12.843473501203476,137319544
2000-07-03,13.171319007873535,13.171319007873535,13.171319007873535,13.171319007873535,64833490
2000-07-04,12.519256591796875,12.519256591796875,12.519256591796875,12.519256591796875,42334815
2000-07-05,13.357019424438477,13.357019424438475,13.357019424438475,13.357019424438475,114221631
2000-07-06,13.308627128601074,13.494931180933845,13.078167378239327,13.171319404405713,62758071
2000-07-07,13.264470100402832,13.264470100402832,13.264470100402832,13.264470100402832,51558814
2000-07-10,13.215475082397461,13.21547508239746,13.21547508239746,13.21547508239746,77694757
2000-07-11,13.122322082519531,13.12232208251953,13.12232208251953,13.12232208251953,50256766
2000-07-12,13.171319007873535,13.171319007873535,13.171319007873535,13.171319007873535,33735809
2000-07-13,13.357019424438477,13.357019424438475,13.357019424438475,13.357019424438475,109220728
2000-07-14,14.166385650634766,14.353536205382389,13.417779399595789,13.417779399595789,164809511
2000-07-17,19.119338989257812,19.119338989257812,19.119338989257812,19.119338989257812,56915950
2000-07-18,18.801788330078125,19.277322169364115,18.722794437393617,19.119336400019726,41468805
2000-07-19,19.0395565032959,19.039556503295902,19.039556503295902,19.039556503295902,41468805
2000-07-20,18.801788330078125,19.119336400019726,18.801788330078125,19.03955424170881,26786804
2000-07-21,18.64301109313965,18.64301109313965,18.64301109313965,18.64301109313965,53821782
2000-07-24,18.569547653198242,18.569547653198246,18.569547653198246,18.569547653198246,18663593
2000-07-25,18.48976707458496,18.72279329815498,18.251999161397283,18.251999161397283,42187946
2000-07-26,18.569547653198242,18.569547653198246,18.569547653198246,18.569547653198246,51180197
2000-07-27,18.569547653198242,18.569547653198246,17.379919922571155,18.569547653198246,62503673
2000-07-28,18.722793579101562,18.722793579101562,18.722793579101562,18.722793579101562,56532164
2000-07-31,19.0395565032959,19.039556503295902,19.039556503295902,19.039556503295902,41649927
2000-08-01,18.960556030273438,19.277315728758314,18.881564180004954,19.1193300121974,24514213
2000-08-02,18.88156509399414,18.88156509399414,18.88156509399414,18.88156509399414,20976614
2000-08-03,18.801788330078125,19.119336400019726,18.643012279082704,18.643012279082704,36133925
2000-08-04,18.722793579101562,18.722793579101562,18.722793579101562,18.722793579101562,40743623
2000-08-07,17.142154693603516,18.014230401460374,17.06790048280905,17.617688481602165,59344126
2000-08-08,16.751144409179688,17.142158476412305,16.43359529539966,17.142158476412305,44934798
2000-08-09,17.697467803955078,17.776459659475755,16.751138036489714,16.751138036489714,66674408
2000-08-10,17.776466369628906,17.776466369628906,17.776466369628906,17.776466369628906,41622771
2000-08-11,17.459705352783203,18.01423310826975,17.37992319108894,17.77646517053134,32981102
2000-08-14,17.30093002319336,17.30093002319336,17.30093002319336,17.30093002319336,12983985
2000-08-15,17.142154693603516,17.45970272929688,17.06790048280905,17.300928711450197,18285226
2000-08-16,17.697467803955078,17.697467803955078,17.697467803955078,17.697467803955078,45065333
2000-08-17,18.64301109313965,18.64301109313965,18.64301109313965,18.64301109313965,54718452
2000-08-18,18.64301109313965,19.03955303054042,18.56954917668551,18.64301109313965,67799815
2000-08-21,19.119338989257812,19.51588302161055,18.80179087631223,18.80179087631223,70934159
2000-08-22,18.801788330078125,19.119336400019726,18.56955035795541,19.119336400019726,27973662
2000-08-23,18.801788330078125,18.801788330078125,18.801788330078125,18.801788330078125,0
2000-08-24,18.410776138305664,18.88157236656547,18.252002087541385,18.569552205094762,47506776
2000-08-25,18.094013214111328,18.094013214111328,18.094013214111328,18.094013214111328,22270825
2000-08-28,17.538700103759766,17.538700103759766,17.538700103759766,17.538700103759766,20882915
2000-08-29,18.17300796508789,18.17300796508789,17.221148011375305,17.300930167797397,43000799
2000-08-30,17.697467803955078,18.489763251552713,17.697467803955078,18.173003532006383,36591252
2000-08-31,18.722793579101562,18.722793579101562,18.722793579101562,18.722793579101562,73297010
2000-09-01,19.832639694213867,19.832639694213867,19.832639694213867,19.832639694213867,270647200
2000-09-04,19.911632537841797,19.911632537841797,19.911632537841797,19.911632537841797,98352294
2000-09-05,20.620193481445312,20.69997563715904,19.753645647250373,19.911631411451772,129560168
2000-09-06,20.54120445251465,20.54120445251465,20.54120445251465,20.54120445251465,102041925
2000-09-07,19.753643035888672,19.753643035888672,19.753643035888672,19.753643035888672,119821734
2000-09-08,18.569547653198242,18.569547653198246,18.569547653198246,18.569547653198246,107097268
2000-09-11,18.17300796508789,18.17300796508789,18.17300796508789,18.17300796508789,72926611
2000-09-12,18.17300796508789,18.17300796508789,18.17300796508789,18.17300796508789,0
2000-09-13,18.88156509399414,18.96055694808634,18.014227197734286,18.014227197734286,87344403
2000-09-14,18.410776138305664,19.039556135600108,18.252002087541385,18.80179020031851,88510541
2000-09-15,17.85545539855957,17.85545539855957,17.85545539855957,17.85545539855957,113451031
2000-09-18,17.459705352783203,17.459705352783203,17.459705352783203,17.459705352783203,45427603
2000-09-19,17.30093002319336,17.30093002319336,17.30093002319336,17.30093002319336,88004087
2000-09-20,18.094013214111328,18.094013214111328,17.221147192707825,17.77646315075888,84816414
2000-09-21,18.569547653198242,18.722791710315608,17.855455708617352,17.855455708617352,109799803
2000-09-22,17.379920959472656,18.489766609623917,17.379920959472656,18.09401294665691,84831333
2000-09-25,17.776466369628906,17.935242438067714,17.22115031102411,17.459706530513987,57497972
2000-09-26,18.48976707458496,18.48976707458496,18.48976707458496,18.48976707458496,127978043
2000-09-27,18.331783294677734,18.331783294677734,18.331783294677734,18.331783294677734,83532090
2000-09-28,17.459705352783203,18.569551145440844,17.37992319108894,18.48976898374658,62171047
2000-09-29,16.27560806274414,16.27560806274414,16.27560806274414,16.27560806274414,98364109
2000-10-02,14.139654159545898,14.139654159545898,14.139654159545898,14.139654159545898,73148745
2000-10-03,13.193321228027344,13.193321228027344,13.193321228027344,13.193321228027344,168295396
2000-10-04,12.796778678894043,12.796778678894045,12.796778678894045,12.796778678894045,5181081
2000-10-05,12.485548973083496,12.638794048773205,12.405766820895469,12.405766820895469,122624932
2000-10-06,13.352096557617188,13.352096557617188,13.352096557617188,13.352096557617188,104241210
2000-10-09,13.669647216796875,14.13965212042993,13.589865056471506,14.13965212042993,97261864
2000-10-10,13.669647216796875,13.669647216796873,13.669647216796873,13.669647216796873,0
2000-10-11,13.669647216796875,13.669647216796873,13.669647216796873,13.669647216796873,137697704
2000-10-12,13.748638153076172,13.748638153076172,13.748638153076172,13.748638153076172,174041968
2000-10-13,13.748638153076172,13.748638153076172,13.748638153076172,13.748638153076172,137350795
2000-10-16,13.273104667663574,13.273104667663574,13.273104667663574,13.273104667663574,0
2000-10-17,13.273104667663574,13.669646623079009,12.796779547375683,13.273104667663574,141866968
2000-10-18,12.405767440795898,12.405767440795898,12.405767440795898,12.405767440795898,77870948
2000-10-19,11.576343536376953,11.576343536376953,11.576343536376953,11.576343536376953,56887924
2000-10-20,12.326774597167969,12.326774597167967,12.326774597167967,12.326774597167967,22214325
2000-10-23,13.827630996704102,13.986406032381227,13.19332214362253,13.986406032381227,256082428
2000-10-24,14.77396011352539,14.77396011352539,14.77396011352539,14.77396011352539,152930456
2000-10-25,15.249494552612305,15.249494552612303,15.249494552612303,15.249494552612303,158560214
2000-10-26,14.77396011352539,15.011727008381467,14.77396011352539,14.77396011352539,84091111
2000-10-27,14.29842472076416,14.298424720764162,14.298424720764162,14.298424720764162,0
2000-10-30,13.827630996704102,13.827630996704102,13.827630996704102,13.827630996704102,4337004
2000-10-31,13.352096557617188,13.827631396793032,13.352096557617188,13.352096557617188,86642255
2000-11-01,13.114331245422363,13.114331245422363,13.114331245422363,13.114331245422363,83436344
2000-11-02,13.986407279968262,13.98640727996826,12.796780332703268,12.796780332703268,98362691
2000-11-03,14.93273639678955,14.93273639678955,14.536194442127005,14.773961356995043,158299076
2000-11-06,15.011730194091797,15.011730194091799,15.011730194091799,15.011730194091799,105749233
2000-11-07,16.03705406188965,16.03705406188965,16.03705406188965,16.03705406188965,157522738
2000-11-08,16.592370986938477,17.06790489794863,15.488056038328978,15.879069112410791,204410435
2000-11-09,16.51337242126465,16.51337242126465,16.51337242126465,16.51337242126465,125585728
2000-11-10,15.958056449890137,15.958056449890137,15.958056449890137,15.958056449890137,80606512
2000-11-13,15.488053321838379,15.488053321838379,15.488053321838379,15.488053321838379,120064327
2000-11-14,15.329277992248535,15.329277992248535,15.329277992248535,15.329277992248535,82286357
2000-11-15,15.488053321838379,15.488053321838379,15.488053321838379,15.488053321838379,158117191
2000-11-16,15.329277992248535,15.329277992248535,15.329277992248535,15.329277992248535,127508821
2000-11-17,15.64129638671875,15.720289259255043,14.615184365337345,15.09150841309533,114248630
2000-11-20,13.986407279968262,13.98640727996826,13.98640727996826,13.98640727996826,85964106
2000-11-21,14.93273639678955,14.93273639678955,14.93273639678955,14.93273639678955,140443231
2000-11-22,14.77396011352539,14.77396011352539,14.77396011352539,14.77396011352539,132995030
2000-11-23,15.091508865356445,15.091508865356445,15.091508865356445,15.091508865356445,86844659
2000-11-24,15.329277992248535,15.329277992248535,15.329277992248535,15.329277992248535,111322082
2000-11-27,15.011730194091797,15.011730194091799,15.011730194091799,15.011730194091799,83160547
2000-11-28,15.011730194091797,15.011730194091799,15.011730194091799,15.011730194091799,73462510
2000-11-29,15.249494552612305,15.329276700729707,14.853741914188973,14.853741914188973,79169876
2000-11-30,14.853743553161621,14.853743553161621,14.853743553161621,14.853743553161621,91239301
2000-12-01,15.170500755310059,15.17050075531006,15.17050075531006,15.17050075531006,76860582
2000-12-04,14.219432830810547,14.219432830810547,14.219432830810547,14.219432830810547,61524985
2000-12-05,13.748638153076172,14.0653969124415,13.748638153076172,13.748638153076172,102725039
2000-12-06,13.589866638183594,14.298428831603008,13.431091572711821,14.298428831603008,108956094
2000-12-07,13.589866638183594,13.589866638183592,13.589866638183592,13.589866638183592,59915242
2000-12-08,13.827630996704102,13.827630996704102,13.827630996704102,13.827630996704102,70547610
2000-12-11,13.907413482666016,13.907413482666016,13.907413482666016,13.907413482666016,55666664
2000-12-12,14.853743553161621,14.853743553161621,14.065398307516437,14.139651517013126,157141990
2000-12-13,15.091508865356445,15.091508865356445,15.091508865356445,15.091508865356445,97502905
2000-12-14,14.853743553161621,14.853743553161621,14.853743553161621,14.853743553161621,80169832
2000-12-15,14.536194801330566,14.536194801330566,14.536194801330566,14.536194801330566,40478403
2000-12-18,13.907413482666016,13.907413482666016,13.907413482666016,13.907413482666016,77173216
2000-12-19,13.669647216796875,13.669647216796873,13.669647216796873,13.669647216796873,65667608
2000-12-20,13.510871887207031,13.510871887207033,13.510871887207033,13.510871887207033,117935746
2000-12-21,13.114331245422363,13.273106305105676,13.114331245422363,13.114331245422363,38049793
2000-12-22,13.352096557617188,13.510871597888313,12.955554601764288,12.955554601764288,80460709
2000-12-25,13.352096557617188,13.352096557617188,13.352096557617188,13.352096557617188,0
2000-12-26,13.352096557617188,13.589864481211256,13.114329642035413,13.589864481211256,42158448
2000-12-27,12.955549240112305,12.955549240112305,12.955549240112305,12.955549240112305,30791786
2000-12-28,13.273104667663574,13.273104667663574,13.273104667663574,13.273104667663574,93750699
2000-12-29,13.273104667663574,13.431089426122877,13.035336744331813,13.273104667663574,60166713
2001-01-01,13.273104667663574,13.273104667663574,13.273104667663574,13.273104667663574,0
2001-01-02,13.748638153076172,13.827630020524737,12.87656144484549,13.114328336762254,51515839
2001-01-03,13.510871887207031,13.827631692894773,13.431089728550413,13.58986477222151,36687828
2001-01-04,14.377418518066406,14.377418518066408,14.377418518066408,14.377418518066408,89040204
2001-01-05,14.853743553161621,14.853743553161621,14.853743553161621,14.853743553161621,117677090
2001-01-08,14.219432830810547,14.219432830810547,14.219432830810547,14.219432830810547,68151889
2001-01-09,15.011730194091797,15.011730194091799,15.011730194091799,15.011730194091799,102530102
2001-01-10,15.011730194091797,15.011730194091799,15.011730194091799,15.011730194091799,81231801
2001-01-11,15.170500755310059,15.17050075531006,15.17050075531006,15.17050075531006,143220162
2001-01-12,15.091508865356445,15.567043653847756,15.011726716911786,15.408268630499553,58514018
2001-01-15,14.93273639678955,14.93273639678955,14.93273639678955,14.93273639678955,41144255
2001-01-16,15.488053321838379,15.720291288256416,14.932736329869925,14.932736329869925,96200912
2001-01-17,15.799287796020508,15.79928779602051,15.79928779602051,15.79928779602051,157586364
2001-01-18,15.488053321838379,15.488053321838379,15.488053321838379,15.488053321838379,96109589
2001-01-19,15.488053321838379,15.488053321838379,15.488053321838379,15.488053321838379,0
2001-01-22,15.488053321838379,15.488053321838379,15.488053321838379,15.488053321838379,0
2001-01-23,15.488053321838379,15.488053321838379,15.488053321838379,15.488053321838379,0
2001-01-24,15.488053321838379,15.488053321838379,15.488053321838379,15.488053321838379,0
2001-01-25,15.488053321838379,15.488053321838379,15.488053321838379,15.488053321838379,0
2001-01-26,15.488053321838379,15.488053321838379,15.488053321838379,15.488053321838379,0
2001-01-29,15.170500755310059,15.17050075531006,15.17050075531006,15.17050075531006,74985653
2001-01-30,16.195825576782227,16.195825576782227,16.195825576782227,16.195825576782227,62810486
2001-01-31,16.751144409179688,16.751144409179688,16.751144409179688,16.751144409179688,138252295
2001-02-01,16.433595657348633,16.433595657348633,16.433595657348633,16.433595657348633,54327794
2001-02-02,16.27560806274414,16.27560806274414,16.27560806274414,16.27560806274414,88703116
2001-02-05,15.64129638671875,15.641296386718752,15.641296386718752,15.641296386718752,52361896
2001-02-06,15.958056449890137,16.275606493189603,15.799281428240404,15.799281428240404,83759001
2001-02-07,15.567046165466309,15.56704616546631,15.56704616546631,15.56704616546631,42562908
2001-02-08,15.87906551361084,15.87906551361084,15.87906551361084,15.87906551361084,45431564
2001-02-09,16.35460090637207,16.35460090637207,16.35460090637207,16.35460090637207,109737656
2001-02-12,16.27560806274414,16.671359728709824,16.195824899446794,16.354599936408157,77686327
2001-02-13,16.51337242126465,16.51337242126465,16.51337242126465,16.51337242126465,137790352
2001-02-14,15.958056449890137,15.958056449890137,15.958056449890137,15.958056449890137,80882450
2001-02-15,16.51337242126465,16.51337242126465,16.51337242126465,16.51337242126465,69075167
2001-02-16,16.03705406188965,16.03705406188965,16.03705406188965,16.03705406188965,69925091
2001-02-19,15.64129638671875,15.641296386718752,15.641296386718752,15.641296386718752,32451767
2001-02-20,15.799287796020508,15.79928779602051,15.79928779602051,15.79928779602051,83762279
2001-02-21,16.27560806274414,16.27560806274414,16.27560806274414,16.27560806274414,56994776
2001-02-22,15.720291137695312,15.72029113769531,15.72029113769531,15.72029113769531,37481847
2001-02-23,15.87906551361084,15.87906551361084,15.87906551361084,15.87906551361084,45116615
2001-02-26,15.799287796020508,16.2756130529489,15.79928779602051,15.87907098377988,47882427
2001-02-27,15.87906551361084,15.87906551361084,15.87906551361084,15.87906551361084,45279224
2001-02-28,15.87906551361084,15.87906551361084,15.87906551361084,15.87906551361084,0
2001-03-01,15.64129638671875,15.641296386718752,15.641296386718752,15.641296386718752,47432319
2001-03-02,15.170500755310059,15.17050075531006,15.17050075531006,15.17050075531006,40040505
2001-03-05,15.170500755310059,15.17050075531006,15.17050075531006,15.17050075531006,24650797
2001-03-06,15.249494552612305,15.567043589993984,15.249494552612303,15.329276700729707,31032693
2001-03-07,16.03705406188965,16.03705406188965,16.03705406188965,16.03705406188965,67266265
2001-03-08,15.720291137695312,15.72029113769531,15.72029113769531,15.72029113769531,31027842
2001-03-09,15.64129638671875,15.641296386718752,15.641296386718752,15.641296386718752,16905243
2001-03-12,15.488053321838379,15.488053321838379,15.488053321838379,15.488053321838379,20894757
2001-03-13,16.03705406188965,16.03705406188965,15.641301309156448,15.641301309156448,61331988
2001-03-14,16.83013343811035,16.83013343811035,16.83013343811035,16.83013343811035,140823591
2001-03-15,16.909914016723633,16.909914016723633,16.909914016723633,16.909914016723633,93488102
2001-03-16,16.27560806274414,16.27560806274414,16.27560806274414,16.27560806274414,62863634
2001-03-19,16.03705406188965,16.03705406188965,16.03705406188965,16.03705406188965,26213875
2001-03-20,15.87906551361084,15.87906551361084,15.87906551361084,15.87906551361084,28554092
2001-03-21,15.488053321838379,15.488053321838379,15.488053321838379,15.488053321838379,48849379
2001-03-22,15.958056449890137,15.958056449890137,15.641296688135519,15.641296688135519,32002081
2001-03-23,15.958056449890137,16.433591233294486,15.958056449890137,16.195823337586223,45853827
2001-03-26,16.195825576782227,16.275608743416235,16.03705154119295,16.195825576782227,62931221
2001-03-27,16.1168270111084,16.830128484798248,16.037044885597393,16.43358668519782,74558392
2001-03-28,15.958056449890137,16.275606493189603,15.958056449890137,16.195823337586223,30463650
2001-03-29,15.799287796020508,15.958062881663306,15.720295898137083,15.79928779602051,27942017
2001-03-30,15.87906551361084,16.116832415228895,15.79928235333592,15.87906551361084,27850754
2001-04-02,15.64129638671875,15.79928112377918,15.488051322811716,15.79928112377918,35484765
2001-04-03,15.488053321838379,15.641298405524596,15.329278282755407,15.567045196557913,38047244
2001-04-04,15.488053321838379,15.641298405524596,15.408270157474941,15.488053321838379,39492069
2001-04-05,15.488053321838379,15.488053321838379,15.488053321838379,15.488053321838379,0
2001-04-06,15.64129638671875,15.641296386718752,15.641296386718752,15.641296386718752,43280651
2001-04-09,15.488053321838379,15.567045196557913,15.408270157474941,15.488053321838379,19502478
2001-04-10,15.329277992248535,15.329277992248535,15.329277992248535,15.329277992248535,39810350
2001-04-11,15.329277992248535,15.567044901545096,15.011727920100515,15.488053028322543,47859044
2001-04-12,15.64129638671875,15.720289259255043,15.408268168745806,15.488051322811716,26274282
2001-04-13,15.170500755310059,15.17050075531006,15.17050075531006,15.17050075531006,23321555
2001-04-16,15.170500755310059,15.329275768349742,15.17050075531006,15.17050075531006,15141361
2001-04-17,15.329277992248535,15.329277992248535,15.329277992248535,15.329277992248535,11542411
2001-04-18,15.488053321838379,15.567045196557913,15.329278282755407,15.408270157474941,23003160
2001-04-19,16.03705406188965,16.275611301609246,15.799286095935903,15.958061164493683,78405783
2001-04-20,16.03705406188965,16.195828122434957,15.958061164493683,16.195828122434957,30286048
2001-04-23,16.195825576782227,16.195825576782227,15.879066779245472,16.116833699814645,21331866
2001-04-24,15.87906551361084,15.87906551361084,15.87906551361084,15.87906551361084,14763623
2001-04-25,15.799287796020508,15.79928779602051,15.79928779602051,15.79928779602051,13129300
2001-04-26,15.567046165466309,15.56704616546631,15.56704616546631,15.56704616546631,10136972
2001-04-27,15.249494552612305,15.249494552612303,15.249494552612303,15.249494552612303,27161064
2001-04-30,15.249494552612305,15.567043589993984,15.249494552612303,15.329276700729707,35963762
2001-05-01,15.249494552612305,15.249494552612303,15.249494552612303,15.249494552612303,0
2001-05-02,15.091508865356445,15.091508865356445,15.091508865356445,15.091508865356445,28088402
2001-05-03,15.408268928527832,15.56704395494708,15.091509157257928,15.091509157257928,18405592
2001-05-04,15.011730194091797,15.011730194091799,15.011730194091799,15.011730194091799,28407018
2001-05-07,15.249494552612305,15.408268567297053,15.011726655335845,15.329276700729707,26403674
2001-05-08,15.249494552612305,15.249494552612303,15.249494552612303,15.249494552612303,26741015
2001-05-09,15.329277992248535,15.329277992248535,15.329277992248535,15.329277992248535,19390702
2001-05-10,15.091508865356445,15.091508865356445,15.091508865356445,15.091508865356445,22677245
2001-05-11,15.408268928527832,15.408268928527834,14.932735138850886,15.091509157257928,30203696
2001-05-14,15.408268928527832,15.488052086527851,15.249494910120792,15.408268928527834,12882492
2001-05-15,15.249494552612305,15.249494552612303,15.249494552612303,15.249494552612303,23957039
2001-05-16,15.249494552612305,15.249494552612303,15.249494552612303,15.249494552612303,14482821
2001-05-17,15.408268928527832,15.488052086527851,15.249494910120792,15.329277060108605,15497168
2001-05-18,15.488053321838379,15.488053321838379,15.488053321838379,15.488053321838379,15267856
2001-05-21,15.170500755310059,15.408267630112526,14.853741010732687,15.408267630112526,18842460
2001-05-22,15.329277992248535,15.329277992248535,15.091510074939707,15.249495837409341,23884529
2001-05-23,15.488053321838379,15.799283162975952,15.170503243672433,15.329278282755407,33232473
2001-05-24,15.567046165466309,15.56704616546631,15.56704616546631,15.56704616546631,21866480
2001-05-25,15.567046165466309,15.56704616546631,15.56704616546631,15.56704616546631,18326472
2001-05-28,15.249494552612305,15.567043589993984,15.249494552612303,15.408268567297053,12944819
2001-05-29,15.329277992248535,15.329277992248535,15.329277992248535,15.329277992248535,17374740
2001-05-30,15.249494552612305,15.249494552612303,15.249494552612303,15.249494552612303,29494383
2001-05-31,15.011730194091797,15.011730194091799,15.011730194091799,15.011730194091799,20764362
2001-06-01,14.29842472076416,15.091508530333693,14.065396500980937,15.01172638366015,39960769
2001-06-04,14.29842472076416,14.298424720764162,13.907411762693203,14.298424720764162,31302295
2001-06-05,14.219432830810547,14.219432830810547,14.219432830810547,14.219432830810547,34687474
2001-06-06,14.536194801330566,14.694968837036246,14.219434995549266,14.219434995549266,75024872
2001-06-07,14.29842472076416,14.298424720764162,14.298424720764162,14.298424720764162,25701794
2001-06-08,14.457200050354004,14.69496694040978,14.377417901971016,14.377417901971016,42959928
2001-06-11,15.011730194091797,15.011730194091799,14.457203410263611,14.457203410263611,26506819
2001-06-12,15.011730194091797,15.011730194091799,15.011730194091799,15.011730194091799,20290028
2001-06-13,14.77396011352539,14.77396011352539,14.77396011352539,14.77396011352539,23991066
2001-06-14,14.457200050354004,14.69496694040978,14.377417901971016,14.61518479202679,19901893
2001-06-15,14.694969177246094,14.694969177246094,14.219435324749817,14.457202250997955,12281249
2001-06-18,14.457200050354004,14.457200050354006,14.457200050354006,14.457200050354006,7888988
2001-06-19,14.377418518066406,14.377418518066408,14.377418518066408,14.377418518066408,24652603
2001-06-20,14.139654159545898,14.139654159545898,14.139654159545898,14.139654159545898,10947115
2001-06-21,14.219432830810547,14.298424695810475,14.13964967626408,14.13964967626408,17985450
2001-06-22,14.065397262573242,14.298425494974135,13.827630364737717,14.219433625559216,14550749
2001-06-25,14.065397262573242,14.065397262573242,14.065397262573242,14.065397262573242,0
2001-06-26,13.431087493896484,14.139649472136492,13.193320612782692,13.986404409518743,20983364
2001-06-27,13.748638153076172,13.748638153076172,13.114328336762254,13.431088104139775,26323162
2001-06-28,13.431087493896484,13.669644656533245,13.352094622024778,13.669644656533245,17006917
2001-06-29,14.29842472076416,14.298424720764162,13.748637750881876,13.827629616019662,59631256
2001-07-02,14.131389617919922,14.509371537731173,14.035939002499417,14.41392193733242,51108842
2001-07-03,14.222066879272461,14.413922234515033,14.131389909277353,14.131389909277353,28513164
2001-07-04,14.083664894104004,14.222067175677825,14.03593958441511,14.222067175677825,11383740
2001-07-05,13.940486907958984,14.222064041525833,13.844082189340648,14.083661790452064,11294123
2001-07-06,14.222066879272461,14.222066879272461,14.222066879272461,14.222066879272461,15716456
2001-07-09,14.413922309875488,14.509371912741237,14.083664674216879,14.222066953629836,27298003
2001-07-10,14.701224327087402,14.701224327087402,14.701224327087402,14.701224327087402,48233918
2001-07-11,14.605774879455566,14.893079803717601,14.509370152791092,14.509370152791092,21409871
2001-07-12,14.796674728393555,14.89307945278641,14.605774535294247,14.89307945278641,21963677
2001-07-13,14.605774879455566,15.180384727979636,14.605774879455566,15.180384727979636,29975249
2001-07-16,14.701224327087402,14.988528213683912,14.317514706402987,14.988528213683912,26341860
2001-07-17,14.89307975769043,14.89307975769043,14.89307975769043,14.89307975769043,21839716
2001-07-18,14.509370803833008,15.083980678140078,14.509370803833008,15.083980678140078,19139873
2001-07-19,14.605774879455566,14.701225485765173,13.700908450353959,13.700908450353959,27095458
2001-07-20,14.796674728393555,14.796674728393555,14.413920221862554,14.605774535294247,22782762
2001-07-23,14.509370803833008,14.893080471976742,14.317516477271992,14.796675740986544,13164727
2001-07-24,14.222066879272461,14.50937183688174,14.035939291888873,14.50937183688174,20555082
2001-07-25,14.605774879455566,14.796675077053127,14.222065228529058,14.222065228529058,19359842
2001-07-26,15.083980560302734,15.18038529053981,14.509370690484566,14.605775420721642,25753571
2001-07-27,14.796674728393555,15.18038437027857,14.796674728393555,15.083979645885716,19723575
2001-07-30,14.796674728393555,14.796674728393555,14.796674728393555,14.796674728393555,0
2001-07-31,15.467687606811523,15.65954189939335,14.7012235416914,14.796673120357205,39109766
2001-08-01,15.845672607421875,16.037527953368773,15.467690698131266,15.659545029056442,54699111
2001-08-02,15.941123962402344,16.037528700074077,15.750223743008263,15.941123962402346,26420099
2001-08-03,15.6595458984375,16.037528843734552,15.6595458984375,15.941124105199247,20989749
2001-08-06,15.750223159790039,15.845672758441774,15.563140444200478,15.659545178302421,9682067
2001-08-07,15.6595458984375,15.750223884095124,15.563141159902196,15.750223884095124,7784784
2001-08-08,15.941123962402344,16.22842891946816,15.65954575816291,15.65954575816291,23477697
2001-08-09,15.941123962402344,16.132978302260234,15.750223743008263,15.941123962402346,15434519
2001-08-10,15.845672607421875,16.132977551110805,15.75022300967984,16.037527953368773,17093724
2001-08-13,15.845672607421875,16.037527953368773,15.75022300967984,15.845672607421873,11733156
2001-08-14,16.132976531982422,16.132976531982422,15.84567160644269,15.941122213176783,9309391
2001-08-15,16.132976531982422,16.22842713871652,16.037526940269988,16.132976531982422,21359989
2001-08-16,15.941123962402344,16.324832642118125,15.750223743008263,16.22842891946816,20770734
2001-08-17,15.750223159790039,15.94112337211524,15.563140444200478,15.845672758441774,17481554
2001-08-20,15.563140869140625,15.659545605874827,15.275836929890591,15.563140869140623,19781747
2001-08-21,15.750223159790039,15.94112337211524,15.659545178302421,15.75022315979004,20925873
2001-08-22,15.563140869140625,15.750223589838342,15.467691267882708,15.659545605874827,9978545
2001-08-23,15.563140869140625,15.750223589838342,15.180386313610915,15.750223589838342,19036864
2001-08-24,14.796674728393555,15.467689287770732,14.605774535294247,15.27583497433904,25453887
2001-08-27,14.988532066345215,14.988532066345215,14.701228105899922,14.8930824580457,10010687
2001-08-28,14.509370803833008,15.083980678140078,14.41392120826219,15.083980678140078,15926015
2001-08-29,14.222066879272461,14.31751749666094,13.988213983194633,14.31751749666094,36118903
2001-08-30,13.700908660888672,14.035937878432076,13.269473700177723,13.556778628854623,65531470
2001-08-31,12.74258804321289,12.885762927456897,12.74258804321289,12.74258804321289,27296615
2001-09-03,11.885446548461914,12.12502616429853,11.885446548461914,11.885446548461914,106291879
2001-09-04,11.789999961853027,11.837724261090298,11.263114278870418,11.263114278870418,147560961
2001-09-05,11.310837745666504,11.550418398407109,11.124710166981124,11.454013665058254,70880102
2001-09-06,10.788723945617676,11.550416417479052,10.69327436408143,11.358561104106075,78857893
2001-09-07,10.885129928588867,10.980580536249455,10.64555030409069,10.693275607920985,79619095
2001-09-10,10.788723945617676,10.885128662432859,10.358244170893311,10.885128662432859,38455977
2001-09-11,10.741002082824707,11.076032383171533,10.59782715721538,10.885132144018472,84116774
2001-09-12,10.741002082824707,10.741002082824709,10.741002082824709,10.741002082824709,0
2001-09-13,10.405972480773926,10.453697792865048,10.02226275799975,10.02226275799975,93017836
2001-09-14,9.734957695007324,10.64555205386259,9.692960151549277,10.64555205386259,97670647
2001-09-17,9.734957695007324,9.734957695007324,9.734957695007324,9.734957695007324,0
2001-09-18,9.734957695007324,9.734957695007324,9.734957695007324,9.734957695007324,0
2001-09-19,9.692957878112793,9.734955411720522,9.404697834623986,9.404697834623986,62465185
2001-09-20,9.356974601745605,9.596554236381102,9.356974601745605,9.356974601745605,44740090
2001-09-21,9.069670677185059,9.213799716265553,9.069670677185059,9.069670677185059,30550520
2001-09-24,9.356974601745605,9.548828930531409,8.8778143174529,9.356974601745605,73492413
2001-09-25,9.734957695007324,9.974537358884366,9.692960151549277,9.926813062231465,118639696
2001-09-26,10.405972480773926,10.405972480773926,9.73495777994134,9.879087836748226,97300670
2001-09-27,10.501420021057129,10.59782474678027,10.26184040228925,10.35824512801239,46987218
2001-09-28,10.405972480773926,10.693277458832336,10.214117111875915,10.59782683465009,51791019
2001-10-01,10.405972480773926,10.405972480773926,10.405972480773926,10.405972480773926,0
2001-10-02,10.022259712219238,10.549144196123914,10.02225971221924,10.501418898536585,28627190
2001-10-03,9.831364631652832,10.214119300901196,9.734959866276206,10.118669671284636,41960955
2001-10-04,10.214112281799316,10.405967559972291,10.022258018647705,10.405967559972291,62887425
2001-10-05,10.501420021057129,10.645550049469065,10.11866550924451,10.214115099600455,68511779
2001-10-08,10.166393280029297,10.501422570488206,10.118667965754224,10.309568207832623,26259931
2001-10-09,10.501420021057129,10.59782474678027,10.26184040228925,10.309565704978045,43893547
2001-10-10,10.501420021057129,10.50142002105713,10.50142002105713,10.50142002105713,0
2001-10-11,11.220159530639648,11.220159530639648,11.220159530639648,11.220159530639648,28575507
2001-10-12,11.98089599609375,11.98089599609375,11.645865808389582,11.98089599609375,126634536
2001-10-15,12.125028610229492,12.125028610229492,11.645869281897465,11.645869281897465,40688921
2001-10-16,12.172751426696777,12.269156150925939,11.837721207743257,12.125026124747581,30710861
2001-10-17,11.98089599609375,12.460055181511267,11.933170698596046,12.316880304039689,48014903
2001-10-18,11.550418853759766,11.741318057097809,11.50269354541437,11.645868455428786,40244530
2001-10-19,11.645867347717285,11.837721668287266,11.263111811923546,11.550417755127073,34350248
2001-10-22,11.645867347717285,11.837721668287266,11.550417755127073,11.645867347717285,31687487
2001-10-23,11.741317749023438,11.837722483643347,11.645868149858867,11.837722483643347,36578314
2001-10-24,12.02957820892334,12.412333815354865,11.7413191071752,11.7413191071752,71063246
2001-10-25,12.125028610229492,12.364608274395506,12.029577986764892,12.029577986764892,36765187
2001-10-26,12.220478057861328,12.604187740830724,12.172752750721072,12.364607084694901,56200876
2001-10-29,12.125028610229492,12.220479233694094,11.933174257795779,12.220479233694094,24664406
2001-10-30,11.645867347717285,11.933172275899146,11.598142043911345,11.837721668287266,26662708
2001-10-31,12.220478057861328,12.460057698975413,11.74131776061142,11.74131776061142,66057618
2001-11-01,12.699637413024902,12.885764995416938,12.556462505803605,12.604187813217951,57897587
2001-11-02,12.934443473815918,13.364923299342124,12.934443473815918,13.077619385549104,40292483
2001-11-05,13.12534236907959,13.174022803540879,12.69963521778465,12.982167486607292,20282271
2001-11-06,13.17402458190918,13.844084056151052,12.982169239076944,13.22174887249456,39956794
2001-11-07,13.700908660888672,13.940488285677398,13.50905332496645,13.748632949755176,45262859
2001-11-08,13.652228355407715,13.748633084498405,13.221748525869055,13.556778761717586,31553150
2001-11-09,13.700908660888672,13.891807846398027,13.364923292932401,13.364923292932401,35957754
2001-11-12,13.89180850982666,13.940488951430854,13.46132866394856,13.700909315200565,23054982
2001-11-13,13.74863338470459,14.035938322470619,13.556779057734566,13.556779057734566,22483173
2001-11-14,14.413922309875488,14.413922309875488,14.083664674216879,14.317517571517362,37103848
2001-11-15,14.701224327087402,14.701224327087402,14.222064107616323,14.413919425469318,34634924
2001-11-16,14.796674728393555,14.988529041825247,14.605774535294247,14.701225139354717,39752080
2001-11-19,15.083980560302734,15.18038529053981,14.701226030568492,14.79667562539365,23922060
2001-11-20,14.317517280578613,15.27583687679743,14.222066664630688,15.180386260849506,26375591
2001-11-21,14.701224327087402,14.701224327087402,14.131387155292725,14.131387155292725,23269347
2001-11-22,14.317517280578613,14.89308130757628,14.317517280578613,14.89308130757628,20008696
2001-11-23,14.413922309875488,14.796676871852638,14.222066953629836,14.222066953629836,23407336
2001-11-26,14.605774879455566,14.796675077053127,14.509370152791092,14.605774879455566,33946005
2001-11-27,14.179116249084473,14.796677870513312,13.940490703282068,14.701228261205456,51217582
2001-11-28,13.940486907958984,14.269789340697384,13.891806473490629,14.179112388795165,25698381
2001-11-29,14.222066879272461,14.222066879272461,13.748634334279592,13.844084951668073,21721514
2001-11-30,13.844086647033691,14.317519250003757,13.84408664703369,14.317519250003757,21161246
2001-12-03,14.796674728393555,14.796674728393555,14.13138793607558,14.269790195439466,51066352
2001-12-04,15.180384635925293,15.372238952714309,14.893079713405484,14.893079713405484,62648702
2001-12-05,15.467687606811523,15.941120034247286,15.180382720542376,15.467687606811525,77036792
2001-12-06,16.037527084350586,16.32483099744979,15.563139452560543,16.037527084350586,79494220
2001-12-07,15.750223159790039,15.94112337211524,15.275836512795069,15.94112337211524,61082297
2001-12-10,15.275836944580078,15.750223604984008,15.275836944580078,15.659545620933295,37301482
2001-12-11,15.180384635925293,15.275835241656084,14.796674987325611,14.796674987325611,47640331
2001-12-12,15.941123962402344,16.037528700074077,15.372240801097094,15.372240801097094,72647597
2001-12-13,15.845672607421875,16.89944278443557,15.75022300967984,16.228428163874565,135340534
2001-12-14,15.563140869140625,15.941123807375932,15.180386313610915,15.180386313610915,57181204
2001-12-17,14.796674728393555,15.563138876809571,14.796674728393555,15.372238683710263,44382384
2001-12-18,14.413922309875488,15.180386569322163,14.317517571517362,15.180386569322163,40744646
2001-12-19,14.131389617919922,14.796676489416873,14.131389617919922,14.605776273597616,47122190
2001-12-20,14.701224327087402,14.701224327087402,14.317514706402987,14.509369009234407,49751048
2001-12-21,14.413922309875488,14.988531213076511,14.317517571517362,14.701227268986889,42992276
2001-12-24,14.131389617919922,14.605776273597616,14.035939002499417,14.317517201465977,28229944
2001-12-25,14.89307975769043,14.89307975769043,14.083662922378283,14.13138822538559,37694123
2001-12-26,14.796674728393555,15.27583497433904,14.605774535294247,14.988529041825247,45581839
2001-12-27,15.467687606811523,15.750219861894157,15.2758333142297,15.750219861894157,151800274
2001-12-28,14.988532066345215,15.467692408979957,14.8930824580457,15.467692408979957,55170665
2001-12-31,15.275836944580078,15.467691282756686,14.988530975010248,15.08398159138171,50244970
2002-01-01,15.275836944580078,15.275836944580078,15.275836944580078,15.275836944580078,0
2002-01-02,15.563140869140625,15.750223589838342,15.180386313610915,15.372240651603034,53026747
2002-01-03,14.89307975769043,15.845671487002848,14.89307975769043,15.750221896009883,44495931
2002-01-04,15.563140869140625,15.750223589838342,15.180386313610915,15.275836929890591,107159067
2002-01-07,16.612133026123047,16.612133026123047,15.845668983129112,15.845668983129112,116986851
2002-01-08,17.75658416748047,17.75658416748047,16.899442007938095,16.994891601294402,170315770
2002-01-09,17.564727783203125,18.235742332928805,17.091295311126427,18.13933760992258,97088401
2002-01-10,18.043886184692383,18.331190069933555,17.277421067218967,17.75658229945121,128179175
2002-01-11,16.803993225097656,18.139340661930444,16.803993225097656,18.04389004318298,74453317
2002-01-14,16.994888305664062,17.09129301572289,16.420278556116134,16.61213284102179,42273156
2002-01-15,17.091297149658203,17.186747762613503,16.707587472016133,16.707587472016133,30525933
2002-01-16,16.70758628845215,17.372873095637875,16.70758628845215,17.09129593891226,35686677
2002-01-17,16.516687393188477,16.612136991885233,16.228428326196894,16.420282659041064,37598623
2002-01-18,16.516687393188477,16.994892552166377,16.324832045322577,16.70758760560372,62894885
2002-01-21,17.66017723083496,17.66017723083496,16.516684404140868,16.516684404140868,87671690
2002-01-22,17.372875213623047,18.043889869801614,17.277424595792755,17.852034513671004,68112208
2002-01-23,17.564727783203125,18.13933760992258,17.372872457509338,17.372872457509338,97654596
2002-01-24,17.186748504638672,17.852034372654757,17.091297887562362,17.756585785621983,46294146
2002-01-25,17.469276428222656,17.85203091276548,17.277421110790886,17.66017762537685,63406013
2002-01-28,17.852035522460938,18.139341512657037,17.564731562308502,17.75658692928055,51573337
2002-01-29,17.27742576599121,17.852035722787736,17.18674980445669,17.852035722787736,45640407
2002-01-30,16.803993225097656,17.18674880554492,16.707588485871,16.9948934475708,54631934
2002-01-31,16.899444580078125,17.18674955429451,16.803993957172306,17.18674955429451,27177119
2002-02-01,16.899444580078125,17.372876137415012,16.899444580078125,17.372876137415012,20491060
2002-02-04,17.372875213623047,17.372875213623047,16.994893284269104,17.18674864039971,38118721
2002-02-05,17.564727783203125,17.56472778320312,17.091295311126427,17.372872457509338,21578831
2002-02-06,17.564727783203125,17.948436404547458,17.56472778320312,17.75658310889691,52741732
2002-02-07,17.564727783203125,17.56472778320312,17.56472778320312,17.56472778320312,0
2002-02-08,17.564727783203125,17.56472778320312,17.56472778320312,17.56472778320312,0
2002-02-11,17.564727783203125,17.56472778320312,17.56472778320312,17.56472778320312,0
2002-02-12,17.564727783203125,17.56472778320312,17.56472778320312,17.56472778320312,0
2002-02-13,17.564727783203125,17.56472778320312,17.56472778320312,17.56472778320312,0
2002-02-14,17.564727783203125,17.56472778320312,17.56472778320312,17.56472778320312,0
2002-02-15,17.564727783203125,17.56472778320312,17.56472778320312,17.56472778320312,0
2002-02-18,17.27742576599121,18.04389109191269,17.27742576599121,17.948440467617537,51917261
2002-02-19,16.803993225097656,17.46928011978338,16.707588485871,17.37287538055672,41572033
2002-02-20,16.228429794311523,16.707589117065783,16.132979171958038,16.707589117065783,41372298
2002-02-21,16.037527084350586,16.42028160504141,15.845671748799667,16.32483099744979,44602714
2002-02-22,15.6595458984375,16.037528843734552,15.6595458984375,15.750223884095124,41375453
2002-02-25,15.275836944580078,15.845673206333709,15.180386328208616,15.659545620933295,36164035
2002-02-26,14.796674728393555,15.659543601202426,14.796674728393555,15.467689287770732,65647074
2002-02-27,15.275836944580078,15.372240666385224,14.79667663683364,14.79667663683364,82966995
2002-02-28,15.275836944580078,15.275836944580078,15.275836944580078,15.275836944580078,0
2002-03-01,14.796674728393555,15.18038437027857,14.701225139354717,15.18038437027857,60356264
2002-03-04,15.563140869140625,15.750223589838342,15.083981576876713,15.275836929890591,84949151
2002-03-05,16.037527084350586,16.13297667692054,15.845671748799667,15.941122356391284,99120233
2002-03-06,16.324831008911133,16.324831008911133,15.941122367583235,16.228427295905817,47348224
2002-03-07,15.941123962402344,16.51668799699778,15.845673345194419,16.51668799699778,43657555
2002-03-08,15.275836944580078,15.845673206333709,15.08398159138171,15.750223604984008,67518610
2002-03-11,15.941123962402344,16.037528700074077,15.372240801097094,15.372240801097094,57030359
2002-03-12,15.941123962402344,16.132978302260234,15.750223743008263,16.132978302260234,48139182
2002-03-13,15.6595458984375,16.132978446775724,15.6595458984375,15.750223884095124,25205122
2002-03-14,15.6595458984375,15.6595458984375,15.372240938798074,15.563141159902196,25495579
2002-03-15,15.372239112854004,15.845671604957007,15.275835400791497,15.6595440383668,41145349
2002-03-18,15.275836944580078,15.563140884106387,15.180386328208616,15.467691282756686,27610438
2002-03-19,14.988532066345215,15.372241785658607,14.988532066345215,15.275838056834177,43718961
2002-03-20,15.372239112854004,15.372239112854004,14.893079868553556,15.275835400791497,35763979
2002-03-21,15.180384635925293,15.372238952714309,15.08397990984542,15.08397990984542,23084559
2002-03-22,15.467687606811523,15.750219861894157,15.3722370131242,15.467687606811525,35458107
2002-03-25,15.563140869140625,15.750223589838342,15.275836929890591,15.467691267882708,31112238
2002-03-26,15.6595458984375,15.845673487136297,15.563141159902196,15.563141159902196,30169197
2002-03-27,15.275836944580078,15.659545620933295,15.08398159138171,15.659545620933295,38018817
2002-03-28,15.563140869140625,15.659545605874827,15.275836929890591,15.372240651603034,42016329
2002-03-29,15.372239112854004,15.6595440383668,15.275835400791497,15.6595440383668,21242606
2002-04-01,15.275836944580078,15.563140884106387,15.275836944580078,15.275836944580078,8816060
2002-04-02,15.372239112854004,15.750222013253522,15.372239112854004,15.372239112854004,22470328
2002-04-03,15.467687606811523,15.467687606811525,15.2758333142297,15.2758333142297,24169882
2002-04-04,14.988532066345215,15.467692408979957,14.8930824580457,15.467692408979957,30115317
2002-04-05,14.988532066345215,14.988532066345215,14.988532066345215,14.988532066345215,0
2002-04-08,14.222066879272461,14.988531134711822,14.035939291888873,14.893081532345114,56335157
2002-04-09,13.844086647033691,14.222068620926263,13.748636017956196,13.84408664703369,42361000
2002-04-10,14.413922309875488,14.413922309875488,13.940489762407367,13.940489762407367,50732113
2002-04-11,14.605774879455566,14.701225485765173,14.413920561503138,14.605774879455566,33628542
2002-04-12,14.796674728393555,14.796674728393555,14.413920221862554,14.605774535294247,15241050
2002-04-15,14.988532066345215,15.083982689666565,14.8930824580457,15.083982689666565,23616706
2002-04-16,14.89307975769043,15.180384681064545,14.796675031323893,15.180384681064545,13306502
2002-04-17,15.180384635925293,15.372238952714309,15.08397990984542,15.180384635925291,40804057
2002-04-18,15.372239112854004,15.467689719579148,15.180384794066352,15.372239112854004,16441196
2002-04-19,14.988532066345215,15.372241785658607,14.988532066345215,15.372241785658607,19036223
2002-04-22,15.180384635925293,15.372238952714309,15.08397990984542,15.372238952714309,24766607
2002-04-23,14.988532066345215,15.275838056834177,14.988532066345215,15.180387433512829,21043668
2002-04-24,15.180384635925293,15.180384635925291,14.988529304114627,14.988529304114627,13749020
2002-04-25,14.605774879455566,15.180384727979636,14.509370152791092,15.083980001315162,24629237
2002-04-26,14.605774879455566,14.701225485765173,14.413920561503138,14.605774879455566,21875325
2002-04-29,14.988532066345215,14.988532066345215,14.413923130432794,14.509372738732308,17468792
2002-04-30,14.509370803833008,14.98853006754756,14.509370803833008,14.98853006754756,22355889
2002-05-01,14.509370803833008,14.509370803833008,14.509370803833008,14.509370803833008,0
2002-05-02,14.413922309875488,14.893081610210762,14.317517571517362,14.605776651099363,46667056
2002-05-03,14.605774879455566,14.701225485765173,14.317515834838664,14.413920561503138,20233141
2002-05-06,14.179116249084473,14.50937289201106,13.940490703282068,14.413923282703205,28372811
2002-05-07,14.413922309875488,14.509371912741237,14.035939365273116,14.035939365273116,22575450
2002-05-08,14.131389617919922,14.509371537731173,14.131389617919922,14.509371537731173,20865955
2002-05-09,14.509370803833008,14.605775534823206,14.222065866679474,14.509370803833008,41923071
2002-05-10,15.083980560302734,15.18038529053981,14.413921095659408,14.509370690484566,39861713
2002-05-13,15.467687606811523,15.56313718547733,14.98852741293903,15.083978006626355,37970128
2002-05-14,15.750223159790039,15.75022315979004,15.275836512795069,15.563140444200478,44067898
2002-05-15,15.941123962402344,16.132978302260234,15.845673345194419,16.037528700074077,49936533
2002-05-16,15.750223159790039,16.03752810621718,15.563140444200478,15.94112337211524,28590465
2002-05-17,15.750223159790039,16.03752810621718,15.75022315979004,15.94112337211524,31732848
2002-05-20,15.467687606811523,15.750219861894157,15.3722370131242,15.65954189939335,18046990
2002-05-21,15.467687606811523,15.65954189939335,15.180382720542376,15.2758333142297,23392941
2002-05-22,15.6595458984375,15.750223884095124,15.275837215284549,15.467691556861023,16677974
2002-05-23,15.941123962402344,16.132978302260234,15.65954575816291,15.750223743008263,49161638
2002-05-24,16.324831008911133,16.324831008911133,16.03752709561022,16.132976688247183,58997422
2002-05-27,16.228429794311523,16.42028414451191,16.03752956462638,16.03752956462638,26171774
2002-05-28,15.750223159790039,16.324832037622592,15.75022315979004,16.22842831854238,24420944
2002-05-29,15.372239112854004,15.6595440383668,15.275835400791497,15.6595440383668,36152790
2002-05-30,15.467687606811523,15.65954189939335,15.083978006626355,15.56313718547733,37175234
2002-05-31,14.796674728393555,15.372238683710263,14.796674728393555,15.372238683710263,40060060
2002-06-03,14.701224327087402,14.79667391085249,14.605773728300738,14.79667391085249,26345897
2002-06-04,14.89307975769043,14.89307975769043,14.41392051695681,14.41392051695681,20349799
2002-06-05,15.180384635925293,15.180384635925291,14.893079713405484,14.988529304114627,20269921
2002-06-06,14.796674728393555,15.18038437027857,14.701225139354717,15.083979645885716,23748027
2002-06-07,14.796674728393555,14.89307945278641,14.413920221862554,14.701225139354717,27010412
2002-06-10,14.89307975769043,15.180384681064545,14.89307975769043,14.89307975769043,38453340
2002-06-11,14.605774879455566,15.083980001315162,14.509370152791092,15.083980001315162,16039356
2002-06-12,14.509370803833008,14.605775534823206,14.317516477271992,14.509370803833008,21163532
2002-06-13,14.605774879455566,14.701225485765173,14.413920561503138,14.509370152791092,29019296
2002-06-14,14.796674728393555,14.796674728393555,14.509369810901394,14.605774535294247,13063418
2002-06-17,14.701224327087402,15.180383531536906,14.701224327087402,14.893078629918822,63854613
2002-06-18,14.89307975769043,15.08397995469801,14.796675031323893,15.08397995469801,18256890
2002-06-19,14.796674728393555,14.89307945278641,14.605774535294247,14.89307945278641,14808356
2002-06-20,14.89307975769043,14.89307975769043,14.41392051695681,14.605774834316312,23532541
2002-06-21,14.796674728393555,15.083979645885716,14.509369810901394,14.509369810901394,22171876
2002-06-24,14.605774879455566,14.796675077053127,14.413920561503138,14.605774879455566,26417283
2002-06-25,14.701224327087402,14.79667391085249,14.509369009234407,14.605773728300738,21917358
2002-06-26,14.413922309875488,14.605776651099363,14.035939365273116,14.413922309875488,39026320
2002-06-27,13.412647247314453,14.509368915896847,13.412647247314453,14.413919332745776,49164927
2002-06-28,13.029891967773438,13.317196849978098,12.79031238173727,13.269471553809604,66408756
2002-07-01,12.507780075073242,12.982166613918638,12.412329483160388,12.885761901794826,19300175
2002-07-02,12.651912689208984,12.699637998824771,12.125028072510846,12.172753382126633,29073287
2002-07-03,12.651912689208984,12.699637998824771,12.220478691742418,12.220478691742418,31100619
2002-07-04,12.790314674377441,12.982168998634647,12.556461797757779,12.699636696905593,19273034
2002-07-05,13.46133041381836,13.652230648281737,12.885766333789002,13.12534600116281,47882406
2002-07-08,14.179116249084473,14.222067913508807,13.74863533408767,13.988215000425072,39822792
2002-07-09,14.035941123962402,14.035941123962404,13.700911828950185,13.940491509136914,24237310
2002-07-10,14.269791603088379,14.605775976086463,14.035938716595517,14.131389330071748,48012439
2002-07-11,13.940486907958984,14.317514639868934,13.940486907958983,14.035936491280514,20289468
2002-07-12,14.89307975769043,14.89307975769043,14.179113528392898,14.179113528392898,67031585
2002-07-15,14.701224327087402,15.180383531536906,14.605773728300738,14.893078629918822,50241681
2002-07-16,14.413922309875488,14.893081610210762,14.317517571517362,14.701227268986889,19024576
2002-07-17,13.652228355407715,14.269790890811114,13.412648728270993,14.13138862470284,55273485
2002-07-18,14.509370803833008,14.605775534823206,13.652228624404199,13.700909065119838,54100345
2002-07-19,14.605774879455566,14.605774879455566,13.844083344796715,14.317515834838664,39986104
2002-07-22,14.222066879272461,14.413922234515033,14.083664600583113,14.131389909277353,38319087
2002-07-23,14.508764266967773,14.62171603336172,14.175445658454548,14.395812500573827,54594378
2002-07-24,14.288397789001465,14.508764636736995,14.122291944781212,14.288397789001465,24512619
2002-07-25,14.455611228942871,14.895238016135878,14.455611228942873,14.729132164249531,31954364
2002-07-26,14.395814895629883,14.395814895629883,13.843237305589254,14.175448016847794,26819332
2002-07-29,14.729132652282715,14.842084430510806,14.342659929685155,14.508765787075232,27263853
2002-07-30,15.394659042358398,15.507610798985011,15.174292219295008,15.174292219295008,52661060
2002-07-31,15.281706809997559,15.448919558858929,15.174291746904718,15.394658563107877,16642801
2002-08-01,14.787821769714355,15.174293425126404,14.508764165289177,15.174293425126404,49846170
2002-08-02,14.395814895629883,14.508766680815809,14.122293934411514,14.342660813193604,49517571
2002-08-05,13.40250301361084,13.843236753601108,13.40250301361084,13.843236753601108,51691437
2002-08-06,13.45676040649414,13.568605228441694,12.790123284279085,12.790123284279085,44088739
2002-08-07,13.84323501586914,14.068031620335232,13.843235015869139,13.956186782372443,27698209
2002-08-08,13.956188201904297,14.235244812953418,13.843236423912279,13.843236423912279,34281653
2002-08-09,14.342660903930664,14.621718558504217,14.342660903930664,14.342660903930664,40431158
2002-08-12,13.956188201904297,14.342659899708304,13.9019271942003,14.175447114012291,22651523
2002-08-13,13.90192699432373,14.122292831916495,13.843236224879542,14.068032848978431,16166262
2002-08-14,14.122291564941406,14.175445638459374,13.78897398088404,13.843234982939888,20792614
2002-08-15,14.621715545654297,14.84208238042324,14.395812020401419,14.455609711207867,59531090
2002-08-16,14.729132652282715,14.955036208738896,14.508765787075232,14.89523850967279,23321432
2002-08-19,14.395814895629883,14.842085344783824,14.395814895629883,14.729133559597898,18780645
2002-08-20,14.895237922668457,14.955035619378005,14.563026220980388,14.62171698907814,28092199
2002-08-21,14.729132652282715,14.89523850967279,14.621717565303324,14.729132652282713,17432992
2002-08-22,15.062450408935547,15.281709308593214,14.895237632734494,14.895237632734494,31904410
2002-08-23,15.062450408935547,15.394661080171414,15.062450408935547,15.281709308593214,27246114
2002-08-26,14.842082977294922,14.955034744463696,14.729131210126146,14.955034744463696,13523295
2002-08-27,14.729132652282715,15.062451295718287,14.67487164446531,14.89523850967279,9489667
2002-08-28,14.288397789001465,14.621716406009622,14.175446019728838,14.563025640252274,25093527
2002-08-29,14.621715545654297,14.621715545654297,14.175445185632476,14.235242876438926,14803158
2002-08-30,14.395814895629883,14.95503712996975,14.395814895629883,14.95503712996975,23835684
2002-09-02,14.729132652282715,14.729132652282713,14.395814008847141,14.621717565303324,23452229
2002-09-03,14.621715545654297,14.895236452243228,14.621715545654297,14.7291306177968,14359233
2002-09-04,14.455611228942871,14.787822932715565,14.34265945445731,14.395813531858096,24254104
2002-09-05,14.068031311035156,14.621715726044709,14.068031311035158,14.563024963016703,24956922
2002-09-06,14.068031311035156,14.068031311035158,14.068031311035158,14.068031311035158,0
2002-09-09,13.622871398925781,14.068034951122677,13.289552711172377,14.068034951122677,45927476
2002-09-10,13.84323501586914,13.843235015869139,13.622868173536506,13.622868173536506,41189439
2002-09-11,13.676021575927734,13.956186097368091,13.62286750489226,13.956186097368091,22737746
2002-09-12,13.676021575927734,13.956186097368091,13.62286750489226,13.73581926585161,24415773
2002-09-13,13.40250301361084,13.676023963922775,13.40250301361084,13.676023963922775,22832386
2002-09-16,13.289549827575684,13.622868443004856,13.289549827575684,13.622868443004856,39066750
2002-09-17,13.622871398925781,13.788977278401186,13.016031730435742,13.402504504418463,40485797
2002-09-18,13.236398696899414,13.4567655926047,13.123446903039293,13.402504577277812,30800460
2002-09-19,13.236398696899414,13.4567655926047,13.236398696899414,13.236398696899414,31136772
2002-09-20,12.957338333129883,13.123443141917416,12.849923262069412,12.957338333129885,25493790
2002-09-23,12.957338333129883,13.34934666489469,12.957338333129885,13.070290094618521,24569904
2002-09-24,12.849923133850098,13.182133772095948,12.73697137348852,12.957338203838761,35120082
2002-09-25,12.624021530151367,12.90307814001927,12.457915673811566,12.849925085179173,33621304
2002-09-26,12.903077125549316,13.123443972037675,12.849924074888236,12.957339152743222,26602491
2002-09-27,13.016027450561523,13.289548341360193,12.957337715631397,13.070289471737171,29554994
2002-09-30,12.903077125549316,12.903077125549315,12.570866462974692,12.849924074888236,16079234
2002-10-01,12.849923133850098,12.957338203838761,12.73697137348852,12.73697137348852,19839774
2002-10-02,13.123443603515625,13.182134367292702,13.016028528676983,13.123443603515625,26716349
2002-10-03,13.07028865814209,13.289547514116759,13.016026640344126,13.123441699599258,35034925
2002-10-04,13.07028865814209,13.123441699599258,12.849921849812166,12.849921849812166,20067814
2002-10-07,12.403653144836426,12.957338582060432,12.296238071712343,12.957338582060432,35320124
2002-10-08,12.296236991882324,12.570864805366137,11.904227663026205,12.40365205557344,36387015
2002-10-09,12.457917213439941,12.736974881781359,12.296241099684456,12.403656199259705,34544676
2002-10-10,12.457917213439941,12.457917213439941,12.457917213439941,12.457917213439941,0
2002-10-11,11.630708694458008,12.736971604150149,11.630708694458006,12.68271060393301,41414269
2002-10-14,12.350497245788574,12.350497245788574,11.131283764497828,11.630707103048902,65818403
2002-10-15,13.182135581970215,13.182135581970215,12.516606261637035,12.516606261637035,55767568
2002-10-16,13.622871398925781,13.843238293433098,13.289552711172377,13.843238293433098,81241608
2002-10-17,13.622871398925781,13.843238293433098,13.289552711172377,13.402504504418463,48332823
2002-10-18,14.175446510314941,14.563026144251795,13.843235834362963,14.17544651031494,66803109
2002-10-21,14.235240936279297,14.288395000854777,13.956184401225466,14.175443253622838,29517257
2002-10-22,14.009339332580566,14.563024764009553,13.901925284566381,14.395812001282673,43678222
2002-10-23,14.842082977294922,14.955034744463696,13.901925862092643,14.009339914569118,71300166
2002-10-24,14.674872398376465,15.062452069541072,14.395814748421907,14.842085193012398,41234667
2002-10-25,14.729132652282715,14.842084430510806,14.395814008847141,14.508765787075232,29216438
2002-10-28,14.508764266967773,15.062449717600277,14.455610193374829,14.842082875481,40099980
2002-10-29,14.455611228942871,14.62171708082922,14.395813531858096,14.563026312363185,40892838
2002-10-30,14.235240936279297,14.39581005835739,14.068029220105748,14.39581005835739,26174986
2002-10-31,13.90192699432373,14.50876554814975,13.901926994323729,14.288398686571195,54006513
2002-11-01,13.90192699432373,14.175446910203156,13.509917586932948,13.95618800124758,47117082
2002-11-04,14.122291564941406,14.175445638459374,13.956186749174512,14.122291564941404,18458077
2002-11-05,14.122291564941406,14.288397404693995,13.90192574711866,14.288397404693995,23900780
2002-11-06,14.674872398376465,14.72913340898149,14.009342005969586,14.009342005969586,38063165
2002-11-07,14.842082977294922,14.955034744463696,14.508764366495193,14.787821974790313,44842308
2002-11-08,14.787821769714355,14.84208277146648,14.621715930891549,14.729131005864108,21599550
2002-11-11,14.288397789001465,14.787822250229873,14.235243714053839,14.787822250229873,13111910
2002-11-12,14.175446510314941,14.288398283496619,14.009340660346071,14.068032452120356,15260416
2002-11-13,14.068031311035156,14.288397124537124,13.956186475531393,14.288397124537124,19513987
2002-11-14,14.175446510314941,14.563026144251795,14.17544651031494,14.17544651031494,16152402
2002-11-15,14.455611228942871,14.62171708082922,14.395813531858096,14.62171708082922,18800750
2002-11-18,14.455611228942871,14.508765306343657,14.288398448437784,14.395813531858096,10087820
2002-11-19,14.455611228942871,14.563026312363185,14.395813531858096,14.508765306343657,13867621
2002-11-20,14.068031311035156,14.455609889549004,14.009339524021476,14.455609889549004,18705699
2002-11-21,13.90192699432373,14.288398686571195,13.901926994323729,14.175446910203156,19672612
2002-11-22,14.508764266967773,14.62171603336172,14.175445658454548,14.23524335125555,46862678
2002-11-25,14.674872398376465,14.674872398376465,14.395814748421907,14.674872398376465,27166702
2002-11-26,14.395814895629883,14.674872548438014,14.395814895629883,14.674872548438014,12093980
2002-11-27,14.235240936279297,14.45560774101385,14.235240936279299,14.288395000854777,12812676
2002-11-28,14.395814895629883,14.621718466001735,14.28839980203372,14.621718466001735,27079825
2002-11-29,14.455611228942871,14.62171708082922,14.34265945445731,14.395813531858096,15473058
2002-12-02,14.563023567199707,14.6217143246024,14.395810818214608,14.455608504027383,12615233
2002-12-03,14.842082977294922,15.174293635561908,14.563025368999801,14.563025368999801,69309680
2002-12-04,14.563023567199707,14.842081140968622,14.455608504027383,14.842081140968622,32288917
2002-12-05,14.621715545654297,14.674869617474288,14.395812020401419,14.56302478335037,15900427
2002-12-06,14.395814895629883,14.563027691975693,14.342660813193604,14.563027691975693,22087539
2002-12-09,14.455611228942871,14.729132164249531,14.395813531858096,14.62171708082922,32772810
2002-12-10,14.235240936279297,14.39581005835739,13.956184401225466,14.39581005835739,36350077
2002-12-11,14.235240936279297,14.39581005835739,14.12228918904736,14.235240936279299,30508900
2002-12-12,13.956188201904297,14.28839889200431,13.9019271942003,14.235244812953418,34914276
2002-12-13,13.90192699432373,14.068032848978431,13.78897521795569,13.95618800124758,25753163
2002-12-16,13.735818862915039,13.843233930321176,13.622867105269098,13.735818862915039,13089788
2002-12-17,14.068031311035156,14.17544536051718,13.84323471151145,13.901925474539453,29124537
2002-12-18,13.84323501586914,14.122291598534455,13.843235015869139,14.068031620335232,10249741
2002-12-19,13.622871398925781,13.843238293433098,13.622871398925781,13.843238293433098,30840602
2002-12-20,13.788975715637207,13.843236724519487,13.28955120501033,13.622869854987297,31725316
2002-12-23,13.788975715637207,13.956188504964263,13.735821635432071,13.956188504964263,11752175
2002-12-24,13.735818862915039,13.956185687967116,13.735818862915039,13.788972932391252,9468655
2002-12-25,13.568605422973633,13.735818170115719,13.568605422973635,13.622866418166774,5759723
2002-12-26,13.84323501586914,13.843235015869139,13.402501331203874,13.568607171351585,9887880
2002-12-27,13.622871398925781,13.843238293433098,13.622871398925781,13.843238293433098,11480478
2002-12-30,13.289549827575684,13.509916674267302,13.289549827575684,13.402501596313238,11659514
2002-12-31,13.289549827575684,13.456762599571475,13.236395752879856,13.289549827575684,11110831
2003-01-01,13.289549827575684,13.289549827575684,13.289549827575684,13.289549827575684,0
2003-01-02,13.40250301361084,13.568608874609705,13.236397152611975,13.349348933294037,13264383
2003-01-03,13.568605422973633,13.788972236910977,13.50991466621783,13.735818170115719,17293672
2003-01-06,13.568605422973633,13.735818170115719,13.568605422973635,13.735818170115719,13107823
2003-01-07,13.676021575927734,13.788973336887084,13.509915743932911,13.73581926585161,34475349
2003-01-08,14.009339332580566,14.068031118792211,13.676021759613521,13.676021759613521,33631121
2003-01-09,13.735818862915039,13.956185687967116,13.735818862915039,13.956185687967116,16074100
2003-01-10,13.84323501586914,13.956186782372443,13.73581994003981,13.956186782372443,15817074
2003-01-13,14.235240936279297,14.39581005835739,13.956184401225466,13.956184401225466,44317870
2003-01-14,14.621715545654297,14.621715545654297,14.288396948258915,14.395812020401419,41818280
2003-01-15,14.508764266967773,14.78782187334861,14.395812500573827,14.729131109087053,20553370
2003-01-16,14.235240936279297,14.621713552821268,14.175443253622838,14.45560774101385,21868294
2003-01-17,13.788975715637207,14.12229334162835,13.735821635432071,14.009341561183573,27377944
2003-01-20,13.735818862915039,13.956185687967116,13.622867105269098,13.622867105269098,20336869
2003-01-21,13.735818862915039,13.901924690037191,13.67602117474531,13.843233930321176,16363405
2003-01-22,12.790122985839844,13.509914157292792,12.790122985839844,13.402499099350772,60848710
2003-01-23,13.016027450561523,13.40250009746597,12.457913312621173,12.457913312621173,94704938
2003-01-24,13.07028865814209,13.676020136964183,13.07028865814209,13.289547514116759,308905011
2003-01-27,13.236398696899414,13.28955278341769,13.016031801194128,13.182137681572526,45147995
2003-01-28,13.182135581970215,13.289550666706699,13.070291758718728,13.123444812785035,53966851
2003-01-29,13.182135581970215,13.182135581970215,13.182135581970215,13.182135581970215,0
2003-01-30,13.182135581970215,13.182135581970215,13.182135581970215,13.182135581970215,0
2003-01-31,13.182135581970215,13.182135581970215,13.182135581970215,13.182135581970215,0
2003-02-03,13.182135581970215,13.182135581970215,13.182135581970215,13.182135581970215,0
2003-02-04,13.182135581970215,13.182135581970215,13.182135581970215,13.182135581970215,0
2003-02-05,13.182135581970215,13.182135581970215,13.182135581970215,13.182135581970215,0
2003-02-06,12.296236991882324,13.182132999251785,12.296236991882326,13.07028919791337,58784159
2003-02-07,12.183286666870117,12.403653510142952,12.017180826013709,12.183286666870117,53743795
2003-02-10,12.350497245788574,12.570864049977173,12.183284506043767,12.183284506043767,40276795
2003-02-11,12.516602516174316,12.624017568767966,12.403650774104372,12.457911764551731,23287239
2003-02-12,12.130132675170898,12.457914596951815,12.071442934190237,12.403653594167812,39065805
2003-02-13,11.738127708435059,12.183290264604198,11.572021818527466,12.071446417122356,54455112
2003-02-14,11.683863639831543,11.796815420583775,11.464604722365499,11.73812567284735,51955324
2003-02-17,12.457917213439941,12.457917213439941,11.851078578460747,11.851078578460747,91682069
2003-02-18,12.237549781799316,12.516607437813398,12.183288770016055,12.516607437813398,37083662
2003-02-19,12.237549781799316,12.516607437813398,12.237549781799316,12.516607437813398,68504877
2003-02-20,12.849923133850098,13.016027940980202,12.350498712022533,12.403652782776701,103983408
2003-02-21,12.903077125549316,13.123443972037675,12.849924074888236,13.070290921376595,53820521
2003-02-24,13.07028865814209,13.182132454861627,12.68270910692495,12.957336909067298,42463411
2003-02-25,12.516602516174316,12.903074091068671,12.516602516174316,12.849921052907858,55660770
2003-02-26,12.516602516174316,12.736969310837912,12.516602516174316,12.516602516174316,25536643
2003-02-27,12.403653144836426,12.682710744459376,12.350499072530702,12.350499072530702,30270481
2003-02-28,12.403653144836426,12.403653144836426,12.403653144836426,12.403653144836426,0
2003-03-03,12.403653144836426,12.624019981619123,12.350499072530702,12.457914145654785,44193230
2003-03-04,12.457917213439941,12.570869004913142,12.403656199259705,12.403656199259705,31378619
2003-03-05,12.296236991882324,12.457913051626711,12.237546234196172,12.40365205557344,42414097
2003-03-06,12.350497245788574,12.457912303025068,12.29623625299587,12.29623625299587,28414810
2003-03-07,12.457917213439941,12.570869004913142,12.23755032239149,12.296241099684456,35440080
2003-03-10,12.237549781799316,12.516607437813398,12.237549781799316,12.457916663113089,24717698
2003-03-11,12.130132675170898,12.403653594167812,12.071442934190237,12.130132675170898,44503484
2003-03-12,12.624021530151367,12.624021530151365,12.183287802523138,12.237548809997453,51249713
2003-03-13,12.682711601257324,12.903077428941463,12.516605754071481,12.624020834452136,42354867
2003-03-14,12.903077125549316,13.182134737462858,12.790125356915942,13.070290921376595,47245275
2003-03-17,12.403653144836426,12.790124793597785,12.403653144836426,12.736971745277737,27802738
2003-03-18,13.182135581970215,13.182135581970215,12.7901261763094,12.903077952178975,60847973
2003-03-19,13.182135581970215,13.182135581970215,12.903077952178975,13.182135581970215,29361318
2003-03-20,13.182135581970215,13.402502442576274,13.01602972804855,13.289550666706699,39005320
2003-03-21,13.182135581970215,13.289550666706699,13.01602972804855,13.182135581970215,20718918
2003-03-24,13.07028865814209,13.23639344867405,13.07028865814209,13.182132454861627,29441404
2003-03-25,12.682711601257324,12.903077428941463,12.624020834452136,12.73697260574136,23835708
2003-03-26,12.624021530151367,12.849925085179173,12.570867451325471,12.73697330766527,18487442
2003-03-27,12.849923133850098,12.8499231338501,12.570865542372774,12.624019613126942,26967591
2003-03-28,12.736970901489258,12.903075702463948,12.73697090148926,12.73697090148926,27581840
2003-03-31,12.237549781799316,12.6240225326436,12.237549781799316,12.6240225326436,32855387
2003-04-01,12.296236991882324,12.516603809312866,12.183285238142899,12.183285238142899,18877243
2003-04-02,12.457917213439941,12.682713867601125,12.296241099684456,12.457917213439941,35194592
2003-04-03,12.570866584777832,12.682711425933514,12.403653811316092,12.624020659939656,43896556
2003-04-04,12.849923133850098,12.8499231338501,12.51660454313828,12.570865542372774,22252282
2003-04-07,13.07028865814209,13.23639344867405,12.849921849812166,12.903074891269334,39469903
2003-04-08,13.07028865814209,13.182132454861627,13.016026640344126,13.182132454861627,37257849
2003-04-09,13.07028865814209,13.123441699599258,12.849921849812166,13.07028865814209,26662186
2003-04-10,12.957338333129883,13.070290094618521,12.90307630936831,13.070290094618521,32367150
2003-04-11,13.07028865814209,13.182132454861627,12.957336909067298,12.957336909067298,32604988
2003-04-14,12.849923133850098,13.123443010968863,12.8499231338501,13.07028996420034,35724702
2003-04-15,12.570866584777832,12.849924199395254,12.457914815050033,12.849924199395254,44498762
2003-04-16,12.849923133850098,13.07028996420034,12.682710374254027,12.73697137348852,64214736
2003-04-17,12.849923133850098,13.016027940980202,12.73697137348852,12.8499231338501,26555208
2003-04-18,13.123443603515625,13.236395368977178,12.957338788885595,13.016028528676983,47425614
2003-04-21,12.957338333129883,13.123443141917416,12.90307630936831,13.123443141917416,22500689
2003-04-22,12.682711601257324,13.123444280611345,12.682711601257326,12.957339457411242,46206702
2003-04-23,12.682711601257324,12.903077428941463,12.624020834452136,12.73697260574136,47696434
2003-04-24,12.183286666870117,12.682711117984576,12.071442852415842,12.682711117984576,75239901
2003-04-25,11.464603424072266,11.738124343579617,11.351651656111104,11.738124343579617,197463092
2003-04-28,11.410343170166016,11.517758254432508,10.79796793056436,10.79796793056436,59901179
2003-04-29,11.851078033447266,11.851078033447266,11.63071115253316,11.63071115253316,81736526
2003-04-30,12.071442604064941,12.403653254957343,12.017180578779165,12.183286416218207,111187975
2003-05-01,12.071442604064941,12.071442604064941,12.071442604064941,12.071442604064941,0
2003-05-02,12.071442604064941,12.130132343440577,11.964027529987217,12.071442604064941,73325801
2003-05-05,12.017179489135742,12.183285311513336,11.904227734716095,12.071441509501375,27692473
2003-05-06,12.071442604064941,12.237547417518302,12.017180578779165,12.071442604064941,42249736
2003-05-07,12.183286666870117,12.237547669286545,12.071442852415842,12.183286666870117,19298053
2003-05-08,11.851078033447266,12.183288747919894,11.851078033447266,12.183288747919894,30170222
2003-05-09,11.964025497436523,12.071440553265662,11.851073751964316,11.851073751964316,20846059
2003-05-12,12.183286666870117,12.237547669286545,12.017180826013709,12.071442852415842,38887744
2003-05-13,12.516602516174316,12.570863506621675,12.350496711958082,12.350496711958082,51462399
2003-05-14,12.624021530151367,12.624021530151365,12.457915673811566,12.516606443851156,39858511
2003-05-15,12.457917213439941,12.624023090308157,12.403656199259705,12.624023090308157,18325244
2003-05-16,12.457917213439941,12.682713867601125,12.457917213439941,12.624023090308157,51382192
2003-05-19,12.403653144836426,12.457914145654785,12.350499072530702,12.403653144836426,15495708
2003-05-20,12.403653144836426,12.5708659093134,12.183286308053729,12.296238071712343,31188012
2003-05-21,12.350497245788574,12.457912303025068,12.29623625299587,12.403651310232364,23783572
2003-05-22,12.457917213439941,12.516607990732908,12.23755032239149,12.350502113864692,29729870
2003-05-23,12.624021530151367,12.682712300190955,12.516606443851156,12.516606443851156,26759240
2003-05-26,12.790122985839844,12.84992169272645,12.736969945032453,12.736969945032453,39033555
2003-05-27,12.790122985839844,12.790122985839844,12.624018197338456,12.624018197338456,35814474
2003-05-28,12.790122985839844,13.016026481227838,12.736969945032453,12.90307473353384,46180614
2003-05-29,13.07028865814209,13.07028865814209,12.736970100737373,12.849921849812166,61980628
2003-05-30,12.849923133850098,13.182133772095948,12.73697137348852,12.903076180618623,67637965
2003-06-02,13.349346160888672,13.568606056668227,12.957337843924183,13.070289601148314,136968603
2003-06-03,13.236398696899414,13.4567655926047,13.182137681572526,13.28955278341769,78092524
2003-06-04,13.236398696899414,13.236398696899414,13.236398696899414,13.236398696899414,0
2003-06-05,13.016027450561523,13.456761094656015,12.957337715631397,13.289548341360193,92729238
2003-06-06,12.570866584777832,12.95733927829102,12.51660558104389,12.90307725057135,131213306
2003-06-09,13.40250301361084,13.40250301361084,12.62402188423968,12.682712655925473,249881996
2003-06-10,13.676021575927734,13.843234336408742,13.402500673375782,13.402500673375782,178977312
2003-06-11,13.84323501586914,13.843235015869139,13.402501331203874,13.843235015869139,100780825
2003-06-12,14.122291564941406,14.395812480267814,13.676022214649416,13.956186749174512,126331140
2003-06-13,14.068031311035156,14.122291288041419,13.901925474539453,13.956186475531393,95837603
2003-06-16,13.956188201904297,14.175447114012291,13.9019271942003,14.068033051243209,46389446
2003-06-17,14.235240936279297,14.34265599378191,14.068029220105748,14.175443253622838,80856413
2003-06-18,14.175446510314941,14.62171691204032,14.17544651031494,14.288398283496619,102248750
2003-06-19,14.235240936279297,14.39581005835739,14.175443253622838,14.39581005835739,50972891
2003-06-20,13.84323501586914,14.122291598534455,13.788974013684218,14.122291598534455,103416491
2003-06-23,13.788975715637207,14.068033356731895,13.735821635432071,13.843236724519487,44434467
2003-06-24,13.84323501586914,13.956186782372443,13.676022247180914,13.73581994003981,37468775
2003-06-25,14.122291564941406,14.175445638459374,13.78897398088404,13.956186749174512,57340140
2003-06-26,14.175446510314941,14.342659288889772,14.12229243352775,14.17544651031494,68564494
2003-06-27,14.288397789001465,14.395812867464368,14.009340175508587,14.395812867464368,63873047
2003-06-30,13.90192699432373,14.235244608284534,13.901926994323729,14.235244608284534,46157387
2003-07-01,14.122291564941406,14.122291564941404,13.956186749174512,13.956186749174512,36731865
2003-07-02,14.342660903930664,14.621718558504217,14.00934223785395,14.175448106527003,126214369
2003-07-03,14.342660903930664,14.621718558504217,14.235245809654952,14.508766772603716,112753424
2003-07-04,14.009339332580566,14.342657929533274,13.788973522089952,14.342657929533274,102138728
2003-07-07,14.395814895629883,14.508766680815809,14.068033947237499,14.122293934411514,134414443
2003-07-08,15.394659042358398,15.394659042358398,14.674868837967475,14.674868837967475,296856238
2003-07-09,15.894084930419922,16.28055659117452,15.67371808679866,15.727979089300883,250161556
2003-07-10,15.67371940612793,16.114452106483252,15.507613551026992,15.948347275368109,128868671
2003-07-11,16.167604446411133,16.393507975462697,15.507611883494375,15.615026957443119,122265131
2003-07-14,16.280561447143555,16.613880157346898,16.280561447143555,16.334822465830097,117067044
2003-07-15,16.227401733398438,16.55961339958993,16.114449971690462,16.280555804786207,123468874
2003-07-16,16.613874435424805,16.726826197377218,16.280555840018465,16.33481684001718,113409265
2003-07-17,16.613874435424805,16.83424126887873,16.447768601969592,16.50092267347239,130346942
2003-07-18,16.500925064086914,16.500925064086914,16.227404119503127,16.500925064086914,55818735
2003-07-21,16.280561447143555,16.726831958200602,16.280561447143555,16.613880157346898,57214094
2003-07-22,16.167604446411133,16.559613812702285,16.00703632373427,16.280556210936915,120900762
2003-07-23,16.613874435424805,17.166451911803495,16.280555840018465,16.33481684001718,169477086
2003-07-24,17.720136642456055,17.72013664245605,17.27940299291396,17.72013664245605,225072751
2003-07-25,17.83308982849121,18.606033145799923,17.386818428981847,17.720138061941228,230161465
2003-07-28,18.165300369262695,18.60603197848792,18.05234860979912,18.05234860979912,128063286
2003-07-29,17.83308982849121,18.16530150892392,17.720138061941228,18.16530150892392,80049181
2003-07-30,17.720136642456055,18.165300053778587,17.49976879369939,17.833088399957948,141993109
2003-07-31,17.386816024780273,17.72013561164913,17.27940198774517,17.499767775711593,153293879
2003-08-01,18.165300369262695,18.165300369262695,17.386817338161375,17.386817338161375,139367508
2003-08-04,18.05234718322754,18.165298933765193,17.72013554988999,18.165298933765193,100696633
2003-08-05,17.386816024780273,18.052347246144517,17.27940198774517,18.052347246144517,157524461
2003-08-06,16.94719123840332,17.166450096185653,16.613872678250576,17.059035036044943,171613194
2003-08-07,16.550390243530273,17.020655662645513,16.21410378807779,17.020655662645513,131564235
2003-08-08,16.34942626953125,16.81567155057938,16.34942626953125,16.479385024389536,55789203
2003-08-11,16.415075302124023,16.614704751195905,16.27975725835924,16.479385675012747,33704235
2003-08-12,16.8156681060791,17.02065575642566,16.55039033471936,16.750018702599707,49428185
2003-08-13,17.958511352539062,17.958511352539062,17.086309831574233,17.221628911694662,107745512
2003-08-14,17.622224807739258,17.958510304955574,17.556575390139827,17.958510304955574,52924885
2003-08-15,17.88750457763672,18.223790111352933,17.622226720427552,17.622226720427552,65134557
2003-08-18,17.75754165649414,18.02281948254064,17.686533988328495,17.88750247635938,46310768
2003-08-19,18.02281951904297,18.35910707877288,17.75754169245919,17.75754169245919,111769648
2003-08-20,18.093830108642578,18.22378887008583,17.88750335927485,18.02282037213527,67888925
2003-08-21,18.093830108642578,18.22378887008583,17.88750335927485,18.093830108642578,78709425
2003-08-22,18.22378921508789,18.75970521976836,18.09383045118434,18.09383045118434,95178285
2003-08-25,18.22378921508789,18.22378921508789,17.95851137092537,18.22378921508789,49831753
2003-08-26,17.821853637695312,18.22378856196387,17.62222522218349,18.22378856196387,63768296
2003-08-27,17.821853637695312,18.22378856196387,17.821853637695312,17.821853637695312,62123827
2003-08-28,17.686534881591797,18.093830129376816,17.686534881591797,18.093830129376816,59765048
2003-08-29,18.895017623901367,18.895017623901367,17.821849927029504,17.821849927029504,188870968
2003-09-01,19.4952449798584,19.76588310424886,19.030338775089874,19.4309356460357,163991749
2003-09-02,19.56625747680664,19.56625747680664,19.295619314121563,19.56625747680664,50273257
2003-09-03,19.43093490600586,19.96684875390003,19.43093490600586,19.8315317616949,79403090
2003-09-04,19.56625747680664,19.630566819728944,19.22996989209967,19.495247738386407,61331111
2003-09-05,19.63056755065918,20.10217216943172,19.63056755065918,19.701577291723407,68176740
2003-09-08,20.367446899414062,20.367446899414062,19.430936136523712,19.63056453758079,97990914
2003-09-09,20.102169036865234,20.90336279710383,20.102169036865234,20.638084982278507,109714185
2003-09-10,20.638084411621094,21.03868128066361,20.23748754257858,20.50276535006879,129668598
2003-09-11,20.638084411621094,20.638084411621097,20.638084411621097,20.638084411621097,0
2003-09-12,20.638084411621094,20.773403473173403,20.367446288516483,20.638084411621097,56865544
2003-09-15,20.237489700317383,20.63808661207189,20.237489700317383,20.63808661207189,34436354
2003-09-16,20.367446899414062,20.638085030636145,20.102169083967155,20.102169083967155,48081559
2003-09-17,20.638084411621094,21.173998277379393,20.367446288516483,20.638084411621097,94887189
2003-09-18,20.638084411621094,20.903362219111305,20.367446288516483,20.903362219111305,37207758
2003-09-19,21.038686752319336,21.17400378422782,20.502770682345652,20.903367655573792,90611518
2003-09-22,20.367446899414062,20.903362846083052,20.367446899414062,20.773404096247187,50604777
2003-09-23,19.831539154052734,20.237494411663967,19.630570611866187,20.102175304181145,122007746
2003-09-24,19.70157814025879,20.031165355934906,19.495249303927054,20.031165355934906,86041398
2003-09-25,19.70157814025879,19.70157814025879,19.295620863631306,19.365290528546684,48746842
2003-09-26,19.63056755065918,19.83153606150653,19.56625820534236,19.63056755065918,33301811
2003-09-29,19.56625747680664,19.701576558149178,19.36528897344221,19.630566819728944,40290689
2003-09-30,19.56625747680664,19.765885901071485,19.56625747680664,19.701576558149178,26791100
2003-10-01,19.70157814025879,19.83153691563916,19.56625904804963,19.56625904804963,35970913
2003-10-02,20.367446899414062,20.502765965025105,19.90120266880287,19.966850018356116,90882543
2003-10-03,20.367446899414062,20.502765965025105,20.237488149578198,20.367446899414062,61889567
2003-10-06,20.903362274169922,21.038681336078653,20.367446342163518,20.63808446598098,104687650
2003-10-07,20.903362274169922,21.038681336078653,20.773403527889712,21.038681336078653,53290993
2003-10-08,20.367446899414062,20.903362846083052,20.367446899414062,20.903362846083052,53261003
2003-10-09,20.50276756286621,20.63808663902307,20.237489726745423,20.367448486709357,44190410
2003-10-10,20.50276756286621,20.50276756286621,20.50276756286621,20.50276756286621,0
2003-10-13,20.638084411621094,20.903362219111305,20.638084411621097,20.903362219111305,36527635
2003-10-14,20.638084411621094,21.173998277379393,20.638084411621097,20.773403473173403,57666332
2003-10-15,20.773405075073242,21.038682903019826,20.502766931098908,20.773405075073242,51277200
2003-10-16,21.173999786376953,21.173999786376953,20.638085882425926,20.773404953621956,56028541
2003-10-17,21.173999786376953,21.173999786376953,20.638085882425926,21.038682780017595,82312633
2003-10-20,20.903362274169922,21.173998333150855,20.773403527889712,21.173998333150855,36386099
2003-10-21,21.3093204498291,21.70991737735382,21.03868435205149,21.174001368521882,87977872
2003-10-22,21.173999786376953,21.439277612772592,21.038682780017595,21.439277612772592,32517810
2003-10-23,20.638084411621094,21.03868128066361,20.367446288516483,21.03868128066361,107212060
2003-10-24,20.237489700317383,20.773405688052033,20.237489700317383,20.502767536091746,46020586
2003-10-27,20.367446899414062,20.502765965025105,20.237488149578198,20.367446899414062,26987068
2003-10-28,20.903362274169922,20.903362274169922,20.367446342163518,20.367446342163518,80867828
2003-10-29,20.773405075073242,21.17399991017031,20.638086003086077,21.17399991017031,33714695
2003-10-30,20.903362274169922,20.903362274169922,20.63808446598098,20.773403527889712,31911176
2003-10-31,20.367446899414062,20.903362846083052,20.367446899414062,20.903362846083052,47487829
2003-11-03,20.237489700317383,20.502767536091746,20.102170624337237,20.367448460111603,38975547
2003-11-04,20.50276756286621,20.63808663902307,20.367448486709357,20.63808663902307,30269248
2003-11-05,20.638084411621094,20.638084411621097,20.367446288516483,20.367446288516483,33478609
2003-11-06,20.638084411621094,20.903362219111305,20.50276535006879,20.638084411621097,81238085
2003-11-07,21.173999786376953,21.439277612772592,20.638085882425926,20.638085882425926,150802398
2003-11-10,20.903362274169922,21.173998333150855,20.63808446598098,21.173998333150855,55883389
2003-11-11,20.367446899414062,20.773404096247187,20.367446899414062,20.773404096247187,62145886
2003-11-12,19.966848373413086,20.63808333039429,19.765881974805158,20.36744522146838,95853204
2003-11-13,20.367446899414062,20.367446899414062,20.031161418638735,20.237488149578198,48164914
2003-11-14,20.367446899414062,20.502765965025105,20.237488149578198,20.367446899414062,30477300
2003-11-17,19.90120506286621,20.237490584095816,19.83153540326392,20.237490584095816,36559035
2003-11-18,19.765886306762695,19.9668527494151,19.495248138522822,19.831535730132032,62844124
2003-11-19,19.56625747680664,19.630566819728944,19.4309383954641,19.4309383954641,47462421
2003-11-20,18.759700775146484,19.566252684416646,18.629739977196945,19.495242963388925,113128714
2003-11-21,18.49442481994629,18.49442481994629,18.09382795088143,18.49442481994629,101273679
2003-11-24,18.359106063842773,18.558734462244757,18.2237870000315,18.494425127654047,34851799
2003-11-25,18.49442481994629,18.759702627451293,18.49442481994629,18.55873415346703,44547489
2003-11-26,18.293453216552734,18.629738629732934,18.093824855622003,18.494421656157897,42102712
2003-11-27,17.686534881591797,18.293458548492648,17.686534881591797,18.293458548492648,56535660
2003-11-28,17.686534881591797,18.093830129376816,17.686534881591797,17.821853959444056,51521984
2003-12-01,17.958511352539062,18.09383043265949,17.622225835706022,17.686535178047528,40396099
2003-12-02,18.22378921508789,18.359108295346864,18.09383045118434,18.09383045118434,63136937
2003-12-03,18.22378921508789,18.359108295346864,18.158139793591687,18.359108295346864,44749319
2003-12-04,18.22378921508789,18.22378921508789,17.95851137092537,18.22378921508789,25382620
2003-12-05,18.42341423034668,18.494423955065066,18.223785844601597,18.293455490478976,32905124
2003-12-08,18.293453216552734,18.35910261774669,18.158134178141527,18.293453216552734,32050179
2003-12-09,18.02281951904297,18.29345766162696,18.02281951904297,18.158138590334964,44843626
2003-12-10,18.02281951904297,18.02281951904297,17.821853095441725,17.821853095441725,34391141
2003-12-11,18.15813636779785,18.15813636779785,17.821850914065607,17.9585079827943,43675959
2003-12-12,18.15813636779785,18.359104831637435,18.022817313068767,18.22378577690835,25083917
2003-12-15,18.359106063842773,18.359106063842773,18.02281852270355,18.2237870000315,31958922
2003-12-16,18.293453216552734,18.293453216552734,17.958505817210796,17.958505817210796,29233845
2003-12-17,17.88750457763672,18.223790111352933,17.757543742504748,18.09383134105787,52259654
2003-12-18,18.02281951904297,18.02281951904297,17.556575268857948,17.68653402414973,76767602
2003-12-19,17.686534881591797,18.22378889096899,17.686534881591797,18.093830129376816,33051415
2003-12-22,17.622224807739258,17.82185321855616,17.556575390139827,17.68653414632937,47551052
2003-12-23,17.821853637695312,17.8875030568387,17.62222522218349,17.686534562286052,30016420
2003-12-24,17.88750457763672,18.09383134105787,17.88750457763672,17.958512254143763,22638389
2003-12-25,18.293453216552734,18.55873097867742,18.02281513973032,18.093824855622003,40745905
2003-12-26,17.686534881591797,18.359107968821245,17.686534881591797,18.359107968821245,63542197
2003-12-29,17.622224807739258,17.82185321855616,17.556575390139827,17.68653414632937,22350780
2003-12-30,17.958511352539062,18.09383043265949,17.686535178047528,17.82185425816796,64157788
2003-12-31,17.88750457763672,18.15814068662802,17.88750457763672,18.022821599713915,26953524
2004-01-01,17.88750457763672,17.88750457763672,17.88750457763672,17.88750457763672,0
2004-01-02,18.293453216552734,18.35910261774669,17.887498166155282,17.887498166155282,30369264
2004-01-05,18.22378921508789,18.423417637754213,18.09383045118434,18.29345887385066,32861346
2004-01-06,18.293453216552734,18.423411940266213,18.223783579335482,18.35910261774669,24672827
2004-01-07,18.49442481994629,18.69405321502688,18.423415091907174,18.423415091907174,47971370
2004-01-08,18.629745483398438,18.629745483398438,18.423418718026515,18.629745483398438,20898784
2004-01-09,19.63056755065918,19.701577291723407,18.895023090035046,19.030342176416095,103700457
2004-01-12,20.237489700317383,20.773405688052033,19.6305660418132,19.701575777419475,107431049
2004-01-13,20.031164169311523,20.50276878045848,19.966852760197682,20.367449696265467,35442394
2004-01-14,20.50276756286621,20.773405715179923,19.96685157443171,20.031162979726307,70094468
2004-01-15,20.102169036865234,20.773404047572477,19.966849971571264,20.638084982278507,53193554
2004-01-16,20.031164169311523,20.367449696265467,19.966852760197682,20.23749092858371,23733719
2004-01-19,20.031164169311523,20.031164169311523,20.031164169311523,20.031164169311523,0
2004-01-20,20.031164169311523,20.031164169311523,20.031164169311523,20.031164169311523,0
2004-01-21,20.031164169311523,20.031164169311523,20.031164169311523,20.031164169311523,0
2004-01-22,20.031164169311523,20.031164169311523,20.031164169311523,20.031164169311523,0
2004-01-23,20.031164169311523,20.031164169311523,20.031164169311523,20.031164169311523,0
2004-01-26,20.031164169311523,20.031164169311523,20.031164169311523,20.031164169311523,0
2004-01-27,20.638084411621094,20.773403473173403,20.23748754257858,20.367446288516483,52125083
2004-01-28,20.773405075073242,21.038682903019826,20.367447859111742,20.773405075073242,49186581
2004-01-29,20.773405075073242,20.773405075073242,20.237489103152324,20.367447859111742,45470238
2004-01-30,20.773405075073242,20.773405075073242,20.502766931098908,20.773405075073242,57755299
2004-02-02,20.237489700317383,20.63808661207189,20.237489700317383,20.63808661207189,43672646
2004-02-03,19.966848373413086,20.102167427876044,19.831531383786544,20.102167427876044,50610502
2004-02-04,19.70157814025879,20.102173035220492,19.70157814025879,20.102173035220492,50869637
2004-02-05,19.70157814025879,20.102173035220492,19.56625904804963,19.70157814025879,73773128
2004-02-06,20.102169036865234,20.367446851690563,19.901202622171837,19.966849971571264,49902838
2004-02-09,20.50276756286621,20.63808663902307,20.237489726745423,20.367448486709357,47160421
2004-02-10,20.102169036865234,20.502765916984533,20.03116137170319,20.502765916984533,37110938
2004-02-11,19.831539154052734,20.102175304181145,19.701580364003735,20.102175304181145,49892019
2004-02-12,19.966848373413086,20.36744522146838,19.901201029268112,19.901201029268112,44491231
2004-02-13,20.50276756286621,20.63808663902307,20.031162979726307,20.367448486709357,50347445
2004-02-16,19.831539154052734,20.367453201712966,19.831539154052734,20.102175304181145,56066239
2004-02-17,19.70157814025879,19.96685394301133,19.56625904804963,19.56625904804963,57004842
2004-02-18,20.237489700317383,20.237489700317383,19.765885117793342,19.765885117793342,46519378
2004-02-19,20.367446899414062,20.367446899414062,20.102169083967155,20.237488149578198,48468332
2004-02-20,19.966848373413086,20.36744522146838,19.966848373413086,20.36744522146838,28244805
2004-02-23,20.102169036865234,20.237488102159208,19.83153297111387,19.83153297111387,31675062
2004-02-24,19.831539154052734,20.102175304181145,19.831539154052734,19.966856196698327,28032940
2004-02-25,19.831539154052734,20.031167616880825,19.831539154052734,19.831539154052734,36894175
2004-02-26,19.831539154052734,20.031167616880825,19.701580364003735,19.966856196698327,51916449
2004-02-27,19.831539154052734,19.901208826831827,19.630570611866187,19.831539154052734,50552240
2004-03-01,20.102169036865234,20.237488102159208,19.901202622171837,19.966849971571264,51120251
2004-03-02,20.102169036865234,20.102169036865234,19.966849971571264,20.102169036865234,60287708
2004-03-03,19.365285873413086,20.10216820295108,18.69405295538771,20.10216820295108,256901062
2004-03-04,19.29561424255371,19.430933288329634,18.959328811071238,19.29561424255371,107634111
2004-03-05,19.43093490600586,19.7658823514625,19.43093490600586,19.43093490600586,105434693
2004-03-08,19.4952449798584,19.76588310424886,19.4952449798584,19.566254708230932,63075261
2004-03-09,19.63056755065918,19.76588663704023,19.49524846427813,19.56625820534236,53081090
2004-03-10,19.70157814025879,19.765887488345374,19.630568396136216,19.630568396136216,69700003
2004-03-11,19.365285873413086,19.630563677233685,19.09464775405224,19.630563677233685,72290032
2004-03-12,18.895017623901367,19.165655718370658,18.829370283263067,19.165655718370658,80886518
2004-03-15,19.094650268554688,19.4309378437126,19.03034092745848,19.165660004958564,88991802
2004-03-16,19.030338287353516,19.1656573460806,18.829371882412804,19.094647619528004,67078118
2004-03-17,19.094650268554688,19.365288423554855,19.094650268554688,19.229969346054773,48007092
2004-03-18,19.831539154052734,19.831539154052734,18.895026036540642,18.959337456723137,98936930
2004-03-19,19.831539154052734,19.901208826831827,19.630570611866187,19.831539154052734,57707953
2004-03-22,18.49442481994629,18.49442481994629,18.49442481994629,18.49442481994629,39257633
2004-03-23,18.093830108642578,18.694055444367283,17.556576099881042,17.556576099881042,137977576
2004-03-24,18.895017623901367,19.295614450558055,18.494422862080988,19.295614450558055,79754827
2004-03-25,18.558734893798828,19.16565851183709,18.494425557712706,19.16565851183709,51224594
2004-03-26,18.759700775146484,18.895017758508818,18.558732321005543,18.759700775146484,32311253
2004-03-29,19.365285873413086,19.430935284925706,19.165657481105107,19.295616225245283,56630804
2004-03-30,19.030338287353516,19.430935148032283,19.030338287353516,19.430935148032283,40833655
2004-03-31,19.094650268554688,19.295618766212513,18.959333255891373,19.094650268554688,32789287
2004-04-01,19.56625747680664,19.56625747680664,19.030341467834827,19.165660549177364,44875099
2004-04-02,19.094650268554688,19.56625692121268,19.03034092745848,19.56625692121268,46989146
2004-04-05,19.43093490600586,19.495244237379328,19.094647381690287,19.29561584896427,43087077
2004-04-06,19.4952449798584,19.901202166444094,19.4952449798584,19.566254708230932,70957663
2004-04-07,19.765886306762695,19.765886306762695,19.43093879428058,19.495248138522822,36552769
2004-04-08,19.765886306762695,19.831535730132032,19.63056722264276,19.765886306762695,34717341
2004-04-09,19.63056755065918,19.701577291723407,19.56625820534236,19.701577291723407,18480273
2004-04-12,19.765886306762695,19.901205390882634,19.701576962520452,19.701576962520452,25513434
2004-04-13,19.765886306762695,19.831535730132032,19.63056722264276,19.831535730132032,26391311
2004-04-14,19.765886306762695,19.765886306762695,19.566257878400517,19.765886306762695,17702065
2004-04-15,19.56625747680664,20.03116374735822,19.56625747680664,19.765885901071485,43626941
2004-04-16,19.56625747680664,19.765885901071485,19.56625747680664,19.630566819728944,23974205
2004-04-19,19.63056755065918,19.63056755065918,19.165661262797144,19.56625820534236,40115103
2004-04-20,19.43093490600586,19.701573020089032,19.29561584896427,19.630563294420913,19404166
2004-04-21,19.165658950805664,19.365287358421963,19.165658950805664,19.295617704911603,27736281
2004-04-22,19.29561424255371,19.831530110667934,19.2299648377868,19.36528388356272,66928251
2004-04-23,19.43093490600586,19.630563294420913,19.36528549577346,19.43093490600586,26042494
2004-04-26,19.56625747680664,19.56625747680664,19.36528897344221,19.4309383954641,20570399
2004-04-27,19.165658950805664,19.566255845026085,19.165658950805664,19.566255845026085,27597528
2004-04-28,19.29561424255371,19.29561424255371,19.094645792010876,19.165655511767252,34444931
2004-04-29,18.694047927856445,19.165652326741714,18.62973654768814,19.09464261878602,57169112
2004-04-30,17.556577682495117,18.558738039622565,17.486908018771015,18.4944286926356,115296118
2004-05-03,17.42125701904297,17.686534858135584,17.150619896115767,17.622225516957293,47437065
2004-05-04,17.556577682495117,17.757544133724757,17.556577682495117,17.556577682495117,40776064
2004-05-05,17.020658493041992,17.757540850888454,16.885340460581364,17.68653318594421,74800658
2004-05-06,16.8156681060791,17.351582931264797,16.8156681060791,17.02065575642566,65881596
2004-05-07,17.285934448242188,17.686531284055302,16.88533864484725,16.88533864484725,59804786
2004-05-10,16.415075302124023,17.150619707316196,16.415075302124023,17.150619707316196,52842908
2004-05-11,16.75002098083496,16.885340042362266,16.55039258580238,16.55039258580238,50685761
2004-05-12,17.42125701904297,17.622225516957293,16.950991477264683,17.150619896115767,79364846
2004-05-13,17.75754165649414,17.88750247635938,17.35158650827702,17.421256162281995,70750770
2004-05-14,17.285934448242188,17.82185033438293,17.285934448242188,17.75753894136387,34261802
2004-05-17,16.614704132080078,17.020659280665647,16.415074690447014,17.020659280665647,40704506
2004-05-18,17.020658493041992,17.285936307053646,16.614703363241823,16.614703363241823,45163702
2004-05-19,17.75754165649414,17.88750247635938,17.285937091264064,17.285937091264064,60246395
2004-05-20,17.75754165649414,17.821853059346424,17.285937091264064,17.421256162281995,36262420
2004-05-21,17.821853637695312,17.958510727308663,17.48690614677423,17.48690614677423,32629477
2004-05-24,17.821853637695312,17.8875030568387,17.556575803040104,17.62222522218349,24290547
2004-05-25,17.958511352539062,17.958511352539062,17.622225835706022,17.622225835706022,21405216
2004-05-26,18.22378921508789,18.423417637754213,18.22378921508789,18.22378921508789,30234733
2004-05-27,17.821853637695312,18.359107637373132,17.686534562286052,18.22378856196387,21120411
2004-05-28,18.293453216552734,18.293453216552734,17.887498166155282,17.887498166155282,30541949
2004-05-31,17.88750457763672,18.15814068662802,17.82185515291181,18.022821599713915,19904752
2004-06-01,18.093830108642578,18.093830108642578,17.75754253299483,17.958511030945388,13848913
2004-06-02,17.821853637695312,18.093829802717924,17.757542232756016,17.8875030568387,13595879
2004-06-03,17.75754165649414,18.293457624576497,17.75754165649414,17.821853059346424,42531179
2004-06-04,18.22378921508789,18.22378921508789,17.82185427641435,17.887503697910553,42799101
2004-06-07,19.094650268554688,19.094650268554688,18.359107921040962,18.494426998541044,64992250
2004-06-08,18.759700775146484,19.0946461338784,18.629739977196945,19.0946461338784,45135817
2004-06-09,18.694047927856445,18.829366951144504,18.62973654768814,18.62973654768814,38695577
2004-06-10,17.88750457763672,18.62974530725834,17.88750457763672,18.558737630751295,51269661
2004-06-11,16.685712814331055,17.28593708789366,16.685712814331055,16.75002215233413,118436140
2004-06-14,15.613884925842285,16.550395844886715,15.542875183837097,16.349428363794765,119911794
2004-06-15,15.678191184997559,16.078787021555925,15.40755409435572,15.40755409435572,109522516
2004-06-16,15.813512802124023,16.279758126441504,15.678193718725273,15.94347156904298,92001111
2004-06-17,16.14980125427246,16.479388487157976,15.743844988866464,15.813514657419644,77181378
2004-06-18,16.078786849975586,16.214105910061615,15.943468822307805,16.078786849975586,60067100
2004-06-21,16.01447868347168,16.614703984793525,16.01447868347168,16.614703984793525,35187388
2004-06-22,16.01447868347168,16.01447868347168,16.01447868347168,16.01447868347168,0
2004-06-23,16.279754638671875,16.47938302320181,16.0144768451872,16.0144768451872,57499441
2004-06-24,16.34942626953125,16.415074654039852,16.21410719869063,16.415074654039852,39963317
2004-06-25,16.614704132080078,16.685712832728505,16.279756651724604,16.34942630579281,51187126
2004-06-28,16.214107513427734,16.614704417743372,16.214107513427734,16.614704417743372,26547367
2004-06-29,16.47938346862793,16.47938346862793,16.149796336112853,16.214105667972984,22751184
2004-06-30,16.75002098083496,16.815670393243582,16.479383890198605,16.614702951725913,45904082
2004-07-01,16.47938346862793,16.750020552340924,16.415073104349563,16.750020552340924,23671918
2004-07-02,16.279754638671875,16.47938302320181,16.214105229717134,16.214105229717134,26760994
2004-07-05,16.14980125427246,16.21411060571696,16.014482154997612,16.21411060571696,25616290
2004-07-06,16.214107513427734,16.214107513427734,15.879161059731725,16.078788439960395,18189646
2004-07-07,15.94347095489502,15.943470954895021,15.743842535286522,15.743842535286522,44432488
2004-07-08,15.813512802124023,16.0787896200233,15.813512802124022,15.879162225143476,21849205
2004-07-09,15.94347095489502,15.943470954895021,15.678193114795906,15.813512192982119,20214634
2004-07-12,15.94347095489502,16.279757499339674,15.943470954895021,16.078789000662844,28132879
2004-07-13,15.94347095489502,16.078789000662844,15.813512192982119,15.943470954895021,33888863
2004-07-14,16.214107513427734,16.214107513427734,15.943470398911405,16.078788439960395,39342269
2004-07-15,15.678191184997559,16.078787021555925,15.613881851490984,15.943468992444139,64625128
2004-07-16,15.542871475219727,15.813509586992302,15.478562144395307,15.478562144395307,44002935
2004-07-19,15.343242645263672,15.678189023228386,14.942645831522876,15.542869980356649,37909819
2004-07-20,14.741681098937988,15.343245435903285,14.741681098937988,15.277596020604964,47413851
2004-07-21,15.613884925842285,15.678194272011279,15.006960180227791,15.006960180227791,49431664
2004-07-22,15.94347095489502,16.014479659240557,15.407555990841871,15.407555990841871,80630627
2004-07-23,15.743840217590332,15.94346860781096,15.613881474809032,15.94346860781096,21619150
2004-07-26,16.01447868347168,16.078788020975573,15.478563752072048,15.613882822013213,24925995
2004-07-27,16.14980125427246,16.14980125427246,15.813514657419644,15.94347343958581,27364064
2004-07-28,16.078786849975586,16.41507334943879,15.943468822307805,16.214105910061615,29016953
2004-07-29,16.14980125427246,16.279760036438628,16.014482154997612,16.078791506442112,22297791
2004-07-30,16.415075302124023,16.479385675012747,16.2141078388404,16.2141078388404,87348081
2004-08-02,16.34942626953125,16.415074654039852,16.21410719869063,16.34942626953125,39249787
2004-08-03,16.34942626953125,16.415074654039852,16.279756615617565,16.34942626953125,25544858
2004-08-04,16.279754638671875,16.34942428412517,16.078786175309094,16.34942428412517,18064904
2004-08-05,16.75002098083496,16.885340042362266,16.14979674925213,16.34942514428471,47663799
2004-08-06,16.614704132080078,16.685712832728505,16.479385060939332,16.479385060939332,39219951
2004-08-09,16.550390243530273,16.614700600352368,16.21410378807779,16.415071201153815,29907722
2004-08-10,16.214107513427734,16.614704417743372,16.149798174248055,16.55039404614534,22791302
2004-08-11,16.34942626953125,16.34942626953125,15.743841680655752,16.34942626953125,36711568
2004-08-12,15.87916088104248,16.014478920568724,15.678192391635374,15.87916088104248,25701649
2004-08-13,16.01447868347168,16.149797753412845,15.613882822013213,15.678192159517106,30245108
2004-08-16,15.678191184997559,15.879159658937564,15.678191184997559,15.813510246527608,18321013
2004-08-17,15.47856330871582,15.879160191118217,15.47856330871582,15.678191710442873,27174379
2004-08-18,15.743840217590332,15.879159275855836,15.407553722651388,15.478562416543529,67092226
2004-08-19,16.34942626953125,16.415074654039852,15.879160751496372,15.879160751496372,97977509
2004-08-20,16.614704132080078,16.685712832728505,16.279756651724604,16.34942630579281,95445285
2004-08-23,17.46571159362793,17.46571159362793,16.91447664800062,17.150943705912965,168381411
2004-08-24,17.46571159362793,17.46571159362793,17.46571159362793,17.46571159362793,0
2004-08-25,17.46571159362793,17.46571159362793,17.46571159362793,17.46571159362793,0
2004-08-26,17.619182586669922,17.778913388443698,17.38897799270638,17.54244632289307,110224645
2004-08-27,17.305973052978516,17.54244003375337,17.229238915395122,17.54244003375337,65219158
2004-08-30,16.992774963378906,17.229241986301176,16.837738944560574,17.150941168084742,78129178
2004-08-31,17.46571159362793,17.778912814154975,17.150943705912965,17.229244535715583,109216072
2004-09-01,18.092113494873047,18.247147415339033,17.61917944801946,17.70217606991501,85896322
2004-09-02,18.247148513793945,18.247148513793945,17.855647546333312,18.09211458399512,37930292
2004-09-03,17.702171325683594,18.3238766559129,17.619174726031364,18.3238766559129,54062351
2004-09-06,17.542444229125977,17.778911266453232,17.22924303586393,17.70217711051844,45678528
2004-09-07,18.01068115234375,18.01068115234375,17.619180191921355,17.70217681732112,37799499
2004-09-08,18.170413970947266,18.247148125357135,17.932381320640463,18.01068109272913,48775693
2004-09-09,17.932382583618164,18.170415250689608,17.932382583618164,18.170415250689608,23213906
2004-09-10,18.323883056640625,18.483618040314223,18.092114965905996,18.17041474131432,54602112
2004-09-13,18.720083236694336,18.873551536884786,18.637084517552964,18.637084517552964,54815573
2004-09-14,18.87355613708496,19.028592191337427,18.79682196828671,18.950290305883208,42688064
2004-09-15,18.323883056640625,18.873553398293975,18.323883056640625,18.873553398293975,26696168
2004-09-16,18.247148513793945,18.323882669837296,18.09211458399512,18.170414357750595,44359909
2004-09-17,18.323883056640625,18.406883882651073,18.010681856324023,18.323883056640625,47229143
2004-09-20,18.247148513793945,18.560351806182364,18.170414357750595,18.560351806182364,21110194
2004-09-21,18.720083236694336,18.720083236694336,18.406882067267286,18.483616217362513,40060915
2004-09-22,18.637086868286133,18.637086868286133,18.406884388964556,18.637086868286133,20940861
2004-09-23,18.483617782592773,18.483617782592773,18.323882801146393,18.483617782592773,20367641
2004-09-24,18.247148513793945,18.560351806182364,18.09211458399512,18.483617650139013,39204829
2004-09-27,17.855648040771484,18.170414860904927,17.778911783919977,18.01068197486333,29651993
2004-09-28,17.855648040771484,17.855648040771484,17.855648040771484,17.855648040771484,0
2004-09-29,18.01068115234375,18.40688316318452,17.855647225332056,17.855647225332056,33862678
2004-09-30,18.323883056640625,18.406883882651073,18.24714889897747,18.323883056640625,24791168
2004-10-01,18.56035041809082,18.56035041809082,18.17041299882169,18.406882117481704,28128848
2004-10-04,19.028593063354492,19.028593063354492,18.7200886573678,18.7200886573678,64000733
2004-10-05,19.028593063354492,19.188325978844073,18.950291174311957,19.028593063354492,45169239
2004-10-06,19.3417911529541,19.578258201996565,19.028589944175234,19.110020957274056,69516751
2004-10-07,19.501522064208984,19.501522064208984,19.265055039151513,19.42478791225577,23357866
2004-10-08,19.578258514404297,19.578258514404297,19.265057300627717,19.424790192482615,40112354
2004-10-11,19.424789428710938,19.424789428710938,18.95028762524075,19.265056543136648,32649157
2004-10-12,19.028593063354492,19.424793066648377,19.028593063354492,19.265060151158796,24205665
2004-10-13,18.87355613708496,19.110023214052763,18.79682196828671,19.028592191337427,25453081
2004-10-14,18.637086868286133,18.7200855978963,18.483618548738416,18.637086868286133,28805990
2004-10-15,18.483617782592773,18.560351939186003,18.323882801146393,18.483617782592773,23581423
2004-10-18,18.247148513793945,18.63708596222572,18.247148513793945,18.483617650139013,15706146
2004-10-19,18.79682159423828,18.950289928780823,18.406886187433525,18.406886187433525,34743107
2004-10-20,18.79682159423828,18.950289928780823,18.560354521976066,18.796821594238278,28387097
2004-10-21,18.87355613708496,19.110023214052763,18.637089060117155,18.950290305883208,43005804
2004-10-22,19.028593063354492,19.188325978844073,18.950291174311957,18.950291174311957,45600334
2004-10-25,19.028593063354492,19.028593063354492,19.028593063354492,19.028593063354492,0
2004-10-26,18.56035041809082,19.028587605259542,18.56035041809082,18.950285738676847,36761904
2004-10-27,18.40688133239746,18.720082489320376,18.323880517886685,18.637083773492616,23888744
2004-10-28,18.56035041809082,18.950285738676847,18.56035041809082,18.79681743806773,38419423
2004-10-29,19.265060424804688,19.34179459820936,18.72008892327278,18.79682309667745,69508319
2004-11-01,19.18832015991211,19.424787176006877,19.110018294614918,19.265054308956902,42288777
2004-11-02,19.424789428710938,19.578257744598332,19.188322385192947,19.265056543136648,49014023
2004-11-03,20.1279296875,20.1279296875,19.50152513612315,19.578259300163662,112337719
2004-11-04,19.969762802124023,20.127930085643044,19.8914630186594,20.127930085643044,52923139
2004-11-05,20.44269371032715,20.672898269360523,20.206226680656933,20.282962932790184,121658215
2004-11-08,20.51943016052246,20.67289846890392,20.359697282760497,20.67289846890392,44848604
2004-11-09,20.44269371032715,20.59616411591046,20.206226680656933,20.5194299624604,30683834
2004-11-10,20.44269371032715,20.5194299624604,20.282962932790184,20.5194299624604,35354143
2004-11-11,20.04649543762207,20.35969874494217,20.04649543762207,20.127928549367297,19862423
2004-11-12,20.1279296875,20.2062294694158,19.969762407109627,20.04649657115014,41689222
2004-11-15,20.282960891723633,20.519427897598266,20.20622464731232,20.20622464731232,40015153
2004-11-16,20.44269371032715,20.5194299624604,20.282962932790184,20.359697086240242,36059362
2004-11-17,20.75589942932129,20.909367754241906,20.442696110740993,20.442696110740993,66577504
2004-11-18,20.90937042236328,21.14583960865771,20.83263625011138,20.98767231134172,63910502
2004-11-19,20.90937042236328,20.98767231134172,20.755902077859478,20.909370422363285,37499261
2004-11-22,19.969762802124023,20.755900267316825,19.81472885310104,20.755900267316825,71535765
2004-11-23,19.89145851135254,20.127925524753916,19.57825525109734,19.969758277074817,52886624
2004-11-24,20.04649543762207,20.20622832685564,19.89146150043214,19.89146150043214,49623000
2004-11-25,19.969762802124023,20.127930085643044,19.969762802124023,20.127930085643044,32209783
2004-11-26,19.814729690551758,20.359701159391324,19.65499468369191,20.04649781492856,49650266
2004-11-29,19.89145851135254,19.969758277074817,19.654989399268118,19.81472436318176,23953951
2004-11-30,20.359699249267578,20.35969924926758,19.57825867808057,19.654992839682915,102991150
2004-12-01,20.282960891723633,20.282960891723633,19.891457878207692,20.127924884082326,50246402
2004-12-02,20.44269371032715,20.5194299624604,20.282962932790184,20.44269371032715,55089497
2004-12-03,20.672901153564453,20.672901153564453,20.35969992674754,20.44269656241382,45772462
2004-12-06,20.672901153564453,20.755899887914214,20.35969992674754,20.519432825253016,51164112
2004-12-07,20.832632064819336,20.832632064819336,20.359697984610715,20.519430867879073,48580301
2004-12-08,20.672901153564453,20.83263405206993,20.519432825253016,20.672901153564453,36685648
2004-12-09,20.987667083740234,20.987667083740234,20.672898185553613,20.672898185553613,104820751
2004-12-10,21.069101333618164,21.069101333618164,20.83263426850031,20.987670314983536,64785745
2004-12-13,21.069101333618164,21.145837597254577,20.596167203382457,20.909368433453217,71434419
2004-12-14,20.987667083740234,21.069098089837812,20.909365214265204,21.069098089837812,29947172
2004-12-15,21.300872802734375,21.300872802734375,21.06910257761369,21.06910257761369,85157950
2004-12-16,21.46060562133789,21.61407395965433,21.145838756122863,21.300872712419007,69169282
2004-12-17,21.537342071533203,21.6140762488184,21.377609145696876,21.460607894248007,33608245
2004-12-20,21.690807342529297,21.690807342529297,21.22413572036317,21.22413572036317,59930256
2004-12-21,21.690807342529297,21.77380397256745,21.53733692594144,21.6140710848937,38175237
2004-12-22,21.850540161132812,21.927274319842514,21.690807273963983,21.690807273963983,88068965
2004-12-23,21.927276611328125,21.927276611328125,21.690809540737867,21.850542444599405,26253688
2004-12-24,21.773801803588867,21.9272722048889,21.69080518181835,21.773801803588867,15440340
2004-12-27,21.614070892333984,21.690807149285938,21.53733673406535,21.614070892333984,14513556
2004-12-28,21.927276611328125,21.927276611328125,21.614073275325595,21.614073275325595,39424816
2004-12-29,22.631977081298828,22.868444111265763,21.927272844381545,21.927272844381545,75767248
2004-12-30,22.631977081298828,22.791709957719416,22.55524292775248,22.708711234845172,31780140
2004-12-31,23.023483276367188,23.023483276367188,22.631980169540718,22.631980169540718,69641803
2005-01-03,22.79171371459961,23.10491494973953,22.70871497804424,23.023483929786945,25775718
2005-01-04,21.614070892333984,22.478510157553398,21.377603847814658,22.478510157553398,71065089
2005-01-05,21.14583969116211,21.377607826864935,20.987672393228998,21.069103419927103,42000052
2005-01-06,21.614070892333984,21.614070892333984,21.14583575525123,21.14583575525123,25777731
2005-01-07,21.46060562133789,21.69081022749617,21.46060562133789,21.61407395965433,12737810
2005-01-10,21.773801803588867,21.773801803588867,21.460600629209864,21.537334780518318,24415539
2005-01-11,21.773801803588867,21.85053805358045,21.537334780518318,21.61406893182677,31048909
2005-01-12,21.614070892333984,21.773803778584675,21.53733673406535,21.773803778584675,23770984
2005-01-13,21.224138259887695,21.61407367107503,21.145838473795184,21.460605334807617,27648932
2005-01-14,21.37760353088379,21.53733641476638,20.98766817560813,20.98766817560813,27290541
2005-01-17,21.773801803588867,21.85053805358045,21.537334780518318,21.537334780518318,56009125
2005-01-18,21.46060562133789,21.69081022749617,21.46060562133789,21.69081022749617,18312673
2005-01-19,21.927276611328125,21.927276611328125,21.614073275325595,21.614073275325595,36584681
2005-01-20,21.37760353088379,21.773803455779994,21.37760353088379,21.53733641476638,37036731
2005-01-21,21.300872802734375,21.614074051297663,21.300872802734375,21.300872802734375,19861274
2005-01-24,21.14583969116211,21.46060657029569,21.14583969116211,21.300873654313637,20388849
2005-01-25,21.069101333618164,21.3008715450543,21.069101333618164,21.145837597254577,25907765
2005-01-26,21.537342071533203,21.6140762488184,21.145840995695764,21.224140791126484,37849273
2005-01-27,21.46060562133789,21.61407395965433,21.300872712419007,21.61407395965433,25013214
2005-01-28,21.46060562133789,21.773806868573214,21.300872712419007,21.46060562133789,53499978
2005-01-31,21.927276611328125,21.927276611328125,21.53733910859688,21.614073275325595,49227779
2005-02-01,21.927276611328125,22.087009515189663,21.773806179187137,22.00557639598698,44354991
2005-02-02,22.24203872680664,22.478507845688966,21.927271938634217,22.00557170660742,93349576
2005-02-03,22.318775177001953,22.47851016196733,22.24204101871825,22.31877517700195,64160418
2005-02-04,22.318775177001953,22.31877517700195,22.31877517700195,22.31877517700195,0
2005-02-07,22.318775177001953,22.31877517700195,22.31877517700195,22.31877517700195,0
2005-02-08,22.318775177001953,22.31877517700195,22.31877517700195,22.31877517700195,0
2005-02-09,22.318775177001953,22.31877517700195,22.31877517700195,22.31877517700195,0
2005-02-10,22.318775177001953,22.31877517700195,22.31877517700195,22.31877517700195,0
2005-02-11,22.318775177001953,22.31877517700195,22.31877517700195,22.31877517700195,0
2005-02-14,22.631977081298828,22.791709957719416,22.55524292775248,22.55524292775248,74049103
2005-02-15,22.868446350097656,22.945180511156316,22.631979296980482,22.708713458039142,58359265
2005-02-16,22.79171371459961,22.94518204698931,22.70871497804424,22.86844788079446,39863134
2005-02-17,22.165306091308594,22.79171057395489,22.087006317984024,22.63197769321549,37664300
2005-02-18,22.79171371459961,22.79171371459961,22.165309145636233,22.165309145636233,48321283
2005-02-21,22.395509719848633,22.868443772782456,22.395509719848633,22.868443772782456,31421405
2005-02-22,22.24203872680664,22.555241996065664,22.24203872680664,22.39550912624314,34189598
2005-02-23,22.555238723754883,22.631972862999003,22.165301360691217,22.242035499935337,43983346
2005-02-24,22.631977081298828,22.708711234845172,22.39551005133189,22.55524292775248,32765958
2005-02-25,22.631977081298828,22.94517826481211,22.55524292775248,22.708711234845172,46929619
2005-02-28,22.631977081298828,22.631977081298825,22.631977081298825,22.631977081298825,0
2005-03-01,22.868446350097656,22.868446350097656,22.555245135921826,22.631979296980482,35859259
2005-03-02,23.023483276367188,23.023483276367188,22.708714333557808,22.868447231774716,67823373
2005-03-03,22.708711624145508,23.023480529399308,22.708711624145504,23.023480529399308,34607462
2005-03-04,22.945178985595703,23.023480857946137,22.631977792243738,22.70871194820056,49262769
2005-03-07,23.259946823120117,23.64988215445393,22.945177927884544,22.945177927884544,90162079
2005-03-08,22.708711624145508,23.413415873143684,22.708711624145504,23.336681718281866,49081840
2005-03-09,22.79171371459961,23.183216832537163,22.70871497804424,22.70871497804424,32670489
2005-03-10,22.79171371459961,23.10491494973953,22.79171371459961,22.86844788079446,41837205
2005-03-11,22.79171371459961,23.023483929786945,22.79171371459961,22.94518204698931,26248987
2005-03-14,22.555238723754883,22.945173988135746,22.478504584510762,22.708707002243123,37719726
2005-03-15,22.165306091308594,22.63197769321549,22.165306091308594,22.55524353759443,40220558
2005-03-16,22.395509719848633,22.555242593904964,22.165305163933734,22.242039316344314,38885234
2005-03-17,22.087007522583008,22.242041459984,21.927274633131965,22.242041459984,46906710
2005-03-18,21.614070892333984,21.927274193805264,21.53733673406535,21.773803778584675,83309244
2005-03-21,22.165306091308594,22.242040246929655,21.53733599095879,21.614070146579852,39723277
2005-03-22,21.773801803588867,22.16530484557497,21.69080518181835,22.16530484557497,31780199
2005-03-23,21.773801803588867,21.9272722048889,21.537334780518318,21.85053805358045,50911786
2005-03-24,21.614070892333984,21.927274193805264,21.614070892333984,21.850540035536632,25709707
2005-03-25,21.850540161132812,21.850540161132812,21.61407101657095,21.61407101657095,18786634
2005-03-28,21.690807342529297,22.00557416587904,21.690807342529297,21.927274389155308,22177864
2005-03-29,21.14583969116211,21.690811186633287,21.14583969116211,21.690811186633287,47174486
2005-03-30,21.46060562133789,21.537339790496112,21.069102488281025,21.145838756122863,35748508
2005-03-31,21.927276611328125,22.00557639598698,21.614073275325595,21.690809540737867,56896569
2005-04-01,21.850540161132812,22.087007207011343,21.61407101657095,21.927274319842514,37400550
2005-04-04,21.537342071533203,21.850545450623763,21.537342071533203,21.6140762488184,25981766
2005-04-05,21.537342071533203,21.537342071533203,21.537342071533203,21.537342071533203,0
2005-04-06,21.690807342529297,21.85054023020305,21.53733692594144,21.53733692594144,25566154
2005-04-07,21.537342071533203,21.850545450623763,21.537342071533203,21.773809174654726,32405621
2005-04-08,21.850540161132812,21.850540161132812,21.61407101657095,21.77380390373978,26485739
2005-04-11,22.087007522583008,22.242041459984,21.927274633131965,22.00557441072691,67282972
2005-04-12,22.555238723754883,22.631972862999003,22.08700160407773,22.08700160407773,54332667
2005-04-13,22.318775177001953,22.55524432025103,22.31877517700195,22.55524432025103,23963102
2005-04-14,22.318775177001953,22.55524432025103,22.24204101871825,22.24204101871825,29241651
2005-04-15,22.318775177001953,22.868445523100494,22.24204101871825,22.395511433968974,100393497
2005-04-18,22.00557518005371,22.47851139378536,21.92727539972136,22.165308075089097,55440289
2005-04-19,21.927276611328125,22.318777633305956,21.927276611328125,22.24204346657724,57626198
2005-04-20,21.927276611328125,22.24204346657724,21.690809540737867,22.24204346657724,61485996
2005-04-21,21.927276611328125,22.087009515189663,21.614073275325595,21.614073275325595,55368010
2005-04-22,22.79171371459961,23.10491494973953,22.318777478025932,22.318777478025932,122946643
2005-04-25,22.631977081298828,22.868444111265763,22.55524292775248,22.791709957719416,46636628
2005-04-26,22.945178985595703,23.104911867034026,22.631977792243738,22.868444829638882,65962069
2005-04-27,23.104915618896484,23.496418748172623,23.02348459658552,23.18321750396187,76657450
2005-04-28,23.336681365966797,23.336681365966797,22.791710004355004,23.10491118850915,56588504
2005-04-29,23.259946823120117,23.3366809755397,23.02347979662547,23.183212670700538,36539092
2005-05-02,23.259946823120117,23.25994682312012,23.25994682312012,23.25994682312012,0
2005-05-03,22.478513717651367,23.183218109546313,22.318778707418872,22.868449140465085,84150213
2005-05-04,22.087007522583008,22.395511878279468,21.927274633131965,22.318775619790053,90187746
2005-05-05,22.631977081298828,22.868444111265763,22.165305492009658,22.165305492009658,66940823
2005-05-06,22.868446350097656,22.868446350097656,22.555245135921826,22.868446350097656,47105875
2005-05-09,23.104915618896484,23.104915618896484,22.708715635726584,22.868448543102932,38043969
2005-05-10,23.023483276367188,23.183216174584093,22.945181395791806,23.183216174584093,31023573
2005-05-11,23.183212280273438,23.183212280273438,22.70871051895385,22.945177541466172,42176885
2005-05-12,23.336681365966797,23.336681365966797,23.10491118850915,23.25994721226344,72889965
2005-05-13,23.809621810913086,23.96465576388788,23.259951398692834,23.259951398692834,103141616
2005-05-16,24.43758773803711,24.43758773803711,23.809619694850163,23.964653634046428,94544211
2005-05-17,24.20112419128418,24.43759127752894,24.041391276848067,24.43759127752894,49274250
2005-05-18,23.809621810913086,24.20112283689906,23.809621810913086,24.20112283689906,43849029
2005-05-19,24.43758773803711,24.591058158109735,24.20112068604177,24.20112068604177,63914556
2005-05-20,24.20112419128418,24.591061719829924,24.201124191284183,24.514327548021278,37264206
2005-05-23,23.649887084960938,24.122823335230716,23.649887084960938,24.122823335230716,42611731
2005-05-24,24.04138946533203,24.201122367732292,23.573152182225492,23.649886348252224,42043692
2005-05-25,24.04138946533203,24.35459279846929,23.9646552993053,24.122822583789745,55540918
2005-05-26,24.66779327392578,24.90426033507698,24.04138872560848,24.27785578675968,90467214
2005-05-27,25.295759201049805,25.295759201049805,24.98255802871911,24.98255802871911,58324868
2005-05-30,25.455495834350586,25.455495834350586,25.059295883546636,25.219028777874254,50368785
2005-05-31,25.76400375366211,25.845436879238186,25.295766429625232,25.608967691457025,78017868
2005-06-01,25.455495834350586,25.922167475956485,25.455495834350586,25.764000199465556,61445041
2005-06-02,25.608959197998047,25.76399520878394,25.608959197998047,25.685695443965795,36461406
2005-06-03,25.608959197998047,25.845428307351945,25.532225050713322,25.685695443965795,30239484
2005-06-06,25.68569564819336,25.68569564819336,25.4554911058258,25.608959401615483,49481165
2005-06-07,26.16019630432129,26.16019630432129,25.685696643290626,25.685696643290626,81685665
2005-06-08,26.16019630432129,26.31366460605653,26.00046343347684,26.07719758434446,58040137
2005-06-09,25.845436096191406,26.236937136948796,25.76400297308253,26.160202966539288,61254826
2005-06-10,25.92216682434082,26.077200762577792,25.92216682434082,26.000466602357974,40381357
2005-06-13,26.94163703918457,27.095105342474884,25.845429776023256,26.077197848581115,77638059
2005-06-14,26.313669204711914,26.941641474590366,26.313669204711914,26.863339593748833,49370882
2005-06-15,26.550140380859375,26.55014038085938,26.077204120217505,26.31367120119662,44588599
2005-06-16,26.2369327545166,26.941639127274758,26.160198596924225,26.941639127274758,47888309
2005-06-17,26.16019630432129,26.55013372645172,26.16019630432129,26.236930455188908,49692564
2005-06-20,25.76400375366211,26.236937931857,25.68570396287509,26.160203759122652,33651878
2005-06-21,25.76400375366211,26.000470842759555,25.608967691457025,25.76400375366211,59172667
2005-06-22,26.313669204711914,26.55013836643316,25.84543403096028,25.84543403096028,63768741
2005-06-23,26.39040184020996,26.781902795870355,26.31366558779626,26.550134717013904,75287497
2005-06-24,26.781906127929688,26.941641123290186,26.313668861600057,26.550138020237906,72130163
2005-06-27,26.077198028564453,26.62686833090286,25.922164106581718,26.62686833090286,44927446
2005-06-28,26.16019630432129,26.236930455188908,25.845429514135073,26.00046343347684,33989396
2005-06-29,25.76400375366211,26.473407119638164,25.76400375366211,26.390408376009415,86358015
2005-06-30,25.76400375366211,26.077205015493902,25.76400375366211,26.077205015493902,23529296
2005-07-01,26.00046730041504,26.077201462695,25.608964202451507,25.84543335801574,31110298
2005-07-04,25.92216682434082,26.160199492670323,25.76399955182581,25.76399955182581,33702906
2005-07-05,25.845436096191406,26.000470055015665,25.685703184667783,25.845436096191406,36117444
2005-07-06,25.845436096191406,26.077204225425174,25.685703184667783,25.922170266600915,36587608
2005-07-07,26.2369327545166,26.2369327545166,25.6856988943098,26.000465712081255,50484774
2005-07-08,26.16019630432129,26.390400855607272,26.00046343347684,26.236930455188908,34713049
2005-07-11,27.178110122680664,27.408312628940024,26.473405746108774,26.473405746108774,97501719
2005-07-12,27.644771575927734,27.799807584495664,27.331570422452828,27.331570422452828,64570194
2005-07-13,27.959543228149414,28.113011535796602,27.40830729633317,27.64477432715448,45175475
2005-07-14,28.662683486938477,28.899150531264972,27.959544824983993,28.113013141396113,66442199
2005-07-15,28.426218032836914,29.054188189471617,28.426218032836918,28.662685090391896,45062096
2005-07-18,28.426218032836914,28.426218032836918,28.426218032836918,28.426218032836918,0
2005-07-19,28.662683486938477,29.130920722322717,28.426216442611985,28.426216442611985,38474393
2005-07-20,28.426218032836914,28.822417985448137,28.272747609156006,28.662685090391896,48299972
2005-07-21,28.426218032836914,29.367389409525334,28.036280551601028,28.036280551601028,55222841
2005-07-22,27.491313934326172,28.509221750175946,27.095113912440155,28.426223003106273,103879679
2005-07-25,27.25483512878418,27.64477041202901,27.17810098582788,27.49130212611641,58691160
2005-07-26,27.408306121826172,27.881242261885628,27.178103670220082,27.254837820755444,60234695
2005-07-27,27.72150993347168,27.88124280674602,27.331572505409444,27.721509933471683,32045959
2005-07-28,28.50921058654785,28.58594473241587,27.721507705577007,27.721507705577007,53454336
2005-07-29,28.03628158569336,28.82241904853642,28.03628158569336,28.82241904853642,40069241
2005-08-01,27.72150993347168,28.11301088048111,27.644773682753613,28.03627672844619,20818275
2005-08-02,28.196012496948242,28.3494829154599,27.568042361465075,28.196012496948242,64273821
2005-08-03,28.349489212036133,28.74099028620025,28.036285834284236,28.50922213718974,53748271
2005-08-04,28.349489212036133,28.585956314146966,28.196018759437845,28.585956314146966,33120849
2005-08-05,28.349489212036133,28.34948921203613,28.34948921203613,28.34948921203613,0
2005-08-08,28.03628158569336,28.272748651970208,27.881247637133768,28.1960144866412,36944449
2005-08-09,27.881242752075195,28.113010825355826,27.799809648625793,27.881242752075195,28795984
2005-08-10,27.491313934326172,28.113019629606125,27.254846835425383,28.113019629606125,51622816
2005-08-11,27.491313934326172,27.644782286157284,27.254846835425383,27.644782286157284,24979892
2005-08-12,26.94163703918457,27.721509792664655,26.626868147125727,27.5680393906912,47922590
2005-08-15,25.845436096191406,26.78190861720886,25.845436096191406,26.626874658384605,93856568
2005-08-16,26.2369327545166,26.47340189563525,25.845431779152772,25.92216593674515,58960109
2005-08-17,26.473407745361328,26.781910061643128,26.160204377442973,26.390408999770827,54379392
2005-08-18,26.626873016357422,27.17810903332844,26.550138850679954,26.62687301635742,50305718
2005-08-19,26.94163703918457,26.94163703918457,26.473399843835413,26.78190206803843,55581175
2005-08-22,27.568042755126953,27.568042755126957,27.095108649193218,27.254841541150203,41003659
2005-08-23,27.095109939575195,27.64477823269631,27.095109939575195,27.568044068032027,35390184
2005-08-24,27.178110122680664,27.331578460186904,26.941643045851926,27.095111383358166,27620363
2005-08-25,27.178110122680664,27.408312628940024,27.018377214605046,27.095111383358166,20620578
2005-08-26,27.331571578979492,27.491304446839532,26.94163626281764,27.178103280111618,39340786
2005-08-29,26.94163703918457,27.095105342474884,26.160196569398956,27.095105342474884,57367847
2005-08-30,26.550140380859375,26.626874550959307,26.23693703109669,26.626874550959307,49450598
2005-08-31,26.473407745361328,26.70361026900542,26.077205631852472,26.313672726539032,64684834
2005-09-01,26.473407745361328,26.473407745361328,26.473407745361328,26.473407745361328,0
2005-09-02,27.834491729736328,27.834491729736328,26.884442902147452,26.884442902147452,54494957
2005-09-05,28.693336486816406,28.978350098465043,28.21831309089869,28.693336486816406,56446125
2005-09-06,28.88334083557129,29.073350584082704,28.503321338548457,28.97834464507222,41784488
2005-09-07,28.4083194732666,28.97834662830303,28.21830971175123,28.883342812300192,45399596
2005-09-08,28.7883358001709,28.978345554646353,28.408318420729607,28.503322233212526,38977395
2005-09-09,28.88334083557129,29.073350584082704,28.69333108705987,28.97834464507222,29529615
2005-09-12,29.64337730407715,29.736483719326213,28.883340449694995,29.168354003899612,40492639
2005-09-13,29.92649269104004,30.211506237870783,29.64337653714285,29.831486755756817,37762474
2005-09-14,29.548376083374023,29.92649608593938,29.168356558150165,29.73648632332745,50503812
2005-09-15,29.168354034423828,29.453369718436228,29.073350226092707,29.168354034423825,22556191
2005-09-16,29.831491470336914,29.831491470336914,28.883344267158947,29.168357859033343,34478740
2005-09-19,29.736486434936523,29.736486434936523,29.263362614044294,29.643380011184753,27589350
2005-09-20,29.736486434936523,29.83149025184421,29.358366430951982,29.45337237736938,29219124
2005-09-21,29.453378677368164,29.926502599460335,29.453378677368164,29.548382514596916,31398221
2005-09-22,28.313316345214844,29.168359292364585,28.313316345214844,29.073355466907906,67829514
2005-09-23,27.834491729736328,28.218310306146975,27.549476016704794,28.123304358633217,74145787
2005-09-26,27.834491729736328,28.313314124150992,27.549476016704794,28.123304358633217,37537932
2005-09-27,28.693336486816406,28.693336486816406,27.739488519721018,27.83449447661053,40471577
2005-09-28,28.028301239013672,28.503324599889456,27.929496243662886,28.408320779518217,57526726
2005-09-29,28.9764461517334,28.9764461517334,27.931393562557453,27.931393562557453,45547022
2005-09-30,29.356468200683594,29.451472021773753,29.071454607903306,29.071454607903306,46137550
2005-10-03,29.07145118713379,29.356464746377203,28.786435498380822,29.166454997045076,30155107
2005-10-04,29.546480178833008,29.546480178833004,29.071456778888997,29.166460607073812,44427663
2005-10-05,29.546480178833008,29.64148400701782,29.261464435258624,29.261464435258624,25933275
2005-10-06,29.261459350585938,29.261459350585938,28.976445786047446,29.166455538909638,23106968
2005-10-07,28.9764461517334,29.356465662253676,28.9764461517334,29.071452094118282,18949770
2005-10-10,28.9764461517334,28.9764461517334,28.9764461517334,28.9764461517334,0
2005-10-11,29.261459350585938,29.641478856310325,29.261459350585938,29.451469103448133,24478990
2005-10-12,28.596424102783203,29.35646305635708,28.216406755505698,29.16645331796361,24473114
2005-10-13,28.121397018432617,28.501416443825946,28.02639322683886,28.501416443825946,21109163
2005-10-14,27.931392669677734,28.50142191723609,27.931392669677738,28.21640835821169,22954195
2005-10-17,27.36136817932129,28.21641106801944,27.17135841188728,28.121405119547553,35214256
2005-10-18,26.981346130371094,27.646379189668433,26.981346130371094,27.551375379558625,26905736
2005-10-19,26.411317825317383,26.791337338360414,26.031300441783984,26.791337338360414,34697177
2005-10-20,27.36136817932129,27.456371998283412,26.60132910958526,26.60132910958526,38872002
2005-10-21,27.171354293823242,27.64637757565931,26.981344555186926,26.981344555186926,21861278
2005-10-24,27.171354293823242,27.55137377109587,26.981344555186926,27.076348359750362,23409577
2005-10-25,27.64638328552246,28.121406665466065,27.456373507643043,27.551379461337692,41830517
2005-10-26,28.02640151977539,28.02640151977539,27.551378162230172,27.741385801640437,22798483
2005-10-27,27.741382598876953,27.931392345860225,27.456369043156805,27.74138259887695,21952354
2005-10-28,27.266361236572266,27.741384573080513,26.60132813955878,27.55137694208496,34497396
2005-10-31,27.551376342773438,28.02639966894874,27.171356830029342,27.171356830029342,25992034
2005-11-01,28.596424102783203,28.881439775128122,28.121400821554243,28.121400821554243,55383275
2005-11-02,29.07145118713379,29.356464746377203,28.881441437801662,28.881441437801662,35646134
2005-11-03,29.07145118713379,29.356464746377203,28.97644524771295,29.26145880695636,33037235
2005-11-04,29.6414794921875,29.6414794921875,29.26145997831083,29.26145997831083,37241440
2005-11-07,29.45147132873535,29.641481095954262,29.071453923807297,29.451471328735355,22675089
2005-11-08,29.546480178833008,29.546480178833004,29.35647039295341,29.451474221138223,19340517
2005-11-09,29.831491470336914,29.831491470336914,29.261462157078324,29.261462157078324,31062934
2005-11-10,29.736486434936523,30.21150977849438,29.736486434936523,29.83149025184421,23668116
2005-11-11,30.401519775390625,30.40151977539063,30.02150024582081,30.1165040634584,32828641
2005-11-14,31.066556930541992,31.256566720055734,30.40152373199889,30.40152373199889,32050085
2005-11-15,30.78154182434082,30.971551617822623,30.306518405391344,30.971551617822623,24725778
2005-11-16,31.44656753540039,31.731581073579314,30.686528594244063,30.876538329533144,37779085
2005-11-17,31.161556243896484,31.636579584074568,30.876542665691577,31.636579584074568,17947930
2005-11-18,31.731584548950195,31.826588362245236,31.351565036750763,31.54157479285048,33930372
2005-11-21,31.54157257080078,32.01659586283068,31.35156282808693,31.921592056228494,15350783
2005-11-22,30.68653678894043,31.446575933061666,30.68653678894043,31.446575933061666,26268201
2005-11-23,31.82659149169922,31.826591491699215,31.06655452207686,31.25656429685991,28791899
2005-11-24,31.44656753540039,31.826584876469155,31.25655780011131,31.826584876469155,23433080
2005-11-25,31.44656753540039,31.636575141180074,31.35156160300115,31.44656753540039,10600119
2005-11-28,31.731584548950195,32.11160406114963,31.446570979555435,31.446570979555435,26820535
2005-11-29,31.256561279296875,31.921594362079176,31.25656127929688,31.82658841910477,23876711
2005-11-30,32.206607818603516,32.301611631733834,31.351564982392123,31.351564982392123,38128701
2005-12-01,32.206607818603516,32.491621387504104,32.1116040054732,32.206607818603516,29679160
2005-12-02,32.6816291809082,32.776635117843526,32.301609692185906,32.491619436547055,33342782
2005-12-05,33.441673278808594,33.53667710078103,32.966649909926794,32.966649909926794,33222326
2005-12-06,33.7266845703125,33.82169051530475,33.25166123388029,33.25166123388029,37106295
2005-12-07,34.01169967651367,34.01169967651367,33.53667631870936,33.82169203699977,37041660
2005-12-08,33.25165939331055,34.10670220336345,32.966645833129434,34.01169626363003,44398284
2005-12-09,33.15665054321289,33.53667000977075,33.06164674132811,33.251656474607046,26083110
2005-12-12,33.15665054321289,33.15665054321289,32.586623472885464,32.96664293944333,30084597
2005-12-13,32.87164306640625,32.96664901531033,32.49162352980947,32.87164306640625,28310076
2005-12-14,32.396610260009766,32.77662968575119,32.30160433881983,32.68162376456126,23406639
2005-12-15,32.58662033081055,32.77663004576832,32.3016046936193,32.39661061585278,23436018
2005-12-16,33.441673278808594,33.53667710078103,32.87164395844454,32.87164395844454,36797810
2005-12-19,33.7266845703125,33.7266845703125,33.441670994355114,33.63168075482993,12568545
2005-12-20,34.01169967651367,34.01169967651367,33.346666549685686,33.72668608773304,26006724
2005-12-21,34.58173370361328,34.86674733129516,34.201714113697406,34.29672007593141,35152559
2005-12-22,34.58173370361328,34.58173370361328,34.58173370361328,34.58173370361328,0
2005-12-23,35.05674743652344,35.05674743652344,34.10670085383789,34.581724145180665,30419523
2005-12-26,35.05674743652344,35.05674743652344,35.05674743652344,35.05674743652344,0
2005-12-27,34.58173370361328,34.86674733129516,34.29672007593141,34.771743498571226,12171922
2005-12-28,34.20170593261719,34.48672162163311,34.10670212261825,34.39171568212461,20880003
2005-12-29,35.05674743652344,35.05674743652344,34.39171440274166,34.581724145180665,37958300
2005-12-30,34.20170593261719,35.05674874064583,34.20170593261719,35.05674874064583,37009342
2006-01-02,34.48672866821289,34.48672866821289,33.72668951488644,33.821695473807246,14701496
2006-01-03,35.34176254272461,35.43676848288519,34.20170616736469,34.48672185833685,27740113
2006-01-04,37.24185562133789,37.71687674760403,35.531768067429454,35.62677399629014,95318815
2006-01-05,38.571929931640625,38.85694352084671,37.43187131579673,37.43187131579673,62995501
2006-01-06,38.00189971923828,38.76193882096817,37.2418648765281,38.76193882096817,36151461
2006-01-09,37.62187957763672,38.19191102449338,36.861844746860555,38.00189912253462,32214610
2006-01-10,37.4318733215332,37.62188097151204,36.95684780805642,37.62188097151204,17166435
2006-01-11,37.62187957763672,38.096905073514,37.14685834077907,38.00189912253462,38028811
2006-01-12,40.187015533447266,40.18701553344726,38.571935457232726,38.571935457232726,88012136
2006-01-13,40.092002868652344,40.47202239818234,39.71198333912234,40.18700881578971,49798234
2006-01-16,42.752132415771484,42.847138356463056,39.90199252619694,40.37701371161645,65125514
2006-01-17,41.992103576660156,43.32216989743982,41.70708571447614,42.84714438615289,50183105
2006-01-18,39.902000427246094,40.947053204728164,39.236967228759326,40.852047245224334,55127674
2006-01-19,39.5219841003418,40.75704463943923,39.2369704573978,39.90200371060725,36838941
2006-01-20,39.80699157714844,40.852044278743755,39.61698393095824,40.28201708115348,29068066
2006-01-23,39.80699157714844,40.377018774738715,38.19191167796283,38.19191167796283,37479414
2006-01-24,39.711978912353516,40.37701195014367,39.711978912353516,39.99699246297516,38140453
2006-01-25,40.85204315185547,41.042050792804375,39.99699812003644,40.282015969989175,34635480
2006-02-03,39.99699783325195,41.802089574911896,39.52197660477587,41.51707598602234,52903646
2006-02-06,40.187015533447266,40.18701553344726,38.76194312424966,39.71198997737467,50617922
2006-02-07,40.47202682495117,40.56703278248015,39.33196811166328,39.99700129632623,39518351
2006-02-08,40.28201675415039,40.66203204344587,39.90199720583524,40.56703035063184,27178965
2006-02-09,40.66203308105469,41.04205263906713,40.09200587354591,40.8520449895708,37505856
2006-02-10,39.5219841003418,40.662038672117774,39.33197216569889,40.662038672117774,29082756
2006-02-13,38.09689712524414,39.04694365976802,38.001891194086134,38.951937728610005,52980033
2006-02-14,38.38191604614258,38.85694150957803,37.146855803837475,38.00189652719808,46495980
2006-02-15,38.38191604614258,39.331962713994145,38.38191604614257,38.57192793512449,32925593
2006-02-16,40.092002868652344,40.37701645104497,39.0469502271997,39.14195617433707,48517288
2006-02-17,39.61698532104492,40.66203380028935,39.616985321044915,40.56703210337068,19690133
2006-02-20,39.80699157714844,39.99699922333863,38.9519465217433,39.1419584269532,16370251
2006-02-21,39.1419563293457,40.28201492245053,39.14195632934571,40.09200302742332,26829349
2006-02-22,38.47692108154297,39.42696772694787,38.001895629330896,39.04694821698206,34864640
2006-02-23,37.811885833740234,38.47691887325771,37.7168798969466,38.47691887325771,41151850
2006-02-24,38.47692108154297,38.47692108154297,37.62187611936508,37.62187611936508,36080951
2006-02-27,39.1419563293457,39.14195632934571,37.81189010023315,38.191909631268096,26694204
2006-03-01,38.19190979003906,40.09200319409333,38.19190979003906,38.38191742683669,51496369
2006-03-02,39.711978912353516,40.091998399522026,39.52197129827875,39.616977234825626,45121019
2006-03-03,38.95194625854492,39.99699895307882,38.76193861363861,39.42697175934022,23312624
2006-03-06,39.23696517944336,39.52197878404879,38.76193966575444,38.95194731581813,20824182
2006-03-07,38.95194625854492,39.33196580737722,38.66693266167562,39.23696411443391,31412550
2006-03-08,37.906898498535156,38.666933350723966,37.81189254487915,38.381919748775694,66923539
2006-03-09,38.09689712524414,38.28690472854142,37.81188359078885,37.81188359078885,23418391
2006-03-10,37.906898498535156,38.57193165608771,37.716886591223144,37.906898498535156,32102968
2006-03-13,37.71688461303711,37.906896510383326,37.14685743903751,37.906896510383326,32390887
2006-03-14,37.71688461303711,38.19191009738312,37.43187102603731,37.811890561710214,37558739
2006-03-15,38.00189971923828,38.28691331763206,37.90689802578682,38.191911624180605,19769458
2006-03-16,38.666927337646484,39.901991766051,38.00189428351294,38.096900222394616,47021872
2006-03-17,38.28691101074219,38.95194411993087,38.19190932301483,38.66693053870993,21787829
2006-03-20,38.00189971923828,38.76193882096817,37.90689802578682,38.381919270103225,28550987
2006-03-21,37.4318733215332,38.19191243948814,37.4318733215332,38.001900530489515,35035041
2006-03-22,35.34176254272461,37.24186005084044,34.961745170611024,37.24186005084044,65633779
2006-03-23,35.72178268432617,36.00679625089496,34.48672247618836,35.15175342167899,69315029
2006-03-24,35.53178024291992,36.006803661469185,34.96175299246482,35.6267862043358,36671478
2006-03-27,36.006797790527344,36.38681731520824,35.531774449431076,35.531774449431076,27126082
2006-03-28,36.861839294433594,37.33686046102838,36.29180793189324,36.3868138688198,36791934
2006-03-29,37.24185562133789,37.526869148901305,36.76683023605311,37.24185562133789,31145196
2006-03-30,37.71688461303711,37.906896510383326,37.24186338771062,37.71688461303711,39959043
2006-03-31,38.19190979003906,38.76193695945144,37.71688430951574,37.71688430951574,39124666
2006-04-03,38.856937408447266,38.951939083891986,38.0968984507761,38.286906060684444,29561642
2006-04-04,38.571929931640625,39.04695116064424,38.28691208341498,38.951945211235696,26550244
2006-04-06,39.04694366455078,39.33195719904098,38.85693606123023,38.95193773338113,45267917
2006-04-07,39.61698532104492,39.616985321044915,38.666934279699305,39.33196745322932,42955751
2006-04-10,38.95194625854492,39.52197771130321,38.85694456560161,39.52197771130321,17483734
2006-04-11,38.76192855834961,38.76192855834961,38.19190151248256,38.57192096273345,16625853
2006-04-12,39.5219841003418,39.61699006766325,38.286919302224,38.286919302224,22108065
2006-04-13,39.80699157714844,40.18701112854853,39.52197797835329,39.90199752975338,28736078
2006-04-14,40.47202682495117,40.47202682495117,39.80699364028822,39.90199959781719,20436372
2006-04-17,40.28201675415039,40.757037995279575,39.90199720583524,40.472024398798126,21370640
2006-04-18,39.902000427246094,40.282020006241396,39.04695530975167,39.902000427246094,20301227
2006-04-19,40.75703811645508,40.852044068571246,40.37701856701008,40.37701856701008,27834128
2006-04-20,41.80208969116211,41.8020896911621,40.66203107341385,40.94704892211559,29940637
2006-04-21,42.94215393066406,43.132161595653756,41.99210708767532,42.18211475266502,40816924
2006-04-24,42.37211608886719,43.03714920553059,42.27711440007206,42.7521356211062,19405152
2006-04-25,41.42206954956055,43.322167218176766,41.23206191220868,42.56212815073028,25357437
2006-04-26,42.18210983276367,42.372117475591864,40.85204355590741,41.42207074341162,19969238
2006-04-27,41.042049407958984,42.657133467116466,41.042049407958984,42.18210799224319,18276980
2006-04-28,41.13705062866211,41.99209553339735,40.9470430159537,41.80208366166998,19146613
2006-05-02,40.947044372558594,41.89709098561428,40.091999439495105,41.422065549576885,30219742
2006-05-03,40.56703186035156,41.13705907452827,40.18701229789382,40.75703951207052,33853985
2006-05-04,43.32216262817383,43.32216262817383,41.137051605533564,41.137051605533564,50429893
2006-05-05,43.60717010498047,44.65222250156775,43.512164180103866,44.65222250156775,50512156
2006-05-08,43.98720169067383,43.98720169067383,42.562129460125156,43.607182145259536,23380197
2006-05-09,43.32216262817383,43.987195676974075,42.84713719659406,43.797183800734544,28119109
2006-05-10,43.51218032836914,43.70218798961964,42.752141165327046,43.51218032836914,20465752
2006-05-11,44.08220291137695,44.08220291137695,42.94214854634472,43.132156187510226,22216769
2006-05-12,43.037147521972656,43.60717892754202,42.75213394869763,43.22715941016889,23418391
2006-05-15,41.80208969116211,42.562128769660944,41.70708374159486,42.18210923041153,30105162
2006-05-16,41.13705062866211,42.18210314610576,41.04204469279843,42.18210314610576,23183355
2006-05-17,41.61207962036133,41.992099137412666,41.32706178830833,41.42206773232599,15562315
2006-05-18,41.61207962036133,41.61207962036133,41.61207962036133,41.61207962036133,0
2006-05-19,41.61207962036133,41.61207962036133,41.61207962036133,41.61207962036133,0
2006-05-22,40.28201675415039,41.42207114007618,40.09200485048298,41.42207114007618,24978441
2006-05-23,38.76192855834961,39.90198690910229,38.76192855834961,39.5219674588514,34885205
2006-05-24,38.666927337646484,39.426966330661706,37.336861229379394,38.95194089527242,38663408
2006-05-25,37.62187957763672,38.95194585526954,37.62187957763672,38.76193821233041,29470565
2006-05-26,39.426971435546875,40.187010526969665,38.571930651960976,38.571930651960976,43669673
2006-05-29,39.426971435546875,39.42697143554688,39.42697143554688,39.42697143554688,0
2006-05-30,38.95194625854492,39.616983663266204,38.85694456560161,39.42697175934022,21326571
2006-06-01,38.00189971923828,39.521977922698056,37.90689802578682,38.951946466890796,39900284
2006-06-02,39.5219841003418,39.90200371060725,38.571937204188366,39.141964490076354,32766944
2006-06-05,38.00189971923828,39.901997473563,37.81189207331566,39.80699152109184,26018475
2006-06-06,38.571929931640625,38.571929931640625,37.52687726520528,38.001898494208895,31744538
2006-06-07,38.00189971923828,38.28691331763206,37.81189207331566,38.191911624180605,20774237
2006-06-08,36.576820373535156,38.57192369334582,36.386812764467834,37.90689067308189,49892249
2006-06-09,36.576820373535156,37.24185765281796,36.10179922135742,37.05184578473177,49322286
2006-06-12,36.76683807373047,37.051851662050936,36.29181258718334,36.5768261755038,37532297
2006-06-13,36.861839294433594,36.861839294433594,35.72178082837189,36.481819805746355,42864675
2006-06-14,37.24185562133789,38.096896204028134,36.006791323204915,36.1017972520656,47950264
2006-06-15,38.19190979003906,38.95194459624907,37.62187836160718,38.19190979003906,39838587
2006-06-16,39.04694366455078,39.61697499254992,38.47691659557038,39.521969061380275,37899541
2006-06-19,38.76192855834961,39.046942081283134,38.001889657847826,39.046942081283134,22769104
2006-06-20,36.101806640625,38.28691375954459,36.101806640625,38.09690611142888,55489041
2006-06-21,36.101806640625,37.05185339924307,35.72178708537382,36.101806640625,36010440
2006-06-22,37.71688461303711,38.001898200036905,37.24186338771062,38.001898200036905,35769528
2006-06-23,37.4318733215332,37.811892880510676,36.57682824907896,37.24186567155437,31459557
2006-06-26,37.811885833740234,38.19190532189579,37.14685279422277,37.14685279422277,29303102
2006-06-27,37.71688461303711,38.476923684382925,37.621878664364,38.001898200036905,33521997
2006-06-28,36.671836853027344,37.2418683621868,36.2918172665944,36.671836853027344,43763687
2006-06-29,37.05184555053711,37.33685909184603,36.67182607578559,36.67182607578559,40085375
2006-06-30,38.00189971923828,38.09690567170944,37.52687847492188,38.09690567170944,73586807
2006-07-03,38.00189971923828,38.47692522257439,37.62188016837334,38.47692522257439,20480442
2006-07-04,38.76192855834961,39.33195560421667,38.19190151248256,38.38190910809872,45003501
2006-07-05,38.00189971923828,38.85694477343933,38.00189971923828,38.47692522257439,28956424
2006-07-06,37.71688461303711,38.001898200036905,37.43187102603731,37.43187102603731,30378392
2006-07-07,38.00189971923828,38.00189971923828,37.43187252245072,37.7168861208445,19381649
2006-07-10,38.19190979003906,38.19190979003906,37.43187072480955,37.62187836160718,20310041
2006-07-11,37.811885833740234,38.47691887325771,37.811885833740234,38.19190532189579,22472371
2006-07-12,37.62187957763672,38.28691271645313,37.43187193469758,38.19191102449338,26564934
2006-07-13,36.671836853027344,37.43187602589322,36.57683089166408,37.43187602589322,47635904
2006-07-14,35.53178024291992,36.006803661469185,35.246766617692366,36.006803661469185,77573604
2006-07-17,34.01169967651367,35.43677187943638,33.82169203699977,35.05675234138902,49989201
2006-07-18,34.296714782714844,34.58172836640887,33.631681667755615,34.10670501708224,39430212
2006-07-19,34.20170593261719,35.24675849015326,34.20170593261719,34.77173518113947,33692398
2006-07-20,36.19681167602539,36.386819319321376,35.15175686083854,35.531776406450156,44953556
2006-07-21,35.72178268432617,35.72178268432617,35.246759363541656,35.53177293011044,22539944
2006-07-24,34.48672866821289,34.96175207428693,34.39172270929209,34.77174228595532,33319279
2006-07-25,34.67673110961914,35.43677014859112,34.67673110961914,35.341764203964786,36075075
2006-07-26,34.67673110961914,34.67673110961914,34.67673110961914,34.67673110961914,0
2006-07-27,34.67673110961914,34.67673110961914,34.67673110961914,34.67673110961914,0
2006-07-28,36.48182678222656,36.48182678222656,35.72178765950856,36.101807220867556,21914161
2006-07-31,36.861839294433594,37.526872334881496,36.67182742058047,36.861839294433594,38933699
2006-08-01,36.38681411743164,37.241859037574734,36.38681411743164,37.051847162423364,15321403
2006-08-02,36.76683807373047,37.051851662050936,36.38681853629667,36.48182448541001,15497680
2006-08-03,37.24185562133789,37.43186322004062,36.8618361649138,37.051843763616525,29223778
2006-08-04,37.24185562133789,37.526869148901305,36.76683023605311,37.526869148901305,24099995
2006-08-07,36.861839294433594,37.241858783120826,36.67182742058047,36.861839294433594,19590243
2006-08-08,37.24185562133789,37.24185562133789,36.8618361649138,36.8618361649138,12915223
2006-08-09,37.811885833740234,37.906891770533875,37.2418587310164,37.43186634558468,33445610
2006-08-10,38.95194625854492,39.141958162470914,38.00189951597402,38.00189951597402,51816605
2006-08-11,39.23696517944336,39.3319668749653,38.85694562029618,39.14195922490161,36410001
2006-08-14,40.85204315185547,40.85204315185547,39.61698283813863,39.61698283813863,41997980
2006-08-15,40.75703811645508,41.042051713783906,40.18701092179742,41.042051713783906,42221264
2006-08-16,40.75703811645508,40.75703811645508,40.75703811645508,40.75703811645508,0
2006-08-17,44.283531188964844,44.283531188964844,43.93666361045866,44.167908662796115,123313062
2006-08-18,43.358543395996094,44.167905337676395,42.896053326139096,44.167905337676395,68946316
2006-08-21,41.39296340942383,43.12730578955074,41.27734087204412,43.12730578955074,48965
2006-08-22,42.086692810058594,42.31794217225075,41.62420272453571,41.62420272453571,34276
2006-08-23,41.624202728271484,42.20231965465769,40.814845078533786,42.08669281383588,41261044
2006-08-24,41.85545349121094,42.086698565596144,41.277340805247924,41.62420841682574,18731872
2006-08-25,41.73983383178711,42.54919596736841,41.7398338317871,41.971078922115595,19045254
2006-08-28,41.16171646118164,41.73982912176727,41.04609392906451,41.62420658965014,17524865
2006-08-29,41.73983383178711,41.971078922115595,41.392966196294374,41.392966196294374,21459268
2006-08-30,42.66481018066406,43.01167774841818,42.08669324830977,42.08669324830977,34912626
2006-08-31,42.89605712890625,43.93666419776563,42.89605712890625,43.4741697674776,45261551
2006-09-01,44.167911529541016,44.514779130560854,43.47417200807016,43.47417200807016,58080802
2006-09-04,46.364742279052734,47.17409998492042,45.09289013611535,45.32413519493469,67376962
2006-09-05,45.90224838256836,46.4803609820243,45.55537650346414,46.36473846213312,36822293
2006-09-06,45.32413101196289,46.24911548130428,45.32413101196289,45.32413101196289,37478435
2006-09-07,44.86164474487305,45.208512330531775,44.16790957355558,44.3991546306614,44737617
2006-09-08,45.43975830078125,45.67100768196517,44.51477805376984,44.86164564639912,31776366
2006-09-11,45.55538558959961,47.058482967412246,45.09289541779003,46.017880080840705,40617144
2006-09-12,44.63039779663086,46.13349492355853,44.63039779663086,46.13349492355853,24793840
2006-09-13,45.32413101196289,45.671002887610044,44.746018418268655,45.55537604944058,25658087
2006-09-14,45.09288024902344,46.01786460091918,44.630390232790596,45.55537026525628,25520983
2006-09-15,45.78664016723633,45.78664016723633,44.63041028766705,45.09290051172196,19045254
2006-09-18,47.520965576171875,47.63659242015356,46.48036285521419,46.48036285521419,72187853
2006-09-19,47.0584716796875,47.63658857521043,46.94284916446901,47.63658857521043,33404479
2006-09-20,47.75222396850586,47.75222396850586,46.5959941850722,46.9428618242728,36249393
2006-09-21,47.174102783203125,48.79282261038905,47.058480246934934,48.56157753785267,35938460
2006-09-22,47.520965576171875,47.520965576171875,46.59598537976505,46.942852953417606,15314058
2006-09-25,47.520965576171875,47.63659242015356,46.59598537976505,47.174098002519315,18474802
2006-09-26,47.174102783203125,47.86784232024353,46.94285771066675,47.63659724770716,16685101
2006-09-27,46.94285583496094,47.75221787592968,46.8272333033127,47.52096849320211,32483922
2006-09-28,46.595985412597656,47.52096560965626,46.36474036333301,46.942852986494636,41966152
2006-09-29,46.595985412597656,46.942852986494636,46.36474036333301,46.595985412597656,20976955
2006-10-02,47.636592864990234,47.636592864990234,46.71160834051494,46.94285339177605,27741582
2006-10-03,48.330326080322266,48.445948601315386,47.289719071953485,47.63659095436355,30290253
2006-10-04,47.40534973144531,48.67720200015054,47.40534973144531,48.67720200015054,20342848
2006-10-05,49.0240592956543,49.0240592956543,47.86783413078494,47.98345664727188,42556190
2006-10-09,49.0240592956543,49.0240592956543,49.0240592956543,49.0240592956543,0
2006-10-11,48.09908676147461,48.792821969978405,47.98346422672398,48.56157690047714,30574255
2006-10-12,48.09908676147461,48.792821969978405,48.09908676147461,48.56157690047714,25954330
2006-10-13,49.255313873291016,49.602185809398975,48.56157863993784,48.90844625661443,37027949
2006-10-16,50.064674377441406,50.180296912667266,48.792822170525696,49.13968977620328,41804565
2006-10-17,49.717811584472656,50.180301770145384,49.48656217220464,49.717811584472656,29448041
2006-10-18,49.6021842956543,49.6021842956543,49.02406729940475,49.13968983476841,26316677
2006-10-19,49.94904327392578,49.949043273925774,49.25530386214386,49.37092637753577,20763954
2006-10-20,49.37093734741211,50.18029945442052,49.37093734741211,49.949054372255674,21522924
2006-10-23,49.717811584472656,49.717811584472656,49.024071986531915,49.25531707936828,16146477
2006-10-24,49.717811584472656,50.064679223727204,49.37093962578646,49.602189038054476,16998482
2006-10-25,49.6021842956543,50.06467443710894,49.6021842956543,49.71780683101795,14124189
2006-10-26,49.6021842956543,49.6021842956543,49.6021842956543,49.6021842956543,0
2006-10-27,50.7584114074707,51.799018581219656,50.64278886810209,50.64278886810209,32361507
2006-10-30,49.717811584472656,50.64279195581811,49.602189038054476,50.64279195581811,32148506
2006-10-31,49.83342742919922,50.180295021806366,49.60218236746112,49.717804898330165,15282231
2006-11-01,50.41154479980469,51.22090259160763,49.94905463306015,49.94905463306015,31027189
2006-11-02,51.799015045166016,52.03026010811733,50.52716287950267,50.75840794245399,32456990
2006-11-03,52.955238342285156,54.11146793241956,51.56776801744098,51.799013071581676,60489920
2006-11-06,53.41773223876953,54.111467394292575,52.14588013421308,52.14588013421308,29558214
2006-11-07,54.22709655761719,55.73019389799397,54.11147401754447,54.34271909768991,27063406
2006-11-08,54.11146545410156,54.458333019425986,53.64897536700233,54.342710497651176,16689998
2006-11-09,54.11146545410156,55.15207246950557,53.99584293232675,54.22708797587637,32824234
2006-11-10,54.80521011352539,55.383327142345195,53.88022977850409,53.88022977850409,24607770
2006-11-13,53.18648147583008,55.267691038352375,52.95523212938945,54.80519666490154,20773747
2006-11-14,52.608367919921875,53.880219968439356,51.56776523248724,53.417729885135074,35637320
2006-11-15,52.37710952758789,53.64896125191627,52.14586454487902,52.955221984360065,24597977
2006-11-16,52.608367919921875,52.95523548240009,51.79901027413938,52.37712287826974,22597723
2006-11-17,52.03025436401367,52.60836695756874,51.799009326591644,52.60836695756874,32736096
2006-11-20,55.49893569946289,55.4989356994629,51.56776162734641,52.03025167831767,63212419
2006-11-21,54.68958282470703,55.26769980334749,54.342715229181415,55.26769980334749,20477504
2006-11-22,55.845821380615234,55.96144393092094,54.573969007820544,54.80521410843198,35654458
2006-11-23,55.38331985473633,56.192677541380725,54.805202901988,55.845809961390266,18447871
2006-11-24,54.68958282470703,55.26769980334749,54.689582824707024,55.26769980334749,11602450
2006-11-27,55.26769256591797,55.614560116020485,54.57395314628238,55.498937599319646,13355426
2006-11-28,54.34270095825195,55.03643596712152,54.34270095825195,54.57394596120847,14653020
2006-11-29,54.34270095825195,55.03643596712152,53.880210952338906,54.11145595529543,24333562
2006-11-30,54.45833206176758,54.80519962099228,53.9958419828013,54.68957710125071,21077335
2006-12-01,54.80521011352539,54.8052101135254,53.64898469474876,54.4583424878924,21038162
2006-12-04,53.880226135253906,54.805206407730296,53.41773599901572,54.805206407730296,19627947
2006-12-05,53.880226135253906,54.3427162714921,53.18649093089662,54.3427162714921,32621026
2006-12-06,54.45833206176758,54.68957710125071,53.88021946305973,53.88021946305973,28510346
2006-12-07,54.45833206176758,55.15207149964764,54.34270954202601,54.34270954202601,26365643
2006-12-08,54.45833206176758,54.45833206176758,53.88021946305973,54.34270954202601,18712286
2006-12-11,54.22709655761719,54.57396417783535,53.995851477471746,54.34271909768991,15343438
2006-12-12,53.18648147583008,54.34270661088112,53.07085896232498,54.11146158387091,34038586
2006-12-13,52.83962631225586,53.1864982818069,51.45215571177886,53.1864982818069,43550196
2006-12-14,52.261505126953125,52.95524031522148,52.14588259557507,52.49275018970924,22656482
2006-12-15,52.72399139404297,52.955236439876224,52.261501302376466,52.3771238252931,27376787
2006-12-18,53.533355712890625,54.45833593663823,52.4927486417436,52.723993697680505,37390296
2006-12-19,53.30210876464844,53.76459886010314,53.18648624078476,53.30210876464844,48419846
2006-12-20,53.30210876464844,53.648976336239464,53.07086371692108,53.07086371692108,19640188
2006-12-21,53.880226135253906,54.3427162714921,52.95524154334633,52.95524154334633,18780838
2006-12-22,53.880226135253906,54.3427162714921,53.76460360119436,54.227093737432554,10486029
2006-12-25,52.955238342285156,53.88022287827886,52.95523834228515,53.88022287827886,9636472
2006-12-26,52.955238342285156,53.764600351208514,52.95523834228515,53.07086518878643,15331196
2006-12-27,52.955238342285156,53.99584540534921,52.95523834228515,53.30211024292712,15015367
2006-12-28,53.41773223876953,53.53335476469004,52.60837023789511,53.186487186928524,13747152
2006-12-29,53.76460266113281,53.88022519317073,53.41773506501907,53.533357597056984,14795021
2007-01-02,54.92082977294922,55.152079163999176,53.88022695066504,54.11147202228374,28843313
2007-01-03,55.15208053588867,55.7301932293158,55.03645367777189,55.03645367777189,32388438
2007-01-04,55.845821380615234,55.96144393092094,55.152086078780926,55.49895372969808,21941582
2007-01-05,54.34270095825195,55.84579779689932,54.22707845677369,55.84579779689932,23501143
2007-01-08,53.64897537231445,53.995842937673224,53.41773032874194,53.64897537231445,18562940
2007-01-09,53.880226135253906,54.45833880555165,53.76460360119436,54.227093737432554,11813003
2007-01-10,54.11146545410156,55.15207246950557,53.99584293232675,54.11146545410156,29487214
2007-01-11,54.45833206176758,55.267694019389204,54.22708702228444,55.03644466047542,33592997
2007-01-12,55.15208053588867,55.38332561325952,54.68958606171561,55.15208053588867,27271511
2007-01-15,58.158267974853516,58.2738905078008,55.730190463529226,55.96143552942381,90305205
2007-01-16,57.348907470703125,58.27388768954739,57.117662415992065,58.27388768954739,36721913
2007-01-17,57.695770263671875,57.927015299188206,56.423918248901494,56.65516328441782,29739388
2007-01-18,58.27389144897461,58.73638590766461,57.11766610082765,57.811401309715826,28096585
2007-01-19,57.1176643371582,57.811399524625344,57.1176643371582,57.58015446213629,19201944
2007-01-22,56.77079391479492,57.11766583706844,55.96143617482952,57.11766583706844,24108319
2007-01-23,57.348907470703125,57.34890747070313,56.3083004050724,56.655167987138995,13299115
2007-01-24,57.2332878112793,57.81140047702589,56.88641589240018,57.46453287757793,15186747
2007-01-25,57.348907470703125,57.92702010748079,57.2332849433476,57.695775052769726,20166571
2007-01-26,55.614566802978516,56.770792109008596,55.26769921116949,56.192679455993556,32346817
2007-01-29,53.880226135253906,55.38332339745922,53.41773599901572,55.15207832934013,39642724
2007-01-30,44.90019226074219,45.28558917861259,44.70747652408269,45.28558917861259,25301616
2007-01-31,52.03025436401367,54.11146402024254,51.56776428916962,54.11146402024254,53473119
2007-02-01,51.91464614868164,52.839626553217784,50.642793773012635,52.49275890151673,43391057
2007-02-02,52.955238342285156,53.18648771585677,51.799013071581676,51.914635598652026,32726302
2007-02-05,52.72399139404297,53.53335337389012,52.3771238252931,53.07086328222362,25988606
2007-02-06,53.880226135253906,53.880226135253906,52.72399647522724,53.07086839683707,16440272
2007-02-07,54.34270095825195,54.34270095825195,53.3020984449476,53.880210952338906,23148589
2007-02-08,53.99584197998047,54.45833205892258,52.95523498293006,54.11146449971599,18198145
2007-02-09,53.880226135253906,54.11147120337301,52.95524154334633,54.11147120337301,21305026
2007-02-12,52.492740631103516,53.186480012477276,52.377118120779606,52.839608162075244,27379235
2007-02-13,50.64278030395508,52.4927449404388,50.642780303955085,52.26149990080716,45246862
2007-02-14,51.799015045166016,52.261505171068656,51.336524919263375,51.914637576641674,54227192
2007-02-26,52.83962631225586,53.8802335820454,52.72400376221611,53.648988481965894,46732974
2007-02-27,53.18648147583008,53.53334901634539,52.49274207536904,52.95523212938945,22066444
2007-03-01,50.064674377441406,51.799016725260564,49.71780677176382,50.874032124022435,93292120
2007-03-02,50.064674377441406,50.064674377441406,50.064674377441406,50.064674377441406,0
2007-03-05,46.48037338256836,49.024073818241476,45.902260628877144,49.024073818241476,67477342
2007-03-06,48.56156921386719,48.67719173031641,46.711604631249095,47.63658908227341,49107816
2007-03-07,49.6021842956543,49.94905190174528,48.67719969331376,49.48655744085939,63753492
2007-03-08,50.064674377441406,50.180296912667266,49.60218423653796,50.180296912667266,20034363
2007-03-09,49.0240592956543,50.41153381292805,48.79281426268042,50.180288779954175,23621109
2007-03-12,50.41154479980469,50.87403496654923,48.90844743845346,49.02406998013959,41055388
2007-03-13,51.10526657104492,51.452138424048286,50.527154015089884,50.87402154866291,35110938
2007-03-14,50.41154479980469,50.41154479980469,49.48656014688414,49.94905463306015,31391984
2007-03-15,50.7584114074707,51.105279025576564,50.64278886810209,50.75841140747071,21109163
2007-03-16,50.064674377441406,50.642787053570714,49.83342930698968,50.41154198311899,18700045
2007-03-19,49.83342742919922,50.41154008354446,49.717804898330165,50.41154008354446,12089659
2007-03-20,49.83342742919922,50.52716261441351,49.717804898330165,49.949049960068265,17865177
2007-03-21,49.83342742919922,50.41154008354446,49.83342742919921,50.180295021806366,15972649
2007-03-22,51.10526657104492,51.220889082235935,50.527154015089884,50.527154015089884,41312458
2007-03-23,51.683387756347656,52.03025531884623,50.87402579108694,50.87402579108694,36048633
2007-03-26,51.33652877807617,51.914641478909466,51.2209019184781,51.79901893874281,20707643
2007-03-27,51.33652877807617,52.14588655924279,51.105279378311444,51.33652877807617,27349856
2007-03-28,50.180294036865234,51.220896794261684,50.064671508265626,51.105274265662075,26025331
2007-03-29,50.87403106689453,50.98965359971783,49.71780573866149,49.71780573866149,22786242
2007-03-30,51.33652877807617,51.33652877807617,50.642789217644804,50.87403429797812,12018659
2007-04-02,50.7584114074707,51.4521509631138,50.411543789364856,50.411543789364856,9915577
2007-04-03,51.10526657104492,51.10526657104493,50.64277652628089,50.7583990374719,14062982
2007-04-04,52.261505126953125,52.49275018970924,51.56776993868477,51.79901500144089,51247622
2007-04-09,52.37710952758789,52.608354510296756,52.03024205352458,52.37710952758788,27398822
2007-04-10,52.03025436401367,52.2614994014357,51.56776428916962,52.2614994014357,21390716
2007-04-11,52.37710952758789,52.608354510296756,52.14586454487902,52.261487036233454,25856399
2007-04-12,52.37710952758789,52.72397700165119,52.03024205352458,52.03024205352458,32442301
2007-04-13,52.03025436401367,52.49274443885773,51.91463184530266,52.49274443885773,36849224
2007-04-16,52.03025436401367,52.03025436401367,51.56776428916962,51.799009326591644,22174169
2007-04-17,51.22089385986328,52.26150087707528,51.10527133788758,52.03025583312389,27411063
2007-04-18,51.22089385986328,51.45214322324541,50.87402629393619,50.87402629393619,18795528
2007-04-19,50.064674377441406,51.10527719447416,49.949051842215546,50.9896546592483,32217058
2007-04-20,50.064674377441406,50.29591944789313,49.949051842215546,49.949051842215546,26216297
2007-04-23,51.33652877807617,52.03026401907613,50.18029905697817,50.18029905697817,38110094
2007-04-24,51.10526657104492,51.683383446430305,50.64277652628089,51.33651591285728,20768850
2007-04-25,50.41154479980469,51.22090259160763,50.41154479980469,50.527167341490824,17892109
2007-04-26,51.10526657104492,51.452138424048286,50.87402154866291,50.87402154866291,27256821
2007-04-27,50.527164459228516,51.22089966977202,50.52716445922851,51.22089966977202,17767246
2007-04-30,51.22089385986328,51.5677657452211,50.758403771960495,51.33652070126971,25244326
2007-05-02,51.22089385986328,51.22089385986328,51.22089385986328,51.22089385986328,0
2007-05-03,55.614566802978516,55.84581186418453,54.57395970812039,54.689582238723396,68341589
2007-05-04,55.73019027709961,56.19268040734165,55.152077614297056,55.961435342220625,32924614
2007-05-07,56.42392349243164,56.6551685494378,55.49894326440702,55.845810849916255,31639261
2007-05-08,56.077056884765625,56.423924476323364,55.614566762688646,55.614566762688646,19116254
2007-05-09,55.96143341064453,56.19267846778384,55.498943296365894,56.19267846778384,22041961
2007-05-10,55.73019027709961,56.07705787478113,55.49894521197859,55.961435342220625,18472354
2007-05-11,55.15208053588867,55.38332561325952,54.80520860040104,55.38332561325952,17821108
2007-05-14,54.80521011352539,55.96143985173351,54.68958757164773,55.73019476797818,22166824
2007-05-15,53.99584197998047,55.152071496766396,53.764596940509406,55.036444657600214,16917689
2007-05-16,54.57395553588867,54.80520057941578,53.64897536178024,53.64897536178024,24216044
2007-05-17,54.22709655761719,54.92083179805351,54.22709655761719,54.45834163776263,20484849
2007-05-18,54.22709655761719,55.036454338126234,54.11147401754447,54.80520925798079,22600172
2007-05-21,55.845821380615234,55.96144393092094,54.2271013569034,54.2271013569034,26630058
2007-05-22,56.539554595947266,56.88642223406382,55.84581931971416,55.96144186575302,26980164
2007-05-23,57.002037048339844,57.34890461312273,56.65516516412624,56.77078768572053,20727229
2007-05-24,56.539554595947266,57.11767164557316,56.53955459594727,57.11767164557316,20717436
2007-05-25,55.96143341064453,56.07705593921418,55.383320767796235,55.961433410644524,25303085
2007-05-28,55.96143341064453,56.65516858206248,55.961433410644524,56.3083009963535,14626089
2007-05-29,55.96143341064453,56.53954605349282,55.73018835350521,55.961433410644524,13947912
2007-05-30,55.614566802978516,55.96143439478754,55.03644983053242,55.73018933358153,28887383
2007-05-31,53.99584197998047,56.539541733592735,53.99584197998046,56.19267417438615,26918957
2007-06-01,56.077056884765625,56.19267941528487,55.4989442321694,55.84581182372713,25251671
2007-06-04,56.88642120361328,57.11767061093373,56.30830848389106,56.42393102783551,23912456
2007-06-05,58.73637771606445,58.73637771606445,57.23328065366986,57.34890317235939,46042556
2007-06-06,59.19887924194336,60.123859570383,58.505139676182175,58.85201161877849,50745723
2007-06-07,59.66135787963867,60.008225435789015,58.50512837304024,59.198867804771545,27981515
2007-06-08,58.73637771606445,59.54573534689121,58.73637771606445,59.198867790822604,37439262
2007-06-11,59.08324432373047,59.892601941565445,58.96762180689691,59.892601941565445,21454372
2007-06-12,60.81759262084961,61.048837678186594,59.6613630147337,59.77698554340219,43562438
2007-06-13,60.70195770263672,61.511315238122634,60.47070837306779,61.2800702279838,24747323
2007-06-14,63.47690963745117,64.63313914407323,61.16445494363767,61.5113224997951,49602371
2007-06-15,64.98001098632812,64.98001098632812,63.82378140344088,64.5175208809456,38469993
2007-06-20,66.5987319946289,67.17684463781565,65.78936997473647,65.90499250337382,54472021
2007-06-21,69.37368774414062,69.37368774414062,66.82998740078608,67.06123249386998,58416218
2007-06-22,66.82998657226562,69.14244179386775,66.02062443707435,69.14244179386775,47580083
2007-06-25,66.5987319946289,67.7549572810024,65.90499250337382,65.90499250337382,29186074
2007-06-26,65.3268814086914,66.7143561046592,64.86439128317917,66.59873357328114,34848971
2007-06-27,65.44249725341797,65.67374229254641,64.40189457734004,65.09562969472533,21268302
2007-06-28,66.13623809814453,66.36748314219571,65.32687612453465,66.36748314219571,23807179
2007-06-29,65.67374420166016,66.36748365864287,64.74876401825757,66.36748365864287,30346564
2007-07-02,66.5987319946289,66.5987319946289,64.86438974563768,65.67374744609913,19556946
2007-07-03,66.82998657226562,67.75496693313384,66.82998657226562,67.1768542075912,21410302
2007-07-04,67.63933563232422,67.75495816246577,67.06122298161648,67.75495816246577,19485946
2007-07-05,68.21745300292969,68.21745300292969,67.29246843693618,67.7549585602174,19405152
2007-07-06,68.21745300292969,68.4486980645703,67.52371349857678,68.21745300292969,14121741
2007-07-09,69.1424331665039,69.25805569718544,67.52371341753144,67.7549584788945,28108826
2007-07-10,57.61869812011719,57.71503870608057,56.558809133301494,57.61869812011719,27963398
2007-07-11,67.8705825805664,68.4486995667867,67.63933751385075,68.4486995667867,21030817
2007-07-12,67.06121826171875,68.10182095975307,67.06121826171875,67.87057591574545,24972566
2007-07-13,68.21745300292969,68.67994312621092,67.6393360293971,68.4486980645703,27430650
2007-07-16,65.44249725341797,67.52370692500448,65.44249725341797,67.52370692500448,32589198
2007-07-17,65.67374420166016,66.13623861279221,63.82377951542423,65.44249915580951,35492871
2007-07-18,65.67374420166016,65.67374420166016,65.67374420166016,65.67374420166016,0
2007-07-19,63.93940353393555,64.05502605956536,63.24566838015668,63.59253595704612,38844581
2007-07-20,55.69163513183594,56.46247211447497,52.99378776178462,52.99378776178462,63503766
2007-07-23,66.13623809814453,66.4831056642213,65.67374369061143,65.90498873466261,23197555
2007-07-24,67.98619079589844,68.10181330490595,65.7893588053257,66.36747566979346,32542681
2007-07-25,66.36749267578125,66.94560536895419,66.13624759851209,66.8299828303196,32628371
2007-07-26,64.86439514160156,66.82998261138152,64.51752752683416,66.59873753486993,35987426
2007-07-27,60.933223724365234,63.01443385270804,60.81760117942572,62.320694263639375,81834119
2007-07-30,60.81759262084961,61.51132779286056,59.6613630147337,59.6613630147337,40286624
2007-07-31,62.898807525634766,62.89880752563477,61.1644651363973,61.51133275035852,39975692
2007-08-01,59.19887924194336,61.858202005638766,59.19887924194335,61.74257946458381,64727911
2007-08-02,61.973819732666016,62.43630986096034,59.89260983591045,61.395707072298116,39701483
2007-08-03,63.36128234863281,64.05501740872043,62.66754728854519,63.1300373286036,45006929
2007-08-06,63.59254455566406,63.59254455566406,61.51133449348733,61.51133449348733,28199413
2007-08-07,61.85820007324219,64.51752707329399,61.742577535799185,64.51752707329399,32177885
2007-08-08,63.47690963745117,63.47690963745117,61.973812574671676,61.973812574671676,19162772
2007-08-09,64.63313293457031,65.211245472625,63.93939356947449,64.51751042695938,38935168
2007-08-10,62.089447021484375,63.01443166836828,61.7425793986897,61.7425793986897,41371217
2007-08-13,62.783172607421875,63.36128518335913,62.20505571205415,63.13004015298423,21833857
2007-08-14,62.898807525634766,64.05503290550553,61.74257782633268,63.592542753557225,28527484
2007-08-15,60.586341857910156,62.32067962460961,60.58634185791015,61.97381207126972,37023053
2007-08-16,56.539554595947266,59.43012688578182,56.53955459594727,59.19888179370412,82531882
2007-08-17,56.88642120361328,58.96763563347639,56.42393102783551,56.655176115724394,73573586
2007-08-20,60.81759262084961,60.81759262084961,59.6613630147337,60.586347563512625,32434956
2007-08-21,63.014427185058594,63.36129478317455,61.51132994045828,62.2050651366902,49925545
2007-08-22,61.74257278442383,62.898802389308024,61.16446014169723,62.898802389308024,38798064
2007-08-23,64.51752471923828,64.51752471923828,63.59254013401289,63.82378520046145,66911787
2007-08-24,65.3268814086914,65.67374900282559,63.36129405583331,64.05502924410168,78788445
2007-08-27,67.45378875732422,68.43544597024494,67.03307914690001,67.59402674939652,77361908
2007-08-28,68.7159194946289,69.55734310460929,67.17331900221592,67.45379062834752,53331934
2007-08-29,68.99640655517578,68.99640655517578,66.75262008878927,67.03309175991502,50920367
2007-08-30,69.27686309814453,70.67922987912205,68.99639148826604,70.39875826924356,36018438
2007-08-31,68.7159194946289,68.7159194946289,66.75260938012214,67.31355699817811,84204881
2007-09-03,67.59403991699219,69.55735472529538,67.31356824400324,68.7159309747415,43342907
2007-09-04,67.31356811523438,68.57569718996051,67.17333009611141,67.45380176856382,35818494
2007-09-05,67.17333221435547,68.15498964758477,66.89286053305867,67.59404191919751,31446254
2007-09-06,66.3319091796875,67.03309052750737,65.63072783186763,66.61238084565676,47133678
2007-09-07,66.89286041259766,67.5940417974738,66.47215070851323,66.89286041259766,28434857
2007-09-10,66.19165802001953,66.75260560636318,65.77094842170992,65.91118640974398,26951601
2007-09-11,68.01475524902344,68.15499328004293,66.47215437098448,66.7526260672296,29375408
2007-09-12,67.31356811523438,68.99640688153588,67.31356811523438,68.57569718996051,31066769
2007-09-13,66.3319091796875,67.73427624112064,66.19167116380616,67.73427624112064,26100820
2007-09-14,66.3319091796875,66.89285687741943,65.91119949783689,66.3319091796875,33876183
2007-09-17,64.50881958007812,66.1916579720982,64.22834797000563,65.9111863620257,38109686
2007-09-18,64.50881958007812,64.50881958007812,64.50881958007812,64.50881958007812,0
2007-09-19,64.78931427001953,66.33191511967979,64.64907624157995,65.91120540015483,47802877
2007-09-20,66.75262451171875,67.17333422917972,65.49049535933581,65.6307333870874,36781488
2007-09-21,67.03308868408203,67.59403636638778,66.33190735554481,67.03308868408203,24562477
2007-09-26,67.03308868408203,67.31356470813155,66.47214536756958,66.47214536756958,37752643
2007-09-27,68.7159194946289,68.7159194946289,66.89284737608432,67.03308100625374,53935846
2007-09-28,68.99640655517578,69.97806395280615,68.43545884713079,68.99640655517578,50463353
2007-10-01,68.15498352050781,69.55735053250751,67.87450749863191,69.27687451063163,24244199
2007-10-02,70.11830139160156,70.39877744366548,68.71593422866317,68.71593422866317,49608492
2007-10-03,71.24019622802734,72.50232535359092,70.11830076144172,70.11830076144172,63096534
2007-10-04,71.0999526977539,72.08161006355496,70.39877135977791,71.24019071166644,29467219
2007-10-05,70.11830139160156,71.52066855453997,69.83782970533137,70.95972081620586,27059733
2007-10-08,71.24019622802734,71.52066791177691,70.67924849473454,71.52066791177691,17723585
2007-10-09,70.81948852539062,72.08161768670261,70.25854077620959,71.24019824582795,23228158
2007-10-11,70.95970916748047,71.52065681372957,70.11828988100332,71.09994717049099,34282191
2007-10-12,69.27686309814453,71.80112068442853,69.27686309814453,71.09993947683604,32388846
2007-10-15,68.4354476928711,69.83781455151576,68.01473807185697,69.27686693489935,21720419
2007-10-16,69.13663482666016,69.27687283420448,67.45379619930073,67.45379619930073,15293656
2007-10-17,68.7159194946289,69.2768671126849,67.59402862430971,69.1366291167227,22634448
2007-10-18,68.85617065429688,69.69759005934438,68.15498927202184,68.57569897454559,37236462
2007-10-19,68.15498352050781,69.9780601995281,68.15498352050781,69.55735053250751,33735406
2007-10-22,66.19165802001953,66.61236761832913,65.35023882340032,65.49047681143436,52519917
2007-10-23,68.15498352050781,68.71592683267309,66.33190684148752,66.33190684148752,35088087
2007-10-24,68.15498352050781,70.53900351169338,68.15498352050781,69.27687451063163,52387302
2007-10-25,69.4171142578125,69.55735227225804,68.43545688828043,69.27687624336696,44316103
2007-10-26,68.7159194946289,70.39876234879686,68.5756858644595,70.39876234879686,30915791
2007-10-29,70.11830139160156,70.25853941763353,69.13664394096531,69.27688196699727,36632550
2007-10-30,70.39876556396484,70.95970884184676,70.11828955923089,70.67923720290581,33137615
2007-10-31,68.99640655517578,70.53900729505767,68.99640655517578,70.39877364239153,52854517
2007-11-01,67.03308868408203,69.69758471779274,66.61237901380105,69.27687504751175,66467014
2007-11-02,63.10645294189453,65.21000530250431,62.40527173221964,63.94787650561397,104187014
2007-11-05,65.91120147705078,66.47214919162714,63.106467269962565,63.106467269962565,58381534
2007-11-06,64.50881958007812,66.1916579720982,64.50881958007812,65.9111863620257,27502466
2007-11-07,63.94789123535156,66.19167336946033,63.94789123535156,66.19167336946033,36377520
2007-11-08,60.72243118286133,62.26503153575521,60.30172159881823,61.984559934990614,56178072
2007-11-09,60.86267852783203,61.98456946924831,60.441968879076796,60.722440522982595,50383784
2007-11-12,57.49700164794922,58.89936871311207,56.65558664780362,58.89936871311207,65956953
2007-11-13,56.93605422973633,57.91771154150229,55.81415891177719,57.35676388252273,72320469
2007-11-14,58.89936447143555,60.02125978908917,58.759130831073676,58.89936447143555,74062836
2007-11-15,58.338417053222656,59.179836299068555,58.19817905698407,58.7591266761456,31517663
2007-11-16,56.79582595825195,57.216535683147285,56.09464453869101,56.23487820312688,66136495
2007-11-19,55.6739387512207,57.356777769817384,55.39346267092515,56.65559630066682,52307732
2007-11-20,55.53369140625,55.53369140625,53.149671317951885,53.28990496880897,76609059
2007-11-21,55.53369140625,56.79582045872431,55.393453389599486,55.954401090408105,58938520
2007-11-22,56.09463119506836,56.09463119506837,53.9910830709774,55.25321194543198,34382163
2007-11-23,54.83250427246094,56.7958144695686,54.69226627059861,56.23486682791228,26504788
2007-11-26,56.65559005737305,56.65559005737305,55.53369459140902,55.81416627500318,42435000
2007-11-27,55.25321960449219,56.37511063759009,54.552033888736744,55.25321960449218,38572821
2007-11-28,56.37510681152344,57.076288113897675,55.81415915014818,55.81415915014818,43026670
2007-11-29,57.77747344970703,58.198183101870114,57.076287785573165,58.057945095884726,34371962
2007-11-30,57.77747344970703,58.057945095884726,56.93605414538087,56.93605414538087,30934154
2007-12-03,56.09463119506836,57.91770769121147,55.95439319819803,57.91770769121147,39960186
2007-12-04,56.93605422973633,57.07628787013639,55.25321561859073,55.25321561859073,17862321
2007-12-05,57.77747344970703,58.198183101870114,56.375106487232394,56.93605414538087,40927261
2007-12-06,57.637245178222656,59.03961237754667,57.21653545500484,58.7591406839994,39082881
2007-12-07,57.216529846191406,58.33842524199115,56.936058180138176,58.057949210144514,39548057
2007-12-10,56.09463119506836,56.93605044470475,56.09463119506837,56.37510282301622,21183836
2007-12-11,55.95438766479492,56.79580683122225,55.53367808158125,56.5153352310106,40923180
2007-12-12,54.6922721862793,55.39345353984685,54.131324483949186,54.6922721862793,68162455
2007-12-13,50.905879974365234,55.1129764104798,50.90587997436524,54.131319120122065,127996642
2007-12-14,49.64375686645508,51.32659563828811,47.39997038207986,50.90588594532986,102240623
2007-12-17,47.96091842651367,49.643757209992025,47.399970710089704,49.50351918943764,60025969
2007-12-18,49.92422866821289,51.186357750333315,47.68044217806762,47.68044217806762,59777059
2007-12-19,53.009429931640625,53.28990158131942,50.625409994887974,50.765643636830795,71284026
2007-12-20,52.588722229003906,53.850851248162876,52.16801255595091,53.289903562161115,43948859
2007-12-21,53.71061325073242,55.11298028324534,53.009431917372616,53.1496699303619,57216555
2007-12-24,56.09463119506836,56.09463119506837,54.972735951691305,55.53368357337983,35608349
2007-12-25,55.25321960449219,56.51534865389986,55.25321960449218,56.51534865389986,12655623
2007-12-26,54.972740173339844,55.25321618861976,53.57037756011288,55.25321618861976,22320251
2007-12-27,56.09463119506836,56.65557881675689,54.69226432374345,54.972735951691305,27180108
2007-12-28,56.23486328125,57.21652050078843,55.53368204774694,56.094629654025006,24038135
2007-12-31,54.972740173339844,55.25321618861976,53.57037756011288,55.25321618861976,22320251
2008-01-02,54.552040100097656,56.655593121083626,54.552040100097656,56.655593121083626,23446464
2008-01-03,52.4484748840332,53.289894080427636,52.30824126182916,53.289894080427636,56100543
2008-01-04,51.32659149169922,52.168010809638886,50.905881832729385,51.88753915892339,47821239
2008-01-07,48.10114669799805,48.80233235650267,47.820675054072034,48.10114669799805,128988200
2008-01-08,47.68043518066406,48.80233044398828,47.11949191479485,48.24138281232617,84600688
2008-01-09,49.64375686645508,49.64375686645508,46.27807932278901,46.55855099616334,58412137
2008-01-10,49.64375686645508,51.32659563828811,49.64375686645508,50.765647925745924,82376824
2008-01-11,49.64375686645508,50.765647925745924,49.64375686645508,49.92422853982941,34835097
2008-01-14,50.0644645690918,51.04611756977293,49.64375489285893,50.7656459075488,67093368
2008-01-15,51.046119689941406,52.728962830562075,50.34493832236128,50.48517634219471,75080917
2008-01-16,48.24138259887695,48.942563861007464,47.68043496969681,47.960910967183324,112825400
2008-01-17,48.521854400634766,49.64374966292717,48.10114476872334,48.942564032546194,51518158
2008-01-18,48.94256591796875,48.94256591796875,47.11949368665064,47.399965330131955,55543557
2008-01-21,48.10114669799805,48.80233235650267,47.54020341014603,48.52185634678359,46089074
2008-01-22,44.735469818115234,45.997598773229285,44.735469818115234,44.735469818115234,84490515
2008-01-23,45.15617752075195,45.71712515407715,44.59522988742676,45.71712515407715,66817936
2008-01-24,44.45499801635742,46.13783661727512,44.31476001101659,44.87570766658685,73201854
2008-01-25,46.698787689208984,47.11949737021645,45.2964206305863,45.436654280393185,56025054
2008-01-28,44.875709533691406,46.278076548067574,44.875709533691406,45.71712886915846,28483823
2008-01-29,45.57689666748047,45.857372725582785,45.156186946120826,45.57689666748047,21906081
2008-01-30,45.71712112426758,46.55854031719066,45.436645149431534,45.9975927333111,31103494
2008-01-31,47.540191650390625,47.54019165039062,45.576877531183555,45.7171155013532,47780435
2008-02-01,48.24138259887695,48.80233022805709,47.68043496969681,48.52185423057058,35828695
2008-02-12,46.55854797363281,47.96091498105137,46.2780763184664,47.3999673049253,59387373
2008-02-13,45.85736083984375,46.979251684089384,45.717122847140786,46.698780064476146,33980235
2008-02-14,48.94256591796875,48.94256591796875,46.839017677376276,46.839017677376276,51106029
2008-02-15,48.94256591796875,49.363275566087246,47.960912982887635,47.960912982887635,38727879
2008-02-18,48.802330017089844,49.92422090480743,48.802330017089844,49.363273278052205,27271919
2008-02-19,49.22304153442383,49.50351317566686,48.66209388614473,49.36327517214883,21369498
2008-02-20,49.64375686645508,50.20470021320374,48.80233748053856,49.22304717349682,40370274
2008-02-21,50.905879974365234,51.326589617976694,49.783984680872685,49.783984680872685,45793238
2008-02-22,51.32659149169922,51.60706314241472,50.06446251478972,50.765643824475056,43589777
2008-02-25,53.43013381958008,53.991081424158764,52.16800498362255,52.16800498362255,54894759
2008-02-26,52.86919021606445,54.41179515394976,52.588718575445775,54.13131914753806,31332001
2008-02-27,53.85085678100586,53.85085678100586,52.86919932109186,53.570385092084905,41810685
2008-02-29,52.72895431518555,53.00942594376458,52.16800669223464,52.16800669223464,37926064
2008-03-03,50.20469284057617,51.326588100908694,49.223039945026315,50.76564047074243,39776564
2008-03-04,50.76564407348633,51.46682538661103,49.64375309932815,49.64375309932815,33733366
2008-03-05,50.0644645690918,51.466827246005806,49.783988541074315,50.7656459075488,28975521
2008-03-06,53.43013381958008,53.43013381958008,50.34492854308634,50.34492854308634,45550450
2008-03-07,53.009429931640625,53.28990158131942,51.60706295166033,51.60706295166033,34000638
2008-03-10,50.62540817260742,52.44848037858716,50.204694164543255,51.74729909673288,48829119
2008-03-11,50.344940185546875,50.34494018554687,49.223049082740566,49.223049082740566,42063676
2008-03-12,50.62540817260742,52.16800873900405,50.34493216723131,51.88753709942093,43799922
2008-03-13,49.50350570678711,50.625400834078505,49.363267724427594,50.06445327043281,33529342
2008-03-14,48.94256591796875,50.34493286696142,48.80233227912463,50.20469486232424,28179826
2008-03-17,46.83901596069336,48.10114485879093,46.278072694289705,47.820673225589104,57112503
2008-03-18,47.1194953918457,47.68043869910815,46.41830970907781,46.839019372421255,33041724
2008-03-19,48.10114669799805,48.52185634678359,47.39996540528649,48.38162270771712,26953641
2008-03-20,48.10114669799805,48.24138470285758,47.259727400426954,47.960913058931574,29846704
2008-03-21,49.36327362060547,49.363273620605476,48.2413827251026,48.2413827251026,44764956
2008-03-24,52.02777862548828,52.72896437945905,50.90588753124616,52.72896437945905,79132838
2008-03-25,52.4484748840332,52.58871287202979,51.46681769964218,52.02776528583598,59821945
2008-03-26,52.30824279785156,52.30824279785156,51.46681921095633,51.60705720307099,31672721
2008-03-27,50.20469284057617,51.887535731074955,48.662092314860054,51.326588100908694,69882380
2008-03-28,48.94256591796875,49.924223218842926,48.80233227912463,49.64375157536162,49949212
2008-03-31,48.802330017089844,49.50351127618923,47.680434763579406,49.082801647571024,52213881
2008-04-01,47.8206787109375,49.08280775380963,47.8206787109375,48.24138839189488,33462014
2008-04-02,48.802330017089844,49.22303964570805,48.24138239033463,49.082801647571024,65930430
2008-04-03,49.784000396728516,49.924238444133806,48.52187106746408,48.802347162274664,50748987
2008-04-07,51.18635559082031,51.32659360484834,50.204698224210844,50.485174252266894,56143388
2008-04-08,50.905879974365234,51.88753726472297,50.90587997436524,51.60706125845333,49979816
2008-04-09,50.48517608642578,51.60706714202895,50.20470004817986,51.18635745045357,36550941
2008-04-10,51.747314453125,51.887552497429716,50.204709063156,50.76565687458057,49104552
2008-04-11,52.72895431518555,53.28989757234362,52.16800669223464,52.16800669223464,73061077
2008-04-14,51.88753890991211,52.308248566862936,51.46682488716814,52.308248566862936,29118338
2008-04-15,51.46683120727539,52.16801696549421,51.32659754826658,51.88754528168289,20286129
2008-04-16,51.747314453125,52.44849594305999,51.32660468600514,51.887552497429716,37103846
2008-04-17,53.43013381958008,53.57037181217292,52.588714595608394,53.009424207594236,96203546
2008-04-18,52.16802215576172,53.149679695458296,51.88755044404589,52.7289699449875,37891380
2008-04-21,53.28990936279297,53.28990936279296,52.30825626267812,52.30825626267812,53301330
2008-04-22,52.72895431518555,53.14966394095052,52.308244689420576,52.72895431518555,24833829
2008-04-23,50.76564407348633,51.887539413437686,50.34493441245286,51.326591743462004,80208046
2008-04-24,49.22304153442383,50.20469446167096,49.08280353090579,49.92422282042793,94267356
2008-04-25,49.36327362060547,49.64374961882586,49.22303998728817,49.22303998728817,51216203
2008-04-28,50.48517608642578,50.48517608642578,49.08280899257669,49.50351868415206,45891170
2008-04-29,49.36327362060547,50.48516888190123,49.363273620605476,49.92422125125335,32862183
2008-04-30,49.50350570678711,49.92421528807329,49.363267724427594,49.363267724427594,27951319
2008-05-02,47.39997863769531,49.503527468859986,47.39997863769531,49.22305574663613,137873455
2008-05-05,45.71712112426758,46.979249913652204,44.735463943926476,46.83901192623418,151400262
2008-05-06,46.2780876159668,46.9792691079533,45.99761152653676,45.99761152653676,90374574
2008-05-07,46.698787689208984,47.680440701030804,46.13783999260123,46.27807800820152,88611804
2008-05-08,46.2780876159668,46.698797384317565,45.99761152653676,46.278087615966804,51199881
2008-05-09,46.13784408569336,46.83902549431291,46.13784408569336,46.41831577598242,67460612
2008-05-12,46.2780876159668,46.41832129488752,45.99761152653676,46.278087615966804,44377310
2008-05-13,47.68043518066406,47.82067318002782,46.55854428313274,46.69878228249649,112123557
2008-05-14,49.784000396728516,50.0644764915391,48.662109114869374,49.08281889129085,159708128
2008-05-15,50.76564407348633,50.90588208242854,49.924224751419395,50.48517242139508,142133481
2008-05-16,51.046119689941406,51.46682938364819,50.62541436202815,51.46682938364819,93512466
2008-05-19,51.46683120727539,51.60706923207789,50.48517813103894,51.60706923207789,64592031
2008-05-20,49.64375686645508,51.466829292078515,49.36328082728723,50.90588594532986,61192988
2008-05-21,49.08281326293945,49.924232719296405,48.94257523161533,49.082813262939446,50883643
2008-05-22,50.344940185546875,50.4851782105703,48.52186332341714,48.52186332341714,55643528
2008-05-23,49.08281326293945,50.76565217565336,49.082813262939446,50.344942447474885,46925573
2008-05-26,48.521854400634766,49.08280203178097,48.10114476872334,48.802330399104314,35453290
2008-05-27,48.802330017089844,49.082801647571024,48.381620388471646,49.082801647571024,17574647
2008-05-28,47.8206787109375,49.223045769393224,47.39996902998013,49.08280775380963,39780644
2008-05-29,47.96091842651367,48.802337818252845,47.820680405959294,48.52186177714409,28267557
2008-05-30,48.24138259887695,49.363273491444346,47.68043496969681,48.662092229313835,72775443
2008-06-02,50.48517608642578,50.765647758878195,49.643756703275024,49.92422837572744,76668226
2008-06-03,49.784000396728516,50.48518626796058,49.50352866771233,50.48518626796058,30513864
2008-06-04,50.62540817260742,50.76564180950248,49.783984522272085,50.204694164543255,63176103
2008-06-05,51.046119689941406,51.046119689941406,49.92422862865449,50.62541436202815,43145004
2008-06-06,50.76564407348633,51.60706339555325,50.76564407348632,51.326591743462004,42581897
2008-06-09,49.22304153442383,49.50351317566686,48.521855882626696,49.08280353090579,50357261
2008-06-10,48.521854400634766,49.5035116636924,48.521854400634766,49.5035116636924,38625867
2008-06-11,49.22304153442383,49.50351317566686,48.80233188966276,49.36327517214883,41331229
2008-06-12,48.24138259887695,48.662092229313835,48.1011446001337,48.381620597620206,33149857
2008-06-13,48.24138259887695,48.80233022805709,48.1011446001337,48.80233022805709,24780783
2008-06-16,47.96091842651367,48.66209979769847,47.54020873064408,48.52186177714409,33202903
2008-06-17,48.10114669799805,48.10114669799805,47.259727400426954,47.960913058931574,23738219
2008-06-18,47.68043518066406,48.101144812962424,47.25972554836571,48.101144812962424,27855428
2008-06-19,46.83901596069336,47.25972559339255,46.69878232698889,46.979253960190725,32964195
2008-06-20,46.2780876159668,47.54021692101909,46.278087615966804,46.698797384317565,45040389
2008-06-23,45.29642105102539,45.717130735937864,45.01594501722145,45.156183034123416,60801261
2008-06-24,44.45499801635742,45.57688896170486,44.45499801635742,45.156179311475434,50332778
2008-06-25,45.01593780517578,45.01593780517578,44.03428494151383,44.45499455902402,58691650
2008-06-26,44.875709533691406,45.57689085798286,44.59523351134021,45.43665284680726,40349872
2008-06-27,42.35145950317383,43.1928789971021,41.93074975620969,42.211221465587755,82458433
2008-06-30,41.93074035644531,42.63192165560119,41.369792697644755,42.35145000909746,45999303
2008-07-01,41.6502685546875,42.63192596537862,41.51003490015558,42.07097824987033,30515904
2008-07-02,41.6502685546875,42.491687945053165,41.51003490015558,41.6502685546875,38915582
2008-07-03,42.912391662597656,43.19286766417864,40.388133843126376,40.66860984470736,63745331
2008-07-04,41.51002883911133,42.912391374427216,41.51002883911133,42.912391374427216,34104690
2008-07-07,41.79050827026367,42.070979956498505,40.66861715953062,41.51003658402884,42008589
2008-07-08,40.9490852355957,41.79050458591237,40.38813754678681,41.65026657226181,47635577
2008-07-09,38.84553527832031,41.51003123444363,38.70529727037914,41.22955521856128,84921006
2008-07-10,38.00411605834961,38.98577338483353,37.162696740161444,38.70529736824202,84055943
2008-07-11,38.98577880859375,39.82719387804767,37.44317360011044,37.72364528992841,105543775
2008-07-14,39.26624298095703,40.24790025607402,38.98577134483487,38.98577134483487,65563187
2008-07-15,38.00411605834961,38.98577338483353,37.58340639925552,38.98577338483353,53009576
2008-07-16,38.14434814453125,39.12600543096274,38.14434814453125,38.4248241496791,32949913
2008-07-17,40.66861343383789,40.66861343383789,39.126008386381606,39.26624639954854,65081689
2008-07-18,40.24790954589844,41.51003874845604,40.107671512571834,41.51003874845604,52468911
2008-07-21,42.35145950317383,42.49169317496582,41.369801971659484,41.51004000924556,56890116
2008-07-22,41.79050827026367,42.351456008527066,41.08932687177973,41.229560532000285,55668011
2008-07-23,42.21121597290039,42.77216368445791,42.2112159729004,42.63192566512015,44699669
2008-07-24,42.77215576171875,42.91238938928734,42.35144614742755,42.63191776835745,30958637
2008-07-25,42.35145950317383,42.35145950317383,41.65027368103755,42.07098342800168,27618760
2008-07-28,42.35145950317383,42.35145950317383,42.35145950317383,42.35145950317383,0
2008-07-29,40.24790954589844,41.229562681802825,40.107671512571834,40.949090980943566,41602581
2008-07-30,41.51002883911133,41.930738472864675,40.94908120550923,41.22955283941383,29983401
2008-07-31,41.93074035644531,42.491683649452774,41.08932105114103,42.070973996800625,34184260
2008-08-01,42.35145950317383,42.35145950317383,41.08933026228143,41.51004000924556,19539400
2008-08-04,42.21121597290039,42.35145399223815,41.65026826134288,41.9307443000184,20410584
2008-08-05,41.51002883911133,42.35144810661802,41.51002883911133,42.35144810661802,33437531
2008-08-06,43.19286346435547,43.333097085717526,42.351444273013094,42.351444273013094,58497827
2008-08-07,43.19286346435547,43.19286346435547,43.19286346435547,43.19286346435547,0
2008-08-08,45.71712112426758,46.27806870814714,44.17451636004691,44.17451636004691,61705088
2008-08-11,48.802330017089844,48.802330017089844,47.119491502617045,47.399963133098225,114176040
2008-08-12,49.08281326293945,49.78399468797228,48.52186550343685,49.3632849597938,87765104
2008-08-13,49.36327362060547,49.64374961882586,48.381620724212794,49.08280198817798,78567691
2008-08-14,49.64375686645508,49.64375686645508,48.80233748053856,49.36328082728723,37962788
2008-08-15,47.1194953918457,49.78398701582539,46.839019372421255,49.78398701582539,61111378
2008-08-18,44.875709533691406,47.82067720782608,44.875709533691406,47.119495883534626,65069448
2008-08-19,44.59524154663086,45.15618932661306,42.91240257247831,42.91240257247831,61715290
2008-08-20,45.99760818481445,46.27808425386794,43.47334975809704,43.47334975809704,44764956
2008-08-21,45.43665313720703,46.137838831773244,45.15618147885652,45.85736717342273,32415370
2008-08-22,44.735469818115234,45.85736513318979,44.03428852053846,45.43665111569201,38458567
2008-08-25,46.2780876159668,46.41832129488752,45.01595394512021,45.01595394512021,28287959
2008-08-26,46.698787689208984,46.698787689208984,45.436654280393185,45.99760197700094,28865348
2008-08-27,47.96091842651367,48.38162812238326,46.558551318350524,46.558551318350524,57314487
2008-08-28,45.57689666748047,47.680445274278696,45.436658638429314,47.259735552919054,96738089
2008-08-29,44.875709533691406,46.278076548067574,44.31476185478228,45.57689085798286,77059952
2008-09-01,41.79050827026367,42.211217982512785,41.79050827026367,41.79050827026367,80728308
2008-09-02,39.54671859741211,40.388137956259456,39.12600891798843,39.82719026176343,151804230
2008-09-03,39.686954498291016,40.668611819916116,39.26624484127928,39.686954498291016,65438732
2008-09-04,39.686954498291016,40.38813580471286,38.98577319186918,39.686954498291016,64051367
2008-09-05,40.107662200927734,40.38813383667095,38.70529529062574,38.70529529062574,51261088
2008-09-08,42.912391662597656,42.912391662597656,41.930738754443006,42.6319200268096,46574651
2008-09-09,41.36980056762695,42.912401465543724,41.089328867767705,42.912401465543724,66891384
2008-09-10,41.08932876586914,42.21121992831787,40.52838100174782,41.36980046503284,57918399
2008-09-11,40.38814163208008,41.650270785220464,40.38814163208008,41.229561067507,54101105
2008-09-12,41.08932876586914,41.65027216419654,40.10767127010531,41.229562432554026,70822931
2008-09-15,38.565059661865234,40.80884598319761,38.42482601826479,40.80884598319761,80642618
2008-09-16,37.425315856933594,38.90913749762825,36.43610068594185,36.43610068594185,83616226
2008-09-17,38.90913391113281,39.89835122252819,37.75505151100962,39.23887301493127,94370965
2008-09-18,38.744266510009766,38.90913607106125,36.930705801615055,37.26044492371803,97044569
2008-09-19,41.38216781616211,41.38216781616211,40.22808555297896,40.55782461765154,75815404
2008-09-22,42.70112609863281,43.03086517893307,41.87677839788216,42.86599563878294,78157248
2008-09-23,43.525474548339844,43.69034410823292,42.04165297247378,42.701131212046086,50505755
2008-09-24,42.371395111083984,43.52547764938852,42.371395111083984,43.36060807774903,45084033
2008-09-25,40.722694396972656,42.37138526716406,40.55782486363643,41.5470376004829,52489225
2008-09-26,39.56861114501953,41.21730216026919,38.24965922545407,41.21730216026919,90705625
2008-09-29,39.56861114501953,39.56861114501953,39.56861114501953,39.56861114501953,0
2008-09-30,36.930702209472656,37.260441299502865,36.930702209472656,36.930702209472656,105235699
2008-10-01,36.930702209472656,38.084789024578384,36.76583489604316,38.084789024578384,52082951
2008-10-02,34.62253952026367,37.425315434507176,34.45766995502831,36.600969839916246,75355906
2008-10-03,34.62253952026367,35.28201554961923,32.64410696902521,33.30358522996666,101176503
2008-10-06,32.64411163330078,33.303589988470215,32.64411163330078,33.303589988470215,54889615
2008-10-07,32.67707824707031,32.97384344056352,31.424074115492605,31.424074115492605,52437775
2008-10-08,30.401880264282227,32.3143646698152,30.401880264282227,31.78678214923079,76924232
2008-10-09,30.401880264282227,31.522990888938583,30.401880264282227,30.401880264282227,65410168
2008-10-13,29.973222732543945,30.0061966412187,29.412666285073062,29.511588011097334,72707139
2008-10-14,32.05057144165039,32.05057144165039,31.588936764482934,32.05057144165039,62255776
2008-10-15,31.02839469909668,31.720844753221108,30.929472943995158,31.391107801135604,64258762
2008-10-16,29.973222732543945,29.973222732543945,29.973222732543945,29.973222732543945,22432020
2008-10-17,29.57753562927246,29.84132689689416,28.951033600256498,29.346718270103473,72139420
2008-10-20,28.68724822998047,29.478619963945256,28.55535256905533,29.478619963945256,50278667
2008-10-21,27.698030471801758,29.346721619430543,27.698030471801754,28.75319343112821,79619126
2008-10-22,26.74178695678711,27.170445547264293,26.741786956787106,26.774760866176557,57208394
2008-10-23,25.818519592285156,25.818519592285156,25.818519592285156,25.818519592285156,10309433
2008-10-24,24.92822265625,24.928222656249996,24.928222656249996,24.928222656249996,21420770
2008-10-27,23.21358299255371,23.21358299255371,23.21358299255371,23.21358299255371,26711207
2008-10-28,23.971981048583984,24.66443308849147,21.59786646365753,21.59786646365753,127811423
2008-10-29,23.741167068481445,25.521756049148305,23.576299743377156,25.521756049148305,110540329
2008-10-30,25.389856338500977,25.389856338500977,24.070902327750524,24.235771858042504,70198528
2008-10-31,26.379070281982422,27.104493955997928,25.027142416766196,25.389855369566614,89870013
2008-11-03,26.379070281982422,27.038546146397852,25.884463941567184,26.477991996382535,94422414
2008-11-04,25.422834396362305,26.379075596634145,25.027147459041917,26.379075596634145,94028559
2008-11-05,25.027143478393555,25.91743671417463,24.73038055419014,25.554725977573703,91182864
2008-11-06,23.27953338623047,23.90603543898058,23.27953338623047,23.27953338623047,77729684
2008-11-07,23.54332160949707,23.971980148424677,21.927602475302745,21.927602475302745,69293725
2008-11-10,22.191396713256836,23.279533507501803,22.02652716388856,23.08169004825987,98009693
2008-11-11,22.257341384887695,22.883843352287972,21.894628427580223,21.894628427580223,72621982
2008-11-12,22.257341384887695,22.75194773144889,21.960576237999764,22.257341384887695,50071094
2008-11-13,20.70757484436035,21.169209623696155,20.70757484436035,20.938392234028253,89552445
2008-11-14,19.784305572509766,21.334077090639816,19.784305572509766,20.77352062797669,100986672
2008-11-17,20.114042282104492,20.509726918400577,19.7843032255366,19.7843032255366,73830160
2008-11-18,18.729141235351562,19.619434492590425,18.729141235351562,19.48753886461645,86201125
2008-11-19,19.124826431274414,19.45456324052059,18.630217870027238,18.729139582276673,94500476
2008-11-20,17.805875778198242,18.663196380152502,17.805875778198242,18.16858881262974,87528169852
2008-11-21,19.025909423828125,19.025909423828125,17.344242131323576,17.476137780271838,80731501
2008-11-24,18.828065872192383,19.289700641593644,18.663196311691934,19.02590934479292,64317308
2008-11-25,19.65241050720215,20.015123523029658,19.22375190190081,19.65241050720215,80325227
2008-11-26,19.256723403930664,19.784303674835176,19.256723403930664,19.487538517184582,44672436
2008-11-27,20.5756778717041,20.5756778717041,19.78430624668087,19.81728015737291,81434054
2008-11-28,21.235153198242188,21.268127104450826,20.47675558702885,20.575675074069352,99508827
2008-12-01,21.531923294067383,21.894634113991714,20.872445018594178,21.235158070104443,95139160
2008-12-02,20.114042282104492,20.740544257998103,20.114042282104492,20.14701618776128,65665642
2008-12-03,19.256723403930664,20.47675570935323,19.22374949752504,20.278910039334065,68575205
2008-12-04,19.124826431274414,19.949171801767765,19.124826431274414,19.45456324052059,56413587
2008-12-05,19.289697647094727,19.586460578340755,19.124828112188332,19.223749833132167,46130766
2008-12-08,20.6086483001709,20.608648300170895,19.88322461910595,19.949172429346884,56527131
2008-12-09,21.400022506713867,21.82868332766848,21.202181282474292,21.268129101082693,133964085
2008-12-10,22.88384437561035,22.88384437561035,21.49894475804062,21.597866478093522,134522934
2008-12-11,22.620054244995117,23.015741144848622,22.22436957672718,22.71897820154406,101728256
2008-12-12,21.10325813293457,22.48815999883107,21.037310318768764,22.389238277582358,98923366
2008-12-15,22.55410385131836,22.55410385131836,22.092471419154343,22.092471419154343,86614496
2008-12-16,22.15842056274414,22.323290095440967,21.696785871193036,22.257342282362238,49613370
2008-12-17,21.96057891845703,22.850872236202605,21.7627354630501,22.718978830850276,79221722
2008-12-18,22.32328987121582,22.4222115898403,21.89462909050974,22.092472527758698,27825357
2008-12-19,22.587080001831055,22.587080001831055,22.587080001831055,22.587080001831055,53413544060
2008-12-22,21.10325813293457,22.7189773484114,21.10325813293457,22.356264370499453,72462310
2008-12-23,20.278913497924805,21.10326129865876,19.883228785158323,21.10326129865876,71126395
2008-12-24,20.44378089904785,20.608648192201095,19.78430280009353,19.78430280009353,44212938
2008-12-25,20.344858169555664,20.575673261093012,20.212962556342767,20.44377987946534,20659671
2008-12-26,20.278913497924805,20.542704794159672,20.17999399342255,20.34486355356934,22047035
2008-12-29,20.179994583129883,20.410811974080424,20.048098931158147,20.278914090522804,16747728
2008-12-30,21.00433921813965,21.136234864094245,20.410811042929744,20.443784954418394,45859325
2008-12-31,21.169206619262695,21.465971792431688,20.93838926235348,21.26812834365236,47315880
2009-01-02,21.169206619262695,21.169206619262695,21.169206619262695,21.169206619262695,0
2009-01-05,22.620054244995117,22.620054244995117,22.620054244995117,22.620054244995117,48275681
2009-01-06,22.91682243347168,23.015744171443366,22.42221597519909,22.91682243347168,123388533
2009-01-07,23.477373123168945,23.906031649763396,23.345477505267482,23.411425314218214,118020034
2009-01-08,21.86165428161621,22.751947480890184,21.86165428161621,22.62005186150362,90467892
2009-01-09,20.839466094970703,21.630837603705302,20.773518283277372,21.301100776824036,118067936
2009-01-12,20.74054718017578,21.070286283201284,20.44378421903853,20.971364552293632,47377975
2009-01-13,21.400022506713867,21.400022506713867,20.608650914998673,20.740546552215477,39403288
2009-01-14,21.10325813293457,21.597866739178137,21.037310318768764,21.498945017929422,40760493
2009-01-15,20.278913497924805,20.47675920168677,19.94917660921704,20.14702008139319,86740458
2009-01-16,20.509729385375977,20.773520662359946,20.377835978469648,20.773520662359946,35143617
2009-01-19,20.410808563232422,20.542701961577585,20.311886840784414,20.344860748267084,23970186129
2009-01-20,19.949174880981445,20.114044426845272,19.850253153463154,19.949174880981445,56424232
2009-01-21,19.454566955566406,19.75133214898502,19.256725724873036,19.5205147763261,88663609
2009-02-02,19.619436264038086,19.916201453774594,19.586462354067365,19.65241017400881,68358762
2009-02-03,20.048097610473633,20.311888897039644,19.718358502266117,19.718358502266117,75618477
2009-02-04,20.114042282104492,20.278909578803052,19.982146659477333,20.21296399907486,56786153
2009-02-05,19.949174880981445,20.212966154363563,19.883227062635918,20.04809660849974,40267286
2009-02-06,20.93839454650879,21.268133711022884,20.245944532615308,20.2789162174806,83410428
2009-02-09,21.235153198242188,21.663811747369106,21.13623147961626,21.268127104450826,81079229
2009-02-10,21.07028579711914,21.432996570493916,20.773520611242432,21.432996570493916,34758632
2009-02-11,21.26812744140625,21.26812744140625,20.443782004715352,20.443782004715352,62048204
2009-02-12,20.344858169555664,21.10325571394461,20.344858169555664,21.10325571394461,69281306
2009-02-13,20.872440338134766,21.103257682791646,20.509727367959666,20.509727367959666,58020943
2009-02-16,21.82868194580078,21.82868194580078,21.268127754700952,21.400021151982596,116538641
2009-02-17,21.07028579711914,21.663813937286914,20.97136406849357,21.49894662116328,67414928
2009-02-18,21.235153198242188,21.432994403908612,20.938388042364412,21.07028366719898,75975075
2009-02-19,21.696788787841797,21.89463225367362,21.03731279998813,21.43299750006603,86708524
2009-02-20,21.367048263549805,21.696785085416167,21.301100452859462,21.465969979585324,63678624
2009-02-23,21.762737274169922,21.762737274169922,21.103261266183427,21.268130826076504,55569104
2009-02-24,21.72976303100586,21.82868476543403,21.268130501926844,21.400023916245292,61769666
2009-02-25,22.290321350097656,22.686008320189078,21.9605822083548,22.05950395087766,118786456
2009-02-26,22.52113151550293,22.751948863455468,22.35626421283658,22.71897718819057,79062051
2009-02-27,22.982769012451172,23.048716834189342,22.42221475926248,22.521134260283997,85443574
2009-03-02,22.389240264892578,22.850872773443108,22.257344624853662,22.620055403375005,76161358
2009-03-03,22.455190658569336,22.455190658569336,21.531923304064133,22.092477606890675,66174816
2009-03-04,23.708189010620117,23.807110727332905,22.356263345382757,22.45518506209555,127492081
2009-03-05,24.895248413085938,24.895248413085938,24.136850785055923,24.36766813363455,164746906
2009-03-06,24.86227035522461,25.2909310738743,24.499559671029207,24.796322552355427,125150238
2009-03-09,23.14763641357422,23.708190614619454,23.14763641357422,23.14763641357422,108963133
2009-03-10,22.42221450805664,22.521134007969916,21.99355367156102,22.290318866057987,199111683
2009-03-11,22.455190658569336,22.883849306240002,22.29032108962449,22.455190658569336,121138944
2009-03-12,22.587080001831055,22.718977864745796,22.422212694255073,22.587080001831055,52556642
2009-03-13,23.411428451538086,23.741165308893827,22.982767635914332,23.081689362596734,113726655
2009-03-16,23.510351181030273,23.807114142150002,23.444403360429067,23.57629900163148,81994677
2009-03-17,24.301725387573242,24.46659495665373,23.64224711125129,23.77414276651568,122930809
2009-03-18,24.16982650756836,24.631461239402377,24.037930869901498,24.400643873485368,102764344
2009-03-19,23.939008712768555,24.565512980461918,23.87306089511662,24.400643436332086,63990869
2009-03-20,23.741167068481445,24.26874964988963,23.741167068481445,24.070906181861563,63417827
2009-03-23,24.56551170349121,24.56551170349121,23.90603356125304,24.004955282588767,54696235
2009-03-24,24.763357162475586,25.323913679535718,24.73038548129321,25.323913679535718,75804760
2009-03-25,26.148258209228516,26.21420603209683,24.82930398344798,25.126069186355398,123117092
2009-03-26,26.115278244018555,26.54393899329487,25.98338262885661,26.346095570551952,98831112
2009-03-27,25.78554344177246,26.873680119844103,25.58770000365299,26.675836681724636,89396322
2009-03-30,24.82930564880371,25.587705662656884,24.400647002994365,25.389862180782142,67312029
2009-03-31,25.29094123840332,25.521758641211886,24.829306432786193,24.829306432786193,53676114
2009-04-02,25.719593048095703,25.81851475722861,25.389854017652684,25.81851475722861,73008740
2009-04-03,26.04933738708496,26.280154775206505,25.752574405371693,26.115285212262545,81231804
2009-04-06,26.148258209228516,26.642866880740883,26.0823103863602,26.379075589267618,82246603
2009-04-07,27.104496002197266,27.1374699094866,25.851491988373468,25.98338538594532,76106361
2009-04-08,26.082311630249023,27.104500701871252,25.950415978222168,27.005581194436996,110417914
2009-04-09,26.74178695678711,26.84070868495545,26.445021772282075,26.70881304739766,82212895
2009-04-10,26.873682022094727,27.368288420818626,26.576916843909032,27.368288420818626,79693639
2009-04-13,28.291555404663086,28.489398855193773,27.00557743938478,27.13747084148633,127025487
2009-04-14,30.006195068359375,30.237012416983738,28.357501952627974,28.68724102209135,168901904
2009-04-15,29.247800827026367,29.841328989204555,28.951035630144407,29.841328989204555,134258589
2009-04-16,29.5115909576416,30.20404310894845,29.5115909576416,30.171069196981456,115381912
2009-04-17,29.643484115600586,31.06135997950076,29.148877709226046,30.335936208744812,183976633
2009-04-20,30.33592987060547,30.33592987060547,29.346712801364006,29.973216945216933,99450281
2009-04-21,30.33592987060547,30.33592987060547,29.511582312904252,29.77537353136864,87182215
2009-04-22,30.20404052734375,30.66567302383911,30.072144890749186,30.335936163938317,55695067
2009-04-23,29.973222732543945,30.434855222404963,29.841327097844914,30.33593572796628,53202423
2009-04-24,29.973222732543945,30.66567258312827,29.841327097844914,30.33593572796628,59163479
2009-04-27,29.08293342590332,30.368913809326866,28.720220380644246,30.269992069710753,81565339
2009-04-28,28.984004974365234,29.47861132632226,28.35750076854485,29.082926691073713,73180831
2009-04-29,29.47861099243164,29.643480518411707,28.984004646076787,29.016978551272803,73471787
2009-04-30,31.522987365722656,31.522987365722656,31.522987365722656,31.522987365722656,77745651
2009-05-04,33.63331604003906,33.63331604003906,33.63331604003906,33.63331604003906,23885028
2009-05-05,35.941490173339844,35.941490173339844,35.941490173339844,35.941490173339844,44716789
2009-05-06,38.24965286254883,38.414522382964556,36.93069669922303,38.414522382964556,240253613
2009-05-07,37.590179443359375,39.074000847975164,36.43609488888845,39.074000847975164,126794851
2009-05-08,38.08478546142578,38.08478546142578,36.2712228675193,36.2712228675193,75068498
2009-05-11,38.08478546142578,38.24965499101595,37.42530734306509,38.08478546142578,61783859
2009-05-12,35.446876525878906,36.43609144601291,35.446876525878906,36.271221920726354,107338035
2009-05-13,35.11713790893555,35.61174649090269,34.292792503909006,34.787401085876155,120961532
2009-05-14,34.127933502197266,34.78741181488065,33.96306392402642,34.45767265853896,81336477
2009-05-15,35.446876525878906,35.61174605116547,34.29279208045835,34.45766160574491,82986413
2009-05-18,37.919921875,37.919921875,35.77662211758062,36.27122855228507,109731328
2009-05-19,37.919921875,39.56861296612917,37.59018276413986,39.56861296612917,100271700
2009-05-20,38.24965286254883,38.90912648104118,37.260435740054476,38.74425696062545,81332929
2009-05-21,37.919921875,38.24966098586013,37.26044365327973,38.084791430430066,71193812
2009-05-22,38.414527893066406,38.57939743713068,37.26044108461646,37.26044108461646,74025313
2009-05-25,37.590179443359375,39.40373992970559,37.26044036162895,38.90913130710995,87787191
2009-05-26,37.919921875,38.74426518897883,37.59018276413986,37.919921875,69621938
2009-05-27,40.55782699584961,40.55782699584961,38.74426203380801,38.90913157581179,129619256
2009-06-01,36.76582717895508,43.03085741658121,36.76582717895508,42.53624888535344,230079014
2009-06-02,44.87542724609375,45.25897867800703,42.765898884958716,42.765898884958716,197942844
2009-06-03,43.34122085571289,44.30009480657045,42.957669469614885,44.10831911352145,87293059
2009-06-04,41.42347717285156,42.76590279282844,40.84814997240931,42.19057559238618,138728764
2009-06-05,41.03992462158203,41.99879874926317,40.656373164754264,41.807023020849286,58927135
2009-06-08,41.23170471191406,43.14945768454445,40.848153214510226,43.14945768454445,57982992
2009-06-09,39.50571823120117,41.23169976232593,38.930395568547794,41.0399240366454,99914022
2009-06-10,40.0810432434082,40.4645946740531,39.31394038211841,39.50571609744086,51576091
2009-06-11,39.8892707824707,39.8892707824707,38.35506944911055,39.31394358956502,73235828
2009-06-12,38.73862075805664,39.88927062493539,38.73862075805664,39.88927062493539,46722706
2009-06-15,36.89757537841797,38.163292452191165,36.514023929203994,38.163292452191165,82327056
2009-06-16,37.70302963256836,38.124935291527486,36.8208618183486,36.8208618183486,76933719
2009-06-17,37.58796310424805,38.163290244791554,37.43454388775282,38.163290244791554,38183771
2009-06-18,37.51125717163086,38.163292836098556,36.97428649164604,37.93316286713279,48004703
2009-06-19,37.85645294189453,38.163293659534176,37.43454723728929,37.77974219818608,32893797
2009-06-22,40.0810432434082,40.0810432434082,37.97151488924925,38.54684203521659,54414689
2009-06-23,38.54684066772461,39.31393898741276,38.54684066772461,39.122167793281584,51310744
2009-06-24,39.122169494628906,40.848146431971415,37.779739476616285,39.122169494628906,81075913
2009-06-25,39.6974983215332,40.081049815064894,39.12217559562438,39.505722574767354,40522529
2009-06-26,39.122169494628906,40.272819281394575,39.122169494628906,40.08104356453563,33148345
2009-06-29,38.2016487121582,39.69749583159719,38.2016487121582,39.69749583159719,36648768
2009-06-30,38.93039321899414,39.12216893310049,38.35506607667509,38.93039321899414,32278253
2009-07-01,39.8892707824707,40.08104651343927,38.738620911047676,38.738620911047676,44965552
2009-07-02,40.0810432434082,40.848146104697996,40.0810432434082,40.27281895873065,38600304
2009-07-03,39.122169494628906,39.69749213081774,39.122169494628906,39.313940697099845,40980716
2009-07-06,38.93039321899414,39.50571584692525,38.738617504887785,39.12216893310049,28185427
2009-07-07,39.122169494628906,39.889267847676685,38.738618060911016,38.93039377776996,38043384
2009-07-08,39.6974983215332,39.6974983215332,38.738624102092686,38.93039984885853,34354749
2009-07-09,40.464599609375,41.039926825512936,39.505720915811764,39.697496654524414,74855680
2009-07-10,41.99879455566406,42.38234597419404,40.272817686666976,41.039920523726934,92442646
2009-07-13,41.03992462158203,43.14945311974647,41.03992462158203,43.14945311974647,126690949
2009-07-14,42.190574645996094,42.382350375175065,41.80702318763815,42.190574645996094,59718548
2009-07-15,43.34122085571289,43.34122085571289,42.574118083516886,42.957669469614885,86156077
2009-07-16,43.72477340698242,44.491876278820016,43.53300220341105,44.491876278820016,77032453
2009-07-17,43.72477340698242,44.491876278820016,43.34122648545165,44.491876278820016,46025398
2009-07-20,44.10832595825195,44.30010168106072,43.72477451263444,44.10832595825196,38908848
2009-07-21,42.574127197265625,44.49188002389728,42.190575729061614,44.30010428979528,94310876
2009-07-22,43.53300094604492,43.72477214407735,42.57412238394327,42.57412238394327,49059921
2009-07-23,42.76590347290039,43.14945494596121,41.80702479024834,42.9576792094308,48473689
2009-07-24,42.190574645996094,43.14945329189095,41.80702318763815,42.76590183353301,71552725
2009-07-27,41.80702590942383,42.38235313441659,41.61525016775958,42.19057739275234,46571520
2009-07-28,43.72477340698242,43.72477340698242,41.99879645973586,41.99879645973586,67182210
2009-07-29,42.76590347290039,44.10832911422479,42.76590347290039,43.91655337769438,44072319
2009-07-30,43.14944839477539,43.34122410218936,42.19056985770554,42.957672687361416,53020074
2009-07-31,43.34122085571289,43.91654342047245,42.957669469614885,43.72476772742345,53681899
2009-08-03,43.72477340698242,43.72477340698242,42.76589933157345,43.34122648545165,53225255
2009-08-04,42.574127197265625,44.30010428979528,42.38235146316362,44.10832855569327,47833462
2009-08-05,41.99879455566406,43.149448811254,41.80701884639907,42.95767310198901,43345700
2009-08-06,41.80702590942383,42.57412887608084,41.42347894048392,42.19057739275234,42332135
2009-08-07,41.80702590942383,41.80702590942383,41.80702590942383,41.80702590942383,0
2009-08-10,41.03992462158203,41.615247292435406,41.03992462158203,41.615247292435406,36887889
2009-08-11,41.6152458190918,41.807021540716065,40.656371725358575,41.807021540716065,41323199
2009-08-12,40.656368255615234,41.61524226751511,40.656368255615234,41.42347107664532,36849321
2009-08-13,42.190574645996094,42.190574645996094,40.84814905613159,41.4234762436685,47563486
2009-08-14,41.42347717285156,42.57412705934769,41.42347717285157,42.382351325866935,35220213
2009-08-17,40.0810432434082,41.231697535342896,39.88926752808576,40.848146104697996,55693601
2009-08-18,40.27281951904297,40.84814667301479,39.50571664708054,39.50571664708054,36295486
2009-08-19,40.656368255615234,41.039919666130274,40.272816845100195,41.039919666130274,28768573
2009-08-20,41.03992462158203,41.23170034999591,39.88927025109873,41.03992462158203,37022106
2009-08-21,40.27281951904297,41.42347382698661,40.08104380105236,41.23169810899601,38962843
2009-08-24,42.190574645996094,42.382350375175065,41.03992478531056,41.4234762436685,62685191
2009-08-25,41.99879455566406,42.38234597419404,41.61524313713408,42.19057026492905,35200158
2009-08-26,41.23170471191406,41.80702744363105,40.848153214510226,41.80702744363105,32424811
2009-08-27,41.80702590942383,42.19057739275234,40.848151715491156,40.848151715491156,42131582
2009-08-28,42.574127197265625,42.95767866546964,41.8070242608576,41.8070242608576,56256693
2009-08-31,42.574127197265625,42.95767866546964,42.190575729061614,42.765902931367634,42694673
2009-09-01,45.45075225830078,45.45075225830078,43.72477089579232,43.916546602737704,157287641
2009-09-02,47.17673873901367,47.56029023121835,46.026084262399614,46.026084262399614,148321374
2009-09-03,46.40962219238281,47.36850064268276,46.21784650232282,47.17672495262278,61748763
2009-09-04,47.17673873901367,47.36851448511601,46.60141150070664,47.176738739013665,70955694
2009-09-07,47.368507385253906,47.75205881996972,46.793180233180195,47.368507385253906,42620623
2009-09-08,49.094486236572266,49.47803768620596,47.176733502792004,47.56028495242569,91688258
2009-09-09,48.3273811340332,49.478035430475316,48.1356099323475,49.094483998327945,58510601
2009-09-10,48.3273811340332,50.62868521252945,48.327381134033196,49.86158686262269,74841796
2009-09-11,47.56028747558594,47.752063210576836,46.79318453562234,47.176736005604134,57450755
2009-09-14,46.984954833984375,47.7520576851865,46.601403408383305,47.56028197238597,31380392
2009-09-15,48.13560485839844,48.13560485839844,46.984950683246176,46.984950683246176,35522585
2009-09-16,48.902706146240234,49.28625756163452,48.51915473084595,49.09448185393738,45672116
2009-09-17,49.47804641723633,49.86159793455256,48.90271914126198,49.86159793455256,47295054
2009-09-18,49.47804641723633,49.478046417236335,49.0944948999201,49.478046417236335,30041314
2009-09-21,48.5191535949707,49.47803211100825,48.13560670294337,49.09448070459323,30602863
2009-09-22,47.368507385253906,48.51915717501332,47.368507385253906,48.32738145765541,46262976
2009-09-23,47.94384002685547,48.71093846973117,47.56028854822335,47.752064287539405,39177280
2009-09-24,47.56028747558594,48.3273859011611,47.36851174059503,48.3273859011611,25153989
2009-09-25,47.56028747558594,47.943838945567734,46.984960270613236,47.56028747558594,26042594
2009-09-28,47.368507385253906,47.943834537327625,46.9849559505381,47.56028310261181,19560100
2009-09-29,48.710933685302734,48.902709405782424,47.94383531777208,47.94383531777208,40905123
2009-09-30,49.47804641723633,49.669822175894446,48.710943382603865,48.710943382603865,50283295
2009-10-01,49.47804641723633,49.86159793455256,48.90271914126198,49.86159793455256,41728933
2009-10-02,48.3273811340332,48.90270828225426,47.943834216273814,48.327381134033196,39931669
2009-10-05,47.94384002685547,48.519162730415104,47.752064287539405,48.32738699109905,31537749
2009-10-06,49.47804641723633,49.478046417236335,48.135620621018504,48.32739186528763,59447030
2009-10-07,49.47804641723633,50.05337369321068,48.90271914126198,49.86159793455256,35883581
2009-10-08,48.3273811340332,49.478035430475316,48.327381134033196,49.478035430475316,33260963
2009-10-09,48.3273811340332,49.094483998327945,47.943834216273814,48.90270828225426,46088649
2009-10-12,48.710933685302734,49.47803656722149,48.51915796482305,49.47803656722149,38506199
2009-10-13,48.902706146240234,49.09448185393738,47.94383212214231,48.710930438543095,32546686
2009-10-14,49.6698112487793,49.861586965247696,49.0944840993741,49.4780355323109,59692322
2009-10-15,50.24514389038086,50.62869085085441,49.861592415518814,50.24514389038086,87305401
2009-10-16,49.86159896850586,50.24515049377559,49.66982320587099,50.24515049377559,33185370
2009-10-19,51.012237548828125,51.01223754882812,49.478036307434124,49.86158774637964,48995127
2009-10-20,51.012237548828125,51.58756470724639,50.62868610988261,51.58756470724639,48285477
2009-10-21,50.43690872192383,51.39578728756729,50.245137523183054,51.39578728756729,32542057
2009-10-22,50.628684997558594,51.0122364280774,49.86158665090896,50.4369092822992,44877617
2009-10-23,51.97111129760742,52.35466270076995,51.01223278970109,51.20400849128235,66196414
2009-10-26,52.738216400146484,53.12176785284077,51.97111800914615,52.35466946184044,45468477
2009-10-27,52.93000030517578,52.930000305175774,51.77935028368405,52.16290179564427,32802776
2009-10-28,51.77934646606445,52.54644943342745,51.5875707242237,52.54644943342745,40780163
2009-10-29,49.6698112487793,50.4369096002649,49.0944840993741,50.245138398184494,83019735
2009-10-30,49.86159896850586,50.436921742021376,49.86159896850586,50.436921742021376,31769157
2009-11-02,50.053367614746094,50.24514335011503,49.094488937901424,49.094488937901424,28214738
2009-11-03,49.2862548828125,50.24513336918095,49.2862548828125,50.24513336918095,25502643
2009-11-04,50.053367614746094,50.24514335011503,49.478040408639295,49.478040408639295,24367204
2009-11-05,50.628684997558594,50.628684997558594,49.86158665090896,50.4369092822992,23182398
2009-11-06,51.012237548828125,51.58756470724639,51.01223754882812,51.395788987773635,26303313
2009-11-09,51.58755874633789,51.77933444365109,51.395783049024686,51.77933444365109,19206818
2009-11-10,51.58755874633789,52.3546615355907,51.395783049024686,52.3546615355907,28109833
2009-11-11,51.012237548828125,51.77934042671915,50.43691039040985,51.58756470724639,49032152
2009-11-12,50.43690872192383,50.82046014818121,50.245137523183054,50.43690872192383,54107689
2009-11-13,51.012237548828125,51.01223754882812,50.0533634658524,50.0533634658524,25349914
2009-11-16,52.738216400146484,52.73821640014649,51.39579083010472,51.39579083010472,60485278
2009-11-17,52.54644012451172,53.50531414945661,51.97111300091211,53.31353844159007,50925065
2009-11-18,52.93000030517578,52.930000305175774,51.971126039664156,52.16290179564427,37335277
2009-11-19,52.35466766357422,52.929990308466365,52.162891943814145,52.162891943814145,27137922
2009-11-20,51.77934646606445,52.16289794974595,51.39579498238295,52.16289794974595,31150527
2009-11-23,52.93000030517578,52.930000305175774,51.58757452770394,51.77935028368405,27770436
2009-11-24,52.93000030517578,53.313551817135995,52.54645330760449,52.930000305175774,23765544
2009-11-25,52.54644012451172,53.121762733723536,52.162888708778645,52.54644012451172,28901247
2009-11-26,53.121768951416016,53.12176895141602,52.738217490789765,52.92999322110289,34376347
2009-11-27,51.77934646606445,52.54644943342745,51.77934646606445,51.77934646606445,42713186
2009-11-30,52.16289138793945,52.54644282337228,51.77933995250663,51.77933995250663,31812353
2009-12-01,52.738216400146484,52.73821640014649,51.58756655645187,51.97111800914615,23654469
2009-12-02,52.93000030517578,53.121776061155884,52.54645330760449,52.930000305175774,30195586
2009-12-03,53.121768951416016,53.31354468172915,52.738217490789765,53.31354468172915,30008917
2009-12-04,52.93000030517578,52.930000305175774,52.54645330760449,52.930000305175774,17628619
2009-12-07,53.121768951416016,53.31354468172915,52.92999322110289,53.31354468172915,33270220
2009-12-08,53.50532150268555,53.50532150268555,52.9299943000188,53.12177003424105,23470885
2009-12-09,54.272422790527344,54.272422790527344,53.12176842015605,53.313544148551266,33589562
2009-12-10,53.31354904174805,54.464203517728116,52.73822180375801,54.272427771731444,46559178
2009-12-11,53.69710159301758,53.69710159301758,52.546451608727466,52.92999859389832,29584670
2009-12-14,53.69710159301758,53.88887734279739,53.12177434367813,53.69710159301758,17142663
2009-12-15,53.31354904174805,53.697100533741406,53.31354904174805,53.31354904174805,16658250
2009-12-16,53.121768951416016,53.50532041204227,52.92999322110289,53.50532041204227,23458544
2009-12-17,53.69710159301758,53.88887734279739,52.92999859389832,53.50532584323776,28308844
2009-12-18,53.31354904174805,53.505324787744726,52.92999754975469,53.12177329575137,23884333
2009-12-21,53.121768951416016,53.6970961423554,53.12176895141602,53.31354468172915,18995465
2009-12-22,53.888877868652344,54.080653620303536,53.31355061369878,53.888877868652344,30860497
2009-12-23,55.42308044433594,55.806631955090666,54.464206181838016,54.464206181838016,66543525
2009-12-24,57.149044036865234,57.340819746297946,55.61484287579135,55.99839429465678,67310255
2009-12-25,56.573726654052734,57.53260077549091,56.57372665405274,57.34082504832563,22526743
2009-12-28,57.5325927734375,57.916144174420936,57.149041372454064,57.149041372454064,31776870
2009-12-29,57.5325927734375,57.72436847392922,57.149041372454064,57.5325927734375,21468440
2009-12-30,57.34082794189453,57.532603678737324,56.765505245754625,57.34082794189453,35753993
2009-12-31,58.10792541503906,58.10792541503906,57.340822539935054,57.532598258711054,31520779
2010-01-04,58.10792541503906,58.49147685259106,57.724373977487055,58.29970113381506,36204466
2010-01-05,58.491477966308594,59.64212778648571,58.107926521453514,58.87502941116367,48342558
2010-01-06,58.10792541503906,58.68325257136706,58.10792541503906,58.49147685259106,42690045
2010-01-07,57.5325927734375,58.491471275896096,56.957270186349966,58.10791987491265,41818411
2010-01-08,57.72437286376953,57.91614857884547,56.38194737262595,57.532597148693604,35507158
2010-01-11,56.95728302001953,57.53260573673934,56.765507276316725,56.765507276316725,36579346
2010-01-12,56.7654914855957,57.340814042275355,56.57371579524003,56.95726717595138,47109928
2010-01-13,55.80662155151367,56.38194871039218,55.6148458318875,55.998397271139844,49217278
2010-01-14,57.34082794189453,57.532603678737324,55.99840229838346,55.99840229838346,34934810
2010-01-15,58.491477966308594,58.68325368873614,57.532599354170884,58.107926521453514,44018324
2010-01-18,57.9161491394043,58.29970057326848,57.532597705540105,57.91614913940429,23759373
2010-01-19,57.149044036865234,58.29969829346152,56.76549713238764,58.107922584028806,27744210
2010-01-20,56.573726654052734,57.53260077549091,56.381950926887455,57.53260077549091,41758245
2010-01-21,55.99839401245117,56.381945429383684,55.61484259551866,55.80661830398492,41755159
2010-01-22,52.93000030517578,54.46420635301665,52.54645330760449,54.08065484105643,114111640
2010-01-25,53.50532150268555,53.697097236907794,51.97112014329597,52.16289587751822,51202754
2010-01-26,52.35466766357422,54.08064462702681,51.97111622405408,54.08064462702681,59112260
2010-01-27,51.012237548828125,52.73821450969488,51.01223754882812,52.546443304610186,57725359
2010-01-28,52.16289138793945,53.3135411798499,51.39578851707381,52.16289138793945,48780689
2010-01-29,51.58755874633789,51.58755874633789,50.43690456245867,51.20400735171148,56886121
2010-02-01,50.43690872192383,51.58756300069598,49.86158609692567,51.012235861309904,37849002
2010-02-02,51.39579391479492,52.16289686622373,51.204018176937716,51.77934539050933,52697646
2010-02-03,52.93000030517578,52.930000305175774,51.77935028368405,52.35467755162438,34317724
2010-02-04,52.35466766357422,52.929990308466365,51.97111622405408,52.929990308466365,23378323
2010-02-05,50.82046127319336,51.204012707941416,50.62868555581933,51.01223699056739,41730476
2010-02-08,51.39579391479492,52.35467260408094,51.39579391479492,51.97112112836653,33566421
2010-02-09,51.204010009765625,51.77933713157107,50.82045859522866,51.01223430249714,47870487
2010-02-10,51.58755874633789,52.3546615355907,51.20400735171148,51.77933444365109,43268564
2010-02-22,51.58755874633789,52.92998411314276,51.20400735171148,52.92998411314276,50570240
2010-02-23,51.58755874633789,51.97111014096429,51.012231654398285,51.58755874633789,37290538
2010-02-24,50.82046127319336,51.39578842531545,50.82046127319336,51.39578842531545,27292194
2010-02-25,49.094486236572266,51.01223897035253,48.71093478693857,51.01223897035253,81910522
2010-02-26,48.710933685302734,49.86158800818087,48.32738224434336,48.32738224434336,47174722
2010-03-01,50.053367614746094,50.628690306464456,49.28626467327036,50.053367614746094,40204729
2010-03-02,51.012237548828125,51.77934042671915,50.62868610988261,51.01223754882812,60881756
2010-03-03,51.204010009765625,51.3957857170341,50.82045859522866,51.3957857170341,23760916
2010-03-04,51.204010009765625,51.77933713157107,50.628682887960174,51.77933713157107,32631535
2010-03-05,51.39579391479492,51.77934539050933,51.01224243908052,51.77934539050933,27707184
2010-03-08,52.738216400146484,52.73821640014649,51.58756655645187,52.16289373549329,45942091
2010-03-09,52.93000030517578,53.121776061155884,52.35467755162438,52.73822454919567,35712339
2010-03-10,52.93000030517578,53.121776061155884,52.54645330760449,52.930000305175774,23845766
2010-03-11,52.738216400146484,53.50531930553505,52.73821640014649,53.50531930553505,34687976
2010-03-12,52.738216400146484,52.92999212649363,51.97111800914615,52.92999212649363,26434444
2010-03-15,51.39579391479492,52.92999530326404,51.39579391479492,52.92999530326404,24293153
2010-03-16,52.54644012451172,52.54644012451172,51.58756158517904,52.162888708778645,26457584
2010-03-17,53.50532150268555,53.50532150268555,52.73821856579655,53.12177003424105,50628863
2010-03-18,53.50532150268555,53.697097236907794,53.12177003424105,53.697097236907794,33373582
2010-03-19,53.50532150268555,53.50532150268555,52.9299943000188,53.50532150268555,18416947
2010-03-22,52.54644012451172,53.121762733723536,52.354664416645186,53.121762733723536,14827046
2010-03-23,52.93000030517578,53.313551817135995,52.73822454919567,52.930000305175774,14495362
2010-03-24,52.35466766357422,53.505317467746586,52.35466766357422,53.12176602822644,27676330
2010-03-25,52.35466766357422,52.35466766357422,51.39578906477386,51.97111622405408,50588753
2010-03-26,51.58755874633789,52.3546615355907,51.395783049024686,51.97111014096429,43657328
2010-03-29,52.738216400146484,52.73821640014649,52.16289373549329,52.35466946184044,28916674
2010-03-30,53.121768951416016,53.31354468172915,52.738217490789765,53.12176895141602,29834590
2010-03-31,52.738216400146484,53.313543579187915,52.73821640014649,53.12176785284077,18528022
2010-04-01,53.69710159301758,53.69710159301758,52.92999859389832,53.12177434367813,42720900
2010-04-02,53.50532150268555,54.080648705352296,53.3135457684633,53.697097236907794,19891784
2010-04-06,55.039512634277344,55.42306403144784,53.888862957153414,53.888862957153414,50449908
2010-04-07,55.42308044433594,55.6148561997133,54.65598193721539,55.6148561997133,30362199
2010-04-08,54.65597152709961,55.614845606964415,54.46419580824904,55.23129416926327,41489812
2010-04-09,55.42308044433594,55.6148561997133,54.464206181838016,54.65598193721539,36978910
2010-04-12,55.42308044433594,55.806631955090666,54.84775769259275,55.6148561997133,31540835
2010-04-13,54.080650329589844,55.03952451511114,54.08065032958985,55.03952451511114,30067540
2010-04-14,54.46419906616211,54.84775052680635,54.08064760551787,54.46419906616211,18765601
2010-04-15,55.039512634277344,55.42306403144784,54.46419005290917,55.039512634277344,30821929
2010-04-16,54.080650329589844,55.03952451511114,53.69709884962591,55.03952451511114,28794799
2010-04-19,52.35466766357422,53.69709318750666,52.35466766357422,53.31354174798651,46822982
2010-04-20,53.121768951416016,53.31354468172915,52.54644627486496,52.92999322110289,28068180
2010-04-21,53.31354904174805,53.888876279738085,53.12177329575137,53.697100533741406,32646962
2010-04-22,54.65597152709961,54.84774724595018,53.12176577629504,53.313541495145614,46961827
2010-04-23,55.42308044433594,55.6148561997133,54.84775769259275,55.231304688958566,60911068
2010-04-26,56.7654914855957,56.7654914855957,55.998388724173,55.998388724173,69212424
2010-04-27,57.34082794189453,57.532603678737324,56.765505245754625,57.14905220505174,67956653
2010-04-28,58.683258056640625,58.87503379334239,55.806626520502576,55.99840225720435,96388915
2010-04-29,58.299705505371094,59.25858417115183,57.916154039058796,58.683256971683385,66358399
2010-04-30,56.95728302001953,58.87503594265903,56.95728302001954,57.53260573673934,73055331
2010-05-03,56.3819465637207,57.14904489863101,56.190170851396154,57.14904489863101,28541794
2010-05-04,56.95728302001953,57.14905424933371,56.3819557889111,56.95728302001954,27400184
2010-05-05,54.84774398803711,55.80661801094555,54.84774398803711,55.80661801094555,53873196
2010-05-06,54.080650329589844,55.03952451511114,53.88887458960788,54.84775328951772,43381182
2010-05-07,53.50532150268555,53.697097236907794,52.54644734596272,52.73821856579655,53373356
2010-05-10,54.272422790527344,54.272422790527344,53.12176842015605,53.888871333736915,38836340
2010-05-11,53.69710159301758,54.84775609169647,53.69710159301758,54.84775609169647,40243297
2010-05-12,53.69710159301758,54.46420459213684,53.69710159301758,53.88887734279739,19054089
2010-05-13,55.231285095214844,55.42306078255824,54.272411172885185,54.655962547571974,21237032
2010-05-14,55.039512634277344,55.23128833286259,54.65596575149441,54.84774145007967,20186442
2010-05-17,54.080650329589844,54.84775328951772,53.505323109643946,54.464201809553785,31551634
2010-05-18,54.080650329589844,54.464201809553785,53.88887458960788,54.464201809553785,15445675
2010-05-19,52.738216400146484,53.6970950318822,52.35466946184044,53.313543579187915,51111734
2010-05-20,51.39579391479492,52.54644834193814,51.39579391479492,52.35467260408094,45287980
2010-05-21,50.24514389038086,50.820466588285434,49.66981667808779,49.861592415518814,47180893
2010-05-24,50.82046127319336,51.204012707941416,50.4369098384453,50.62868555581933,21900400
2010-05-25,48.3273811340332,50.24513829477006,47.56028278412644,50.24513829477006,58104867
2010-05-26,49.47804641723633,50.05337369321068,48.90271914126198,49.478046417236335,45594980
2010-05-27,49.2862548828125,49.2862548828125,48.327376396444045,48.71092779099143,48907192
2010-05-28,48.710933685302734,49.86158800818087,48.32738224434336,49.86158800818087,67347280
2010-05-31,47.75205993652344,48.51915830950357,46.98495704915518,48.3273825876615,101317893
2010-06-01,47.75205993652344,48.3273825876615,46.98495704915518,47.17673277099724,77234549
2010-06-02,45.834312438964844,47.560289617214856,45.64253669533832,47.36851387358834,103693677
2010-06-03,47.94384002685547,47.94384002685546,46.601409851643055,46.79318559095911,78869828
2010-06-04,47.75205993652344,47.9438356583655,47.368508492839304,47.9438356583655,43677384
2010-06-07,45.067203521728516,45.64253067674328,44.49187636671376,45.25897924006677,134896657
2010-06-08,42.76590347290039,44.49188058728561,42.19057626330916,44.10832911422479,202490772
2010-06-09,43.53300094604492,44.30009928133834,43.14944952120426,43.34122523362459,129507949
2010-06-10,45.067203521728516,45.25897924006677,43.72477349336075,44.108324930037256,64809512
2010-06-11,45.45075225830078,46.409626278639934,45.45075225830078,46.21785057169455,71884409
2010-06-14,46.217857360839844,46.40963309595602,45.64253466987977,46.02608162572368,46230579
2010-06-15,46.40962219238281,46.793173572502795,45.83429963659022,46.40962219238281,44484224
2010-06-17,47.17673873901367,47.176738739013665,46.409635754604295,46.793187246808984,49911500
2010-06-18,47.17673873901367,47.56029023121835,46.60141150070664,47.56029023121835,30544240
2010-06-21,48.5191535949707,48.5191535949707,47.56027959332084,47.94383099973586,49704776
2010-06-22,47.368507385253906,48.51915717501332,47.368507385253906,48.51915717501332,38333414
2010-06-23,46.984954833984375,47.36850625958544,46.601403408383305,46.601403408383305,31903373
2010-06-24,46.984954833984375,47.36850625958544,46.984954833984375,47.36850625958544,15564464
2010-06-25,46.217857360839844,46.601408831072185,45.64253466987977,46.21785736083985,30428536
2010-06-28,46.217857360839844,46.601408831072185,45.83431040499594,46.02608162572368,18966154
2010-06-29,46.40962219238281,47.36850064268276,46.02607081226283,46.984949262562786,32498861
2010-06-30,43.72477340698242,44.87542771473881,43.72477340698242,44.491876278820016,88514891
2010-07-01,43.53300094604492,44.10832356891801,43.14944952120426,43.72477214407735,24203676
2010-07-02,42.95767593383789,43.724774307078555,42.76590021193069,43.14945165574508,49027524
2010-07-05,44.49188232421875,44.49188232421875,42.95768088646975,42.95768088646975,29745113
2010-07-06,44.68366241455078,44.68366241455078,43.341236590243184,43.72478360119601,36477527
2010-07-07,44.68366241455078,45.067213939892696,44.49188665187983,44.87543817722174,23683780
2010-07-08,46.02607727050781,46.026077270507805,45.25897891701822,45.450754633987614,46610087
2010-07-09,46.217857360839844,46.40963309595602,45.450758934763606,46.21785736083985,36529979
2010-07-12,46.40962219238281,47.17672495262278,46.02607081226283,47.17672495262278,49840535
2010-07-13,46.02607727050781,46.984955855354805,46.026077270507805,46.79318013838541,33864165
2010-07-14,47.368507385253906,47.56028310261181,46.793180233180195,47.17673166789601,67149812
2010-07-15,47.17673873901367,47.7520659773207,47.176738739013665,47.56029023121835,38671269
2010-07-16,46.217857360839844,47.368511771536866,46.21785736083985,47.1767360364207,20042970
2010-07-19,45.64252853393555,45.83430424327039,45.258977115265864,45.450752824600706,29731228
2010-07-20,45.834312438964844,46.40963515545576,45.45076095171181,45.834312438964844,26798525
2010-07-21,45.64252853393555,46.21785114755224,45.450752824600706,45.83430424327039,27952476
2010-07-22,45.64252853393555,46.026075438217404,45.258977115265864,45.450752824600706,20545895
2010-07-23,47.94384002685547,48.135615766171526,46.409634112327,46.409634112327,91205388
2010-07-26,49.47804641723633,49.478046417236335,48.32739186528763,48.32739186528763,82556920
2010-07-27,49.86159896850586,50.05337473114073,49.28627168060125,49.86159896850586,56062310
2010-07-28,50.24514389038086,50.24514389038086,49.47804094065677,49.861592415518814,32981732
2010-07-29,50.24514389038086,50.43691511342339,49.66981667808779,49.861592415518814,29418057
2010-07-30,49.47804641723633,49.86159793455256,49.28627065857822,49.86159793455256,20184900
2010-08-02,51.204010009765625,51.587561424302585,49.86158457327403,49.86158457327403,48094181
2010-08-03,52.16289138793945,52.35466710565587,51.58756423479022,51.77933995250663,45787820
2010-08-04,51.39579391479492,52.35467260408094,51.204018176937716,52.16289686622373,27739582
2010-08-05,51.39579391479492,52.16289686622373,51.01224243908052,51.97112112836653,21911199
2010-08-06,51.77934646606445,51.971122207905196,51.2040192405422,51.39579498238295,21480781
2010-08-09,52.16289138793945,52.16289138793945,51.39578851707381,51.39578851707381,18762515
2010-08-10,51.39579391479492,52.54644834193814,51.204018176937716,52.35467260408094,27363159
2010-08-11,50.24514389038086,51.395793800578495,49.861592415518814,51.01224232571646,33945929
2010-08-12,49.86159896850586,50.05337473114073,49.094495917966384,49.28627168060125,33461516
2010-08-13,50.053367614746094,50.24514335011503,49.478040408639295,49.86159187937716,31201437
2010-08-16,50.628684997558594,50.628684997558594,49.28625950513076,49.86158665090896,23217880
2010-08-17,50.43690872192383,50.62868443505252,50.245137523183054,50.245137523183054,20268206
2010-08-18,50.24514389038086,50.820466588285434,49.861592415518814,50.62869085085441,24975034
2010-08-19,51.77934646606445,51.77934646606445,49.47804207836406,49.861593562045556,49336067
2010-08-20,51.58755874633789,51.77933444365109,51.20400735171148,51.58755874633789,25690854
2010-08-23,51.77934646606445,52.7382206608796,51.5875707242237,51.971122207905196,54058322
2010-08-24,51.012237548828125,51.77934042671915,50.82046182935537,51.77934042671915,72968938
2010-08-25,52.1181526184082,52.554286655318336,51.24588454458793,51.46394927138796,119324974
2010-08-26,51.900089263916016,52.77236202114105,51.68202451209271,52.11815859904993,64281682
2010-08-27,52.33621597290039,52.33621597290038,51.463943415030606,51.900077402310714,38869563
2010-08-30,52.77235412597656,53.208488147684655,52.554284823467555,53.208488147684655,25533332
2010-08-31,49.28327560424805,50.37361301253064,49.28327560424805,49.28327560424805,126984836
2010-09-01,47.3206672668457,48.19293997566981,47.102602527122436,47.75680591291293,170658859
2010-09-02,48.19293212890625,48.629066120651885,47.97486284137864,47.97486284137864,58777491
2010-09-03,48.629066467285156,49.28326975122163,48.41100176151275,48.41100176151275,46486725
2010-09-06,47.3206672668457,47.9748706526362,46.44839914133194,47.9748706526362,72678467
2010-09-07,46.8845329284668,47.32066698865976,46.23032954652219,47.10260225021844,43256663
2010-09-08,47.102596282958984,47.75679958202491,46.44839298389306,46.44839298389306,40764901
2010-09-09,46.666473388671875,47.5387416062285,46.23033469658273,47.320672260183926,40898511
2010-09-10,47.102596282958984,47.53873028789969,46.66646227801828,47.102596282958984,30514102
2010-09-13,50.155548095703125,50.15554809570313,48.4110073322292,48.4110073322292,74403003
2010-09-14,50.37362289428711,51.02782638425331,49.501354629872885,50.3736228942871,52755388
2010-09-15,50.37362289428711,50.5916922520462,49.7194194043209,50.5916922520462,34178053
2010-09-16,50.155548095703125,51.027816185785014,49.937478781527574,50.80974687160946,27383214
2010-09-17,50.155548095703125,50.59168214074407,50.15554809570313,50.37361282656852,36941168
2010-09-20,50.155548095703125,50.59168214074407,49.937478781527574,50.37361282656852,18538766
2010-09-21,50.591678619384766,50.809743335072085,50.155544604700296,50.59167861938477,26552627
2010-09-23,51.46393966674805,51.46393966674805,50.59167175571787,50.59167175571787,40314483
2010-09-24,51.24589157104492,51.24589157104492,50.373618794315,51.02782223103477,26993403
2010-09-27,51.02781677246094,51.682020139198926,51.02781677246094,51.46395082251619,23624220
2010-09-28,51.24589157104492,51.46395632774438,51.02782223103477,51.24589157104492,19632442
2010-09-29,51.24589157104492,51.900090424453985,51.02782223103477,51.68202566775453,34173921
2010-09-30,51.24589157104492,51.46395632774438,50.80975289102461,51.02782223103477,23045702
2010-10-01,49.93748092651367,51.027818377604845,49.501346862739275,50.809749054062465,56951025
2010-10-04,50.80974197387695,51.02781126703203,50.15554326103118,50.5916772640316,30332282
2010-10-05,50.591678619384766,51.02781263406925,50.155544604700296,51.02781263406925,24374917
2010-10-06,51.46393966674805,51.46393966674805,51.02780571123296,51.24587498064511,28102230
2010-10-07,51.46393966674805,51.6820089361602,51.02780571123296,51.6820089361602,23380416
2010-10-08,51.68202590942383,52.99043278898158,51.68202590942383,52.3362293492027,47039073
2010-10-11,51.02781677246094,52.11815418925418,50.8097474557782,52.11815418925418,23974086
2010-10-12,49.28327560424805,51.02781637416223,49.28327560424805,51.02781637416223,54557060
2010-10-13,49.93748092651367,50.37361499028807,49.71941160297129,49.71941160297129,30417682
2010-10-14,50.37362289428711,50.80975702649422,50.155558119839085,50.5916922520462,25625619
2010-10-15,50.591678619384766,50.59167861938477,49.93747530570313,49.93747530570313,22666910
2010-10-18,49.28327560424805,50.59168232751123,49.28327560424805,50.59168232751123,32935615
2010-10-19,48.84713363647461,49.501336892019644,48.84713363647461,49.28326761240149,27452085
2010-10-20,49.71940994262695,49.93747925888706,48.41100779499692,48.41100779499692,43621681
2010-10-21,49.28327560424805,49.93747896587964,49.06520628926746,49.71940965089905,28067794
2010-10-22,49.71940994262695,49.93747925888706,49.28327589341694,49.93747925888706,21956158
2010-10-25,51.68202590942383,51.68202590942383,49.7194155900872,49.7194155900872,63471756
2010-10-26,51.46393966674805,51.900073622263136,51.02780571123296,51.900073622263136,23745434
2010-10-27,50.591678619384766,51.9000806634382,50.59167861938477,51.463946648753726,21770206
2010-10-28,50.80974197387695,51.46394527003246,50.15554326103118,50.5916772640316,35497626
2010-10-29,50.591678619384766,51.24588193306641,50.37360932038761,51.24588193306641,14928535
2010-11-01,51.02781677246094,51.46395082251619,50.8097474557782,51.46395082251619,29921809
2010-11-02,50.80974197387695,51.02781126703203,50.5916772640316,50.80974197387695,16303205
2010-11-03,50.155548095703125,51.245885499960565,50.15554809570313,51.027816185785014,23693092
2010-11-04,51.02781677246094,51.02781677246094,50.15554867235043,50.59168272240568,24638005
2010-11-05,51.02781677246094,51.682020139198926,51.02781677246094,51.682020139198926,37741452
2010-11-08,50.591678619384766,51.24588193306641,50.155544604700296,51.24588193306641,20474049
2010-11-09,50.155548095703125,50.80974687160946,50.15554809570313,50.59168214074407,24056732
2010-11-10,50.80974197387695,51.02781126703203,50.37360797087653,50.5916772640316,23357000
2010-11-11,50.37362289428711,50.80975702649422,50.3736228942871,50.5916922520462,31279950
2010-11-12,49.50135040283203,50.37361859276115,49.2832810636944,50.15555383693421,48479860
2010-11-15,48.84713363647461,49.28326761240149,48.62906435685645,49.28326761240149,42632689
2010-11-16,49.28327560424805,49.28327560424805,48.41100751094605,48.62907224261646,26825357
2010-11-17,49.06520462036133,49.28327392792449,48.847139896108175,48.847139896108175,28226198
2010-11-18,49.50135040283203,49.50135040283203,48.847146968729845,49.2832810636944,20843199
2010-11-19,49.71940994262695,50.591682624357176,49.50134520967705,49.93747925888706,38055505
2010-11-22,50.155548095703125,50.37361282656852,49.937478781527574,49.937478781527574,30129800
2010-11-23,49.28327560424805,50.15554828086023,49.28327560424805,50.15554828086023,29895638
2010-11-24,48.84713363647461,49.28326761240149,48.84713363647461,49.06519833278333,29490675
2010-11-25,48.84713363647461,49.501336892019644,48.62906435685645,49.501336892019644,35837850
2010-11-26,48.411006927490234,49.065205697927155,48.411006927490234,49.065205697927155,43138204
2010-11-29,47.9748649597168,49.065202278879696,47.756800245870096,48.847137565033,53085970
2010-11-30,47.3206672668457,48.411009298703426,47.3206672668457,47.9748706526362,56366997
2010-12-01,48.19293212890625,48.19293212890625,47.538728849633,47.538728849633,45813164
2010-12-02,47.53873825073242,48.62907573737274,47.53873825073242,48.41101099003098,43846201
2010-12-03,49.06520462036133,49.28327392792449,47.97486724916552,48.19293655672869,61210024
2010-12-06,49.28327560424805,49.71940965089905,48.84714155759705,49.06520628926746,42387508
2010-12-07,49.50135040283203,49.50135040283203,49.06521172455678,49.2832810636944,28807472
2010-12-08,49.28327560424805,49.71940965089905,49.06520628926746,49.501344919228636,23266090
2010-12-09,49.50135040283203,49.71941515865896,49.2832810636944,49.50135040283203,33872265
2010-12-10,49.50135040283203,49.71941515865896,49.06521172455678,49.2832810636944,27131145
2010-12-13,49.06520462036133,49.50134323548767,49.06520462036132,49.50134323548767,28351544
2010-12-14,50.155548095703125,50.59168214074407,49.28327542231108,49.50134473648664,58698978
2010-12-15,50.155548095703125,50.59168214074407,49.71940946735202,50.37361282656852,32519633
2010-12-16,50.591678619384766,50.59167861938477,49.93747530570313,50.155544604700296,27469992
2010-12-17,50.155548095703125,51.027816185785014,50.15554809570313,50.80974687160946,31124301
2010-12-20,49.93748092651367,50.59168431383045,49.93748092651367,50.59168431383045,19171005
2010-12-21,50.37362289428711,50.5916922520462,49.937488762079994,50.155558119839085,19361089
2010-12-22,50.591678619384766,50.59167861938477,50.155544604700296,50.155544604700296,17709556
2010-12-23,51.46393966674805,51.6820089361602,50.8097364418208,51.02780571123296,56453775
2010-12-24,51.02781677246094,51.682020139198926,51.02781677246094,51.46395082251619,22047069
2010-12-27,51.02781677246094,51.24588608914367,50.59168272240568,51.02781677246094,13691607
2010-12-28,51.02781677246094,51.46395082251619,50.59168272240568,51.46395082251619,15384462
2010-12-29,50.37362289428711,51.24589574201241,50.3736228942871,51.24589574201241,20281209
2010-12-30,51.02781677246094,51.24588608914367,50.59168272240568,50.59168272240568,26009921
2010-12-31,51.24589157104492,51.24589157104492,50.80975289102461,51.02782223103477,21169649
2011-01-03,51.24589157104492,51.46395632774438,51.02782223103477,51.46395632774438,19858340
2011-01-04,51.24589157104492,51.900090424453985,51.24589157104492,51.46395632774438,34654642
2011-01-05,49.93748092651367,51.46395244137924,49.71941160297129,51.245887701147225,36690477
2011-01-06,49.93748092651367,50.15555025005605,49.71941160297129,49.93748092651367,25370796
2011-01-07,49.71940994262695,50.37361330809707,49.28327589341694,49.93747925888706,23435513
2011-01-10,49.50135040283203,49.93748449779659,49.06521172455678,49.93748449779659,17188890
2011-01-11,50.591678619384766,50.809743335072085,49.719406006705974,49.93747530570313,35755205
2011-01-12,50.591678619384766,51.02781263406925,50.37360932038761,50.809743335072085,19644839
2011-01-13,51.02781677246094,51.02781677246094,50.37361340572295,50.8097474557782,32231751
2011-01-14,51.02781677246094,51.02781677246094,50.59168272240568,51.02781677246094,15482260
2011-01-17,50.155548095703125,51.027816185785014,50.15554809570313,51.027816185785014,14210896
2011-01-18,50.155548095703125,50.15554809570313,49.71940946735202,49.71940946735202,20244019
2011-01-19,51.02781677246094,51.02781677246094,50.15554867235043,50.59168272240568,26420394
2011-01-20,51.24589157104492,51.46395632774438,50.59168813432515,51.02782223103477,42766300
2011-01-21,50.37362289428711,51.24589574201241,50.3736228942871,51.02782638425331,25476857
2011-01-24,50.591678619384766,50.59167861938477,50.155544604700296,50.59167861938477,11378910
2011-01-25,50.80974197387695,51.02781126703203,50.5916772640316,51.02781126703203,24162794
2011-01-26,52.55427932739258,52.77234860709611,50.809738839692635,51.02780811939616,107997029
2011-01-27,54.08076858520508,54.953036754601484,53.6446299171963,53.6446299171963,143563527
2011-01-28,54.51689529418945,54.73496459869076,53.64462265949421,54.51689529418946,77485681
2011-02-08,54.2988395690918,55.17111242193066,54.08077479336541,54.953043062893165,79405812
2011-02-09,52.33621597290039,54.516890492610514,51.900077402310714,54.0807565053304,73875450
2011-02-10,51.900089263916016,52.77236202114105,51.02782109000159,51.463955176958805,48142390
2011-02-11,50.591678619384766,51.9000806634382,50.59167861938477,51.682015947750884,42016980
2011-02-14,51.02781677246094,51.46395082251619,50.59168272240568,50.8097474557782,28836398
2011-02-15,50.155548095703125,50.80974687160946,50.15554809570313,50.80974687160946,29096731
2011-02-16,50.155548095703125,50.59168214074407,50.15554809570313,50.15554809570313,26011298
2011-02-17,50.155548095703125,50.80974687160946,50.15554809570313,50.37361282656852,30099497
2011-02-18,50.80974197387695,51.02781126703203,50.5916772640316,50.5916772640316,23278487
2011-02-21,49.71940994262695,50.591682624357176,49.50134520967705,50.591682624357176,41654717
2011-02-22,48.629066467285156,48.847135756367194,47.974863183348674,48.847135756367194,51663089
2011-02-23,47.9748649597168,48.847137565033,47.97486495971679,47.97486495971679,48594186
2011-02-24,47.53873825073242,48.62907573737274,47.53873825073242,47.97487232872645,33182174
2011-02-25,47.53873825073242,48.41101099003098,47.53873825073242,47.97487232872645,44282845
2011-03-01,49.71940994262695,49.71940994262695,47.7568044295268,47.97486916247671,44219483
2011-03-02,48.84713363647461,49.28326761240149,48.62906435685645,49.28326761240149,30239994
2011-03-03,49.50135040283203,49.71941515865896,49.06521172455678,49.2832810636944,25739946
2011-03-04,51.24589157104492,51.46395632774438,50.155554037615545,50.373618794315,68254177
2011-03-07,51.02781677246094,51.46395082251619,50.59168272240568,51.24588608914367,23581520
2011-03-08,50.591678619384766,51.02781263406925,50.37360932038761,50.59167861938477,22199963
2011-03-09,50.80974197387695,51.2458805601871,50.5916772640316,51.2458805601871,15877581
2011-03-10,49.50135040283203,50.59168793189877,49.2832810636944,50.59168793189877,32098141
2011-03-11,49.28327560424805,49.501344919228636,48.84714155759705,49.28327560424805,23150386
2011-03-14,49.06520462036133,49.28327392792449,47.75680252491237,48.629070588545005,29005821
2011-03-15,47.53873825073242,48.84714506802501,46.01226668609808,48.41101099003098,54773316
2011-03-16,46.01226043701172,47.97486581309177,45.794191135976206,47.53873179433063,102738019
2011-03-17,44.04964828491211,44.4857822819633,43.5698995131629,44.4857822819633,102875761
2011-03-18,43.831581115722656,44.70385373534359,43.61351639829983,44.485784434610885,81162029
2011-03-21,45.358055114746094,45.358055114746094,44.04964853291638,44.04964853291638,38253854
2011-03-22,45.57612609863281,46.23032947963084,45.358061360507016,45.794195420068924,38392974
2011-03-23,44.921913146972656,45.57611173853583,44.921913146972656,45.57611173853583,28662842
2011-03-24,45.57612609863281,45.794195420068924,45.358061360507016,45.358061360507016,24602192
2011-03-25,46.230323791503906,46.44839308610902,45.79418978560343,46.44839308610902,31541661
2011-03-28,45.794189453125,46.23032345585902,45.57612016010312,46.23032345585902,21301881
2011-03-29,46.230323791503906,46.230323791503906,45.35805577970296,45.79418978560343,19609026
2011-03-30,45.57612609863281,46.23032947963084,45.358061360507016,45.57612609863281,40212553
2011-03-31,44.921913146972656,45.358047069117724,44.48577464151872,45.358047069117724,35881928
2011-04-01,46.230323791503906,46.230323791503906,45.13998648509784,45.35805577970296,29125657
2011-04-06,47.756805419921875,47.756805419921875,46.448398661847506,46.88453272010219,55435857
2011-04-07,47.756805419921875,47.97487015739407,46.88453272010219,47.756805419921875,26737202
2011-04-08,46.8845329284668,47.75680563216304,46.448398868273834,47.75680563216304,27262001
2011-04-11,47.53873825073242,47.53873825073242,46.66647009474437,47.53873825073242,28263389
2011-04-12,46.01226043701172,47.320662493295124,46.01226043701172,47.320662493295124,26631140
2011-04-13,46.448394775390625,46.448394775390625,45.79419145109232,46.23032547285455,17614514
2011-04-14,47.3206672668457,47.53873658987932,46.44839914133194,46.66646846436556,34585771
2011-04-15,45.794189453125,47.538730047370805,45.35805545039097,47.538730047370805,36780009
2011-04-18,45.794189453125,46.884526751614914,45.57612016010312,45.79418945312499,30432834
2011-04-19,45.139984130859375,45.57611811401364,44.921919430936995,45.358053414091266,27646302
2011-04-20,47.102596282958984,47.102596282958984,45.79418968482713,46.01225897895235,39485273
2011-04-21,47.756805419921875,48.62907353643126,47.53873609913938,47.97487015739407,58037814
2011-04-22,47.756805419921875,47.97487015739407,47.32066677835688,47.756805419921875,21352846
2011-04-25,46.8845329284668,48.41100901410764,46.8845329284668,47.97487037060436,14636521
2011-04-26,47.3206672668457,47.3206672668457,46.23032981829833,46.44839914133194,15343140
2011-04-27,47.53873825073242,47.756807581384685,47.102604172738396,47.53873825073242,25666942
2011-04-28,47.53873825073242,47.756807581384685,46.66647009474437,47.53873825073242,49744336
2011-04-29,47.3206672668457,47.3206672668457,46.66646846436556,47.102602527122436,21768829
2011-05-03,46.230323791503906,47.10259638661461,45.79418978560343,47.10259638661461,35383300
2011-05-04,46.230323791503906,46.44839308610902,45.79418978560343,46.44839308610902,23537443
2011-05-05,47.102596282958984,47.32066099377447,45.79418968482713,46.230323689767836,27264755
2011-05-06,46.8845329284668,47.32066698865976,46.448398868273834,47.10260225021844,27003045
2011-05-09,47.53873825073242,47.53873825073242,46.88453484208613,47.32066892008015,26635272
2011-05-10,47.53873825073242,47.756807581384685,47.32066892008015,47.756807581384685,17746747
2011-05-11,48.19293212890625,48.19293212890625,47.75679813716062,47.97486284137864,31329537
2011-05-12,47.53873825073242,47.97487232872645,47.32066892008015,47.97487232872645,26326729
2011-05-13,47.3206672668457,47.9748706526362,47.102602527122436,47.75680591291293,22132469
2011-05-16,46.230323791503906,47.10259638661461,46.230323791503906,46.8845270920095,29503072
2011-05-17,45.358055114746094,46.23032311375945,45.358055114746094,46.23032311375945,39514199
2011-05-18,46.230323791503906,46.230323791503906,45.13998648509784,45.13998648509784,18002948
2011-05-19,45.358055114746094,46.448392405167624,45.358055114746094,46.23032311375945,25782646
2011-05-20,44.921913146972656,45.79418099126279,44.921913146972656,45.57611173853583,24690348
2011-05-23,43.61351776123047,44.049651793015265,42.610405363146405,43.39544845368305,71376800
2011-05-24,44.921913146972656,44.921913146972656,43.83157146664668,43.83157146664668,24654535
2011-05-25,44.04964828491211,44.92192086232416,43.831578994731686,44.92192086232416,23876289
2011-05-26,44.267723083496094,44.92192645213276,44.049653766180455,44.92192645213276,16578690
2011-05-27,44.04964828491211,44.4857822819633,44.04964828491211,44.26771757509254,20066331
2011-05-30,43.61351776123047,44.049651793015265,43.61351776123047,43.831582485467855,32397042
2011-05-31,43.831581115722656,44.267719717188065,43.61351639829983,43.61351639829983,63823000
2011-06-01,44.48578643798828,44.70385574854154,44.26772171074511,44.26772171074511,32124312
2011-06-02,43.61351776123047,44.049651793015265,43.56990298305898,43.831582485467855,51114874
2011-06-03,43.831581115722656,44.04965041645536,43.56990162149131,44.04965041645536,29906657
2011-06-07,43.61351776123047,44.267721100562675,43.56990298305898,44.049651793015265,20819783
2011-06-08,43.831581115722656,44.267719717188065,43.831581115722656,43.831581115722656,26767505
2011-06-09,44.48578643798828,44.9219250590948,44.26772171074511,44.26772171074511,44255296
2011-06-10,43.61351776123047,44.92192443989489,43.61351776123047,44.92192443989489,37606464
2011-06-13,43.61351776123047,44.049651793015265,43.56990298305898,43.61351776123047,31073336
2011-06-14,43.831581115722656,44.267719717188065,43.61351639829983,43.61351639829983,26067773
2011-06-15,43.39545440673828,44.049657835815125,43.177389652586434,43.83158849835263,60406985
2011-06-16,42.91570281982422,43.220997122998746,42.65402329804902,42.95931760122354,47522549
2011-06-17,43.046539306640625,43.52628811561293,43.046539306640625,43.17738364088672,23704111
2011-06-20,42.91570281982422,43.8315857293478,42.784863058936615,43.8315857293478,21797755
2011-06-21,43.831581115722656,43.831581115722656,43.264607350451456,43.61351639829983,19786714
2011-06-22,43.17738723754883,44.26772469725425,43.17738723754883,44.04965537198901,26884586
2011-06-23,42.78486251831055,43.35184091940634,42.74124773746234,42.91570227754487,29380481
2011-06-24,42.56679153442383,43.04654035508087,42.52318133858964,42.610406313568134,28833643
2011-06-27,41.868980407714844,42.39234403780439,41.69452586435166,42.39234403780439,40971514
2011-06-28,41.432838439941406,42.26149163375881,41.38922366659011,41.95619738691882,31863979
2011-06-29,42.56679153442383,42.697635871856754,41.56368369727555,41.86897798466548,34890182
2011-06-30,42.959320068359375,42.95932006835938,42.2178916585428,42.47957119534615,20171015
2011-07-01,42.56679153442383,43.13376991336949,42.43595178030102,43.13376991336949,20362477
2011-07-04,42.0870475769043,43.00293512821456,41.999822591847,43.00293512821456,22913469
2011-07-05,41.91259002685547,42.348724039888005,41.91259002685547,42.21788429430923,15575925
2011-07-06,42.959320068359375,43.39545415746851,41.781752986123045,41.82536777002715,37040343
2011-07-07,42.61040115356445,43.177379463850585,42.56678637970177,43.00292495170943,20416197
2011-07-08,42.61040115356445,43.35183397599174,42.61040115356445,43.133764689987906,23819815
2011-07-11,41.99981689453125,43.177383824585974,41.868977143038514,43.177383824585974,48033574
2011-07-12,41.52006530761719,41.86897434381089,41.25838582212677,41.7817447931076,34774478
2011-07-13,39.99359893798828,41.47645564980813,39.60107507801166,41.4328454523854,83794289
2011-07-14,39.38300323486328,40.29888596513697,39.25215891627321,39.993591721712406,65974538
2011-07-15,40.2116584777832,40.211658477783196,39.33939047572281,39.470230217700895,36383311
2011-07-18,38.59796905517578,39.99360085576328,38.5107394895269,39.99360085576328,50424784
2011-07-19,38.859642028808594,39.077706739516245,38.467118216239236,38.554347767170086,34993489
2011-07-20,40.64780807495117,40.77864785237806,39.38301592097302,39.38301592097302,66762425
2011-07-21,40.25527572631836,40.34250069855995,39.819141698490405,40.34250069855995,32936993
2011-07-22,40.03721237182617,40.778645370980264,40.03721237182617,40.73503058672163,31172511
2011-07-25,39.949974060058594,39.949974060058594,39.47022534318079,39.90635929034903,21571857
2011-07-26,40.2116584777832,40.429727769953146,39.64468473477491,39.949978993827024,30055419
2011-07-27,40.12443923950195,40.2116642188373,39.73191537421702,39.73191537421702,26613233
2011-07-28,39.38300323486328,40.0372019112663,39.29577368913657,39.68829747828784,66113658
2011-07-29,39.92546463012695,40.362070451402765,39.53736490221638,39.92546463012695,68767331
2011-08-01,41.23529052734375,41.47784879706504,40.16802209051847,40.16802209051847,50546498
2011-08-02,40.36206817626953,40.9927261432693,40.168020640570006,40.9927261432693,29236477
2011-08-03,39.10075759887695,39.731410942886285,38.809683972635625,39.68290021672445,73663451
2011-08-04,38.082000732421875,39.4403404061368,38.082000732421875,39.05224070814112,53917434
2011-08-05,35.46235275268555,36.28705836119941,35.46235275268555,35.46235275268555,89436223
2011-08-08,34.54061508178711,36.52961266235921,33.958470183208114,35.65639415583201,83617227
2011-08-09,34.44359588623047,36.23854386044798,32.74567168842406,33.133769111386215,129995136
2011-08-10,35.75341796875,36.044491577100175,35.21978610986459,35.9474678134226,88226593
2011-08-11,35.75341796875,36.43258894912793,34.68615193366175,35.21978610986459,51123765
2011-08-12,35.36532211303711,36.38407746862519,35.36532211303711,36.335564426047654,52583836
2011-08-15,36.23854446411133,36.335568242138656,35.89896008235678,36.23854446411133,27510939
2011-08-16,35.99597930908203,36.62663726249647,35.80193177756258,36.384076689438416,27756371
2011-08-17,35.94746398925781,36.82068008677895,35.70490112989204,36.19002453130639,50278527
2011-08-18,34.83169174194336,35.80193409703389,34.54061810848914,35.80193409703389,73971494
2011-08-19,32.988224029541016,33.86144243326706,32.64863973845788,33.57036885958599,106250829
2011-08-22,32.50310516357422,33.618884182194996,32.35757068414668,32.98822627451218,78648479
2011-08-23,32.017982482910156,32.64864035967409,31.19327709821141,32.50310357006438,137910323
2011-08-24,31.43583869934082,32.40608090628979,31.435838699340817,32.066496597321105,109500300
2011-08-25,29.980480194091797,31.532867510558305,29.834945693577477,31.435843737776207,90630826
2011-08-26,31.144771575927734,31.435842886390862,30.223042283484777,30.223042283484777,71488372
2011-08-29,31.144771575927734,31.678403470435597,30.708161134256656,31.04774780577336,45723006
2011-08-30,33.279300689697266,33.279300689697266,32.309058443865204,33.18227692857754,54284330
2011-08-31,35.55937194824219,35.55937194824219,33.90996094387635,33.958471669112086,158880997
2011-09-01,35.94746398925781,37.596874748261286,35.801927200565224,36.96621687547154,138125702
2011-09-02,36.86920166015625,36.86920166015625,35.6078856224856,35.89895926727659,81528550
2011-09-05,35.41383361816406,36.044491557705136,35.41383361816406,36.044491557705136,69908089
2011-09-06,34.97722625732422,35.850442465597844,34.928713215834584,34.928713215834584,58000874
2011-09-07,35.46235275268555,35.80193714238916,35.3168159235789,35.55937653298403,48039584
2011-09-08,34.492103576660156,35.656393347421066,34.492103576660156,35.5108565467466,91165518
2011-09-09,35.2682991027832,35.75342026970916,34.58913039601389,34.7346672095552,71195356
2011-09-13,33.6188850402832,34.29805368600452,33.47334823982367,33.95846936314386,72784404
2011-09-14,32.648643493652344,34.3950805019768,32.30905916351076,34.3950805019768,98995554
2011-09-15,33.90996170043945,34.05549619671122,33.13376690617464,33.473351259671404,55311138
2011-09-16,34.44359588623047,35.07425390887926,34.34657210981937,34.44359588623047,60198493
2011-09-19,34.63764190673828,34.78317872357549,34.24954681826258,34.49210740721871,31265049
2011-09-20,35.171268463134766,35.5108527501911,34.783171141934474,34.97722096119318,68871264
2011-09-21,35.316810607910156,35.51085813930029,34.928713227812416,35.51085813930029,59583660
2011-09-22,34.395084381103516,34.686155703773416,34.15252378688643,34.54061888377962,50359920
2011-09-23,33.473350524902344,33.958471681339624,32.55162125459852,32.60013197985173,68724756
2011-09-26,33.279300689697266,33.376324450817,33.279300689697266,33.376324450817,161201332
2011-09-27,33.0367431640625,33.86144868534039,32.7456695366385,33.47335128788092,69712745
2011-09-28,33.473350524902344,33.958471681339624,33.08525545360654,33.08525545360654,51193888
2011-09-29,33.95846939086914,34.298053714007054,33.18227698331354,33.230787705294745,39937819
2011-09-30,33.57037353515625,34.395081336342784,33.2793022382529,33.95847091501154,46282741
2011-10-03,32.891204833984375,33.327815254991556,32.794181068421935,33.230789172111635,36728418
2011-10-04,33.42483901977539,33.47334974389674,32.309059922539674,32.648644260659026,35606443
2011-10-05,32.794189453125,33.52187135687064,32.794189453125,33.13377387807602,21750797
2011-10-06,33.95846939086914,34.39507979260421,33.230787705294745,33.42483754517168,61271633
2011-10-07,34.44359588623047,34.44359588623047,34.44359588623047,34.44359588623047,118168062
2011-10-11,35.51085662841797,35.55936966786016,35.171272304274815,35.462345906293166,62467488
2011-10-12,35.36532211303711,35.5108589234522,34.977227041686916,35.41383515561465,29960252
2011-10-13,34.928714752197266,35.559372732715055,34.540617355161885,35.51085968909154,45765581
2011-10-14,34.928714752197266,35.316812149232646,34.7831779386443,35.17127533567968,21708222
2011-10-17,36.38407897949219,36.38407897949219,35.31681285432534,35.413836626191845,82155904
2011-10-18,35.99597930908203,36.23853988214009,35.4623474387448,35.99597930908203,59531068
2011-10-19,36.14151382446289,36.287050622531986,35.219784632220815,36.093000786000744,54621173
2011-10-20,35.2682991027832,36.48110202009809,35.122764606559485,36.287054480254746,59799040
2011-10-21,35.60788345336914,35.60788345336914,34.83169097673917,35.36532286992522,29180128
2011-10-24,36.82068634033203,36.86919938390798,36.1415176341742,36.19003067775015,85622007
2011-10-25,38.227535247802734,38.32455900782558,36.91770637688359,37.111756214246626,134852439
2011-10-26,39.00373458862305,39.39182969780188,37.839444626451005,38.03349218104043,115609808
2011-10-27,39.24628829956055,39.29479901816705,38.761164892274984,39.052236155865664,76653716
2011-10-28,39.63438415527344,40.79867386887547,39.537358081375544,40.50760028181632,89929592
2011-10-31,40.41058349609375,40.45909422131175,39.87694698015544,40.41058349609375,75037120
2011-11-01,42.15701675415039,42.20553211492856,40.070999914378866,40.7501686189217,134881240
2011-11-02,42.15701675415039,42.15701675415039,40.94421615812892,41.47784804960755,97386471
2011-11-03,40.653141021728516,42.10850446366834,40.653141021728516,42.10850446366834,100706066
2011-11-04,41.041236877441406,41.91445300698724,40.992721523008356,41.671890138725615,59015160
2011-11-07,40.798675537109375,41.23528593555083,40.556117294398376,41.18677057930085,34157642
2011-11-08,40.84718322753906,41.283793593580555,40.55611428481244,40.55611428481244,31192421
2011-11-09,40.07099914550781,40.99272609771504,40.02248378566054,40.84718928744336,48933659
2011-11-10,38.37306594848633,39.2947973711835,37.83943416227787,38.95521308590228,96636401
2011-11-11,39.92546463012695,39.92546463012695,39.14926980894114,39.68290172085343,63859940
2011-11-14,40.653141021728516,40.798677829385994,40.31355668207272,40.653141021728516,46573253
2011-11-15,40.022483825683594,40.60463106735247,39.925462375162155,40.50760498219597,31486689
2011-11-16,39.77992630004883,40.50760573095051,39.4888526738341,40.26504746552833,32042668
2011-11-17,39.73141098022461,39.82843706727462,39.440341988344905,39.537363440759755,30945737
2011-11-18,38.85819625854492,39.294806715432216,38.85819625854492,38.85819625854492,34757448
2011-11-21,37.93646240234375,38.56712033096835,37.88794936271209,38.081999203921335,38609230
2011-11-22,37.645389556884766,38.518608066608316,37.59687883359411,38.37307126210148,43739513
2011-11-23,36.481101989746094,37.596881136210996,36.481101989746094,37.35432055294982,53752143
2011-11-24,36.86920166015625,37.160275304947234,35.46235111740783,36.19003291206757,51163835
2011-11-25,36.723663330078125,37.88795322680694,36.384078969975356,37.160273779339654,46510642
2011-11-28,37.790931701660156,38.033492304342175,37.208786718686866,37.208786718686866,43556691
2011-11-29,38.470096588134766,38.51860731047313,37.790925619541085,38.13050994517923,41534381
2011-11-30,38.66415023803711,38.80968706274572,38.08200525652041,38.80968706274572,47318314
2011-12-01,40.16802215576172,40.75016941945475,39.97397461274246,40.7016540577235,65775813
2011-12-02,39.682899475097656,40.45909425235664,39.63438874984243,40.070999181044684,28872086
2011-12-05,39.87693786621094,40.02247464323733,39.34330610687017,40.02247464323733,23715506
2011-12-06,38.80968475341797,39.77992710398518,38.80968475341797,39.77992710398518,27965489
2011-12-07,39.44034194946289,39.68290021489605,39.14926832323498,39.14926832323498,27048875
2011-12-08,39.58587646484375,39.68289791153141,39.05223996952206,39.68289791153141,28619140
2011-12-09,38.66415023803711,39.19778217221168,38.56712646067062,39.0037346174787,31482933
2011-12-12,39.73141098022461,40.02248460673948,39.537363440759755,39.876947793482046,30219458
2011-12-13,39.5373649597168,39.779927869343084,39.24629595665472,39.44034350357455,25081662
2011-12-14,39.73141098022461,39.73141098022461,39.24629444888004,39.73141098022461,19655858
2011-12-15,38.227535247802734,39.488848762734435,38.13050917046254,39.488848762734435,48000766
2011-12-16,38.80968475341797,38.80968475341797,37.98497921889936,38.22753980654117,27726318
2011-12-19,37.74241256713867,38.518607297464335,37.49985432089397,38.373070495863594,35446161
2011-12-20,37.83943557739258,38.27604362946563,37.74240950598327,37.79092254168793,32993092
2011-12-21,40.022483825683594,40.26504672125731,39.537362669171216,40.26504672125731,66426960
2011-12-22,39.77992630004883,40.022484565471004,39.34331586072673,40.022484565471004,36278877
2011-12-23,40.21653747558594,40.507606472493904,39.92546384404273,39.92546384404273,52431067
2011-12-26,40.022483825683594,40.36206817177875,40.022483825683594,40.26504672125731,22276723
2011-12-27,39.87693786621094,40.16801142026372,39.68289037505375,40.02247464323733,16504059
2011-12-28,40.022483825683594,40.31355744651803,39.925462375162155,40.2165359959966,22063848
2011-12-29,40.21653747558594,40.21653747558594,39.68290093954498,40.02248529813364,25601327
2011-12-30,40.21653747558594,40.45909574544845,39.87694848236204,40.26504820263139,37628754
2012-01-02,39.488853454589844,40.02248535677748,39.488853454589844,40.02248535677748,73391723
2012-01-03,40.119510650634766,40.265047463735655,39.731410937487354,39.876947750588236,106025432
2012-01-04,40.36206817626953,40.701652522402476,40.168020640570006,40.26504672573731,134356566
2012-01-05,40.36206817626953,40.55612034660413,40.21653600047119,40.55612034660413,100068694
2012-01-06,40.701656341552734,40.9442192599138,40.26505050391961,40.5561241520987,52920679
2012-01-09,40.89569854736328,40.89569854736328,40.459088181672236,40.79867247677604,29706054
2012-01-10,41.91445541381836,41.91445541381836,41.13826067929853,41.18677140188264,93924125
2012-01-11,41.81742858886719,42.69064938763007,41.81742858886719,42.20552826652894,67568971
2012-01-12,42.011474609375,42.15701140396901,41.67189030020051,41.96296388938852,48654417
2012-01-13,41.33230972290039,42.205530569307115,41.13826219079945,42.10850448593915,100220211
2012-01-16,40.507598876953125,42.05998819767304,40.50759887695313,42.05998819767304,50369938
2012-01-17,42.205528259277344,42.205528259277344,40.798675617935366,41.13825993918434,91979451
2012-01-18,42.54511260986328,42.83618157496687,42.35106508824931,42.44808653173893,89357334
2012-01-30,45.50435256958008,45.50435256958008,44.38857346546392,45.1162528703112,128679069
2012-01-31,46.23203659057617,46.9112053388162,45.6013785716003,46.135015132047855,129909986
2012-02-01,46.18351745605469,46.329054251995366,45.746907068232645,46.329054251995366,53082213
2012-02-02,46.911197662353516,46.911197662353516,45.94096006266099,46.57161334380246,58852373
2012-02-03,47.347816467285156,47.39633183186225,46.62013697961933,46.86269526396277,65042021
2012-02-06,45.60137939453125,46.329063519802816,45.358821109197756,46.329063519802816,47373411
2012-02-07,47.2022819519043,47.29930805116938,45.55287070684806,45.601381439162736,62644049
2012-02-08,49.239784240722656,49.72490538187842,47.68739473517025,47.68739473517025,118278256
2012-02-09,50.21003723144531,50.21003723144531,48.75467349758922,49.23979474220792,94336100
2012-02-10,49.482337951660156,49.96745904828333,48.46358503914184,49.72490081728899,64541139
2012-02-13,49.72490692138672,49.967465182156865,48.366564903314675,48.512101713630784,53936217
2012-02-14,48.99721908569336,49.48234020440225,48.51209796698448,49.48234020440225,36927519
2012-02-15,50.21003723144531,50.21003723144531,48.75467349758922,49.23979474220792,54351949
2012-02-16,49.482337951660156,50.210021913912165,48.99721685503698,49.96745904828333,41609513
2012-02-17,49.239784240722656,50.695147664189946,49.239784240722656,50.21002652303419,50715546
2012-02-20,48.36656951904297,49.48234874819107,48.26954805932996,49.23979046427305,50319849
2012-02-21,46.959716796875,47.59037476339635,46.23203274525996,47.29930114275033,75141053
2012-02-22,47.347816467285156,47.832937670607535,46.3290633306988,46.3290633306988,74631406
2012-02-23,47.105255126953125,47.88144529420461,46.959718311934665,47.34781339556041,36410358
2012-02-24,48.0269775390625,48.26954041922315,47.63888249236718,48.26954041922315,49593571
2012-02-29,49.72490692138672,49.72490692138672,48.512101713630784,48.754664609036,81249308
2012-03-01,49.72490692138672,50.452586338332225,49.482344025981504,49.72490692138672,42101629
2012-03-02,49.72490692138672,50.452586338332225,49.23978576521136,50.452586338332225,25259475
2012-03-05,48.75466537475586,49.23978653855033,48.17251812434845,49.23978653855033,25055365
2012-03-06,48.41508865356445,48.75467305827405,47.541867640337614,48.75467305827405,33445138
2012-03-07,47.92994689941406,48.22102044591089,47.63887335291723,47.68738406578874,21500356
2012-03-08,48.99721908569336,49.23978196236516,48.22102900346691,48.269539724947386,31891151
2012-03-09,49.239784240722656,49.48234249398308,48.99722135282732,49.48234249398308,32884150
2012-03-12,48.75466537475586,49.48234480312999,48.51210247554106,48.99722363933552,23711750
2012-03-13,49.72490692138672,49.967465182156865,48.997222869806144,49.482344025981504,43009478
2012-03-14,50.21003723144531,50.695158476064016,49.967474291818014,50.45259553643671,48824717
2012-03-15,50.45258331298828,50.45258331298828,49.72490393967741,50.45258331298828,28101980
2012-03-16,50.69514083862305,51.42282013506488,50.695140838623054,50.695140838623054,77476415
2012-03-19,50.45258331298828,50.93770444007379,49.239782812591905,50.69514619384842,26901115
2012-03-20,49.482337951660156,50.4525801449065,49.482337951660156,50.4525801449065,21343830
2012-03-21,49.72490692138672,50.21002807756208,49.23978576521136,49.967465182156865,30873109
2012-03-22,50.937713623046875,50.937713623046875,50.210034118551064,50.210034118551064,54225476
2012-03-23,51.422821044921875,51.42282104492187,50.45257887607612,50.937699960498996,44301753
2012-03-26,51.422821044921875,51.6653839044505,50.937699960498996,51.6653839044505,49092689
2012-03-27,52.393070220947266,52.393070220947266,51.42282792233889,51.907949071643074,47985740
2012-03-28,54.81868362426758,56.03148434960849,53.8484411901406,54.33356240720409,125516000
2012-03-29,56.27404022216797,56.759161378427216,54.33355559713096,54.81867675339021,150377274
2012-03-30,55.546348571777344,55.788911434042156,54.57610639198699,55.54634857177735,81008885
2012-04-02,53.84844207763672,56.03148527308415,53.84844207763672,55.30380575281358,44658631
2012-04-03,53.363304138183594,54.576104503641155,52.87818306507372,54.090983430531274,70529183
2012-04-05,53.84844207763672,54.33356330269567,52.15052010724825,52.39307840245986,67270946
2012-04-06,53.84844207763672,54.33356330269567,53.363320852577765,53.84844207763672,29346671
2012-04-09,53.12074661254883,53.605867691992984,52.39306267606544,52.63562553310468,26524202
2012-04-10,53.363304138183594,54.090983430531274,52.63562484583592,53.605866992055674,24137499
2012-04-11,55.06123733520508,55.303800240877024,53.36331553404254,53.36331553404254,55591632
2012-04-12,55.30379867553711,55.30379867553711,54.33355634958198,55.06123577673076,37782775
2012-04-13,55.546348571777344,56.031469661672524,54.818669254251795,55.788911434042156,35163162
2012-04-16,55.546348571777344,55.54634857177735,54.57610639198699,55.303790344146975,23975965
2012-04-17,53.363304138183594,55.78890950373298,52.63562484583592,55.54634664986091,63262638
2012-04-18,52.393070220947266,54.8186759674682,52.393070220947266,54.57611307549861,40881982
2012-04-19,51.18027114868164,52.39307173978278,50.937708249680334,52.39307173978278,52960749
2012-04-20,49.967472076416016,51.665398674618636,49.967472076416016,51.1802774515087,62140663
2012-04-23,48.463584899902344,49.23977957919625,48.26953738873748,48.99721671426432,63445460
2012-04-24,50.21003723144531,50.45259553643671,48.512110557961925,48.512110557961925,49578544
2012-04-25,51.422821044921875,51.6653839044505,50.45257887607612,51.6653839044505,57257064
2012-04-26,50.45258331298828,51.9079466942448,50.45258331298828,51.9079466942448,38872193
2012-04-27,48.17251205444336,50.45258077351719,47.78441702616317,50.21002253950071,83815076
2012-04-30,44.82518005371094,44.82518005371094,44.82518005371094,44.82518005371094,27230445
2012-05-02,43.46683883666992,44.14601210396589,41.72040653400791,41.72040653400791,392742765
2012-05-03,43.6609001159668,43.951969137493215,42.54512085710271,42.93321597556168,108071535
2012-05-04,43.6609001159668,43.854947675196286,43.32131572865629,43.80643230941219,61503290
2012-05-07,42.93320846557617,43.17577134816005,42.73916094028997,43.17577134816005,62527594
2012-05-08,42.93320846557617,43.418329596109096,42.93320846557617,43.418329596109096,34724891
2012-05-09,42.351070404052734,42.690654768159675,42.05999676777956,42.690654768159675,59940539
2012-05-10,42.54511260986328,43.030233731215574,42.35106508824931,42.35106508824931,30921945
2012-05-11,41.91445541381836,42.3995765435639,41.76891861143122,42.20552901859265,48969973
2012-05-14,42.15701675415039,42.642137919486004,41.865947762657136,41.91445848880016,38999918
2012-05-15,41.4293327331543,41.526354174690496,40.79867482463047,41.4778434539224,74685250
2012-05-16,40.16802215576172,41.62338568035905,40.16802215576172,41.38082741024379,73021070
2012-05-17,41.57487106323242,41.9144553904011,40.41058127942056,40.750165606589235,55636711
2012-05-18,40.36206817626953,41.04124150317048,40.31355745100342,40.701652522402476,45205845
2012-05-21,40.36206817626953,40.79867860756978,40.26504672573731,40.36206817626953,28309846
2012-05-22,42.30255126953125,42.351066627674285,41.08975073938362,41.23528754454292,52203165
2012-05-23,42.205528259277344,42.35106505904615,41.42933353872195,42.15701290293126,40808102
2012-05-24,41.380821228027344,42.690647741015816,41.13825835951527,42.690647741015816,39802581
2012-05-25,40.798675537109375,41.76891777722279,40.75016481549412,41.38082273503131,32795243
2012-05-28,41.4293327331543,41.526354174690496,40.65313802769153,40.65313802769153,19471784
2012-05-29,43.418331146240234,43.61237867845437,41.76892017046764,41.8659462538922,70307542
2012-05-30,43.127262115478516,43.41833576206136,42.59363018650027,43.41833576206136,61722426
2012-05-31,42.44808578491211,42.690648658638,42.1570121902949,42.44808578491211,51842530
2012-06-01,41.380821228027344,42.44808487250374,41.380821228027344,42.25403735847481,45283482
2012-06-04,39.77992630004883,40.60463181790047,39.24629440841193,40.26504746552833,56132584
2012-06-05,39.87693786621094,40.75015852836928,39.53735359802736,40.410574260185705,33501487
2012-06-06,40.16802215576172,40.50760651470424,39.63439025379994,40.459095787608234,31158612
2012-06-07,40.701656341552734,41.23529290809288,40.50760878764518,41.23529290809288,32527271
2012-06-08,39.63438415527344,40.410578842552965,39.39182128784597,40.07099453586215,39485773
2012-06-11,40.653141021728516,40.84718855372683,40.265045957731886,40.265045957731886,30951998
2012-06-12,40.022483825683594,40.16802063610081,39.73141020484915,39.779925564744936,29625913
2012-06-13,39.77992630004883,40.313558191685736,39.77992630004883,40.313558191685736,24704748
2012-06-14,39.828433990478516,40.11950759450758,39.58587574354416,39.876944712938425,17980408
2012-06-15,40.99272155761719,40.99272155761719,39.925457913341724,40.07099470749466,39008683
2012-06-18,41.96297073364258,42.35107046073805,41.91446000574389,42.01148146154127,38418895
2012-06-19,41.86594009399414,42.15700903217174,41.47784045203349,42.15700903217174,30024114
2012-06-20,42.205528259277344,42.2540389809887,41.72040713825957,42.01147610316245,26869810
2012-06-21,41.76891326904297,42.20552362036043,41.6718872016499,42.20552362036043,23864519
2012-06-22,42.011474609375,42.059989963996046,41.18676919643202,41.33230599102602,24985242
2012-06-25,41.96297073364258,42.108507551973965,41.23529127662098,41.8174339153112,27237958
2012-06-26,41.72041702270508,41.81743848911423,41.477854087410556,41.81743848911423,29206424
2012-06-27,41.96297073364258,42.15701827987265,41.67189709697981,41.67189709697981,22447023
2012-06-28,42.64214324951172,42.88470617981609,42.44809568604966,42.64214324951172,38100835
2012-06-29,43.36981964111328,43.56386716983422,42.73916169679405,42.88469850199348,42464769
2012-07-02,43.175777435302734,43.66089863423053,43.078751341662986,43.56387254059078,28569052
2012-07-03,43.9034538269043,43.95196455299275,43.17577439703692,43.17577439703692,42842935
2012-07-04,44.631134033203125,44.631134033203125,43.70940704831184,44.000480679176555,44458279
2012-07-05,44.340065002441406,44.72816008686862,44.04899137180338,44.388575729336,21892296
2012-07-06,44.340065002441406,44.53411254465501,43.612380925846345,44.29154964091158,27542244
2012-07-09,44.582618713378906,44.582618713378906,43.90345006775254,44.048986868191726,22244166
2012-07-10,43.709407806396484,44.87369771541324,43.36982344270974,44.63113480727396,46901330
2012-07-11,43.61237716674805,43.66089252409616,42.78767170744795,42.836182430161244,25610092
2012-07-12,42.25404357910156,43.66089637353819,42.25404357910156,43.27279665370986,45958420
2012-07-13,42.205528259277344,42.39957578075751,41.96296538145109,42.15701290293126,31762174
2012-07-16,42.44808578491211,42.787670100420634,42.30254898760351,42.690648658638,14574411
2012-07-17,42.93320846557617,43.07874526819953,42.25403980975705,42.448087335043255,22761326
2012-07-18,42.205528259277344,42.69064938029512,42.205528259277344,42.69064938029512,30613902
2012-07-19,42.836181640625,42.933207718898075,42.545112675075266,42.933207718898075,20529897
2012-07-20,43.46683883666992,43.46683883666992,42.642133406347675,42.6906487619911,22272966
2012-07-23,42.011474609375,42.884695376939035,41.86594244941556,42.884695376939035,33798259
2012-07-24,41.52635192871094,41.86594085962466,41.23528298521036,41.86594085962466,32900428
2012-07-25,39.73141098022461,40.26504750704692,39.29480517508747,39.34331590129489,82858391
2012-07-26,39.052242279052734,39.92546315869288,38.906705465779375,39.731410984571625,83524564
2012-07-27,40.507598876953125,40.50759887695313,39.63438278069466,40.21652993462322,46582018
2012-07-30,40.16802215576172,40.50760651470424,40.02248533983847,40.50760651470424,35818066
2012-07-31,41.041236877441406,41.332305830866986,39.77992108560389,39.77992108560389,37320711
2012-08-01,41.13825988769531,41.3323074089326,40.55611732398343,41.23528596563132,34729900
2012-08-02,41.13825988769531,41.138259887695305,41.138259887695305,41.138259887695305,0
2012-08-03,39.58587646484375,40.31355585354077,38.32456058082504,39.779923992853966,73014809
2012-08-06,42.351070404052734,42.351070404052734,41.72041240367262,42.351070404052734,86458480
2012-08-07,42.351070404052734,42.351070404052734,41.235291221429094,42.20553358591615,40444962
2012-08-08,42.351070404052734,42.73916549599343,42.20553358591615,42.59362867785684,33834573
2012-08-09,44.14601516723633,44.3885734237458,42.642136365264705,42.69065172427458,95331603
2012-08-10,45.7934684753418,46.66158904581033,45.25089311879896,45.25089311879896,81458198
2012-08-13,46.064762115478516,46.932882798302316,45.84773194477256,46.932882798302316,35885912
2012-08-14,46.119014739990234,46.824362719565755,46.06475720309981,46.119014739990234,45596191
2012-08-15,45.84772491455078,46.336042723761246,45.46792217405376,46.28178518940453,34886425
2012-08-16,45.630699157714844,46.281789632500775,45.57644161814935,46.11901701380429,25496028
2012-08-17,45.84772491455078,46.44455779247468,45.68495231148063,45.73920984583735,28740376
2012-08-20,46.010498046875,46.39030079174086,45.90198297691333,46.33604325676002,20939140
2012-08-21,46.60733413696289,47.36694439124463,46.390303982113856,46.390303982113856,58491624
2012-08-22,46.71585464477539,46.82436973481402,46.28179428462087,46.49882446469813,22485044
2012-08-23,47.25843048095703,47.25843048095703,46.607335288019776,46.661592828072024,32263625
2012-08-24,47.14992141723633,47.36695160513864,46.60734123516973,47.204178964211906,36615606
2012-08-27,47.47545623779297,47.85525898293183,47.25842609771362,47.74674391289216,36504046
2012-08-28,45.68495178222656,47.04139012543036,45.52217918104211,46.71584492306145,58943556
2012-08-29,45.57644271850586,46.010503045509374,45.305155014128665,45.305155014128665,38687436
2012-08-30,46.39030838012695,46.55308101169532,45.03386507141335,45.03386507141335,63278462
2012-08-31,46.010498046875,46.39030079174086,45.08811995220078,45.08811995220078,44925693
2012-09-03,48.83190155029297,49.211709061696645,48.01803840937894,49.211709061696645,120161572
2012-09-04,48.777645111083984,49.645770526676074,48.66913002317379,49.10319508712512,57016299
2012-09-05,48.18080520629883,48.77763810406851,48.18080520629883,48.77763810406851,39965823
2012-09-06,47.963783264160156,48.7776464457558,47.85526817328074,48.61487380943667,41948860
2012-09-07,48.28932189941406,48.831897279233985,48.23506436143207,48.831897279233985,37314564
2012-09-10,48.18080520629883,48.50635042326411,48.18080520629883,48.28932027862059,24717384
2012-09-11,49.04893493652344,49.48300001910913,47.9095264645518,47.963784010836164,53650145
2012-09-12,50.459632873535156,50.56814795969811,49.26596692574269,49.37448201190564,73606874
2012-09-13,50.459632873535156,51.16498564590485,50.18834515812778,50.89369321818697,49438183
2012-09-14,52.629940032958984,53.17252018354671,51.70756178788782,52.08736459468183,85294499
2012-09-17,52.90121841430664,53.38954093487102,52.35864307180148,53.17251079786896,47257070
2012-09-18,52.141624450683594,52.57568482055334,51.92459426574872,52.35865463561847,37708440
2012-09-19,52.57566833496094,52.57566833496093,51.38200269210415,52.14160810119483,39036915
2012-09-20,52.08735656738281,52.521416851110544,51.870326425518954,52.521416851110544,26214338
2012-09-21,52.52143478393555,52.73846499990182,52.19588945998614,52.575692337927116,38992519
2012-09-24,51.97883987426758,52.46715767822159,51.924582340494915,52.46715767822159,30923766
2012-09-25,50.730926513671875,51.97885486259853,50.45963876658152,51.653309566090115,60976681
2012-09-26,48.940425872802734,49.917066538541974,48.77765321389809,49.80855143260554,89590699
2012-09-27,48.940425872802734,49.48300611479625,48.56062300202523,48.61488055499345,50856590
2012-09-28,49.917057037353516,49.917057037353516,49.1031938977406,49.1031938977406,41607350
2012-10-01,49.5372428894043,49.917045600873834,49.26595523835463,49.917045600873834,17799522
2012-10-02,49.7542839050293,49.8085414471201,49.048931145538404,49.37448111039365,31138918
2012-10-03,49.59151840209961,50.29686655059653,49.59151840209961,50.29686655059653,22482768
2012-10-04,49.42873764038086,49.64576780430017,48.99467260023192,49.48299518136069,23601783
2012-10-05,49.04893493652344,49.64577265796222,48.940419843954714,49.26596983397167,35801673
2012-10-08,48.126548767089844,48.83189675325833,48.07229122969227,48.83189675325833,34793079
2012-10-09,48.45209503173828,48.831897801675645,48.180807338925874,48.28932241605084,40911807
2012-10-11,46.66159439086914,47.746749940568606,46.55307930713023,47.204174521874066,79809842
2012-10-12,47.09565734863281,47.31268750648161,46.55307724170065,47.14991488809501,41330726
2012-10-15,47.47545623779297,47.638228842852484,47.149911027673944,47.47545623779297,21811130
2012-10-16,47.529727935791016,47.963788345291675,47.36695528222827,47.63824303816618,28736961
2012-10-17,47.42120361328125,47.9637790196638,47.25843099136649,47.74674885711078,29896958
2012-10-18,47.47545623779297,48.018031587991345,47.47545623779297,47.74674391289216,29626027
2012-10-19,46.55308151245117,47.149919213599055,46.498823968011415,47.149919213599055,61063197
2012-10-22,46.173274993896484,46.227532533979634,45.576442052981825,45.576442052981825,39183764
2012-10-23,45.956241607666016,46.444559434136906,45.739211462567845,46.17327175276419,31079723
2012-10-24,46.119014739990234,46.444559961332786,45.30515168663386,45.522181834195564,38225259
2012-10-25,46.227535247802734,46.661595593949784,46.119020161265965,46.119020161265965,32006354
2012-10-26,45.73921203613281,47.09565517231596,45.73921203613281,46.28178740568209,51194685
2012-10-29,45.57644271850586,46.28179074988657,45.57644271850586,46.119018127260254,43004127
2012-10-30,47.74674606323242,47.90951867562263,46.11901522702041,46.22753030194721,82469069
2012-10-31,48.126548767089844,49.374476839544094,48.126548767089844,49.374476839544094,100358522
2012-11-01,48.7233772277832,49.1031846671824,47.58396904651436,48.126544370928094,55173281
2012-11-02,48.07229232788086,49.048928023348,48.07229232788086,49.048928023348,28678905
2012-11-05,47.47545623779297,48.28931926309053,47.25842609771362,47.909516517951666,32369494
2012-11-06,48.7233772277832,48.7233772277832,47.74674164383848,48.01802930604535,37236017
2012-11-07,48.99467086791992,49.10319065835294,48.39783793824413,48.72338317261274,47173969
2012-11-08,49.32021713256836,49.32021713256836,48.235061720042424,48.723379535139685,56471021
2012-11-09,49.59151840209961,49.91706370140588,48.723392891638454,48.94042309117597,56008843
2012-11-12,48.83190155029297,49.32022414715185,48.45209875119975,49.32022414715185,46543314
2012-11-13,47.583980560302734,48.99467674512142,47.475465469162835,48.83190410841157,36790915
2012-11-14,48.7233772277832,49.26595726450651,48.56060463045908,48.99466488999007,55720836
2012-11-15,48.88615798950195,49.103192867823644,48.506355198982114,48.506355198982114,35194923
2012-11-16,48.669124603271484,49.26596223262293,48.397836913707216,48.99466983074861,35018476
2012-11-19,48.39784240722656,49.04893293608449,48.39784240722656,48.994675392012994,18182013
2012-11-20,48.777645111083984,49.15745263108022,48.6148724792187,49.15745263108022,22727517
2012-11-21,48.34357452392578,49.10318469077963,48.072286861588545,48.77763478366536,28423910
2012-11-22,48.28932189941406,48.831897279233985,48.28932189941406,48.831897279233985,18456360
2012-11-23,49.917057037353516,49.917057037353516,48.723386386944114,48.83190147222584,68938427
2012-11-26,50.351104736328125,50.83942249748908,50.24258967829236,50.459619794363896,48968037
2012-11-27,50.351104736328125,50.459619794363896,50.07981709123871,50.351104736328125,35099300
2012-11-28,50.62240219116211,50.67665973069416,49.97131171677745,50.134084335373615,53488497
2012-11-29,50.459632873535156,51.21924318898632,50.40537533045368,50.83943567510549,66076570
2012-11-30,50.568138122558594,51.1649756926611,50.51388059003197,50.73091072013848,53411088
2012-12-03,51.382015228271484,51.54478785564699,50.83943509137603,50.83943509137603,57082324
2012-12-04,51.707550048828125,51.92458017486708,51.056454958401766,51.382004859769694,54775991
2012-12-05,51.5447883605957,51.70756098956578,50.73092050343485,51.056465761375,38758015
2012-12-06,51.27349853515625,51.81607394272333,51.16498345364284,51.54478623893979,37084614
2012-12-07,51.816070556640625,51.97884316827387,51.056460323375525,51.49052533337415,64379263
2012-12-10,52.141624450683594,52.195881996917315,51.38201880341153,52.141624450683594,46678779
2012-12-11,51.5447883605957,52.41290904843609,50.73092050343485,52.35865150544607,92445726
2012-12-12,51.870330810546875,52.35864867102211,51.87033081054687,52.30439113096931,57315690
2012-12-13,52.08735656738281,52.141614102848784,51.54478121272316,51.92458396098492,36171643
2012-12-14,49.6457633972168,51.00220180130066,49.37447571640002,51.00220180130066,138455146
2012-12-17,47.312686920166016,48.18080754080314,46.93287943632715,47.09565676500674,170930508
2012-12-18,47.963783264160156,47.963783264160156,47.583980446082194,47.74675308240132,67705575
2012-12-19,48.07229232788086,48.289322482429114,47.909519711969665,48.289322482429114,51390484
2012-12-20,47.80100631713867,48.1265515604192,47.69249123604516,48.072294019872444,46165375
2012-12-21,47.20417404174805,47.8010069962415,46.93288162284978,47.8010069962415,66240495
2012-12-24,47.63822937011719,47.74674444135792,47.36694169201537,47.74674444135792,16565531
2012-12-25,48.18080520629883,48.18080520629883,47.63822984469003,47.746744917011796,19652785
2012-12-26,48.018028259277344,48.39783097808746,48.018028259277344,48.289315915570285,17900836
2012-12-27,48.28932189941406,48.39783697537805,48.01803420950411,48.01803420950411,24808453
2012-12-28,48.23506546020508,48.83189839160258,48.07229284255122,48.83189839160258,24679818
2013-01-02,48.126548767089844,48.77763921586075,48.07229122969227,48.56060906627045,38400567
2013-01-03,48.34357452392578,48.669119718730464,48.12654439405599,48.506347121328126,37393112
2013-01-04,47.74674606323242,48.23506390040303,47.63823098830562,47.90951867562263,48551395
2013-01-07,47.09565734863281,47.7467478221792,47.041395096860434,47.7467478221792,53103728
2013-01-08,47.20417404174805,47.47546174833598,46.93288162284978,47.095658959112875,51207207
2013-01-09,47.63822937011719,48.01803211945975,47.312684156395,47.63822937011719,31235679
2013-01-10,48.07229232788086,48.07229232788086,47.421201864236096,47.96377725060673,46190419
2013-01-11,48.07229232788086,48.669125252888556,48.07229232788086,48.56061017561443,35511389
2013-01-14,47.312686920166016,48.01803492443368,46.98713697511697,47.96377738564386,58189957
2013-01-15,45.68495178222656,46.93287505797406,45.57643671477026,46.93287505797406,121779193
2013-01-16,45.57644271850586,46.173275668135695,45.14238239150235,45.305155014128665,82251641
2013-01-17,45.52219009399414,46.28179574828715,45.41367500052371,46.11902310808151,42795806
2013-01-18,46.3360481262207,46.3360481262207,45.84773026007579,46.06476042280686,39275972
2013-01-21,45.90198516845703,46.22753039388488,45.79347009331441,46.119015318742264,19740439
2013-01-22,46.3360481262207,46.60733582963454,45.956245341441324,46.010502882124094,33431591
2013-01-23,46.119014739990234,46.77010518267534,46.119014739990234,46.77010518267534,32581230
2013-01-24,44.762569427490234,45.35940701655565,44.65405435898921,45.30514948230513,101993219
2013-01-25,45.250892639160156,45.250892639160156,44.59979750590021,44.654055040979394,36907028
2013-01-28,45.35942077636719,45.46793587778635,45.19664812423844,45.19664812423844,18832021
2013-01-29,46.064762115478516,46.119019658155004,45.52218668871364,45.57644423139013,36048699
2013-01-30,46.064762115478516,46.33604982886095,46.01050457280203,46.28179228618446,24560289
2013-01-31,45.7934684753418,46.06475615361321,45.73921093968751,45.73921093968751,23491362
2013-02-01,45.90198516845703,46.119015318742264,45.63069748060049,45.84772763088572,20389309
2013-02-04,45.57644271850586,45.84773042288306,45.467927636754986,45.84773042288306,36012271
2013-02-05,45.088130950927734,45.305161143793086,44.925353593967785,45.305161143793086,35511389
2013-02-06,45.35942077636719,45.84773873275343,45.08813302281928,45.30516322565761,32738325
2013-02-18,44.92534637451172,46.01050187676605,44.87108883501451,46.01050187676605,41617595
2013-02-19,45.630699157714844,45.79347177641133,45.25089638075639,45.522184078583855,26801736
2013-02-20,46.010498046875,46.17327065181751,45.68495283698998,45.84772544193249,28308935
2013-02-21,45.14238357543945,46.01050425221444,45.14238357543945,45.956246709916,37361237
2013-02-22,45.14238357543945,45.14238357543945,44.816833609338396,44.816833609338396,28338532
2013-02-25,44.92534637451172,45.30515386330235,44.92534637451172,45.142381244810736,18176321
2013-02-26,44.32851791381836,44.81683581857583,44.32851791381836,44.654063183656675,45293385
2013-02-27,44.32851791381836,44.76257827360278,44.32851791381836,44.70832072862973,34790802
2013-03-01,44.274261474609375,44.87109448421905,44.002973742968614,44.32851902093753,44860806
2013-03-04,43.677425384521484,44.382773437040726,43.56891029951852,44.27425835203777,42242559
2013-03-05,43.406131744384766,44.00296463039634,43.24335913910888,43.94870709530438,54766884
2013-03-06,43.677425384521484,44.111485724533324,43.29762258701112,43.677425384521484,70930571
2013-03-07,43.623165130615234,44.21999806103528,43.51465005235705,43.73168020887343,41886250
2013-03-08,43.677425384521484,44.111485724533324,43.677425384521484,43.948713097028886,35166464
2013-03-11,43.677425384521484,43.84019801202592,43.29762258701112,43.677425384521484,25670198
2013-03-12,43.677425384521484,44.05722818203184,43.40613767201408,43.40613767201408,29117176
2013-03-13,43.406131744384766,43.94870709530438,43.406131744384766,43.67741941984457,32948923
2013-03-14,43.677425384521484,44.05722818203184,43.460395214515565,43.677425384521484,24888139
2013-03-15,43.78593826293945,44.2199985810769,43.78593826293945,44.00296842200818,43125933
2013-03-18,44.22000503540039,44.59980786920644,43.9487172969675,43.9487172969675,38325435
2013-03-19,45.14238357543945,45.41367128693163,44.3827732709509,44.54554589784621,60462139
2013-03-20,44.5455436706543,45.30515393716379,44.491286131068634,45.30515393716379,36933211
2013-03-21,44.5455436706543,45.1423813184068,44.5455436706543,45.1423813184068,27082913
2013-03-22,44.97959899902344,45.52217904701719,44.816826398318206,44.92534146545503,48063035
2013-03-25,44.708316802978516,45.413669538004775,44.708316802978516,45.30515445758692,27465404
2013-03-26,45.305152893066406,45.68495566141316,45.305152893066406,45.68495566141316,56131787
2013-03-27,45.305152893066406,45.73921319974841,45.196637816395906,45.63069812307791,38052227
2013-03-28,44.87108612060547,45.467923731280145,44.81682858439049,45.467923731280145,32825979
2013-03-29,45.19663619995117,45.30515127274066,44.925343805667524,45.30515127274066,18893493
2013-04-01,44.92534637451172,45.19663878430794,44.87108883501451,45.19663878430794,12656375
2013-04-02,45.088130950927734,45.305161143793086,44.925353593967785,45.19664604736041,16695305
2013-04-03,45.088130950927734,45.25090359557675,44.925353593967785,45.19664604736041,18459775
2013-04-08,43.84020233154297,44.2200051664748,43.78594478369556,44.2200051664748,54209084
2013-04-09,43.677425384521484,44.05722818203184,43.677425384521484,43.894455554527404,27813745
2013-04-10,43.7316780090332,44.05722322743183,43.67742047263343,43.89445061823251,24880171
2013-04-11,43.677425384521484,43.894455554527404,43.29762258701112,43.62316784202,38353894
2013-04-12,42.64653015136719,43.6774282385685,42.59227260532031,43.51465560042789,86008255
2013-04-15,41.832664489746094,42.64652763237695,41.398604147009635,42.59227008953489,90265752
2013-04-16,41.778404235839844,41.83266177516104,40.96453643371163,41.29008638194902,80726228
2013-04-17,42.158206939697266,42.4837521750732,41.995434322009295,41.995434322009295,46449967
2013-04-18,41.61563491821289,41.778407549085216,41.01879722603715,41.34434720009234,51577177
2013-04-19,42.103946685791016,42.59226450737034,41.50711379274962,41.50711379274962,54959268
2013-04-22,41.724143981933594,42.10394673247193,41.61562891035121,42.10394673247193,25476675
2013-04-23,41.34434509277344,41.66989033792507,41.23583001105623,41.56137525620786,41221443
2013-04-24,42.37523651123047,42.37523651123047,41.56137343403358,41.615630972513365,36736273
2013-04-25,41.99543762207031,42.32098288302806,41.778407448098484,42.32098288302806,26243935
2013-04-26,41.34434509277344,41.83266296050088,41.23583001105623,41.778405419642276,76466455
2013-04-29,40.96453857421875,41.61563379240483,40.96453857421875,41.452861165935914,54190870
2013-04-30,41.34434509277344,41.724147878783675,41.23583001105623,41.23583001105623,58429014
2013-05-02,41.45286178588867,41.99543721556626,41.12731181577162,41.56137687182419,46232539
2013-05-03,42.0496940612793,42.212466687483534,41.66989126680275,41.66989126680275,52864671
2013-05-06,42.26671600341797,42.70077625548388,42.26671600341797,42.592261192467404,39426237
2013-05-07,42.0496940612793,42.538011939892,42.0496940612793,42.538011939892,41457085
2013-05-08,43.29762268066406,43.29762268066406,42.212467115976814,42.42949728645217,99392048
2013-05-09,44.274261474609375,44.491291659921984,43.94871619664046,43.94871619664046,119425048
2013-05-10,43.677425384521484,44.328515894539244,43.56891029951852,44.27425835203777,81725715
2013-05-13,43.18910598754883,44.11148417773009,43.18910598754883,43.8401964747356,61010832
2013-05-14,42.972076416015625,43.67742924315898,42.8093037741312,43.56891414856937,41757614
2013-05-15,42.42949295043945,42.53800802458761,41.7784025055505,42.375235413365374,93576126
2013-05-16,42.70078659057617,42.97207431377854,42.26672623345239,42.53801395665475,77778993
2013-05-17,42.103946685791016,42.483749435908265,42.103946685791016,42.42949190017723,79072179
2013-05-20,41.832664489746094,42.37523991816667,41.72414940406198,42.10395220395638,54458386
2013-05-21,41.94118118286133,42.266726452390465,41.83266609301828,41.83266609301828,40817323
2013-05-22,42.4837532043457,42.53801074488955,42.21246550162648,42.53801074488955,36392486
2013-05-23,41.832664489746094,42.42949746100872,41.77840694690404,42.37523991816667,58853625
2013-05-24,41.724143981933594,42.049689196680745,41.56137137456002,41.77840151772478,48940717
2013-05-27,41.94118118286133,41.99543872778285,41.66989345825371,41.99543872778285,18945858
2013-05-28,41.778404235839844,42.04969193244586,41.778404235839844,41.94117685380345,22424711
2013-05-29,42.4837532043457,42.53801074488955,41.995435339451106,42.103950420538794,50790565
2013-05-30,41.88692092895508,42.42949634307992,41.832663387542596,42.1582086360175,39372734
2013-05-31,41.61563491821289,42.26672544170219,41.61563491821289,42.15821035445398,64126546
2013-06-03,41.50711441040039,41.83265962963091,41.45285687386197,41.61562948347723,33381503
2013-06-04,41.34434509277344,41.83266296050088,41.34434509277344,41.778405419642276,33338245
2013-06-05,41.12731170654297,41.61563430426638,41.12731170654297,41.61563430426638,38380077
2013-06-06,40.69325256347656,41.18157517559435,40.69325256347656,40.96454028559165,61367142
2013-06-07,40.80176544189453,40.96453806634541,40.69325035892727,40.7475079004109,42899398
2013-06-10,41.34434509277344,41.50711771534925,41.07305267617011,41.23583001105623,36015686
2013-06-11,40.69325256347656,41.344347808863404,40.69325256347656,41.344347808863404,45049775
2013-06-13,39.825130462646484,40.31344834540934,39.77087292011728,40.20493326035093,76501744
2013-06-14,39.39106750488281,40.150675451406634,39.06552225186769,40.04216036706826,59363614
2013-06-17,38.57720184326172,39.4995824121584,38.414429217483814,39.39106732830646,74433330
2013-06-18,38.79423522949219,38.90275031575634,38.52294515767653,38.57720270080861,39214500
2013-06-19,39.065521240234375,39.553841463266814,38.57720101720193,38.63145855796607,38100038
2013-06-20,38.360172271728516,38.7399774272682,38.2516571861901,38.685719884498994,49086428
2013-06-21,37.98036193847656,38.088877002489696,37.32926919824302,37.600556858275844,61107594
2013-06-24,38.14314651489258,38.36017671108594,37.98037386774756,38.08888896584424,34061108
2013-06-25,38.088890075683594,38.68572548876152,37.98037497442498,38.143147626312896,43047385
2013-06-26,39.608097076416016,39.71661215266318,38.631456677881474,39.22829195339591,64378125
2013-06-27,39.608097076416016,40.04215738140467,39.336807029643076,40.04215738140467,63378638
2013-06-28,40.150672912597656,40.150672912597656,39.77087014142905,40.04215783512091,43002989
2013-07-01,40.20493698120117,40.42196717140351,39.87939169589766,40.15067943365059,29770599
2013-07-02,39.7708740234375,40.638994727988134,39.7708740234375,40.638994727988134,28390897
2013-07-03,39.716609954833984,40.42195791140815,39.6080948845918,40.42195791140815,30422884
2013-07-04,39.39106750488281,40.04216036706826,39.33680996271362,40.04216036706826,22648969
2013-07-05,40.476219177246094,40.584734257490176,39.66235607541551,39.87938623590367,36705537
2013-07-08,39.825130462646484,40.476220972996956,39.825130462646484,40.476220972996956,26941755
2013-07-09,40.42196273803711,40.53047782123666,39.71661469724008,39.71661469724008,30792854
2013-07-10,41.18157196044922,41.507117201571226,40.74750692664296,40.74750692664296,54237543
2013-07-11,42.320980072021484,42.320980072021484,41.941177292797704,42.049692372575926,105421983
2013-07-12,42.320980072021484,42.429495151799706,42.10394991246504,42.320980072021484,43774803
2013-07-15,42.59226608276367,42.70078115823947,42.21246331859836,42.32097839407416,40354007
2013-07-16,42.53801345825195,42.75504363427098,42.21246819422341,42.75504363427098,32169141
2013-07-17,41.99543762207031,42.53801305699989,41.941180078577354,42.53801305699989,38841116
2013-07-18,42.320980072021484,42.483752691688814,41.88691975290859,42.26672253213237,32276147
2013-07-19,41.99543762207031,42.37524042652102,41.886922535084395,42.21246779604214,37217803
2013-07-22,42.103946685791016,42.538006971639305,42.103946685791016,42.32097682871516,30529891
2013-07-23,42.26671600341797,42.42948859794269,42.21245847190973,42.3209735349262,32627903
2013-07-24,42.863555908203125,43.02632852953105,42.48375312510463,42.64652574643255,43786186
2013-07-25,42.972076416015625,43.18911131750572,42.64653113224678,42.917818868720815,32322820
2013-07-26,42.809303283691406,43.1891108227147,42.64653064367177,43.02633347038425,22670598
2013-07-29,42.64653015136719,43.18911032414666,42.59227260532031,43.134852778099784,16401606
2013-07-30,42.70078659057617,42.80930167985712,42.48375641201428,42.6465290459357,25470984
2013-07-31,42.21246337890625,42.91781137050669,42.21246337890625,42.863553832691274,21923829
2013-08-01,41.561370849609375,41.9954311304564,41.2358256389741,41.9954311304564,42365503
2013-08-02,41.724143981933594,42.3209768756367,41.6698864461424,41.99543166088955,21144047
2013-08-05,42.863555908203125,42.863555908203125,41.832662639792915,42.04969280156349,28855352
2013-08-06,42.37523651123047,42.70078174210923,42.049691280351716,42.70078174210923,24018426
2013-08-07,41.832664489746094,42.15820974679844,41.77840694690404,42.15820974679844,27702185
2013-08-08,41.778404235839844,42.212464550409464,41.56137407855503,42.212464550409464,24222194
2013-08-09,41.39860153198242,41.7784043078858,41.29008645315288,41.561374150226726,31392774
2013-08-12,42.0496940612793,42.42949685575585,41.39860355646236,41.50711864059851,21874879
2013-08-13,42.91781234741211,42.97206988646255,42.59226711310946,42.80929726931122,48165488
2013-08-14,42.91781234741211,43.08058496456343,42.53800957405902,42.86355480836166,40703486
2013-08-15,42.59226608276367,42.86355377145318,42.483751007287864,42.755038695977376,23440135
2013-08-16,42.91781234741211,43.13484721592402,42.48375203500858,42.59226711310946,27801223
2013-08-19,43.08058166503906,43.24335898203349,42.59226385098516,43.13484391224373,29241258
2013-08-20,43.46038818359375,43.67741831848903,43.02632320149349,43.18910051497464,51251604
2013-08-22,43.78593826293945,43.78593826293945,43.026327993888714,43.35187794480201,53859605
2013-08-23,43.677425384521484,44.00297063953037,43.677425384521484,44.00297063953037,37133564
2013-08-26,44.111480712890625,44.165738249227736,43.73167795853083,43.89445056754217,29442749
2013-08-27,43.406131744384766,44.0572221654883,43.3518742092928,43.94870709530438,37552483
2013-08-28,43.02632522583008,43.24336008324628,42.863552617000366,42.863552617000366,26650333
2013-08-29,43.29762268066406,43.40613776590174,43.0263302552594,43.0263302552594,22404220
2013-08-30,44.057220458984375,44.057220458984375,43.514645129080776,43.67741772805186,33480541
2013-09-02,44.274261474609375,44.32851902093753,43.89445865031231,44.057231289296766,32792966
2013-09-03,44.49129104614258,44.708321228461145,44.32851840940365,44.49129104614257,35268917
2013-09-04,44.49129104614258,44.59980613730186,44.111488227085076,44.49129104614257,32404783
2013-09-05,44.59980010986328,44.7083151863573,44.382769956875244,44.491285033369266,53238056
2013-09-06,44.97959899902344,45.03385653259184,44.49128119690776,44.59979626404458,107201252
2013-09-09,46.803096771240234,46.803096771240234,45.708997146162645,45.76978312485898,123834775
2013-09-10,46.803096771240234,47.35014658377903,46.195265779150745,47.228579425532004,62190078
2013-09-11,46.19528579711914,46.316848208897596,45.40510132567283,46.19528579711914,87374918
2013-09-12,45.46586227416992,45.76978256564703,45.161946781838395,45.161946781838395,64478198
2013-09-13,45.58743667602539,45.769789839721696,45.34430712300757,45.34430712300757,25136200
2013-09-16,46.19528579711914,46.19528579711914,45.769802958451365,45.769802958451365,35779941
2013-09-17,46.134483337402344,46.1952693207589,45.89134900226815,45.9521349856247,24125122
2013-09-18,46.134483337402344,46.37761767253654,46.073702153191796,46.134483337402344,28210828
2013-09-23,46.316837310791016,46.438404493113076,46.13448893688121,46.316837310791016,31049504
2013-09-24,46.74231719970703,46.92467036164629,46.499187649031846,46.68153601182481,26905845
2013-09-25,46.68153762817383,46.68153762817383,46.43840326993381,46.62075643818706,20598251
2013-09-26,46.073707580566406,46.803105872744396,46.073707580566406,46.803105872744396,24747085
2013-09-27,46.37761688232422,46.438398065499136,46.01291538583695,46.19526853365355,21389934
2013-09-30,46.134483337402344,46.1952693207589,45.7090006504905,46.073702153191796,25359734
2013-10-01,45.8913459777832,46.377614616003896,45.83056479757846,46.31682863665346,14411738
2013-10-02,45.58743667602539,46.1344865688216,45.58743667602539,45.89135221665743,24258622
2013-10-03,46.19528579711914,46.25606700300837,45.58744974248824,45.58744974248824,27251495
2013-10-04,46.134483337402344,46.1952693207589,45.76978663384706,45.89134900226815,17417030
2013-10-07,45.709007263183594,46.13449001164976,45.648226070179874,46.13449001164976,20815576
2013-10-08,46.073707580566406,46.073707580566406,45.5874388530167,45.70900603490413,21590701
2013-10-09,45.76979064941406,46.07370619542253,45.76979064941406,46.01292020673298,15331747
2013-10-11,45.83056640625,46.681531753859744,45.83056640625,46.681531753859744,39265416
2013-10-14,44.9796028137207,45.89134937924451,44.9796028137207,45.83056819453468,45500568
2013-10-15,44.858036041259766,45.28351873542384,44.49333933148832,45.10117038053812,46601681
2013-10-16,44.67569351196289,45.10117626160876,44.67569351196289,44.7972606974541,23861228
2013-10-17,44.7972526550293,44.91881981869562,44.310984000363995,44.736466673623205,43026170
2013-10-18,45.58743667602539,45.58743667602539,45.04038678322919,45.222739946925486,24443865
2013-10-21,45.64822769165039,45.891357271448186,45.587441697340786,45.891357271448186,20734855
2013-10-22,45.8913459777832,45.8913459777832,45.4050821387082,45.64821645781855,18367050
2013-10-23,45.76979064941406,46.377621741431,45.76979064941406,46.07370619542253,23859158
2013-10-24,46.073707580566406,46.073707580566406,45.769792025421125,45.769792025421125,16354208
2013-10-25,45.709007263183594,46.19527600380018,45.7090072631836,46.07370881864603,19920405
2013-10-28,45.58743667602539,45.769789839721696,45.34430712300757,45.70900385210748,19746545
2013-10-29,44.9796028137207,45.58743385740324,44.91882162901087,45.34430431941786,49280985
2013-10-30,45.58743667602539,45.58743667602539,44.97960559476132,44.97960559476132,21600015
2013-10-31,45.28352737426758,46.01292573210558,45.22274617742567,45.58744295677116,35820301
2013-11-01,45.222740173339844,45.648222892184215,45.04038700873057,45.587436904265665,22575907
2013-11-04,44.9796028137207,45.04038399843054,44.55412012331372,45.04038399843054,29389557
2013-11-05,44.736473083496094,45.83057291411055,44.736473083496094,45.46587137085688,23732903
2013-11-06,45.222740173339844,45.283521362112026,44.73647146657693,44.73647146657693,19293267
2013-11-07,45.28352737426758,45.46587576394033,44.979611791764,45.283527374267585,15009899
2013-11-08,44.918827056884766,45.28352380750487,44.858041065683665,44.97960824893924,18561607
2013-11-11,45.52665328979492,45.76978763022197,45.22273776383416,45.344304934047685,32556289
2013-11-12,45.28352737426758,45.709010149601994,45.16196018143675,45.58744295677116,24847468
2013-11-13,45.222740173339844,45.40508853880276,44.97960581995839,45.10117299664912,25889592
2013-11-14,45.83056640625,46.134481916232644,45.708999242427765,45.95213357007223,54835186
2013-11-15,45.76979064941406,46.195273373655205,45.76979064941406,46.01292020673298,23427613
2013-11-18,45.952144622802734,46.07371181586516,45.76979623278262,45.952144622802734,23119219
2013-11-19,46.073707580566406,46.13448877193683,45.89135440816198,46.073707580566406,22351338
2013-11-20,46.073707580566406,46.195274762453835,45.6482248435337,46.195274762453835,23947123
2013-11-21,45.58743667602539,45.95213820427165,45.46586949994331,45.95213820427165,37606504
2013-11-22,45.344303131103516,46.012915341973915,45.344303131103516,45.7697858103601,29717614
2013-11-25,45.64822769165039,45.95214326575779,45.587441697340786,45.587441697340786,27246320
2013-11-26,45.8913459777832,46.01291313733837,45.64821645781855,45.83056479757846,27686144
2013-11-27,45.83056640625,46.073700733894455,45.76978522391181,46.073700733894455,18788246
2013-11-28,46.134483337402344,46.1952693207589,46.01291616983524,46.073702153191796,24799864
2013-11-29,47.41093444824219,47.654068799018034,46.1952722926556,46.1952722926556,100582056
2013-12-02,47.53251266479492,48.20112988516614,47.53251266479492,47.89721427567398,43633645
2013-12-03,47.47172164916992,47.71485120701529,47.28936848185285,47.59328882766583,26318033
2013-12-04,48.01877975463867,48.2619093540116,47.532510957598284,47.7148593569148,42567719
2013-12-05,47.65406036376953,48.2011101566087,47.593279186407614,48.01876182537747,34213132
2013-12-06,47.714847564697266,48.14033025738044,47.65406637966227,47.65406637966227,47595166
2013-12-09,48.38346481323242,48.505031982994765,48.01876810309148,48.20111645816195,46684471
2013-12-10,48.5658073425293,48.5658073425293,48.20111067613601,48.383459009332654,35776836
2013-12-11,47.53251266479492,49.052095511403174,47.53251266479492,48.86974230638993,85750156
2013-12-12,47.714847564697266,47.95798190312939,47.16779770279802,47.532499210446204,34985153
2013-12-13,47.714847564697266,48.01876788731045,47.532499210446204,48.01876788731045,23563182
2013-12-16,47.16780090332031,47.65406961317982,47.16780090332031,47.593288424020585,24836085
2013-12-17,47.47172164916992,47.836418385511195,47.47172164916992,47.77563719583647,17814424
2013-12-18,47.957984924316406,48.01877091232678,47.71485057056766,47.775636558578036,29867671
2013-12-19,48.20112228393555,48.38347066104535,47.9579879150247,48.322689468390976,23200974
2013-12-20,48.01877975463867,48.14034215475151,47.89721255537857,48.14034215475151,22011897
2013-12-23,48.01877975463867,48.32269535321528,47.89721255537857,48.32269535321528,18500549
2013-12-24,48.07954406738281,48.322678380505245,48.07954406738281,48.322678380505245,16431824
2013-12-25,48.01877975463867,48.2619093540116,48.01877975463867,48.01877975463867,14029868
2013-12-26,48.20112228393555,48.26190347658992,47.89720672237033,48.01877390682575,15051294
2013-12-27,48.5658073425293,48.62659331969186,48.079543520956406,48.20111067613601,36564380
2013-12-30,48.808956146240234,48.86973734230567,48.62660775889698,48.62660775889698,29556172
2013-12-31,48.687381744384766,48.930516090932315,48.56581457111099,48.80894891765854,24403505
2014-01-02,48.869728088378906,48.93051407208091,48.50503138275104,48.80894690382294,24237924
2014-01-03,48.261905670166016,48.56582124554466,48.201124474749044,48.261905670166016,39925670
2014-01-06,48.01877975463867,48.44426255247538,47.95799375543499,48.32269535321528,19726882
2014-01-07,48.01877975463867,48.3834765532717,47.95799375543499,48.2619093540116,21674526
2014-01-08,48.32267379760742,48.50502211558264,48.14032068048708,48.32267379760742,25493233
2014-01-09,48.93052291870117,49.29521969026607,48.07955738618718,48.140338581732365,70035504
2014-01-10,49.35600662231445,49.538355011560014,49.173658233068885,49.23443942976841,55095976
2014-01-13,49.72069549560547,49.903048655005314,49.53834713535186,49.84226266882329,53888271
2014-01-14,50.02461624145508,50.024616241455085,49.477566357029076,49.72069590632687,59664971
2014-01-15,50.6324462890625,50.6324462890625,50.20696358746656,50.32853075922914,89774805
2014-01-16,50.997154235839844,51.24028381088103,50.87558704874586,51.05793542981345,66023274
2014-01-17,50.93636703491211,51.179501403334854,50.51088428974563,51.179501403334854,47407852
2014-01-20,51.78733444213867,51.78733444213867,50.814801731596326,50.93636892030747,64869383
2014-01-21,51.361846923828125,52.212812366838584,51.24027974637714,51.96967801193662,47929432
2014-01-22,51.17949676513672,51.604979471743356,50.936362418748296,51.361845125354925,39734217
2014-01-23,50.997154235839844,51.36185099797502,50.87558704874586,51.11871662378705,34591898
2014-01-24,51.665767669677734,51.7873348593683,50.87558813540938,50.87558813540938,55869031
2014-01-27,51.60498046875,51.90889600803406,50.99714939018188,51.483413293207114,67664593
2014-02-05,49.41677474975586,50.02461055173169,49.23442640873597,50.02461055173169,114899621
2014-02-06,49.78148651123047,49.78148651123047,49.23443657605474,49.41678495473108,49958832
2014-02-07,49.477561950683594,50.26774131403603,49.477561950683594,50.26774131403603,35735441
2014-02-10,49.659915924072266,49.96383146743047,49.53834874689971,49.53834874689971,33958552
2014-02-11,48.869728088378906,49.295210777708775,48.80894690382294,49.295210777708775,48465500
2014-02-12,50.02461624145508,50.08539742899296,49.17365082104714,49.17365082104714,40567296
2014-02-13,50.26774978637695,50.571670145662836,49.84226704235271,50.14618260249193,35625744
2014-02-14,50.7540168762207,51.05793242650548,50.57166850587914,50.81479806661906,47698654
2014-02-17,50.7540168762207,51.24028079684705,50.69323088667585,51.179499606448694,19968009
2014-02-18,50.93636703491211,50.9363670349121,50.51088428974563,50.75401865816838,15783989
2014-02-19,51.057926177978516,51.057926177978516,50.875577829952945,51.057926177978516,25982732
2014-02-20,50.328529357910156,50.875579216036925,50.328529357910156,50.875579216036925,23365520
2014-02-21,50.875579833984375,50.99714700383869,50.328529969213,50.75401266413006,28629955
2014-02-24,50.26774978637695,50.87558570580206,50.20696859400777,50.814799714286224,20265020
2014-02-25,50.328529357910156,50.693226063897306,50.26774337414827,50.450096526287886,24338307
2014-02-26,50.814796447753906,50.936363623824214,50.32853254261902,50.32853254261902,27806190
2014-02-27,51.057926177978516,51.1794933430442,50.81479184784715,50.81479184784715,35648511
2014-03-03,50.510887145996094,50.936369915222436,50.08540437676975,50.936369915222436,37204970
2014-03-04,50.328529357910156,50.754012047659195,50.26774337414827,50.328529357910156,17800970
2014-03-05,50.45009231567383,50.87557496991167,50.3893063369852,50.69322183299142,16797137
2014-03-06,51.30105209350586,51.36183326649618,50.754002340012526,50.875569485138286,43010647
2014-03-07,51.48341369628906,51.78732923795259,51.240279343299704,51.544194884963225,49401031
2014-03-10,51.422630310058594,51.787327024810885,50.99714761008347,51.36184432483577,23642868
2014-03-11,51.17949676513672,51.54419348557313,51.17949676513672,51.42263111152515,21781119
2014-03-12,51.48341369628906,51.48341369628906,50.9971497894567,51.17949815462554,19773452
2014-03-13,52.334373474121094,52.75985614627537,51.665756475265574,51.665756475265574,82424052
2014-03-14,51.96967697143555,52.395159684422055,51.78732860848313,51.78732860848313,30552762
2014-03-17,52.6990852355957,52.6990852355957,51.90890091937707,52.09124930037107,33840576
2014-03-18,52.27359390258789,52.881424938922684,52.21280791946682,52.69907658785145,33541495
2014-03-19,51.848106384277344,52.39515138649799,51.78732040682247,52.21280305242444,23163719
2014-03-20,51.30105209350586,51.54418158461225,51.057917803254355,51.54418158461225,38085653
2014-03-21,51.48341369628906,51.78732923795259,51.42263250761491,51.72654804927843,24815387
2014-03-24,52.27359390258789,52.2735939025879,51.30106136496463,51.30106136496463,33204124
2014-03-25,52.09124755859375,52.51673029945072,52.09124755859375,52.27360073263718,19981463
2014-03-26,52.27359390258789,52.57750942075529,52.15202673549174,52.57750942075529,24268970
2014-03-27,52.45594787597656,52.63829624659221,52.27359950536091,52.5775150561025,21613468
2014-03-28,52.45594787597656,52.516729066466276,52.2128135157247,52.45594787597656,19988707
2014-03-31,52.45594787597656,52.45594787597656,51.90889796498312,52.39516188634035,34062040
2014-04-01,52.39515686035156,52.577510012621545,52.15202732256832,52.577510012621545,26294231
2014-04-02,52.39515686035156,52.577510012621545,52.15202732256832,52.577510012621545,29041837
2014-04-03,52.39515686035156,52.577510012621545,52.27359449103296,52.4559428441569,18871036
2014-04-07,52.45594787597656,52.45594787597656,52.03046514510905,52.33438069585063,24822631
2014-04-08,52.51673126220703,52.63829844741573,52.273601690936346,52.45595006917603,17122089
2014-04-09,52.577510833740234,52.63829201934877,52.45594366337704,52.577510833740234,15894721
2014-04-10,52.759857177734375,52.82063836102505,52.09124016580734,52.759857177734375,20436810
2014-04-11,52.334373474121094,52.516721819574116,52.09123914741984,52.516721819574116,25455978
2014-04-14,52.63829803466797,52.75986521892342,51.96968092083626,52.27360128104825,35154873
2014-04-15,53.00299835205078,53.489262278592214,52.820645180344506,52.88143117062879,52469450
2014-04-16,53.18534469604492,53.48926023843486,52.881429153654985,53.18534469604492,35541918
2014-04-17,53.42847442626953,53.48925560982937,53.2461212772981,53.48925560982937,25327653
2014-04-18,53.4892692565918,53.732403651154144,53.36770205931062,53.732403651154144,15082341
2014-04-21,53.42847442626953,53.671603959654846,53.306907260003904,53.367688443563736,8097936
2014-04-22,53.36769485473633,53.550048025614224,53.18534648300496,53.18534648300496,14119902
2014-04-23,53.85396194458008,53.97552912176215,53.671608779233786,53.79317595641585,26023092
2014-04-24,53.85396194458008,54.097096298944216,53.61082759021594,54.097096298944216,25863720
2014-04-25,52.88142395019531,53.97552363445828,52.33437410806383,53.853956469635065,46004555
2014-04-28,52.51673126220703,52.820646825655416,51.726551757070574,51.726551757070574,26956554
2014-04-29,53.36769485473633,53.42848084474447,52.69908255867249,52.88143093040385,21382690
2014-04-30,52.63829803466797,53.30691514849967,52.57751684211357,53.30691514849967,25512896
2014-05-02,53.97553253173828,53.97553253173828,52.88143266712484,53.06378104484485,39783891
2014-05-05,53.91474914550781,54.09710233118789,53.610833568236906,54.03631633624556,19693766
2014-05-06,54.09708786010742,54.401003356080324,53.79316756498889,54.09708786010743,17283530
2014-05-07,53.97553253173828,54.27944809432053,53.79317935487158,54.27944809432053,19776556
2014-05-08,54.157867431640625,54.461782918589954,53.97551909930013,54.461782918589954,17012392
2014-05-09,54.34022521972656,54.4010112071811,53.732394140059185,54.4010112071811,20800053
2014-05-12,53.30690002441406,54.34021359869663,53.30690002441407,54.34021359869663,29995996
2014-05-13,53.42847442626953,53.79317112592048,53.306907260003904,53.79317112592048,13486556
2014-05-14,53.61082077026367,53.793169113266636,53.24611928511195,53.6716019515494,24026808
2014-05-15,53.85396194458008,53.85396194458008,53.489260413033875,53.79317595641585,24701550
2014-05-16,53.97553253173828,54.036313724596056,53.61083097715157,53.853965346876045,17513274
2014-05-19,54.583351135253906,54.583351135253906,54.0363013284427,54.0970873065026,23549729
2014-05-20,55.06962203979492,55.19118921238908,54.522576961840535,54.70492532115866,43343879
2014-05-21,54.704925537109375,55.25197541636948,54.704925537109375,55.069622257185294,19955591
2014-05-22,55.92058563232422,56.10293878486513,54.88727189755863,54.948057881454275,40081937
2014-05-23,56.528419494628906,56.83233500601893,55.859802490083325,55.859802490083325,38329885
2014-05-26,56.22450637817383,56.893123468270815,56.22450637817383,56.83234227787404,19675138
2014-05-27,56.406856536865234,56.406856536865234,55.73823948245659,56.28528936341401,23519717
2014-05-28,56.77155685424805,57.014691216551775,56.40686010993901,56.52842729109087,28223247
2014-05-29,56.832340240478516,57.075469792496094,56.28529034993289,57.075469792496094,23961611
2014-05-30,56.163719177246094,57.07546573050333,56.16371917724609,57.07546573050333,33976145
2014-06-03,56.528419494628906,57.07546453564342,56.224499184093,56.64998185986821,23749461
2014-06-04,56.589202880859375,57.01468557320309,56.52842169587288,57.01468557320309,15536653
2014-06-05,56.4676399230957,56.83234145765235,56.22450556672461,56.77155546898636,18947617
2014-06-06,56.64999008178711,56.832343254403725,56.58920889034595,56.832343254403725,15162026
2014-06-09,56.832340240478516,56.832340240478516,56.58920588931461,56.710773064896564,12775593
2014-06-10,57.1970329284668,57.1970329284668,56.83233622662442,56.893117410549486,19294302
2014-06-11,57.01469802856445,57.01469802856445,56.589215243270296,56.83234963462328,15915419
2014-06-12,56.77155685424805,56.95391002554912,56.64998967309619,56.771556854248054,14131286
2014-06-13,56.64999008178711,56.77155726381599,56.58920889034595,56.77155726381599,12249874
2014-06-16,56.3460693359375,56.71077084842947,56.3460693359375,56.64998486344107,17496716
2014-06-17,57.13625717163086,57.318605539872415,56.22450573213021,56.528426078061386,28479897
2014-06-18,57.1970329284668,57.37938607853397,56.7107690596283,57.13625174454173,26885147
2014-06-19,57.075469970703125,57.379390310180106,57.075469970703125,57.25782313421858,12291269
2014-06-20,57.318603515625,57.683305038374854,57.25782232807316,57.37938950232311,18260457
2014-06-23,59.32444763183594,59.93228347991909,57.62251685549528,57.62251685549528,70849954
2014-06-24,59.689151763916016,59.99306730174109,59.26366905113166,59.56758458895673,42563579
2014-06-25,58.65584182739258,59.871504058525026,58.65584182739257,59.689155683684476,29625509
2014-06-26,59.87150573730469,60.05385891640498,59.506808977397604,59.56759017099987,32561464
2014-06-27,59.932273864746094,60.17540336582703,59.810706714632964,60.11462219034313,29789020
2014-06-30,60.78325271606445,60.78325271606445,60.11463564041822,60.17541682950134,40293052
2014-07-01,61.9989128112793,61.9989128112793,60.78325067722258,61.08716621073676,37061122
2014-07-02,62.606754302978516,63.82241654626846,61.99891838218688,62.30283394300937,59006787
2014-07-03,63.21458053588867,63.518496073207686,62.60674946125066,62.910664998569665,31621793
2014-07-04,62.606754302978516,63.51850098544597,62.30283394300937,63.51850098544597,24956131
2014-07-07,62.9106559753418,62.91065597534179,61.694989201281636,61.998904695010275,26530183
2014-07-08,63.51849365234375,63.51849365234375,62.91066260087184,63.21457812660779,22228187
2014-07-09,63.822410583496094,63.822410583496094,62.9106639862109,63.2145795186393,24876445
2014-07-10,65.94982147216797,65.94982147216797,63.822408031102746,63.822408031102746,51648791
2014-07-11,66.25374603271484,68.07724420232083,65.64591490922842,66.25374603271484,70877896
2014-07-14,66.86157989501953,68.68507800843472,66.25374399111679,66.25374399111679,68322777
2014-07-15,67.46941375732422,67.77332932212369,66.25374669897961,67.16549819252475,51089955
2014-07-16,65.34199523925781,67.46940883685077,65.03807969662259,67.46940883685077,43609843
2014-07-17,64.73416137695312,65.64590796574574,63.82240998901434,65.03807690655066,42067872
2014-07-18,65.34199523925781,65.34199523925781,63.518497184300074,63.518497184300074,28874186
2014-07-21,67.16548919677734,67.16548919677734,65.94982230125196,66.25373782534678,31910524
2014-07-22,66.86157989501953,67.16549544739765,65.34199733398246,67.16549544739765,26027232
2014-07-23,66.86157989501953,66.86157989501953,66.86157989501953,66.86157989501953,0
2014-07-24,67.16548919677734,68.07723576906182,65.94982230125196,67.46940472087216,34373539
2014-07-25,65.6458969116211,67.16547910287223,65.03806595477879,66.55764814602992,26041720
2014-07-28,63.822410583496094,65.6459085772127,63.822410583496094,65.0380775123559,38554454
2014-07-29,63.822410583496094,65.0380775123559,61.99891258977949,64.4302464474991,51104444
2014-07-30,63.51849365234375,65.03807608016963,63.51849365234375,64.43024502869771,32299639
2014-07-31,62.9106559753418,63.822402456527705,62.30282018873891,63.51848696279907,30431681
2014-08-01,61.9989128112793,62.302828344793475,61.08716621073676,61.39108174425094,31163341
2014-08-04,64.12632751464844,64.12632751464844,61.99891394210029,61.99891394210029,23457624
2014-08-05,61.9989128112793,63.8224108115106,61.9989128112793,63.8224108115106,32398988
2014-08-06,62.9106559753418,62.91065597534179,61.391073707553,61.998904695010275,24763643
2014-08-07,62.9106559753418,63.51848696279907,62.30282018873891,63.51848696279907,15952675
2014-08-08,62.30282974243164,62.9106656222418,61.694998661767826,62.9106656222418,20075637
2014-08-11,63.21458053588867,63.82241161052669,61.08716697550933,61.39108251282833,36068672
2014-08-12,63.51849365234375,64.12632470381565,62.91066260087184,63.21457812660779,22893615
2014-08-13,64.43025207519531,64.73416763416938,63.51850059912646,63.51850059912646,27070391
2014-08-14,66.25374603271484,67.46941307883439,65.64591490922842,66.55766639360475,39717659
2014-08-15,65.34199523925781,66.55766220894509,65.03807969662259,66.25374186716348,29330568
2014-08-18,65.34199523925781,65.94982632452826,65.34199523925781,65.64591078189304,19295337
2014-08-19,65.94982147216797,66.55765731186233,65.34199043161962,65.94982147216797,22084339
2014-08-20,65.94982147216797,66.55765731186233,65.03807491134545,66.55765731186233,27782388
2014-08-21,65.94982147216797,65.94982147216797,65.34199043161962,65.94982147216797,15445584
2014-08-22,66.86157989501953,66.86157989501953,65.94982843873868,66.25374399111679,36413287
2014-08-25,67.16548919677734,67.46940472087216,66.55765814858769,66.86157367268251,26296300
2014-08-26,66.86157989501953,67.46941099977576,66.55766434264143,67.16549544739765,40670784
2014-08-27,68.0772476196289,68.0772476196289,66.86158531163282,66.86158531163282,86493200
2014-08-28,70.57298278808594,71.9567685814436,69.53514588183492,69.53514588183492,95062968
2014-08-29,70.57298278808594,71.26487568476477,69.88108989140711,70.57298278808594,37310196
2014-09-01,70.22704315185547,71.61082912749664,70.22704315185547,71.2648850723539,26675880
2014-09-02,69.53515625,70.57299331099959,69.53515625,70.22704437230959,20133960
2014-09-03,69.881103515625,70.22704759264342,69.18921048405275,69.881103515625,27182232
2014-09-04,69.1200180053711,69.53515477196086,68.84326178682295,69.53515477196086,39033456
2014-09-05,69.53515625,69.53515625,68.22055808703435,68.84326325015522,33714912
2014-09-09,70.57298278808594,70.57298278808594,69.53514588183492,69.88108989140711,22974336
2014-09-10,69.881103515625,70.22704759264342,68.91245424693092,69.881103515625,27300504
2014-09-11,69.189208984375,70.22704607047054,69.189208984375,69.53515793143039,15984276
2014-09-12,68.77407836914062,69.53515923841837,68.56650997251299,69.53515923841837,21420168
2014-09-15,69.881103515625,69.881103515625,68.6356980098091,68.77407856713772,14791392
2014-09-16,68.84326171875,69.8810987566631,68.84326171875,69.8810987566631,14555772
2014-09-17,69.881103515625,70.22704759264342,69.18921048405275,69.18921048405275,25506096
2014-09-18,70.57298278808594,70.57298278808594,69.53514588183492,69.53514588183492,20102544
2014-09-19,69.881103515625,71.26488957876951,69.881103515625,70.91894062421568,29818404
2014-09-22,69.53515625,69.53515625,68.91245108687914,69.53515625,22844052
2014-09-23,69.53515625,69.8811003111548,69.05083163786217,69.53515625,14703612
2014-09-24,69.53515625,69.8811003111548,69.18920731131001,69.18920731131001,15553692
2014-09-25,69.189208984375,70.91893908704598,68.91245275325187,69.88110200095046,31681188
2014-09-26,67.18272399902344,68.49732222016306,67.18272399902344,68.49732222016306,53809140
2014-09-29,67.5286636352539,67.94379549422226,67.18271472898975,67.66703929573177,35623896
2014-09-30,66.42164611816406,67.45948327179946,65.59137737076287,67.45948327179946,48605172
2014-10-01,68.08218383789062,68.22055951423333,66.07569751063895,66.76758564742309,27544440
2014-10-02,67.45947265625,68.08217777696257,67.18271645066714,67.66704102982085,21820260
2014-10-03,68.70487213134766,68.98162831320934,67.73622305606453,67.80541575968078,22019844
2014-10-06,68.15137481689453,68.98164354582055,68.15137481689453,68.98164354582055,21054264
2014-10-07,67.5286636352539,68.49731276873796,67.11352689875082,68.22055169271273,24960936
2014-10-08,66.90596771240234,67.5286729026145,66.76758715539896,66.76758715539896,20196792
2014-10-09,67.5286636352539,68.01298820199592,66.90595853049928,67.94379549422226,22224048
2014-10-13,66.28326416015625,66.90596936575645,65.7297516735353,65.7297516735353,32811240
2014-10-14,66.42164611816406,66.49083396106359,65.72975305656193,66.14488986903034,30134412
2014-10-15,64.6919174194336,66.21407926411942,63.93083649709068,66.07570357507657,76258644
2014-10-16,63.792449951171875,64.62272351774945,62.68542503244882,64.34596728806869,48216168
2014-10-17,61.57840347290039,64.20759532285054,61.57840347290038,64.00002690344185,60435144
2014-10-20,64.48434448242188,64.62272503928807,62.82380218770462,62.96218274457081,32176452
2014-10-21,64.6919174194336,65.4529983417765,64.34597331929072,65.03786151957647,33695508
2014-10-22,65.03784942626953,66.07569128879062,65.03784942626953,65.72974237543865,31264464
2014-10-23,65.72975158691406,65.72975158691406,65.17623910102256,65.72975158691406,20802936
2014-10-24,64.48434448242188,65.93731838060755,64.41515664275649,65.72974998407597,21026544
2014-10-27,65.03784942626953,65.3837983396215,64.55352484960464,64.69190539045239,19177620
2014-10-28,66.07568359375,66.28324706454696,65.72973472068654,65.72973472068654,25287108
2014-10-29,65.72975158691406,66.56002519328685,65.59137590420895,66.4216446330462,26194476
2014-10-30,65.86812591552734,66.07569429748298,65.52217698642292,65.72974536837856,14610288
2014-10-31,66.42164611816406,66.56002668149874,65.72975305656193,66.00650930569566,25712148
2014-11-03,67.87462615966797,68.28976300929493,66.7675961865081,67.11354518704259,34832952
2014-11-04,67.45947265625,68.28974615053342,67.390284824238,68.28974615053342,17660412
2014-11-05,67.94380950927734,68.15137792034488,67.39029699812103,68.15137792034488,14782152
2014-11-06,66.35245513916016,67.73623631942532,66.28326242199535,67.25191168694866,24501708
2014-11-07,66.62920379638672,66.76757945990582,65.79893030513279,65.86812301442717,16526664
2014-11-10,68.01299285888672,68.08218069386298,65.86812607680675,65.86812607680675,32189388
2014-11-11,67.59785461425781,68.22055487048361,67.45947406979933,68.22055487048361,21031164
2014-11-12,66.42164611816406,68.49732530297048,66.28326555482938,67.87462008426787,35973168
2014-11-13,67.80543518066406,67.80543518066406,66.56002956680742,66.76759310450366,22782144
2014-11-14,66.97515106201172,67.87461242839389,66.76758267919006,67.80542459329835,31440948
2014-11-17,66.14488220214844,67.66704383471736,66.14488220214844,67.11353140060776,33624360
2014-11-18,66.07568359375,66.83676428594165,65.72973472068654,66.14487141734898,23146200
2014-11-19,66.42164611816406,67.1135391797662,66.14488986903034,66.49083396106359,35586012
2014-11-20,66.90596771240234,67.11353610913973,66.56002363619697,66.56002363619697,26016144
2014-11-21,66.62920379638672,67.45947241010582,66.56001596462717,67.39028457834627,27041784
2014-11-24,66.767578125,67.0443392015745,66.62920246424748,66.9751464936635,17373972
2014-11-25,66.69840240478516,67.04435137454848,66.49083399843428,66.76759024772358,27628524
2014-11-26,67.32109832763672,67.8054229163977,66.76758102795634,66.76758102795634,27732012
2014-11-27,67.18272399902344,67.73623647237937,67.18272399902344,67.32110455613012,24972024
2014-11-28,67.11354064941406,67.45948474902278,67.04435280499946,67.18272849382866,26166756
2014-12-01,65.93730926513672,66.76757785894756,64.55352339791723,64.62271610555251,37381344
2014-12-02,64.13839721679688,65.59137104272253,64.06920938057236,65.38380265651384,54387564
2014-12-03,65.38380432128906,65.38380432128906,64.06921101187596,64.34596724135581,32980332
2014-12-04,65.93730926513672,66.07568980287256,65.03784796369058,65.38379686926281,21523656
2014-12-05,64.48434448242188,65.59137430474517,64.3459688030911,65.59137430474517,42784896
2014-12-08,63.58488464355469,64.89947791684205,63.377316257765074,64.62272169496761,45386880
2014-12-09,62.27028274536133,63.30811973431813,62.20109491344017,62.685419491957994,74055828
2014-12-10,61.993534088134766,62.61623928384693,61.78596568956404,62.20110248670548,50515080
2014-12-11,62.20109939575195,62.89299239742704,62.131911558845005,62.2702872326589,50308104
2014-12-12,61.993534088134766,62.68542712419202,61.99353408813476,62.270290327050574,37125396
2014-12-15,60.67893600463867,61.64758520411609,60.67893600463867,61.50920465667572,52412976
2014-12-16,59.50272750854492,60.67894527001809,59.50272750854492,60.05624002775495,79213596
2014-12-17,58.32651138305664,59.50272917752123,58.32651138305664,59.50272917752123,93944004
2014-12-18,58.67245864868164,59.64110799472904,58.534078080302386,59.018402753326086,48943356
2014-12-19,59.22595977783203,59.77947218983568,58.9492035718302,59.6410965256022,42672168
2014-12-22,60.88650894165039,60.88650894165038,59.64110343166466,59.84866695204942,40557132
2014-12-23,60.402183532714844,60.955696001728434,60.26380297669375,60.886508162485576,18802476
2014-12-24,60.74812316894531,60.81731100313415,60.26379857455345,60.26379857455345,16450896
2014-12-25,60.74812316894531,60.886503714858,60.5405547888438,60.74812316894532,10463376
2014-12-26,60.88650894165039,60.88650894165038,60.54055998593825,60.74812838385844,11592504
2014-12-29,60.74812316894531,61.232447763337184,60.60974262303263,61.02487938323567,25219656
2014-12-30,60.74812316894531,61.16325992914835,60.74812316894532,60.886503714858,18030012
2014-12-31,60.81731414794922,60.886506863250965,60.3329895285133,60.748126310182734,15889104
2015-01-05,60.3329963684082,60.7481331971413,60.12543283157747,60.7481331971413,23308824
2015-01-06,58.464881896972656,59.502718940431734,58.464881896972656,59.502718940431734,60587604
2015-01-07,58.94920349121094,59.3643353608785,58.32649837040729,58.32649837040729,31148964
2015-01-08,60.125423431396484,60.194611266189696,59.295149903737624,59.43353045085912,28348320
2015-01-09,59.848663330078125,60.7481247074528,59.848663330078125,60.40218065021223,20894412
2015-01-12,59.2951545715332,60.33299168527167,59.2951545715332,59.84866704852233,21078288
2015-01-13,59.71029281616211,59.71029281616211,58.81083136108908,58.81083136108908,24245760
2015-01-14,59.01839828491211,59.84866699971875,58.94921044472874,59.84866699971875,20624604
2015-01-15,58.67245864868164,59.295159012548794,58.60326592572411,59.018402753326086,28715148
2015-01-16,58.1881217956543,58.741634198237875,58.118929087180256,58.67244636729862,38453184
2015-01-19,57.91136932373047,58.74164292853754,57.42704468010485,58.25731828491192,27467748
2015-01-20,58.603267669677734,58.81083608965568,57.63461829480465,57.911374562263255,25569852
2015-01-21,59.01839828491211,59.15677884281426,58.60326148874106,58.94921044472874,28552524
2015-01-22,59.156768798828125,59.29514445570061,58.67244424470521,59.22595662726437,22399608
2015-01-23,60.74812316894531,60.74812316894532,59.295149385769705,59.364337219958536,65960664
2015-01-26,61.44001388549805,61.64758225797136,60.33298419148533,60.74812093643195,58836624
2015-01-27,61.44001388549805,61.85514575290984,60.74812093643195,61.85514575290984,36498000
2015-01-28,60.81731414794922,61.30163876738513,60.81731414794922,61.23245092961864,25221504
2015-01-29,59.98704528808594,60.748126133914674,59.84866473541923,60.748126133914674,30256380
2015-01-30,59.98704528808594,60.67893829634895,59.98704528808594,60.67893829634895,23878008
2015-02-02,59.848663330078125,60.40218065021223,59.364338723420246,60.332987936736004,27736632
2015-02-03,60.471370697021484,60.74812692843933,59.71028984123857,59.848665518179835,22140888
2015-02-04,60.54055404663086,61.16325917930119,60.54055404663086,60.67893459084703,33230736
2015-02-05,60.402183532714844,60.60974705044341,60.05623458142982,60.60974705044341,18909660
2015-02-06,60.402183532714844,60.678939767221635,60.05623458142982,60.678939767221635,15416940
2015-02-09,60.194618225097656,60.4713744738005,60.12543038230586,60.4713744738005,15176700
2015-02-10,59.156768798828125,59.98703737266686,59.156768798828125,59.84865683825977,34265616
2015-02-11,58.67245864868164,59.15678332170534,58.60326592572411,58.8108343395251,38997420
2015-02-12,59.64110565185547,59.77948133726312,58.464887938212286,58.94921259221032,36920268
2015-02-13,59.364341735839844,59.77947852762259,59.29515389638785,59.50272229227922,25619748
2015-02-24,59.364341735839844,60.05623476296596,59.364341735839844,59.571910131731215,53257512
2015-02-25,59.71029281616211,59.848668499997615,59.15678032574897,59.36434385150223,25347168
2015-02-26,60.26380157470703,60.6789383555771,59.571908565768666,59.84866479383696,38978940
2015-03-02,60.26380157470703,61.16326297408043,60.19461373707377,60.6789383555771,29402604
2015-03-03,59.71029281616211,60.54056155178183,59.64110497424436,60.26380530657526,19361496
2015-03-04,61.09407424926758,61.44002321510003,59.987049264689134,60.19461766868148,56449932
2015-03-05,61.232452392578125,61.8551527024245,60.678939922151265,61.30164023199764,52476732
2015-03-06,61.44001388549805,61.64758225797136,60.88650147725911,61.232445513024736,33571692
2015-03-09,60.74812316894531,61.30163559752602,60.74812316894532,61.16325992914835,19914972
2015-03-10,60.26380157470703,61.02488242127866,60.26380157470703,60.817314030843626,21674268
2015-03-11,60.402183532714844,60.886508162485576,59.77947834692302,59.84866618616588,28729932
2015-03-12,60.26380157470703,60.74812619321036,60.19461373707377,60.19461373707377,34865292
2015-03-13,60.88650894165039,61.30164085995534,60.40218430568174,60.40218430568174,28796460
2015-03-16,60.402183532714844,61.163264396992375,60.402183532714844,60.886508162485576,33573540
2015-03-17,60.402183532714844,61.02488384097129,60.402183532714844,60.402183532714844,28448112
2015-03-18,60.81731414794922,61.09407037655041,60.402182243815055,60.402182243815055,36242976
2015-03-19,63.03136444091797,63.100557151374936,61.09406609882149,61.09406609882149,120971928
2015-03-20,64.3459701538086,64.69191423693285,62.96218406624059,63.23894030824709,107852976
2015-03-23,64.6919174194336,65.52218618629793,64.41516116381214,64.6919174194336,72109884
2015-03-24,64.55353546142578,65.3146212448995,64.34597193233546,64.83029658861747,45345300
2015-03-25,65.31460571289062,65.59136189673323,64.62271281451686,65.03784465151354,43284780
2015-03-26,65.31460571289062,65.31460571289062,64.34595663067425,64.9686568249365,43623888
2015-03-27,64.3459701538086,65.3146194395991,63.930833352031094,65.3146194395991,48414828
2015-03-30,65.03784942626953,65.45298617127797,64.69190539045239,65.03784942626953,38992800
2015-03-31,63.3773193359375,65.66056193544775,62.96218254419549,65.38380570013153,101265780
2015-04-01,63.446502685546875,64.0000151170096,62.616234038352786,63.37731485099779,37494072
2015-04-02,64.48434448242188,64.69191287895346,64.00001984969332,64.27677608589029,38727612
2015-04-07,64.7611083984375,64.96867681958398,64.20759586040423,64.89948897171381,22234212
2015-04-08,64.83029174804688,65.03785526163941,64.0692108989351,65.03785526163941,29445108
2015-04-09,64.3459701538086,64.89948263782159,64.0692139118021,64.83029479670384,31403988
2015-04-10,64.41515350341797,64.89947811254247,64.06920944441553,64.89947811254247,28247604
2015-04-13,64.27677917480469,64.69191598781786,64.06921564583374,64.48434758131127,17920980
2015-04-14,64.89948272705078,64.89948272705078,64.06921399988975,64.34597024227676,27583248
2015-04-15,63.72325134277344,64.9686566046089,63.515682986211786,64.69190042170484,44381568
2015-04-16,64.55353546142578,64.62272818199152,64.0692156826794,64.27677921176972,22712844
2015-04-17,63.86164855957031,64.5535367588485,63.79245583761391,64.5535367588485,22677732
2015-04-20,64.20759582519531,64.48435209406018,63.238946445400245,63.238946445400245,23638692
2015-04-21,63.72325134277344,64.48433206514319,63.654063516431044,64.20757588223914,20777988
2015-04-22,63.65406799316406,64.34596093785161,63.51568745321262,63.51568745321262,25317600
2015-04-23,64.55353546142578,65.0378601177078,64.00002296211366,64.00002296211366,52587612
2015-04-24,65.45298767089844,65.93731225865989,64.89947524989533,65.03785091637863,80965500
2015-04-27,65.52217864990234,66.00650326091653,65.45299081333894,65.79893487369114,41227956
2015-04-28,64.7611083984375,66.00651404778039,64.55353997729102,65.72975777876374,45984708
2015-04-29,63.72325134277344,64.89946877826651,63.654063516431044,64.76108824804724,39313428
2015-04-30,63.65406799316406,64.41514876905994,63.584880161955745,63.72325582437237,29472828
2015-05-04,64.41515350341797,64.48434133971142,63.86164105800002,64.34596566712452,21150360
2015-05-05,64.41515350341797,64.89947811254247,63.93082889429347,64.69190972612695,17974572
2015-05-06,64.3459701538086,64.62272639581509,63.930833352031094,64.20758959403759,20561772
2015-05-07,63.72325134277344,64.3459564124584,63.723251342773445,64.3459564124584,22205568
2015-05-08,64.13839721679688,64.55352911167908,63.792448280604006,63.861640994363675,26128872
2015-05-11,64.48434448242188,64.96866911515043,63.86164417036253,64.89948127548504,27005748
2015-05-12,64.13839721679688,64.62272182543876,64.0000166668127,64.20758505302138,14068824
2015-05-13,65.38380432128906,65.38380432128906,64.41515507934194,64.6919113088218,38297028
2015-05-14,64.83029174804688,65.38380420603085,64.62272335691907,65.38380420603085,23926980
2015-05-15,64.41515350341797,64.96866594883592,64.2767729532959,64.83029027624902,19802244
2015-05-18,66.97515106201172,66.97515106201172,65.79893347771237,65.86812619034296,115527720
2015-05-19,68.08218383789062,68.4281279062827,67.6670470537919,67.6670470537919,91820652
2015-05-20,67.45947265625,68.15136560897456,67.11352861865515,68.15136560897456,41027448
2015-05-21,67.11354064941406,67.39029690460818,66.7675916722696,67.11354064941406,40099752
2015-05-22,66.767578125,67.73622726040652,66.62920246424748,67.25190269270325,31240440
2015-05-25,67.04434967041016,67.59786215491948,66.83678126933528,67.4594815950244,27196092
2015-05-26,67.39028930664062,68.01299446877185,67.32110147002666,67.66704553063167,20968332
2015-05-27,67.39028930664062,67.80542608139477,67.1135330826496,67.66704553063167,27550908
2015-05-28,68.01299285888672,68.4281247462794,67.80542447642284,68.01299285888672,50204616
2015-05-29,68.5665054321289,68.70488110236067,68.01299299613167,68.28974921413028,78316392
2015-06-01,67.32109832763672,68.5665037162314,67.32109832763672,68.5665037162314,33153120
2015-06-02,67.66706085205078,68.01300986852199,66.90597984436494,67.1135482787404,33017292
2015-06-03,67.11354064941406,67.80543372616722,66.97516008304913,67.45948474902278,21731556
2015-06-04,65.38380432128906,67.18272225167573,65.31461648330293,67.11353441368958,53763864
2015-06-05,65.24541473388672,66.00649547896072,64.69190235156647,65.03784637113297,38329368
2015-06-08,65.66055297851562,66.00649700608588,64.89947221583328,65.52217244096668,28456428
2015-06-09,64.48434448242188,65.72974998407597,64.41515664275649,65.66056214441058,25554144
2015-06-10,66.14488220214844,66.14488220214844,65.38380138586398,65.72974543779871,33604032
2015-06-11,66.28326416015625,66.90596936575645,65.3838075887811,66.62921312244598,34788600
2015-06-12,65.72975158691406,66.28326407280557,65.6605637455615,66.28326407280557,14254548
2015-06-15,65.03784942626953,65.79893020709511,65.03784942626953,65.3837983396215,17541216
2015-06-16,65.59137725830078,65.66056510108167,64.76110363478755,65.66056510108167,21057960
2015-06-17,65.31460571289062,65.7297375498873,64.9686568249365,65.7297375498873,24313212
2015-06-18,65.45298767089844,65.72974388139998,65.03785091637863,65.45298767089844,23671032
2015-06-22,67.25191497802734,67.3211076985782,66.07570213662598,66.07570213662598,36437940
2015-06-23,67.18272399902344,68.01299758659276,67.1135361592378,67.5978607928081,29081976
2015-06-24,67.5286636352539,67.59785146549284,67.04433906851187,67.04433906851187,21166068
2015-06-25,68.497314453125,68.98163415424197,68.08217770641347,68.35893391170954,70828296
2015-06-26,68.63569641113281,68.70488424941787,68.15137178806675,68.70488424941787,40846344
2015-06-29,67.04434967041016,67.87461839717416,66.83678126933528,67.87461839717416,33812856
2015-06-30,67.11354064941406,67.39029690460818,66.7675916722696,67.04435280499946,24798312
2015-07-01,67.80543518066406,68.01300359589615,67.11354208906907,67.3902983501999,23293116
2015-07-02,67.80543518066406,68.01300359589615,67.52867891953323,67.73624245722948,15847524
2015-07-03,67.32109832763672,67.59785453870943,67.11352994994844,67.59785453870943,11482548
2015-07-06,66.62920379638672,67.32109674658673,66.35244759181369,66.62920379638672,20230056
2015-07-07,67.32109832763672,67.66704237209387,67.04434211656401,67.4594739944056,15357804
2015-07-08,65.38380432128906,67.39029064316944,65.0378553762878,67.32110280518329,46826472
2015-07-09,64.62272644042969,65.24542676599033,63.30812819307185,63.30812819307185,39412296
2015-07-10,64.62272644042969,64.62272644042969,64.62272644042969,64.62272644042969,0
2015-07-13,66.56002044677734,66.56002044677734,65.31461500356569,65.38380283998436,28473984
2015-07-14,65.52217864990234,67.25190870673373,65.52217864990234,66.97515248294492,34069728
2015-07-15,66.21406555175781,66.4216339198722,65.45298478702816,66.35244608967899,21410004
2015-07-16,66.42164611816406,66.76759021019733,65.93732146279613,66.76759021019733,16024008
2015-07-17,65.7989273071289,66.49082022580411,65.7989273071289,66.42163239719697,18407928
2015-07-20,65.7989273071289,66.49082022580411,65.66055164991464,66.35244456858985,14398692
2015-07-21,66.62920379638672,66.62920379638672,65.79893030513279,66.2832548825193,14443044
2015-07-22,65.59137725830078,66.28326544118099,65.52218453798426,65.72975294386258,26535432
2015-07-23,62.616241455078125,65.24542825471367,62.616241455078125,64.69191575768889,73660356
2015-07-24,62.616241455078125,63.3081296375913,61.924348395029334,62.754617140566516,38347848
2015-07-27,62.339473724365234,63.031366711110216,62.27028588895127,62.54704210814224,24139500
2015-07-28,62.27028274536133,62.962175697177486,62.270282745361335,62.33947057728249,25552296
2015-07-29,63.308128356933594,63.30812835693359,60.54056105025904,62.270291226622575,46779348
2015-07-30,62.89299011230469,63.7232587576271,62.61623389719722,63.30812199619838,26776596
2015-07-31,62.754608154296875,63.169744906386946,62.477851945415125,63.03136436317861,25667796
2015-08-03,61.71677780151367,62.9621833144399,61.09407260628284,62.9621833144399,31193316
2015-08-04,61.92435073852539,62.47786325649758,60.95570139330615,61.716782324901864,29992116
2015-08-05,61.57840347290039,61.924352464426846,61.301647206200784,61.301647206200784,27400296
2015-08-06,61.232452392578125,61.9935332587989,60.9556961573647,61.578396467211064,29049636
2015-08-07,61.232452392578125,61.50920862779155,60.60974720519637,61.024883996784204,20273484
2015-08-10,61.232452392578125,61.71677702358547,60.74812776157078,61.232452392578125,18748884
2015-08-11,61.232452392578125,62.61623844618065,61.16326455315861,62.27028949401233,34841268
2015-08-12,59.848663330078125,61.02488092875228,59.848663330078125,60.5405563220944,39327288
2015-08-13,60.471370697021484,60.54055853549212,59.7794776797092,59.848665518179835,27375348
2015-08-14,61.37083053588867,61.85515518634507,60.95569860516575,60.95569860516575,32549748
2015-08-17,61.024879455566406,61.578391884803175,60.88650378702473,61.578391884803175,16972956
2015-08-18,61.09407424926758,61.785967303396895,61.02488640711532,61.57839889940455,16821420
2015-08-19,60.95569610595703,61.440020736555915,60.609747154080466,61.09407178467935,27691356
2015-08-20,60.471370697021484,61.163263714333766,60.26380230407427,60.6789390899687,25426632
2015-08-21,59.156768798828125,60.332981392382685,59.156768798828125,59.71028118138729,42128856
2015-08-24,56.45840072631836,58.74164340290508,53.898396927537306,57.42704514385637,81396084
2015-08-25,58.81082534790039,58.81082534790038,56.04325830127256,56.04325830127256,53887680
2015-08-26,57.772987365722656,58.603256002806674,57.49623115336132,58.11893141179059,53853492
2015-08-27,58.5340690612793,59.018393659677486,58.11893229764227,58.11893229764227,63393792
2015-08-28,61.301631927490234,61.71676866283967,59.641094741161965,60.12541930655806,59708880
2015-08-31,64.0000228881836,64.0000228881836,61.44002392367051,61.92434857939305,57226092
2015-09-01,62.13191604614258,63.30812886865005,61.855154923456105,63.30812886865005,55938036
2015-09-02,62.6854248046875,63.100561586467926,61.647587727771686,61.855151241126634,95802168
2015-09-03,63.620662689208984,64.22729407593664,63.31734190477642,63.69648906701557,90321440
2015-09-04,62.93817901611328,63.92395723902313,62.93817901611328,63.69646799871045,37604160
2015-09-07,62.862361907958984,63.46899323237781,62.63487261576782,62.862361907958984,16588880
2015-09-08,62.78653335571289,63.24150683321382,62.710701897262055,62.86235972309569,12614800
2015-09-09,64.83391571044922,64.83391571044922,63.4689902045532,63.4689902045532,36988160
2015-09-10,64.15144348144531,64.45476417544819,63.92395932477719,64.45476417544819,27099600
2015-09-11,64.22728729248047,64.37894512314483,63.84814017028548,64.15145583161419,24239600
2015-09-14,64.53059387207031,64.75808313158515,63.92396263478738,64.45476751294369,17976640
2015-09-15,64.22728729248047,64.75809224533981,63.92397163115176,64.68226078447354,20333280
2015-09-16,64.45478057861328,64.60643841867667,64.07563343292054,64.60643841867667,21574080
2015-09-17,64.83391571044922,65.51637846339723,64.68225788657944,64.985573534319,29369120
2015-09-18,64.83391571044922,65.13723135818879,64.45477369630875,64.83391571044922,31738960
2015-09-21,63.84813690185547,64.37894182754255,63.69647907895459,64.22728400464166,22477840
2015-09-22,64.53059387207031,64.53059387207031,64.07562044410811,64.07562044410811,16287920
2015-09-23,63.772308349609375,64.15145034832936,63.62065053190783,63.99979253062781,24931280
2015-09-24,63.393165588378906,64.15145472866348,62.71070281658873,63.99979690060657,19214800
2015-09-25,63.9239616394043,64.22727725332273,63.317325320500025,63.69647238343177,16671600
2015-09-29,63.9239616394043,63.9239616394043,63.9239616394043,63.9239616394043,0
2015-09-30,64.90974426269531,64.90974426269531,63.39316100080856,63.62065027196528,41803520
2015-10-01,65.1372299194336,65.2130613752275,64.22728299631386,64.3789408168338,23848000
2015-10-02,64.9855728149414,65.4405513725822,64.53059934836853,65.36471991595276,19199840
2015-10-05,65.21305084228516,65.36470863830998,64.37893041861516,65.36470863830998,19122400
2015-10-06,65.5163803100586,65.89552742595377,65.28889611337598,65.59221176966489,22110000
2015-10-07,65.89552307128906,65.89552307128906,65.2130603442051,65.36471816232734,23944800
2015-10-08,65.74386596679688,66.35049724587063,65.5163766916103,66.27467088152032,19018560
2015-10-12,66.80547332763672,67.10879407014833,66.42633130886625,66.57798913458805,40450960
2015-10-13,66.35049438476562,66.9571307287484,65.97134730615984,66.88129927660019,26038320
2015-10-14,65.28888702392578,66.35049167314145,65.21305557487668,66.35049167314145,26818880
2015-10-15,65.74386596679688,66.72964434082563,65.74386596679688,66.19883942610218,36604480
2015-10-16,66.57799530029297,66.57799530029297,66.12302178099307,66.42633746052634,20126480
2015-10-19,66.50213623046875,66.88128321803927,65.89550512320903,66.88128321803927,22378400
2015-10-20,66.04718017578125,66.7296428954913,65.89552235929766,66.65381144171563,19260560
2015-10-21,65.5163803100586,66.57799019813785,65.44055394152043,66.35050091038713,16280880
2015-10-22,65.66802978515625,65.66802978515625,65.13722490863559,65.36471416744943,20278720
2015-10-23,66.27466583251953,66.57798144894892,65.9713451250227,66.57798144894892,22953920
2015-10-26,67.26045989990234,67.26045989990234,66.88131274494512,67.18462843248344,30552720
2015-10-27,67.18461608886719,67.48793172067829,66.3504955558528,67.48793172067829,32296000
2015-10-28,66.72965240478516,67.10879954555828,66.35050526401203,66.95714170746272,17717040
2015-10-29,65.81969451904297,66.9571358417174,65.66803669423332,66.72964655896891,26143920
2015-10-30,65.66802978515625,66.27466611163734,65.21305635859603,65.97134540286307,22265760
2015-11-02,66.27466583251953,66.27466583251953,65.36471389216392,66.12300802430484,14264800
2015-11-03,66.57799530029297,66.72965314005961,65.8197010103913,66.42633746052634,22444400
2015-11-04,67.26045989990234,67.48794412002177,66.5779970574068,66.88131274494512,36727680
2015-11-05,66.88129425048828,67.26044130060126,66.88129425048828,67.26044130060126,17424000
2015-11-06,65.66802978515625,67.10878660586481,65.59220342626328,66.65380808823713,31685280
2015-11-09,65.21305084228516,65.89551346993035,65.06139304626033,65.59219787788071,19628400
2015-11-10,64.07563018798828,64.75809297924637,64.07563018798828,64.53060368513758,34258400
2015-11-11,63.24150466918945,64.45477232541052,62.93818902790115,63.69647813112191,40119200
2015-11-12,63.620662689208984,63.923978382572805,63.24151552696983,63.31734190477642,19453280
2015-11-13,63.393165588378906,64.227286188226,63.089849932265075,63.31733412881639,23897280
2015-11-16,62.78653335571289,63.31733320059662,62.63487043881121,62.710701897262055,31211840
2015-11-17,64.45478057861328,64.75809625874007,63.8481441272912,64.07563343292054,32819600
2015-11-18,64.30310821533203,64.8339131232283,63.84813476187857,64.8339131232283,23150160
2015-11-19,64.83391571044922,64.9097471679181,64.1514529575012,64.83391571044922,15979040
2015-11-20,65.21305084228516,65.4405400818559,64.90973525023553,65.4405400818559,21341760
2015-11-23,64.83391571044922,65.44055209699633,64.60643152017853,65.28889427312654,15279440
2015-11-24,63.9239616394043,64.83390848115958,63.9239616394043,64.60642431625446,16303760
2015-11-25,63.9239616394043,64.15144580430942,63.46898312745924,63.69647238343177,15150080
2015-11-26,64.7580795288086,65.21305293145862,64.30310103509136,64.45476392704191,16410240
2015-11-27,64.45478057861328,64.75809625874007,63.923975592857154,64.53060695311072,11050160
2015-11-30,63.696475982666016,64.30310724478119,62.93818690502204,63.16567108278139,59221360
2015-12-01,65.21305084228516,65.21305084228516,64.07561482656553,64.53058821463996,32343520
2015-12-02,64.9855728149414,65.36471991595276,64.53059934836853,65.28889355039124,18297840
2015-12-03,64.22728729248047,64.68226078447354,64.15145583161419,64.15145583161419,12401840
2015-12-04,63.84813690185547,63.99979472475636,63.5448212560537,63.848136901855476,17750480
2015-12-07,64.22728729248047,65.06140790666853,64.15145583161419,64.15145583161419,15852320
2015-12-08,63.620662689208984,64.37895192261854,63.620662689208984,64.37895192261854,21806400
2015-12-09,63.16566848754883,63.923962625105126,63.08984212843369,63.6206470065096,17669520
2015-12-10,62.862361907958984,63.1656775701684,62.55904624574957,62.93819336904545,25659920
2015-12-11,63.014015197753906,63.6964779340753,62.78653101302534,63.620651569521726,31803200
2015-12-14,61.26994705200195,61.64908905277062,60.81496850537109,61.42160487052298,36296480
2015-12-15,60.66331100463867,61.649089375723285,60.35999536600768,61.345773737092294,44886160
2015-12-16,60.814964294433594,61.80074259209708,60.51164867839366,61.80074259209708,27146240
2015-12-17,62.483211517333984,62.483211517333984,60.814970371348515,61.042459651643966,23724800
2015-12-18,61.57326126098633,61.952408344029294,61.345771992947014,61.72491907598998,26012800
2015-12-21,61.724918365478516,62.1798918052523,60.89079784702611,61.042455660284034,15584800
2015-12-22,61.19411087036133,61.95240499546096,61.04245306355488,61.72491573971759,16114560
2015-12-23,61.64908981323242,61.95241054508382,61.26994780778691,61.42160562817869,15779280
2015-12-24,61.87657928466797,62.104068561507624,61.724921463797486,61.95241074063714,10163120
2015-12-25,61.87657928466797,62.028237105538444,61.49743218695782,61.80074782869879,6945840
2015-12-28,61.421607971191406,62.028239275899296,61.421607971191406,61.800749991099806,10907600
2015-12-29,61.19411087036133,61.57325793291114,61.118284512491805,61.42160012610469,15620000
2015-12-30,61.34577178955078,61.57326105683584,61.118287613333386,61.497429604051604,12463440
2015-12-31,61.26994705200195,61.573262689044,60.966626323892115,61.34577341572857,12002320
2016-01-04,59.9050178527832,61.57325884338965,59.601702234685206,61.57325884338965,30756880
2016-01-05,59.9808464050293,60.89079838366399,59.753362228671364,59.90502004326587,26388560
2016-01-06,59.9050178527832,59.98084421177396,58.61592393033298,59.37421297557797,37337520
2016-01-07,59.37422180175781,59.52587963335126,58.388443350866275,58.76759047538401,35362800
2016-01-08,59.1467399597168,59.37422928129857,58.54010855692391,58.54010855692391,24209680
2016-01-11,57.175174713134766,58.54010026720387,57.09934834405768,58.46426880705863,45438800
2016-01-12,57.85763931274414,58.00929714674385,57.17517651421131,57.63015001621043,27315200
2016-01-13,58.08512878417969,58.61593375031113,57.85763948696097,58.38844445309242,19923200
2016-01-14,57.63014221191406,57.63014221191406,56.568537517679054,57.09934241033037,20396640
2016-01-15,57.09933853149414,58.08511679756663,56.34104442462775,57.857627547293255,34723920
2016-01-18,56.796024322509766,57.09934505454819,55.43110393814227,55.58276175862755,23231120
2016-01-19,57.09933853149414,57.402654137813784,56.6443600309474,57.25099633465396,17548080
2016-01-20,55.43109893798828,56.79601919923335,55.43109893798828,56.79601919923335,28482960
2016-01-21,55.12778091430664,56.189390704637724,55.12778091430664,55.58275944791576,27078480
2016-01-22,56.72019577026367,56.72019577026367,55.65858597674215,55.73441742959412,28980160
2016-01-25,57.63014221191406,57.781805116443834,57.251000223792516,57.781805116443834,23728320
2016-01-26,57.250999450683594,57.478483622271085,56.87185237661436,57.09934163926941,14684560
2016-01-27,57.09933853149414,57.63013829701988,56.94768072833432,57.63013829701988,15889280
2016-01-28,56.94768524169922,57.17516941893447,55.88607544437574,55.88607544437574,23972080
2016-01-29,58.99506759643555,58.99506759643555,56.492706038883895,56.492706038883895,41300160
2016-02-01,60.28416442871094,60.28416442871094,59.29838104134029,59.98084372202212,26234560
2016-02-02,59.45004653930664,60.587482693147955,59.45004653930664,60.511651240393626,17775120
2016-02-03,58.08512878417969,59.22256508813659,57.85763948696097,59.146733625374246,32539760
2016-02-15,56.64435958862305,57.25099588759252,55.96189693419942,56.03772838072082,55121440
2016-02-16,58.08512878417969,58.38844445309242,56.72020318300406,56.72020318300406,27989280
2016-02-17,58.160953521728516,58.38844281255548,57.32683291012059,58.38844281255548,26813600
2016-02-18,58.91923904418945,58.995065402531274,58.23677636377586,58.388434171526946,26561920
2016-02-19,58.160953521728516,58.91924776377292,57.781811491774505,58.91924776377292,18102480
2016-02-22,58.160953521728516,58.91924776377292,57.705980031142786,57.781811491774505,16782480
2016-02-23,58.38844299316406,58.54010082382842,58.08512733183535,58.08512733183535,10927840
2016-02-24,58.00929260253906,59.14672881396903,57.781808414893824,58.38843970337169,18641040
2016-02-25,59.52587127685547,60.66330739966232,57.85763027245408,58.00928808275716,49954080
2016-02-26,59.1467399597168,59.1467399597168,58.009303533945705,58.76759787850568,34258400
2016-03-01,58.91923904418945,59.07089685194053,58.23677636377586,58.23677636377586,29082240
2016-03-02,60.28416442871094,60.28416442871094,59.29838104134029,59.677528106400736,31900000
2016-03-03,61.042457580566406,61.042457580566406,60.2841684904224,61.042457580566406,41909120
2016-03-04,62.862361907958984,62.93819336904545,61.04246284363429,61.42160996693016,54892640
2016-03-07,61.87657928466797,63.54482040531114,61.80074782869879,63.014015486730514,36234000
2016-03-08,62.93817901611328,62.93817901611328,61.497422312578074,61.87656934941019,30941680
2016-03-09,62.78653335571289,63.165675374762976,62.33155478714393,62.710701897262055,19674160
2016-03-10,62.93817901611328,63.317320961878345,62.78652121959385,63.16566316535891,19200720
2016-03-11,63.08984375,63.08984375,62.40738104508534,62.93818593680426,17548960
2016-03-14,63.696475982666016,63.696475982666016,63.241502536079636,63.54481816713722,22357280
2016-03-15,62.40738296508789,63.84813478030693,62.17989369276161,63.69647696244534,29883920
2016-03-16,62.93817901611328,63.69646799871045,62.63485833200736,62.63485833200736,22977680
2016-03-17,62.559043884277344,63.772311578384915,62.55904388427735,63.62065375300497,22359040
2016-03-18,63.696475982666016,63.696475982666016,62.8623554517238,62.93818690502204,53407200
2016-03-21,64.07563018798828,64.1514565586457,63.317335935004515,63.9997987262626,22796400
2016-03-22,63.9239616394043,64.0756194463635,63.317325320500025,64.0756194463635,19001840
2016-03-23,63.84813690185547,64.07562618174077,63.39316343315281,63.69647907895459,17944080
2016-03-24,64.07563018798828,64.37894585275448,63.317335935004515,63.77231452322208,19548320
2016-03-25,63.54481887817383,64.3031079643027,63.54481887817383,64.3031079643027,8309840
2016-03-28,64.07563018798828,64.45477731448017,63.92397235560518,64.22728802037138,22667040
2016-03-29,63.46898651123047,64.45476994562232,63.08984451915265,64.45476994562232,21949840
2016-03-30,63.46898651123047,63.468986511230476,63.468986511230476,63.468986511230476,0
2016-03-31,64.30310821533203,65.81969148457803,63.69647694406074,65.28889166774954,70584800
2016-04-01,62.93817901611328,64.15144138826875,62.93817901611328,63.7722994425037,27424320
2016-04-06,61.57326126098633,63.089844502090514,61.57326126098633,63.089844502090514,35239600
2016-04-07,61.800750732421875,62.10407147948231,60.890803764444904,61.421608707965525,24311760
2016-04-08,62.10405349731445,62.10405349731445,61.34575948582882,61.497417269912624,16746400
2016-04-11,61.57326126098633,62.104066159032946,61.19411417794336,62.028234705997285,9749520
2016-04-12,62.179893493652344,62.63486694578024,61.573262224148486,62.02823567627638,13434080
2016-04-13,63.46898651123047,63.54481796428664,62.407381805917815,62.407381805917815,29533680
2016-04-14,62.483211517333984,63.544821370622174,62.483211517333984,62.938190077924894,20081600
2016-04-15,62.862361907958984,63.08985120015016,61.95241492133075,62.331556953558405,16226320
2016-04-18,62.634864807128906,63.08984333478943,62.55903844656387,63.08984333478943,12326160
2016-04-19,61.800750732421875,63.16567627545544,61.573266535961686,62.78653425099909,16345120
2016-04-20,60.05668640136719,62.483216871138815,60.05668640136719,61.49743839050643,44046640
2016-04-21,60.890804290771484,61.04246212007855,60.28417297354326,60.51165717196976,18065520
2016-04-22,61.421607971191406,61.49743433874587,60.89080303403798,61.49743433874587,15252160
2016-04-25,60.890804290771484,61.72492489749438,60.814972830583876,61.49743560799972,12224960
2016-04-26,60.814964294433594,61.573258425600855,60.66330648641363,60.66330648641363,15876080
2016-04-27,60.28416442871094,60.81496421051464,60.13250152983281,60.58748004433232,21101520
2016-04-28,59.601707458496094,60.81497003722487,59.601707458496094,60.66331221488377,26363920
2016-04-29,58.46427536010742,58.91925398983947,58.46427536010742,58.46427536010742,33712800
2016-05-03,57.326820373535156,58.464256396791995,57.32682037353515,58.388430043810644,27543120
2016-05-04,57.40266799926758,57.93347298403807,56.79603154907195,57.32683653384244,28740800
2016-05-05,57.175174713134766,57.70597966094699,56.87185905469011,57.402664002502334,21832800
2016-05-06,55.961910247802734,57.25100950787864,55.81025240974706,57.17517804331658,38265920
2016-05-09,55.05195236206055,56.265219918292395,54.97612091245405,56.113562110146844,32601360
2016-05-10,56.72019577026367,56.72019577026367,54.97612326534513,55.051954718197095,26071760
2016-05-11,56.113563537597656,57.25099967315779,55.65858501051954,56.72019478561171,23735360
2016-05-12,55.58275604248047,56.189387262035446,55.35526678961369,56.0377294571467,23060400
2016-05-13,56.416873931884766,57.17516292161062,55.73441129559795,56.87184732572028,55498960
2016-05-16,56.113563537597656,56.41687916160468,55.73441646205508,56.18938989806562,22879120
2016-05-17,56.3410530090332,56.64436866156755,56.11356881516648,56.26522664143365,21299520
2016-05-18,56.416873931884766,56.4927002853238,55.73441129559795,56.34104248737863,25338720
2016-05-19,56.26521682739258,56.644358781394764,55.96189613669679,56.41687462720689,22170720
2016-05-20,56.113563537597656,56.72019478561171,56.11356353759765,56.341047710069134,21263440
2016-05-23,58.69175338745117,58.919242658566745,56.265223223511896,56.416881040566366,45397440
2016-05-24,57.933467864990234,58.691756996896096,57.933467864990234,58.61593062923954,22999680
2016-05-25,59.45004653930664,60.43582487870695,58.691752376033996,58.767583828788325,41125920
2016-05-26,59.22256088256836,59.90502363469248,59.146729425191026,59.525876529941755,14297360
2016-05-27,59.45004653930664,59.82918852987531,59.22255727211132,59.60170435374764,17010400
2016-05-30,60.28416442871094,60.58748004433232,59.52587029859005,59.905017363650494,22052800
2016-05-31,60.7391357421875,60.73913574218751,59.98084163840823,60.28416233456029,57468400
2016-06-01,61.11829376220703,61.42160942172408,60.35999952234624,60.35999952234624,24877600
2016-06-02,60.132503509521484,61.26994474214978,60.05667714865349,61.19411329021418,25395920
2016-06-03,60.66331100463867,60.81496882395416,60.284169001883846,60.284169001883846,14345760
2016-06-06,60.814964294433594,61.724916233620824,60.3599908703737,60.51164867839366,18032080
2016-06-07,61.49742889404297,61.57326034595171,61.11828690770207,61.26994472045195,26583040
2016-06-08,61.64908981323242,62.179894730137555,61.497431992840646,61.80074763362419,32547680
2016-06-13,59.601707458496094,60.66331221488377,59.601707458496094,60.58748584924718,42401920
2016-06-14,60.587486267089844,60.587486267089844,59.14672930831134,59.14672930831134,20516320
2016-06-15,60.814964294433594,60.8907957439773,60.056675254333776,60.13250161281003,18666560
2016-06-16,59.75336837768555,60.35999969848992,59.60171054748446,60.28417332892347,25232240
2016-06-17,60.132503509521484,60.73913985180343,59.90501933584991,60.05667714865349,28904480
2016-06-20,61.042457580566406,61.2699468531435,60.73914194450881,60.96662612601812,22524480
2016-06-21,61.19411087036133,61.42160012610469,60.739137449941985,60.89079525674843,20200400
2016-06-22,61.800750732421875,61.80075073242187,61.194119420437225,61.194119420437225,23541760
2016-06-23,62.862361907958984,62.93819336904545,62.1798991224537,62.1798991224537,42769760
2016-06-24,61.800750732421875,63.08984990699141,61.118293051973204,63.08984990699141,54957760
2016-06-27,62.179893493652344,62.25572494787421,61.26994658939656,61.42160440677252,17676560
2016-06-28,62.559043884277344,62.55904388427735,61.26994982301382,61.57326547377371,3887840
2016-06-29,62.559043884277344,62.862359535037236,62.17989677529348,62.17989677529348,18285520
2016-06-30,62.559043884277344,62.862359535037236,62.33155460067342,62.71070170965729,21737760
2016-07-01,62.710693359375,63.241498223059146,62.559035554189144,62.559035554189144,22413600
2016-07-04,63.16566848754883,63.31732629684659,62.93818431913593,63.16566848754883,19812320
2016-07-05,62.93817901611328,63.16566316535891,62.63485833200736,62.93817901611328,15114000
2016-07-06,61.800750732421875,62.55904496347079,61.80075073242187,62.55904496347079,23430880
2016-07-07,62.25572967529297,62.40738750418514,61.952414017508616,62.179898215312804,14634400
2016-07-08,62.25572967529297,62.25572967529296,62.25572967529296,62.25572967529296,0
2016-07-11,62.559043884277344,62.938190993261216,62.33155460067342,62.33155460067342,28612320
2016-07-12,63.16566848754883,63.31732629684659,62.634863609472916,62.634863609472916,28186400
2016-07-13,63.317317962646484,63.62063863238463,62.93817603484072,63.62063863238463,26475680
2016-07-14,63.317317962646484,63.393149402847726,62.93817603484072,63.317317962646484,16907440
2016-07-15,64.07563018798828,64.3031143910288,63.468993767387616,63.468993767387616,29886560
2016-07-18,65.21305084228516,65.21305084228516,64.45476186216108,64.7580774542107,37308480
2016-07-19,65.36473083496094,65.51638868248595,64.9097572923859,65.51638868248595,27935600
2016-07-20,65.21305084228516,65.4405400818559,64.90973525023553,65.06139304626033,22583440
2016-07-21,66.27466583251953,66.72963925716363,65.36471389216392,65.44054534180499,44792000
2016-07-22,66.42633056640625,66.65381475691228,66.12301491835288,66.5021569328856,28517280
2016-07-25,66.42633056640625,66.72964621445962,64.90974723507144,66.27467274237956,29854000
2016-07-26,66.57799530029297,66.65382167464203,65.74387463604222,66.35050599510876,25384480
2016-07-27,67.4879379272461,67.8670850474123,66.9571380682952,67.03296443768754,41266720
2016-07-28,67.4879379272461,67.79125867801997,67.10879589814805,67.79125867801997,25261280
2016-07-29,66.65382385253906,67.4879445440445,66.65382385253906,67.4879445440445,25738240
2016-08-01,67.33626556396484,67.48792336108484,66.57797657836483,66.57797657836483,30942560
2016-08-02,67.1087875366211,67.48792951847933,67.1087875366211,67.33627170752253,15638480
2016-08-03,66.35049438476562,66.9571307287484,66.27466802368504,66.35049438476562,23948320
2016-08-04,66.72965240478516,66.72965240478516,66.35050526401203,66.72965240478516,13994640
2016-08-05,67.03296661376953,67.33628228332174,66.57799310944124,66.72965094421734,19276400
2016-08-08,68.24623107910156,68.24623107910156,67.48793685086336,67.63959467829739,33339680
2016-08-09,68.17040252685547,68.32206036075667,67.63959756266712,68.24623398934023,21803760
2016-08-10,68.24623107910156,68.24623107910156,67.94291542423352,68.1703996198505,18800320
2016-08-11,67.8670883178711,68.01874615503222,67.03296766795074,67.79126194482474,27569520
2016-08-12,65.36473083496094,66.57799870622978,65.21307298743594,65.59222015178284,102171520
2016-08-15,66.12301635742188,66.12301635742188,64.83391718853777,65.06140647506275,36750560
2016-08-16,65.36473083496094,66.12302516365476,65.28890445673282,65.97136222506097,31078960
2016-08-17,64.45478057861328,65.28890124449619,64.30311764748137,65.21306977893023,55900240
2016-08-18,64.9855728149414,65.2130620937618,64.07562588179565,64.37894152617756,36287680
2016-08-19,64.68225860595703,65.74386847592041,64.6064322387128,65.21306354093872,33011440
2016-08-22,64.7580795288086,64.90973732969194,64.45476392704191,64.60642172792525,22437360
2016-08-23,65.06140899658203,65.13723536765036,64.60643549696722,64.60643549696722,28360640
2016-08-24,65.97135162353516,66.04718308064601,65.28889396487722,65.36472033092012,38617040
2016-08-25,66.9571304321289,67.10878824468585,65.89552065316269,65.89552065316269,50213680
2016-08-26,67.1087875366211,67.48792951847933,66.80546682363995,67.4121031585347,34433520
2016-08-29,67.8670883178711,68.01874615503222,67.03296766795074,67.48794117943409,53131760
2016-08-30,67.56375885009766,67.86707446249662,67.2604432376987,67.71541665629714,40711440
2016-08-31,66.72965240478516,67.4121152217494,66.72965240478516,67.26045738365384,60065280
2016-09-01,66.35049438476562,66.57798365014261,65.81968949293106,66.12301021045626,92154480
2016-09-02,67.47884368896484,68.09069848925338,66.69217323145101,66.95439671728894,127011200
2016-09-05,68.44033813476562,68.5277459740182,67.82848325999761,68.09070677775533,35671200
2016-09-06,69.6640396118164,69.83885526956249,68.70255349421292,68.877369151959,41294400
2016-09-07,69.57664489746094,70.62553904164376,69.48923705211237,70.27590766024949,45388800
2016-09-08,68.70256042480469,69.66404663940119,68.6151525871141,69.5766388017106,40155200
2016-09-09,67.91590118408203,68.09071688854557,67.7410854796185,68.0033090363138,29612000
2016-09-12,67.91590118408203,68.35294044524086,67.7410854796185,68.17812474077733,25044800
2016-09-13,67.56626892089844,68.61516313441821,67.1292296652652,68.44034743216491,30163200
2016-09-14,67.91590118408203,68.35294044524086,67.4788619229232,67.4788619229232,35183200
2016-09-19,70.36331176757812,70.36331176757812,69.22700983841227,69.83886472334773,61713600
2016-09-20,70.10108947753906,70.53812868874567,69.92627379305642,70.36331300426303,33244800
2016-09-21,69.92628479003906,70.01369264602661,69.31442979812621,69.83887693405151,23539200
2016-09-22,69.6640396118164,70.62552572941989,69.31440829632423,70.18848658505468,25332800
2016-09-23,69.75146484375,69.92628054511279,69.40183344102444,69.83887269443139,23955200
2016-09-26,69.05219268798828,69.4018240433705,68.70256133260605,69.13960052683383,25627200
2016-09-27,69.05219268798828,69.05219268798828,69.05219268798828,69.05219268798828,0
2016-09-28,69.05219268798828,69.05219268798828,69.05219268798828,69.05219268798828,0
2016-09-29,69.83885955810547,69.92626739234589,69.31441255266287,69.75145172386503,37776000
2016-09-30,69.22701263427734,69.48923616698293,69.05219694580694,69.22701263427734,24614400
2016-10-03,69.22701263427734,69.75145969968854,69.22701263427734,69.75145969968854,19135200
2016-10-04,69.4892349243164,69.4892349243164,68.96478786828384,69.05219571095593,15942400
2016-10-05,69.57664489746094,69.75146058815808,69.1396056707181,69.1396056707181,11414400
2016-10-06,70.10108947753906,70.18849731978038,69.92627379305642,70.10108947753906,20085600
2016-10-07,69.92628479003906,70.36332406997681,69.92628479003906,70.36332406997681,12265600
2016-10-11,70.88775634765625,71.58701904898948,70.36330932165632,70.80034850998959,41553600
2016-10-12,71.32479858398438,71.41220642538632,70.71294369417078,71.23739074258243,30932000
2016-10-13,71.49960327148438,72.02405023924587,71.32478761556388,71.76182675536512,28017600
2016-10-14,70.97517395019531,71.41221319865711,70.53813470173353,71.32480534896474,18040000
2016-10-17,71.5870361328125,71.67444399133852,70.27591825492216,70.62554968902626,23766400
2016-10-18,71.7618408203125,71.84924866540423,71.32480159485384,71.58702513012904,26260800
2016-10-19,72.02406311035156,72.11147095393208,71.84924742319052,71.84924742319052,27580800
2016-10-20,72.98554992675781,72.98554992675781,72.28628717296851,72.37369501719218,32256000
2016-10-21,73.68482208251953,74.29667707015611,73.3351906610129,73.42259851638957,52168000
2016-10-24,73.59739685058594,74.29665952850124,73.50998901584653,74.20925169376183,24948800
2016-10-25,74.90851593017578,75.08333160329171,73.8596218914802,73.94702972803816,38992800
2016-10-26,74.82111358642578,75.08333711535018,74.296666528577,74.4714822145266,29145600
2016-10-27,74.64630126953125,75.52037973872952,74.29666988185195,75.08334050413038,29520000
2016-10-28,74.1218490600586,75.08333530965842,73.94703337831318,75.08333530965842,24276000
2016-10-31,74.55888366699219,74.55888366699219,73.07295046378132,74.03443665409424,24972000
2016-11-01,73.94702911376953,74.64629180042456,73.77221344210577,74.55888396459268,18731200
2016-11-02,72.19888305664062,73.77222433390398,72.19888305664062,73.42259293895657,41457600
2016-11-03,71.41221618652344,72.54851828006665,71.32480833317395,71.76184759992134,34136000
2016-11-04,71.67443084716797,72.1114700596507,71.32479947718178,71.32479947718178,20577600
2016-11-07,72.98554992675781,73.07295777098147,71.93665579607386,72.11147148452119,24022400
2016-11-08,72.54851531982422,73.42259381765344,72.19888392069254,73.33518596787052,16280800
2016-11-09,70.2759017944336,73.59739964043916,70.01367828027526,73.42258396433361,56207200
2016-11-10,71.23739624023438,72.0240668735621,71.23739624023438,72.0240668735621,38777600
2016-11-11,69.05219268798828,70.18849459298049,69.05219268798828,69.48923188221605,58423200
2016-11-14,69.05219268798828,69.57663972106161,68.70256133260605,69.48923188221605,36716800
2016-11-15,69.05219268798828,69.75145539875271,68.78996917145162,68.78996917145162,27116800
2016-11-16,69.05219268798828,69.83886323759828,69.05219268798828,69.4018240433705,29344000
2016-11-17,70.45072174072266,70.45072174072266,69.31441977716261,69.75145899391647,25460800
2016-11-18,70.71293640136719,71.0625677309166,69.75145024510633,70.45071290420513,25700000
2016-11-21,70.71293640136719,70.88775206614189,70.36330507181778,70.71293640136719,11456000
2016-11-22,70.97517395019531,71.41221319865711,70.8003582508106,71.06258179988768,22863200
2016-11-23,71.67443084716797,71.9366543746576,71.41220731967833,71.49961516217488,21122400
2016-11-24,70.88775634765625,71.41220337365617,70.88775634765625,71.23738769832286,13032000
2016-11-25,70.36331176757812,70.80035097110346,70.27590392687306,70.71294313039839,12829600
2016-11-28,71.06258392333984,71.14999177564408,70.53813680951446,71.14999177564408,12159200
2016-11-29,71.67443084716797,72.37369358714034,71.32479947718178,71.67443084716797,33350400
2016-11-30,71.67443084716797,72.46110142963688,71.06257594969215,71.84924653216106,39804800
2016-12-01,72.02406311035156,72.28628664109313,71.4122082052879,72.28628664109313,20602400
2016-12-02,71.41221618652344,71.58703189322239,71.06258477312552,71.23740047982447,21929600
2016-12-05,71.06258392333984,71.58703103716523,70.88776821873138,71.32480748025253,12609600
2016-12-06,71.93666076660156,72.02406861686475,71.58702936554882,71.7618450660752,23692800
2016-12-07,72.63591766357422,72.8981411930456,72.37369413410282,72.72332550673134,29590400
2016-12-08,74.1218490600586,74.1218490600586,73.16036281045878,73.42258633307692,66282400
2016-12-09,74.29666137695312,74.8211083984375,74.03443786621094,74.73370056152343,38017600
2016-12-12,72.89814758300781,74.20926534529212,72.81073973218885,73.8596339420163,28222400
2016-12-13,73.77220916748047,73.77220916748047,73.07294652134321,73.42257784441185,29092800
2016-12-14,73.16036224365234,74.29666416619413,73.16036224365234,74.20925632599861,23992800
2016-12-15,73.59739685058594,73.68480468532535,72.98554200741005,72.98554200741005,26461600
2016-12-16,73.07295989990234,73.8596305208343,73.07295989990234,73.33518344021299,28439200
2016-12-19,72.37369537353516,73.16036597542141,72.37369537353516,72.98555028611335,19383200
2016-12-20,73.16036224365234,73.24777008384787,72.54850736228369,72.9855465632613,18797600
2016-12-21,72.81072998046875,73.59740053247862,72.81072998046875,73.50999269336641,26215200
2016-12-22,72.37369537353516,73.07295813076738,72.28628752888113,73.07295813076738,22352800
2016-12-23,72.2862777709961,72.98554043383524,72.1988699381412,72.2862777709961,17437600
2016-12-26,72.81072998046875,72.81072998046875,72.37369078490771,72.37369078490771,6453600
2016-12-27,72.98554992675781,73.07295777098147,72.5485107056395,72.98554992675781,6774400
2016-12-28,73.42259216308594,73.42259216308594,72.63592153276716,72.63592153276716,12551200
2016-12-29,73.07295989990234,73.68481482729386,72.63592066605125,72.63592066605125,18927200
2016-12-30,73.59739685058594,73.77221252006477,73.4225811811071,73.59739685058594,17240800
2017-01-03,73.68482208251953,73.68482208251953,73.1603749502596,73.1603749502596,12211200
2017-01-04,73.59739685058594,73.94702818954359,73.59739685058594,73.68480468532535,18880800
2017-01-05,73.42259216308594,73.85963140215193,73.24777646745954,73.77222355433874,20177600
2017-01-06,73.24777221679688,73.85962711598252,73.24777221679688,73.85962711598252,17562400
2017-01-09,72.98554992675781,73.68481268054711,72.98554992675781,73.50999699209979,12941600
2017-01-10,73.42259216308594,73.51000001089913,73.07296077183315,73.33518431527274,12666400
2017-01-11,73.59739685058594,73.77221252006477,72.89813417267064,73.77221252006477,21523200
2017-01-12,73.68482208251953,73.77222993789618,73.07296709488294,73.59741422714288,22327200
2017-01-13,73.59739685058594,73.77221252006477,73.3351733463677,73.68480468532535,18072800
2017-01-16,72.98554992675781,73.42258914787612,72.98554992675781,73.42258914787612,12912000
2017-01-17,73.42259216308594,73.42259216308594,72.98555292401996,73.24777646745954,11548800
2017-01-18,72.81072998046875,73.50999269336641,72.81072998046875,73.4225848542542,15167200
2017-01-19,72.98554992675781,73.2477734594288,72.5485107056395,72.81073423831049,16925600
2017-01-20,72.89814758300781,73.42259468792153,72.89814758300781,73.42259468792153,13575200
2017-01-23,73.42259216308594,73.42259216308594,72.89814507620676,72.98555292401996,22187200
2017-01-24,73.16036224365234,73.42258576423892,73.07295440345682,73.07295440345682,20211200
2017-02-02,73.51000213623047,74.908527741676,72.72333148316736,74.908527741676,57068800
2017-02-03,73.16036224365234,73.50999360443444,72.9855465632613,73.24777008384787,27493600
2017-02-06,74.29666137695312,74.29666137695312,73.42258300781249,73.59739868164063,35532800
2017-02-07,74.99593353271484,74.99593353271484,73.94703935743212,74.73370998889416,45394400
2017-02-08,76.48185729980469,76.48185729980469,74.99592407226562,75.17073974609374,77283200
2017-02-09,77.70557403564453,77.70557403564453,76.65667989793054,76.91890343235904,75760800
2017-02-10,77.8803939819336,78.49224892904195,77.35594688441216,77.7929861323467,64649600
2017-02-13,78.57964324951172,78.57964324951172,77.61815706959555,78.14260407682255,42320000
2017-02-14,78.66705322265625,79.27890808105468,78.317421875,79.19150024414063,59132000
2017-02-15,79.4537353515625,79.54114320123419,78.75447255418902,79.10410395287576,59834400
2017-02-16,79.54113006591797,80.24039274781614,78.66705171354525,79.97816924210433,38084800
2017-02-17,78.66705322265625,79.4537237548828,78.66705322265625,79.01668457031249,23855200
2017-02-20,78.75447082519531,78.84187867294803,78.49224728193717,78.6670629774426,21981600
2017-02-21,79.10409545898438,79.54113466041522,78.49224057698117,79.54113466041522,27548000
2017-02-22,79.10409545898438,79.45372682012905,78.66705625755351,79.27891113955671,22290400
2017-02-23,78.92928314208984,79.27891451813453,78.49224392203396,78.49224392203396,25191200
2017-02-24,78.23001861572266,78.92928135195258,78.23001861572266,78.49224214180887,25395200
2017-03-01,77.79297637939453,79.016686120194,77.79297637939453,79.016686120194,24343200
2017-03-02,78.31742095947266,78.92927581071854,77.61815827233451,78.75446013893401,27184800
2017-03-03,77.6181640625,78.40483464421453,77.44334837767455,78.40483464421453,23934400
2017-03-06,78.57964324951172,78.57964324951172,77.35593356598206,77.61815706959555,14743200
2017-03-07,79.10409545898438,79.27891113955671,78.31742489640884,78.57964841726735,24118400
2017-03-08,79.27891540527344,79.54113894024127,78.75446833533778,79.36632325026271,26876800
2017-03-09,78.0551986694336,78.92927704199164,78.0551986694336,78.84186920473584,27268800
2017-03-10,78.57964324951172,78.66705108404955,76.9188943932929,77.7055649041334,30039200
2017-03-13,78.66705322265625,78.84186889648437,78.23001403808593,78.84186889648437,12253600
2017-03-14,78.66705322265625,79.10409240722656,78.57964538574218,78.66705322265625,16468000
2017-03-15,78.75447082519531,79.01669436845346,78.40483943418445,78.57965512968988,14074400
2017-03-16,79.4537353515625,79.89077459992093,79.01669610320408,79.10410395287576,31026400
2017-03-17,79.89076232910156,79.89076232910156,79.54113098411644,79.80335449285529,37206400
2017-03-20,79.8033676147461,79.89077546536465,79.45373621227185,79.8033676147461,13362400
2017-03-21,79.97816467285156,80.24038816358221,79.80334901236445,79.80334901236445,23687200
2017-03-22,79.97816467285156,79.97816467285156,79.10408637041603,79.36630986114668,19390400
2017-03-23,79.8033676147461,80.15299901722034,79.36632836165329,80.15299901722034,13385600
2017-03-24,79.1915054321289,79.54113680269018,79.10409758948859,79.10409758948859,15688800
2017-03-27,79.10409545898438,79.54113466041522,78.49224057698117,78.66705625755351,18606400
2017-03-28,79.71595001220703,79.80335785213269,79.19150297265304,79.45372649243004,21665600
2017-03-29,79.97816467285156,80.24038816358221,79.54112552163379,80.15298033333866,18705600
2017-03-30,79.89076232910156,80.06557800159413,79.715946656609,79.97817016534785,14864800
2017-03-31,79.54113006591797,80.0655770773416,79.54113006591797,79.89076140686706,21751200
2017-04-05,85.65968322753906,86.00931458765146,83.56189506686464,83.91152642697703,136405600
2017-04-06,85.04783630371094,86.18413833037921,84.52338921447941,85.8345069375582,51088000
2017-04-07,83.99893188476562,85.39745728555258,83.21226134682297,84.78560242270828,50523200
2017-04-10,84.34857940673828,84.34857940673828,83.56190871797078,83.91154013520078,29796000
2017-04-11,84.69820404052734,85.31005897167667,84.34857265129916,84.69820404052734,36963200
2017-04-12,85.04783630371094,85.13524415191618,84.43598136627416,85.13524415191618,32064800
2017-04-13,86.09671020507812,86.79597282603308,85.22263192888444,85.39744758412319,49123200
2017-04-14,84.52338409423828,85.48487036625133,84.52338409423828,85.39746252334106,28532000
2017-04-17,85.04783630371094,85.04783630371094,83.56190288422164,84.52338921447941,22817600
2017-04-18,84.78560638427734,85.6596848006101,84.6107907010108,85.57227695897683,12048800
2017-04-19,83.7367172241211,84.34857215164598,83.7367172241211,84.34857215164598,24576000
2017-04-20,83.9115219116211,84.0863375822703,83.47448273499806,83.9115219116211,20187200
2017-04-21,84.34857940673828,84.61080296966078,84.08635584381578,84.08635584381578,11651200
2017-04-24,84.78560638427734,85.39746127571027,84.34856717611096,85.39746127571027,12256000
2017-04-25,85.57228088378906,85.57228088378906,84.87301811865085,85.39746519250451,27880800
2017-04-26,85.83450317382812,86.2715423956908,85.65968748508307,86.2715423956908,31615200
2017-04-27,85.9218978881836,86.09671355021449,85.5722665641218,85.9218978881836,21342400
2017-04-28,86.35895538330078,86.97081033034846,85.65969258667486,86.09673183456607,37555200
2017-05-02,87.40784454345703,87.84488376617432,87.23302885437012,87.23302885437012,47229600
2017-05-03,87.84487915039062,88.718957549897,87.40783995063742,87.40783995063742,34082400
2017-05-04,87.84487915039062,88.28191835014381,87.40783995063742,87.84487915039062,21939200
2017-05-05,87.40784454345703,88.2819229888916,87.40784454345703,87.40784454345703,17613600
2017-05-08,88.28192138671875,88.71896060150449,87.40784295714728,88.28192138671875,16781600
2017-05-09,90.9041519165039,92.2152694922227,88.71895595697256,89.15599514887883,84645600
2017-05-10,90.9041519165039,92.2152694922227,90.03007353269136,92.2152694922227,35706400
2017-05-11,90.9041519165039,90.9041519165039,90.03007353269136,90.9041519165039,31622400
2017-05-12,89.5930404663086,91.77823657524296,89.15600124452172,90.9041581316692,47000000
2017-05-15,90.9041519165039,91.34119110841017,89.5930343407851,90.03007353269136,26138400
2017-05-16,90.46710968017578,90.90414885737471,89.59303132577794,90.90414885737471,27899200
2017-05-17,90.03006744384766,90.46710660619642,89.1559891191501,90.03006744384766,22278400
2017-05-18,89.15599822998047,89.15599822998047,87.84488060895134,88.28191981596105,38740000
2017-05-19,88.71895599365234,89.59303437782626,88.71895599365234,89.1559951857393,14604000
2017-05-22,89.5930404663086,89.5930404663086,89.15600124452172,89.5930404663086,15540800
2017-05-23,90.9041519165039,91.34119110841017,89.5930343407851,90.03007353269136,38082400
2017-05-24,90.9041519165039,91.34119110841017,90.46711272459764,90.46711272459764,16996000
2017-05-25,91.77824401855469,91.77824401855469,90.90416550409226,91.34120476132348,23301600
2017-05-26,91.34119415283203,91.34119415283202,90.90415494635914,90.90415494635914,25361600
2017-05-31,90.03006744384766,90.9041457685452,90.03006744384766,90.46710660619642,31111200
2017-06-01,91.34119415283203,91.34119415283202,90.03007653341338,90.46711573988627,21784000
2017-06-02,92.21526336669922,92.21526336669922,91.3411850409485,91.77822420382385,25496000
2017-06-05,92.21526336669922,92.65230252957457,91.77822420382385,91.77822420382385,23156000
2017-06-06,91.77824401855469,92.21528327578591,91.77824401855469,92.21528327578591,16924800
2017-06-07,91.77824401855469,92.21528327578591,91.34120476132348,91.77824401855469,18737600
2017-06-08,91.77824401855469,92.21528327578591,91.34120476132348,91.77824401855469,12027200
2017-06-09,91.77824401855469,92.65232253301711,91.77824401855469,91.77824401855469,27054400
2017-06-12,89.15599822998047,90.4671158510096,89.15599822998047,90.03007664399988,39863200
2017-06-13,89.15599822998047,89.59303743699017,88.28191981596105,88.28191981596105,33906400
2017-06-14,89.15599822998047,90.03007664399988,88.28191981596105,89.59303743699017,31945600
2017-06-15,89.5930404663086,90.03007968809547,89.15600124452172,89.5930404663086,17867200
2017-06-16,91.77824401855469,91.77824401855469,89.59304773239863,89.59304773239863,44288000
2017-06-19,95.71157836914062,96.14861753977597,92.65230417469321,92.65230417469321,73120800
2017-06-20,100.08197784423828,100.51901704879828,97.45974261687833,97.45974261687833,72144800
2017-06-21,98.7708740234375,99.64495255461837,97.89679549225664,99.20791328902793,55670400
2017-06-22,98.33382415771484,100.08198103162978,97.89678493923611,98.77086337619357,46712000
2017-06-23,98.33382415771484,99.64494181315105,98.33382415771484,98.77086337619357,30157600
2017-06-26,104.88941192626953,105.76349035898843,98.77086289723714,99.20790211359659,110709600
2017-06-27,106.20052337646484,107.07460175816415,104.0153274222166,104.0153274222166,66268000
2017-06-28,103.14125061035156,105.7634857953605,103.14125061035156,104.88940740035751,74916800
2017-06-29,104.01533508300781,104.88941352908351,103.57829585996997,104.45237430604566,38654400
2017-06-30,102.2671890258789,103.14126756456163,101.39311048719618,102.70422829522028,54297600
2017-07-03,101.83013153076172,103.14124910411917,101.39309233964258,101.39309233964258,38040800
2017-07-04,98.7708740234375,102.26718814816095,98.7708740234375,101.83014888257053,52203200
2017-07-05,101.3930892944336,101.3930892944336,98.7708542264741,99.20789340446736,46241600
2017-07-06,100.95606231689453,100.95606231689453,99.64494462446733,100.95606231689453,24748800
2017-07-07,100.08197784423828,100.51901704879828,99.6449386396783,100.08197784423828,26055200
2017-07-10,100.95606231689453,101.3931015477036,100.0819838552764,100.51902308608547,35942400
2017-07-11,103.57827758789062,103.57827758789062,101.83012100412876,102.26716015006922,57205600
2017-07-12,103.57827758789062,104.45235587977156,103.14123844195015,103.57827758789062,71653600
2017-07-13,104.94116973876953,105.39546051685943,104.48687896067962,104.94116973876953,66203200
2017-07-14,104.94116973876953,105.39546051685943,104.48687896067962,105.39546051685943,28316800
2017-07-17,104.94116973876953,105.39546051685943,104.48687896067962,105.39546051685943,28311200
2017-07-18,106.30404663085938,106.30404663085938,104.48688344058829,104.94117423815605,27570400
2017-07-19,106.30404663085938,107.21262822599493,106.30404663085938,106.75833742842715,23513600
2017-07-20,105.8497314453125,107.66689421690586,105.84973144531251,107.21260352400752,27615200
2017-07-21,104.48688507080078,105.84975748476775,104.03259426614513,105.84975748476775,26162400
2017-07-24,105.39544677734375,105.39544677734375,103.5782839018723,104.03257462074016,22971200
2017-07-25,106.30404663085938,106.75833742842715,105.39546503572383,105.84975583329161,31085600
2017-07-26,104.94116973876953,106.75833285112917,104.94116973876953,106.75833285112917,22193600
2017-07-27,106.7583236694336,107.66690514747133,106.30403293041472,106.30403293041472,38150400
2017-07-28,106.7583236694336,107.21261440845245,105.84974219139586,106.7583236694336,22028000
2017-07-31,106.7583236694336,106.7583236694336,105.84974219139586,105.84974219139586,20868800
2017-08-01,105.8497314453125,106.75831283110918,105.84973144531251,105.84973144531251,19419200
2017-08-02,107.66690063476562,108.57548207472145,106.75831919480979,107.66690063476561,32477600
2017-08-03,108.1211929321289,108.1211929321289,106.75832075231216,106.75832075231216,26162400
2017-08-04,108.57548522949219,108.57548522949219,107.6669037631366,108.12119449631439,17000800
2017-08-07,110.39264678955078,110.8469375170798,108.57548387943471,108.57548387943471,44245600
2017-08-08,109.9383544921875,111.3012266553138,108.57548232906122,110.8469359342717,28544000
2017-08-09,107.21261596679688,109.48406969490696,106.75832522117484,108.57548820366293,37831200
2017-08-10,105.39544677734375,107.21260965281519,104.48686533960803,107.21260965281519,38383200
2017-08-11,105.8497314453125,106.30402213821084,104.03256867371915,104.03256867371915,32952800
2017-08-14,103.57828521728516,105.84973884047123,103.57828521728516,105.84973884047123,36312000
2017-08-15,104.94116973876953,105.39546051685943,104.0325881825897,104.94116973876953,18913600
2017-08-16,104.48688507080078,105.3954666801121,104.03259426614513,104.48688507080078,23023200
2017-08-17,105.39544677734375,105.39544677734375,104.48686533960803,104.48686533960803,14277600
2017-08-18,104.94116973876953,105.39546051685943,103.57829740449979,104.0325881825897,19631200
2017-08-21,104.48688507080078,104.48688507080078,103.57830346148947,104.03259426614513,15009457
2017-08-22,104.48688507080078,105.3954666801121,104.48688507080078,104.94117587545644,15093292
2017-08-23,104.48688507080078,105.84975748476775,104.48688507080078,104.94117587545644,23156169
2017-08-24,105.39544677734375,105.39544677734375,104.48686533960803,104.48686533960803,22284870
2017-08-25,105.39544677734375,105.8497374962116,104.94115605847588,105.39544677734375,16153437
2017-08-28,104.94116973876953,105.84975129494934,104.48687896067962,105.84975129494934,15911328
2017-08-29,104.94116973876953,104.94116973876953,104.48687896067962,104.48687896067962,13677401
2017-08-30,106.7583236694336,106.7583236694336,105.39545145237699,105.39545145237699,27287525
2017-08-31,106.7583236694336,108.1211958864902,106.30403293041472,107.66690514747133,26086370
2017-09-01,106.7583236694336,107.21261440845245,106.30403293041472,106.30403293041472,13946593
2017-09-04,105.8497314453125,106.75831283110918,105.39544075241417,105.84973144531251,15301080
2017-09-05,105.8497314453125,106.30402213821084,104.94115005951583,105.84973144531251,16834324
2017-09-06,104.94116973876953,105.84975129494934,104.48687896067962,105.39546051685943,18233355
2017-09-07,104.94116973876953,105.84975129494934,104.48687896067962,104.94116973876953,20293124
2017-09-08,106.30404663085938,106.75833742842715,104.94117423815605,105.39546503572383,31735848
2017-09-11,105.39544677734375,107.21260965281519,104.94115605847588,106.75831893394732,16836020
2017-09-12,106.30404663085938,106.75833742842715,105.39546503572383,106.30404663085938,15294554
2017-09-13,104.94116973876953,106.75833285112917,104.94116973876953,105.84975129494934,19660940
2017-09-14,104.03257751464844,104.94115897765846,103.57828678314343,104.94115897765846,24419361
2017-09-15,104.48688507080078,104.48688507080078,103.57830346148947,103.57830346148947,38257807
2017-09-18,103.57828521728516,104.48686666655959,102.66970376801073,103.57828521728516,37218988
2017-09-19,99.94396209716797,103.57828799161044,99.94396209716797,103.12399725480513,78688935
2017-09-20,96.76393127441406,99.94396657451219,96.76393127441406,99.03538506019844,76690285
2017-09-21,100.85254669189453,101.76112819362332,95.40105768152186,95.85534843238625,81538097
2017-09-22,98.12680053710938,99.94396351001882,98.12680053710938,99.0353820235641,46907149
2017-09-25,95.40106201171875,97.21822509765624,95.40106201171875,97.21822509765624,55251560
2017-09-26,94.0381851196289,96.30963886647984,93.58389437025872,94.4924758689991,57276045
2017-09-27,95.40106201171875,95.85535278320312,94.94677124023437,95.40106201171875,29824445
2017-09-28,94.94676208496094,96.30963426799865,94.4924713572817,96.30963426799865,27778607
2017-09-29,95.40106201171875,95.85535278320312,94.03818969726562,94.94677124023437,26809956
2017-10-02,97.21820831298828,98.12678969909098,97.21820831298828,98.12678969909098,19701888
2017-10-03,96.30963897705078,98.12680197661777,96.30963897705078,97.67251122672603,20696517
2017-10-05,96.30963897705078,97.21822047683428,95.40105747726727,96.76392972694252,17618489
2017-10-06,96.76393127441406,97.21822203157095,96.3096405172572,96.76393127441406,16187235
2017-10-11,97.21820831298828,99.03537108519367,97.21820831298828,97.67249900603963,34528264
2017-10-12,98.12680053710938,99.0353820235641,97.67250979388203,98.58109128033674,33491009
2017-10-13,98.12680053710938,98.12680053710938,97.21821905065467,98.12680053710938,20761135
2017-10-16,99.48966979980469,99.94396052948417,98.12679761076627,99.03537907012522,27626600
2017-10-17,100.39825439453125,100.85254513839791,99.48967290679795,100.85254513839791,30423870
2017-10-18,101.30683898925781,101.76112974705718,99.94396671585973,101.30683898925781,28483260
2017-10-19,102.66971588134766,103.1240066595837,101.3068435466395,101.76113432487554,35477216
2017-10-20,101.76113891601562,102.66972051348006,100.8525573185512,101.76113891601562,22824491
2017-10-23,99.48966979980469,102.66970490756101,99.03537907012522,102.21541417788153,24910742
2017-10-24,99.48966979980469,101.30683271852259,99.03537907012522,99.94396052948417,22281280
2017-10-25,100.85254669189453,101.30683744275892,99.94396519016576,100.85254669189453,23759273
2017-10-26,100.39825439453125,101.30683588226456,99.9439636506646,99.9439636506646,15306231
2017-10-27,99.94396209716797,101.7611250443892,99.94396209716797,101.3068343075839,17042426
2017-10-30,101.30683898925781,103.57829277825462,101.30683898925781,102.66971126265591,31308972
2017-10-31,101.76113891601562,102.66972051348006,101.30684811728342,102.21542971474784,26279280
2017-11-01,101.76113891601562,102.66972051348006,101.30684811728342,102.21542971474784,14769348
2017-11-02,102.21542358398438,102.66971435546874,101.30684204101561,101.30684204101561,18983760
2017-11-03,102.66971588134766,104.0325882160558,102.2154251031116,102.66971588134766,27078292
2017-11-06,102.66971588134766,104.0325882160558,102.66971588134766,104.0325882160558,18333577
2017-11-07,101.76113891601562,103.57830211094448,101.76113891601562,103.57830211094448,23281745
2017-11-08,100.85254669189453,102.6697096953521,100.85254669189453,102.21541894448771,19755462
2017-11-09,98.5810775756836,101.30682165611725,98.5810775756836,100.85253097604497,32817122
2017-11-10,97.67251586914062,98.12680664062499,96.3096435546875,96.76393432617186,41587261
2017-11-13,97.21820831298828,98.12678969909098,96.76391761993693,97.67249900603963,18165258
2017-11-14,96.30963897705078,98.12680197661777,96.30963897705078,98.12680197661777,21459256
2017-11-15,93.5838851928711,94.94675730733039,93.5838851928711,93.5838851928711,101843079
2017-11-16,94.49246978759766,94.94676050773033,93.12959762719962,93.12959762719962,38108822
2017-11-17,95.85533905029297,96.76392046309196,95.85533905029297,95.85533905029297,41734323
2017-11-20,94.49246978759766,95.8553419479957,94.49246978759766,95.8553419479957,28008576
2017-11-21,94.49246978759766,95.40105122786302,94.49246978759766,94.94676050773033,27096074
2017-11-22,94.49246978759766,95.40105122786302,94.49246978759766,94.49246978759766,38166224
2017-11-23,96.30963897705078,96.30963897705078,94.49247597748378,94.49247597748378,23787433
2017-11-24,94.94676208496094,96.30963426799865,94.94676208496094,95.40105281264017,18577474
2017-11-27,93.5838851928711,95.40104801215014,93.5838851928711,94.94675730733039,28941272
2017-11-28,93.12960052490234,94.03818199343797,92.67530979063453,93.58389125917016,30452490
2017-11-29,93.5838851928711,94.03817589769086,93.12959448805134,93.5838851928711,22903472
2017-11-30,90.85814666748047,93.12960033416749,90.85814666748047,92.67530960083009,62907407
2017-12-01,90.0404281616211,91.31244228297598,89.04098849484225,90.85815152534923,64978731
2017-12-04,89.94956970214844,90.22214415579131,89.04098819000552,89.49527894607698,34610309
2017-12-05,86.86038970947266,88.95012711880098,86.769531561241,88.85926897056932,72680292
2017-12-06,84.49807739257812,85.86094960858745,84.49807739257812,84.9523681312479,79105411
2017-12-07,85.04322814941406,85.67923519754002,84.49807925102039,85.04322814941406,32224522
2017-12-08,85.04322814941406,85.67923519754002,84.04378850235899,84.67979555048494,35866224
2017-12-11,87.22381591796875,88.40497175852458,86.86038335164389,86.9512414932251,58107936
2017-12-12,85.49752044677734,87.22382532296093,85.40666229539926,87.22382532296093,40238058
2017-12-13,85.13407897949219,85.49751154717413,84.77064641181026,84.95236269565123,28883102
2017-12-14,86.22438049316406,86.76952936877943,85.49751532567691,85.49751532567691,24604468
2017-12-15,84.9523696899414,85.95180933335249,84.9523696899414,85.86095118395147,39601120
2017-12-18,85.04322814941406,85.86095149700459,85.04322814941406,85.86095149700459,14639564
2017-12-19,82.86262512207031,84.95236237843832,82.86262512207031,84.58892981211345,54779119
2017-12-20,84.22550201416016,84.22550201416016,82.22662278620814,82.22662278620814,31603269
2017-12-21,83.86206817626953,84.58893333922745,83.86206817626953,84.49807519385772,16644092
2017-12-22,84.40721893310547,84.40721893310547,83.95292819611352,84.40721893310547,13790736
2017-12-25,83.68035125732422,84.67979084888835,83.68035125732422,84.49807455951304,10057026
2017-12-26,82.86262512207031,83.68034839630127,82.2266181310018,83.58949025472006,21318608
2017-12-27,83.77120971679688,83.77120971679688,83.13520270159343,83.31691899165155,16988185
2017-12-28,85.67922973632812,86.04266231209198,84.40721572115464,84.67979015297753,32023332
2017-12-29,86.49696350097656,86.58782165591457,85.95181457134856,86.04267272628655,30136152
2018-01-02,86.31524658203125,86.95125366210937,85.67923950195312,86.67867919921875,22881852
2018-01-03,85.40665435791016,86.58781021605147,85.40665435791016,86.31523578724963,45193668
2018-01-04,84.1346435546875,85.31579945772307,84.04378540830015,85.04322501856102,43005120
2018-01-05,84.49807739257812,84.49807739257812,83.22606332430274,83.86207035844043,46881719
2018-01-08,83.40777587890625,84.13464102817777,83.3169177352473,83.86206659720094,37241359
2018-01-09,83.40777587890625,84.13464102817777,83.40777587890625,84.04378288451882,28794744
2018-01-10,82.49920654296875,83.13521364186829,82.31749022899746,82.86263917091135,44799220
2018-01-11,83.04434204101562,84.04378160606068,82.5900513296315,82.86262575646198,53367584
2018-01-12,83.40777587890625,83.95292474085988,83.13520144792943,83.22605959158837,39188554
2018-01-15,84.77066802978516,84.77066802978516,83.95294454396729,84.22551903923991,33625388
2018-01-16,84.86150360107422,85.13407802377574,84.49807103747219,85.04321988287523,30658992
2018-01-17,84.86150360107422,84.95236174197473,84.13463847387015,84.31635475567117,29810764
2018-01-18,85.22494506835938,86.13352657228646,85.22494506835938,85.4975195195375,45076660
2018-01-19,88.04155731201172,88.04155731201172,85.40667066387101,85.40667066387101,81146340
2018-01-22,87.76897430419922,88.4958395158282,87.31468354693111,88.31412321292095,48936155
2018-01-23,88.04155731201172,88.04155731201172,86.76954306808173,87.22383386948529,40183920
2018-01-24,87.13296508789062,87.95068843073841,87.04210693868532,87.95068843073841,33666931
2018-01-25,86.67867279052734,87.6781124138982,86.496956495369,86.496956495369,45482758
2018-01-26,86.67867279052734,87.31467982358153,86.31524020021067,86.496956495369,36345607
2018-01-29,86.04267120361328,86.95125273691437,85.86095489695306,86.67867827692405,36652064
2018-01-30,85.04322814941406,86.2243840959337,85.04322814941406,85.58837704780775,30687018
2018-01-31,83.77120971679688,84.49807487702938,83.6803515717678,83.6803515717678,45494523
2018-02-01,84.9523696899414,86.1335256321545,84.13464634533234,84.13464634533234,32636135
2018-02-02,86.49696350097656,86.67867981085256,85.13409117690655,85.22494933184456,38378352
2018-02-05,84.31636047363281,84.95236750306753,84.04378603244649,84.04378603244649,41691148
2018-02-06,81.04547119140625,82.8626342226037,80.04603152424765,82.31748531324446,115028511
2018-02-07,81.77233123779297,82.95348713344997,81.77233123779297,82.95348713344997,57614000
2018-02-08,80.8637466430664,82.13576063520453,80.8637466430664,81.77232806602221,32129717
2018-02-09,79.5008773803711,79.95516810825893,78.22886334228517,78.22886334228517,52131912
2018-02-12,79.59174346923828,80.50032501569078,79.59174346923828,79.68260162388353,50114208
2018-02-21,80.13687133789062,80.86373638403929,80.13687133789062,80.13687133789062,48363564
2018-02-22,79.86431121826172,80.31860195329165,79.59173677724377,79.77345307125573,36470657
2018-02-23,80.77289581298828,81.49976101715465,80.04603060882191,80.04603060882191,28335270
2018-02-26,80.68203735351562,81.59061885524441,80.68203735351562,80.86375365386138,29605201
2018-02-27,80.04603576660156,81.49976626860568,80.04603576660156,81.31804995585516,33272484
2018-03-01,79.86431121826172,80.22774380628566,79.50087863023778,79.77345307125573,33659192
2018-03-02,79.7734603881836,79.7734603881836,79.04659514546665,79.22831145614589,22400442
2018-03-05,79.04658508300781,80.0460246645171,79.04658508300781,79.68259208942281,24459339
2018-03-06,80.13687133789062,80.68202012250212,79.77343881481629,80.2277294686592,26357216
2018-03-07,80.40945434570312,81.86318459376103,80.22773806469588,80.50031248620674,35345312
2018-03-08,81.22718811035156,81.68147887159513,80.50032289236184,81.22718811035156,26757752
2018-03-09,83.4986343383789,83.86206691438926,82.04490403433749,82.68091104235562,69289441
2018-03-12,85.67922973632812,85.86094602421005,84.67979015297753,85.31579716056427,70991384
2018-03-13,86.49696350097656,87.67811951517056,86.13353088122456,86.31524719110057,67622579
2018-03-14,84.77066802978516,85.77010784578476,84.77066802978516,85.49753335051214,39863255
2018-03-15,84.86150360107422,86.04265943278082,83.86206405116863,84.31635475567117,33302965
2018-03-16,84.31636047363281,85.49751638544016,84.31636047363281,85.49751638544016,56741066
2018-03-19,84.40721893310547,84.95236781749583,83.95292819611352,84.1346444909103,23801912
2018-03-20,84.1346435546875,84.40721799384956,83.95292726191279,84.22550170107485,22325342
2018-03-21,83.95292663574219,84.40721736429057,83.77121034432284,83.77121034432284,22562171
2018-03-22,84.31636047363281,84.86150935600544,83.9529278853844,84.49807676775701,20038540
2018-03-23,82.1357650756836,83.22606284217497,82.1357650756836,82.68091395892928,46356075
2018-03-26,81.95404815673828,82.04490630325351,81.49975742416213,81.49975742416213,25844068
2018-03-27,82.86262512207031,83.13519954681396,82.40833441416423,82.68090883890788,24066772
2018-03-28,81.86319732666016,82.59006256374482,81.86319732666016,82.59006256374482,18466060
2018-03-29,81.77233123779297,82.31748011271158,81.49975680033366,81.77233123779297,24322749
2018-03-30,83.04434204101562,83.86206532150703,82.5900513296315,82.5900513296315,27591300
2018-04-02,80.04603576660156,81.22719179947991,79.50088682835002,80.4094683921026,43630381
2018-04-03,79.22830200195312,79.50087643544609,78.95572756846018,79.13744385745548,47449579
2018-04-09,79.41001892089844,79.95516779220895,78.59229561393266,78.68315375915108,45704560
2018-04-10,79.04658508300781,79.50087580187567,78.86486879546067,78.86486879546067,28664449
2018-04-11,79.31916809082031,80.77289854838403,79.31916809082031,79.68260070521124,32021274
2018-04-12,78.86487579345703,79.50088285630748,78.86487579345703,79.13745024896437,31028807
2018-04-13,79.04658508300781,79.31915951432853,78.95572693923424,79.04658508300781,20973101
2018-04-16,79.59174346923828,79.95517608781928,78.8648782320763,79.13745269601203,20499824
2018-04-17,78.59229278564453,79.31915792123431,78.59229278564453,79.22829977928559,32989891
2018-04-18,77.04771423339844,79.0465936120951,77.04771423339844,78.6831609977866,59271556
2018-04-19,77.22942352294922,77.77457239487592,75.32140247120577,76.32084206973805,55835633
2018-04-20,76.32085418701172,76.68428682599749,75.86656338827952,76.13913786751884,25127452
2018-04-23,75.41226959228516,76.2299929975027,75.41226959228516,75.95741852909686,36170394
2018-04-24,73.2316665649414,74.8671132127937,73.04995027073561,74.77625506569079,57563292
2018-04-25,73.0499496459961,73.23166593864784,72.23222632906331,72.59565891436677,40303204
2018-04-26,73.2316665649414,74.50368062438208,73.1408084178385,74.04938988886755,30636437
2018-04-27,74.04940032958984,74.04940032958984,73.4133932101946,73.95854216967624,22250115
2018-04-30,75.32140350341797,75.41226164998422,74.04938945149053,74.68539647745425,23957750
2018-05-02,74.32196807861328,75.95741480894951,74.23110992692793,75.68484035389348,29409952
2018-05-03,72.7773666381836,73.41337358758096,72.7773666381836,72.95908290943999,39636875
2018-05-04,73.0499496459961,73.50424037762542,72.7773752070185,72.7773752070185,20085507
2018-05-07,74.14025115966797,74.50368376339183,73.23166965035831,74.049393008737,20344311
2018-05-08,75.04883575439453,75.04883575439453,73.86767974373215,73.86767974373215,22615792
2018-05-09,74.32196807861328,75.50312405052279,74.32196807861328,74.32196807861328,24552268
2018-05-10,75.32140350341797,75.41226164998422,74.594538330888,74.77625462402048,20409381
2018-05-11,77.22942352294922,77.22942352294922,75.95740948845359,76.41170021505917,37859652
2018-05-14,80.8637466430664,82.13576063520453,79.68259079322387,82.13576063520453,102619870
2018-05-15,78.13800048828125,80.86374469136082,78.13800048828125,80.86374469136082,58190856
2018-05-16,76.86599731445312,78.04715330155466,76.41170655018331,77.77457884299277,44038651
2018-05-17,76.50255584716797,77.77456983987622,76.50255584716797,77.0477047011858,22673220
2018-05-18,76.22998809814453,77.22942775139792,76.22998809814453,76.68427884962335,19150012
2018-05-21,77.22942352294922,77.68371424955481,76.68427465102252,76.68427465102252,19199119
2018-05-22,76.32085418701172,77.59286842346192,76.32085418701172,77.32029394422258,19324308
2018-05-23,75.95741271972656,76.95685236077558,75.95741271972656,76.77513606240304,16045619
2018-05-24,76.41170501708984,76.68427947018291,75.8665561109037,75.8665561109037,18350489
2018-05-25,78.59229278564453,79.04658349538815,76.59341366277265,76.77512994667009,40522437
2018-05-28,80.68203735351562,80.7728955036885,79.77345585178685,80.13688845247836,51987603
2018-05-29,79.59174346923828,80.86375763427178,79.50088531459303,80.77289947962653,29795651
2018-05-30,79.41001892089844,80.04602593742737,78.59229561393266,78.59229561393266,31206329
2018-05-31,77.86543273925781,79.95517014066147,77.86543273925781,79.41002125333877,66653723
2018-06-01,78.68315887451172,79.04659147901292,78.2288681188852,78.3197262700105,16267238
2018-06-04,79.7734603881836,79.95517669886283,79.41002776682512,79.50088592216474,26681376
2018-06-05,80.04603576660156,80.4094683921026,79.50088682835002,79.95517761022631,25309133
2018-06-06,80.9546127319336,81.04547088314789,79.95517306857639,79.95517306857639,35721686
2018-06-07,82.86262512207031,82.86262512207031,81.13632043202719,81.6814692815145,68589467
2018-06-08,80.22775268554688,83.49864633977076,79.95517821436155,82.95349739740011,79786823
2018-06-11,79.41001892089844,80.31860037308263,79.13744448524318,80.04602593742737,32047612
2018-06-12,79.68260192871094,80.13689270367507,79.13745299875396,79.31916930873962,32705860
2018-06-13,79.7734603881836,80.31860932022128,79.3191696114855,79.95517669886283,19736389
2018-06-14,77.6837158203125,79.31916246916118,77.6837158203125,78.86487173336988,50041681
2018-06-15,77.22942352294922,77.41113981359146,76.77513279634364,77.04770723230699,44029548
2018-06-19,75.41226959228516,76.50256746590856,75.41226959228516,75.95741852909686,52722952
2018-06-20,75.41226959228516,75.77570221682629,74.32197171866176,74.77626249933817,37314816
2018-06-21,75.13967895507812,75.86654404775119,75.13967895507812,75.41225336483053,23720154
2018-06-22,74.77626037597656,74.86711852953182,74.32196960820028,74.50368591531078,26679439
2018-06-25,74.04940032958984,74.68540744898509,74.04940032958984,74.59454928907148,28695423
2018-06-26,73.59510040283203,74.14024929470486,72.95909336231374,73.50424225418656,33393759
2018-06-27,73.50424194335938,74.04939083292693,73.50424194335938,73.6859582398819,26338176
2018-06-28,73.14080810546875,73.68595698575795,72.95909181203902,73.50424069232822,22453360
2018-06-29,75.59398651123047,75.59398651123047,73.59510706021236,73.68596521707681,31787527
2018-07-02,73.59510040283203,75.68483782167789,73.59510040283203,75.68483782167789,27297955
2018-07-03,73.32252502441406,74.23110649931387,73.1408087294341,73.68595761437399,19194058
2018-07-04,74.14025115966797,74.14025115966797,73.41338595222024,73.41338595222024,13962236
2018-07-05,73.77681732177734,74.32196621824367,73.59510102295523,74.23110806883263,13979266
2018-07-06,73.14080810546875,73.77681513247282,72.86823366532414,73.50424069232822,31423124
2018-07-09,73.41337585449219,74.1402409619624,73.32251771605841,73.95852468509486,15299233
2018-07-10,73.14080810546875,73.8676732791877,72.95909181203902,73.77681513247282,25041964
2018-07-11,74.14025115966797,74.50368376339183,73.23166965035831,73.23166965035831,29404060
2018-07-12,73.77681732177734,74.32196621824367,73.41338472413312,73.41338472413312,20967731
2018-07-13,75.32140350341797,75.32140350341797,74.23110574462301,74.23110574462301,28979532
2018-07-16,75.23055267333984,75.77570160575534,75.23055267333984,75.41226898414502,19780872
2018-07-17,75.32140350341797,75.86655238281544,74.95797091715298,75.32140350341797,18204702
2018-07-18,76.41170501708984,76.68427947018291,75.77569795987269,76.13913056399677,37352167
2018-07-19,77.4111328125,77.4111328125,76.59340957856514,76.77512585277289,31130595
2018-07-20,77.50199890136719,77.95628963349714,76.50255929068133,77.68371519421916,31184604
2018-07-23,77.6837158203125,77.86543211462903,77.13856693736294,77.77457396747076,28538121
2018-07-24,77.4111328125,78.13799790933098,77.22941653829226,77.32027467539612,51556430
2018-07-25,76.9459228515625,77.41113399334947,76.66679616649033,77.03896507991989,30354254
2018-07-26,77.69027709960938,77.69027709960938,76.48072787530408,76.75985461937454,21443237
2018-07-27,77.4111328125,77.8763439471905,77.2250483586238,77.50417503943811,19002229
2018-07-30,78.341552734375,78.43459495852508,77.31808826872403,77.59721494117429,29675366
2018-07-31,77.96939086914062,78.1554753342221,77.59722193897767,77.78330640405915,20707232
2018-08-01,78.24852752685547,78.43461201562326,77.6902740605521,78.06244303808768,23742560
2018-08-02,77.03897094726562,78.62068894980611,76.85288647637852,78.62068894980611,22842141
2018-08-03,77.96939086914062,77.96939086914062,77.2250530088147,77.78330640405915,18473730
2018-08-06,78.71372985839844,78.99285656002397,77.78330751964668,77.78330751964668,18488156
2018-08-07,78.52764892578125,79.27198683029103,78.52764892578125,79.27198683029103,24845871
2018-08-08,79.08589935302734,79.17894158756032,78.5276459458295,79.08589935302734,26145400
2018-08-09,79.27198028564453,79.64414920717338,79.08589582488011,79.64414920717338,20805246
2018-08-10,79.92327880859375,80.01632104236394,79.36502540597262,79.45806763974281,25760288
2018-08-13,77.96939086914062,80.01631998503693,77.69026417151841,79.92327775249618,28042868
2018-08-14,75.6433334350586,77.31809358491229,75.17812228232147,77.31809358491229,59249690
2018-08-15,75.4572525024414,75.82942144203422,74.7129146232558,75.3642102675432,37646316
2018-08-16,75.55029296875,76.10854636507081,74.71291287426878,75.36420850330973,20949308
2018-08-17,75.4572525024414,76.38767485142343,75.4572525024414,76.29463261652522,19087311
2018-08-20,75.36421966552734,75.92247314453125,75.36421966552734,75.457261912028,16867433
2018-08-21,75.36421966552734,75.6433464050293,75.36421966552734,75.55030415852865,17415579
2018-08-22,76.0155029296875,76.20158739218367,75.55029177344706,75.55029177344706,13418093
2018-08-23,76.10855865478516,76.38768539801787,75.36422067283127,76.38768539801787,17029659
2018-08-24,75.4572525024414,75.92246367693241,74.8989990930522,75.82942144203422,17189495
2018-08-27,75.36421966552734,75.6433464050293,75.17813517252604,75.457261912028,15902831
2018-08-28,75.55029296875,75.82941966691041,75.36420850330973,75.64333520147014,18467742
2018-08-29,75.73638916015625,75.73638916015625,75.45726241877975,75.55030466590524,17455293
2018-08-30,75.27116394042969,75.92245954930856,75.27116394042969,75.92245954930856,21364048
2018-08-31,74.89900207519531,75.17812879100349,74.71291759798986,75.08508655240077,34669629
2018-09-03,74.5268325805664,75.08508600813619,74.5268325805664,75.08508600813619,19007812
2018-09-04,74.5268325805664,74.8990015322796,74.5268325805664,74.61987481849471,13959788
2018-09-05,74.5268325805664,74.8990015322796,74.5268325805664,74.8990015322796,18018246
2018-09-06,73.7824935913086,74.52683148378081,73.59640911819054,74.43378924722178,31412452
2018-09-07,72.2938232421875,73.59641465195665,72.10773875507762,73.59641465195665,49261782
2018-09-10,69.87471771240234,72.10773132771213,69.59559101048862,72.0146890937409,62290696
2018-09-11,72.2938232421875,72.2938232421875,70.15385164042391,70.15385164042391,38918984
2018-09-12,71.64251708984375,72.85206607967228,71.27034816989651,72.57293938971185,35146614
2018-09-13,70.71208953857422,71.64251176934494,70.52600509242008,71.64251176934494,28930405
2018-09-14,72.47990417480469,72.57294641379673,71.36339730690013,71.36339730690013,25355916
2018-09-17,72.3868637084961,72.57294819103721,72.10773698468441,72.57294819103721,12293253
2018-09-18,70.52601623535156,71.82860756423668,70.52601623535156,71.73556532645917,27709529
2018-09-19,71.08426666259766,71.17730889644922,70.52601325948825,70.89818219489452,24462112
2018-09-20,70.33992767333984,70.99122329994485,69.96775874385128,70.89818106757271,21282019
2018-09-21,70.52601623535156,70.89818518646159,69.874720570909,70.52601623535156,36897023
2018-09-25,70.80514526367188,70.99122974531096,69.96776509629599,70.24689181875462,16418112
2018-09-26,71.9216537475586,72.47990720484883,71.17731580450494,71.45644253315007,25844777
2018-09-27,73.2242431640625,73.2242431640625,71.9216517990093,72.10773627973117,24585896
2018-09-28,73.689453125,73.96857984138258,72.66598849826389,73.41032640861742,30414720
2018-10-01,74.34075164794922,74.80596285976367,74.06162492086054,74.34075164794922,21893979
2018-10-02,72.6659927368164,74.80596435390575,72.6659927368164,74.71292210968448,31390971
2018-10-03,72.3868637084961,72.75903267357833,72.20077922595497,72.66599043230778,14156884
2018-10-04,70.89818572998047,72.38686154583309,70.89818572998047,72.29381930734229,24244027
2018-10-05,70.33992767333984,71.17730776468913,69.96775874385128,70.89818106757271,25313910
2018-10-08,70.24688720703125,70.80514061529905,70.06080273760865,70.15384497231996,15148312
2018-10-09,70.06080627441406,70.71210195027183,70.06080627441406,70.43297523204707,17571152
2018-10-11,65.22261047363281,67.26953976096509,65.12956823329952,67.1764975206318,77677171
2018-10-12,66.8973617553711,66.99040398312543,64.8504327447756,65.12955942803862,37269571
2018-10-15,65.59477996826172,66.24607565588985,65.31565324499252,66.24607565588985,30235586
2018-10-16,65.5017318725586,65.59477410533212,65.12956294146451,65.22260517423804,44156946
2018-10-17,63.36177062988281,66.05999581089104,63.36177062988281,65.78086906802812,68614752
2018-10-18,63.36177062988281,63.36177062988281,63.36177062988281,63.36177062988281,0
2018-10-19,63.36177062988281,63.36177062988281,63.36177062988281,63.36177062988281,0
2018-10-22,63.36177062988281,63.36177062988281,63.36177062988281,63.36177062988281,0
2018-10-23,63.36177062988281,63.36177062988281,63.36177062988281,63.36177062988281,0
2018-10-24,63.36177062988281,63.36177062988281,63.36177062988281,63.36177062988281,0
2018-10-25,63.36177062988281,63.36177062988281,63.36177062988281,63.36177062988281,0
2018-10-26,56.718544006347656,59.39816490901072,56.1975097635228,59.39816490901072,94812656
2018-10-29,56.19751739501953,58.20722766608364,56.19751739501954,58.20722766608364,37754156
2018-10-30,56.86741256713867,56.94184521596529,56.04864207235173,56.197507370004956,25299205
2018-10-31,58.65382766723633,58.65382766723633,57.835051449853,58.13278773991535,38499406
2018-11-01,59.472599029541016,59.54703168337574,58.5793901469819,58.802693787333546,27690014
2018-11-02,60.2913703918457,60.7379719997195,58.579390936340694,59.32372884241287,33316756
2018-11-05,59.547027587890625,60.29136543273926,59.17485866546631,60.29136543273926,22308657
2018-11-06,57.537330627441406,59.249304648574494,57.38845961765916,59.17487198310755,26881925
2018-11-07,57.98393249511719,58.35610150255844,57.61176348767593,58.35610150255844,23677091
2018-11-08,57.01628875732422,58.35609940755238,57.01628875732421,58.20722840261137,30369462
2018-11-09,56.64411926269531,57.016288253486806,56.19751760951515,56.94185559109813,29029195
2018-11-12,56.718544006347656,57.23958392801984,56.4208133983605,56.49524605035729,20715466
2018-11-13,55.37873840332031,55.6764746856895,54.932136819190156,55.37873840332031,30588718
2018-11-14,54.559967041015625,55.60203549489925,54.33666341298504,55.527602845171444,35069438
2018-11-15,55.45317077636719,56.12307598862966,53.964495050827125,54.559967612582035,37801181
2018-11-16,55.30430603027344,55.82534026790161,54.9321370951541,55.7509076166472,23944773
2018-11-19,54.634403228759766,54.93213952579897,54.41109958626848,54.857701192403525,29552164
2018-11-20,52.84798812866211,54.113360220767255,52.84798812866211,53.59232598962918,41220804
2018-11-21,52.55025100708008,52.77355463333358,51.28487893523587,51.359311584371326,43230083
2018-11-22,51.731483459472656,52.84799029672747,51.657050806091824,52.550254004356695,32741087
2018-11-23,52.10364532470703,52.401381576617545,51.80590907279651,52.02921268144107,22499145
2018-11-26,52.84798812866211,53.22015705914565,52.550251848505845,53.071291758491114,25454931
2018-11-27,52.62468338012695,52.84798700520892,52.1780818088101,52.84798700520892,23732315
2018-11-28,54.41109848022461,54.63440211817668,52.847990051102336,52.847990051102336,48605161
2018-11-29,53.89006805419922,55.45317659424046,53.89006805419922,55.3787439359238,44157607
2018-11-30,53.51789474487305,55.00657050590514,53.51789474487305,54.038928989695336,77449359
2018-12-03,55.08100891113281,55.304312570149555,54.411103612930525,54.411103612930525,44718298
2018-12-04,54.634403228759766,55.08100483489481,54.41109958626848,55.08100483489481,23349621
2018-12-05,53.294593811035156,53.964499073231,53.22016115497954,53.81563376111977,23887867
2018-12-06,51.35931396484375,52.84798973194067,51.21044865967301,52.3269554849957,70095497
2018-12-07,51.433746337890625,51.80591527764214,51.433746337890625,51.50817899007146,29761587
2018-12-10,50.39167404174805,50.912713984053646,50.317241386803694,50.763842995317376,34091628
2018-12-11,50.9127082824707,51.5081751341883,50.9127082824707,50.98714092907954,27835901
2018-12-12,52.99685287475586,53.369021801345006,52.17808237202916,52.47581864906991,47974303
2018-12-13,54.336673736572266,54.336673736572266,52.996863071528445,52.996863071528445,46293838
2018-12-14,53.220157623291016,54.0389281432645,52.922421339978676,54.0389281432645,31581440
2018-12-17,52.92242431640625,53.74119488242849,52.92242431640625,53.29459327176614,17772612
2018-12-18,52.69912338256836,52.69912338256837,52.17808346710011,52.475819750389505,22905185
2018-12-19,53.44346237182617,53.44346237182617,52.69912448742106,52.773557140092095,17919150
2018-12-20,53.220157623291016,53.74119185995216,52.77355603774614,52.922421339978676,25126106
2018-12-21,53.14572525024414,53.14572525024414,52.25251639563367,52.550252680503824,33056429
2018-12-24,53.14572525024414,53.14572525024414,52.62468533200954,52.69912366236255,11791597
2018-12-25,52.62468338012695,52.77355435646396,52.10364916006513,52.10364916006513,10943586
2018-12-26,52.252525329589844,52.99686332960593,52.252525329589844,52.77356533691006,9507306
2018-12-27,52.69912338256836,53.44346125136821,52.69912338256837,53.44346125136821,17074054
2018-12-28,52.69912338256836,52.92242133589996,52.624685052610566,52.773556033678894,16169241
2019-01-02,52.17808151245117,53.14572297718096,52.02921621580676,53.14572297718096,16775306
2019-01-03,51.28488540649414,51.657054377979804,50.98714909353604,51.359318065021704,36198461
2019-01-04,50.31724166870117,50.7638432797169,49.87064005768545,50.7638432797169,37013571
2019-01-07,51.582618713378906,51.657051367568776,50.83828081378526,51.13601143054472,24084557
2019-01-08,51.061580657958984,51.80591858498127,50.763844351380534,51.80591858498127,18303188
2019-01-09,52.02922439575195,52.25252237582508,51.21045377778791,51.28488643781229,31946504
2019-01-10,51.582618713378906,51.954787663175736,51.28488241777195,51.954787663175736,19041006
2019-01-11,51.657047271728516,52.25251413688091,51.65704727172852,51.95478354372824,23895923
2019-01-14,51.13600540161133,51.880343213447574,51.06157275619707,51.582612631790546,14186528
2019-01-15,52.32695770263672,52.550255669856305,51.73148509902259,51.73148509902259,34095247
2019-01-16,52.252525329589844,52.475829001133974,51.954794672662025,51.954794672662025,16978789
2019-01-17,52.40138626098633,52.77355518943247,52.10364998245998,52.624684210745706,14229333
2019-01-18,52.69912338256836,52.69912338256837,52.326954448168436,52.475819750389505,13989609
2019-01-21,52.99685287475586,53.1457238526998,52.773554926110656,53.071291203151404,13812012
2019-01-22,52.62468338012695,52.99685230269885,52.32695278514711,52.99685230269885,9804658
2019-01-23,51.88034439086914,52.475816925391086,51.80591174376564,52.475816925391086,13311510
2019-01-24,52.10364532470703,52.17807796797299,51.73147642953055,51.73147642953055,21008129
2019-01-25,52.62468338012695,52.77355435646396,52.25251445755506,52.25251445755506,30878222
2019-01-28,52.69912338256836,52.84798868478943,52.55025240150003,52.69912338256837,19776596
2019-01-29,52.02922439575195,52.550258694770534,51.954791735727575,52.02922439575195,24642535
2019-01-30,52.10364532470703,52.47581421988351,51.9547800381751,52.02921268144107,25665168
2019-02-11,52.02922439575195,53.07129867263707,52.02922439575195,53.07129867263707,37551372
2019-02-12,53.592323303222656,53.592323303222656,52.25251294910332,52.475816567738846,39354433
2019-02-13,53.592323303222656,54.18779583368612,53.29458703799092,53.74118859641506,31353987
2019-02-14,53.14572525024414,53.74119214113716,53.14572525024414,53.59232683812573,15001817
2019-02-15,52.32695770263672,53.220160929210294,52.32695770263672,53.220160929210294,24217212
2019-02-18,52.84798812866211,53.36902235980018,52.69912282800758,52.69912282800758,24104159
2019-02-19,53.592323303222656,53.81562692185818,53.145721744798514,53.145721744798514,26849801
2019-02-20,54.48552322387695,54.932130434949435,53.890056407191295,54.03892169165106,46550905
2019-02-21,54.932132720947266,54.932132720947266,54.33666020063446,54.78326175144565,29935136
2019-02-22,54.70883560180664,54.70883560180664,54.33666665213449,54.70883560180664,24033042
2019-02-25,54.634403228759766,54.708835883307685,54.11336328922927,54.708835883307685,23324206
2019-02-26,54.187801361083984,54.93213926066564,54.187801361083984,54.78326827344081,19709421
2019-02-27,54.113365173339844,54.33666882360608,53.81563454478182,54.26223616646657,24412855
2019-03-04,53.74119186401367,53.89006284510473,53.22015762731315,53.815630193982834,35967079
2019-03-05,53.51789474487305,53.59232739715518,53.07129315233289,53.294591109179294,15266318
2019-03-06,53.96449661254883,53.96449661254883,53.59232767039332,53.81563130722558,12965399
2019-03-07,53.294593811035156,53.964499073231,53.22016115497954,53.89006641717538,18481684
2019-03-08,52.62468338012695,53.220155927780816,52.55025073138199,53.220155927780816,26489333
2019-03-11,52.40138626098633,52.69912253951267,52.32695361106653,52.624684210745706,16883254
2019-03-12,52.99685287475586,53.1457238526998,52.69912227656226,52.84798757565906,17317165
2019-03-13,52.62468338012695,52.92241965395389,52.55025073138199,52.699121707719,15570731
2019-03-14,52.92242431640625,53.07129530585876,52.62468801634883,52.84799166110379,15826574
2019-03-15,52.55025100708008,52.92241993160451,52.55025100708008,52.84798728246905,39278305
2019-03-18,53.592323303222656,53.592323303222656,52.84798547956679,52.92241812616299,19365627
2019-03-19,53.815635681152344,54.038933657286016,53.36902837118931,53.59233202617082,15694654
2019-03-20,53.89006805419922,53.964500712515886,53.592331742084745,53.74119705871807,13949626
2019-03-21,54.336673736572266,54.41110640044175,53.96450473837656,54.038937402246056,18642534
2019-03-22,54.336673736572266,54.70884273476796,53.89007207450707,54.63441007089847,15792364
2019-03-25,52.99685287475586,53.592325428837356,52.92242022520746,53.592325428837356,20943727
2019-03-26,53.44346237182617,53.51789502449721,53.220158734965686,53.44346237182617,6931426
2019-03-27,53.51789474487305,53.59232739715518,53.44346209259092,53.59232739715518,8550359
2019-03-28,53.44346237182617,53.59232767716824,53.220158734965686,53.59232767716824,7024350
2019-03-29,54.70883560180664,54.70883560180664,53.29459245728296,53.51789609862525,37626532
2019-04-01,60.14250183105469,60.14250183105469,57.09071203805097,57.31401566934054,168930589
2019-04-02,61.035709381103516,62.226648916184786,60.51467510914535,60.886844068786225,100156317
2019-04-03,60.96126937866211,61.55673623502077,60.06806057585367,61.259005646264924,42366852
2019-04-08,61.333438873291016,61.85447308738649,61.03570260287344,61.40787152118365,50206746
2019-04-09,61.407875061035156,61.7056113486157,61.0357061212713,61.6311786964324,28246484
2019-04-10,61.78004455566406,62.077780845918674,61.33344295970585,61.70561190281226,34543224
2019-04-11,62.37552261352539,63.04542222686459,62.00335363773788,62.22665161590165,44939031
2019-04-12,64.38522338867188,64.53408868566177,63.71531819452321,63.71531819452321,58914750
2019-04-15,66.4693832397461,66.84155222613023,64.90626895385428,65.35287628059369,72325290
2019-04-16,66.9159927368164,68.03249982693399,66.61825637701531,68.03249982693399,80576870
2019-04-17,68.3302230834961,69.0001226660254,67.06484521670683,67.73475047808377,91422037
2019-04-18,68.18135070800781,72.34964182469632,67.3625801513302,69.96776280911646,156478595
2019-04-19,66.17163848876953,69.14899000071554,65.94833485383465,68.92568636578066,84815908
2019-04-22,65.35285949707031,66.76709673905579,65.27842117583184,66.09719727868229,42019217
2019-04-23,65.72503662109375,65.8739019245255,64.60852980881366,65.65059829053057,66167792
2019-04-24,64.6829605102539,66.32050151401846,64.08748795678655,66.24606886454681,52576993
2019-04-25,64.60853576660156,64.90626640091989,63.86419782311006,64.01306314026922,32202088
2019-04-26,65.05513763427734,65.35287394852979,64.38523234692131,65.05513763427734,31089333
2019-04-29,65.35285949707031,66.09719727868229,65.0551232486562,65.12955589104808,33405276
2019-04-30,64.6829605102539,65.50173101213618,64.08748795678655,65.50173101213618,34255579
2019-05-02,64.6829605102539,64.9806967869876,64.23635893457696,64.38522423352022,24879608
2019-05-03,65.65060424804688,65.72504258536503,64.53409733444848,64.9807046429661,25168371
2019-05-06,63.19429397583008,64.16192991707346,63.119861315557195,63.789760936861086,48477706
2019-05-07,64.45965576171875,64.98069565665101,63.49201997772519,63.49201997772519,31286229
2019-05-08,63.938621520996094,64.23635779243594,63.49201995325984,63.86418887284789,24225963
2019-05-09,62.7476921081543,64.01306436475564,62.74769210815429,63.64089538589077,37217280
2019-05-10,62.30107498168945,63.71531801448555,61.85447341313464,63.26871644593074,26540533
2019-05-13,60.44023513793945,62.15221457748092,60.365802483795804,62.15221457748092,36817422
2019-05-14,59.32373046875,59.9192030814714,58.65383087799805,58.87712884863279,58728717
2019-05-15,57.90949630737305,58.3560979533708,57.686192644950154,58.132794290947906,68954827
2019-05-16,56.49524688720703,58.28165895582829,56.495246887207024,58.13278797078219,61070947
2019-05-17,55.6020393371582,57.38845144830754,55.52760668228689,57.01628249510341,50083428
2019-05-20,55.82533645629883,56.6441069218885,55.602032838934875,56.048640073662774,31140335
2019-05-21,55.82533645629883,56.12307271983513,55.52760019276252,56.048640073662774,36661660
2019-05-22,55.08100891113281,56.04865052840811,55.08100891113281,55.89977952944763,30618177
2019-05-23,53.220157623291016,54.1877991243443,53.220157623291016,54.11336079438077,62459307
2019-05-24,53.14572525024414,53.74119214113716,52.922421616879696,53.22015790174986,40844359
2019-05-27,53.14572525024414,53.51789418662001,52.922421616879696,53.294590553255574,25409320
2019-05-28,52.99685287475586,53.592325428837356,52.99685287475586,53.071291203151404,136700059
2019-05-29,53.74119186401367,53.815630193982834,52.17808347506484,52.252516126186734,43871336
2019-05-30,54.634403228759766,54.857701192403525,53.369025386055014,53.74119433764214,44666687
2019-05-31,55.006568908691406,55.75090676759427,54.18779839966769,54.33666369990939,52374507
2019-06-03,54.634403228759766,54.857701192403525,53.74119433764214,54.559970574211846,30691063
2019-06-04,53.44346237182617,54.63440185110488,53.44346237182617,54.41109821424439,39322197
2019-06-05,52.84798812866211,54.187798549941725,52.84798812866211,53.96449492011272,48066800
2019-06-06,52.92242431640625,53.59232957182356,52.84799166110379,52.84799166110379,38757260
2019-06-10,53.66676330566406,53.81563429810842,52.9968580367837,53.59233064886573,35654410
2019-06-11,53.89006805419922,54.1878043663137,53.51789908376808,53.66676440040141,27727014
2019-06-12,54.857704162597656,55.006575158601436,53.59233193022861,53.96450090196631,40554559
2019-06-13,55.22987365722656,55.37874465463978,54.48553570670411,54.78327202268267,42030922
2019-06-14,55.899776458740234,56.19751276145788,55.22987119733743,55.22987119733743,40758143
2019-06-17,56.86741256713867,56.94184521596529,55.97420374467802,56.27194001883157,33117649
2019-06-18,56.49524688720703,57.68618637333873,55.89977430471747,57.46288273519329,36656969
2019-06-19,57.462886810302734,57.61175780590635,56.86741986443172,57.61175780590635,49543345
2019-06-20,57.835052490234375,57.909490823224566,57.16515292410265,57.53732187366361,26823796
2019-06-21,57.1651496887207,58.65382540270981,57.01627871001349,58.20721814543534,58532183
2019-06-24,57.38844680786133,57.46287945671399,56.04864209197198,56.867412587045536,28060800
2019-06-25,56.86741256713867,57.611750413099,56.64410894181174,57.31401413894545,21534885
2019-06-26,56.79297637939453,57.09070695614863,56.64410541217075,56.64410541217075,17510518
2019-06-27,57.611751556396484,57.983920486762294,57.09071164657603,57.165149975726955,30881055
2019-06-28,57.611751556396484,58.207218437673454,57.611751556396484,57.760616857003924,21112390
2019-07-01,59.10042953491211,59.32372749435105,58.50495695204677,58.579389605193086,37776031
2019-07-02,58.87712478637695,59.1748610721952,58.57938850055871,58.80269213463422,21546017
2019-07-03,57.68618392944336,58.65382541528257,57.68618392944336,58.35608913665149,30692214
2019-07-04,57.835052490234375,58.35609242692822,57.686187181948995,58.05835613150995,14276447
2019-07-05,58.207210540771484,58.281648859823456,57.98391262015488,57.98391262015488,10943297
2019-07-08,58.80269241333008,58.802692413330085,58.28165816981419,58.3560908219097,19426333
2019-07-09,57.98393249511719,58.877135841436846,57.909499829398605,58.877135841436846,20888735
2019-07-10,57.98393249511719,58.579399499714164,57.835061484831655,58.579399499714164,20106457
2019-07-11,58.207210540771484,58.579379420645594,57.909479979949346,58.132777900565955,20457120
2019-07-12,57.7606201171875,58.20722172306457,57.68618746268258,58.05835641405473,26468868
2019-07-15,58.132781982421875,58.20721462785378,56.64410635839649,57.38844417040919,32661975
2019-07-16,59.547027587890625,60.14250013530837,58.35608817190223,58.35608817190223,59184035
2019-07-17,59.02599334716797,59.84476384044259,59.02599334716797,59.69589286421724,31541667
2019-07-18,58.80269241333008,59.32372665684597,58.802692413330085,58.9515577175211,20198449
2019-07-19,59.02599334716797,59.84476384044259,59.02599334716797,59.249291293235366,24476592
2019-07-22,59.99363327026367,60.14250425674346,59.10043006677487,59.17486272059103,38577555
2019-07-23,60.21693420410156,60.58910313530262,59.77033262242973,60.3657995050431,38227545
2019-07-24,60.51466751098633,60.66353280461224,60.14249859807459,60.44022918532643,73095922
2019-07-25,61.53237533569336,62.08037718358179,60.90609518872998,61.06266373229405,62909028
2019-07-26,61.37580871582031,61.767236059706015,61.14094992040598,61.37580871582031,22089564
2019-07-29,61.37580871582031,61.610661538527374,61.06266564617029,61.29752444158463,18209593
2019-07-30,60.906105041503906,61.68895983138078,60.7495304999037,61.61066957422665,27716754
2019-07-31,61.53237533569336,61.61065960747539,60.82780494424085,61.219232275858126,23732224
2019-08-01,60.98439025878906,61.37581765971492,60.749531429150295,60.90610597314552,31383363
2019-08-02,59.10553741455078,59.966676500221155,59.10553741455078,59.888392214743504,51771742
2019-08-05,56.991825103759766,58.63581879521857,56.83525057861147,58.63581879521857,49484279
2019-08-06,57.38324737548828,57.618100183350116,55.347820537777686,55.582679318346415,40168974
2019-08-07,57.07011795043945,57.852972775623236,56.99183366246274,57.61811393898478,26458601
2019-08-08,57.22667694091797,57.69638856280983,56.91353386875429,56.9918241163257,18743614
2019-08-12,57.69639205932617,58.16610968239117,56.99182757014404,57.30496468857713,17609546
2019-08-13,57.07011795043945,57.77468848764652,57.07011795043945,57.77468848764652,18041979
2019-08-14,56.83525085449219,58.1661074475293,56.83525085449219,57.93124864502056,34110030
2019-08-15,56.05239486694336,56.28725366410514,55.8175420424889,55.97411059212521,29341797
2019-08-16,56.365535736083984,56.913531611101966,55.73924961660022,55.8958241328247,33475801
2019-08-19,56.678688049316406,57.148399729261875,56.522113507529205,56.75697233385598,19816447
2019-08-20,56.678688049316406,57.07011544472231,56.678688049316406,56.75697233385598,18777661
2019-08-21,57.53982162475586,57.77468042863377,56.83525118582959,57.14839426676432,27098920
2019-08-22,57.85295867919922,58.16610172751411,57.38324709308031,57.93124294810122,23080538
2019-08-23,57.38324737548828,57.852958963918844,57.304957133494106,57.539815914062835,16397789
2019-08-26,56.365535736083984,56.44382000784268,56.0523926763421,56.20896719256658,29641247
2019-08-27,56.5221061706543,56.83524924087297,56.3655376218986,56.75696496649512,37138289
2019-08-28,56.678688049316406,56.75697233385598,56.36554493845007,56.600403764776836,14696633
2019-08-29,56.287254333496094,56.67868168494919,56.20897005774696,56.67868168494919,20188936
2019-08-30,58.08782196044922,58.08782196044922,56.835255514030536,56.991830052775335,39791593
2019-09-02,57.93125534057617,58.24439845587767,57.7746867692795,58.24439845587767,18506890
2019-09-03,57.61811065673828,58.1661125867747,57.61811065673828,58.08782233054951,14880467
2019-09-04,58.166107177734375,58.32267573020901,57.69638957489561,57.85296410007768,22256326
2019-09-05,58.63581848144531,58.94896155735878,58.24439112973034,58.5575342056438,26853451
2019-09-06,58.7140998840332,59.41867027718302,58.7140998840332,59.10552721659342,29147446
2019-09-10,58.0095329284668,58.55753481014938,57.774680098637795,58.55753481014938,24330390
2019-09-11,58.32267379760742,58.94895993216798,58.087815003970405,58.32267379760742,35738526
2019-09-12,59.49695587158203,59.49695587158203,58.400958121511444,58.71410118906122,61561226
2019-09-16,59.49695587158203,59.810098939131805,58.71410118906122,59.731814665421176,40895700
2019-09-17,58.40096664428711,59.10553715591916,58.32268235915202,58.6358254724005,43926799
2019-09-18,58.244388580322266,58.63581591490412,58.0095297904903,58.4792413974471,33122317
2019-09-19,57.53982162475586,58.55753514461685,57.53982162475586,58.40096061779574,31821479
2019-09-20,58.32267379760742,58.32267379760742,57.77467790939736,57.77467790939736,33275500
2019-09-23,58.479244232177734,58.479244232177734,58.08781687862177,58.32267567983832,10657229
2019-09-24,58.63581848144531,58.94896155735878,58.322675405531854,58.47924395713489,19777743
2019-09-25,58.55754089355469,58.55754089355469,58.009538954941476,58.479250636104176,18380995
2019-09-26,57.93125534057617,58.71411014247585,57.93125534057617,58.71411014247585,21861993
2019-09-27,57.304954528808594,58.16609936994767,57.304954528808594,58.00952486578301,25514894
2019-10-01,56.83525085449219,57.14839393360136,56.52210777538302,56.52210777538302,45392934
2019-10-02,56.60040283203125,56.75697139853022,56.52211257607381,56.52211257607381,25487396
2019-10-03,56.365535736083984,56.522104279601386,55.974108404583404,56.20896719256658,27606086
2019-10-04,56.913536071777344,56.913536071777344,56.36554015380944,56.522108709598115,18814662
2019-10-07,57.46154022216797,57.931251880713276,57.30496568751434,57.46154022216797,25366095
2019-10-08,57.93125534057617,58.08782391187285,57.539827939626335,57.852971054927835,28493260
2019-10-09,57.07011795043945,57.77468848764652,57.07011795043945,57.53982965100806,18869984
2019-10-14,58.32267379760742,58.32267379760742,57.77467790939736,58.166105250320896,48248401
2019-10-15,58.479244232177734,59.02724611078053,58.32267567983832,58.71410303339428,39808855
2019-10-16,58.7140998840332,59.0272429446228,58.479241095414224,59.0272429446228,35414100
2019-10-17,60.43638610839844,60.671244929466646,58.71410799625804,58.948966817326244,81667038
2019-10-18,60.2015266418457,61.2192341516088,60.2015266418457,60.74952253381758,79307262
2019-10-21,60.7495231628418,60.7495231628418,59.810099917532206,60.43638009016949,32380971
2019-10-22,62.23695373535156,62.47181255362471,61.375814689529776,61.45409897138487,84067950
2019-10-23,63.01980972290039,63.33295282910857,61.92381183752575,62.62838233331716,89180610
2019-10-24,63.01980972290039,63.56780567923373,62.784950900067265,63.33295282910857,40227260
2019-10-25,62.78494644165039,63.176373803438004,62.31523480204677,63.176373803438004,35236261
2019-10-28,62.706668853759766,63.2546708023511,62.62838456759191,63.019811971139355,24589303
2019-10-29,63.254661560058594,63.724373181143186,62.70665969153714,62.70665969153714,43338927
2019-10-30,62.78494644165039,63.33294833177758,62.39351907986278,63.33294833177758,31199154
2019-10-31,63.098087310791016,63.7243734567507,63.098087310791016,63.41123038377086,39460853
2019-11-01,66.3860855102539,66.3860855102539,63.332950775941526,63.72437815283522,124277985
2019-11-04,69.67406463623047,69.75234890757247,67.40378493107032,67.40378493107032,155824158
2019-11-05,70.45691680908203,70.7700598561082,69.75234644644985,70.45691680908203,114554576
2019-11-06,70.77006530761719,71.16149265337535,69.5957832703427,70.84834958222736,102692823
2019-11-07,71.08320617675781,71.23977472112799,70.30035150949267,70.77006311531032,91907245
2019-11-08,71.1614990234375,72.72720854662553,71.1614990234375,71.396351868291,107939604
2019-11-11,68.81292724609375,71.47463434024017,67.87349805084415,71.23977554825098,112360283
2019-11-12,71.23977661132812,71.23977661132812,69.43920843976109,69.75235150951718,87919854
2019-11-13,70.22206115722656,70.92663155122928,69.8306338241925,70.45691994612983,52397137
2019-11-14,69.908935546875,71.55292942099366,69.908935546875,71.55292942099366,89212854
2019-11-15,70.53520965576172,71.08321154787919,70.30035682146072,71.00492129707128,43361570
2019-11-18,70.8483657836914,71.00493436871555,70.37865405591033,70.53522264093446,35921688
2019-11-19,72.64891815185547,72.64891815185547,70.69178141255664,70.8483499626176,108575561
2019-11-20,71.94434356689453,72.64891394680173,71.39634172798581,72.64891394680173,44527871
2019-11-21,72.4140625,72.4140625,71.00492159740345,71.3963489622683,52752786
2019-11-22,71.55291748046875,72.80548374826304,71.47463320861418,72.80548374826304,30090529
2019-11-25,70.1437759399414,71.70948525097897,69.67406434117154,71.70948525097897,56144076
2019-11-26,70.37864685058594,70.77007424578085,69.98721945539103,70.77007424578085,71764119
2019-11-27,70.9266357421875,71.08321026827716,70.14378102986157,70.14378102986157,19965877
2019-11-28,70.30036163330078,71.00492615713658,70.22207137713416,70.92664187367794,19363801
2019-11-29,69.28263854980469,70.84834789556298,69.04777975885808,70.4569205591234,37571546
2019-12-02,69.36093139648438,69.9089333188644,67.95179639473838,69.36093139648438,31236074
2019-12-03,70.45691680908203,70.69177558752838,68.73463900949832,69.12606632510433,33514279
2019-12-04,70.06549835205078,70.45692571714604,69.43921217881534,70.45692571714604,23893634
2019-12-05,70.37864685058594,71.00492709927296,70.14378802438577,70.45693113508331,19851813
2019-12-06,70.8483657836914,71.16150892644835,70.22207949817752,70.92665007620347,20657992
2019-12-09,71.23977661132812,71.78777250387081,70.69178071878544,71.08320806280372,39013354
2019-12-10,70.6917724609375,71.08319975923128,70.53519795799605,70.84834099117238,14099519
2019-12-11,71.4746322631836,71.4746322631836,70.77006188039805,70.8483461512171,32362218
2019-12-12,71.23977661132812,72.1791998478891,71.23977661132812,72.02263129936469,32664180
2019-12-13,71.23977661132812,72.02263129936469,71.16149233706592,72.02263129936469,33488249
2019-12-16,71.70948791503906,72.3357740518039,71.31806057273786,71.63120364112028,457107
2019-12-17,71.70948791503906,71.94434670950268,71.31806057273786,71.8660624355839,30639698
2019-12-18,72.33576965332031,72.64891270266159,71.31805623613785,71.70948355463774,58840462
2019-12-19,72.17919921875,72.17919921875,71.47463478382414,72.0226306715903,28904382
2019-12-20,71.31806945800781,72.49235163121115,71.31806945800781,72.41406734753919,39053336
2019-12-23,71.6312026977539,71.78777124352952,71.00491656923712,71.4746341519783,16995564
2019-12-24,71.1614990234375,71.63121068585234,71.08321474181967,71.63121068585234,11775451
2019-12-25,71.23977661132812,71.474635406822,71.08320806280372,71.31806088559033,11310473
2019-12-26,71.08320617675781,71.47463351039038,71.0049159318656,71.23977472112799,10097183
2019-12-27,71.6312026977539,71.9443457620123,71.31805963349551,71.5529184248661,19597995
2019-12-30,71.1614990234375,71.86606950341368,71.1614990234375,71.70949496747018,15811376
2019-12-31,71.08320617675781,71.55291778257548,71.0049159318656,71.0049159318656,14491239
2020-01-02,71.08320617675781,71.63120205476056,70.69177884312523,71.23977472112799,20758722
2020-01-03,71.70948791503906,72.17919953125906,71.08320775098149,71.55291936720148,37936877
2020-01-06,70.8483657836914,71.3180775114725,70.53522264093446,71.3180775114725,26352522
2020-01-07,69.7523422241211,71.2397671279268,69.12606214068629,70.84833983601511,42728140
2020-01-08,67.71693420410156,68.96950057865325,67.71693420410156,68.81293202159964,56101121
2020-01-09,68.1866455078125,68.65635714933772,68.10836122967623,68.34322003679263,28192381
2020-01-10,69.67406463623047,69.67406463623047,68.4997826479794,68.89120997739643,32264863
2020-01-13,70.1437759399414,70.22206021095188,69.36092128442263,70.22206021095188,23369554
2020-01-14,70.45691680908203,70.53520107766187,70.14377376205586,70.45691680908203,18618838
2020-01-15,70.37864685058594,70.69178996128348,70.0655037398884,70.45693113508331,23798041
2020-01-16,70.45691680908203,70.6134853462417,69.98720522489619,70.30034827192236,19281565
2020-01-17,72.25749206542969,72.33577634182683,71.23977855414465,71.23977855414465,77634511
2020-01-20,72.25749206542969,73.11863105121303,72.10091753992799,72.57062917101823,35277412
2020-01-30,65.05522155761719,67.48206982795773,65.05522155761719,66.9340739507769,153608274
2020-01-31,65.13351440429688,66.46437109547865,64.66380273734774,64.9769458395498,69486948
2020-02-03,64.35065460205078,64.42894485100885,60.51467131140218,62.23694927974614,66666856
2020-02-04,64.35065460205078,71.78777432730347,64.35065460205078,71.63120577480217,45872853
2020-02-05,64.35065460205078,64.74208195601145,63.88094297183947,64.35065460205078,47188064
2020-02-06,65.4466552734375,65.4466552734375,64.4289476918902,64.5855162512951,43379109
2020-02-07,64.8986587524414,65.44665467808127,64.74208422175313,65.44665467808127,26495116
2020-02-10,64.19408416748047,64.74208005787607,61.76723583861717,61.84552011257265,42505477
2020-02-11,64.8986587524414,65.29008612010064,64.27237257510359,64.66379994276282,28310130
2020-02-12,66.93408203125,67.01236631276838,64.97694512975146,64.97694512975146,56443491
2020-02-13,66.30778503417969,67.56035722529936,66.30778503417969,67.16892990875118,36012520
2020-02-14,66.46437072753906,66.7775138280076,65.99465906319018,66.30779619095087,21292704
2020-02-17,65.6815185546875,65.91637140977592,65.60323426965803,65.91637140977592,16771107
2020-02-18,65.29007720947266,65.99464756964278,64.97693416354073,65.75978879201713,22611466
2020-02-19,65.60323333740234,66.22951358144645,64.58551972835714,64.97694712065022,25476407
2020-02-20,64.82036590576172,65.83807334353475,64.5855071271258,65.75978907489171,35212272
2020-02-21,63.959232330322266,64.35065971538594,63.880948047851106,64.27237543291479,29778377
2020-02-24,63.17637634277344,63.724378254927224,62.78494896525264,63.09809206181084,32852370
2020-02-25,64.42894744873047,64.74208456635849,62.55009487942401,62.784947717645025,47213818
2020-02-26,63.48951721191406,64.35065621770671,63.17637412634194,63.5678014901302,43075406
2020-02-27,62.86323547363281,63.802658734630285,62.62837667202973,63.254662827833,53384898
2020-03-02,62.00209045410156,62.86323541064507,61.140951470265485,61.219235746485595,53792166
2020-03-03,63.41122817993164,64.19408284881968,63.09808511783499,63.489512452279016,34822180
2020-03-04,63.959232330322266,64.11580686797248,63.48952066278743,63.802663765379954,29037913
2020-03-05,64.7420883178711,65.44665881877616,64.66380403392786,65.21180596694649,36950021
2020-03-06,63.254661560058594,63.95922600533183,63.17637131262173,63.88094173060228,38712605
2020-03-09,61.92381286621094,62.706667658382266,61.92381286621093,62.002097150886456,45009955
2020-03-10,62.15866470336914,62.471807779567186,61.454094275100395,61.454094275100395,37383665
2020-03-11,61.53237533569336,62.70665733054516,61.53237533569336,62.08037718358179,30546137
2020-03-12,58.479244232177734,60.67123980117409,58.32267567983832,60.59295552500438,85760356
2020-03-13,58.40096664428711,58.71410975753559,54.72155148856479,54.79983577369988,108780196
2020-03-16,55.660972595214844,58.166111426761084,55.660972595214844,57.85296832622932,65223917
2020-03-17,55.26953887939453,56.99182274860891,54.79982726877504,54.878111541760425,69146874
2020-03-18,54.799827575683594,55.81754104831489,54.799827575683594,55.347823462357546,75494240
2020-03-19,51.90327072143555,54.25183489937005,51.43355310768259,53.7821172856171,107246149
2020-03-20,55.426116943359375,55.8958285840236,53.23412132331627,53.23412132331627,102757524
2020-03-23,52.84269332885742,53.54726376778368,52.45126597086588,52.84269332885742,61288202
2020-03-24,54.330116271972656,55.347823777695005,54.095257477655906,55.26953950382517,41628933
2020-03-25,55.89582824707031,56.83525152273569,55.66096944180021,55.73925371932107,53652986
2020-03-26,55.58268356323242,56.13067946280107,55.191256214195576,55.974110912269275,38685860
2020-03-27,54.87811279296875,56.522106453973244,54.799828518198495,55.89582628310393,59785740
2020-03-30,54.799827575683594,55.034686368662264,54.01697289603097,54.408400235857286,33595577
2020-03-31,54.7215461730957,55.19125781098814,54.7215461730957,54.87811472815734,38298560
2020-04-01,54.799827575683594,55.19125491550991,54.799827575683594,55.19125491550991,24517865
2020-04-06,54.95640563964844,55.03469589933744,54.330125371094105,54.799837065686916,48957455
2020-04-07,55.73925018310547,56.28725203640015,55.4261130928881,55.895824700921295,46626787
2020-04-08,58.7140998840332,58.948958672652175,55.89582428414103,55.97410855611165,90172291
2020-04-09,57.93125534057617,59.41868065872719,57.696396510923016,59.10553754342569,55267837
2020-04-10,57.85295867919922,57.85295867919922,57.46153136198232,57.53981563088433,19079314
2020-04-13,57.22667694091797,57.85296308524533,57.226676940917976,57.77467881038124,25076651
2020-04-14,58.244388580322266,58.32267285269721,57.304959393701516,57.53981818353349,36772932
2020-04-15,58.0095329284668,58.870671916588044,58.0095329284668,58.32267600761292,42208905
2020-04-16,57.93125534057617,58.71411014247585,57.7746867692795,57.93125534057617,42182293
2020-04-17,59.340389251708984,59.88838515819116,58.94896189773388,59.10553045024095,70153153
2020-04-20,59.65352249145508,59.96666554888645,59.02724234929938,59.575238220273995,32197766
2020-04-21,57.53982162475586,59.105531056722,57.53982162475586,58.87067225284409,50476839
2020-04-22,57.85295867919922,57.85295867919922,56.75696099645052,56.83524526535253,27664535
2020-04-23,57.93125534057617,58.870678713772534,57.61811222527467,58.08782391187285,26918129
2020-04-24,57.77467346191406,58.08781053238188,57.696383221590345,57.93124199714797,18097847
2020-04-27,58.63581848144531,58.870671308849865,58.08781660541991,58.08781660541991,28422746
2020-04-28,58.870670318603516,59.02724484028025,58.55753322066464,58.79238604411879,21837772
2020-04-29,59.18381118774414,59.65352278988753,58.79238385717347,58.87066812874619,31292555
2020-04-30,60.27981185913086,60.27981185913086,59.496957159661626,59.65352571047253,49682112
2020-05-04,58.32267379760742,58.714101138530964,57.852962183040624,57.93124645668389,50274654
2020-05-05,58.0095329284668,58.714103363368714,57.931248651857125,58.47924456083226,30499283
2020-05-06,58.166107177734375,58.87067163657767,58.00953265255231,58.00953265255231,26782236
2020-05-07,58.870670318603516,59.340387910926424,58.322674424503184,58.322674424503184,31856315
2020-05-08,59.65352249145508,60.123240063955656,59.41866967791183,60.123240063955656,38394983
2020-05-11,61.76724624633789,62.0020991077768,60.20153661257879,60.20153661257879,58601957
2020-05-12,60.514678955078125,61.37581804802154,60.27982012395348,61.29753376188272,45434634
2020-05-13,61.68894958496094,61.68894958496094,60.827804680964505,60.827804680964505,42897241
2020-05-14,61.2192268371582,61.76722863636229,61.06265830750363,61.06265830750363,41840911
2020-05-15,60.35809326171875,61.532375255031205,59.810097387255766,61.219232195606466,46922082
2020-05-18,58.7140998840332,59.966666153684486,58.63581561206257,59.966666153684486,57099171
2020-05-19,58.55754089355469,59.49696425588009,58.40096635136174,59.02725257471739,48852505
2020-05-20,58.32267379760742,58.94895993216798,58.32267379760742,58.6358168648877,30828720
2020-05-21,58.479244232177734,58.71410303339428,58.166107127498904,58.32267567983832,24213322
2020-05-22,57.61811065673828,58.24439687029191,57.539826373221075,58.08782233054951,46433168
2020-05-25,57.61811065673828,57.61811065673828,56.83525587615024,57.539826373221075,26982259
2020-05-26,58.55754089355469,58.94896828997495,57.61811155852121,57.696395843263645,28310825
2020-05-27,58.9489631652832,59.105531721156886,58.55753580289144,58.55753580289144,22380029
2020-05-28,58.9489631652832,59.41867480561181,58.55753580289144,59.26210027703057,26184820
2020-05-29,59.340389251708984,59.340389251708984,58.166107189783666,58.166107189783666,44636709
2020-06-01,59.65352249145508,60.123240063955656,59.41866967791183,59.49695394909291,25890941
2020-06-02,60.35809326171875,60.67123632114348,59.810097387255766,59.88838165893518,41692048
2020-06-03,61.14094924926758,61.37580804210389,60.749521909678535,61.06266497589122,42871656
2020-06-04,61.37580871582031,61.610661538527374,60.74952257652027,61.454092990056,43657351
2020-06-05,61.454097747802734,61.454097747802734,60.90610181302007,61.140954653909326,33935695
2020-06-08,62.39352035522461,62.47181060734847,61.68895586777121,61.92380870601979,53575560
2020-06-09,62.23695373535156,62.7849496810451,61.76724207151312,62.08038517164137,38143498
2020-06-10,62.55009460449219,62.55009460449219,61.92380842657358,62.3152357945958,25863059
2020-06-11,61.53237533569336,62.863231846816326,61.14094800407609,62.55008878698109,41363010
2020-06-12,61.06266784667969,61.06266784667969,59.96667004976189,60.51467193457453,30382486
2020-06-15,60.27981185913086,60.98438228319464,60.27981185913086,60.827807759676375,26332046
2020-06-16,61.37580871582031,61.454092990056,60.827806850755955,60.90609709769892,22339775
2020-06-17,61.2192268371582,61.84551290118958,60.98437404267635,61.76722863636229,18039312
2020-06-18,61.454097747802734,61.610666308395565,60.82781156001592,61.37581346750631,17726756
2020-06-19,61.68894958496094,61.76723385640415,61.140947739444385,61.53237506936747,35336232
2020-06-22,61.76724624633789,61.76724624633789,61.21924429089725,61.610671699337026,16769227
2020-06-23,62.78494644165039,63.176373803438004,62.08038196859872,62.31523480204677,45708143
2020-06-24,65.36837005615234,65.36837005615234,63.411233228123834,63.48951750670346,88391479
2020-06-29,66.69921112060547,67.16892866996585,65.29007639064456,65.44664492529353,96673392
2020-06-30,67.56036376953125,67.63864804588252,67.09064616600877,67.32550496777002,57741437
2020-07-01,67.2472152709961,68.57806577981754,66.9340722181243,67.7169268639503,44576514
2020-07-02,67.32550048828125,67.32550048828125,66.22950277416317,67.16893194599596,34070431
2020-07-03,66.77750396728516,67.48206837341479,66.62092945381758,67.4037841030345,42663049
2020-07-06,67.63864135742188,67.7952098946421,67.01235526312729,67.0906395317374,44150881
2020-07-07,68.10836029052734,68.49978764851888,67.01236249360954,68.18664456758415,52059744
2020-07-08,68.10836029052734,68.34321909440526,67.79521720959261,68.10836029052734,37038208
2020-07-09,67.4820785522461,68.42150785663178,67.16894142349207,68.34322357444327,49514490
2020-07-10,66.3860855102539,67.48207738739004,66.3860855102539,67.48207738739004,52271243
2020-07-13,67.87350463867188,67.87350463867188,66.85579704425638,66.85579704425638,36625700
2020-07-14,67.56036376953125,68.49978703116135,67.56036376953125,67.95179112399504,34124410
2020-07-15,67.79521179199219,68.26492338950528,67.71692752119117,67.79521179199219,47807002
2020-07-16,68.57807159423828,68.89121467366004,68.03007568478078,68.10835996145937,50530654
2020-07-17,68.8912124633789,69.36092408108776,68.5780693940039,69.12607125858696,48813379
2020-07-20,67.95178985595703,68.89121310005669,66.54264901710022,68.89121310005669,71647567
2020-07-21,66.77750396728516,67.4037841030345,66.62092945381758,67.3254998326542,74962395
2020-07-22,67.2472152709961,67.3254995410373,66.6209291652525,66.77750367804188,73724655
2020-07-23,67.57646179199219,67.90570281918679,66.75336236388083,66.91798601735327,78361972
2020-07-24,65.84794616699219,67.41183614440816,65.84794616699219,67.08259515762329,46595732
2020-07-27,64.20175170898438,65.76564178861474,64.20175170898438,65.51870946244945,66336332
2020-07-28,64.53099060058594,68.07031405444447,63.62558256726165,64.03713224420449,80001664
2020-07-29,64.20175170898438,65.68333310647628,64.20175170898438,64.69561008156504,39362154
2020-07-30,64.20175170898438,64.86023372559187,63.79020201854217,64.7779187637035,40501045
2020-07-31,64.53099060058594,65.3540899544716,64.53099060058594,64.61329928002456,43374202
2020-08-03,63.46096420288086,64.9425456749093,63.46096420288086,64.53099596376254,61172243
2020-08-04,64.2840576171875,64.36636629577424,63.79019926591742,63.9548166230909,23051382
2020-08-05,64.11944580078125,64.61330419472722,64.11944580078125,64.44868682332863,27876127
2020-08-06,65.02484893798828,65.6010159736402,64.61329926116558,65.2717812559818,33250505
2020-08-07,64.44868469238281,65.51871013059449,64.44868469238281,65.51871013059449,21862438
2020-08-10,66.25950622558594,66.58874726402341,65.10716573092999,65.18947442060174,49798520
2020-08-11,65.68333435058594,66.7533597981531,65.51871070344096,66.67105111445564,30816578
2020-08-12,67.00028991699219,67.08259859797225,65.76564086304178,66.58874023234206,45677601
2020-08-13,65.4364013671875,67.74108216623371,65.18946903880756,67.49414983785377,85508728
2020-08-14,66.17719268798828,66.42411873891453,65.51871065935157,65.68333430638576,34369498
2020-08-17,66.01256561279297,66.42411528938084,65.84794825405771,66.42411528938084,23393631
2020-08-18,65.68333435058594,66.25950141621826,65.27178465234856,66.25950141621826,27191399
2020-08-19,65.27178192138672,66.58873964469501,65.27178192138672,66.58873964469501,32048778
2020-08-20,63.46096420288086,65.76564509720282,62.22631506944057,65.51871275861467,61942250
2020-08-21,64.36636352539062,64.5309871552282,63.790196520332536,64.36636352539062,24487793
2020-08-24,63.87251663208008,64.53099870983625,63.87251663208007,64.36637505052197,21801923
2020-08-25,64.44868469238281,64.61330205833846,64.0371349977437,64.28406104667718,17655262
2020-08-26,64.36636352539062,64.5309871552282,64.11943750025831,64.4486784801841,16266412
2020-08-27,63.790199279785156,64.77791598254004,63.790199279785156,64.36636630976723,24154047
2020-08-28,63.790199279785156,64.36636630976723,63.46095828561698,63.70789060118052,25083462
2020-08-31,63.29634094238281,64.20174896673296,63.29634094238281,64.03713160948735,30580373
2020-09-01,63.37865447998047,63.62558681452979,62.884796090631944,63.2963457950474,18151104
2020-09-02,64.0371322631836,64.0371322631836,63.37865026798002,63.54326762690606,24934189
2020-09-03,63.9548225402832,65.27178663851701,63.87251385408115,64.8602369277565,41374369
2020-09-04,63.29634094238281,63.62558193662368,63.04940862676475,63.378649621005614,35776710
2020-09-07,63.625587463378906,63.79020483492379,63.214037754766494,63.214037754766494,20795188
2020-09-08,63.790199279785156,64.2840576311626,63.62558192257589,63.95481663699442,22118917
2020-09-09,64.11944580078125,64.11944580078125,63.04941404743984,63.62558740683529,22505471
2020-09-10,64.61329650878906,64.77791386060595,64.20174684949741,64.20174684949741,29117204
2020-09-11,64.61329650878906,64.61329650878906,64.20174684949741,64.61329650878906,16102726
2020-09-14,65.35408782958984,65.43639650635234,64.6956058559909,64.8602294892654,27029525
2020-09-15,65.1071548461914,65.35408715367453,64.94253749436895,65.35408715367453,16938546
2020-09-16,64.8602294921875,65.3540878325342,64.6956058589056,65.3540878325342,18122360
2020-09-17,64.2840576171875,65.10715696255417,64.20174893860076,64.69560728987084,20754040
2020-09-18,63.87251663208008,64.36637505052197,63.790207942298174,64.11944898117626,31389875
2020-09-21,63.70790100097656,64.44869178884561,63.62559230893571,63.87251838505828,19006472
2020-09-22,63.21403121948242,63.625580885547414,62.967098907943615,63.625580885547414,23201394
2020-09-23,63.131717681884766,63.543267357202794,63.0494090027711,63.378649998975455,17803854
2020-09-24,61.73244857788086,62.88478887395118,61.73244857788086,62.637856567739895,57338020
2020-09-25,61.156288146972656,62.308622287225106,60.99166449854368,62.061696234206764,38124876
2020-09-28,63.29634094238281,63.29634094238281,61.56783357230532,61.65014225092812,31682528
2020-09-29,63.37865447998047,64.53099490829378,63.37865447998047,63.62558681452979,31662973
2020-09-30,63.70790100097656,64.20175943297237,63.62559230893571,64.20175943297237,19229698
2020-10-05,63.9548225402832,64.61330458940012,63.790205167879094,64.36637225104371,19075464
2020-10-06,64.0371322631836,64.36636698103567,63.872508624507844,64.28405830157266,16976308
2020-10-07,63.70790100097656,64.03714204889066,63.46096864510332,63.70790100097656,17236406
2020-10-08,64.20175170898438,64.20175170898438,63.79020201854217,64.03713434470745,14942266
2020-10-12,64.77792358398438,64.86023855199801,64.28406517465453,64.53099751919464,37807427
2020-10-13,64.94254302978516,65.10716039563887,64.28406100687036,65.02485171271202,22946661
2020-10-14,64.20175170898438,64.86023372559187,64.20175170898438,64.28406039112284,36842974
2020-10-15,64.2840576171875,64.6132986112841,63.87250794450416,63.9548166230909,26260704
2020-10-16,64.69561004638672,65.76564175285459,64.366369038262,64.53099268219931,48409062
2020-10-19,66.91797637939453,67.08259372940744,65.60101246029379,65.84794476506252,85721985
2020-10-20,67.00028991699219,67.49414828262239,66.506431551362,67.08259859797225,45166857
2020-10-21,66.17719268798828,67.08260076755124,66.0948840043462,67.08260076755124,29912692
2020-10-22,66.50643920898438,66.50643920898438,66.09488947694797,66.50643920898438,23803904
2020-10-23,66.42411804199219,67.0002913809416,66.2595006764352,66.83566773563464,18545821
2020-10-26,66.01256561279297,66.75335628660106,65.84794825405771,66.75335628660106,14302954
2020-10-27,65.84794616699219,65.84794616699219,65.35408782668965,65.76563749023335,16558440
2020-10-28,64.44868469238281,65.60101881357231,64.366369729655,65.35409276463884,32904050
2020-10-29,64.20175170898438,64.3663690732613,63.21403496382304,63.87251070068062,30542424
2020-10-30,63.790199279785156,64.36636630976723,63.46095828561698,63.87250795838979,25967547
2020-11-02,64.44868469238281,64.44868469238281,63.70789398608244,63.790202669060264,17779122
2020-11-03,64.44868469238281,64.8602343870219,64.28406104667718,64.61330205833846,14572543
2020-11-04,64.8602294921875,65.3540878325342,64.20174751855889,64.5309885053732,18883924
2020-11-05,65.02484893798828,65.2717812559818,64.61329926116558,65.02484893798828,14635844
2020-11-06,65.60101318359375,65.76563681517112,65.27177847993788,65.51870450767979,20743330
2020-11-09,66.83566284179688,67.08259515180147,66.25949582478549,66.42411317828889,40370761
2020-11-10,66.50643920898438,66.83567397081306,66.09488947694797,66.7533652803559,21803806
2020-11-11,67.16490173339844,67.24721040758259,66.1771850836901,66.50642606017598,36673265
2020-11-12,67.4118423461914,67.49415103052252,66.50643425904904,67.2472186977791,40247491
2020-11-13,67.00028991699219,67.49414828262239,66.58874023234206,67.41183960164233,32154345
2020-11-16,67.9880142211914,68.23494657138632,67.41184711040398,67.49415580055211,50569861
2020-11-17,68.31724548339844,68.56417779825033,67.74107845507685,68.39955416176585,38225431
2020-11-18,68.48186492919922,68.6464885707056,68.070315245058,68.23493888656438,30867662
2020-11-19,68.23493957519531,68.48186562032215,67.90569856860965,68.07031593202754,23168892
2020-11-20,67.90569305419922,68.56417501389726,67.57645207435019,68.56417501389726,24772897
2020-11-23,68.23493957519531,68.48186562032215,67.90569856860965,68.23493957519531,24562403
2020-11-24,67.49414825439453,68.3995563042962,67.49414825439453,68.3995563042962,22681919
2020-11-25,67.49414825439453,67.90569793887255,67.08259856991651,67.8233892579269,23261567
2020-11-26,68.31724548339844,68.48186284013327,67.9056958118117,67.98800449017912,33348687
2020-11-27,67.9880142211914,68.31725526153446,67.90570553104328,68.31725526153446,20952764
2020-11-30,67.7410888671875,68.31725598406857,67.49415651438099,68.07032363126206,60143496
2020-12-01,68.23493957519531,68.23493957519531,67.65876624373294,67.90569856860965,24728091
2020-12-02,68.0703125,68.56417712485334,67.82338646732289,68.31724481242667,34377676
2020-12-03,67.49414825439453,67.8233892579269,67.41183957344889,67.74108057698128,30592924
2020-12-04,68.23493957519531,68.64648926348993,67.9880072503186,68.31724825690426,47939163
2020-12-07,72.3504409790039,72.51505835270801,68.39956121260256,68.56418486605695,163202466
2020-12-08,72.10350799560547,73.83201552308313,71.85658193725165,72.76199004404944,118078656
2020-12-09,73.25584411621094,73.50277643973855,72.59736210663719,72.84429443016481,67687451
2020-12-10,72.18580627441406,73.00890557642448,71.69194794915768,72.76197955367094,54001144
2020-12-11,72.10350799560547,72.84429873016738,70.62193280623185,72.84429873016738,61132200
2020-12-14,72.18580627441406,73.25583787892734,72.18580627441406,72.67967087941976,47831161
2020-12-15,71.69195556640625,72.67967860161362,71.19809718867756,72.67967860161362,38829235
2020-12-16,72.59736633300781,72.59736633300781,71.93889056484971,72.43274896090584,46567554
2020-12-17,72.26812744140625,72.76198580912033,72.10350379900166,72.67967712779296,28002430
2020-12-18,72.18580627441406,72.59735592541928,72.0211889259117,72.5150472511681,27662859
2020-12-21,72.4327392578125,72.84428891268644,71.52733127303972,72.5150479328374,28796357
2020-12-22,72.18580627441406,74.49048683194296,72.0211889259117,72.43273857691692,93748698
2020-12-23,73.09122467041016,73.58508302363934,72.67967499609422,72.84429235392072,56084453
2020-12-24,73.74970245361328,73.99663477704078,73.25584408650815,73.6673937723874,41068845
2020-12-25,75.5605239868164,75.88975870800533,74.73742462434454,74.81973330464177,113953143
2020-12-28,75.5605239868164,76.54824070988272,75.5605239868164,76.05438234834956,67270084
2020-12-29,74.40818786621094,75.56052829532872,74.40818786621094,75.56052829532872,45541806
2020-12-30,75.3958969116211,75.3958969116211,74.16124792416088,74.9020385725869,40032714
2020-12-31,75.72514343261719,75.72514343261719,74.98435273004377,75.31359374004862,32172356
2021-01-04,82.2276382446289,82.30994693561439,76.79518300282847,76.87749169381397,232054808
2021-01-05,85.60234069824219,86.42544012803299,83.13304240886983,83.13304240886983,232720464
2021-01-06,86.42543029785156,89.71782764253162,83.95613228934151,88.4831786382766,220680394
2021-01-07,88.07162475585938,88.89472405264311,86.83697581068378,88.89472405264311,113608177
2021-01-08,88.89473724365234,90.12938637203641,87.24853840580693,89.71783666257505,114222138
2021-01-11,88.48318481445312,89.71783390488736,87.66008542083031,88.89473451126455,70025114
2021-01-12,85.60234069824219,88.07163898761456,84.7792412684514,87.66008927271916,105949230
2021-01-13,87.66007995605469,88.07162962720987,86.42543094258913,86.42543094258913,78943569
2021-01-14,95.47953033447266,96.30262973390776,88.89473513899179,89.7178345384269,316406354
2021-01-15,95.06797790527344,97.94882572058475,93.01022946576535,97.12572634478153,170231060
2021-01-18,93.83333587646484,95.47953475149055,91.3640375639263,95.06798503273411,94781807
2021-01-19,94.65642547607422,95.89107450402302,93.83332612410837,94.65642547607422,86180045
2021-01-20,94.24488067626953,97.53727825447982,93.83333097899325,95.89107946537467,132669313
2021-01-21,96.30262756347656,96.71417725391876,94.65642880170773,95.89107787303435,86888141
2021-01-22,100.00657653808594,100.00657653808594,96.30262925889757,96.71417895658517,220512284
2021-01-25,101.24122619628906,102.06432559625888,96.71417949645499,100.41812679631923,140354341
2021-01-26,100.41812133789062,102.88741940357646,98.7719226274334,100.82967101550493,128809261
2021-01-27,101.24122619628906,102.4758752962438,100.82967649630415,102.06432559625888,88077943
2021-01-28,97.53727722167969,99.5950256862721,97.1257275287612,98.77192630043513,123343574
2021-01-29,91.77558135986328,98.77192612720712,91.77558135986328,97.94882674281374,180839900
2021-02-01,93.01022338867188,94.24487237170734,88.89472677855365,91.36402474462459,125774649
2021-02-02,95.89107513427734,97.125724170341,93.83332674083792,94.65642609821369,83620277
2021-02-03,95.89107513427734,97.53727384902889,94.65642609821369,97.125724170341,56279288
2021-02-04,93.83333587646484,95.47953475149055,93.01023643895199,94.24488559522128,63941176
2021-02-05,93.42178344726562,95.89108168816252,93.01023374044948,94.65643256771406,87886466
2021-02-17,93.83333587646484,95.47953475149055,92.59868672019557,94.6564353139777,91093426
2021-02-18,93.01022338867188,94.24487237170734,93.01022338867188,93.4217730496837,47106193
2021-02-19,90.54092407226562,92.5986723466353,90.12937441739169,92.18712269176136,85959400
2021-02-22,91.3640365600586,93.83333484546557,91.3640365600586,91.77558627429309,60362039
2021-02-23,91.77558135986328,92.59868074425668,89.3062832066831,90.1293825910765,50872508
2021-02-24,90.95248413085938,93.8333320445065,90.95248413085938,92.18713323670815,54709354
2021-02-25,95.89107513427734,95.89107513427734,93.83332674083792,94.65642609821369,112185849
2021-02-26,92.1871337890625,94.65643201555524,92.1871337890625,94.24488231113979,120238472
2021-03-02,92.1871337890625,94.24488231113979,92.1871337890625,94.24488231113979,53842839
2021-03-03,95.06797790527344,95.47952759317505,92.18713008996212,93.01022946576535,86556063
2021-03-04,94.24488067626953,95.47952976809839,92.1871321898881,95.0679800708221,79169388
2021-03-05,94.65642547607422,95.47952482804008,92.59867709615956,93.42177644812543,86577805
2021-03-08,93.42178344726562,95.89108168816252,93.01023374044948,95.47953198134635,54467978
2021-03-09,94.65642547607422,94.65642547607422,92.18712742017664,93.0102267721425,43931623
2021-03-10,95.06797790527344,96.30262696897829,94.65642821737183,95.47952759317505,47780881
2021-03-11,96.30262756347656,97.12572694436098,95.47952818259215,95.89107787303435,75529976
2021-03-12,98.77192687988281,98.77192687988281,96.7141784032186,96.7141784032186,95891682
2021-03-15,99.59503173828125,100.41813117413481,97.53728314864733,98.77193230242769,69445679
2021-03-16,101.24122619628906,101.65277589627397,99.5950273963494,100.00657709633431,93143082
2021-03-17,103.71052551269531,105.35672433035714,101.24122728620256,101.65277699061802,143286602
2021-03-18,106.59136962890625,108.23756838765384,105.35672055984556,105.35672055984556,138285317
2021-03-19,101.65277862548828,104.53362660272883,101.65277862548828,104.53362660272883,162495850
2021-03-22,107.00291442871094,107.00291442871094,102.06431837815505,102.06431837815505,108447343
2021-03-23,107.41446685791016,110.70686430949361,107.00291717646222,109.47221526514981,113002380
2021-03-24,105.35671997070312,108.6491174697876,104.12207090854645,107.00291872024536,80879262
2021-03-25,104.12207794189453,106.59137623300666,103.29897851152383,104.53362765707989,64485260
2021-03-26,104.12207794189453,105.3567270874506,103.71052822670917,104.94517737226523,52856534
2021-03-29,105.76827239990234,106.17982209795645,104.94517300379417,105.35672270184826,41198716
2021-03-30,106.59136962890625,107.00291931859314,105.76827024953245,106.59136962890625,46587752
2021-03-31,102.06432342529297,104.12207188144806,101.24122404283092,102.887422807755,130007897
2021-04-01,100.00657653808594,103.29897411958672,99.18347714271074,102.47587472421152,97056517
2021-04-07,101.65277862548828,102.475878047557,100.82967920341954,102.06432833652265,33781367
2021-04-08,100.82966613769531,101.2412157954002,100.00656682228556,101.2412157954002,38840858
2021-04-09,98.77192687988281,101.2412250518799,98.77192687988281,101.2412250518799,80329342
2021-04-12,99.18347930908203,100.4181284291121,97.94883018905198,98.77192960240535,69260254
2021-04-13,100.82966613769531,101.2412157954002,99.59501716458068,100.00656682228556,49602834
2021-04-14,100.00657653808594,101.65277532883633,97.94882804964796,101.24122563114874,53282943
2021-04-15,99.59503173828125,99.59503173828125,98.3603825845009,99.59503173828125,39497137
2021-04-16,101.65277862548828,102.06432833652265,100.41812949238518,100.41812949238518,52975405
2021-04-19,100.00657653808594,101.65277532883633,100.00657653808594,101.65277532883633,32187002
2021-04-20,100.41812133789062,100.41812133789062,99.595021982662,100.00657166027632,26160003
2021-04-21,98.77192687988281,100.00657596588135,98.77192687988281,99.59502627054852,34814313
2021-04-22,96.71417236328125,100.41811938996011,96.71417236328125,100.41811938996011,67451616
2021-04-23,97.9488296508789,97.9488296508789,96.30263083321707,96.30263083321707,39251297
2021-04-26,96.71417236328125,98.77192071143617,96.71417236328125,98.3603710418052,40961898
2021-04-27,97.53727722167969,99.18347599335361,97.1257275287612,97.53727722167969,54358808
2021-04-28,96.30262756347656,97.53727663480318,96.30262756347656,97.12572694436098,38888642
2021-04-29,95.47953033447266,97.53727883306043,95.47953033447266,97.12572913334287,45671359
2021-05-03,92.59867095947266,94.6564192030165,92.18712131076389,94.6564192030165,71622387
2021-05-04,89.30628967285156,92.18713772681453,88.48319022886216,92.18713772681453,86723115
2021-05-05,90.54092407226562,93.42177165638316,90.54092407226562,90.54092407226562,65337936
2021-05-06,92.59867095947266,93.01022060818143,90.95247236463759,92.18712131076389,37607241
2021-05-07,96.71417236328125,96.71417236328125,93.83332467586436,94.24487434549535,60426256
2021-05-10,93.01022338867188,95.89107101575463,93.01022338867188,95.4795213547428,41561886
2021-05-11,88.07162475585938,90.54092264621057,87.24852545907565,90.1293729978187,80002280
2021-05-12,83.95613861083984,87.66008590249454,79.42909192103966,85.60233740713083,149627674
2021-05-13,84.77923583984375,86.42543459401547,80.82835631793166,81.89838802004324,70416230
2021-05-14,86.01388549804688,87.24853457218153,85.19078611529045,86.42543518942509,43828851
2021-05-17,80.82836151123047,83.95614185701955,79.92295339421267,82.309942997078,96882339
2021-05-18,88.07162475585938,88.48317440425124,83.13302897515699,83.54457862354884,81635753
2021-05-19,86.42543029785156,87.66007930210658,85.60233096168155,87.66007930210658,47341275
2021-05-20,87.24853515625,87.66008485038326,86.01388607385023,86.42543576798349,42732251
2021-05-21,90.12937927246094,90.54092894950413,88.89473024133133,88.89473024133133,53869601
2021-05-24,90.12937927246094,90.54092894950413,88.89473024133133,89.30627991837453,31062650
2021-05-25,92.1871337890625,93.01023319789341,90.95248467581612,91.36403438023159,50727292
2021-05-26,91.77558135986328,93.42178012865007,90.9524819754699,93.42178012865007,24690941
2021-05-27,90.12937927246094,90.95247862654733,88.48318056428813,90.54092894950413,61173641
2021-05-28,91.3640365600586,91.77558627429309,90.5409371315896,90.9524868458241,26886430
2021-05-31,93.42178344726562,93.42178344726562,91.77558462000103,92.18713432681717,34198356
2021-06-01,94.24488067626953,94.65643037354582,93.42178128171696,94.24488067626953,22263808
2021-06-02,92.1871337890625,95.0679817199707,91.36403438023159,94.65643201555524,32957334
2021-06-03,91.3640365600586,93.01023541699658,90.9524868458241,93.01023541699658,23957797
2021-06-04,92.1871337890625,92.59868349347795,89.71783556256975,90.54093497140066,28808854
2021-06-07,90.95248413085938,92.59868293865775,89.71783502501061,92.59868293865775,20309568
2021-06-08,90.95248413085938,91.77558353475855,90.5409344289098,91.36403383280897,18203485
2021-06-09,90.12937927246094,91.36402830359053,90.12937927246094,90.54092894950413,22680962
2021-06-10,90.95248413085938,91.77558353475855,90.1293847269602,90.5409344289098,18992629
2021-06-11,93.42178344726562,94.24488286089792,91.77558462000103,91.77558462000103,36017587
2021-06-15,93.01022338867188,94.24487237170734,92.18712406664822,93.4217730496837,23544247
2021-06-16,91.77558135986328,93.01023043645337,91.77558135986328,92.18713105205998,23871999
2021-06-17,93.01022338867188,93.01022338867188,90.54092542260094,90.95247508361275,18109232
2021-06-18,91.77558135986328,93.01023043645337,91.77558135986328,92.59868074425668,29445549
2021-06-21,89.30628967285156,90.9524885608304,89.30628967285156,90.9524885608304,34818980
2021-06-22,89.30628967285156,90.54093883883569,89.30628967285156,90.12938911684098,21910960
2021-06-23,91.77558135986328,92.18713105205998,89.3062832066831,89.7178328988798,27710302
2021-06-24,93.01022338867188,93.83332271069551,91.36402474462459,91.7755744056364,31065987
2021-06-25,93.01022338867188,94.65642203271916,93.01022338867188,93.83332271069551,35574740
2021-06-28,91.77558135986328,93.42178012865007,91.3640316676666,93.01023043645337,23702001
2021-06-29,91.77558135986328,92.59868074425668,91.77558135986328,92.59868074425668,17706887
2021-06-30,92.1871337890625,93.42178290230886,92.1871337890625,92.1871337890625,31076380
2021-07-01,92.1871337890625,92.59868349347795,91.77558408464704,92.59868349347795,15859329
2021-07-02,91.77558135986328,92.59868074425668,91.77558135986328,92.18713105205998,16486732
2021-07-05,96.30262756347656,96.30262756347656,92.18713065905449,92.59868034949669,80145148
2021-07-06,95.89107513427734,96.71417449165313,95.06797577690158,95.89107513427734,43748805
2021-07-07,94.65642547607422,96.30262418000595,94.65642547607422,95.89107450402302,27901240
2021-07-08,95.06797790527344,95.89107728107668,94.65642821737183,94.65642821737183,23792227
2021-07-09,93.83333587646484,94.6564353139777,93.01023643895199,94.24488559522128,28407636
2021-07-12,94.65642547607422,95.47952482804008,94.2448758000913,95.06797515205716,17024161
2021-07-13,95.89107513427734,96.30262481296523,95.06797577690158,95.47952545558947,36478720
2021-07-14,95.47953033447266,96.71417943362532,95.47953033447266,96.71417943362532,27098250
2021-07-15,98.3603744506836,98.77192413457766,95.89107634731914,96.30262603121322,62649339
2021-07-16,98.3603744506836,98.3603744506836,97.12572539900137,97.53727508289545,33640925
2021-07-19,95.89107513427734,97.94882352771677,95.47952545558947,97.53727384902889,31735324
2021-07-20,94.24488067626953,95.47952976809839,94.24488067626953,94.65643037354582,26267081
2021-07-21,92.59867095947266,95.47951850043403,92.18712131076389,95.47951850043403,62986162
2021-07-22,94.3055648803711,96.01245293250452,92.59867682823769,93.02539884127104,59259611
2021-07-23,94.3055648803711,95.58573091947116,93.87884286733774,95.58573091947116,21521533
2021-07-26,93.87884521484375,94.73228926225141,92.59867914373224,94.73228926225141,33363024
2021-07-27,95.15901184082031,95.58573386701232,93.87884576224425,94.73228981462829,27586534
2021-07-28,94.3055648803711,94.73228689340445,93.02539884127104,94.3055648803711,32678903
2021-07-29,94.73228454589844,95.15900654835744,93.87884054098043,94.73228454589844,20815906
2021-07-30,93.87884521484375,95.15901128595526,93.45212319113992,93.87884521484375,28280514
2021-08-02,96.43917083740234,96.43917083740234,93.87883886826776,94.73228285797929,24048289
2021-08-03,95.15901184082031,96.43917791939637,94.30556778843626,96.01245589320435,21627785
2021-08-04,95.58573913574219,96.01246118545532,94.73229503631592,95.58573913574219,21197328
2021-08-05,95.58573913574219,95.58573913574219,94.73229503631592,94.73229503631592,19911790
2021-08-06,96.01244354248047,96.43916551378038,94.73227762858073,95.15899959988064,41254699
2021-08-09,95.58573913574219,96.01246118545532,94.73229503631592,95.58573913574219,23189411
2021-08-10,92.59867858886719,95.58573273689517,92.59867858886719,95.15901071574831,42815166
2021-08-11,93.02539825439453,93.02539825439453,90.46506619234698,91.3185102130295,46678699
2021-08-12,93.02539825439453,93.4521202647358,92.17195423371201,93.02539825439453,18499146
2021-08-13,93.02539825439453,93.87884227507705,92.17195423371201,93.4521202647358,46504498
2021-08-16,91.7452392578125,93.02540538699128,90.89179517169332,92.5986833439317,34806631
2021-08-17,91.7452392578125,91.7452392578125,91.7452392578125,91.7452392578125,0
2021-08-18,91.31851196289062,91.7452339814088,89.18490187029973,90.03834590733608,31829261
2021-08-19,87.90473175048828,90.46506374322095,87.4780097516995,90.46506374322095,51471834
2021-08-20,89.18489837646484,90.46506438186864,87.05128836745851,88.75817637466358,30316791
2021-08-23,91.7452392578125,92.1719613008721,90.03835108557413,90.03835108557413,22499882
2021-08-24,93.02539825439453,93.02539825439453,91.74523222337076,92.59867624405328,17889785
2021-08-25,92.59867858886719,93.02540061001405,91.74523454657349,93.02540061001405,14045849
2021-08-26,91.7452392578125,93.02540538699128,91.31851721475292,92.5986833439317,12987155
2021-08-27,92.17195892333984,92.59868095539234,90.89179282718234,91.74523689128733,13808230
2021-08-30,93.02539825439453,93.02539825439453,91.74523222337076,92.59867624405328,13911174
2021-08-31,94.73228454589844,94.73228454589844,92.17195253114443,92.59867453360343,30458896
2021-09-01,94.73228454589844,95.58572855081644,93.87884054098043,94.73228454589844,22232171
2021-09-02,95.15901184082031,96.43917791939637,94.30556778843626,94.73228981462829,29565666
2021-09-03,96.01244354248047,96.43916551378038,95.15899959988064,95.58572157118056,23894007
2021-09-06,94.73228454589844,96.43917255573444,94.30556254343944,96.01245055327544,18270142
2021-09-07,92.59867858886719,93.87884465230775,92.17195656772034,93.4521226311609,23133531
2021-09-08,91.7452392578125,93.45212743005088,91.31851721475292,92.5986833439317,28436166
2021-09-09,91.31851196289062,91.7452339814088,90.46506792585426,90.89178994437245,20347345
2021-09-10,92.17195892333984,92.59868095539234,91.31851485923484,91.31851485923484,13206233
2021-09-13,90.89178466796875,92.17195064920776,90.89178466796875,91.74522865546142,15297618
2021-09-14,91.7452392578125,92.1719613008721,90.89179517169332,91.7452392578125,19165417
2021-09-15,92.59867858886719,94.3055666734546,91.74523454657349,92.17195656772034,63262671
2021-09-16,91.7452392578125,93.45212743005088,91.7452392578125,92.5986833439317,22861780
2021-09-17,92.59867858886719,93.4521226311609,91.31851252542663,91.74523454657349,38649036
2021-09-22,91.31851196289062,91.7452339814088,90.46506792585426,90.89178994437245,38460147
2021-09-23,90.89178466796875,92.17195064920776,90.46506267422242,91.31850666171509,18878589
2021-09-24,91.7452392578125,92.1719613008721,91.31851721475292,91.7452392578125,15280177
2021-09-27,91.7452392578125,92.5986833439317,91.31851721475292,91.31851721475292,13850268
2021-09-28,90.89178466796875,91.74522865546142,90.46506267422242,91.31850666171509,22169547
2021-09-29,89.61161804199219,90.03834003266834,89.18489605131604,89.61161804199219,32073278
2021-09-30,89.61161804199219,90.4650620233445,88.75817406063989,89.61161804199219,22552355
2021-10-01,87.90473175048828,89.6116197456434,87.90473175048828,89.18489774685462,34131219
2021-10-04,87.90473175048828,89.6116197456434,87.4780097516995,89.18489774685462,25219519
2021-10-05,86.62457275390625,87.4780168204472,86.19785072063577,87.05129478717673,41574679
2021-10-06,87.90473175048828,89.18489774685462,87.90473175048828,88.33145374927706,38805074
2021-10-07,91.31851196289062,91.31851196289062,88.75817985178153,89.18490187029973,38220702
2021-10-08,92.17195892333984,92.17195892333984,90.89179282718234,91.74523689128733,27430627
2021-10-12,89.61161804199219,91.3185060046968,89.18489605131604,90.89178401402066,38628919
2021-10-13,90.0383529663086,90.89179707025464,89.18490886236253,90.46507501828161,18684819
2021-10-14,90.89178466796875,91.74522865546142,90.89178466796875,91.31850666171509,17684751
2021-10-15,93.4521255493164,93.87884758378817,91.74523741142936,92.17195944590112,49011891
2021-10-18,91.7452392578125,94.73229355922966,91.31851721475292,94.30557151617006,42099090
2021-10-19,91.31851196289062,93.02540003696335,90.89178994437245,92.59867801844517,26270635
2021-10-20,91.7452392578125,92.5986833439317,90.89179517169332,91.7452392578125,29381245
2021-10-21,92.17195892333984,92.59868095539234,91.31851485923484,92.17195892333984,30517157
2021-10-22,91.7452392578125,92.5986833439317,91.31851721475292,92.1719613008721,14667653
2021-10-25,92.17195892333984,93.02540298744483,91.31851485923484,91.74523689128733,21027449
2021-10-26,93.02539825439453,93.4521202647358,92.17195423371201,92.59867624405328,18026359
2021-10-27,92.17195892333984,93.02540298744483,91.74523689128733,93.02540298744483,15831617
2021-10-28,92.59867858886719,93.02540061001405,91.74523454657349,92.17195656772034,14181424
2021-10-29,91.31851196289062,92.59867801844517,91.31851196289062,92.59867801844517,20664910
2021-11-01,90.89178466796875,92.17195064920776,90.89178466796875,92.17195064920776,18124077
2021-11-02,91.7452392578125,92.5986833439317,91.31851721475292,91.31851721475292,20172294
2021-11-03,91.7452392578125,92.5986833439317,91.7452392578125,91.7452392578125,12249306
2021-11-04,92.17195892333984,92.59868095539234,91.74523689128733,92.59868095539234,11307246
2021-11-05,93.02539825439453,93.02539825439453,91.74523222337076,92.17195423371201,17621370
2021-11-08,91.7452392578125,92.1719613008721,91.31851721475292,91.7452392578125,19912872
2021-11-09,92.17195892333984,92.17195892333984,91.31851485923484,91.74523689128733,23901115
2021-11-10,93.02539825439453,93.4521202647358,91.74523222337076,92.17195423371201,22839265
2021-11-11,91.7452392578125,93.02540538699128,91.7452392578125,92.5986833439317,18674012
2021-11-12,93.02539825439453,93.4521202647358,92.17195423371201,92.59867624405328,26633641
2021-11-15,92.17195892333984,93.87884705154984,92.17195892333984,93.02540298744483,25735186
2021-11-16,92.17195892333984,93.02540298744483,92.17195892333984,92.59868095539234,15746287
2021-11-17,91.31851196289062,92.59867801844517,90.89178994437245,92.59867801844517,31800650
2021-11-18,91.31851196289062,91.7452339814088,90.89178994437245,91.31851196289062,30441523
2021-11-19,90.89178466796875,92.17195064920776,90.89178466796875,91.74522865546142,20714969
2021-11-22,90.89178466796875,91.74522865546142,90.89178466796875,91.31850666171509,17750562
2021-11-23,90.46507263183594,91.31851671326835,90.46507263183594,90.89179467255214,22288461
2021-11-24,90.0383529663086,90.89179707025464,89.18490886236253,90.46507501828161,29810172
2021-11-25,89.61161804199219,90.89178401402066,89.61161804199219,90.89178401402066,17457242
2021-11-26,88.33146667480469,89.61163285849752,88.33146667480469,89.61163285849752,24109403
2021-11-29,88.33146667480469,90.03835491972845,87.47802255234281,87.90474461357375,27800208
2021-11-30,88.33146667480469,90.03835491972845,87.90474461357375,88.75818873603563,49334401
2021-12-01,90.0383529663086,90.46507501828161,88.33146475841649,88.33146475841649,22443321
2021-12-02,89.61161804199219,91.3185060046968,89.61161804199219,89.61161804199219,27037026
2021-12-03,89.61161804199219,90.4650620233445,89.61161804199219,90.03834003266834,18091990
2021-12-06,90.89178466796875,91.31850666171509,89.61161868672976,90.0383406804761,22698693
2021-12-07,90.46507263183594,91.74523875398455,89.61162855040352,90.46507263183594,25236546
2021-12-08,89.61161804199219,91.3185060046968,89.61161804199219,90.89178401402066,35111410
2021-12-09,90.46507263183594,90.46507263183594,89.61162855040352,89.61162855040352,15077799
2021-12-10,89.61161804199219,90.4650620233445,89.18489605131604,90.03834003266834,20356210
2021-12-13,89.18489837646484,90.46506438186864,89.18489837646484,89.61162037826611,17305354
2021-12-14,89.18489837646484,90.03834238006738,88.75817637466358,89.18489837646484,22026866
2021-12-15,89.61161804199219,89.61161804199219,88.33145206996373,88.75817406063989,22944995
2021-12-16,88.33146667480469,90.4650769809594,88.33146667480469,90.03835491972845,33943652
2021-12-17,88.33146667480469,88.75818873603563,87.90474461357375,88.33146667480469,31642630
2021-12-20,87.90473175048828,88.75817574806584,87.90473175048828,88.33145374927706,17983356
2021-12-21,89.18489837646484,89.18489837646484,87.90473237106104,88.33145437286231,13187322
2021-12-22,88.33146667480469,89.18491079726657,88.33146667480469,89.18491079726657,11494283
2021-12-23,88.75818634033203,89.18490839004517,88.3314642906189,88.75818634033203,13822871
2021-12-24,88.75818634033203,89.6116304397583,88.75818634033203,89.18490839004517,11585049
2021-12-27,89.18489837646484,89.61162037826611,88.75817637466358,89.18489837646484,8809417
2021-12-28,90.0383529663086,90.0383529663086,89.18490886236253,89.18490886236253,15514907
2021-12-29,89.61161804199219,90.03834003266834,89.18489605131604,89.61161804199219,13358175
2021-12-30,88.75818634033203,89.6116304397583,88.75818634033203,89.18490839004517,16940701
2022-01-03,87.90473175048828,89.6116197456434,87.90473175048828,89.18489774685462,21800309
2022-01-04,88.33146667480469,88.75818873603563,87.90474461357375,88.75818873603563,18097232
2022-01-05,93.02539825439453,94.73228629575958,88.33145614064068,88.75817815098195,142256949
2022-01-06,91.31851196289062,92.59867801844517,90.46506792585426,92.17195599992698,49111058
2022-01-07,90.89178466796875,92.59867264295409,90.46506267422242,92.17195064920776,38575103
2022-01-10,89.18489837646484,90.89178638366991,88.75817637466358,90.46506438186864,34566857
2022-01-11,89.18489837646484,89.61162037826611,88.75817637466358,89.18489837646484,26075278
2022-01-12,89.18489837646484,90.03834238006738,88.75817637466358,89.61162037826611,18805639
2022-01-13,90.0383529663086,90.0383529663086,89.18490886236253,89.61163091433556,19590729
2022-01-14,88.33146667480469,90.03835491972845,87.90474461357375,89.61163285849752,38360049
2022-01-17,88.33146667480469,89.18491079726657,88.33146667480469,88.33146667480469,16094235
2022-01-18,88.33146667480469,89.18491079726657,88.33146667480469,89.18491079726657,14778734
2022-01-19,88.33146667480469,89.18491079726657,87.90474461357375,88.33146667480469,23938918
2022-01-20,87.90473175048828,88.75817574806584,87.90473175048828,88.33145374927706,28843468
2022-01-21,87.0512924194336,87.90473646276138,87.0512924194336,87.47801444109749,32900646
2022-01-24,87.90473175048828,89.18489774685462,87.4780097516995,87.90473175048828,41645390
2022-01-25,87.90473175048828,88.33145374927706,87.05128775291072,87.90473175048828,28944982
2022-01-26,87.0512924194336,88.33145848442527,87.0512924194336,87.90473646276138,33050112
2022-02-07,87.90473175048828,89.18489774685462,87.4780097516995,87.4780097516995,33556371
2022-02-08,90.0383529663086,90.46507501828161,87.90474270644346,88.7581868103895,42889717
2022-02-09,90.89178466796875,90.89178466796875,90.0383406804761,90.46506267422242,22694894
2022-02-10,90.89178466796875,91.31850666171509,90.0383406804761,90.89178466796875,20096356
2022-02-11,90.46507263183594,90.46507263183594,89.18490650968731,90.03835059111972,16613415
2022-02-14,88.75818634033203,89.6116304397583,88.3314642906189,89.6116304397583,22322581
2022-02-15,88.75818634033203,89.6116304397583,88.75818634033203,88.75818634033203,13442567
2022-02-16,90.0383529663086,90.46507501828161,89.18490886236253,89.61163091433556,13415034
2022-02-17,90.46507263183594,90.89179467255214,89.61162855040352,90.46507263183594,25431607
2022-02-18,90.0383529663086,90.46507501828161,89.61163091433556,89.61163091433556,11303877
2022-02-21,90.46507263183594,91.31851671326835,89.18490650968731,89.61162855040352,23424745
2022-02-22,89.18489837646484,90.03834238006738,88.75817637466358,89.61162037826611,25922027
2022-02-23,89.61161804199219,90.03834003266834,89.18489605131604,89.18489605131604,14519774
2022-02-24,87.47801208496094,89.18490012564311,87.47801208496094,88.75817811547256,47297284
2022-02-25,87.90473175048828,88.33145374927706,87.4780097516995,87.90473175048828,29597295
2022-03-01,89.18489837646484,90.03834238006738,88.33145437286231,88.75817637466358,28845483
2022-03-02,89.18489837646484,89.61162037826611,88.75817637466358,88.75817637466358,13781632
2022-03-03,89.18489837646484,90.03834238006738,89.18489837646484,89.61162037826611,13799475
2022-03-04,89.61161804199219,89.61161804199219,88.33145206996373,88.75817406063989,18406414
2022-03-07,87.47801208496094,88.75817811547256,87.47801208496094,88.75817811547256,43631775
2022-03-08,86.62457275390625,87.4780168204472,85.34440665409483,86.62457275390625,60192113
2022-03-09,86.62457275390625,87.4780168204472,86.62457275390625,87.05129478717673,29168018
2022-03-10,87.90473175048828,88.75817574806584,87.4780097516995,87.90473175048828,25008712
2022-03-11,88.33146667480469,88.75818873603563,87.47802255234281,87.90474461357375,23629440
2022-03-14,87.47801208496094,88.75817811547256,87.47801208496094,87.90473409513149,25796152
2022-03-15,86.19784545898438,87.90473348787516,86.19784545898438,87.05128947342976,31099190
2022-03-16,86.62457275390625,87.4780168204472,85.34440665409483,86.62457275390625,35941142
2022-03-17,88.75818634033203,89.18490839004517,87.90474224090576,88.3314642906189,43536754
2022-03-18,90.46507263183594,90.46507263183594,88.3314624282549,89.61162855040352,82056684
2022-03-21,89.18489837646484,90.89178638366991,89.18489837646484,90.46506438186864,21118636
2022-03-22,88.75818634033203,89.18490839004517,88.3314642906189,88.75818634033203,21010720
2022-03-23,90.0383529663086,90.0383529663086,88.7581868103895,89.18490886236253,19285529
2022-03-24,90.89178466796875,92.17195064920776,89.18489669298343,89.61161868672976,50161697
2022-03-25,90.46507263183594,91.31851671326835,90.46507263183594,90.89179467255214,20559680
2022-03-28,90.46507263183594,90.89179467255214,89.18490650968731,90.03835059111972,19827138
2022-03-29,90.0383529663086,90.89179707025464,89.18490886236253,90.46507501828161,15281994
2022-03-30,90.0383529663086,90.46507501828161,89.61163091433556,90.46507501828161,19929601
2022-03-31,90.46507263183594,90.89179467255214,90.03835059111972,90.46507263183594,20008814
2022-04-01,89.18489837646484,90.03834238006738,89.18489837646484,89.61162037826611,23307788
2022-04-06,89.61161804199219,89.61161804199219,88.75817406063989,89.18489605131604,31289599
2022-04-07,87.90473175048828,89.6116197456434,87.90473175048828,89.18489774685462,34459124
2022-04-08,87.90473175048828,88.33145374927706,87.4780097516995,87.90473175048828,24825800
2022-04-11,87.0512924194336,88.33145848442527,86.6245703977697,87.90473646276138,28845321
2022-04-12,87.0512924194336,87.90473646276138,86.6245703977697,87.0512924194336,17640348
2022-04-13,88.75818634033203,89.18490839004517,87.47802019119263,87.90474224090576,15837431
2022-04-14,88.75818634033203,89.18490839004517,88.3314642906189,88.75818634033203,8896584
2022-04-15,87.90473175048828,88.75817574806584,87.90473175048828,88.33145374927706,11699116
2022-04-18,87.47801208496094,87.90473409513149,87.0512900747904,87.0512900747904,11383276
2022-04-19,87.0512924194336,88.33145848442527,87.0512924194336,87.90473646276138,17643855
2022-04-20,87.90473175048828,87.90473175048828,87.05128775291072,87.4780097516995,19489328
2022-04-21,87.90473175048828,88.75817574806584,87.90473175048828,88.33145374927706,18357634
2022-04-22,88.33146667480469,88.33146667480469,87.05130049111187,87.47802255234281,16603902
2022-04-25,85.77112579345703,87.47801386894871,85.77112579345703,87.47801386894871,40565427
2022-04-26,86.19784545898438,86.62456746620707,85.77112345176168,86.19784545898438,20545513
2022-04-27,85.34440612792969,85.77112815856933,85.08837030504131,85.25906302405404,29697752
2022-04-28,86.62457275390625,86.62457275390625,85.34440665409483,85.34440665409483,27751372
2022-04-29,87.0512924194336,87.0512924194336,86.6245703977697,86.6245703977697,14137983
2022-05-03,87.47801208496094,87.90473409513149,86.62456806461987,87.0512900747904,17216495
2022-05-04,88.75818634033203,89.18490839004517,87.90474224090576,88.3314642906189,29912716
2022-05-05,89.18489837646484,90.03834238006738,88.75817637466358,89.61162037826611,34766562
2022-05-06,88.75818634033203,88.75818634033203,87.47802019119263,88.3314642906189,27316318
2022-05-09,88.75818634033203,88.75818634033203,87.90474224090576,88.3314642906189,24282777
2022-05-10,88.75818634033203,88.75818634033203,87.47802019119263,87.90474224090576,17584435
2022-05-11,87.90473175048828,88.75817574806584,87.90473175048828,88.33145374927706,19605349
2022-05-12,87.0512924194336,87.90473646276138,87.0512924194336,87.90473646276138,22154008
2022-05-13,88.75818634033203,88.75818634033203,87.90474224090576,88.75818634033203,19656439
2022-05-16,89.18489837646484,89.18489837646484,88.33145437286231,88.75817637466358,22467860
2022-05-17,89.61161804199219,89.61161804199219,88.75817406063989,89.18489605131604,25153620
2022-05-18,91.31851196289062,91.31851196289062,89.6116238888179,90.03834590733608,55743416
2022-05-19,91.7452392578125,91.7452392578125,89.61162904251454,90.03835108557413,37286039
2022-05-20,91.31851196289062,93.02540003696335,91.31851196289062,91.7452339814088,45964633
2022-05-23,92.17195892333984,93.02540298744483,91.31851485923484,92.17195892333984,34196330
2022-05-24,92.17195892333984,93.02540298744483,92.17195892333984,92.17195892333984,37199729
2022-05-25,93.4521255493164,93.87884758378817,92.17195944590112,92.59868148037289,75541746
2022-05-26,93.02539825439453,94.30556428541831,92.59867624405328,93.87884227507705,39995538
2022-05-27,93.87884521484375,94.73228926225141,93.45212319113992,93.87884521484375,51671206
2022-05-30,94.3055648803711,94.73228689340445,93.02539884127104,94.3055648803711,43770168
2022-05-31,96.43917083740234,96.43917083740234,93.87883886826776,94.73228285797929,89526207
2022-06-01,97.7193374633789,98.99950345634893,95.58572747509552,96.01244947275221,71080756
2022-06-02,97.2926254272461,98.99951359263638,96.86590338589852,97.71934746859367,36440162
2022-06-06,98.57279205322266,98.9995140967431,97.29262592266133,98.14607000970221,35782678
2022-06-07,96.86590576171875,98.57279396897371,96.86590576171875,98.14607191715997,37688003
2022-06-08,97.2926254272461,98.14606950994123,96.86590338589852,97.71934746859367,18570005
2022-06-09,98.57279205322266,98.57279205322266,96.86590387914087,97.29262592266133,29571170
2022-06-10,97.2926254272461,98.14606950994123,97.2926254272461,98.14606950994123,24037427
2022-06-13,95.15901184082031,96.01245589320435,94.73228981462829,96.01245589320435,45251873
2022-06-14,95.15901184082031,96.01245589320435,93.87884576224425,93.87884576224425,31839349
2022-06-15,95.58573913574219,96.01246118545532,95.15901708602905,96.01246118545532,24548371
2022-06-16,95.15901184082031,96.86589994558838,94.30556778843626,96.86589994558838,31543119
2022-06-17,93.4521255493164,94.7322916527317,93.4521255493164,93.87884758378817,49546955
2022-06-20,93.02539825439453,94.30556428541831,92.59867624405328,93.87884227507705,33359214
2022-06-21,95.58573913574219,96.01246118545532,94.30557298660278,94.30557298660278,38500252
2022-06-22,93.4521255493164,95.15901368720347,93.4521255493164,95.15901368720347,31181855
2022-06-23,92.17195892333984,94.30556908360234,91.74523689128733,94.30556908360234,45758826
2022-06-24,93.87884521484375,94.30556723854758,92.59867914373224,93.02540116743607,29542926
2022-06-27,94.73228454589844,95.58572855081644,94.73228454589844,94.73228454589844,25944301
2022-06-28,95.58573913574219,95.58573913574219,93.87885093688965,95.15901708602905,27617500
2022-06-29,94.73228454589844,96.01245055327544,94.30556254343944,95.15900654835744,33501065
2022-06-30,93.02539825439453,94.73228629575958,93.02539825439453,94.30556428541831,44339108
2022-07-01,90.46507263183594,93.02540487613318,90.03835059111972,92.59868283541697,62417854
2022-07-04,89.74708557128906,91.54202728271484,89.29835014343261,90.19582099914551,70346389
2022-07-05,91.99076843261719,92.43950388838604,90.6445620653106,91.54203297684832,45133868
2022-07-06,90.19583129882812,92.88824417342,90.19583129882812,92.43950869432136,45606608
2022-07-07,92.88824462890625,92.88824462890625,90.19583174111186,90.64456722241093,40971306
2022-07-08,91.54203796386719,93.33697988472733,91.09330248365215,92.88824440451229,34112553
2022-07-11,90.64456176757812,91.542032676168,90.19582631328318,91.542032676168,18375028
2022-07-12,90.19583129882812,90.64456677792677,89.47785179340627,89.74709581972947,26056813
2022-07-13,91.99076843261719,92.88823934415491,91.99076843261719,92.43950388838604,31813542
2022-07-14,94.23444366455078,95.13191455659413,91.99076643444242,91.99076643444242,46066645
2022-07-15,94.23444366455078,95.13191455659413,93.78570821852911,94.23444366455078,24630202
2022-07-18,94.23444366455078,94.68317911057245,93.33697277250744,94.23444366455078,17000378
2022-07-19,93.33697509765625,94.2344460120568,92.88823964045598,93.78571055485652,20445793
2022-07-20,92.88824462890625,94.23445107280344,92.43950914760718,93.3369801102053,35017029
2022-07-21,94.68318176269531,94.68318176269531,92.88823992833142,93.33697538692239,23154380
2022-07-22,95.13191223144531,95.5806476664993,94.23444136133735,94.68317679639132,28741668
2022-07-25,96.4781265258789,96.9268619980923,94.68318463702535,95.13192010923873,39068310
2022-07-26,96.9268569946289,97.37559244367812,96.0293860965305,96.9268569946289,22725130
2022-07-27,96.9268569946289,98.27306334177653,96.4781215455797,97.37559244367812,30666386
2022-07-28,97.37559509277344,97.82433055403047,96.92685963151642,97.82433055403047,21777281
2022-07-29,97.82433319091797,98.2730686642708,97.37559771756513,97.82433319091797,21866952
2022-08-01,97.82433319091797,97.82433319091797,96.9268622442123,97.37559771756513,14697891
2022-08-02,96.9268569946289,96.9268569946289,95.58065064748129,96.9268569946289,40353392
2022-08-03,97.37559509277344,97.37559509277344,96.02938870900238,96.4781241702594,30936472
2022-08-04,96.9268569946289,97.37559244367812,95.58065064748129,96.9268569946289,38651714
2022-08-05,96.9268569946289,97.82432789272733,96.9268569946289,97.37559244367812,24868879
2022-08-08,96.9268569946289,96.9268569946289,95.58065064748129,96.0293860965305,22571210
2022-08-09,97.82433319091797,97.82433319091797,96.02939129750662,96.9268622442123,25759491
2022-08-10,98.72179412841797,99.61926498413087,96.92685241699219,97.82432327270509,56343332
2022-08-11,101.4142074584961,101.4142074584961,99.17053030233467,100.06800116479924,62046990
2022-08-12,100.96546936035156,102.31167561848957,100.51673394097222,101.4142047797309,48405887
2022-08-15,100.5167465209961,101.41421747207642,100.06801104545593,101.41421747207642,29323346
2022-08-16,99.61927032470703,100.51674122853322,99.17053487279394,100.51674122853322,28765617
2022-08-17,100.96546936035156,100.96546936035156,99.61926310221354,99.61926310221354,30500758
2022-08-18,100.5167465209961,100.96548199653625,99.61927556991577,100.96548199653625,25764909
2022-08-19,99.61927032470703,100.51674122853322,99.61927032470703,100.06800577662013,17611604
2022-08-22,98.72179412841797,99.61926498413087,98.72179412841797,99.17052955627442,10185000
2022-08-23,98.72179412841797,99.17052955627442,98.27305870056152,98.72179412841797,17881145
2022-08-24,98.27306365966797,99.61927001117027,97.82432820916719,99.1705345606695,24541358
2022-08-25,98.27306365966797,99.1705345606695,98.27306365966797,98.27306365966797,14108637
2022-08-26,99.17053985595703,99.17053985595703,98.27306890703434,98.72180438149569,17056269
2022-08-29,96.9268569946289,97.82432789272733,96.9268569946289,97.37559244367812,26838820
2022-08-30,97.37559509277344,97.82433055403047,96.92685963151642,97.37559509277344,21797499
2022-08-31,97.82433319091797,98.2730686642708,96.47812677085946,96.9268622442123,28991269
2022-09-01,96.4781265258789,97.37559747030569,96.02939105366552,96.9268619980923,37415613
2022-09-02,96.4781265258789,96.9268619980923,96.02939105366552,96.9268619980923,17074664
2022-09-05,96.9268569946289,97.37559244367812,96.4781215455797,96.9268569946289,21079281
2022-09-06,97.37559509277344,97.37559509277344,96.4781241702594,97.37559509277344,16384324
2022-09-07,95.13191223144531,96.92685397166126,95.13191223144531,96.47811853660727,31588795
2022-09-08,96.02938842773438,96.02938842773438,95.13191750784901,96.02938842773438,15056746
2022-09-12,97.37559509277344,97.82433055403047,96.4781241702594,97.37559509277344,18427897
2022-09-13,98.72179412841797,99.17052955627442,97.37558784484864,97.82432327270509,32733009
2022-09-14,96.4781265258789,97.37559747030569,96.02939105366552,96.4781265258789,26434615
2022-09-15,96.9268569946289,97.37559244367812,96.4781215455797,96.4781215455797,17100232
2022-09-16,96.4781265258789,96.9268619980923,96.02939105366552,96.4781265258789,37103124
2022-09-19,96.02938842773438,96.92685934761974,95.58065296779169,96.47812388767706,17131612
2022-09-20,97.37559509277344,97.37559509277344,96.02938870900238,96.4781241702594,25688754
2022-09-21,96.02938842773438,97.37559480756242,95.58065296779169,97.37559480756242,25799149
2022-09-22,96.02938842773438,96.47812388767706,95.13191750784901,95.58065296779169,24048970
2022-09-23,95.58065032958984,96.47812122470336,95.13191488203309,96.0293857771466,15318321
2022-09-26,93.33697509765625,95.13191692645732,92.88823964045598,94.68318146925706,40675073
2022-09-27,92.88824462890625,93.78571559150437,92.43950914760718,93.3369801102053,21273277
2022-09-28,90.19583129882812,93.33697965251865,90.19583129882812,92.88824417342,48743869
2022-09-29,91.09329223632812,91.99076309579934,90.64455680659252,91.09329223632812,40253163
2022-09-30,91.54203796386719,91.54203796386719,89.74709604300705,89.74709604300705,27852050
2022-10-03,90.64456176757812,91.542032676168,90.19582631328318,90.64456176757812,20873153
2022-10-04,91.99076843261719,92.43950388838604,91.54203297684832,91.99076843261719,17249740
2022-10-05,96.02938842773438,96.47812388767706,94.23444658796363,94.68318204790633,52299029
2022-10-06,96.4781265258789,97.37559747030569,95.58065558145213,96.9268619980923,27153696
2022-10-07,96.4781265258789,96.9268619980923,95.58065558145213,96.02939105366552,21917087
2022-10-11,93.33697509765625,94.68318146925706,93.33697509765625,94.2344460120568,37540410
2022-10-12,92.43949890136719,93.78570519604729,91.99076346980715,93.33696976448725,37752638
2022-10-13,92.88824462890625,93.78571559150437,91.99077366630812,92.88824462890625,29359558
2022-10-14,94.23444366455078,94.68317911057245,93.78570821852911,93.78570821852911,25035354
2022-10-17,94.23444366455078,94.68317911057245,93.33697277250744,93.33697277250744,28280778
2022-10-18,92.88824462890625,95.13192203540156,92.43950914760718,94.6831865541025,38498822
2022-10-19,92.43949890136719,94.23444062760733,92.43949890136719,93.33696976448725,54005985
2022-10-20,91.99076843261719,92.88823934415491,90.6445620653106,92.43950388838604,57596655
2022-10-21,92.88824462890625,92.88824462890625,91.54203818500905,91.99077366630812,24049235
2022-10-24,92.43949890136719,93.78570519604729,91.99076346980715,93.78570519604729,29054365
2022-10-25,92.88824462890625,92.88824462890625,91.09330270371,92.43950914760718,36701674
2022-10-26,93.33697509765625,93.78571055485652,92.4395041832557,93.33697509765625,28275416
2022-10-27,93.33697509765625,94.2344460120568,93.33697509765625,94.2344460120568,31261879
2022-10-28,93.33697509765625,93.78571055485652,92.4395041832557,93.78571055485652,22200068
2022-10-31,91.99076843261719,92.43950388838604,91.09329752107945,91.09329752107945,43562953
2022-11-01,91.09329223632812,91.54202766606373,90.19582137685691,91.09329223632812,46692717
2022-11-02,91.54203796386719,91.54203796386719,90.64456700343712,91.09330248365215,28465028
2022-11-03,90.64456176757812,91.09329722187307,90.19582631328318,90.64456176757812,39227107
2022-11-04,90.19583129882812,90.64456677792677,89.29836034063082,89.74709581972947,48440518
2022-11-07,89.74708557128906,90.64455642700196,89.56759413901018,90.19582099914551,40465357
2022-11-08,89.74708557128906,90.19582099914551,89.74708557128906,89.74708557128906,29917422
2022-11-09,91.99076843261719,91.99076843261719,89.74709115377286,89.74709115377286,40267209
2022-11-10,90.19583129882812,91.09330225702541,90.19583129882812,90.64456677792677,38942597
2022-11-11,89.74708557128906,91.99076271057129,89.74708557128906,91.0932918548584,88699853
2022-11-14,91.09329223632812,91.09329223632812,89.2983505173857,89.2983505173857,66938705
2022-11-15,91.09329223632812,91.99076309579934,90.64455680659252,91.09329223632812,46831926
2022-11-16,91.09329223632812,91.99076309579934,90.64455680659252,91.09329223632812,46656901
2022-11-17,91.09329223632812,91.54202766606373,90.64455680659252,91.09329223632812,26166790
2022-11-18,90.19583129882812,91.9907732152227,90.19583129882812,91.09330225702541,43152213
2022-11-21,89.74708557128906,91.0932918548584,89.74708557128906,90.64455642700196,30138717
2022-11-22,90.19583129882812,90.19583129882812,89.74709581972947,89.74709581972947,28386414
2022-11-23,90.19583129882812,91.09330225702541,90.19583129882812,90.64456677792677,31531556
2022-11-24,90.64456176757812,90.64456176757812,89.74709085898824,90.19582631328318,42058555
2022-11-25,90.19583129882812,90.64456677792677,89.74709581972947,90.19583129882812,34893350
2022-11-28,89.74708557128906,90.19582099914551,89.38809585957206,90.19582099914551,46570604
2022-11-29,89.74708557128906,90.19582099914551,89.47784157571151,89.74708557128906,33933430
2022-11-30,90.19583129882812,91.09330225702541,89.74709581972947,90.19583129882812,73098376
2022-12-01,92.43949890136719,92.43949890136719,91.09329260668707,91.09329260668707,66190485
2022-12-02,94.68318176269531,95.13191722128629,92.43950446974044,92.43950446974044,77556958
2022-12-05,94.68318176269531,96.02938813846822,94.68318176269531,95.58065267987726,45869305
2022-12-06,92.43949890136719,93.78570519604729,91.99076346980715,93.33696976448725,54823509
2022-12-07,91.54203796386719,93.33697988472733,91.54203796386719,91.99077344408222,44543745
2022-12-08,91.09329223632812,91.99076309579934,91.09329223632812,91.54202766606373,30784065
2022-12-09,91.54203796386719,92.43950892429726,91.54203796386719,91.99077344408222,32429484
2022-12-12,91.54203796386719,91.54203796386719,90.64456700343712,91.54203796386719,19377505
2022-12-13,90.64456176757812,91.99076813046295,90.64456176757812,91.542032676168,34609744
2022-12-14,91.99076843261719,91.99076843261719,90.6445620653106,91.09329752107945,24686884
2022-12-15,91.09329223632812,91.99076309579934,91.09329223632812,91.09329223632812,24472461
2022-12-16,90.19583129882812,91.09330225702541,89.74709581972947,90.19583129882812,71935875
2022-12-19,91.09329223632812,91.54202766606373,90.19582137685691,90.19582137685691,29443100
2022-12-20,89.74708557128906,91.0932918548584,89.74708557128906,90.64455642700196,44517003
2022-12-21,89.74708557128906,90.64455642700196,89.74708557128906,90.64455642700196,27849028
2022-12-22,90.64456176757812,90.64456176757812,90.19582631328318,90.64456176757812,21205805
2022-12-23,90.64456176757812,90.64456176757812,89.74709085898824,89.74709085898824,15377369
2022-12-26,90.64456176757812,91.09329722187307,90.19582631328318,91.09329722187307,8716525
2022-12-27,90.19583129882812,91.09330225702541,90.19583129882812,90.64456677792677,8826169
2022-12-28,90.19583129882812,90.19583129882812,89.74709581972947,90.19583129882812,22673422
2022-12-29,89.47784423828125,89.74708824187064,89.29835280066129,89.74708824187064,37212398
2022-12-30,89.6573486328125,90.19582982952694,89.56760290788674,89.74709435773825,18093658
2023-01-03,88.93936157226562,89.65734100490694,87.95214498775331,89.65734100490694,46594672
2023-01-04,88.0418930053711,88.58037417034166,87.95214728573592,87.95214728573592,41500261
2023-01-05,87.9521484375,88.75987361911304,87.9521484375,88.04189415831043,35686123
2023-01-06,88.3111343383789,88.67012405321299,88.2213886214602,88.2213886214602,20091590
2023-01-09,88.93936157226562,89.38809700587662,88.75987013768496,89.02910728955595,33250703
2023-01-10,89.20860290527344,89.56759261086559,88.93935891428954,89.20860290527344,19385954
2023-01-11,88.93936157226562,89.5675952876166,88.93936157226562,89.5675952876166,19900837
2023-01-12,88.49063110351562,89.29835629876554,88.49063110351562,88.93936656230339,18537275
2023-01-13,88.49063110351562,89.29835629876554,88.49063110351562,88.84962083997777,17809439
2023-01-16,88.0418930053711,89.02910961567704,88.0418930053711,88.49062845070648,26829826
2023-01-17,88.0418930053711,88.4008827310713,88.0418930053711,88.13163872500627,27871039
2023-01-30,88.0418930053711,89.47784506101243,87.95214728573592,89.38809934137726,81832690
2023-01-31,89.47784423828125,90.64455912428934,88.1316379146532,88.22139048062262,78717445
2023-02-01,89.74708557128906,90.64455642700196,89.56759413901018,90.19582099914551,39899084
2023-02-02,89.74708557128906,90.64455642700196,89.74708557128906,90.19582099914551,49473623
2023-02-03,89.38810729980469,90.1958325427539,89.29836157217925,89.74709705746658,43062963
2023-02-06,91.09329223632812,91.54202766606373,90.19582137685691,90.19582137685691,50209500
2023-02-07,90.19583129882812,91.54203773612406,90.19583129882812,91.54203773612406,31198971
2023-02-08,90.19583129882812,90.64456677792677,90.19583129882812,90.19583129882812,24332505
2023-02-09,90.64456176757812,91.09329722187307,89.74709085898824,90.19582631328318,29215985
2023-02-10,91.09329223632812,91.54202766606373,90.19582137685691,91.09329223632812,25426136
2023-02-13,90.64456176757812,91.542032676168,90.64456176757812,91.09329722187307,18330530
2023-02-14,91.54203796386719,91.54203796386719,91.09330248365215,91.09330248365215,18342029
2023-02-15,91.99076843261719,91.99076843261719,91.09329752107945,91.54203297684832,36053227
2023-02-16,92.88824462890625,92.88824462890625,91.99077366630812,92.43950914760718,39617729
2023-02-17,92.88824462890625,92.88824462890625,91.99077366630812,92.43950914760718,28586479
2023-02-20,92.43949890136719,93.33696976448725,91.99076346980715,92.88823433292721,21971615
2023-02-21,91.99076843261719,92.43950388838604,91.99076843261719,91.99076843261719,13794962
2023-02-22,91.54203796386719,91.99077344408222,91.09330248365215,91.54203796386719,21960210
2023-02-23,92.43949890136719,92.43949890136719,91.54202803824711,91.54202803824711,20815057
2023-02-24,90.64456176757812,92.88823903905283,90.64456176757812,92.43950358475789,53866924
2023-03-01,91.54203796386719,92.43950892429726,89.74709604300705,89.74709604300705,44807719
2023-03-02,91.99076843261719,92.43950388838604,91.09329752107945,91.99076843261719,27825685
2023-03-03,91.99076843261719,93.33697479992378,91.99076843261719,92.88823934415491,29133932
2023-03-06,92.88824462890625,93.3369801102053,91.99077366630812,92.43950914760718,37825717
2023-03-07,94.23444366455078,95.13191455659413,92.88823732648576,92.88823732648576,72281357
2023-03-08,93.33697509765625,94.2344460120568,93.33697509765625,93.78571055485652,31270865
2023-03-09,91.99076843261719,93.78571025569263,91.54203297684832,93.33697479992378,61494331
2023-03-10,91.54203796386719,91.99077344408222,91.09330248365215,91.54203796386719,27734890
2023-03-13,92.43949890136719,92.88823433292721,91.09329260668707,91.54202803824711,23591966
2023-03-14,91.54203796386719,91.99077344408222,91.09330248365215,91.54203796386719,29415418
2023-03-15,91.99076843261719,92.43950388838604,91.54203297684832,91.99076843261719,20481113
2023-03-16,91.54203796386719,92.43950892429726,91.54203796386719,91.99077344408222,27614054
2023-03-17,92.88824462890625,93.78571559150437,91.99077366630812,92.43950914760718,62309325
2023-03-20,91.99076843261719,93.33697479992378,91.99076843261719,92.88823934415491,21366539
2023-03-21,92.88824462890625,93.3369801102053,92.43950914760718,92.43950914760718,21054992
2023-03-22,92.88824462890625,93.78571559150437,92.43950914760718,92.88824462890625,21545922
2023-03-23,92.88824462890625,93.78571559150437,92.43950914760718,92.43950914760718,31525774
2023-03-24,94.68318176269531,95.13191722128629,93.33697538692239,93.78571084551336,68833626
2023-03-27,92.88824462890625,94.6831865541025,92.88824462890625,94.23445107280344,32246406
2023-03-28,92.43949890136719,93.33696976448725,92.43949890136719,93.33696976448725,24056022
2023-03-29,92.88824462890625,93.3369801102053,92.43950914760718,92.43950914760718,21090350
2023-03-30,93.78570556640625,93.78570556640625,92.88823469974207,93.33697013307416,19398433
2023-03-31,93.33697509765625,94.2344460120568,93.33697509765625,93.78571055485652,18283580
2023-04-06,92.88824462890625,94.6831865541025,92.43950914760718,93.78571559150437,39046856
2023-04-07,92.43949890136719,93.33696976448725,92.43949890136719,93.33696976448725,11565207
2023-04-10,92.43949890136719,93.33696976448725,92.43949890136719,92.43949890136719,12404976
2023-04-11,92.88824462890625,93.3369801102053,92.43950914760718,92.88824462890625,29073959
2023-04-12,91.99076843261719,92.88823934415491,91.99076843261719,92.88823934415491,20279457
2023-04-13,92.43949890136719,92.88823433292721,91.99076346980715,91.99076346980715,22784420
2023-04-14,93.78570556640625,93.78570556640625,92.43949926640998,93.33697013307416,25584829
2023-04-17,93.33697509765625,93.78571055485652,92.88823964045598,93.78571055485652,15274691
2023-04-18,93.78570556640625,93.78570556640625,92.88823469974207,93.33697013307416,16042798
2023-04-19,93.33697509765625,93.78571055485652,92.88823964045598,93.78571055485652,18734037
2023-04-20,93.78570556640625,93.78570556640625,92.88823469974207,92.88823469974207,19680444
2023-04-21,93.33697509765625,94.68318146925706,93.33697509765625,94.2344460120568,32735172
2023-04-24,92.88824462890625,93.78571559150437,92.88824462890625,93.3369801102053,18393606
2023-04-25,92.43949890136719,93.33696976448725,92.43949890136719,92.88823433292721,26878363
2023-04-26,92.88824462890625,93.78571559150437,92.43950914760718,92.43950914760718,33983572
2023-04-27,92.88824462890625,93.3369801102053,92.43950914760718,92.88824462890625,16606395
2023-04-28,93.78570556640625,93.78570556640625,92.88823469974207,93.33697013307416,19404553
2023-05-02,95.13191223144531,95.13191223144531,93.33697049122937,93.78570592628336,49934354
2023-05-03,94.68318176269531,95.13191722128629,94.23444630410434,94.68318176269531,26855259
2023-05-04,94.23444366455078,94.68317911057245,94.23444366455078,94.68317911057245,12735443
2023-05-05,94.23444366455078,94.68317911057245,93.78570821852911,94.23444366455078,12524881
2023-05-08,94.23444366455078,95.13191455659413,94.23444366455078,94.68317911057245,10197144
2023-05-09,95.58065032958984,96.0293857771466,93.7857085393628,94.23444398691956,40552496
2023-05-10,95.58065032958984,96.0293857771466,95.13191488203309,95.58065032958984,17406967
2023-05-11,94.23444366455078,96.02938544863746,94.23444366455078,95.58065000261578,21740140
2023-05-12,91.99076843261719,93.33697479992378,91.54203297684832,92.88823934415491,70640476
2023-05-15,91.54203796386719,92.43950892429726,91.54203796386719,91.99077344408222,28080940
2023-05-16,91.54203796386719,92.43950892429726,91.54203796386719,91.99077344408222,41848030
2023-05-17,91.99076843261719,92.43950388838604,91.54203297684832,91.54203297684832,38707801
2023-05-18,92.43949890136719,92.88823433292721,91.99076346980715,92.43949890136719,27646823
2023-05-19,92.43949890136719,92.43949890136719,91.54202803824711,92.43949890136719,33026440
2023-05-22,92.43949890136719,92.43949890136719,91.99076346980715,91.99076346980715,18055020
2023-05-23,91.99076843261719,92.43950388838604,91.99076843261719,92.43950388838604,21793465
2023-05-24,92.43949890136719,92.43949890136719,91.99076346980715,91.99076346980715,15681903
2023-05-25,91.99076843261719,92.88823934415491,91.99076843261719,91.99076843261719,25782108
2023-05-26,91.99076843261719,92.43950388838604,91.54203297684832,91.99076843261719,34841283
2023-05-29,94.68318176269531,95.13191722128629,92.43950446974044,92.88823992833142,77950453
2023-05-30,96.02938842773438,96.92685934761974,95.13191750784901,95.58065296779169,88126662
2023-05-31,95.58065032958984,96.47812122470336,94.68317943447632,96.47812122470336,58697772
2023-06-01,96.9268569946289,96.9268569946289,95.13191519843208,95.58065064748129,46264650
2023-06-02,96.9268569946289,97.82432789272733,96.4781215455797,97.37559244367812,53639503
2023-06-05,96.4781265258789,97.37559747030569,96.02939105366552,97.37559747030569,24441405
2023-06-06,96.02938842773438,96.47812388767706,95.13191750784901,96.02938842773438,36177082
2023-06-07,96.9268569946289,96.9268569946289,96.0293860965305,96.4781215455797,22331554
2023-06-08,96.02938842773438,96.92685934761974,96.02938842773438,96.92685934761974,17253275
2023-06-09,96.9268569946289,96.9268569946289,96.0293860965305,96.4781215455797,16636034
2023-06-12,99.17053985595703,100.51674627934106,96.47812700918897,96.92686248365031,97931538
2023-06-13,100.96546936035156,101.4142047797309,99.61926310221354,99.61926310221354,69701479
2023-06-14,100.96546936035156,101.4142047797309,100.06799852159287,100.96546936035156,35568685
2023-06-15,100.06800079345703,101.41420708215826,99.61926536388997,100.96547165259118,34887268
2023-06-16,99.61927032470703,100.96547668044632,99.61927032470703,100.06800577662013,46995134
2023-06-19,100.96546936035156,101.4142047797309,99.61926310221354,100.06799852159287,25047682
2023-06-20,100.96546936035156,101.86294019911024,100.06799852159287,101.4142047797309,29739937
2023-06-21,101.4142074584961,101.4142074584961,100.51673659603152,100.96547202726381,34763025
2023-06-26,103.65789031982422,104.1066257757542,101.41421304017435,101.86294849610432,99919960
2023-06-27,102.31168365478516,104.55536092791641,102.31168365478516,104.10662547329017,66946025
2023-06-28,103.20915222167969,104.10662311056386,102.7604167772376,102.7604167772376,44666321
2023-06-29,101.4142074584961,104.1066200458898,101.4142074584961,104.1066200458898,39560094
2023-06-30,101.4142074584961,101.4142074584961,99.61926573356696,101.4142074584961,48200965
2023-07-03,103.20915222167969,103.20915222167969,101.86294588835342,102.31168133279552,87520052
2023-07-04,103.49140167236328,105.84347898309882,103.02098621021618,105.3730635209517,79691146
2023-07-05,102.08016204833984,103.96182402158112,101.13933106171919,103.49140852827081,50544581
2023-07-06,99.2576675415039,101.13932948541867,98.78725205552522,101.13932948541867,69069457
2023-07-07,99.2576675415039,99.7280830274826,98.31683656954652,98.78725205552522,30487502
2023-07-10,98.31683349609375,99.72807990991328,98.31683349609375,99.2576644386401,24605713
2023-07-11,98.78724670410156,99.25766216459729,98.31683124360585,98.78724670410156,23641103
2023-07-12,101.13932800292969,101.13932800292969,98.78725060751272,98.78725060751272,37582438
2023-07-13,100.66891479492188,102.55057675370547,100.66891479492188,102.08016126400958,29761053
2023-07-14,103.02098846435547,103.02098846435547,100.1984956297156,101.13932657459556,43171954
2023-07-17,103.96182250976562,104.43223799623514,103.02099153682656,103.49140702329609,41250219
2023-07-18,105.3730697631836,106.78431623322622,103.49140780312673,103.96182329314095,52327726
2023-07-19,102.08016204833984,106.78431698144306,101.60974655502952,106.31390148813274,54580337
2023-07-20,101.6097412109375,103.49140308521413,101.13932574236836,102.55057214807582,32928924
2023-07-21,101.13932800292969,102.08015896109647,100.19849704476289,100.66891252384629,24874943
2023-07-24,101.6097412109375,102.08015667950666,100.6689102737992,101.6097412109375,19757373
2023-07-25,105.3730697631836,105.3730697631836,102.0801613330841,102.0801613330841,60570621
2023-07-26,104.90264892578125,105.84347985785104,104.43223345974636,105.37306439181614,30040003
2023-07-27,103.96182250976562,106.31389994211325,103.96182250976562,105.3730689691742,31329930
2023-07-28,103.02098846435547,104.43223488167541,103.02098846435547,103.96181940923543,22140011
2023-07-31,102.08016204833984,104.43223951489145,102.08016204833984,103.96182402158112,30316038
2023-08-01,103.96182250976562,104.43223799623514,102.55057605035704,103.02099153682656,23966725
2023-08-02,101.6097412109375,103.96181855378327,101.6097412109375,103.49140308521413,33642403
2023-08-04,104.43223571777344,104.43223571777344,102.5505738129487,102.5505738129487,38960707
2023-08-07,103.02098846435547,105.84348129899534,103.02098846435547,105.37306582655538,45334600
2023-08-08,103.96182250976562,104.43223799623514,103.02099153682656,103.96182250976562,29163604
2023-08-09,103.96182250976562,104.90265348270468,103.49140702329609,103.96182250976562,20348974
2023-08-10,103.49140167236328,104.4322325966575,103.02098621021618,104.4322325966575,22241741
2023-08-11,102.08016204833984,103.96182402158112,102.08016204833984,103.49140852827081,22550572
2023-08-14,103.49140167236328,103.96181713451038,102.55057074806908,103.02098621021618,29995115
2023-08-15,100.66891479492188,102.55057675370547,100.66891479492188,101.60974577431368,63923173
2023-08-16,99.2576675415039,100.19849851346129,98.78725205552522,100.19849851346129,43637112
2023-08-17,100.19849395751953,100.66890942210883,99.25766302834094,99.25766302834094,24569578
2023-08-18,99.72808074951172,100.6689116999788,99.25766527427817,100.19849622474526,17125216
2023-08-21,99.72808074951172,100.6689116999788,99.25766527427817,100.19849622474526,10711817
2023-08-22,100.19849395751953,100.66890942210883,99.72807849293024,100.19849395751953,13146421
2023-08-23,100.19849395751953,101.13932488669812,99.72807849293024,100.19849395751953,16513876
2023-08-24,103.02098846435547,103.96181940923543,102.08015751947552,102.55057299191549,50697365
2023-08-25,101.6097412109375,102.55057214807582,101.6097412109375,102.08015667950666,21088268
2023-08-28,101.6097412109375,102.55057214807582,101.6097412109375,102.08015667950666,16737977
2023-08-29,99.72808074951172,102.08015812567945,98.78724979904462,101.6097426504459,64075629
2023-08-30,99.72808074951172,100.6689116999788,99.72808074951172,100.19849622474526,20719271
2023-08-31,100.19849395751953,100.66890942210883,99.25766302834094,99.72807849293024,56712590
2023-09-01,101.13932800292969,101.13932800292969,100.19849704476289,100.19849704476289,14016360
2023-09-04,100.19849395751953,101.60974035128741,99.25766302834094,101.13932488669812,21196486
2023-09-05,100.66891479492188,100.66891479492188,99.72808381553008,100.19849930522598,13373644
2023-09-06,99.72808074951172,100.6689116999788,99.72808074951172,100.19849622474526,16988014
2023-09-07,99.2576675415039,99.7280830274826,99.2576675415039,99.7280830274826,14559702
2023-09-08,99.72808074951172,99.72808074951172,98.78724979904462,99.25766527427817,12030780
2023-09-11,98.78724670410156,99.72807762509301,98.78724670410156,99.72807762509301,17772579
2023-09-12,101.13932800292969,101.13932800292969,99.2576660865961,99.7280815656795,29770627
2023-09-13,99.72808074951172,101.13932717521236,99.25766527427817,100.6689116999788,18281220
2023-09-14,100.19849395751953,100.66890942210883,99.72807849293024,100.19849395751953,15804957
2023-09-15,99.72808074951172,100.6689116999788,99.72808074951172,100.19849622474526,35465752
2023-09-18,100.19849395751953,100.19849395751953,99.25766302834094,99.72807849293024,19079463
2023-09-19,100.19849395751953,101.13932488669812,100.19849395751953,100.19849395751953,13714612
2023-09-20,99.72808074951172,100.6689116999788,99.72808074951172,100.19849622474526,18615029
2023-09-21,98.78724670410156,100.19849308558874,98.78724670410156,99.72807762509301,22188851
2023-09-22,98.78724670410156,99.25766216459729,98.78724670410156,98.78724670410156,15051487
2023-09-25,99.2576675415039,99.7280830274826,98.78725205552522,99.2576675415039,16313538
2023-09-26,97.84642028808594,99.25766673454872,97.84642028808594,98.78725125239446,30099451
2023-09-27,97.84642028808594,98.3168357702402,97.37600480593169,97.84642028808594,16064926
2023-09-28,97.84642028808594,98.3168357702402,96.90558932377742,98.3168357702402,21103053
2023-10-02,98.31683349609375,98.78724896736692,97.84641802482058,97.84641802482058,13885858
2023-10-03,97.84642028808594,98.3168357702402,97.37600480593169,97.84642028808594,17439779
2023-10-04,96.90558624267578,97.37600170987324,96.43517077547833,96.90558624267578,27359567
2023-10-05,97.37600708007812,97.8464225732186,96.90559158693765,96.90559158693765,16616231
2023-10-06,99.2576675415039,99.7280830274826,98.31683656954652,98.78725205552522,28044586
2023-10-11,99.72808074951172,100.19849622474526,99.25766527427817,100.19849622474526,28530118
2023-10-12,100.66891479492188,100.66891479492188,99.72808381553008,100.19849930522598,27974396
2023-10-13,101.13932800292969,101.13932800292969,99.7280815656795,100.66891252384629,26550436
2023-10-16,100.66891479492188,101.13933028461777,100.19849930522598,100.66891479492188,17125445
2023-10-17,100.19849395751953,101.60974035128741,100.19849395751953,101.13932488669812,15540479
2023-10-18,99.2576675415039,100.19849851346129,98.78725205552522,99.7280830274826,26924552
2023-10-19,97.37600708007812,99.25766905264003,96.90559158693765,98.78725355949955,36902352
2023-10-20,97.37600708007812,98.31683806635907,96.90559158693765,96.90559158693765,32000342
2023-10-23,94.55351257324219,95.96475902955923,94.08309708780317,95.96475902955923,82749215
2023-10-24,92.48368835449219,93.89493482677047,91.54285737297333,93.89493482677047,110028656
2023-10-25,93.14226531982422,93.61268080123747,92.4836865170339,92.4836865170339,40481603
2023-10-26,92.6718521118164,92.86001543780944,92.20143661886301,92.48368878582336,37967556
2023-10-27,92.38960266113281,93.0481886774126,92.38960266113281,92.67185483639143,33142928
2023-10-30,88.90852355957031,92.67184730812356,88.43810809100115,92.48368399188406,134995332
2023-10-31,90.7901840209961,91.16651782558911,89.47301929390572,89.47301929390572,56204082
2023-11-01,89.94343566894531,90.79018494338965,89.94343566894531,90.69610328577814,26230059
2023-11-02,91.26060485839844,91.63693868516124,90.3197738804768,90.50793720487285,25008686
2023-11-03,90.13160705566406,90.50793368984084,89.56710274845801,90.13160705566406,42627707
2023-11-06,90.69610595703125,91.91918189794463,90.5079354582957,90.5079354582957,38328942
2023-11-07,90.41385650634766,91.07244250469475,89.84935934917215,90.6961086739208,27742358
2023-11-08,91.26060485839844,91.63693868516124,90.03752171591204,90.03752171591204,19441199
2023-11-09,92.10735321044922,92.57776869448831,91.54285606519643,91.63693772641012,30810327
2023-11-10,91.44876098632812,92.20142858062331,91.2605976767394,92.10734692582895,16271698
2023-11-13,91.91918182373047,92.57776780181725,91.73101850311743,92.01327066200756,18203271
2023-11-14,94.08309173583984,95.02392265319824,92.38959321340663,92.57776370366045,46678644
2023-11-15,94.55351257324219,95.49434354412021,93.89493376481583,94.55351257324219,51077691
2023-11-16,95.02392578125,95.4943412554146,94.55351030708539,95.02392578125,30695116
2023-11-17,96.43517303466797,97.37600399110376,95.02392660001429,95.49434207823218,46873557
2023-11-20,95.02392578125,96.4351722037438,95.02392578125,96.4351722037438,29812892
2023-11-21,96.43517303466797,96.43517303466797,95.02392660001429,95.96475755645008,36969965
2023-11-22,95.96475982666016,97.84642178404566,95.96475982666016,96.9055908053529,28364466
2023-11-23,95.49433898925781,96.90558537826162,95.02392352625654,96.43516991526036,22618693
2023-11-24,95.49433898925781,96.43516991526036,95.02392352625654,95.96475445225909,20946560
2023-11-27,95.49433898925781,96.90558537826162,95.49433898925781,96.43516991526036,23065767
2023-11-28,96.43517303466797,96.90558851288586,95.96475755645008,95.96475755645008,26026370
2023-11-29,95.96475982666016,96.9055908053529,95.49434433731379,96.43517531600654,31821148
2023-11-30,95.49433898925781,96.43516991526036,95.02392352625654,95.96475445225909,40730573
2023-12-01,94.55351257324219,95.49434354412021,94.55351257324219,95.02392805868121,26482926
2023-12-04,95.02392578125,95.4943412554146,94.55351030708539,95.02392578125,14718271
2023-12-05,95.02392578125,95.96475672957921,94.55351030708539,95.02392578125,21884962
2023-12-06,95.02392578125,95.96475672957921,95.02392578125,95.4943412554146,15330669
2023-12-07,95.02392578125,95.4943412554146,94.55351030708539,95.02392578125,13982251
2023-12-08,95.49433898925781,95.96475445225909,95.02392352625654,95.02392352625654,16070568
2023-12-11,95.02392578125,95.96475672957921,94.55351030708539,95.4943412554146,24953090
2023-12-12,95.02392578125,95.4943412554146,94.55351030708539,95.02392578125,19973869
2023-12-13,95.02392578125,95.4943412554146,94.55351030708539,94.55351030708539,15105897
2023-12-14,95.96475982666016,95.96475982666016,95.02392884796741,95.49434433731379,32650955
2023-12-15,95.49433898925781,95.96475445225909,95.02392352625654,95.49433898925781,40775463
2023-12-18,95.96475982666016,95.96475982666016,95.02392884796741,95.49434433731379,27764780
2023-12-19,96.43517303466797,96.43517303466797,95.49434207823218,95.96475755645008,32860763
2023-12-20,98.31683349609375,98.31683349609375,96.43517161100105,96.43517161100105,54287637
2023-12-21,97.37600708007812,97.37600708007812,96.43517609379718,96.90559158693765,34805864
2023-12-22,97.37600708007812,97.8464225732186,96.90559158693765,97.37600708007812,23776427
2023-12-25,97.37600708007812,97.8464225732186,96.90559158693765,97.37600708007812,11295535
2023-12-26,97.84642028808594,97.84642028808594,97.37600480593169,97.84642028808594,9920950
2023-12-27,97.37600708007812,97.8464225732186,96.90559158693765,97.8464225732186,18875621
2023-12-28,97.84642028808594,97.84642028808594,96.90558932377742,97.37600480593169,23057092
2023-12-29,98.31683349609375,98.78724896736692,97.3760025535474,97.84641802482058,25969421
2024-01-02,98.78724670410156,98.78724670410156,97.84641578311012,98.31683124360585,19921105
2024-01-03,98.31683349609375,98.78724896736692,97.84641802482058,98.31683349609375,18957682
2024-01-04,97.84642028808594,98.78725125239446,97.84642028808594,98.3168357702402,15488559
2024-01-05,97.84642028808594,98.3168357702402,97.84642028808594,97.84642028808594,13349572
2024-01-08,95.49433898925781,97.84641630426417,95.49433898925781,97.3760008412629,34642006
2024-01-09,95.02392578125,96.4351722037438,95.02392578125,95.96475672957921,25228043
2024-01-10,94.08309173583984,95.49433811187744,94.08309173583984,95.02392265319824,22800432
2024-01-11,94.55351257324219,95.96475902955923,93.8008449253515,94.08309708780317,34453180
2024-01-12,94.55351257324219,95.49434354412021,94.08309708780317,94.08309708780317,29241441
2024-01-15,94.08309173583984,95.49433811187744,94.08309173583984,95.02392265319824,22480585
2024-01-16,94.08309173583984,94.55350719451904,93.42451296487707,93.89492842355627,25892269
2024-01-17,92.76593017578125,94.08309494054295,92.6718485164348,93.89493162185006,47592663
2024-01-18,93.989013671875,94.08309533161251,93.04818271855888,93.14226437829639,18106511
2024-01-19,94.55351257324219,95.02392805868121,94.08309708780317,94.08309708780317,16417094
2024-01-22,93.989013671875,95.02392628492863,93.989013671875,94.55351080827057,22982811
2024-01-23,95.02392578125,95.4943412554146,93.98901317368197,94.08309483292079,18993909
2024-01-24,94.55351257324219,95.49434354412021,94.55351257324219,95.02392805868121,13198166
2024-01-25,95.96475982666016,95.96475982666016,94.55351335862105,95.02392884796741,24228872
2024-01-26,96.43517303466797,97.37600399110376,95.96475755645008,95.96475755645008,25615989
2024-01-29,96.43517303466797,96.90558851288586,95.96475755645008,96.43517303466797,16386992
2024-01-30,95.96475982666016,96.9055908053529,95.96475982666016,96.43517531600654,17551728
2024-01-31,96.43517303466797,96.43517303466797,95.49434207823218,95.96475755645008,18545562
2024-02-01,96.90558624267578,96.90558624267578,95.96475530828087,96.43517077547833,14397907
2024-02-02,95.96475982666016,96.9055908053529,95.49434433731379,96.43517531600654,16516773
2024-02-05,95.49433898925781,95.96475445225909,95.02392352625654,95.49433898925781,17438135
2024-02-15,95.02392578125,95.96475672957921,95.02392578125,95.4943412554146,27953440
2024-02-16,95.49433898925781,95.49433898925781,94.55350806325528,95.02392352625654,32615887
2024-02-19,96.90558624267578,96.90558624267578,95.02392437388596,95.49433984108342,24938217
2024-02-20,97.37600708007812,98.31683806635907,96.90559158693765,97.37600708007812,39410270
2024-02-21,96.90558624267578,97.84641717707069,96.90558624267578,97.37600170987324,18479374
2024-02-22,97.37600708007812,97.8464225732186,96.90559158693765,97.37600708007812,19601423
2024-02-23,96.90558624267578,97.84641717707069,96.90558624267578,97.37600170987324,17252304
2024-02-26,97.37600708007812,97.8464225732186,96.90559158693765,96.90559158693765,19894677
2024-02-27,97.37600708007812,98.31683806635907,96.90559158693765,97.8464225732186,28688693
2024-02-29,96.90558624267578,97.37600170987324,96.90558624267578,96.90558624267578,38390662
2024-03-01,95.96475982666016,97.37600629469928,95.96475982666016,96.9055908053529,28121335
2024-03-04,100.19849395751953,100.66890942210883,96.43517024080518,96.43517024080518,106351735
2024-03-05,100.19849395751953,102.08015581587671,100.19849395751953,100.66890942210883,75461014
2024-03-06,100.19849395751953,101.13932488669812,99.25766302834094,99.72807849293024,40347458
2024-03-07,101.13932800292969,102.08015896109647,100.66891252384629,101.60974348201307,47505374
2024-03-08,98.78724670410156,102.08015492757161,98.31683124360585,101.13932400658018,68582080
2024-03-11,103.02098846435547,104.9026503541154,98.78724921239566,98.78724921239566,139480002
2024-03-12,111.9588851928711,111.9588851928711,104.9026529328162,104.9026529328162,347034486
2024-03-13,113.37013244628906,116.19262537026306,111.01805500964406,114.31096342094706,338406505
2024-03-14,113.84054565429688,114.3109611322072,110.07722183101434,113.84054565429688,191622484
2024-03-15,124.18968200683594,125.13051293113016,119.48552738536488,120.4263583096591,403022484
2024-03-18,127.95301055908203,128.8938415190753,123.71927123911242,125.13051767910228,239249130
2024-03-19,127.95301055908203,127.95301055908203,122.30802479912253,125.13051767910228,171242442
2024-03-20,129.8346710205078,133.5979948182037,127.48259364694788,128.42342459637186,204806549
2024-03-21,134.0684051513672,136.4204824347245,130.77549695466695,132.6571587813528,183957559
2024-03-22,136.89089965820312,139.71339243466093,133.59799141900237,135.47965326997422,236266998
2024-03-25,136.89089965820312,138.772561509175,134.5388223444883,138.30214604643203,145490405
2024-03-26,133.59799194335938,138.30214658925232,130.7754991558236,137.36131566007373,180436950
2024-03-27,139.71339416503906,141.12464057074652,134.53882401077837,134.53882401077837,146369404
2024-03-28,146.29920959472656,147.710455989531,141.12463948044365,141.59505494537845,196277222
2024-03-29,142.535888671875,148.18087436185024,141.59505772354578,147.71045888768563,123239000
2024-04-01,141.59506225585938,145.35838616963636,141.12464676663726,142.0654777450815,77891382
2024-04-02,149.59213256835938,150.06254807958064,142.06548438881927,143.0063154112618,178365027
2024-04-03,149.59213256835938,149.59213256835938,145.82880847858934,146.76963950103183,141177640
2024-04-08,148.6512908935547,150.5329528035997,147.24004446102094,149.5921218485772,108228836
2024-04-09,148.6512908935547,151.94419923613344,146.29921350599844,149.12170637106593,101725664
2024-04-10,145.35836791992188,150.53293765169903,144.88795248976032,149.5921067913759,97698334
2024-04-11,141.1246337890625,144.4175419108073,138.30214111328127,143.94712646484376,171910054
2024-04-12,141.59506225585938,144.41755519119212,139.71340029897087,142.0654777450815,117153973
2024-04-15,137.361328125,141.12465218321918,135.9500816031678,139.713405661387,111843413
2024-04-16,132.65716552734375,134.53882744971742,129.36425716318982,134.06841196912399,175513013
2024-04-17,137.8317413330078,138.77257233186793,132.65717083927714,134.5388328369974,105075694
2024-04-18,139.24298095703125,139.71339643323745,135.95007262358794,135.95007262358794,74990020
2024-04-19,134.538818359375,138.77255739865603,131.716325666521,137.361311052229,132498553
2024-04-22,134.538818359375,136.89089560342,133.12757201294798,133.12757201294798,71191312
2024-04-23,135.4796600341797,137.83173746532864,135.0092445479499,136.89090649286905,67495791
2024-04-24,146.76962280273438,147.71045371813653,137.83172910641403,138.77256002181616,191980597
2024-04-25,142.535888671875,145.3583815168626,142.0654731977104,143.9471350943688,108275889
2024-04-26,145.82879638671875,148.65128922001009,144.8879654422883,147.24004280336442,99130006
2024-04-29,149.1217041015625,151.47378145332215,146.76962674980282,147.7104576905067,98183957
2024-04-30,146.76962280273438,151.4737773797451,146.76962280273438,150.06253100664188,72258292
2024-05-02,144.88796997070312,145.82880094453887,143.00630802303166,144.41755448378527,67014593
2024-05-03,146.76962280273438,149.59211554894082,146.76962280273438,148.18086917583759,67145053
2024-05-06,157.58917236328125,158.53000324306203,151.47377164470618,151.94418708459656,177370587
2024-05-07,159.47084045410156,160.88208682980158,156.64834770270153,159.47084045410156,124701709
2024-05-08,159.47084045410156,161.35250228836824,158.05959407840155,158.5300095369682,75120589
2024-05-09,160.41168212890625,164.6454215399331,159.47085114867807,159.47085114867807,113944686
2024-05-10,159.47084045410156,161.8229177469349,157.11876316126822,161.35250228836824,84399408
2024-05-13,159.47084045410156,162.76374866406826,159.0004249955349,160.88208682980158,77795848
2024-05-14,161.8229217529297,164.6454145742017,158.05959799123366,159.94125987208167,124475075
2024-05-15,160.41168212890625,163.7045905597049,155.7075272277653,158.05960467833577,155589110
2024-05-16,161.35250854492188,168.40874069703216,160.41167759130718,164.64541688257333,149892909
2024-05-17,159.94125366210938,162.76374637379365,157.11876095042507,162.76374637379365,87995690
2024-05-20,157.58917236328125,160.4116650026236,156.17792604361009,159.94124956273322,73840961
2024-05-21,156.1779327392578,158.53001003954785,155.7075172791998,156.1779327392578,46498585
2024-05-22,159.0004425048828,160.41168903599123,156.17794944266595,156.17794944266595,55204400
2024-05-23,162.7637481689453,163.7045790832167,159.47083996899556,163.234163626081,83577643
2024-05-24,165.58624267578125,165.58624267578125,160.8820880543102,161.8229189786044,69225558
2024-05-27,174.05372619628906,174.05372619628906,167.93832500560865,168.40874048181482,113997157
2024-05-28,174.52413940429688,174.9945548743893,172.64247752392708,174.52413940429688,67804130
2024-05-29,169.8199920654297,174.9945624607752,169.8199920654297,174.52414697028925,75213627
2024-05-30,166.05667114257812,168.87916413650296,165.58625564359065,166.5270866415656,78702491
2024-05-31,161.8229217529297,168.40873833589777,161.8229217529297,166.52707645504975,147141860
2024-06-03,166.05667114257812,168.87916413650296,164.1750091466282,166.5270866415656,89188697
2024-06-04,160.88209533691406,166.05666565476804,159.94126437003152,164.64541920444424,101915226
2024-06-05,165.11582946777344,167.4679068106192,158.5300129078053,160.88209025065106,117365054
2024-06-06,166.9974822998047,172.17205217388315,166.9974822998047,170.76080584458902,121092025
2024-06-07,166.9974822998047,169.3495595152949,166.05665141360862,166.9974822998047,55448022
2024-06-11,169.8199920654297,170.7608230464016,166.99749912251397,168.40874559397182,83420531
2024-06-12,176.40579223632812,176.87620768229166,171.7016377766927,173.11288411458332,124760086
2024-06-13,180.63954162597656,183.46203446388245,176.87621784210205,179.69871068000793,146691778
2024-06-14,186.28453063964844,186.7549461210617,179.6987138998629,181.10996034410263,123524930
2024-06-17,188.1661834716797,188.1661834716797,183.4620288848877,185.81410617828368,90030798
2024-06-18,186.75494384765625,189.1070212260902,185.34369742059587,188.63660575040342,90319019
2024-06-19,190.98867797851562,195.69283260852833,187.69576973750674,188.166185200508,173889577
2024-06-20,204.63072204589844,204.63072204589844,191.4590893624843,192.87033572142153,177537123
2024-06-21,199.45616149902344,204.63073172659244,198.51533054855634,198.51533054855634,163458287
2024-06-24,193.81117248535156,197.5744962229312,192.87034155095665,197.10408075573375,104052744
2024-06-25,198.5153350830078,199.4561660549652,189.10702536343396,190.98868730734875,116945868
2024-06-26,197.57449340820312,202.74906347365607,197.57449340820312,198.9857397896903,107811774
2024-06-27,199.92657470703125,201.80823658662683,195.22242000804226,195.69283547794117,84781047
2024-06-28,201.33782958984375,203.21949154862736,199.92658312075608,201.33782958984375,75725075
2024-07-01,203.219482421875,204.16031335901332,201.80823601616754,202.2786514847367,73503014
2024-07-02,197.333251953125,205.5353675599786,195.88581978720964,204.5704127827017,142637509
2024-07-03,195.8858184814453,200.7105923356681,195.8858184814453,197.81572802313443,75817371
2024-07-04,206.98280334472656,207.4652807418005,200.2281197856912,200.71059718276516,110905158
2024-07-05,206.98280334472656,207.9477581388745,205.05289375643076,206.5003259476526,43052441
2024-07-08,218.562255859375,218.562255859375,208.91270813931428,209.39518552531732,114405840
2024-07-09,217.59730529785156,226.28189841395206,212.77253134446238,218.5622600885294,137762761
2024-07-10,215.66738891601562,218.0797758166422,212.77252463526375,217.5972984365169,70302456
2024-07-11,217.59730529785156,220.974647065224,216.1498731118348,218.5622600885294,65419255
2024-07-12,208.43023681640625,213.25501081678604,206.50032721625436,211.32510121663412,137754131
2024-07-15,208.9127197265625,211.3251067903796,206.98281007550878,208.9127197265625,52526510
2024-07-16,205.53536987304688,209.87766641966053,205.0528924789787,208.91271163152416,82245845
2024-07-17,204.57041931152344,209.87767075592618,204.08794190748682,205.53537411959667,75060648
2024-07-18,196.8507843017578,201.6755584268009,195.8858294767492,198.78069395177505,132207113
2024-07-19,196.8507843017578,196.8507843017578,192.99096500172334,193.47344241422766,90412154
2024-07-22,185.75379943847656,196.85077966467125,184.30636723505987,195.88582486239346,158438644
2024-07-23,194.43838500976562,194.43838500976562,190.09608857034158,191.54352071681626,83955746
2024-07-26,185.2713165283203,187.2012260754903,181.8939748207728,183.3414069811503,101861581
2024-07-29,186.2362823486328,190.09610167192054,185.27132751781087,189.1311468410986,58864802
2024-07-30,189.13113403320312,190.09608879867866,182.37645067487443,183.82388282308773,55246089
2024-07-31,191.06105041503906,194.9208696153429,187.20123121473526,187.68370861477322,76997270
2024-08-01,195.40335083007812,198.29821528682004,193.4734411922502,197.81573787736303,70033754
2024-08-02,179.9640655517578,187.6837037523694,178.99911077668136,185.7537942022165,170805688
2024-08-05,162.11241149902344,166.45470823560441,162.11241149902344,163.55984374455045,229394141
2024-08-06,161.6299285888672,168.86708957045826,154.3927676072761,167.41965737414003,309246386
2024-08-07,164.52479553222656,168.86709218850234,162.11240850096226,163.07736331346797,170623130
2024-08-08,157.77011108398438,160.66497550754372,155.3577240643516,157.77011108398438,171908756
2024-08-09,162.59487915039062,165.97222085381122,162.1124017641877,164.04231130899944,137129939
2024-08-12,169.83204650878906,172.72691093791616,165.48974986509845,165.97222726995295,110929344
2024-08-13,174.6568145751953,176.5867241285124,171.7619502452197,173.6918597985368,111247858
2024-08-14,178.99911499023438,180.4465471869209,177.06920539465233,179.48159238912987,98234123
2024-08-15,174.6568145751953,179.481588458488,174.6568145751953,178.99911107015873,83391282
2024-08-16,177.5516815185547,180.4465458911398,176.58672672769296,179.4815911002781,72396121
2024-08-19,180.44654846191406,181.41150326652323,178.03416145039117,178.51663885269573,57256994
2024-08-20,179.9640655517578,184.30636203960185,179.4815881642196,182.85892987698716,80711041
2024-08-21,177.06919860839844,179.48158551042022,175.13928908678102,178.5166307496115,71607014
2024-08-22,173.20938110351562,178.51663233509967,172.72690371882615,177.55167756572075,72229297
2024-08-23,173.69186401367188,174.65681881374783,168.8670900132921,169.83204481336807,49085475
2024-08-26,175.62176513671875,178.51662939721413,174.17433300647107,175.62176513671875,42223023
2024-08-27,174.17434692382812,175.62177916973252,172.72691467792373,175.13930175443105,27898074
2024-08-28,178.99911499023438,179.48159238912987,173.20938620348824,174.65681840017479,59781576
2024-08-29,178.03416442871094,178.99911924946275,173.69186773532775,174.17434514570365,57658983
2024-08-30,178.03416442871094,179.48159665983866,177.06920960795912,178.51664183908684,50920206
2024-09-02,176.58673095703125,180.44655021292263,175.62177614305838,178.99911799196337,35772515
2024-09-03,178.51663208007812,180.44654161607897,176.58672254407728,177.55167731207771,50713412
2024-09-04,173.20938110351562,174.656813257584,165.97222033317374,168.8670846413105,124980705
2024-09-05,168.86709594726562,174.65682495117187,168.86709594726562,173.6918701171875,75390366
2024-09-06,170.31451416015625,171.76194629182896,168.86708202848354,169.34955940570777,38390840
2024-09-09,165.97222900390625,167.90213864348655,164.52479677422102,165.97222900390625,66946358
2024-09-10,163.07736206054688,167.90213608600686,161.6299298529089,167.41965868346085,89950703
2024-09-11,163.55984497070312,165.9722320646663,163.55984497070312,164.04232238949575,29053719
2024-09-12,171.27947998046875,171.27947998046875,167.90213812169895,168.38461553009464,52398341
2024-09-13,169.83204650878906,173.20938834277067,168.86709169908005,172.72691093791616,34996605
2024-09-16,174.6568145751953,175.62176935185386,168.8670859152441,170.79699546856116,53785495
2024-09-18,167.90213012695312,173.2093813665982,167.41965274153085,172.72690398117592,76540029
2024-09-19,170.31451416015625,170.31451416015625,166.93717251958657,168.3846046512593,41446153
2024-09-20,170.7969970703125,175.6217709988524,170.7969970703125,173.69186142743644,81520029
2024-09-23,173.69186401367188,174.17434141370987,171.279477013482,171.76195441352,30529852
2024-09-24,176.58673095703125,177.5516857710041,171.761956887167,172.72691170113984,56746047
2024-09-25,181.89398193359375,184.30636896189077,179.48159490529676,179.96407231095617,117055770
2024-09-26,182.8589324951172,186.23627425624073,181.89397770622475,185.2713194673483,65079925
2024-09-27,184.30636596679688,187.20123035370992,183.3414111711592,185.27132076243456,67106252
2024-09-30,180.9290313720703,184.30637329101563,180.9290313720703,183.34141845703124,61700675
2024-10-01,180.44654846191406,183.34141287574158,178.99911625500033,182.37645807113242,33579126
2024-10-04,187.20123291015625,189.61361993219435,181.41150405726484,181.41150405726484,114048146
2024-10-07,190.5785675048828,192.02599966314776,188.16618057444126,192.02599966314776,83512089
2024-10-08,187.20123291015625,190.5785747410096,187.20123291015625,190.09609733660196,53834729
2024-10-09,192.0260009765625,192.9909557553392,190.0960914190091,191.0610461977858,83114046
2024-10-11,192.99095153808594,194.9208610534668,192.0259967803955,192.99095153808594,69936130
2024-10-14,192.0260009765625,192.9909557553392,189.61361402962078,192.9909557553392,36211894
2024-10-15,199.74563598632812,200.22811336793762,193.47343002540478,193.95590740701425,126315098
2024-10-16,197.81573486328125,200.22812187380907,196.36830265696454,196.8507800590701,96069107
2024-10-17,201.1930694580078,201.6755468427992,196.85077299488535,200.22811468842505,65050499
2024-10-18,200.22811889648438,203.6054606610034,199.74564150155308,202.64050587114082,101109312
2024-10-21,202.6405029296875,206.0178446451823,201.67554815383187,202.6405029296875,58640655
2024-10-22,207.94775390625,208.43023129350348,201.67554787195476,203.60545742096866,87878376
2024-10-23,208.43023681640625,209.3951916164822,205.5353724161784,206.98280461629233,51043274
2024-10-24,204.0879364013672,207.94775552952544,202.64050422830786,207.46527813850565,78486941
2024-10-25,208.43023681640625,208.43023681640625,204.57041761610245,205.0528950161404,49063789
2024-10-28,207.4652862548828,213.73749258351882,206.50033143509268,210.84262812414835,93823853
2024-10-29,202.1580352783203,205.5353771564784,199.74564822249312,205.5353771564784,85568817
2024-10-30,204.0879364013672,207.94775552952544,201.6755494462683,202.15802683728808,67172212
2024-11-01,200.71060180664062,201.19307921482965,194.4383955001831,194.92087290837213,87793218
2024-11-04,206.5003204345703,206.5003204345703,200.71059182425526,201.6755465926411,57179294
2024-11-05,206.5003204345703,207.94775258714907,203.6054561294128,204.57041089779864,43137748
2024-11-06,206.01785278320312,209.3951946321081,205.05289796923026,207.46528500416238,66841891
2024-11-07,209.3951873779297,211.3250969390166,204.5704134752124,204.5704134752124,75949925
2024-11-08,210.36013793945312,212.29004746183344,209.87766055885805,211.80757008123837,53938151
2024-11-11,212.29005432128906,212.29005432128906,209.87766734036532,211.8075769251043,41304740
2024-11-12,206.5003204345703,210.8426168923066,206.5003204345703,209.87766212392077,67724865
2024-11-13,206.98280334472656,208.9127129330224,205.05289375643076,205.05289375643076,54978607
2024-11-14,204.0879364013672,207.94775552952544,201.6755494462683,207.46527813850565,71008649
2024-11-15,199.74563598632812,206.98279671047044,198.78068122310916,204.570409802423,99347209
2024-11-18,195.40335083007812,200.71060233410495,194.92087342062115,197.81573787736303,59712102
2024-11-19,196.36830139160156,197.81573358859126,193.95591439661874,196.36830139160156,59058419
2024-11-20,198.7806854248047,198.7806854248047,198.7806854248047,198.7806854248047,44351353
2024-11-21,195.40335083007812,197.81573787736303,194.92087342062115,197.81573787736303,49115813
2024-11-22,195.8858184814453,199.74563756482354,195.8858184814453,198.2982054085567,36997322
2024-11-25,203.12298583984375,203.12298583984375,198.29821182939617,198.7806892304409,80172067
2024-11-26,195.40335083007812,199.74564751519097,194.92087342062115,199.74564751519097,92584940
2024-11-27,189.61361694335938,193.95591351458134,189.61361694335938,193.4734361177789,92029898
2024-11-28,188.64866638183594,192.0260082352192,186.23627934370504,189.1311437894621,56842531
2024-11-29,188.64866638183594,192.0260082352192,185.75380193607887,186.71875675133123,48382854
2024-12-02,189.13113403320312,192.50847571236747,188.64865665046537,191.54352094689193,46054629
2024-12-03,189.61361694335938,192.99095872097647,189.61361694335938,191.54352653056915,50430915
2024-12-04,193.95591735839844,194.43839476476262,190.09609810748503,190.57857551384922,48810602
2024-12-05,192.0260009765625,196.36829748105762,192.0260009765625,195.88582009166927,45629278
2024-12-06,191.06105041503906,194.4383922153049,190.5785730150011,192.508482615153,46385653
2024-12-09,188.1661834716797,192.02600261981672,188.1661834716797,191.54352522629958,39186123
2024-12-10,185.2713165283203,188.16618084907532,185.2713165283203,186.2362713019053,55981201
2024-12-11,182.37644958496094,187.2012233835049,182.37644958496094,183.34140434466974,62875365
2024-12-12,181.89398193359375,186.23627858452835,181.89398193359375,183.82389155623136,47067315
2024-12-13,179.9640655517578,182.85892987698716,178.99911077668136,181.8939751019107,52081754
2024-12-16,175.62176513671875,182.85892578795716,175.13928775996953,181.41149365770949,71398289
2024-12-17,176.58673095703125,179.4815953989498,174.65682132908555,174.65682132908555,54107138
2024-12-18,178.03416442871094,178.99911924946275,176.1042547872073,176.58673219758322,46803571
2024-12-19,174.6568145751953,175.62176935185386,172.72690502187825,174.6568145751953,62303203
2024-12-20,174.6568145751953,177.55167890517095,173.6918597985368,174.6568145751953,55158347
2024-12-23,178.99911499023438,180.92902458581642,177.55168279354785,178.51663759133888,50507684
2024-12-24,178.99911499023438,180.92902458581642,178.99911499023438,180.92902458581642,32584682
2024-12-25,179.9640655517578,181.4114977143725,179.4815881642196,179.9640655517578,21198608
2024-12-26,180.9290313720703,182.37646362304687,180.44655395507812,180.9290313720703,35581123
2024-12-27,179.9640655517578,181.4114977143725,178.99911077668136,180.92902032683426,20870917
2024-12-30,178.51663208007812,180.44654161607897,178.03415469607793,178.99910946407834,23909208
2024-12-31,177.5516815185547,178.51663630941638,176.58672672769296,178.03415891398552,21179875
2025-01-02,176.104248046875,179.48158979023972,175.13929326305652,177.55168022260276,38301022
2025-01-03,174.6568145751953,177.55167890517095,174.17433718686604,176.5867241285124,46698161
2025-01-06,178.03416442871094,180.9290288909664,177.06920960795912,178.51664183908684,66600965
2025-01-07,183.34141540527344,185.27132504111842,179.96407354254472,180.44655095150597,80605094
2025-01-08,181.4114990234375,183.34140858751664,180.44654424139793,183.34140858751664,40650155
2025-01-09,176.58673095703125,181.4115050268955,176.58673095703125,181.4115050268955,44873514
2025-01-10,175.13929748535156,177.55168450305612,174.65682008181065,176.1042522924334,39132489
2025-01-13,165.48974609375,174.17433918321794,165.48974609375,173.6918617893586,148207264
2025-01-14,168.38461303710938,168.38461303710938,165.00727122834215,165.4897486295946,62025042
2025-01-15,165.00726318359375,169.349559583162,165.00726318359375,168.3846048277024,57853514
2025-01-16,167.41966247558594,169.8320495429575,166.93718506211164,168.86709471600886,41090927
2025-01-17,167.41966247558594,169.3495721294832,165.972230235163,166.93718506211164,44467947
2025-01-20,171.76194763183594,171.76194763183594,168.3846059649178,168.3846059649178,33266229
2025-01-21,172.2444305419922,173.6918627314207,170.7969983525637,172.2444305419922,31745824
2025-01-22,173.69186401367188,174.65681881374783,172.24443181355795,174.17434141370987,43634401
2025-02-03,159.70001220703125,162.11239909837613,157.77010269395535,158.2525800722243,155112848
2025-02-04,159.21754455566406,163.07736381761956,159.21754455566406,161.1474541866418,62817481
2025-02-05,165.00726318359375,165.48974056132357,161.14744416175532,161.14744416175532,50787569
2025-02-06,166.9371795654297,167.90213436060557,165.0072699750779,166.45470216784173,40235011
2025-02-07,171.76194763183594,171.76194763183594,167.9021285839295,168.8670833459061,50334024
2025-02-10,167.90213012695312,170.3145170540645,167.90213012695312,169.83203966864224,35975740
2025-02-11,172.72691345214844,175.6217779234135,169.83204898088337,171.76195862839342,69282654
2025-02-12,170.7969970703125,175.1392936059984,170.7969970703125,175.1392936059984,41760435
2025-02-13,173.69186401367188,174.65681881374783,170.79699961344403,170.79699961344403,40054109
2025-02-14,171.76194763183594,174.17433453677745,171.27947025084762,173.69185715578914,26170902
2025-02-17,176.104248046875,176.104248046875,172.72690630351028,173.20938369541952,46052153
2025-02-18,177.06919860839844,177.5516759888028,174.65681170637666,176.58672122799408,26614265
2025-02-19,176.58673095703125,178.0341631779905,175.62177614305838,177.06920836401767,33998620
2025-02-20,175.62176513671875,177.06919726696646,175.13928775996953,176.5867198902172,23201907
2025-02-21,176.58673095703125,177.5516857710041,174.65682132908555,175.13929873607196,34837198
2025-02-24,177.5516815185547,177.5516815185547,174.1743397505387,174.65681714596954,26499357
2025-02-25,171.27947998046875,175.62177665602994,171.27947998046875,175.13929924763426,62236037
2025-02-26,174.17434692382812,174.65682433912957,168.38461794021057,168.86709535551202,44189198
2025-02-27,167.90213012695312,175.1392909082873,167.90213012695312,173.69185875202047,78529299
2025-03-03,164.0423126220703,168.86708652271943,164.0423126220703,165.97222218232997,67754390
2025-03-04,164.52479553222656,165.97222775098516,159.21754406344508,159.70002146969793,68513242
2025-03-05,167.41966247558594,168.86709471600886,165.48975282168868,165.48975282168868,44481318
2025-03-06,167.41966247558594,169.8320495429575,167.41966247558594,169.3495721294832,28371666
2025-03-07,165.97222900390625,168.38461605338162,165.0072741841161,165.0072741841161,31346422
2025-03-10,165.97222900390625,167.90213864348655,164.04231936432595,167.41966123359148,35538548
2025-03-11,162.59487915039062,163.5598339227965,159.21753744697006,160.18249221937594,65518436
2025-03-12,164.52479553222656,165.4897503447323,163.07736331346797,163.07736331346797,39457767
2025-03-13,162.11241149902344,167.90214048113143,162.11241149902344,166.45470823560441,33203563
2025-03-14,164.0423126220703,164.52479001213524,162.11240306181065,162.59488045187558,32460048
2025-03-17,162.11241149902344,166.45470823560441,162.11241149902344,165.97223082042876,49505421
2025-03-18,161.6299285888672,163.55983818395814,161.14745119009444,163.0773607851854,38491878
2025-03-19,158.25257873535156,161.6299203547036,157.77010136115842,161.14744298051045,76827146
2025-03-20,160.1824951171875,161.1474499070501,158.73506293239365,159.21754032732494,36080294
2025-03-21,159.21754455566406,161.1474541866418,159.21754455566406,161.1474541866418,44208163
2025-03-24,157.28762817382812,161.1474472701184,157.28762817382812,160.6649698830821,40731359
2025-03-25,159.21754455566406,160.66497677889737,158.25258974017518,159.7000219634085,32238564
2025-03-26,160.1824951171875,161.1474499070501,159.21754032732494,160.1824951171875,18157417
2025-03-27,154.875244140625,158.252585913162,154.39276674454828,157.77010851708528,64776987
2025-03-28,148.60304260253906,152.9453393019639,147.63808778044466,152.4628618909167,106024520
2025-03-31,140.88339233398438,144.26073393103195,139.9184375919708,139.9184375919708,126784939
2025-04-01,146.67312622070312,147.6380809984709,142.81330710963198,143.29578449851587,59980318
2025-04-02,148.1205596923828,149.0855144786524,146.67312751297843,147.63808229924803,38028390
2025-04-07,133.646240234375,133.646240234375,133.646240234375,133.646240234375,26126364
2025-04-08,120.61934661865234,125.92659786987305,120.61934661865234,122.54925616455078,301202019
2025-04-09,108.55741119384766,118.206958855523,108.55741119384766,114.82961717393663,358282270
2025-04-10,119.17192077636719,119.17192077636719,119.17192077636719,119.17192077636719,35122259
2025-04-11,129.7864227294922,130.2689001374085,112.89971345242071,114.34714567616969,293820443
2025-04-14,133.646240234375,139.91844645476084,131.23385322653428,136.54110464378385,210223406
2025-04-15,134.61119079589844,135.09366818226366,131.23384909134185,134.12871340953322,84519852
2025-04-16,131.23385620117188,134.61119808870203,131.23385620117188,133.1637658511891,59628853
2025-04-17,129.7864227294922,130.75137754532483,127.37403568991054,129.7864227294922,63502645
2025-04-18,130.75137329101562,131.71632807545114,128.82146372214453,130.26889589879784,25953939
2025-04-21,131.71632385253906,132.1988012292883,129.78641434554217,130.2688917222914,31715258
2025-04-22,127.37403106689453,131.23385019013375,126.89155367648962,129.78641801891905,43756112
2025-04-23,134.12872314453125,134.61120056591446,131.233858616232,131.233858616232,64790108
2025-04-24,131.71632385253906,134.1287107362852,130.7513690990406,134.1287107362852,43373263
2025-04-25,134.12872314453125,136.05863283006408,133.64624572314804,135.57615540868088,53501504
2025-04-28,137.5060577392578,138.47101253041052,135.0936707613761,135.0936707613761,46661370
2025-04-29,137.98854064941406,138.47101806427216,136.0586309899817,136.5411084048398,37793068
2025-04-30,136.54110717773438,138.95349423034452,136.54110717773438,137.98853940930047,41225512
2025-05-02,142.33082580566406,142.81330318127647,138.95348417637712,139.43596155198955,58858234
2025-05-05,137.5060577392578,143.7782638817503,137.0235803436815,143.7782638817503,65835101
2025-05-06,140.88339233398438,141.36586970499118,137.02357336593002,137.5060507369368,52642201
2025-05-07,139.91844177246094,142.81330608499462,138.4710096161941,141.36587392872778,42941757
2025-05-08,140.88339233398438,141.36586970499118,139.435960220964,140.4009149629776,28650766
2025-05-09,141.84835815429688,142.33083556298496,140.40092592823262,141.3658807456088,29653062
2025-05-12,147.63807678222656,147.63807678222656,143.29578040627874,143.77825778138404,58159600
2025-05-13,152.46286010742188,155.84020194524453,151.49790529661541,153.91029232363158,91396561
2025-05-14,157.28762817382812,157.28762817382812,153.91028646457414,155.84019601271928,68720158
2025-05-15,153.91029357910156,157.2876354444737,152.94533876042382,157.2876354444737,68371776
2025-05-16,152.46286010742188,153.91029232363158,151.49790529661541,152.94533751282512,34064080
2025-05-19,148.60304260253906,152.4628618909167,148.60304260253906,151.4979070688223,51994460
2025-05-20,148.60304260253906,152.9453393019639,148.12056519149186,151.4979070688223,40404578
2025-05-21,149.5679931640625,151.01542535597278,149.08551576675907,149.5679931640625,28794921
2025-05-22,147.63807678222656,148.6030315324372,146.19064465691062,148.1205541573319,36180030
2025-05-23,148.60304260253906,150.5329522467279,147.63808778044466,150.5329522467279,22240124
2025-05-26,147.63807678222656,149.56798628264784,145.70816728180532,147.15559940712126,28674499
2025-05-27,146.67312622070312,149.56799055400649,146.67312622070312,148.1205583873548,27178660
2025-05-28,146.67312622070312,148.6030357762387,146.19064883181923,148.6030357762387,31301270
2025-05-29,150.53294372558594,152.46285326052936,148.60303419064252,149.0855115743784,88695221
2025-06-02,147.15560913085938,149.08551875880508,145.7081769099001,148.60304135181863,54596606
2025-06-03,146.19065856933594,149.5680005164823,146.19065856933594,148.12056825341958,37496603
2025-06-04,150.53294372558594,150.53294372558594,147.63807942317084,148.12055680690668,39430089
2025-06-05,150.05047607421875,151.4979083193077,150.05047607421875,151.01543090427805,34135967
2025-06-06,147.63807678222656,150.05046365775314,147.63807678222656,150.05046365775314,23622232
2025-06-09,149.08551025390625,150.0504650128312,148.60303287444376,149.56798763336872,18242233
2025-06-10,150.05047607421875,150.5329534892484,149.56799865918913,150.05047607421875,31625938
2025-06-11,150.53294372558594,151.9803758767935,150.0504663418501,151.01542110932178,26921144
2025-06-12,151.98037719726562,152.46285458519347,148.60303548177083,150.05046764555433,32770167
2025-06-13,151.0154266357422,152.94533624131077,150.53294923435004,151.49790403713433,37075939
2025-06-16,149.5679931640625,151.4979027532762,149.08551576675907,150.53294795866935,21564832
2025-06-17,149.5679931640625,151.4979027532762,149.08551576675907,151.01542535597278,25153697
2025-06-18,150.53294372558594,151.01542110932178,148.60303419064252,149.56798895811423,34125837
2025-06-19,148.60304260253906,150.5329522467279,148.60304260253906,150.0504748356807,20289055
2025-06-20,150.05047607421875,150.05047607421875,147.63808899907053,149.08552124415948,58365008
2025-06-23,150.53294372558594,150.53294372558594,146.67312465569913,147.63807942317084,48485749
2025-06-24,154.875244140625,156.32267632885515,151.98037976416472,152.46285716024144,66177329
2025-06-25,156.3226776123047,156.3226776123047,154.39276801215277,155.84020021226672,48074338
2025-06-26,157.28762817382812,158.2525829479007,155.84019601271928,156.32267339975556,64983063
2025-06-27,159.21754455566406,159.7000219634085,156.80515751694188,157.2876349246863,74726884
2025-06-30,155.35772705078125,160.66497859599426,155.35772705078125,160.1825011827931,59551541
2025-07-01,159.70001220703125,160.18248958530023,155.35771580261047,155.84019318087942,101734619
2025-07-02,162.0,162.0,160.0,160.0,64904578
2025-07-03,164.0,164.5,163.0,164.0,45499276
2025-07-04,161.0,164.5,160.5,164.0,27434055
2025-07-07,161.0,162.0,159.5,161.0,23838993
2025-07-08,159.0,161.0,158.5,160.5,30285544
2025-07-09,161.0,161.5,159.0,159.5,28926202
2025-07-10,161.5,162.5,160.0,161.0,29653356
2025-07-11,161.5,162.5,160.5,161.5,20131944
2025-07-14,160.5,162.5,160.5,161.5,18584525
2025-07-15,163.0,163.0,160.0,160.0,20264333
2025-07-16,162.5,164.0,162.5,163.0,23986877
2025-07-17,164.0,164.0,162.5,163.0,20425825
2025-07-18,165.5,166.0,164.5,165.0,34053809
2025-07-21,165.0,166.5,164.5,166.0,16688671
2025-07-22,162.0,166.0,161.5,165.0,37854645
2025-07-23,166.0,166.0,163.5,163.5,50337916
2025-07-24,174.0,174.0,167.5,168.0,124903778
2025-07-25,174.5,175.5,173.0,175.5,55406174
2025-07-28,176.0,178.0,175.5,176.0,54693143
2025-07-29,171.5,175.5,171.0,175.0,48559908
2025-07-30,171.5,171.5,171.5,171.5,0
2025-07-31,178.0,179.0,176.0,178.0,88011311
2025-08-01,181.5,181.5,175.0,175.0,64965454
