Price,Close,High,Low,Open,Volume
Ticker,2330.TW,2330.TW,2330.TW,2330.TW,2330.TW
Date,,,,,
2000-01-04,33.78450012207031,33.78450012207031,33.21510284228228,33.78450012207031,200662336736
2000-01-05,34.543643951416016,34.543643951416016,33.404849131327424,33.784507850668085,402466805912
2000-01-06,33.78450012207031,34.543636049157065,33.78450012207031,34.35389740185835,197545715802
2000-01-07,32.835453033447266,33.21511176795977,32.26605560064882,32.64571433516132,235270344752
2000-01-10,33.97423553466797,34.163974163901585,33.21509967985886,33.78449690543435,276171685539
2000-01-11,33.404850006103516,34.73338355168618,33.215111310431176,34.353906160341495,277769544650
2000-01-12,34.3538932800293,34.3538932800293,33.404837481621,33.594576106154605,216246806621
2000-01-13,33.78450012207031,34.35389740185835,33.78450012207031,34.35389740185835,147490954216
2000-01-14,34.543643951416016,35.11304136146031,33.97424654137172,34.163985232075355,288318964353
2000-01-17,35.49269485473633,36.0620922403109,35.49269485473633,36.0620922403109,155256940719
2000-01-18,34.92329788208008,35.49269151327506,34.733377879484856,35.49269151327506,131648031590
2000-01-19,34.92329788208008,35.49269151327506,34.733377879484856,34.92329788208008,134848688061
2000-01-20,34.543643951416016,34.92330267075667,34.353905260712374,34.92330267075667,125758120596
2000-01-21,35.30277633666992,35.30277633666992,34.54364393701267,34.54364393701267,113397441219
2000-01-24,35.682430267333984,36.25182760072876,35.49269160217205,35.682430267333984,175113122879
2000-01-25,36.631492614746094,36.631492614746094,36.06209518271287,36.631492614746094,223692148326
2000-01-26,39.098819732666016,39.098819732666016,37.770289790047684,37.770289790047684,357880999032
2000-01-27,39.478458404541016,40.04785558172592,38.71932261424755,39.478458404541016,287927232252
2000-01-28,38.71932601928711,38.71932601928711,38.149747454153335,38.149747454153335,197904810671
2000-01-31,38.52941131591797,38.71933130953652,37.39062040657991,37.58035906229852,168059342623
2000-02-01,38.33967208862305,38.90906938519011,38.149752097835865,38.90906938519011,153081850577
2000-02-02,38.33967208862305,38.33967208862305,38.33967208862305,38.33967208862305,0
2000-02-03,38.33967208862305,38.33967208862305,38.33967208862305,38.33967208862305,0
2000-02-04,38.33967208862305,38.33967208862305,38.33967208862305,38.33967208862305,0
2000-02-07,38.33967208862305,38.33967208862305,38.33967208862305,38.33967208862305,0
2000-02-08,38.33967208862305,38.33967208862305,38.33967208862305,38.33967208862305,0
2000-02-09,40.04786682128906,40.617264158277166,39.28873081794163,40.617264158277166,252580321587
2000-02-10,40.61726379394531,40.80700245860271,39.288730465526555,39.66820779484135,177540543615
2000-02-11,41.56631851196289,42.135712125521046,40.80700120091871,41.1866598564408,215027859365
2000-02-14,40.61726379394531,41.37639608970975,40.61726379394531,41.37639608970975,140301270822
2000-02-15,40.8070068359375,41.18666554388646,40.23760944297802,40.61726815092698,105105248690
2000-02-16,40.427528381347656,40.99674442110856,40.427528381347656,40.80700574118826,79352313450
2000-02-17,40.04786682128906,40.42752549191784,39.85812815492974,40.04786682128906,116400258474
2000-02-18,39.478458404541016,40.61725275891082,39.288719791432456,40.23759419483448,121805090619
2000-02-21,37.010963439941406,38.529413067652726,37.010963439941406,38.529413067652726,153903007581
2000-02-22,37.010963439941406,37.58036077088474,36.062088780307974,36.44156610899807,168143612807
2000-02-23,36.821224212646484,37.010962874090666,36.631485551202296,37.010962874090666,73892584628
2000-02-24,37.010963439941406,37.390622106539695,36.821224775596356,37.010963439941406,83371097848
2000-02-25,37.77027130126953,37.96000991803273,37.01095415849129,37.01095415849129,165796729239
2000-02-28,37.77027130126953,37.77027130126953,37.77027130126953,37.77027130126953,0
2000-02-29,38.14976119995117,38.52941993421071,37.96002620256595,37.96002620256595,98749286567
2000-03-01,39.098819732666016,39.098819732666016,38.71934231338319,38.909081023024605,90504908649
2000-03-02,38.52941131591797,39.47846727031089,38.52941131591797,39.28872861459228,68745687934
2000-03-03,38.52941131591797,38.71933130953652,38.33967266019936,38.33967266019936,58129351241
2000-03-06,37.96000289916992,38.90905478245751,37.770264317489676,38.719316200777264,72312707991
2000-03-07,37.77027130126953,38.14974483402323,37.39061272988041,37.58035134664361,83737461434
2000-03-08,37.580352783203125,37.77027274508899,37.20087553517069,37.580352783203125,64819045052
2000-03-09,37.96000289916992,37.96000289916992,37.58034439798024,37.58034439798024,71897783191
2000-03-10,37.010963439941406,38.339674403307676,36.821224775596356,38.14975440105444,99978344966
2000-03-13,34.543643951416016,36.06209379007111,34.543643951416016,36.06209379007111,232179364310
2000-03-14,35.30277633666992,35.49269636522775,34.163985217830316,34.54364393701267,145477589021
2000-03-15,34.73337173461914,35.68242386519419,34.543633103500106,35.113030334733644,154204016711
2000-03-16,34.92329788208008,35.30277151067984,32.645708554205555,33.974241882829524,233438180185
2000-03-17,36.06208801269531,36.06208801269531,34.7333770776118,35.11303573612872,267728113852
2000-03-20,34.92329788208008,34.92329788208008,34.92329788208008,34.92329788208008,21190095663
2000-03-21,37.010963439941406,37.200883442194645,33.784503157308265,33.784503157308265,447638099122
2000-03-22,36.44155502319336,37.58034933864994,35.87215786546507,36.44155502319336,247260900862
2000-03-23,38.14976119995117,38.52941993421071,36.63149263956833,36.821231337727845,280164605464
2000-03-24,37.580352783203125,38.149746292348574,37.20087553517069,38.149746292348574,189561198505
2000-03-27,40.04786682128906,40.04786682128906,37.960019840469656,37.960019840469656,257812048419
2000-03-28,39.668209075927734,40.6172651056815,39.288731734357704,40.237606426197125,181779906634
2000-03-29,38.71932601928711,39.4784618763402,38.71932601928711,39.4784618763402,105678469394
2000-03-30,39.478458404541016,40.23759419483448,38.71932261424755,38.71932261424755,227815979813
2000-03-31,38.9090690612793,39.85812499362276,38.9090690612793,39.28872770179583,127027740887
2000-04-03,38.9090690612793,38.9090690612793,38.9090690612793,38.9090690612793,0
2000-04-04,38.9090690612793,38.9090690612793,38.9090690612793,38.9090690612793,0
2000-04-05,39.478458404541016,39.85811696861736,38.149744099203424,38.149744099203424,182695562287
2000-04-06,38.33967208862305,40.04786397832423,38.33967208862305,39.47846668175717,145596416273
2000-04-07,37.96000289916992,38.90905478245751,37.96000289916992,38.719316200777264,110518474790
2000-04-10,39.858131408691406,40.42752879216145,37.96002293928195,38.14975792035635,201610650952
2000-04-11,38.9090690612793,39.47846635310623,38.9090690612793,39.47846635310623,117967570843
2000-04-12,37.96000289916992,38.719316200777264,37.96000289916992,38.33965769958758,128216408046
2000-04-13,36.44155502319336,36.82121357429656,36.06207780994318,36.06207780994318,248891269216
2000-04-14,35.30277633666992,36.06209377503463,35.11304134681955,35.11304134681955,239165097006
2000-04-17,33.97423553466797,34.163974163901585,33.21509967985886,33.404838309092476,208060407784
2000-04-18,35.87218475341797,35.87218475341797,35.113052120830154,35.87218475341797,217523114345
2000-04-19,34.73337173461914,36.821218327661256,34.543633103500106,36.821218327661256,145654459349
2000-04-20,35.30277633666992,35.30277633666992,34.163985217830316,34.73338262763719,95074579646
2000-04-21,35.30277633666992,35.8721737464768,35.11304134681955,35.49269636522775,70356985905
2000-04-24,34.16397476196289,35.492685502709065,34.16397476196289,35.30276553227615,80690194617
2000-04-25,35.49269485473633,35.68243353728599,34.16398376388593,34.16398376388593,129573988875
2000-04-26,35.113037109375,36.44156675851205,34.73337843600989,36.25182809078521,221065619149
2000-04-27,35.682430267333984,36.06208893556683,35.11303663471286,35.87216893249592,105813977898
2000-04-28,37.39061737060547,37.7702759891158,35.87216423444935,36.251822852959684,237572314797
2000-05-01,37.39061737060547,37.39061737060547,37.39061737060547,37.39061737060547,0
2000-05-02,36.631492614746094,37.20089004677931,36.44157257877476,37.20089004677931,84578099452
2000-05-03,35.682430267333984,36.6314862689616,35.682430267333984,36.25182760072876,75426358510
2000-05-04,35.49269485473633,36.44156960541022,35.113039852485414,35.68243353728599,111779167839
2000-05-05,36.44155502319336,36.82121357429656,34.923287195259114,35.113025801884206,110709562579
2000-05-08,36.631492614746094,36.82123131277704,36.06209518271287,36.06209518271287,82047327484
2000-05-09,36.631492614746094,36.631492614746094,36.631492614746094,36.631492614746094,0
2000-05-10,35.682430267333984,36.821224934123535,35.682430267333984,36.821224934123535,93664437942
2000-05-11,33.97423553466797,34.92329135658533,33.5945769383261,34.54363276024346,165385745438
2000-05-12,35.113037109375,35.113037109375,33.97424242719109,34.54363976828305,213521853794
2000-05-15,34.255126953125,35.7127836621697,34.13357876966799,35.7127836621697,134465742550
2000-05-16,36.320064544677734,36.44161273670812,34.49799260465914,35.10550411687826,105315890488
2000-05-17,38.62810134887695,38.62810134887695,37.65640772527286,37.89927099360268,165332157320
2000-05-18,39.60002899169922,39.60002899169922,37.8992753685293,38.385238810797645,124512470273
2000-05-19,39.35693359375,39.35693359375,38.62810683572468,38.87120328732222,83311748884
2000-05-22,38.38523483276367,39.114061495865336,38.38523483276367,38.87119822466945,106654860230
2000-05-23,37.170448303222656,38.38523847344802,36.927585008992175,38.38523847344802,78500882016
2000-05-24,36.07719802856445,36.44161316096535,35.7127865969367,35.7127865969367,85726893995
2000-05-25,35.34838104248047,36.44162303513324,34.98396581133816,36.19875603037092,96828793828
2000-05-26,35.34838104248047,35.46992926886046,34.74110250735,34.98396581133816,70008419144
2000-05-29,35.34838104248047,35.95565957761094,35.226832816100476,35.34838104248047,52122944798
2000-05-30,35.34838104248047,35.34838104248047,35.34838104248047,35.34838104248047,0
2000-05-31,38.14213943481445,38.385235861264256,37.41330905141073,38.14213943481445,158989878703
2000-06-01,37.170448303222656,37.89927503545058,36.927585008992175,37.89927503545058,55122098697
2000-06-02,37.656402587890625,38.628096078928664,37.656402587890625,38.14213275905675,101225329179
2000-06-05,38.38523483276367,38.62810180473321,37.656408169662015,38.142138412827435,59798968599
2000-06-06,38.38523483276367,38.38523483276367,38.38523483276367,38.38523483276367,0
2000-06-07,39.114051818847656,39.114051818847656,37.65639885327518,37.899262064385454,81345149055
2000-06-08,38.14213943481445,39.35692952237118,38.14213943481445,39.11406254389422,70697027392
2000-06-09,38.38523483276367,38.62810180473321,37.899271440857895,38.38523483276367,45171655346
2000-06-12,38.14213943481445,38.87119926619101,38.14213943481445,38.87119926619101,67123280572
2000-06-13,37.656402587890625,37.899265823087134,37.656402587890625,37.899265823087134,48311780619
2000-06-14,37.413326263427734,38.38525352041682,37.413326263427734,38.38525352041682,64295991259
2000-06-15,36.441619873046875,37.41330985423071,36.441619873046875,37.41330985423071,69274685557
2000-06-16,36.441619873046875,36.68448315596147,36.19875288935844,36.441619873046875,75573138725
2000-06-19,35.95564651489258,36.44160979586399,35.5912314161426,36.32006161364256,57780102371
2000-06-20,36.07719802856445,36.684476399147634,35.95564983511898,36.684476399147634,45751547817
2000-06-21,35.71278381347656,36.19874340067401,35.71278381347656,36.07719521670203,37673562283
2000-06-22,36.19874954223633,36.320068298873906,35.46992291135815,35.46992291135815,64192016747
2000-06-23,35.46992111206055,36.077199507538936,35.46992111206055,35.955651309110635,49329023488
2000-06-26,34.37668228149414,35.2268276978662,34.13358586405452,35.10550893711072,95197240574
2000-06-27,34.37668228149414,34.74109745968924,34.37668228149414,34.497997341476,54066359094
2000-06-28,34.98395919799805,35.105507401400665,34.49799583234188,34.61954773651795,64997227603
2000-06-29,34.61955261230469,35.469927559207,34.49800069100935,35.469927559207,77624156393
2000-06-30,35.46992111206055,35.46992111206055,34.37667937081386,34.74109451815386,78027855479
2000-07-03,34.8624153137207,35.469926958044475,34.13358859969228,34.741100244016046,104447180852
2000-07-04,34.255126953125,34.983953457260924,34.01226373490047,34.862405273803915,73680107655
2000-07-05,36.19874954223633,36.44161650346803,34.012269649601784,34.61954807588584,119441525468
2000-07-06,35.226829528808594,35.834341156019214,34.862414331672724,35.226829528808594,101119813131
2000-07-07,34.49800109863281,35.469927978314615,34.49800109863281,35.2268315343995,56914463307
2000-07-10,34.8624153137207,35.1055117506433,34.01227352998762,34.619552025554746,65217525581
2000-07-11,34.98395919799805,35.348374360251604,34.49799583234188,34.74109593992057,52507541337
2000-07-12,34.8624153137207,35.1055117506433,34.619552025554746,34.983963532182,40919616069
2000-07-13,35.226829528808594,35.712792940981835,34.9839625467101,34.9839625467101,69994503658
2000-07-14,35.46992111206055,35.712788060972244,35.226824715203946,35.226824715203946,62976544862
2000-07-17,34.8624153137207,35.71279394698434,34.741100244016046,35.469926958044475,50712314469
2000-07-18,34.49800109863281,34.86241631651616,34.49800109863281,34.86241631651616,32287023418
2000-07-19,34.49800109863281,34.86241631651616,34.49800109863281,34.86241631651616,32287023418
2000-07-20,32.7974739074707,34.25513077933179,32.7974739074707,34.25513077933179,115203218360
2000-07-21,31.582677841186523,32.91901940490768,31.096947744149247,32.797467530733854,162136495092
2000-07-24,30.7325496673584,31.339828200502527,30.610999590988904,31.218279974520105,110822798308
2000-07-25,30.48944664001465,31.096956377396143,30.12503331692501,30.12503331692501,93606483860
2000-07-26,31.582677841186523,31.70422601458781,30.853851397346677,30.853851397346677,123597006270
2000-07-27,31.339818954467773,31.339818954467773,30.368125478047308,31.21827076434512,75383138177
2000-07-28,30.97541046142578,31.461373877993662,30.368131977473528,30.368131977473528,112145144460
2000-07-31,30.85385513305664,31.096951509292733,30.61099005513249,30.975403321174685,44307028697
2000-08-01,30.610992431640625,31.461369068249212,30.610992431640625,31.21827267314014,54874186395
2000-08-02,30.368125915527344,30.975404278257475,30.368125915527344,30.732541043215793,39456927657
2000-08-03,29.639305114746094,30.368131810835642,29.396206833420006,30.368131810835642,50216489866
2000-08-04,30.48944664001465,31.218275136580708,29.760618143448585,29.760618143448585,80865639734
2000-08-07,29.882169723510742,30.61099640682454,29.63930459519279,30.61099640682454,88230506600
2000-08-08,30.48944664001465,30.610994847160576,29.639303085037593,29.8821682009813,87806300921
2000-08-09,31.582677841186523,31.582677841186523,30.732536372615595,30.732536372615595,97692062259
2000-08-10,32.31151580810547,32.31151580810547,31.58268548705028,31.947100647577876,102063658059
2000-08-11,31.825782775878906,32.31151294750414,31.825782775878906,32.06864601130497,55832817569
2000-08-14,31.582677841186523,31.947092913492718,31.339814643054158,31.82577788876164,42591720049
2000-08-15,31.7042293548584,32.06864446555837,31.46136613113863,32.06864446555837,53931312217
2000-08-16,32.7974739074707,32.7974739074707,31.704232178768205,31.704232178768205,77309224777
2000-08-17,33.52631378173828,33.76917709654472,33.04035030256886,33.28344676615752,93825423620
2000-08-18,33.890724182128906,34.133591189495725,33.64786087553628,33.76917595444543,86628725821
2000-08-21,33.52631378173828,33.76917709654472,33.40476184916963,33.64786201353261,50032384651
2000-08-22,33.2834358215332,33.5263027572518,32.91902439476219,33.5263027572518,47266781772
2000-08-23,33.2834358215332,33.2834358215332,33.2834358215332,33.2834358215332,0
2000-08-24,33.890724182128906,34.133591189495725,33.52631264785281,33.52631264785281,86961297607
2000-08-25,34.13359069824219,34.13359069824219,33.76917546843659,34.01227562107902,67969846253
2000-08-28,33.52631378173828,33.89072532833905,33.28344676615752,33.89072532833905,41797979053
2000-08-29,33.2834358215332,33.5263027572518,32.554609267218076,33.5263027572518,70881336756
2000-08-30,32.7974739074707,33.52630419378788,32.7974739074707,33.04034085359567,55343475749
2000-08-31,32.675933837890625,32.79748206515682,32.31152230486557,32.31152230486557,59711834325
2000-09-01,31.582677841186523,32.797467530733854,31.461362816455445,32.797467530733854,78236371122
2000-09-04,32.43306350708008,32.43306350708008,31.947100151275063,32.311515306141416,37302006304
2000-09-05,32.55461502075195,32.67593008531252,32.06865161549567,32.43306680744463,44200016942
2000-09-06,31.825782775878906,32.19019420337101,31.582682690973723,32.06864601130497,57121754055
2000-09-07,30.48944664001465,31.096956377396143,30.368129731216868,30.73254490469329,67406794020
2000-09-08,30.246572494506836,30.732535730053705,30.125024323646905,30.489437537947605,53151311722
2000-09-11,30.12504005432129,30.368136522981118,30.003723118391257,30.003723118391257,59550218869
2000-09-12,30.12504005432129,30.12504005432129,30.12504005432129,30.12504005432129,0
2000-09-13,30.12504005432129,30.368136522981118,28.788932819904556,29.639309713801392,118942384480
2000-09-14,29.153345108032227,29.882173739687786,29.03179687835715,29.517758498666442,58547691419
2000-09-15,29.7606143951416,30.125029522720457,29.153336032594098,29.639299352010063,82176445198
2000-09-18,29.39620018005371,29.63929840635835,28.788921836881627,29.153335102447205,97868072327
2000-09-19,27.452821731567383,29.031793914582583,27.452821731567383,28.667378710763366,133186917707
2000-09-20,27.93854522705078,28.302958492090003,27.45281507253935,28.06009341483429,120368246850
2000-09-21,27.816993713378906,28.06009192643771,27.088167221959736,27.45281361635475,68452388650
2000-09-22,25.873611450195312,26.238026584302187,25.873611450195312,25.873611450195312,132834122636
2000-09-25,25.873611450195312,26.359341629606924,25.387649972460544,26.238026584302187,88873752030
2000-09-26,27.574140548706055,27.574140548706055,25.752069955337095,25.873618180971192,199394350975
2000-09-27,26.966856002807617,28.181647877189736,26.966856002807617,27.331271175442204,137224758488
2000-09-28,25.873611450195312,27.331268285849635,25.873611450195312,26.96685315174276,107525519700
2000-09-29,25.266103744506836,25.994932272423615,25.266103744506836,25.873615358407363,76034057956
2000-10-02,23.930004119873047,24.780381056253734,23.930004119873047,24.294417542668583,138001375937
2000-10-03,25.023237228393555,25.509198716608612,23.444032164667476,23.565582211689904,194590275197
2000-10-04,24.17285919189453,24.17285919189453,24.17285919189453,24.17285919189453,84448144144
2000-10-05,25.023237228393555,25.630515614916266,23.808445456246734,23.808445456246734,164805785309
2000-10-06,26.723764419555664,26.723764419555664,25.023243857415856,25.023243857415856,180029493800
2000-10-09,26.116479873657227,26.845308384518997,26.116479873657227,26.480895054281525,102031335801
2000-10-10,26.116479873657227,26.116479873657227,26.116479873657227,26.116479873657227,0
2000-10-11,25.266103744506836,25.266103744506836,25.266103744506836,25.266103744506836,29010663869
2000-10-12,23.56557846069336,24.537269984128574,23.56557846069336,23.68712663798201,183667251856
2000-10-13,23.444042205810547,23.808455653469014,21.986386564789267,21.986386564789267,191179714534
2000-10-16,23.444042205810547,23.444042205810547,23.444042205810547,23.444042205810547,0
2000-10-17,22.83675193786621,23.079617013238607,21.865058487680635,21.865058487680635,152970339373
2000-10-18,21.257556915283203,22.836762588244476,21.257556915283203,22.59389739960707,197565539457
2000-10-19,19.799894332885742,21.01468614400248,19.799894332885742,20.164309486541878,199457078987
2000-10-20,21.13623809814453,21.13623809814453,21.13623809814453,21.13623809814453,53403302845
2000-10-23,24.17285919189453,24.17285919189453,23.565580840701795,24.17285919189453,393125049096
2000-10-24,25.7520694732666,25.7520694732666,23.808450690647465,24.172865912731762,281450989671
2000-10-25,26.116479873657227,26.480895054281525,25.38765321318228,25.38765321318228,211862326584
2000-10-26,25.630516052246094,26.116477548753043,25.266100904062245,25.266100904062245,162335511542
2000-10-27,25.630516052246094,25.630516052246094,25.630516052246094,25.630516052246094,0
2000-10-30,23.930004119873047,23.930004119873047,23.930004119873047,23.930004119873047,43094344075
2000-10-31,23.808443069458008,24.05154128874572,23.201164743814754,23.201164743814754,237316567164
2000-11-01,23.56557846069336,24.537269984128574,23.444028433018378,24.537269984128574,178478658699
2000-11-02,25.144784927368164,25.144784927368164,23.565581745284025,23.687129939514165,190518503961
2000-11-03,26.60243797302246,26.723754860071885,25.7520614217566,26.238024715260813,246387764272
2000-11-06,26.480899810791016,26.845313206484565,25.387657773323212,25.630522937654167,242870995952
2000-11-07,28.302961349487305,28.302961349487305,27.209719593612146,27.695682945883036,252449083392
2000-11-08,28.424503326416016,29.760609891545112,28.30295515297248,28.91046657229241,235556099847
2000-11-09,27.93854522705078,27.93854522705078,27.088168658802335,27.93854522705078,166633646908
2000-11-10,27.6956844329834,27.938549547798647,26.9668559398038,27.20972105461905,174306612636
2000-11-13,25.873611450195312,26.359341629606924,25.873611450195312,25.873611450195312,146585514365
2000-11-14,25.873611450195312,26.480891674007992,25.630515062166346,25.75206325618083,104741997508
2000-11-15,25.994935989379883,26.84531285126445,25.02324404651936,26.723764621510195,138232731310
2000-11-16,24.294403076171875,25.630509581732678,24.294403076171875,24.294403076171875,145488774074
2000-11-17,23.930004119873047,24.294417542668583,22.593896818705936,22.593896818705936,149759745078
2000-11-20,21.379104614257812,22.350796558373485,21.379104614257812,21.379104614257812,121477336093
2000-11-21,22.83675193786621,22.83675193786621,21.136231963253934,21.136231963253934,141268915401
2000-11-22,22.107925415039062,23.565582286773672,22.107925415039062,22.95830204792944,176943588927
2000-11-23,21.62196159362793,21.865057961459293,21.37909652410051,21.500644708016193,93637447900
2000-11-24,23.079620361328125,23.079620361328125,21.986378565708375,22.10792677018195,159707601148
2000-11-27,22.95830535888672,23.808448965665974,22.95830535888672,23.808448965665974,107690655691
2000-11-28,22.47234344482422,22.83675678437484,22.47234344482422,22.715208571738433,63623002519
2000-11-29,21.986379623413086,22.22947789444178,21.865062711446345,21.986379623413086,73151677484
2000-11-30,21.743513107299805,22.350791523267674,21.500648000580533,21.98637821401908,121708583142
2000-12-01,22.22947883605957,22.22947883605957,21.13623694153834,21.13623694153834,104125416483
2000-12-04,21.379104614257812,21.743518005600123,21.379104614257812,21.743518005600123,46402605085
2000-12-05,21.50064468383789,21.743509753092198,21.136231430804585,21.136231430804585,89459185698
2000-12-06,21.62196159362793,22.836751388259344,21.500644708016193,22.836751388259344,116992933196
2000-12-07,22.107925415039062,22.107925415039062,21.500647026581465,21.62196392527565,95605339286
2000-12-08,21.865066528320312,22.22948177492987,21.74351829678132,22.107931693003724,78859568253
2000-12-11,21.865066528320312,22.22948177492987,21.74351829678132,22.107931693003724,73807371858
2000-12-12,22.47234344482422,22.593891657460624,22.10792825488673,22.10792825488673,143221466422
2000-12-13,22.35079574584961,22.593894047221852,22.22948066912715,22.472345821729263,38686726331
2000-12-14,21.986379623413086,22.22947789444178,21.743514501125414,22.107927833734017,48019688732
2000-12-15,21.379104614257812,21.621969775688864,21.379104614257812,21.500652844169075,48902934635
2000-12-18,20.52872085571289,21.257547393585938,20.52872085571289,21.13623235320279,56883986726
2000-12-19,20.40740203857422,20.40740203857422,19.921440626426882,20.16430568335458,94536729942
2000-12-20,19.799894332885742,20.164309486541878,19.799894332885742,19.921444383807433,93251563970
2000-12-21,19.192617416381836,19.314165626349954,19.192617416381836,19.192617416381836,72586742077
2000-12-22,18.949748992919922,19.67857737941447,18.5853357248659,19.071065883395786,110292068333
2000-12-25,18.949748992919922,18.949748992919922,18.949748992919922,18.949748992919922,0
2000-12-26,18.463788986206055,19.435482625661752,18.342240775689486,19.314165713499747,51800030525
2000-12-27,18.220924377441406,18.46378763191955,18.099374325453486,18.46378763191955,70824474913
2000-12-28,19.43548583984375,19.43548583984375,18.342243809074414,18.706657202535144,123757400996
2000-12-29,19.31416130065918,19.79989143503819,19.192613117913567,19.79989143503819,126381270066
2001-01-01,19.31416130065918,19.31416130065918,19.31416130065918,19.31416130065918,0
2001-01-02,20.285856246948242,20.285856246948242,18.82820128696524,18.949749478871325,109761621667
2001-01-03,19.557025909423828,20.042989181099788,19.31416084792718,19.557025909423828,110639113891
2001-01-04,20.650272369384766,20.8931374883379,20.285859041779556,20.771822428423647,234113138928
2001-01-05,21.986379623413086,21.986379623413086,20.650272652912783,20.650272652912783,200624646603
2001-01-08,21.743513107299805,22.71520668290298,21.37909979805121,21.743513107299805,193371911891
2001-01-09,22.59389305114746,22.59389305114746,21.986381398463273,21.986381398463273,156022413782
2001-01-10,22.83675193786621,23.079617013238607,22.47233867565286,22.83675193786621,115662646051
2001-01-11,22.47234344482422,23.201170123925458,22.350793381800944,23.07962191128905,126919807712
2001-01-12,22.83675193786621,22.83675193786621,22.47233867565286,22.593886862493815,94983533704
2001-01-15,22.95830535888672,22.95830535888672,22.472343799039827,22.836757144334435,89597298981
2001-01-16,24.537275314331055,24.537275314331055,22.83675510395833,22.83675510395833,261560243776
2001-01-17,24.537275314331055,25.023238681145887,24.172862001595373,24.537275314331055,224263841163
2001-01-18,24.78037452697754,25.14478785375535,24.53727625983854,25.02323964537925,233121389730
2001-01-19,24.78037452697754,24.78037452697754,24.78037452697754,24.78037452697754,0
2001-01-22,24.78037452697754,24.78037452697754,24.78037452697754,24.78037452697754,0
2001-01-23,24.78037452697754,24.78037452697754,24.78037452697754,24.78037452697754,0
2001-01-24,24.78037452697754,24.78037452697754,24.78037452697754,24.78037452697754,0
2001-01-25,24.78037452697754,24.78037452697754,24.78037452697754,24.78037452697754,0
2001-01-26,24.78037452697754,24.78037452697754,24.78037452697754,24.78037452697754,0
2001-01-29,23.56557846069336,24.658818161417226,23.56557846069336,24.294404927842603,162287082317
2001-01-30,24.051546096801758,24.051546096801758,23.32271944101081,23.565584560157394,104442681234
2001-01-31,25.630516052246094,25.630516052246094,24.172861010670683,24.415957408090204,225187996096
2001-02-01,24.65882682800293,25.630520543335727,24.537278607994967,25.266105331297485,114697036302
2001-02-02,24.415958404541016,25.387651989265706,24.415958404541016,24.780373567597174,159626108062
2001-02-05,23.930004119873047,24.294417542668583,23.808454029083432,24.05155236027537,131682770311
2001-02-06,23.808443069458008,24.415954543792665,23.687128033698773,23.808443069458008,118522811741
2001-02-07,22.22947883605957,22.83675731667953,22.22947883605957,22.22947883605957,236950264906
2001-02-08,21.986379623413086,22.22947789444178,21.500649378837746,21.865062711446345,94213749009
2001-02-09,22.22947883605957,22.593892184104345,21.7435154221583,22.22947883605957,128952451939
2001-02-12,22.35079574584961,22.472345821729263,21.86506544064538,22.107930593247495,65390573400
2001-02-13,23.808443069458008,23.808443069458008,22.593886418171497,22.71520330431717,99125740632
2001-02-14,22.83675193786621,24.05154176173369,22.593886862493815,23.80844353766531,79813354005
2001-02-15,24.415958404541016,24.415958404541016,23.322718466532734,23.44403352147479,174380139732
2001-02-16,23.808443069458008,24.53727142993834,23.687128033698773,24.415954543792665,142289462156
2001-02-19,23.322710037231445,23.5655750584542,22.83674684614194,22.83674684614194,42987928103
2001-02-20,23.322710037231445,23.80843822929089,23.322710037231445,23.444025048327788,42253082111
2001-02-21,23.6871280670166,23.808443102946473,22.83675152088951,22.83675152088951,62630686703
2001-02-22,22.715208053588867,23.44403471606507,22.593891142078384,23.44403471606507,87930948679
2001-02-23,22.107925415039062,22.593888755189106,21.865060319321802,22.107925415039062,95466076101
2001-02-26,21.62196159362793,22.10792303098671,21.62196159362793,21.865057961459293,88333264549
2001-02-27,21.865066528320312,22.107931693003724,21.865066528320312,21.865066528320312,76196927473
2001-02-28,21.865066528320312,21.865066528320312,21.865066528320312,21.865066528320312,0
2001-03-01,20.40740203857422,21.136230358035586,20.40740203857422,21.136230358035586,179983114401
2001-03-02,20.285856246948242,20.650269524347355,20.164308055042156,20.52872133244127,98608467848
2001-03-05,20.52872085571289,20.650269044796325,20.2858557758598,20.2858557758598,85291005973
2001-03-06,21.50064468383789,21.865057936871192,21.01468324702559,21.379096500058893,118538885378
2001-03-07,22.35079574584961,22.593894047221852,22.22948066912715,22.22948066912715,143096743670
2001-03-08,21.986379623413086,22.350792956021685,21.865062711446345,22.350792956021685,54103039316
2001-03-09,21.379104614257812,21.379104614257812,21.25755453395942,21.25755453395942,55776539010
2001-03-12,20.771821975708008,20.89313703297823,20.65027191931827,20.65027191931827,60270770241
2001-03-13,21.13623809814453,21.13623809814453,20.407409511785495,20.407409511785495,103342974528
2001-03-14,21.13623809814453,21.13623809814453,21.13623809814453,21.13623809814453,0
2001-03-15,21.379104614257812,21.500652844169075,20.77182606148445,21.014691222915502,69605303342
2001-03-16,21.50064468383789,21.6219615693132,21.25754646589347,21.25754646589347,67691249055
2001-03-19,21.13623809814453,21.50065146613054,21.014689876023645,21.37910324400966,32191037811
2001-03-20,20.89313316345215,21.379096449501674,20.77181812865015,21.13623138082169,47933600202
2001-03-21,20.650272369384766,20.771822428423647,20.52872416073269,20.650272369384766,51471745876
2001-03-22,21.014690399169922,21.136238624316668,20.65027517172503,20.65027517172503,67485420683
2001-03-23,21.986379623413086,21.986379623413086,21.257551107809054,21.257551107809054,227713615167
2001-03-26,21.865066528320312,22.107931693003724,21.74351829678132,22.107931693003724,86627400933
2001-03-27,21.743513107299805,22.229476469464434,21.743513107299805,21.98637821401908,107902171080
2001-03-28,21.62196159362793,21.865057961459293,21.500644708016193,21.74350977754361,63876351860
2001-03-29,21.379104614257812,21.621969775688864,21.379104614257812,21.621969775688864,47865014354
2001-03-30,21.50064468383789,21.6219615693132,21.136231430804585,21.6219615693132,52554195712
2001-04-02,20.650272369384766,21.37910087498199,20.650272369384766,21.37910087498199,52770689846
2001-04-03,19.799894332885742,20.164309486541878,19.678579281072988,20.164309486541878,137153456204
2001-04-04,19.31416130065918,19.557026367848685,19.192613117913567,19.192613117913567,105939504251
2001-04-05,19.31416130065918,19.31416130065918,19.31416130065918,19.31416130065918,0
2001-04-06,20.04300308227539,20.650281806353945,19.92145481807699,20.650281806353945,83165377968
2001-04-09,19.43548583984375,19.67858415146659,19.192620677000868,19.67858415146659,50202053590
2001-04-10,19.192617416381836,19.557030747932668,19.071069206413718,19.43548253796455,64384767062
2001-04-11,20.164310455322266,20.164310455322266,19.43548196338061,19.6785802265168,63600441933
2001-04-12,20.89313316345215,21.13623138082169,20.528719911280607,20.650268094772166,172602523870
2001-04-13,20.650272369384766,21.25755081594311,20.650272369384766,21.25755081594311,59615425837
2001-04-16,20.40740203857422,20.650267095501917,20.042988804036703,20.528718917892096,26751186803
2001-04-17,20.285856246948242,20.40740443885433,20.042991161455216,20.164308055042156,35215179174
2001-04-18,20.650272369384766,20.650272369384766,20.407407250431632,20.650272369384766,72644312193
2001-04-19,21.986379623413086,21.986379623413086,21.865062711446345,21.986379623413086,290954416778
2001-04-20,21.986379623413086,22.22947789444178,21.743514501125414,22.107927833734017,135618069792
2001-04-23,21.865066528320312,21.986383461464733,21.621970065242333,21.986383461464733,47925092591
2001-04-24,21.379104614257812,21.621969775688864,21.379104614257812,21.500652844169075,53528517222
2001-04-25,21.014690399169922,21.62196892813884,20.893140323636118,21.379103776227755,41989129503
2001-04-26,21.014690399169922,21.62196892813884,20.893140323636118,21.379103776227755,41989129503
2001-04-27,21.13623809814453,21.621968389874784,21.13623809814453,21.621968389874784,44470839800
2001-04-30,22.107925415039062,22.229475462448768,21.500647026581465,21.62196392527565,182494001389
2001-05-01,22.107925415039062,22.107925415039062,22.107925415039062,22.107925415039062,0
2001-05-02,23.322710037231445,23.5655750584542,23.07961186736469,23.5655750584542,347857956012
2001-05-03,23.444042205810547,23.444042205810547,23.079628758152083,23.20117700684731,134483249398
2001-05-04,22.59389305114746,23.322721625592795,22.59389305114746,23.322721625592795,80099413071
2001-05-07,23.079620361328125,23.565583731266116,22.593890140119942,22.715207046250455,114545190851
2001-05-08,22.95830535888672,23.201170489629042,22.71520892978215,22.95830535888672,99755803847
2001-05-09,23.079620361328125,23.322718620662027,22.958303455197612,23.079620361328125,61278672235
2001-05-10,22.47234344482422,22.83675678437484,22.350793381800944,22.83675678437484,64391741470
2001-05-11,22.83675193786621,22.83675193786621,22.350788638425428,22.47233867565286,63826143619
2001-05-14,22.47234344482422,22.593891657460624,22.350793381800944,22.350793381800944,40124516855
2001-05-15,21.743513107299805,21.98637821401908,21.621964904770486,21.865061309829127,85139960454
2001-05-16,21.379104614257812,21.500652844169075,21.25755453395942,21.379104614257812,59935477852
2001-05-17,21.62196159362793,21.865057961459293,21.2575464897984,21.500644708016193,47654757191
2001-05-18,21.986379623413086,22.22947789444178,21.621966290804487,21.865062711446345,95308472805
2001-05-21,21.50064468383789,21.865057936871192,21.25754646589347,21.865057936871192,53491624518
2001-05-22,21.865066528320312,22.107931693003724,21.74351829678132,21.74351829678132,62981494442
2001-05-23,22.95830535888672,22.95830535888672,21.986380388806037,21.986380388806037,77986608978
2001-05-24,22.83675193786621,22.958300124707165,22.593886862493815,22.83675193786621,56666480178
2001-05-25,22.95830535888672,23.07962227507676,22.71520892978215,22.836757144334435,57861378809
2001-05-28,22.59389305114746,22.836758193042623,22.59389305114746,22.715209972908607,27492071866
2001-05-29,22.59389305114746,22.836758193042623,22.59389305114746,22.59389305114746,50391879153
2001-05-30,21.865066528320312,22.593895171152273,21.865066528320312,22.47234693961328,49790259358
2001-05-31,21.743513107299805,21.865061309829127,21.621964904770486,21.621964904770486,54368179322
2001-06-01,21.62196159362793,22.10792303098671,21.500644708016193,21.98637484707103,40753226018
2001-06-04,21.865066528320312,22.107931693003724,21.50065313209791,21.621970065242333,38533131028
2001-06-05,22.107925415039062,22.107925415039062,21.743512122298725,21.865060319321802,28913070066
2001-06-06,22.715208053588867,22.836756263452674,22.472342932214577,22.472342932214577,72897807355
2001-06-07,22.59389305114746,22.715209972908607,22.350794760492448,22.472344831013444,62141449041
2001-06-08,23.56557846069336,23.68712663798201,23.32271340440739,23.32271340440739,163135010383
2001-06-11,24.051546096801758,24.051546096801758,23.444034501021694,23.565584560157394,71574202976
2001-06-12,23.56557846069336,23.929991694267983,23.444028433018378,23.808441666593,61879767074
2001-06-13,22.83675193786621,23.565580312679387,22.83675193786621,23.444030275451958,58310724022
2001-06-14,22.47234344482422,22.83675678437484,22.10792825488673,22.83675678437484,54805425562
2001-06-15,22.715208053588867,22.715208053588867,22.229477810840283,22.350792871963943,33606221920
2001-06-18,22.35079574584961,22.715210974331377,21.986382367754906,22.593894047221852,132926523131
2001-06-19,21.986379623413086,22.350792956021685,21.865062711446345,22.22947789444178,89109248718
2001-06-20,21.865066528320312,21.986383461464733,21.74351829678132,21.865066528320312,41634972048
2001-06-21,20.89313316345215,21.621961518181653,20.89313316345215,21.621961518181653,101354893188
2001-06-22,20.650272369384766,21.136235756028857,20.407407250431632,20.8931374883379,119957081731
2001-06-25,20.650272369384766,20.650272369384766,20.650272369384766,20.650272369384766,0
2001-06-26,20.74750518798828,21.42752766633783,20.74750518798828,20.91734843618693,96070796227
2001-06-27,21.59770393371582,21.7678729223847,21.08752448620549,21.25769347487437,57765016150
2001-06-28,20.9173526763916,21.59769911024012,20.74750939376363,21.59769911024012,47031141048
2001-06-29,21.767873764038086,21.767873764038086,21.2576942968017,21.427537623928238,53805625856
2001-07-02,22.788230895996094,22.788230895996094,21.93771350553745,21.93771350553745,62442405056
2001-07-03,22.618057250976562,23.12823657267336,22.447888304272453,22.788226197680675,30191453577
2001-07-04,22.278047561645508,22.447888995161367,22.10787860970403,22.447888995161367,26744552544
2001-07-05,22.278047561645508,22.447888995161367,22.10787860970403,22.10787860970403,16044664142
2001-07-06,21.427536010742188,21.937713589182465,21.427536010742188,21.76787212522961,40584223689
2001-07-09,20.74750518798828,21.087515501969957,20.74750518798828,21.087515501969957,62249903530
2001-07-10,20.9173526763916,21.257688727334155,20.9173526763916,20.9173526763916,48435884971
2001-07-11,20.9173526763916,21.257688727334155,20.9173526763916,21.087519776669595,34178454624
2001-07-12,21.59770393371582,21.59770393371582,21.08752448620549,21.25769347487437,45144006501
2001-07-13,21.427536010742188,22.278051554056802,21.427536010742188,22.107882571619633,83440695087
2001-07-16,21.427536010742188,21.76787212522961,21.087523713965243,21.76787212522961,52098044529
2001-07-17,21.257688522338867,21.427531803328982,20.917352474678292,21.087519573315305,39253753226
2001-07-18,21.087526321411133,21.257695324889482,20.74751583297924,21.257695324889482,40148263650
2001-07-19,20.74750518798828,21.087515501969957,20.23732595783738,20.74750518798828,52451240755
2001-07-20,20.57734489440918,21.08752433834219,20.57734489440918,21.08752433834219,48338503352
2001-07-23,19.727155685424805,20.577345615612984,19.556986691984974,20.40717662217315,62147840760
2001-07-24,19.556978225708008,19.556978225708008,19.04679898475219,19.38681115632107,52030990693
2001-07-25,20.06716537475586,20.237334361589426,19.556985932747928,19.727154919581498,43066286931
2001-07-26,20.57734489440918,20.747513881884856,20.067165450476168,20.407175906933507,51942754131
2001-07-27,21.59770393371582,21.93771439255727,21.427536795433927,21.59770393371582,156155062051
2001-07-30,21.59770393371582,21.59770393371582,21.59770393371582,21.59770393371582,0
2001-07-31,22.447893142700195,22.447893142700195,21.767872246142854,21.937713711039123,103162152962
2001-08-01,23.29840850830078,23.29840850830078,22.78822912115372,23.29840850830078,137701829919
2001-08-02,23.978761672973633,24.148603157113016,23.808592670311008,23.808592670311008,99316282800
2001-08-03,23.468252182006836,23.978757245343825,23.468252182006836,23.978757245343825,69056552276
2001-08-06,23.12824058532715,23.298409561554873,22.958071609099427,23.12824058532715,46619357529
2001-08-07,22.447893142700195,22.788231109465,22.278051677803926,22.618062126082595,45691471961
2001-08-08,22.958065032958984,22.958065032958984,22.447885768884642,22.447885768884642,33965064989
2001-08-09,22.107879638671875,22.44789003995433,22.107879638671875,22.107879638671875,29149178904
2001-08-10,23.29840850830078,23.29840850830078,22.278049734006657,22.618060152618845,51262912996
2001-08-13,23.12824058532715,23.12824058532715,22.788230151344067,23.12824058532715,22755986154
2001-08-14,23.468252182006836,23.468252182006836,23.128239907600285,23.128239907600285,30352773225
2001-08-15,23.29840850830078,23.63841892691297,23.29840850830078,23.468251808764865,37550138824
2001-08-16,23.12824058532715,23.298409561554873,22.958071609099427,23.12824058532715,22472824164
2001-08-17,22.958065032958984,23.298402887927576,22.788223623853234,23.12823396044328,24091688315
2001-08-20,22.447893142700195,22.447893142700195,22.107882694421527,22.278051677803926,54058062773
2001-08-21,22.618057250976562,22.618057250976562,22.107877929279766,22.107877929279766,28486645824
2001-08-22,21.087526321411133,21.937716301753266,21.087526321411133,21.767874816799726,131335001004
2001-08-23,21.087526321411133,21.257695324889482,20.40717782602254,20.40717782602254,109761355021
2001-08-24,20.57734489440918,20.747513881884856,20.407175906933507,20.747513881884856,92537405507
2001-08-27,21.59770393371582,21.93771439255727,20.577345038695157,20.577345038695157,172843967671
2001-08-28,21.427536010742188,21.76787212522961,21.087523713965243,21.76787212522961,97109196229
2001-08-29,21.937715530395508,21.937715530395508,21.25769457744212,21.4275379068109,99128757042
2001-08-30,21.427536010742188,21.76787212522961,21.427536010742188,21.59770314279244,50885587864
2001-08-31,21.767873764038086,21.937715240777568,21.087525301553246,21.2576942968017,49968004993
2001-09-03,21.767873764038086,21.937715240777568,21.597704768789633,21.767873764038086,39017023309
2001-09-04,22.447893142700195,22.447893142700195,21.597703262760454,21.767872246142854,52138689890
2001-09-05,22.278047561645508,22.278047561645508,21.93770965776255,22.278047561645508,45011258834
2001-09-06,21.767873764038086,21.937715240777568,21.427537623928238,21.767873764038086,32151543245
2001-09-07,21.427536010742188,21.59770314279244,21.25769269640241,21.59770314279244,41915298266
2001-09-10,21.767873764038086,21.937715240777568,21.2576942968017,21.2576942968017,28395811269
2001-09-11,21.427536010742188,21.76787212522961,21.427536010742188,21.76787212522961,29208435782
2001-09-12,21.427536010742188,21.427536010742188,21.427536010742188,21.427536010742188,0
2001-09-13,20.06716537475586,20.06716537475586,20.06716537475586,20.06716537475586,38823893860
2001-09-14,18.876632690429688,20.067158290610603,18.706789431660308,19.72714795546732,98405401741
2001-09-17,18.876632690429688,18.876632690429688,18.876632690429688,18.876632690429688,0
2001-09-18,18.876632690429688,18.876632690429688,18.876632690429688,18.876632690429688,0
2001-09-19,18.876632690429688,18.876632690429688,18.876632690429688,18.876632690429688,0
2001-09-20,17.856273651123047,17.856273651123047,17.856273651123047,17.856273651123047,4882070946
2001-09-21,17.34609603881836,17.34609603881836,17.34609603881836,17.34609603881836,2609586650
2001-09-24,17.34609603881836,17.34609603881836,17.34609603881836,17.34609603881836,0
2001-09-25,16.121671676635742,16.76811551761614,16.05386424080316,16.73388705676115,181477080515
2001-09-26,16.49591064453125,16.564043748596266,14.999275909933413,15.985731160343256,137796559978
2001-09-27,15.815557479858398,16.325738663478678,15.645716047729126,16.325738663478678,52486362776
2001-09-28,15.815557479858398,15.815557479858398,15.815557479858398,15.815557479858398,0
2001-10-01,15.815557479858398,15.815557479858398,15.815557479858398,15.815557479858398,0
2001-10-02,15.305381774902344,15.84979058025505,14.897238236233123,15.84979058025505,67122484210
2001-10-03,14.999272346496582,15.37351305216454,14.829429979270389,15.135537597059978,50025077532
2001-10-04,15.06740951538086,16.01963732023547,15.033506719398375,16.01963732023547,107361475283
2001-10-05,15.917600631713867,16.121672434684555,15.13554188229553,15.203348396122848,90599194936
2001-10-08,15.645713806152344,15.849785510208275,15.475545805173548,15.475545805173548,36931798424
2001-10-09,16.733884811401367,16.733884811401367,16.08776487486276,16.18980075785911,85981949737
2001-10-10,16.733884811401367,16.733884811401367,16.733884811401367,16.733884811401367,0
2001-10-11,17.856273651123047,17.856273651123047,17.34609620146637,17.516263290561508,70577691087
2001-10-12,18.706789016723633,19.046799344325123,18.366451170752253,19.046799344325123,146532259358
2001-10-15,18.196611404418945,18.706790700938733,18.026442466112556,18.196611404418945,45872414944
2001-10-16,18.876632690429688,18.876632690429688,18.026441242996583,18.36645157813987,42133562488
2001-10-17,19.727155685424805,20.06716615379898,19.386819548932177,19.727155685424805,129414568686
2001-10-18,20.237327575683594,20.237327575683594,19.38681229558713,19.38681229558713,85720721898
2001-10-19,19.896997451782227,20.067166447714452,19.3868198328829,19.896997451782227,87127763246
2001-10-22,19.727155685424805,20.06716615379898,19.386819548932177,19.896997160359145,53561188259
2001-10-23,19.556978225708008,20.237326386436997,19.556978225708008,20.237326386436997,59501452172
2001-10-24,20.9173526763916,20.9173526763916,19.727150726622575,19.727150726622575,133139455065
2001-10-25,21.257688522338867,21.427531803328982,20.917352474678292,21.427531803328982,100118530217
2001-10-26,21.427536010742188,21.76787212522961,21.427536010742188,21.427536010742188,63375879436
2001-10-29,22.788230895996094,22.788230895996094,21.93771350553745,22.61806191420775,159762803606
2001-10-30,21.257688522338867,21.93770928159312,21.257688522338867,21.257688522338867,103426940023
2001-10-31,20.74750518798828,21.25768441813918,20.407167355649833,20.407167355649833,87162486490
2001-11-01,20.74750518798828,21.25768441813918,20.577336271819057,21.25768441813918,67706863206
2001-11-02,21.257688522338867,21.767867850989557,21.087519573315305,21.427531803328982,107589015503
2001-11-05,22.107879638671875,22.107879638671875,21.25768987624531,21.427533168052776,72908380267
2001-11-06,22.278047561645508,22.958068332560185,22.278047561645508,22.788226899044325,114083762138
2001-11-07,22.788230895996094,22.958072359301372,22.44789293241941,22.61806191420775,62689312681
2001-11-08,22.958065032958984,23.63841322451762,22.788223623853234,23.12823396044328,97915110002
2001-11-09,22.958065032958984,22.958065032958984,22.958065032958984,22.958065032958984,0
2001-11-12,23.12824058532715,23.468252869697082,22.788230151344067,23.12824058532715,60076010572
2001-11-13,22.958065032958984,23.12823396044328,22.788223623853234,22.788223623853234,32001930937
2001-11-14,24.48893928527832,24.48893928527832,23.808590845302078,23.808590845302078,167287343831
2001-11-15,25.339128494262695,25.339128494262695,24.318769621820135,24.488938606723583,127912553253
2001-11-16,26.359487533569336,26.699497987039546,24.999116350810407,25.339128654667572,154915643388
2001-11-19,27.039840698242188,27.039840698242188,26.019483421065594,26.35949395739661,99340227197
2001-11-20,25.339128494262695,26.69949781802309,25.16895950935925,26.529656351608704,108705218429
2001-11-21,25.67913246154785,25.67913246154785,24.48893242321881,24.48893242321881,113891195141
2001-11-22,24.828941345214844,25.509289554997185,24.65877241317243,25.509289554997185,78148114323
2001-11-23,24.999109268188477,25.339121475715093,24.488931823665457,24.828942180805644,67781672336
2001-11-26,25.16895866394043,25.339127643127945,24.828948224043458,24.999115352844093,106122556577
2001-11-27,25.67913246154785,26.869660018283252,25.16895315414787,26.869660018283252,208435722041
2001-11-28,25.16895866394043,26.52965546048443,25.16895866394043,25.849307062212432,82210650629
2001-11-29,24.828941345214844,24.828941345214844,24.488930999517336,24.65877241317243,78561674477
2001-11-30,24.828941345214844,25.509289554997185,24.828941345214844,25.509289554997185,121174113006
2001-12-03,26.359487533569336,26.359487533569336,25.509297640648246,25.679139108137782,95400454286
2001-12-04,26.699495315551758,26.869664284505728,25.679136538744658,26.0194744766526,87963745896
2001-12-05,28.400205612182617,28.400205612182617,27.719857179065826,27.89002616696873,205624746225
2001-12-06,30.2707462310791,30.2707462310791,29.590723649697708,30.2707462310791,194245604436
2001-12-07,30.100906372070312,30.270747804443594,29.250389136510254,29.93073742127362,118018166457
2001-12-10,28.570369720458984,29.59072658622971,28.570369720458984,29.42055947777717,107978018216
2001-12-11,29.080554962158203,29.250398298115197,27.719859816830642,27.89002882092648,95422642880
2001-12-12,30.100906372070312,30.611085706036985,29.080545853750404,29.250389136510254,118173177116
2001-12-13,28.570369720458984,30.440918193934557,28.570369720458984,30.270749235095362,105076597693
2001-12-14,28.400205612182617,28.570374600085525,27.89002616696873,28.06019515487164,73413581455
2001-12-17,27.550010681152344,28.23003336771512,27.37984356326658,28.06019191789964,62690628046
2001-12-18,28.0601863861084,28.570365671892077,27.89001745138301,28.570365671892077,90387456947
2001-12-19,29.080554962158203,29.420567302211033,28.400208314688,28.570377318783837,95314211603
2001-12-20,29.080554962158203,29.250398298115197,28.23003931059216,28.23003931059216,82619407618
2001-12-21,27.209674835205078,28.06019216561916,27.209674835205078,27.890023195844357,184451732922
2001-12-24,27.550010681152344,27.890022949627113,26.699495208633518,26.699495208633518,69557938312
2001-12-25,28.400205612182617,28.570374600085525,27.379846721754845,27.550013859270774,56300051145
2001-12-26,28.0601863861084,28.74020708822498,27.89001745138301,28.400196737166688,50672647595
2001-12-27,27.890026092529297,28.9103849802337,27.890026092529297,28.4002055363815,74257765791
2001-12-28,28.910383224487305,29.080550351214693,28.06019337586421,28.400203811618635,90661600356
2001-12-31,29.760568618774414,30.27074795528332,29.420558233910164,29.420558233910164,142278227393
2002-01-01,29.760568618774414,29.760568618774414,29.760568618774414,29.760568618774414,0
2002-01-02,29.25040054321289,29.930749093290007,28.740221010292835,29.760580076132946,63219970044
2002-01-03,29.25040054321289,29.25040054321289,29.25040054321289,29.25040054321289,0
2002-01-04,30.2707462310791,30.440915173031026,29.930735865581642,30.100904807533567,161224084400
2002-01-07,31.46127700805664,31.631445967425712,30.270749329352974,30.611087248091113,143660633926
2002-01-08,30.780925750732422,31.291105061698985,30.611084326016,31.291105061698985,66545271274
2002-01-09,31.121267318725586,31.631448570768672,30.611089767456136,31.46127959739429,72284564141
2002-01-10,30.780925750732422,31.291105061698985,30.611084326016,31.121261786596076,51368481421
2002-01-11,29.760568618774414,30.78092729179222,29.760568618774414,30.61108585857262,69855335701
2002-01-14,29.93073844909668,29.93073844909668,29.25039014097012,29.420559097610425,47642526681
2002-01-15,29.760568618774414,30.100906522063717,29.59072533516823,29.930737570419065,36711147501
2002-01-16,28.910383224487305,29.93074205022465,28.910383224487305,29.760573073110404,63000476760
2002-01-17,28.740209579467773,28.91037852894365,28.06018881840601,28.230030249461016,74009989192
2002-01-18,28.910383224487305,29.420562637355978,28.74021424737306,28.910383224487305,64443521005
2002-01-21,30.780925750732422,30.780925750732422,29.080544542729818,29.250387817832728,106826877778
2002-01-22,30.611083984375,31.631442594920216,30.100904679102392,30.95109434842174,128790074046
2002-01-23,30.100906372070312,31.29110647237693,29.760568470476922,29.93073742127362,120107453497
2002-01-24,30.780925750732422,30.951094693857492,29.760567128799295,30.611084326016,91067250466
2002-01-25,31.291105270385742,31.461274214645705,30.611084530167563,31.121261994150114,131361617793
2002-01-28,31.291105270385742,31.461274214645705,30.95109490027665,31.291105270385742,88306395399
2002-01-29,30.2707462310791,30.95109448048041,30.2707462310791,30.95109448048041,58836080048
2002-01-30,29.590730667114258,29.93074296363182,29.420563535193818,29.590730667114258,73377524990
2002-01-31,29.590730667114258,29.590730667114258,29.590730667114258,29.590730667114258,0
2002-02-01,29.080554962158203,29.590734455919723,28.910387808449517,29.590734455919723,103873616415
2002-02-04,29.25040054321289,29.590736727139724,28.740221010292835,28.9103900274499,48429656333
2002-02-05,29.080554962158203,29.250398298115197,28.740218804353677,28.740218804353677,43280411623
2002-02-06,29.420562744140625,29.76057318112915,29.250393766408735,29.250393766408735,70636501574
2002-02-07,29.420562744140625,29.420562744140625,29.420562744140625,29.420562744140625,0
2002-02-08,29.420562744140625,29.420562744140625,29.420562744140625,29.420562744140625,0
2002-02-11,29.420562744140625,29.420562744140625,29.420562744140625,29.420562744140625,0
2002-02-12,29.420562744140625,29.420562744140625,29.420562744140625,29.420562744140625,0
2002-02-13,29.420562744140625,29.420562744140625,29.420562744140625,29.420562744140625,0
2002-02-14,29.420562744140625,29.420562744140625,29.420562744140625,29.420562744140625,0
2002-02-15,29.420562744140625,29.420562744140625,29.420562744140625,29.420562744140625,0
2002-02-18,29.760568618774414,30.27074795528332,29.59072533516823,30.100906522063717,79417673286
2002-02-19,29.080554962158203,29.930746795972553,28.910387808449517,29.760577791876713,49938769378
2002-02-20,27.890026092529297,28.570374523830218,27.890026092529297,28.570374523830218,64741959973
2002-02-21,28.0601863861084,28.400196737166688,27.55000524993832,28.230027802441302,53616987097
2002-02-22,27.7198543548584,27.890023325423822,27.209674961623588,27.209674961623588,45345656060
2002-02-25,27.550010681152344,28.23003336771512,27.550010681152344,27.890022949627113,33289509205
2002-02-26,27.209674835205078,28.06019216561916,27.209674835205078,27.890023195844357,63760930103
2002-02-27,27.890026092529297,28.06019507997802,27.3798466486771,27.3798466486771,74203270414
2002-02-28,27.890026092529297,27.890026092529297,27.890026092529297,27.890026092529297,0
2002-03-01,27.550010681152344,28.06019191789964,27.550010681152344,27.550010681152344,75910280361
2002-03-04,29.420562744140625,29.420562744140625,28.570372892431685,29.420562744140625,97211205432
2002-03-05,30.95108985900879,31.2911001737375,30.270741711193875,31.2911001737375,179088949780
2002-03-06,32.141624450683594,32.141624450683594,30.951098586290474,31.121265700429397,179561088297
2002-03-07,31.801294326782227,32.31147191736775,31.631451008399175,32.31147191736775,120272975169
2002-03-08,31.121267318725586,32.14162612203812,30.951100195738025,31.801291876062997,84486290907
2002-03-11,33.161983489990234,33.161983489990234,31.801290499597872,31.801290499597872,141985430804
2002-03-12,32.311466217041016,32.82164371762201,31.80128871646003,32.48163517350834,81775919652
2002-03-13,31.971464157104492,32.65181453166105,31.801298847201938,32.31147651030705,55129555206
2002-03-14,31.631439208984375,31.631439208984375,31.121258107936804,31.291101362963552,61840313278
2002-03-15,30.780925750732422,31.291105061698985,30.611084326016,30.951094693857492,93412069400
2002-03-18,31.121267318725586,31.121267318725586,30.270751820707375,31.121267318725586,39047773677
2002-03-19,31.121267318725586,31.29111062401991,30.611089767456136,31.29111062401991,46678081714
2002-03-20,32.65180587768555,32.65180587768555,31.121265892472856,31.291109189983455,89969926892
2002-03-21,31.971464157104492,32.31147651030705,31.461286493999378,31.461286493999378,59678431206
2002-03-22,32.311466217041016,32.65180412997565,32.141622928621395,32.48163517350834,57703426137
2002-03-25,32.65180587768555,32.82164547442268,31.801290418645507,32.311467946534094,50071097438
2002-03-26,32.141624450683594,32.48163671167177,31.971455486157947,32.311467747146125,34394957091
2002-03-27,31.46127700805664,32.481635727391236,31.46127700805664,32.481635727391236,49892148333
2002-03-28,32.311466217041016,32.311466217041016,31.631445428040404,31.80128871646003,66767145308
2002-03-29,32.82163619995117,33.161974034932726,32.65179665120592,32.99180511744195,84362914469
2002-04-01,32.48163986206055,32.99181743628296,32.48163986206055,32.651808843090855,29433916653
2002-04-02,32.65180587768555,33.161983405574134,32.65180587768555,32.82164547442268,52946121391
2002-04-03,32.311466217041016,32.48163517350834,32.141622928621395,32.311466217041016,50674695041
2002-04-04,31.46127700805664,32.311466768022164,31.29110804868757,31.97145451733727,67791165578
2002-04-05,31.46127700805664,31.46127700805664,31.46127700805664,31.46127700805664,0
2002-04-08,31.121267318725586,31.46127959739429,30.951100195738025,31.29111062401991,61887291435
2002-04-09,31.121267318725586,31.29111062401991,30.780931222363645,31.29111062401991,39162192542
2002-04-10,30.780925750732422,30.951094693857492,30.611084326016,30.780925750732422,76946484121
2002-04-11,30.611083984375,30.95109434842174,30.611083984375,30.611083984375,65494044979
2002-04-12,31.291105270385742,31.291105270385742,30.10090521579851,30.4409155859076,69123195432
2002-04-15,31.121267318725586,31.46127959739429,30.951100195738025,31.29111062401991,45049916269
2002-04-16,31.46127700805664,31.631445967425712,31.121264757371748,31.29110804868757,33122690024
2002-04-17,32.65180587768555,32.99181443999841,32.48163691210982,32.48163691210982,119691131673
2002-04-18,32.48163986206055,32.99181743628296,32.31147088103024,32.99181743628296,43245786585
2002-04-19,32.141624450683594,32.311467747146125,31.971455486157947,32.311467747146125,33966082760
2002-04-22,31.631439208984375,32.14161660925941,31.631439208984375,31.801282464011123,33068661869
2002-04-23,31.971464157104492,31.971464157104492,31.291117483322378,31.291117483322378,29257137007
2002-04-24,32.311466217041016,32.48163517350834,31.971453972154077,31.971453972154077,39788585830
2002-04-25,31.291105270385742,31.8012864351413,31.291105270385742,31.631443158905668,54026886847
2002-04-26,31.291105270385742,31.291105270385742,30.95109490027665,30.95109490027665,51807319192
2002-04-29,30.2707462310791,30.61108411498295,29.930735865581642,30.61108411498295,139939925764
2002-04-30,29.760568618774414,30.100906522063717,29.59072533516823,29.930737570419065,75670931619
2002-05-01,29.760568618774414,29.760568618774414,29.760568618774414,29.760568618774414,0
2002-05-02,28.910383224487305,29.93074205022465,28.910383224487305,29.760573073110404,75300367818
2002-05-03,28.910383224487305,28.910383224487305,28.230034834504387,28.230034834504387,58913763934
2002-05-06,27.550010681152344,27.890022949627113,27.209674594994052,27.890022949627113,86268098080
2002-05-07,27.890026092529297,28.06019507997802,27.20967766122838,27.20967766122838,61861001999
2002-05-08,28.23003578186035,28.570373747510057,28.06019431752056,28.06019431752056,79020605781
2002-05-09,28.910383224487305,29.760573073110404,28.910383224487305,29.760573073110404,76347552789
2002-05-10,29.420562744140625,29.59072987148565,28.400203914699794,28.570372892431685,43498655013
2002-05-13,28.910383224487305,29.25039366024173,28.910383224487305,28.910383224487305,27724948539
2002-05-14,29.590730667114258,29.590730667114258,29.250394552886466,29.250394552886466,36539659073
2002-05-15,30.611083984375,30.780925407195873,30.100904679102392,30.270746101923265,79152731477
2002-05-16,30.100906372070312,30.270747804443594,29.93073742127362,30.270747804443594,27776030515
2002-05-17,30.44091796875,30.44091796875,29.930738614445325,30.270749011169617,40331926640
2002-05-20,29.590730667114258,30.270753409762467,29.590730667114258,30.100911945939174,44740805587
2002-05-21,29.420562744140625,29.76057318112915,29.250393766408735,29.420562744140625,36348737770
2002-05-22,29.93073844909668,30.270748843942627,29.420559097610425,29.420559097610425,53130516462
2002-05-23,29.590730667114258,29.760573981324466,29.420563535193818,29.590730667114258,44650024598
2002-05-24,29.760568618774414,29.930737570419065,29.420558233910164,29.420558233910164,44515744323
2002-05-27,29.420562744140625,29.59072987148565,29.250393766408735,29.59072987148565,19161398245
2002-05-28,29.25040054321289,29.760580076132946,28.9103900274499,29.590736727139724,49149752981
2002-05-29,29.080554962158203,29.080554962158203,28.570377318783837,28.910387808449517,45141530520
2002-05-30,29.420562744140625,29.420562744140625,28.570372892431685,28.570372892431685,74988001460
2002-05-31,29.080554962158203,29.250398298115197,28.570377318783837,29.080554962158203,65398588791
2002-06-03,28.910383224487305,28.910383224487305,28.06019337586421,28.57037278873288,42716879074
2002-06-04,27.7198543548584,28.06019229598925,27.55001105236765,27.7198543548584,90498292782
2002-06-05,27.890026092529297,28.06019507997802,27.719857105080578,27.719857105080578,64899535890
2002-06-06,27.379837036132812,27.719847373165077,27.20966810842719,27.719847373165077,85301430088
2002-06-07,25.50928497314453,26.01946415924857,25.50928497314453,25.50928497314453,220255362174
2002-06-10,25.50928497314453,25.84929525777106,25.168947170189508,25.50928497314453,96887346002
2002-06-11,25.16895866394043,25.849307062212432,24.999115352844093,25.849307062212432,69473808544
2002-06-12,24.48893928527832,25.16896020675643,24.31877029565973,24.999116885248977,69348253720
2002-06-13,25.67913246154785,25.849301403483295,24.99910988023231,25.33912209608332,106950879163
2002-06-14,25.67913246154785,25.67913246154785,25.33912209608332,25.509291038018766,34995182956
2002-06-17,25.16895866394043,25.849307062212432,25.16895866394043,25.679138083024917,101340164674
2002-06-18,25.67913246154785,25.849301403483295,25.509291038018766,25.849301403483295,91342244994
2002-06-19,25.628253936767578,26.37663745753707,25.628253936767578,26.002265284407823,88099701354
2002-06-20,25.628253936767578,25.628253936767578,24.692685254627026,25.067057427756275,58709305089
2002-06-21,25.815433502197266,26.376631739946276,25.067051994039524,25.25387813981091,76163646854
2002-06-24,25.628253936767578,25.81543909813864,25.253883614025458,25.628253936767578,50425943958
2002-06-25,26.002262115478516,26.56346040648298,25.628250813419513,26.002262115478516,77223383791
2002-06-26,24.87986946105957,25.815436187323325,24.87986946105957,25.628251047058296,66817691886
2002-06-27,24.87986946105957,25.441065906793263,24.692682470407625,25.067054601324603,52370730270
2002-06-28,25.441062927246094,25.628248045588812,25.067051665580014,25.253877808903372,53725561220
2002-07-01,25.06705093383789,25.44106218458606,24.692678857694194,25.44106218458606,31670484218
2002-07-02,24.69268035888672,24.879867333531926,23.944657811914315,23.944657811914315,34987654104
2002-07-03,23.757471084594727,23.944656196222663,23.00908776270284,23.944656196222663,103732963846
2002-07-04,24.13149070739746,24.318675883985833,23.75747932935177,23.944664505940146,57177497811
2002-07-05,25.06705093383789,25.06705093383789,23.757471243319326,24.131482494067498,64912258296
2002-07-08,26.563459396362305,26.750644527802837,25.8154349703023,26.002261126698354,128201266856
2002-07-09,26.750638961791992,26.750638961791992,26.00225571640376,26.37662775177599,43663517110
2002-07-10,26.18944549560547,26.376632471982685,25.815434218658616,26.376632471982685,55840300646
2002-07-11,25.253883361816406,25.628253680819714,25.067057177413044,25.628253680819714,42029900287
2002-07-12,26.563459396362305,26.563459396362305,25.8154349703023,25.8154349703023,77343844351
2002-07-15,26.002262115478516,26.56346040648298,26.002262115478516,26.56346040648298,30993639582
2002-07-16,25.815433502197266,26.563457885717664,25.628248381401814,26.376631739946276,40165515704
2002-07-17,25.06705093383789,25.628247297464586,24.879865820959363,25.44106218458606,56765584704
2002-07-18,24.13149070739746,24.879874289007173,23.944664505940146,24.879874289007173,127583656914
2002-07-19,23.009090423583984,23.196275556858904,22.822264265357063,23.196275556858904,161639111963
2002-07-22,22.63507652282715,22.63507652282715,22.073880116865176,22.261065243864486,79529952182
2002-07-23,23.196273803710938,23.196273803710938,22.261064307727562,22.261064307727562,97899616728
2002-07-24,21.88669204711914,22.447888377626192,21.88669204711914,22.261062250782306,99113193428
2002-07-25,21.699859619140625,22.82225380462409,21.699859619140625,22.635066906760695,106641634836
2002-07-26,20.20310401916504,20.20310401916504,20.20310401916504,20.20310401916504,52826795476
2002-07-29,18.893884658813477,19.26789600511762,18.893884658813477,18.893884658813477,268685257937
2002-07-30,19.455076217651367,19.64190233796695,19.080704176683426,19.455076217651367,179507412116
2002-07-31,18.893884658813477,19.26789600511762,18.706699498111107,19.26789600511762,72425544064
2002-08-01,18.70669937133789,19.080710715107397,18.70669937133789,18.70669937133789,63482390422
2002-08-02,18.66939926147461,18.66939926147461,18.145495667853165,18.332680753010425,96478698311
2002-08-05,17.397113800048828,17.846071229332612,17.397113800048828,17.584298899712707,104370150049
2002-08-06,17.24757957458496,17.69653698329012,16.349664757174647,16.349664757174647,111234870709
2002-08-07,18.444923400878906,18.444923400878906,18.10820482374096,18.40727173134951,98428338108
2002-08-08,18.369976043701172,18.51950948820326,18.108203697264187,18.51950948820326,77595895479
2002-08-09,19.080707550048828,19.080707550048828,18.706696268319345,18.706696268319345,64740914607
2002-08-12,18.893884658813477,19.08071084441525,18.706699498111107,19.08071084441525,52770712571
2002-08-13,18.70669937133789,18.893884530771725,18.631753142467304,18.70669937133789,25020477487
2002-08-14,19.080707550048828,19.080707550048828,18.706696268319345,18.706696268319345,51260440263
2002-08-15,19.829090118408203,20.20310323504787,19.64190499776985,19.64190499776985,105961573482
2002-08-16,20.016267776489258,20.20309570283652,19.829082725638095,20.20309570283652,53287622182
2002-08-19,20.016267776489258,20.390280753687684,19.829082725638095,20.016267776489258,46580983350
2002-08-20,20.390295028686523,20.764306417339768,20.203109846789282,20.203109846789282,85566285325
2002-08-21,19.829090118408203,20.016275239046557,19.64190499776985,20.016275239046557,54778096387
2002-08-22,19.829090118408203,20.20310323504787,19.829090118408203,20.016275239046557,76792100033
2002-08-23,19.829090118408203,19.829090118408203,19.829090118408203,19.829090118408203,0
2002-08-26,19.64190673828125,19.82909187550648,19.45508057611159,19.82909187550648,49183911880
2002-08-27,19.080707550048828,19.829090938933206,19.080707550048828,19.641905810549158,46771935765
2002-08-28,18.70669937133789,18.893884530771725,18.70669937133789,18.70669937133789,66760743254
2002-08-29,18.70669937133789,19.080710715107397,18.482221510211392,18.519514211904053,46533076159
2002-08-30,18.66939926147461,18.893877033526486,18.594453062343288,18.893877033526486,44359594421
2002-09-02,18.220443725585938,18.631749541951912,18.220443725585938,18.631749541951912,32902936481
2002-09-03,18.220443725585938,18.407271724204907,18.14549936158517,18.220443725585938,31752749966
2002-09-04,17.9210205078125,18.220444553553346,17.771487047271215,17.95831505437996,57145958279
2002-09-05,17.7714900970459,18.145503300106267,17.7714900970459,18.145503300106267,31957792095
2002-09-06,17.7714900970459,17.7714900970459,17.7714900970459,17.7714900970459,0
2002-09-09,18.145498275756836,18.220442635272928,17.808779718898855,17.883724078414943,48750177031
2002-09-10,18.893884658813477,18.893884658813477,18.070556761726106,18.145502991104596,49558517546
2002-09-11,18.893884658813477,19.08071084441525,18.706699498111107,19.08071084441525,40989717968
2002-09-12,18.66939926147461,18.893877033526486,18.519506863211966,18.893877033526486,32294468079
2002-09-13,17.995973587036133,18.29503877175821,17.958321901454717,18.182799814990382,38608734895
2002-09-16,17.65924835205078,17.883726182779146,17.509355914607603,17.80878181444441,49178944769
2002-09-17,18.332685470581055,18.332685470581055,17.547009365447828,17.547009365447828,61144158051
2002-09-18,17.06039810180664,17.547009127145056,17.06039810180664,17.397116692346085,112968608908
2002-09-19,17.06039810180664,17.247583232590333,16.835920275038223,17.210290536605612,73465780491
2002-09-20,16.274723052978516,16.68638788736651,16.087896885234642,16.649093338598828,126676288003
2002-09-23,15.751174926757812,16.34966580174157,15.713521410923256,16.08789346739596,75797395458
2002-09-24,15.825762748718262,16.050240550597415,15.526695862366179,15.526695862366179,105920386500
2002-09-25,15.713521957397461,16.012947817990852,15.339510713294212,15.90070891733695,78987027462
2002-09-26,15.938004493713379,16.349669329467943,15.938004493713379,16.31237478057646,82077349709
2002-09-27,15.713521957397461,16.05024050974578,15.713521957397461,15.938001609091879,61569057069
2002-09-30,15.376802444458008,15.376802444458008,14.965496708655042,15.376802444458008,69557291722
2002-10-01,15.00279712677002,15.489048327680162,14.965502574584118,15.115036057652691,77405814202
2002-10-02,14.965499877929688,15.526697206800774,14.965499877929688,15.376805700835732,86896919194
2002-10-03,14.104880332946777,14.703371359348782,14.104880332946777,14.703371359348782,98992186377
2002-10-04,14.217117309570312,14.441596979485295,13.768159820127108,13.768159820127108,89524174664
2002-10-07,13.468732833862305,14.029930073822953,13.468732833862305,14.029930073822953,78537828557
2002-10-08,13.31920051574707,13.394146725722754,13.057429093730306,13.094721786021,143018927543
2002-10-09,13.468732833862305,14.067582663164513,13.206960508552761,13.319199401428946,176815140516
2002-10-10,13.468732833862305,13.468732833862305,13.468732833862305,13.468732833862305,0
2002-10-11,13.356497764587402,13.917695165203572,13.28191051450724,13.84310791512341,142303923266
2002-10-14,14.217117309570312,14.217117309570312,13.693213605144901,13.805453440102392,143797064993
2002-10-15,15.18997859954834,15.18997859954834,14.666074923718105,14.778313827356106,107764602339
2002-10-16,16.237422943115234,16.237422943115234,15.863411760654929,16.237422943115234,202784225298
2002-10-17,16.274723052978516,16.42461549740793,15.93800444080523,16.05024336140068,114359757123
2002-10-18,17.397113800048828,17.397113800048828,16.68638404114514,16.98580803553334,193637858376
2002-10-21,17.023101806640625,17.284874124434268,16.83591671543333,17.284874124434268,94279112187
2002-10-22,16.274723052978516,17.21029164234995,15.93800444080523,17.06039919792054,136840209293
2002-10-23,16.83592414855957,17.02310932240985,15.601288415727463,15.900714379172546,207266918600
2002-10-24,16.83592414855957,17.135348261617406,16.686390654399933,17.135348261617406,124002532148
2002-10-25,17.210290908813477,17.359824371803196,16.68638717615984,16.835920639149563,125819877973
2002-10-28,17.434770584106445,17.808783768656905,17.397118908282668,17.733837541711235,131088738347
2002-10-29,17.509357452392578,17.54701097777855,17.210292351726345,17.434770202169805,59101295644
2002-10-30,17.023101806640625,17.322525787501547,16.686383287293317,17.135340696294254,74077746973
2002-10-31,17.397113800048828,17.54700620992795,17.24758036515324,17.359821110264072,72249828452
2002-11-01,16.83592414855957,17.3971206949846,16.83592414855957,17.359827990419767,56491857925
2002-11-04,17.584299087524414,17.771484189187554,17.35982129567821,17.397113985861274,88400985319
2002-11-05,17.84607696533203,18.220447284988083,17.84607696533203,18.145502906346774,124262282839
2002-11-06,19.080707550048828,19.080707550048828,17.659247814144187,17.84607396748962,204144045002
2002-11-07,19.267892837524414,19.641905972728853,18.893881552706787,19.45507981784083,152395751105
2002-11-08,19.080707550048828,19.080707550048828,18.706696268319345,18.706696268319345,107783107263
2002-11-11,17.84607696533203,18.706699410731932,17.808784263560838,18.706699410731932,91990724072
2002-11-12,17.509357452392578,17.54701097777855,17.023107201200766,17.023107201200766,95338546119
2002-11-13,17.509357452392578,17.58430367769643,17.023107201200766,17.509357452392578,72543369566
2002-11-14,17.359825134277344,17.771488118813476,17.359825134277344,17.509356753447896,57321657659
2002-11-15,18.108200073242188,18.444918562045526,17.846068804259335,18.444918562045526,105183977112
2002-11-18,18.03325653076172,18.33268237888656,17.80877873880151,18.108202736539816,42476953811
2002-11-19,17.808780670166016,18.07055303110401,17.808780670166016,17.95831412295158,45870578249
2002-11-20,17.24757957458496,17.621592632172256,17.172633373080668,17.434764665668936,55682754488
2002-11-21,17.547008514404297,17.771486333333957,17.3598233901571,17.62159575415598,85523015187
2002-11-22,18.70669937133789,18.70669937133789,18.407275281340805,18.557165888694875,183661410360
2002-11-25,19.455076217651367,19.455076217651367,18.51950786578637,18.89387805636784,147887832670
2002-11-26,18.893884658813477,19.455083016207105,18.893884658813477,19.26789600511762,102202628304
2002-11-27,18.70669937133789,18.70669937133789,18.36998072926104,18.519514211904053,50155420371
2002-11-28,18.893884658813477,19.26789600511762,18.706699498111107,19.26789600511762,88820138071
2002-11-29,18.893884658813477,19.08071084441525,18.706699498111107,18.893884658813477,42270212692
2002-12-02,18.893884658813477,18.893884658813477,18.893884658813477,18.893884658813477,0
2002-12-03,20.016267776489258,20.20309570283652,19.26788469758851,19.455071598825704,126338005013
2002-12-04,19.455076217651367,19.829087433257687,19.455076217651367,19.64190233796695,73386864025
2002-12-05,19.64190673828125,19.64190673828125,19.080708451274244,19.267893588499476,48143978458
2002-12-06,19.267892837524414,19.641905972728853,19.267892837524414,19.267892837524414,51058844811
2002-12-09,19.455076217651367,19.829087433257687,19.26788927197416,19.64190233796695,50093028478
2002-12-10,18.70669937133789,18.893884530771725,18.631753142467304,18.893884530771725,93248680123
2002-12-11,18.70669937133789,18.893884530771725,18.631753142467304,18.70669937133789,86301396122
2002-12-12,18.332685470581055,18.893881895510425,18.145500337255232,18.706696762184606,63603402883
2002-12-13,18.220443725585938,18.482217938592424,18.03325860232492,18.220443725585938,61258493589
2002-12-16,17.9210205078125,18.070553968353785,17.696540829478018,17.88372596124504,60298937548
2002-12-17,17.88372230529785,18.33268157018663,17.88372230529785,18.145496476685626,43846304633
2002-12-18,17.958309173583984,18.070548050803016,17.80877576201031,17.883720104874698,44765306756
2002-12-19,17.17263412475586,17.58429886340489,16.835917441278156,16.91086179567646,109025956371
2002-12-20,17.210290908813477,17.509355984406056,16.649092628981727,17.17263738658438,93595912570
2002-12-23,16.649091720581055,17.210289969792942,16.424613901205706,17.210289969792942,57534935020
2002-12-24,16.761335372924805,16.910867003171568,16.499203988142447,16.574148365618957,34911984116
2002-12-25,16.723674774169922,16.798620970340377,16.461902475178785,16.723674774169922,15449960942
2002-12-26,17.210290908813477,17.210290908813477,16.61144095713949,16.835920639149563,23857678406
2002-12-27,17.023101806640625,17.24757958594788,16.87356837850061,17.24757958594788,27456574932
2002-12-30,16.162479400634766,16.835916427825047,16.12518486278548,16.835916427825047,47293731325
2002-12-31,15.938004493713379,16.162484186036405,15.900711795208839,15.900711795208839,28136119555
2003-01-01,15.938004493713379,15.938004493713379,15.938004493713379,15.938004493713379,0
2003-01-02,15.90070915222168,16.23742585915736,15.863414609529226,16.08789426453965,29925258898
2003-01-03,16.761335372924805,16.835922625695055,16.31237595592994,16.46190943656378,52579684405
2003-01-06,16.761335372924805,17.098052160090333,16.61144291719762,16.761335372924805,49129154621
2003-01-07,16.985811233520508,17.547009513574185,16.985811233520508,17.098050149376498,61698515784
2003-01-08,17.397113800048828,17.733832334608294,16.98580803553334,17.023102575704605,67404817402
2003-01-09,17.210290908813477,17.359824371803196,17.02310577398152,17.210290908813477,48948028212
2003-01-10,17.65924835205078,17.696541048693373,17.5470094366866,17.65924835205078,57046935294
2003-01-13,18.893884658813477,18.893884658813477,17.958317830402226,17.958317830402226,137273311079
2003-01-14,18.893884658813477,19.08071084441525,18.706699498111107,19.08071084441525,96393056226
2003-01-15,18.893884658813477,19.08071084441525,18.557166014454722,18.893884658813477,86943424989
2003-01-16,18.182790756225586,18.893879528920785,18.182790756225586,18.893879528920785,59139106289
2003-01-17,18.25773811340332,18.40727156586325,17.771486086832635,17.958314083844485,78192755017
2003-01-20,17.9210205078125,17.95831505437996,17.58430191550419,17.808781593838674,63110711997
2003-01-21,17.808780670166016,18.145499245010033,17.77148612553288,17.921019578318443,55275862600
2003-01-22,17.88372230529785,17.958311383184622,17.547005632210947,17.808777953212267,39410885459
2003-01-23,18.893884658813477,19.08071084441525,18.257741922428476,18.257741922428476,99996484294
2003-01-24,18.482219696044922,19.267893983255025,18.36997892611183,19.08070884219479,76299782491
2003-01-27,18.295032501220703,18.295032501220703,17.995967419001794,18.22044525559872,51491860024
2003-01-28,17.84607696533203,18.108208354188474,17.21029320701738,17.284880460946873,74556364377
2003-01-29,17.84607696533203,17.84607696533203,17.84607696533203,17.84607696533203,0
2003-01-30,17.84607696533203,17.84607696533203,17.84607696533203,17.84607696533203,0
2003-01-31,17.84607696533203,17.84607696533203,17.84607696533203,17.84607696533203,0
2003-02-03,17.84607696533203,17.84607696533203,17.84607696533203,17.84607696533203,0
2003-02-04,17.84607696533203,17.84607696533203,17.84607696533203,17.84607696533203,0
2003-02-05,17.84607696533203,17.84607696533203,17.84607696533203,17.84607696533203,0
2003-02-06,16.61144256591797,16.835922269668362,16.61144256591797,16.64909424140668,78312317385
2003-02-07,15.713521957397461,15.975655126235923,15.45175053914142,15.45175053914142,156444098138
2003-02-10,15.22727108001709,15.451749795717951,15.152324874723972,15.451749795717951,86410429080
2003-02-11,15.52669906616211,15.713525239737914,15.414460142063032,15.451753766801394,58846760960
2003-02-12,15.115031242370605,15.41445616302387,15.002792347244522,15.302216342704526,72050164654
2003-02-13,15.04008674621582,15.376804374336395,15.04008674621582,15.1150320301364,58453282436
2003-02-14,15.339509963989258,15.45174978435377,15.189977453691489,15.376803579115773,71910988150
2003-02-17,16.386960983276367,16.386960983276367,16.012949695324608,16.386960983276367,77185984366
2003-02-18,16.050243377685547,16.386961990200476,16.012950679266968,16.386961990200476,42627000606
2003-02-19,16.087894439697266,16.424613000685618,16.087894439697266,16.424613000685618,69164819607
2003-02-20,16.499202728271484,16.536854401681346,16.012950647215003,16.08789686935574,71036376200
2003-02-21,16.79862403869629,17.172635287594286,16.72367782883652,16.835918581315937,93056499457
2003-02-24,16.948158264160156,17.023104477472476,16.649091360958167,16.91086371982246,48756659165
2003-02-25,16.087894439697266,16.83591879748431,16.087894439697266,16.83591879748431,63858229750
2003-02-26,16.01294708251953,16.34966561940244,15.975654392477447,16.162480518446934,48616795490
2003-02-27,15.713521957397461,16.012947817990852,15.526695822847088,15.751175474541506,45889288783
2003-02-28,15.713521957397461,15.713521957397461,15.713521957397461,15.713521957397461,0
2003-03-03,16.4619083404541,16.574147262035893,15.93800458086665,16.050243502448442,48204979777
2003-03-04,16.237422943115234,16.237422943115234,16.012945178804905,16.162478596954884,32170168559
2003-03-05,15.563994407653809,15.825766819097153,15.526699855825205,15.71352603890269,60949861764
2003-03-06,15.489046096801758,15.67623122980814,15.45175247518079,15.563992315091175,38581028912
2003-03-07,15.563994407653809,15.938005748904525,15.339514697651975,15.414460926017835,48518302763
2003-03-10,15.938004493713379,16.050243414681418,15.713524801390353,15.825765572745338,53968365297
2003-03-11,15.90070915222168,16.20013316685154,15.713522189517073,15.713522189517073,46218481635
2003-03-12,16.087894439697266,16.087894439697266,15.90070932534131,15.938002018053153,32006602890
2003-03-13,16.499202728271484,16.611441648756152,16.012950647215003,16.08789686935574,68480959873
2003-03-14,17.023101806640625,17.50935190374152,16.948155605086956,17.50935190374152,150857310190
2003-03-17,16.4619083404541,16.910865877168227,16.4619083404541,16.835921504681856,60341060598
2003-03-18,17.584299087524414,17.584299087524414,17.21028785918551,17.35982129567821,141363072348
2003-03-19,17.9210205078125,18.033259421786326,17.58430191550419,17.73383537604548,125366615560
2003-03-20,18.182790756225586,18.594455518191392,17.95831295452598,18.332683174285155,143544153548
2003-03-21,18.145498275756836,18.257737177913953,17.921018621055968,18.257737177913953,55634506417
2003-03-24,18.145498275756836,18.332683387816676,18.07055206585411,18.295029870168342,56761429212
2003-03-25,17.434770584106445,17.696542990589343,17.32253165642594,17.58430406290884,65069090229
2003-03-26,17.584299087524414,17.80877872975715,17.584299087524414,17.65924529326445,66753806613
2003-03-27,16.79862403869629,17.0603963855015,16.461905482031305,16.835918581315937,152417480863
2003-03-28,16.61144256591797,16.835922269668362,16.2747239354859,16.723681492599646,83406035690
2003-03-31,15.825762748718262,16.386959103802763,15.75117551463195,16.274720202863186,77543735402
2003-04-01,15.788466453552246,15.788466453552244,15.489042475827194,15.526694138500147,85137907165
2003-04-02,16.01294708251953,16.162480518446934,15.713521235678709,15.900708187020738,45530807291
2003-04-03,16.42461395263672,16.76133253314088,16.34966773747087,16.649091772714982,83089644783
2003-04-04,16.910863876342773,16.985810090348764,16.312372939762476,16.42461369845135,75165160133
2003-04-07,17.284879684448242,17.397118610205677,16.798627580548576,16.94816105678891,79856120398
2003-04-08,17.098052978515625,17.39711995409862,17.060401300428442,17.210293763330462,63372226608
2003-04-09,16.761335372924805,16.948161554750232,16.686389145061213,16.873574301979982,48875783259
2003-04-10,16.649091720581055,16.948158630242933,16.574145505649888,16.723678960480825,49287317610
2003-04-11,16.761335372924805,16.79862807411639,16.61144291719762,16.686389145061213,24538294367
2003-04-14,16.312374114990234,16.948159642058688,16.312374114990234,16.761333481317603,38926002352
2003-04-15,16.723674774169922,16.723674774169922,16.424609789757476,16.611435892578157,40375606106
2003-04-16,17.547008514404297,17.58430120908676,17.09804917577146,17.09804917577146,129519607395
2003-04-17,17.135339736938477,17.584297120803647,17.135339736938477,17.547004434791596,83916290022
2003-04-18,17.7714900970459,17.921023583248704,17.621599486123532,17.65925116381069,109353158050
2003-04-21,18.07054901123047,18.07054901123047,17.58429709176978,17.771482172188083,55647984710
2003-04-22,17.584299087524414,17.921017625680253,17.509352881784377,17.921017625680253,80199879114
2003-04-23,18.07054901123047,18.108200672127577,17.808776708524885,17.921015591709274,126460202439
2003-04-24,17.696537017822266,17.95831118634069,17.50935192637303,17.95831118634069,98290763199
2003-04-25,17.023101806640625,17.54700541719523,16.91086106660057,17.210286897847922,84724571018
2003-04-28,16.4619083404541,16.574147262035893,16.0878970266133,16.499202889549522,98643352334
2003-04-29,16.87356948852539,17.023102926502435,16.611438178520167,16.7986232820414,118886537594
2003-04-30,17.88372230529785,18.033255735270206,17.733831750740233,18.033255735270206,239182284642
2003-05-01,17.88372230529785,17.88372230529785,17.88372230529785,17.88372230529785,0
2003-05-02,18.07054901123047,18.108200672127577,17.846069394475364,17.846069394475364,83687050811
2003-05-05,18.145498275756836,18.332683387816676,18.07055206585411,18.145498275756836,91162699080
2003-05-06,17.88372230529785,18.295028056271526,17.808777953212267,18.145496476685626,70984042978
2003-05-07,17.84607696533203,17.995969423388864,17.69654348237412,17.95831774651875,61006929433
2003-05-08,17.472061157226562,17.771485171361014,17.472061157226562,17.771485171361014,42516871961
2003-05-09,17.7714900970459,17.883729030281106,17.509358702501178,17.509358702501178,47392932866
2003-05-12,18.07054901123047,18.182787894414858,17.958310128046076,18.033254474893667,77305595431
2003-05-13,18.40727424621582,18.631752094718905,18.332686996637776,18.40727424621582,78423898828
2003-05-14,18.40727424621582,18.40727424621582,18.25774077198176,18.332686996637776,61289822100
2003-05-15,18.51951026916504,18.51951026916504,18.257737911689198,18.40727136249706,49432034770
2003-05-16,18.25773811340332,18.706695595422087,18.25773811340332,18.63174938167927,67041985629
2003-05-19,18.295032501220703,18.369978721901624,18.033260116619335,18.25773980360316,49004700893
2003-05-20,17.958309173583984,18.070548050803016,17.80877576201031,17.883720104874698,45992883891
2003-05-21,17.958309173583984,17.995960832479955,17.80877576201031,17.958309173583984,72198636907
2003-05-22,17.958309173583984,18.108199709698987,17.733829568759695,17.846068445978727,69367556736
2003-05-23,18.369976043701172,18.444922253455516,18.033257487509843,18.108203697264187,77408027218
2003-05-26,18.631755828857422,18.669409361464364,18.51951688211118,18.51951688211118,52531668998
2003-05-27,18.444923400878906,18.669403069099786,18.444923400878906,18.631749549183645,46901118529
2003-05-28,18.893884658813477,19.26789600511762,18.893884658813477,18.893884658813477,111594385664
2003-05-29,19.455076217651367,19.455076217651367,19.080704176683426,19.080704176683426,140509421824
2003-05-30,20.016267776489258,20.577465804538843,19.455071598825704,19.455071598825704,150196284018
2003-06-02,21.1386661529541,21.325492265776948,20.390284776780454,20.577469864564055,142074007706
2003-06-03,20.95149040222168,21.138675573424525,20.76430523101883,20.95149040222168,77388158773
2003-06-04,20.95149040222168,20.95149040222168,20.95149040222168,20.95149040222168,0
2003-06-05,21.51268768310547,21.886699031127318,21.138674484696494,21.138674484696494,135359642257
2003-06-06,21.88669204711914,21.88669204711914,21.512680818443673,21.699865920275254,86426629004
2003-06-09,22.073883056640625,22.447894385413704,21.51268657593912,21.699871727867546,111310611036
2003-06-10,21.51268768310547,21.886699031127318,21.3255006711563,21.699872844667517,53176084025
2003-06-11,21.1386661529541,21.699864291730545,21.1386661529541,21.699864291730545,60828892589
2003-06-12,21.88669204711914,22.447888377626192,20.951482637550086,21.13866773938167,136477069104
2003-06-13,21.32549285888672,21.512679802262806,21.13866674086782,21.512679802262806,66954963790
2003-06-16,20.95149040222168,21.32550176950664,20.95149040222168,20.95149040222168,51793235972
2003-06-17,21.699859619140625,21.886685691734563,21.138661601205893,21.325487673799834,100960450135
2003-06-18,22.073883056640625,22.26106820856905,21.8866979047122,22.073883056640625,84217703845
2003-06-19,22.073883056640625,22.26106820856905,21.8866979047122,22.26106820856905,64311302785
2003-06-20,21.88669204711914,22.261062250782306,21.699865920275254,22.073877148950725,47996945477
2003-06-23,21.51268768310547,22.073884192689366,21.51268768310547,21.699872844667517,39969704393
2003-06-24,21.32549285888672,21.32549285888672,20.951481647878182,21.13866674086782,55692212560
2003-06-25,21.32549285888672,21.699864895252443,20.951481647878182,21.13866674086782,53202099134
2003-06-26,21.32549285888672,21.699864895252443,21.13866674086782,21.32549285888672,32158938451
2003-06-27,21.32549285888672,21.699864895252443,21.13866674086782,21.512679802262806,46451329847
2003-06-30,21.32549285888672,21.512679802262806,21.13866674086782,21.13866674086782,28406805466
2003-07-01,21.88669204711914,21.88669204711914,21.325493866225557,21.325493866225557,60523815656
2003-07-02,22.447893142700195,22.447893142700195,21.88669669306648,22.07388183463235,57313162709
2003-07-03,22.822267532348633,23.570290222431236,22.822267532348633,22.822267532348633,85603235654
2003-07-04,23.196273803710938,23.196273803710938,22.82226254047644,23.009088684583258,76343664050
2003-07-07,22.8220157623291,22.8220157623291,21.886734204828777,22.07379162656074,93530385024
2003-07-08,23.196128845214844,23.383571148064654,22.822015850688963,23.196128845214844,99411800454
2003-07-09,22.634960174560547,22.82201574577029,22.26084718175456,22.447902752964303,70019638063
2003-07-10,21.51262664794922,22.634963963870717,21.51262664794922,22.634963963870717,60270951107
2003-07-11,21.51262664794922,21.51262664794922,20.95145798998847,21.138513592513114,56009057175
2003-07-14,22.26085090637207,22.447906508879385,21.699682248463315,21.699682248463315,66079095337
2003-07-15,22.26085090637207,22.63496396177351,21.88673785097063,22.447906508879385,43450568707
2003-07-16,22.26085090637207,22.447906508879385,21.88673785097063,22.26085090637207,37579022970
2003-07-17,21.69968032836914,22.260848936622946,21.69968032836914,22.073793350667223,56681934796
2003-07-18,21.69968032836914,21.88673591432486,21.325567306071058,21.325567306071058,49861129963
2003-07-21,21.325571060180664,22.07379723649303,21.325571060180664,21.699684148336846,33956792885
2003-07-22,21.13851547241211,21.51262856111899,20.951459853252157,20.951459853252157,55617671227
2003-07-23,21.51262664794922,21.88673785299851,21.32556919503776,21.32556919503776,63373451654
2003-07-24,21.88673973083496,21.88673973083496,21.512628493687707,21.699684112261334,79735509542
2003-07-25,21.325571060180664,21.699684148336846,21.325571060180664,21.51262852945224,58440488710
2003-07-28,21.69968032836914,21.88673591432486,21.512624742413422,21.69968032836914,39421419179
2003-07-29,21.325571060180664,21.699684148336846,21.325571060180664,21.699684148336846,27504470801
2003-07-30,21.325571060180664,21.51262852945224,20.951459822411454,21.325571060180664,53640030158
2003-07-31,22.073793411254883,22.073793411254883,20.951456191666708,20.951456191666708,114120709746
2003-08-01,22.44791030883789,22.634967793396907,22.073799040494098,22.260854674665996,93000327378
2003-08-04,22.44791030883789,22.634967793396907,22.073799040494098,22.44791030883789,51672965192
2003-08-05,21.88673973083496,22.634965905903407,21.88673973083496,22.44790843694281,58083135669
2003-08-06,21.88673973083496,22.073797199795557,21.699684112261334,21.699684112261334,32957914783
2003-08-07,22.44791030883789,22.44791030883789,21.699685921763187,21.88674155593508,52379980930
2003-08-08,21.69968032836914,22.260848936622946,21.69968032836914,22.260848936622946,45816399346
2003-08-11,21.325571060180664,21.51262852945224,20.951459822411454,21.325571060180664,50757723974
2003-08-12,21.325571060180664,21.699684148336846,21.325571060180664,21.325571060180664,28211681929
2003-08-13,22.073793411254883,22.26084899772403,21.69968038792994,21.69968038792994,58787871858
2003-08-14,22.26085090637207,22.63496396177351,22.073795303864753,22.26085090637207,75356431788
2003-08-15,22.8220157623291,22.8220157623291,22.447902769251673,22.447902769251673,69231520500
2003-08-18,23.009071350097656,23.009071350097656,22.447902785274216,22.822015778618677,64299970375
2003-08-19,23.38357925415039,23.757692378365274,23.196136886322336,23.570634891064255,108214104053
2003-08-20,23.570632934570312,23.757690406344516,23.383577313183103,23.570632934570312,46342243584
2003-08-21,23.944746017456055,23.944746017456055,23.383577303148257,23.57063292445519,59475468849
2003-08-22,23.944746017456055,24.13180163876299,23.75769039614912,23.944746017456055,48475414989
2003-08-25,24.131793975830078,24.131793975830078,23.757682852013364,23.94473841392172,55161731471
2003-08-26,23.570632934570312,23.944746027731725,23.383577313183103,23.944746027731725,46839490762
2003-08-27,23.944746017456055,24.318859110456916,23.57063292445519,23.57063292445519,69312341766
2003-08-28,24.50590705871582,24.880020034578116,24.13179408285352,24.318851495977878,110860504524
2003-08-29,25.06708335876465,25.25413897942008,24.31885902575593,24.505914646411362,80557554802
2003-09-01,25.254135131835938,25.441192574379293,24.88002394752264,25.254135131835938,42394075642
2003-09-02,25.06708335876465,25.25413897942008,24.692970267066794,25.06708335876465,37245231943
2003-09-03,24.880027770996094,25.254139012801467,24.880027770996094,25.254139012801467,33790180436
2003-09-04,24.69296646118164,25.067079495218085,24.69296646118164,24.880023903393216,35047594406
2003-09-05,25.441198348999023,25.81530961822775,25.254140863997534,25.254140863997534,47028517936
2003-09-08,26.563526153564453,26.563526153564453,25.44118905510385,25.628244621385136,73586720610
2003-09-09,26.376466751098633,27.12469266066518,26.376466751098633,27.12469266066518,75344037056
2003-09-10,26.002365112304688,26.37647635288882,25.815307641625637,26.189420732596755,60459657641
2003-09-11,26.002365112304688,26.002365112304688,26.002365112304688,26.002365112304688,0
2003-09-12,25.441198348999023,25.81530961822775,25.441198348999023,25.628253983613387,52673822244
2003-09-15,25.06708335876465,25.4411964504625,24.880027738109217,25.4411964504625,44112319124
2003-09-16,25.628253936767578,25.628253936767578,24.692972064631107,24.692972064631107,62011519134
2003-09-17,26.750581741333008,26.93763730776454,26.002357625220416,26.002357625220416,106909841604
2003-09-18,26.376466751098633,26.750579705881908,26.189411198900153,26.563524153683424,50232185345
2003-09-19,25.815303802490234,26.563529873159663,25.815303802490234,26.37647243029895,40103307278
2003-09-22,25.254135131835938,25.62824816653594,25.254135131835938,25.62824816653594,44099438423
2003-09-23,25.441198348999023,25.441198348999023,24.880029594768807,25.06708522938317,40647723574
2003-09-24,25.441198348999023,25.441198348999023,25.06708522938317,25.441198348999023,39425352026
2003-09-25,24.880027770996094,25.06708339189878,24.692970299706417,24.880027770996094,45384682924
2003-09-26,24.69296646118164,25.067079495218085,24.50591086935677,24.880023903393216,49326898990
2003-09-29,24.880027770996094,25.254139012801467,24.505914678803734,24.692970299706417,44230610155
2003-09-30,24.880027770996094,25.254139012801467,24.880027770996094,24.880027770996094,25407273678
2003-10-01,24.880027770996094,25.06708339189878,24.692970299706417,24.880027770996094,24671014590
2003-10-02,25.628253936767578,25.628253936767578,25.06708518356312,25.254140817835566,39922120749
2003-10-03,26.189422607421875,26.189422607421875,25.441198222303406,25.81530948966908,52698696877
2003-10-06,26.563526153564453,26.750581719845734,26.189413170615435,26.750581719845734,63513105311
2003-10-07,26.189422607421875,26.563535725174667,25.81530948966908,26.563535725174667,56382722765
2003-10-08,26.002365112304688,26.37647635288882,25.815307641625637,26.189420732596755,42244647482
2003-10-09,25.815303802490234,26.002361245350947,25.441192617542228,25.62824821001623,46467769050
2003-10-10,25.815303802490234,25.815303802490234,25.815303802490234,25.815303802490234,0
2003-10-13,26.189422607421875,26.376478241104714,26.002366973739036,26.002366973739036,56550702943
2003-10-14,25.628253936767578,26.563535808904053,25.628253936767578,26.376478324244484,57016066502
2003-10-15,25.441198348999023,26.002367103229243,25.441198348999023,25.628253983613387,53098224070
2003-10-16,26.002365112304688,26.002365112304688,25.254138930362455,25.441196401041505,43381505903
2003-10-17,25.441198348999023,26.189422737843607,25.441198348999023,26.189422737843607,28499052832
2003-10-20,25.441198348999023,25.628253983613387,25.06708522938317,25.254140863997534,53462906736
2003-10-21,25.06708335876465,25.62825207111793,24.692970267066794,25.62825207111793,124954937727
2003-10-22,24.69296646118164,24.880023903393216,24.50591086935677,24.50591086935677,47089780175
2003-10-23,24.131793975830078,24.5059069500332,24.131793975830078,24.5059069500332,59432923957
2003-10-24,24.131793975830078,24.31885138812484,24.131793975830078,24.131793975830078,50638370824
2003-10-27,24.50590705871582,24.69296262145376,24.318851495977878,24.318851495977878,27947760315
2003-10-28,25.441198348999023,25.441198348999023,24.50591647515295,24.692972109767314,68341319245
2003-10-29,26.002365112304688,26.56353382356787,25.815307641625637,26.56353382356787,86353845379
2003-10-30,26.002365112304688,26.002365112304688,25.628252021333573,26.002365112304688,46748108423
2003-10-31,25.06708335876465,26.002365162815785,25.06708335876465,26.002365162815785,35997276847
2003-11-03,25.06708335876465,25.4411964504625,25.06708335876465,25.06708335876465,32278812241
2003-11-04,25.628253936767578,25.815309571040025,25.441198302495135,25.441198302495135,39473986569
2003-11-05,26.002365112304688,26.002365112304688,25.628252021333573,25.628252021333573,49296353040
2003-11-06,25.815303802490234,26.189416837824947,25.254135174681515,26.189416837824947,62787532546
2003-11-07,25.815303802490234,26.002361245350947,25.441192617542228,26.002361245350947,37384807945
2003-11-10,25.441198348999023,25.81530961822775,25.254140863997534,25.81530961822775,36922991463
2003-11-11,24.69296646118164,24.880023903393216,24.318855277531902,24.69296646118164,105287284048
2003-11-12,24.880027770996094,25.06708339189878,24.505914678803734,24.692970299706417,74206026336
2003-11-13,25.254135131835938,25.441192574379293,25.067079539679288,25.254135131835938,34684860629
2003-11-14,25.254135131835938,25.441192574379293,25.067079539679288,25.254135131835938,30487816093
2003-11-17,24.880027770996094,25.06708339189878,24.505914678803734,25.06708339189878,33994685995
2003-11-18,25.06708335876465,25.06708335876465,24.505914646411362,24.505914646411362,44979795035
2003-11-19,24.69296646118164,24.880023903393216,24.50591086935677,24.69296646118164,34973078221
2003-11-20,24.50590705871582,24.69296262145376,24.13179408285352,24.50590705871582,56741012676
2003-11-21,24.318849563598633,24.318849563598633,23.944736617463406,24.318849563598633,65098363442
2003-11-24,23.944746017456055,24.505914731763852,23.944746017456055,24.318859110456916,33096361030
2003-11-25,24.50590705871582,24.69296262145376,24.318851495977878,24.50590705871582,31656347712
2003-11-26,24.318849563598633,24.692960659347595,24.131792165337885,24.505905111473115,30805913305
2003-11-27,23.570632934570312,24.318859120893134,23.570632934570312,24.13180164911893,53578953289
2003-11-28,23.757692337036133,24.13180361021306,23.757692337036133,23.757692337036133,33359333249
2003-12-01,23.944746017456055,24.13180163876299,23.383577303148257,23.57063292445519,27982847827
2003-12-02,24.69296646118164,24.69296646118164,24.131797835320327,24.318855277531902,45087494933
2003-12-03,24.880027770996094,24.880027770996094,24.692970299706417,24.880027770996094,38394367360
2003-12-04,25.06708335876465,25.06708335876465,24.692970267066794,24.692970267066794,38222902730
2003-12-05,24.318849563598633,24.880018057608343,24.318849563598633,24.880018057608343,38966839637
2003-12-08,23.757692337036133,24.13180361021306,23.757692337036133,24.13180361021306,37655906378
2003-12-09,24.131793975830078,24.131793975830078,23.757682852013364,23.94473841392172,38300392348
2003-12-10,23.196128845214844,23.383571148064654,22.822015850688963,23.383571148064654,137454348315
2003-12-11,23.38357925415039,23.38357925415039,23.00907939902132,23.00907939902132,84341179424
2003-12-12,23.196128845214844,23.757684142590534,23.00907142275865,23.757684142590534,58444822358
2003-12-15,23.570632934570312,23.570632934570312,23.196134960913813,23.383577313183103,44587677627
2003-12-16,22.8220157623291,23.196128755406534,22.8220157623291,23.196128755406534,62468891749
2003-12-17,22.26085090637207,22.822019564280826,22.073795303864753,22.822019564280826,105078026508
2003-12-18,22.44791030883789,22.634967793396907,21.88674155593508,22.073799040494098,53048845543
2003-12-19,22.44791030883789,23.0090790617407,22.44791030883789,23.0090790617407,38567770859
2003-12-22,23.009071350097656,23.196128771963135,22.447902785274216,22.6349602071397,48458250740
2003-12-23,23.196128845214844,23.383571148064654,23.00907142275865,23.00907142275865,35672806918
2003-12-24,23.009071350097656,23.196128771963135,22.822015778618677,23.196128771963135,25285535769
2003-12-25,23.196128845214844,23.196128845214844,22.822015850688963,23.00907142275865,7210784224
2003-12-26,23.196128845214844,23.383571148064654,23.00907142275865,23.196128845214844,14701175109
2003-12-29,23.196128845214844,23.383571148064654,23.00907142275865,23.196128845214844,21356611224
2003-12-30,23.570632934570312,23.757690406344516,23.196134960913813,23.383577313183103,92688485147
2003-12-31,23.757692337036133,23.757692337036133,23.38357921347206,23.57063485006052,19860295564
2004-01-01,23.757692337036133,23.757692337036133,23.757692337036133,23.757692337036133,0
2004-01-02,24.50590705871582,24.50590705871582,23.75768295737764,23.75768295737764,75096573281
2004-01-05,24.69296646118164,24.69296646118164,24.318855277531902,24.50591086935677,40274020409
2004-01-06,24.69296646118164,24.880023903393216,24.318855277531902,24.69296646118164,42246846871
2004-01-07,24.50590705871582,24.880020034578116,24.318851495977878,24.69296262145376,57748718393
2004-01-08,24.50590705871582,24.880020034578116,24.50590705871582,24.69296262145376,35635863203
2004-01-09,25.254135131835938,25.254135131835938,24.88002394752264,25.067079539679288,72428198964
2004-01-12,25.254135131835938,25.441192574379293,24.88002394752264,25.254135131835938,32366304318
2004-01-13,25.254135131835938,25.441192574379293,25.067079539679288,25.441192574379293,31056560933
2004-01-14,25.06708335876465,25.4411964504625,24.880027738109217,25.06708335876465,39630308484
2004-01-15,25.06708335876465,25.25413897942008,24.692970267066794,25.25413897942008,43363600175
2004-01-16,24.880027770996094,25.254139012801467,24.880027770996094,25.06708339189878,32418385738
2004-01-19,24.880027770996094,24.880027770996094,24.880027770996094,24.880027770996094,0
2004-01-20,24.880027770996094,24.880027770996094,24.880027770996094,24.880027770996094,0
2004-01-21,24.880027770996094,24.880027770996094,24.880027770996094,24.880027770996094,0
2004-01-22,24.880027770996094,24.880027770996094,24.880027770996094,24.880027770996094,0
2004-01-23,24.880027770996094,24.880027770996094,24.880027770996094,24.880027770996094,0
2004-01-26,24.880027770996094,24.880027770996094,24.880027770996094,24.880027770996094,0
2004-01-27,25.628253936767578,25.628253936767578,25.254140817835566,25.441198302495135,81458086671
2004-01-28,25.254135131835938,25.441192574379293,25.067079539679288,25.254135131835938,41273422056
2004-01-29,24.880027770996094,25.441196484091144,24.880027770996094,24.880027770996094,86873011292
2004-01-30,24.69296646118164,25.067079495218085,24.50591086935677,24.880023903393216,52905669859
2004-02-02,24.318849563598633,24.880018057608343,24.318849563598633,24.692960659347595,31620533751
2004-02-03,23.757692337036133,24.13180361021306,23.57063485006052,23.944747973624594,78128703415
2004-02-04,23.38357925415039,23.757692378365274,23.38357925415039,23.757692378365274,44442032014
2004-02-05,23.38357925415039,23.757692378365274,23.196136886322336,23.38357925415039,48073147328
2004-02-06,23.570632934570312,23.944746027731725,23.570632934570312,23.570632934570312,34788161750
2004-02-09,24.318849563598633,24.505905111473115,23.944736617463406,23.944736617463406,46450068732
2004-02-10,23.944746017456055,24.505914731763852,23.944746017456055,24.318859110456916,36529491296
2004-02-11,23.944746017456055,24.13180163876299,23.75769039614912,24.13180163876299,25306778155
2004-02-12,24.131793975830078,24.31885138812484,23.94473841392172,23.94473841392172,66227356167
2004-02-13,23.944746017456055,24.13180163876299,23.75769039614912,24.13180163876299,38525854722
2004-02-16,23.38357925415039,23.94474801527914,23.38357925415039,23.94474801527914,59737436564
2004-02-17,23.38357925415039,23.757692378365274,23.38357925415039,23.38357925415039,42890781741
2004-02-18,23.570632934570312,23.944746027731725,23.570632934570312,23.757690406344516,67158874865
2004-02-19,23.757692337036133,23.944747973624594,23.57063485006052,23.757692337036133,59513264264
2004-02-20,23.757692337036133,23.944747973624594,23.57063485006052,23.757692337036133,71642481189
2004-02-23,23.38357925415039,23.757692378365274,23.196136886322336,23.570634891064255,65118193009
2004-02-24,23.009071350097656,23.383571074221017,23.009071350097656,23.196128771963135,57056792765
2004-02-25,23.009071350097656,23.383571074221017,23.009071350097656,23.196128771963135,55758417063
2004-02-26,23.757692337036133,23.757692337036133,23.196136845970084,23.38357921347206,59569366206
2004-02-27,23.757692337036133,23.757692337036133,23.38357921347206,23.757692337036133,50344409270
2004-03-01,24.131793975830078,24.131793975830078,23.570625439718597,23.757682852013364,70684384459
2004-03-02,25.06708335876465,25.06708335876465,24.31885902575593,24.505914646411362,135451351653
2004-03-03,24.69296646118164,25.254135087042954,24.50591086935677,25.067079495218085,78815548906
2004-03-04,25.06708335876465,25.25413897942008,24.505914646411362,24.692970267066794,102016096914
2004-03-05,25.06708335876465,25.62825207111793,25.06708335876465,25.4411964504625,116491650582
2004-03-08,24.69296646118164,25.254135087042954,24.69296646118164,24.69296646118164,55670361361
2004-03-09,24.50590705871582,24.69296262145376,24.13179408285352,24.318851495977878,49940613560
2004-03-10,23.570632934570312,24.318859120893134,23.570632934570312,24.318859120893134,119262980330
2004-03-11,23.757692337036133,23.944747973624594,23.196136845970084,23.196136845970084,67802288695
2004-03-12,23.196128845214844,23.570626720134342,23.196128845214844,23.383571148064654,113946512162
2004-03-15,22.8220157623291,23.757684050608052,22.8220157623291,23.570626628876088,60407658886
2004-03-16,22.634960174560547,23.009071316980034,22.447902752964303,23.009071316980034,84634725148
2004-03-17,22.634960174560547,23.009071316980034,22.447902752964303,22.82201574577029,89454311868
2004-03-18,23.196128845214844,23.383571148064654,22.447902856163083,22.447902856163083,152536452257
2004-03-19,23.570632934570312,23.570632934570312,23.00907748913961,23.196134960913813,50284855440
2004-03-22,22.073793411254883,22.073793411254883,22.073793411254883,22.073793411254883,14709469158
2004-03-23,20.57734489440918,21.32556915343491,20.57734489440918,20.57734489440918,338383911337
2004-03-24,21.69968032836914,21.88673591432486,21.325567306071058,21.88673591432486,191804415239
2004-03-25,21.69968032836914,22.073793350667223,21.512624742413422,22.073793350667223,99468714016
2004-03-26,21.88673973083496,22.260852818369184,21.699684112261334,22.073797199795557,64095071532
2004-03-29,23.009071350097656,23.009071350097656,22.26084721379524,22.447902785274216,63163056845
2004-03-30,22.44791030883789,23.0090790617407,22.44791030883789,22.822023427568805,58881388456
2004-03-31,22.44791030883789,22.822023427568805,22.260854674665996,22.634967793396907,45705002070
2004-04-01,22.26085090637207,22.447906508879385,22.073795303864753,22.26085090637207,51577118946
2004-04-02,22.26085090637207,22.447906508879385,21.88673785097063,22.26085090637207,46253291094
2004-04-05,23.196128845214844,23.196128845214844,22.447902856163083,22.822015850688963,81636893451
2004-04-06,23.196128845214844,23.383571148064654,22.822015850688963,23.383571148064654,64074695876
2004-04-07,23.009071350097656,23.196128771963135,22.822015778618677,23.009071350097656,21580094650
2004-04-08,22.8220157623291,23.009071333674566,22.634960190983637,22.8220157623291,38234543457
2004-04-09,22.44791030883789,22.822023427568805,22.44791030883789,22.634967793396907,25151074974
2004-04-12,22.8220157623291,23.196128755406534,22.634960190983637,22.634960190983637,41585915587
2004-04-13,22.634960174560547,23.196128738576277,22.447902752964303,23.009071316980034,40807655192
2004-04-14,23.570632934570312,23.757690406344516,22.447908774590992,22.634966246365195,86126732211
2004-04-15,22.8220157623291,23.570626628876088,22.8220157623291,23.570626628876088,57452402141
2004-04-16,22.8220157623291,23.009071333674566,22.447902769251673,22.634960190983637,82229731365
2004-04-19,22.26085090637207,22.822019564280826,22.26085090637207,22.63496396177351,68277567038
2004-04-20,22.8220157623291,23.009071333674566,22.447902769251673,22.447902769251673,51785354447
2004-04-21,23.009071350097656,23.009071350097656,22.822015778618677,22.822015778618677,57984263385
2004-04-22,23.196128845214844,23.944739714660223,22.822015850688963,23.383571148064654,168975343453
2004-04-23,23.944746017456055,23.944746017456055,23.383577303148257,23.57063292445519,123657919733
2004-04-26,23.757692337036133,24.13180361021306,23.757692337036133,23.944747973624594,75043367117
2004-04-27,23.757692337036133,23.757692337036133,23.196136845970084,23.757692337036133,61855492809
2004-04-28,23.196128845214844,23.757684142590534,23.196128845214844,23.570626720134342,42400077618
2004-04-29,22.634960174560547,22.82201574577029,22.26084718175456,22.447902752964303,116496329919
2004-04-30,21.51262664794922,22.44790651095926,21.138513592513114,22.44790651095926,117918718068
2004-05-03,21.69968032836914,21.88673591432486,21.325567306071058,21.512624742413422,45051533177
2004-05-04,22.073793411254883,22.26084899772403,21.886735974399087,22.073793411254883,40181643586
2004-05-05,20.57734489440918,22.07379526284744,20.57734489440918,22.07379526284744,100411635466
2004-05-06,20.764404296875,21.325573056446235,20.764404296875,20.95146178365684,107086995086
2004-05-07,21.325571060180664,21.325571060180664,20.577346734255272,20.577346734255272,79685895545
2004-05-10,20.57734489440918,20.951457949115447,20.203231839702912,20.951457949115447,73920681977
2004-05-11,21.51262664794922,21.51262664794922,20.016176276591615,20.764400537077012,67254610891
2004-05-12,21.51262664794922,21.88673785299851,21.32556919503776,21.699682250473863,66123068077
2004-05-13,21.325571060180664,21.325571060180664,20.577346734255272,21.325571060180664,66581452711
2004-05-14,20.57734489440918,21.32556915343491,20.39028929224945,21.138513551275178,78750063240
2004-05-17,19.267955780029297,20.01618018667753,19.267955780029297,20.01618018667753,86322031900
2004-05-18,19.455007553100586,19.829120607276565,19.267951951205998,19.455007553100586,57083896847
2004-05-19,20.764404296875,20.764404296875,20.01617990090907,20.203235537303765,81206930528
2004-05-20,20.57734489440918,20.57734489440918,19.82912063538345,20.203231839702912,90653143947
2004-05-21,20.57734489440918,20.951457949115447,20.203231839702912,20.39028929224945,73720612771
2004-05-24,20.203227996826172,20.57734098037202,20.01617243024647,20.57734098037202,38600894452
2004-05-25,20.390295028686523,20.76440633825537,20.016181868730353,20.203237523514776,39175308103
2004-05-26,20.95145606994629,21.32556724071113,20.95145606994629,21.13851165532871,61119564380
2004-05-27,21.325571060180664,21.325571060180664,20.951459822411454,21.325571060180664,48113713271
2004-05-28,21.69968032836914,21.69968032836914,21.325567306071058,21.512624742413422,69947358842
2004-05-31,20.95145606994629,21.51262467648019,20.95145606994629,21.51262467648019,33106919598
2004-06-01,21.13851547241211,21.325571091572062,20.76440238370523,20.951459853252157,30231917989
2004-06-02,20.764404296875,21.138517420051535,20.390293024085604,20.95146178365684,50458326574
2004-06-03,19.829124450683594,20.951461980363327,19.829124450683594,20.764404491825264,70389020107
2004-06-04,19.829124450683594,20.203235726985397,19.64206696214553,19.829124450683594,58741995319
2004-06-07,20.57734489440918,20.57734489440918,20.203231839702912,20.39028929224945,43261676803
2004-06-08,21.13851547241211,21.13851547241211,20.57734676454528,20.76440238370523,52369399817
2004-06-09,20.57734489440918,20.951457949115447,20.57734489440918,20.76440049656891,38013850599
2004-06-10,19.829124450683594,20.39029321552346,19.829124450683594,20.203235726985397,61053061685
2004-06-11,18.893842697143555,19.455011466081846,18.706787057626517,19.455011466081846,107893814967
2004-06-14,18.713529586791992,19.62124516117947,18.67058169973755,19.01595218369871,113316447664
2004-06-15,18.583786010742188,18.713523322237357,18.367705170375245,18.713523322237357,98036108718
2004-06-16,18.799861907958984,19.405154583981258,18.583782976443896,19.405154583981258,84062262225
2004-06-17,19.145679473876953,19.448549695234266,18.713519749227398,18.713519749227398,103497931522
2004-06-18,18.49744415283203,18.843262335933535,18.281365166516853,18.843262335933535,70348210608
2004-06-21,18.799861907958984,19.145680003357068,18.6705724010912,19.145680003357068,50995565009
2004-06-22,18.799861907958984,18.799861907958984,18.799861907958984,18.799861907958984,0
2004-06-23,19.750974655151367,19.880711958441623,18.843259442037592,18.843259442037592,109654288439
2004-06-24,19.79392433166504,20.010005178087763,19.750976457784226,20.010005178087763,46748331561
2004-06-25,19.96705436706543,20.01000223462864,19.707577901400754,19.79392141999127,35313966816
2004-06-28,19.837322235107422,20.010007443671217,19.448556155655684,19.923663902603586,34155088882
2004-06-29,19.92365837097168,19.92365837097168,19.577840266276837,19.66463156682828,31987220079
2004-06-30,20.9177188873291,20.9177188873291,20.312873924923608,20.312873924923608,84527539216
2004-07-01,20.9177188873291,21.090849973166865,20.78797970846811,20.961112667876986,40285560726
2004-07-02,19.96705436706543,20.22608117569503,19.880710848474912,20.01000223462864,70731377312
2004-07-05,19.361764907836914,19.664635201695795,19.27542137478183,19.44855435085982,36094475644
2004-07-06,19.880706787109375,19.880706787109375,19.361757708936413,19.361757708936413,25355314700
2004-07-07,19.318819046020508,19.448556377319495,19.14568605190277,19.232029593954497,51088649390
2004-07-08,19.44855499267578,19.793925389150996,19.405159332946592,19.44855499267578,43033971834
2004-07-09,19.880706787109375,19.923654645898903,19.40515147752797,19.57783660586074,41715881710
2004-07-12,19.361764907836914,19.880714178960478,19.232027590056024,19.880714178960478,50840377531
2004-07-13,19.10272979736328,19.232021161962116,19.01594038334879,19.10272979736328,48811729097
2004-07-14,19.10272979736328,19.361758436379734,19.05933602714137,19.232021161962116,43236498540
2004-07-15,18.583786010742188,18.75691710486075,18.281363515074673,18.67057544956018,93174519231
2004-07-16,18.36771011352539,18.670580474219324,18.15163108857809,18.15163108857809,62835198344
2004-07-19,18.238412857055664,18.36770236528852,18.06527991580649,18.281360723173908,49032212214
2004-07-20,17.935544967651367,18.195019584919095,17.935544967651367,18.022334404555252,66092901386
2004-07-21,18.756921768188477,18.973002662277242,18.195024509832276,18.2813680601707,77488231029
2004-07-22,18.713529586791992,18.799871270996366,18.151632280032995,18.151632280032995,87100386778
2004-07-23,18.49744415283203,18.843262335933535,18.45449814984654,18.583787689503623,39942737760
2004-07-26,17.676515579223633,18.022333710134095,17.676515579223633,17.935544276574305,75751311690
2004-07-27,18.022335052490234,18.28136376913412,17.589727455798105,17.676516895822225,70110776710
2004-07-28,18.022335052490234,18.367705425634597,17.97893939569256,18.15162645583597,66424442861
2004-07-29,17.719465255737305,18.108679079892216,17.719465255737305,18.022335547449202,57120501501
2004-07-30,18.540842056274414,18.713527276940077,18.28136737844967,18.45450038272738,113113363251
2004-08-02,18.49744415283203,18.583787689503623,18.324758953060215,18.540839812946764,52584771024
2004-08-03,19.015945434570312,19.059341089890115,18.540837764307952,18.583785636119362,71687761475
2004-08-04,18.929601669311523,19.01594519535656,18.713522709589824,18.843260016837625,50814051124
2004-08-05,19.44855499267578,19.5778445311842,18.713524846459734,19.015947366759654,74169013338
2004-08-06,19.015945434570312,19.448553016529658,18.929601907439103,19.232026270581372,58624417859
2004-08-09,18.713529586791992,18.929608625922505,18.54084434481141,18.583792231865853,61371221716
2004-08-10,18.713529586791992,18.84326694171813,18.627186029015785,18.713529586791992,21795900924
2004-08-11,18.929601669311523,19.189078157378262,18.929601669311523,18.929601669311523,60926838978
2004-08-12,18.929601669311523,18.929601669311523,18.627179183544786,18.756916490792584,32492619043
2004-08-13,18.929601669311523,19.059340850130464,18.670574838318686,18.670574838318686,36585159046
2004-08-16,18.756921768188477,18.88666098551049,18.756921768188477,18.88666098551049,25559606746
2004-08-17,18.929601669311523,18.972997324085423,18.843260016837625,18.843260016837625,18408142353
2004-08-18,19.361764907836914,19.534897883914905,18.843261546681173,18.929603206164963,77122155631
2004-08-19,20.22608757019043,20.26948323493732,19.707584131970833,19.707584131970833,100609360288
2004-08-20,20.053396224975586,20.2260813904189,20.01000244705858,20.09679187646359,51903182740
2004-08-23,20.312877655029297,20.44216720056494,20.053401123230092,20.053401123230092,44596241037
2004-08-24,20.312877655029297,20.312877655029297,20.312877655029297,20.312877655029297,0
2004-08-25,20.312877655029297,20.312877655029297,20.312877655029297,20.312877655029297,0
2004-08-26,21.004058837890625,21.09084826553054,20.658240730568302,20.658240730568302,137066512391
2004-08-27,20.745031356811523,20.961110288746866,20.745031356811523,20.961110288746866,46286067066
2004-08-30,20.78797721862793,20.874768516470667,20.65823992887709,20.745031226719824,53305372453
2004-08-31,20.312877655029297,20.78798352581871,20.226086330853587,20.658246196704834,58552333124
2004-09-01,20.35582160949707,20.528954583258873,20.269479951168364,20.312875608884916,54005075237
2004-09-02,19.837322235107422,20.269482103311844,19.62124136421948,20.09679689474805,63918998808
2004-09-03,19.18907356262207,19.577837607774523,19.01594064205644,19.53489162035779,126728011270
2004-09-06,19.015945434570312,19.102734871638752,18.71352294499921,18.929601907439103,68694328141
2004-09-07,19.18907356262207,19.18907356262207,18.92959713668605,19.01594064205644,34033030082
2004-09-08,18.972999572753906,19.14568477173939,18.92960391283678,19.14568477173939,35283890157
2004-09-09,18.886655807495117,19.059340987256473,18.79986449732288,18.972997460590218,42881853941
2004-09-10,19.27542495727539,19.405162299169017,19.145687615381767,19.405162299169017,52491370462
2004-09-13,19.837322235107422,19.880716023860106,19.577845701895328,19.837322235107422,82727058838
2004-09-14,19.664634704589844,19.923661550064523,19.62123904738975,19.880713676392226,57759550350
2004-09-15,19.621238708496094,19.707580364305965,19.534897052686222,19.621238708496094,28846800196
2004-09-16,19.621238708496094,19.621238708496094,19.189078898784253,19.232026771714764,38571955299
2004-09-17,19.361764907836914,19.534897883914905,19.232027590056024,19.44855435085982,35446947013
2004-09-20,19.534896850585938,19.62123850550255,19.361763883666086,19.49150119458432,28751638685
2004-09-21,19.880706787109375,19.880706787109375,19.621232248022896,19.880706787109375,50264858982
2004-09-22,19.79392433166504,19.880713772915353,19.577843485242315,19.880713772915353,33621707955
2004-09-23,19.4051570892334,19.491500615154447,19.361763308092954,19.361763308092954,41734597832
2004-09-24,18.886655807495117,19.448552911800128,18.886655807495117,19.448552911800128,77032114486
2004-09-27,18.583786010742188,18.75691710486075,18.411100826569843,18.75691710486075,75683974052
2004-09-28,18.583786010742188,18.583786010742188,18.583786010742188,18.583786010742188,0
2004-09-29,18.454498291015625,18.799866819629806,18.367706970122242,18.367706970122242,40361650413
2004-09-30,18.713529586791992,18.886662612439892,18.627186029015785,18.627186029015785,44969847676
2004-10-01,19.232025146484375,19.232025146484375,18.843259152505134,18.972996453801937,44043250339
2004-10-04,19.664634704589844,19.664634704589844,19.405158202016125,19.44855385921622,86714251491
2004-10-05,19.577844619750977,19.664635939601983,19.491502957027258,19.664635939601983,47380051173
2004-10-06,19.44855499267578,19.664635850642576,19.23202822472645,19.5778445311842,51228958824
2004-10-07,19.44855499267578,19.5778445311842,19.05934302648884,19.5778445311842,47753789553
2004-10-08,18.713529586791992,19.059347854420473,18.54084434481141,18.886662612439892,98761848079
2004-10-11,18.49744415283203,18.670577136161718,18.411102489731807,18.49744415283203,38940151740
2004-10-12,18.411100387573242,18.670575004376634,18.411100387573242,18.49744204081507,55164258373
2004-10-13,18.411100387573242,18.540837695974936,18.367704732413376,18.49744204081507,31834946292
2004-10-14,18.454498291015625,18.627181618537023,18.281365306361543,18.367706970122242,47798054806
2004-10-15,18.36771011352539,18.454501449272023,18.238420550753013,18.36771011352539,42023999488
2004-10-18,18.238412857055664,18.497439656970414,18.238412857055664,18.454493664423083,25372937365
2004-10-19,18.583786010742188,18.67057544956018,18.411100826569843,18.45449648276444,36069093386
2004-10-20,18.49744415283203,18.713525012718577,18.49744415283203,18.583787689503623,45963440121
2004-10-21,18.670570373535156,18.799859866362574,18.36770017669247,18.36770017669247,43541046115
2004-10-22,18.670570373535156,19.015940647982976,18.670570373535156,19.015940647982976,47643991526
2004-10-25,18.670570373535156,18.670570373535156,18.670570373535156,18.670570373535156,0
2004-10-26,18.238412857055664,18.454493664423083,18.238412857055664,18.454493664423083,36858358653
2004-10-27,18.108673095703125,18.238410369691376,17.84919667415596,18.151620955964116,42310081250
2004-10-28,18.583786010742188,18.88665628992712,18.49744248187041,18.62717979336558,102666842616
2004-10-29,18.929601669311523,19.01594519535656,18.713522709589824,18.799864362063722,72732544402
2004-11-01,18.972999572753906,19.18908043165652,18.79986659021259,19.05934310903233,63414805282
2004-11-02,19.44855499267578,19.534898528580264,19.102736812646672,19.189080348551155,91234260777
2004-11-03,20.269481658935547,20.312877320308317,19.664636595427602,19.664636595427602,171405475533
2004-11-04,20.52895736694336,20.701642580587798,20.05340182242327,20.35582436970508,172666648797
2004-11-05,20.61530303955078,20.961119412575393,20.442170024432574,20.745040386586485,126636819579
2004-11-08,20.70163917541504,20.74503483187788,20.485560207283626,20.74503483187788,54924396034
2004-11-09,20.658239364624023,20.701635012360093,20.52894986184693,20.61529337388893,63245113030
2004-11-10,20.745031356811523,20.745031356811523,20.571898417053603,20.65824005842452,81425704318
2004-11-11,20.010005950927734,20.528955231495452,19.96705807538816,20.39921791135352,60703295059
2004-11-12,20.312877655029297,20.615300191766668,20.096796785317945,20.096796785317945,39705844004
2004-11-15,20.52895736694336,20.831379914225167,20.52895736694336,20.701642580587798,55523470022
2004-11-16,20.9177188873291,20.961112667876986,20.615296406126355,20.658242403178235,82531782324
2004-11-17,21.479618072509766,21.479618072509766,20.78798173445957,20.874773051156225,145949055570
2004-11-18,21.8254337310791,22.041512683744525,21.523011255188273,21.6093529048426,135703081123
2004-11-19,21.8254337310791,22.041512683744525,21.565959125056906,21.8254337310791,94392384566
2004-11-22,20.831377029418945,21.349880382141837,20.831377029418945,21.177195192411485,73892522380
2004-11-23,20.9177188873291,21.047456192618977,20.528952881384363,20.9177188873291,58128638244
2004-11-24,21.13379669189453,21.306929641866812,20.787978575421565,20.917717747211135,46604307007
2004-11-25,20.874771118164062,21.263537125998326,20.874771118164062,21.220141471668413,44418372009
2004-11-26,20.399211883544922,21.349874809188556,20.096789457084967,20.96110887361602,42229991004
2004-11-29,20.269481658935547,20.61529985206229,20.183138119760862,20.312877320308317,44086215739
2004-11-30,20.442163467407227,20.485559121570144,20.010003680477208,20.485559121570144,92781796853
2004-12-01,20.053396224975586,20.18313352239975,19.967054579039427,20.01000244705858,47480741449
2004-12-02,20.745031356811523,20.745031356811523,20.31287161936994,20.44216112648918,64620027794
2004-12-03,21.13379669189453,21.177192343648255,20.87476987892901,21.004059393675973,72926775765
2004-12-06,21.13379669189453,21.177192343648255,20.787978575421565,20.917717747211135,57341256884
2004-12-07,21.2635440826416,21.306937877597235,20.91772583250016,21.090856975821485,68897214941
2004-12-08,21.090848922729492,21.177192443171116,20.917717845514588,21.177192443171116,47607520997
2004-12-09,20.831377029418945,20.96111434508981,20.528954524017728,20.787981371827627,63210425407
2004-12-10,20.831377029418945,20.831377029418945,20.312875550267318,20.615298055668536,80976385652
2004-12-13,20.5719051361084,21.04746067806618,20.226086927088957,20.399219923394394,66565011387
2004-12-14,20.78797721862793,20.831372867549298,20.615293936968982,20.745031226719824,37938654785
2004-12-15,21.52301597595215,21.609357644544275,20.87477522863144,20.91772310792007,86281567427
2004-12-16,21.609352111816406,21.609352111816406,21.349877515316486,21.52301046533067,58561691185
2004-12-17,21.52301597595215,21.82543851817501,21.52301597595215,21.56596385524078,42662323757
2004-12-20,21.609352111816406,21.609352111816406,21.177192348774003,21.177192348774003,60753721438
2004-12-21,21.306928634643555,21.565957308935257,21.306928634643555,21.47961379298105,56773111485
2004-12-22,21.52301597595215,21.82543851817501,21.393278644485033,21.436226523773666,96826666077
2004-12-23,21.609352111816406,21.609352111816406,21.349877515316486,21.39327316708071,41782753860
2004-12-24,21.609352111816406,21.825432930123114,21.52301046533067,21.609352111816406,26070216099
2004-12-27,21.56596565246582,21.60935944538559,21.43622831018689,21.60935944538559,8412253410
2004-12-28,21.609352111816406,21.825432930123114,21.565958333623193,21.565958333623193,31476852253
2004-12-29,21.8254337310791,22.041512683744525,21.6093529048426,21.8254337310791,48221824340
2004-12-30,21.8254337310791,22.041512683744525,21.8254337310791,21.8254337310791,50723966064
2004-12-31,21.8254337310791,22.257593509981028,21.8254337310791,21.8254337310791,45287534302
2005-01-03,22.04151725769043,22.257598128766958,21.82543826018537,22.04151725769043,31140095998
2005-01-04,21.436216354370117,21.825428164128244,21.436216354370117,21.609347393006857,33197547587
2005-01-05,20.961111068725586,21.09084836411763,20.961111068725586,21.09084836411763,45343603622
2005-01-06,20.745031356811523,20.917716513124265,20.701635707618024,20.787977348988946,52027134231
2005-01-07,20.658239364624023,20.701635012360093,20.52894986184693,20.658239364624023,52145038772
2005-01-10,20.961111068725586,21.09084836411763,20.658240827133213,20.658240827133213,42064905324
2005-01-11,20.831377029418945,21.004062219149297,20.7450353713394,20.874772687010267,39142041694
2005-01-12,20.312877655029297,20.78798352581871,20.312877655029297,20.658246196704834,49071295621
2005-01-13,20.22608757019043,20.658247462521917,20.096798016732674,20.44216845314196,42903907522
2005-01-14,20.312877655029297,20.355823659967463,19.967059456204073,20.096796785317945,58380111429
2005-01-17,21.13379669189453,21.13379669189453,20.57189963073817,20.658241277203004,49625182164
2005-01-18,21.220136642456055,21.263532286910124,21.004055860548956,21.133793136944192,50467394471
2005-01-19,20.61530303955078,21.30693765917172,20.61530303955078,21.220148196578428,37326191436
2005-01-20,20.745031356811523,20.961110288746866,20.48555677568268,20.48555677568268,47151667938
2005-01-21,20.52895736694336,20.74503824418871,20.52895736694336,20.61530091055134,34275911505
2005-01-24,20.312877655029297,20.571904529678815,20.269481992941444,20.528956651169192,28352792508
2005-01-25,20.5719051361084,20.61530079947549,20.183139047313297,20.183139047313297,44250071829
2005-01-26,21.2635440826416,21.349885762479925,20.70164493072441,20.74504059925178,84585365094
2005-01-27,21.349878311157227,21.393273964539073,21.133797484795863,21.26353666145301,52258477265
2005-01-28,21.609352111816406,22.04151187485881,21.43622103537323,21.43622103537323,96812921013
2005-01-31,22.47367286682129,22.68975180535882,21.825432304066776,21.825432304066776,152370837131
2005-02-01,22.689754486083984,22.905835323721767,22.473675522017384,22.689754486083984,126248497378
2005-02-02,23.121919631958008,23.337998628458053,22.905838761886503,22.905838761886503,127649264280
2005-02-03,23.121919631958008,23.337998628458053,22.689757891815,23.121919631958008,106363439154
2005-02-04,23.121919631958008,23.121919631958008,23.121919631958008,23.121919631958008,0
2005-02-07,23.121919631958008,23.121919631958008,23.121919631958008,23.121919631958008,0
2005-02-08,23.121919631958008,23.121919631958008,23.121919631958008,23.121919631958008,0
2005-02-09,23.121919631958008,23.121919631958008,23.121919631958008,23.121919631958008,0
2005-02-10,23.121919631958008,23.121919631958008,23.121919631958008,23.121919631958008,0
2005-02-11,23.121919631958008,23.121919631958008,23.121919631958008,23.121919631958008,0
2005-02-14,23.5540714263916,23.986231144859122,23.337990630372435,23.5540714263916,166804805119
2005-02-15,23.77014923095703,23.98623001681417,23.554070318670625,23.554070318670625,72234208996
2005-02-16,23.5540714263916,23.77015034883995,23.121911707924085,23.77015034883995,45692838023
2005-02-17,23.121919631958008,23.554079498529557,22.905838761886503,23.554079498529557,51282538224
2005-02-18,23.337995529174805,23.554076370550796,22.90583571999403,23.121916561370025,72099015536
2005-02-21,23.5540714263916,23.5540714263916,23.121911707924085,23.337990630372435,33289870061
2005-02-22,23.337995529174805,23.554076370550796,23.121916561370025,23.337995529174805,30276297793
2005-02-23,23.121919631958008,23.337998628458053,22.689757891815,23.121919631958008,63483267116
2005-02-24,22.90583610534668,23.121916950357875,22.689755260335488,22.90583610534668,45716173892
2005-02-25,23.77014923095703,23.77014923095703,23.337989532813488,23.337989532813488,100432106055
2005-02-28,23.77014923095703,23.77014923095703,23.77014923095703,23.77014923095703,0
2005-03-01,23.467731475830078,23.726760175012487,23.337994171277696,23.554075000081248,45611671886
2005-03-02,23.38139533996582,23.640422226672094,23.337999675858057,23.46773701101073,54573620253
2005-03-03,23.121919631958008,23.337998628458053,22.992180429056436,23.337998628458053,76743661371
2005-03-04,22.689754486083984,22.949230979368263,22.5170693040927,22.905835323721767,79686501453
2005-03-07,22.819499969482422,22.94923919938045,22.60342092802012,22.68976261315624,41530428744
2005-03-08,23.208251953125,23.424332736180403,22.81948603169888,23.121910320724993,39390950305
2005-03-09,22.90583610534668,23.07852129323057,22.776098791063053,22.776098791063053,31971749198
2005-03-10,22.47367286682129,22.819489099887306,22.343935572292807,22.819489099887306,52766961183
2005-03-11,22.689754486083984,22.862439668075268,22.5170693040927,22.5170693040927,32535323155
2005-03-14,22.25759506225586,22.473675903562132,22.17125340657995,22.43028024717889,38227024463
2005-03-15,22.08445930480957,22.257592251387344,22.041511437369497,22.214196600484453,36182466008
2005-03-16,22.47367286682129,22.47367286682129,22.041511242604308,22.041511242604308,51111133328
2005-03-17,21.998117446899414,22.257592035735144,21.91177392939303,22.041511223810893,62232356540
2005-03-18,21.998117446899414,22.214196385252713,21.91177392939303,22.041511223810893,35101998612
2005-03-21,21.86839485168457,21.955184337415467,21.73910338024883,21.955184337415467,52954513236
2005-03-22,21.8254337310791,21.9551710340902,21.565959125056906,21.739090207853696,44011491777
2005-03-23,21.739089965820312,21.825433488084407,21.523011015560616,21.565958884951087,48383695519
2005-03-24,21.86839485168457,22.214211316901984,21.65231389451793,21.695709574169488,44706895386
2005-03-25,22.25759506225586,22.25759506225586,21.99812043813755,21.99812043813755,29554956414
2005-03-28,22.25759506225586,22.34393859150298,22.127857750196707,22.300542935119736,21578933118
2005-03-29,22.08445930480957,22.257592251387344,21.95516979259751,22.257592251387344,25286949476
2005-03-30,21.86839485168457,22.041526039386902,21.82544695579248,21.82544695579248,57722223499
2005-03-31,22.25759506225586,22.300542935119736,21.955172565273674,22.127857750196707,32289271146
2005-04-01,22.733150482177734,22.776098354955646,22.084462049609172,22.257595017705025,44872512425
2005-04-04,22.560014724731445,22.819489316248603,22.517066857263664,22.517066857263664,28863799283
2005-04-05,22.560014724731445,22.560014724731445,22.560014724731445,22.560014724731445,0
2005-04-06,22.25759506225586,22.603413215621284,22.25759506225586,22.38733237431501,32716072938
2005-04-07,22.214197158813477,22.517067408678432,22.214197158813477,22.25759281080707,50403640211
2005-04-08,22.603418350219727,22.603418350219727,22.300548000918067,22.473681008689404,38373156886
2005-04-11,22.430273056030273,22.68974759696101,22.430273056030273,22.68974759696101,30677941288
2005-04-12,22.603418350219727,22.646366232839654,22.25760011829814,22.25760011829814,19729611654
2005-04-13,22.689754486083984,22.733150141730484,22.473675522017384,22.603412831873932,21487076131
2005-04-14,22.1712589263916,22.343944154306772,22.127863259204464,22.343944154306772,49927797525
2005-04-15,22.1712589263916,22.43028583147852,21.825440686930406,21.95517803128929,52396006947
2005-04-18,21.739089965820312,21.825433488084407,21.609352664253652,21.825433488084407,82500076458
2005-04-19,21.652305603027344,21.825438598002687,21.565963934119416,21.652305603027344,53314278200
2005-04-20,21.652305603027344,22.04151759885225,21.565963934119416,22.04151759885225,36464252987
2005-04-21,21.436216354370117,21.69569089420887,21.22013558324873,21.2635312255367,69457763228
2005-04-22,21.436216354370117,21.73908466292623,21.436216354370117,21.6522952519209,47564687339
2005-04-25,21.52301597595215,21.56596385524078,21.328408105179985,21.436226523773666,26072543538
2005-04-26,22.300546646118164,22.387336099755938,21.58788500466746,21.609358007887078,61575799203
2005-04-27,22.560014724731445,22.560014724731445,22.17125062091882,22.517066857263664,65262914721
2005-04-28,22.90583610534668,22.90583610534668,22.25759544388434,22.473676288895536,50355185568
2005-04-29,22.430273056030273,22.56001032649564,22.343931428035503,22.56001032649564,34023149445
2005-05-02,22.430273056030273,22.430273056030273,22.430273056030273,22.430273056030273,0
2005-05-03,22.603418350219727,22.949236582141314,22.560022683978712,22.560022683978712,48265716324
2005-05-04,22.689754486083984,22.905835323721767,22.603412831873932,22.603412831873932,31220693450
2005-05-05,23.294597625732422,23.510676555314674,22.949227316868,22.949227316868,69078812263
2005-05-06,23.59746742248535,23.64041529039281,23.208255531225088,23.294599050507692,58038276527
2005-05-09,23.64042091369629,23.64042091369629,23.294604591552478,23.5974730355729,51938652030
2005-05-10,23.64042091369629,23.770158241643422,23.424341919499614,23.64042091369629,41962019351
2005-05-11,23.165311813354492,23.25165534810543,22.819493637945484,23.1219180277764,53146597206
2005-05-12,23.5540714263916,23.5540714263916,23.208253345504154,23.25164899279236,56783075558
2005-05-13,23.68381118774414,23.85649635453183,23.42433659087577,23.467730369130603,64807210969
2005-05-16,23.68381118774414,23.813548486178327,23.554073889309954,23.77015283435248,36327799197
2005-05-17,23.467731475830078,23.7701539553137,23.424337695528866,23.68381230463363,34232561857
2005-05-18,23.72676658630371,23.77016037833051,23.3813961431175,23.467737817128246,42082145938
2005-05-19,24.375450134277344,24.418396133838755,23.986236322093056,23.986236322093056,111472123607
2005-05-20,24.418397903442383,24.504741439487148,24.20231891869588,24.20231891869588,49192818671
2005-05-23,23.856502532958984,24.332058071601665,23.726765200925044,24.332058071601665,26781931543
2005-05-24,24.375450134277344,24.504739663626193,23.8135511360894,23.856499009222034,58410723837
2005-05-25,24.115968704223633,24.591524075392293,24.02962706566079,24.375445150484456,57040854785
2005-05-26,24.20231819152832,24.245711976452874,23.899893806252148,24.115974658077782,45060152305
2005-05-27,24.548133850097656,24.591529507465562,24.24571134625341,24.24571134625341,44665914896
2005-05-30,24.50473976135254,24.50473976135254,24.288658917832333,24.418396231220754,28950202158
2005-05-31,24.59152603149414,24.67786767692492,24.288655786930576,24.46178873482936,78869368398
2005-06-01,24.159364700317383,24.504735006689724,24.115969051909588,24.332049853503555,57861588784
2005-06-02,24.59152603149414,24.634473899261906,24.37544708939858,24.37544708939858,67194816351
2005-06-03,24.9368953704834,24.9802910199948,24.591525055327857,24.677866697331286,65016333549
2005-06-06,25.110027313232422,25.110027313232422,24.764209228376806,24.850550866947625,59845128818
2005-06-07,24.85056495666504,25.066645877676752,24.720827596749864,25.066645877676752,75422326007
2005-06-08,25.152982711791992,25.282720037009867,24.936901848569526,24.936901848569526,84948744176
2005-06-09,25.0666446685791,25.282725579168083,24.764222074630204,25.282725579168083,56691036329
2005-06-10,25.110027313232422,25.282712463944904,24.980290026875444,25.196368951803244,105148682926
2005-06-13,25.6455135345459,25.78677002608754,25.17497912335418,25.410245357554242,69491925975
2005-06-14,25.6455135345459,25.88077976874596,25.59826484287108,25.73952133441272,44913267908
2005-06-15,25.880775451660156,25.880775451660156,25.59826057291064,25.645509256704063,45102875760
2005-06-16,26.304058074951172,26.351306756799563,25.880774386257222,26.06879188968,49491777256
2005-06-17,26.727832794189453,27.05710874433046,26.30406141115777,26.35131009899883,53602356374
2005-06-20,26.774599075317383,26.821845826174595,26.44532308470161,26.727836079588403,43774458123
2005-06-21,26.25730323791504,26.774598714736634,26.257303237915036,26.774598714736634,29415958543
2005-06-22,26.774599075317383,26.915855572760783,26.351313338115418,26.351313338115418,41546281468
2005-06-23,26.91584587097168,27.05710231749934,26.821836158271196,26.963094547589833,49408583340
2005-06-24,26.63382911682129,26.86909536827998,26.53933172653953,26.821846673139095,37381755119
2005-06-27,26.586576461791992,26.586576461791992,26.163292717060713,26.445319980927263,33091091201
2005-06-28,26.539329528808594,26.586578220036795,26.25730224629079,26.492568478267003,32658503329
2005-06-29,25.83352279663086,26.774589374581858,25.786761760635606,26.774589374581858,119284584828
2005-06-30,25.928020477294922,26.21004963956712,25.786764018661163,26.11603991880972,42307439722
2005-07-01,26.21005630493164,26.21005630493164,25.645514081825667,25.928027070937823,20424031174
2005-07-04,25.928020477294922,26.30405741753337,25.88077373941856,26.068791238142214,19522557421
2005-07-05,25.598264694213867,25.928026367056937,25.598264694213867,25.928026367056937,20550143649
2005-07-06,25.692760467529297,25.786770210861338,25.504255282962113,25.692760467529297,53365764787
2005-07-07,25.692760467529297,25.786770210861338,25.17497930374422,25.692760467529297,60616153071
2005-07-08,25.31622886657715,25.551495020009884,25.26898019112289,25.504246344555625,72912106836
2005-07-11,26.727832794189453,26.727832794189453,25.6455114536672,25.6455114536672,108679945147
2005-07-12,26.86909294128418,27.198368912555235,26.821844250411115,26.821844250411115,76117239035
2005-07-13,26.727832794189453,26.963100952091438,26.63382500195043,26.821842529219914,47584695158
2005-07-14,26.821840286254883,26.869088970144787,26.44531762255081,26.821840286254883,30317490848
2005-07-15,26.63382911682129,26.91585642269387,26.58658042168041,26.86909536827998,27211882278
2005-07-18,26.63382911682129,26.63382911682129,26.63382911682129,26.63382911682129,0
2005-07-19,26.445316314697266,26.633821457532214,26.35130659217758,26.539324094425773,31257029623
2005-07-20,26.539329528808594,26.963102885011,26.445321729830383,26.492568478267003,65479613711
2005-07-21,26.539329528808594,27.009863935552595,26.21005549785417,26.21005549785417,63424102491
2005-07-22,26.774599075317383,26.774599075317383,26.16329578773472,26.539330888496117,43749540098
2005-07-25,26.398561477661133,26.586579024095364,26.35131278500399,26.586579024095364,24601317660
2005-07-26,26.163286209106445,26.821836006444965,26.163286209106445,26.351303690652152,66825500732
2005-07-27,24.98647117614746,25.739518487120765,24.93971013033654,25.410242546686614,122266751309
2005-07-28,25.362995147705078,25.362995147705078,24.84569975611849,25.033719215778703,76499842386
2005-07-29,25.033720016479492,25.645510855297587,25.03372001647949,25.41024270288496,41934635454
2005-08-01,25.080963134765625,25.362992292506966,24.98646771773985,25.033716397648295,18557408454
2005-08-02,25.83352279663086,25.833522796630856,25.221732089995275,25.362990479050843,45061843410
2005-08-03,26.304058074951172,26.398555438647957,25.928021125314423,26.116040571528394,59730275041
2005-08-04,25.739513397216797,26.30405543418966,25.739513397216797,26.30405543418966,36365791448
2005-08-05,25.739513397216797,25.739513397216797,25.739513397216797,25.739513397216797,0
2005-08-08,25.127721786499023,25.362989882546806,25.08096075160353,25.221731496813447,70687652410
2005-08-09,24.939714431762695,25.221741734390736,24.845704683289444,25.03372418023595,60719869436
2005-08-10,24.845705032348633,25.316239479255128,24.751209584618145,25.127732338938895,49252872868
2005-08-11,25.22173500061035,25.22173500061035,24.892459091296143,24.939707773278855,33853893091
2005-08-12,25.22173500061035,25.551498550515745,25.17497395921883,25.26898368259306,38507261071
2005-08-15,24.939714431762695,25.12773198591748,24.469181934258494,25.080970932041545,51535837393
2005-08-16,24.939714431762695,25.12773198591748,24.75120923688653,25.12773198591748,31214533475
2005-08-17,24.798444747924805,24.939701173107718,24.61042535093476,24.704435049429783,40079514004
2005-08-18,24.46918296813965,24.93971548552497,24.469182968139652,24.7984589792777,38514103281
2005-08-19,24.28067398071289,24.375169416379627,24.045407758690764,24.375169416379627,42894422739
2005-08-22,24.46918296813965,24.56319077779324,24.327924519100577,24.421934271545965,21801291569
2005-08-23,24.46918296813965,24.657200530238626,24.421934271545965,24.469182968139652,28805441837
2005-08-24,24.23390769958496,24.375164153314863,24.139897982091206,24.375164153314863,27495679260
2005-08-25,24.375167846679688,24.5159386239698,24.045406210226652,24.0926529536217,23316013057
2005-08-26,24.845705032348633,25.033724531936638,24.327923832972765,24.375172528233882,37548418982
2005-08-29,24.1398983001709,24.704440367550667,24.045402883662415,24.61043064881819,38574733797
2005-08-30,24.045412063598633,24.421934837260416,24.045412063598636,24.421934837260416,47672464489
2005-08-31,25.410242080688477,25.410242080688477,24.045405902478887,24.045405902478887,60381322224
2005-09-01,25.410242080688477,25.410242080688477,25.410242080688477,25.410242080688477,0
2005-09-02,24.75119972229004,25.03371455703807,24.610428974054464,24.939704844703044,60075576635
2005-09-05,24.515939712524414,24.751205929842254,24.51593971252441,24.657196193929778,24361010117
2005-09-06,24.563186645507812,24.798454807412913,24.515939899654285,24.70444507078286,19749540219
2005-09-07,24.46918296813965,24.610439474386922,24.421934271545965,24.515944023991352,16220889832
2005-09-08,24.421939849853516,24.657206162284243,24.37517878332094,24.469188557239455,22802431148
2005-09-09,24.28067398071289,24.657196686964895,24.233912932149753,24.515940202735024,28265634941
2005-09-12,24.798444747924805,24.939701173107718,24.61042535093476,24.704435049429783,48137107447
2005-09-13,25.17498779296875,25.221748860055655,24.79846493756232,24.79846493756232,80149601150
2005-09-14,25.362995147705078,25.362995147705078,25.127727002817476,25.174975688044864,47095472940
2005-09-15,25.362995147705078,25.410241890141133,25.080965958214758,25.31623410310236,35857932990
2005-09-16,24.75119972229004,25.456998197230703,24.751199722290043,25.362990427686647,48407006712
2005-09-19,25.033720016479492,25.174976493263728,24.610434341184263,24.75120512011962,38608752463
2005-09-20,25.22173500061035,25.410240145158802,24.704441587338877,24.84569804990462,48550504926
2005-09-21,25.22173500061035,25.22173500061035,24.986468814670378,25.22173500061035,17546722820
2005-09-22,24.515939712524414,24.89246241124762,24.421929976611935,24.845701363619497,66175382015
2005-09-23,24.186656951904297,24.469171777992052,23.951390800802653,24.28066666135753,38302580282
2005-09-26,23.998640060424805,24.421925675011416,23.763373884546002,24.23390817909473,41551404761
2005-09-27,24.23390769958496,24.327915474287643,23.951392849334084,24.045402566827843,40158053043
2005-09-28,24.092655181884766,24.32792141051546,23.810140262697747,24.13990387244108,36602111187
2005-09-29,25.37761116027832,25.426320832801405,24.84180864810769,24.9392260503622,50183179
2005-09-30,25.962125778198242,25.962125778198242,25.52374066000086,25.572450333444092,52606810
2005-10-03,25.71857452392578,26.01083253177754,25.669864855950486,26.01083253177754,37066503
2005-10-04,26.30309295654297,26.30309295654297,25.81599813884615,25.81599813884615,61584074
2005-10-05,26.400508880615234,26.692766920466624,26.3030914767898,26.3030914767898,65270754
2005-10-06,26.156963348388672,26.254382698326207,26.059543998451137,26.205673023357438,31700637
2005-10-07,26.254377365112305,26.400504417543157,26.010830982533303,26.010830982533303,39124185
2005-10-10,26.254377365112305,26.2543773651123,26.2543773651123,26.2543773651123,0
2005-10-11,25.767284393310547,26.156959797367307,25.669865056598486,26.156959797367307,34435849
2005-10-12,25.231487274169922,25.52374340345111,25.182777595491075,25.52374340345111,49680260
2005-10-13,25.036643981933594,25.13406332147984,24.93922464238735,25.08535365170672,36270824
2005-10-14,24.890514373779297,25.280187806590735,24.84180470898003,25.18277041978355,40166618
2005-10-17,24.403419494628906,24.939221918018916,24.40341949462891,24.890514196358193,37037227
2005-10-18,24.598257064819336,25.036642117337284,24.549547398673848,24.598257064819332,35050644
2005-10-19,24.135517120361328,24.403420283508062,24.135517120361328,24.403420283508062,58063640
2005-10-20,24.500843048095703,24.598260451005707,23.867619243826493,24.159875338139845,53103456
2005-10-21,23.965030670166016,24.23293183952469,23.721482386393557,23.721482386393557,32710658
2005-10-24,24.500843048095703,24.69567979670738,24.25729468384152,24.306004356692355,43110943
2005-10-25,24.74437713623047,25.13405238201985,24.74437713623047,25.08534273344734,37500414
2005-10-26,24.74437713623047,25.08534273344734,24.549538541940425,24.74437713623047,28925694
2005-10-27,24.159873962402344,24.64696872038237,24.111164292325185,24.35471264271098,34633461
2005-10-28,24.549549102783203,25.182772863838377,24.403422036994733,24.403422036994733,64097625
2005-10-31,25.32889747619629,25.572445800238842,24.939222100519558,25.18277042456211,63756769
2005-11-01,25.231487274169922,25.57245308212996,25.231487274169922,25.57245308212996,27323881
2005-11-02,25.66987419128418,25.718583876973668,25.377618019939433,25.47503739131841,38550167
2005-11-03,26.05953025817871,26.1082399074646,25.91340325311179,25.962112902397678,50505214
2005-11-04,26.400508880615234,26.497928227232364,26.254381803481234,26.3030914767898,61786915
2005-11-07,26.497920989990234,26.49792098999023,26.205664972752935,26.400501669980745,42838049
2005-11-08,26.54663848876953,26.546638488769528,26.25438238523393,26.49792881438164,42921695
2005-11-09,26.936307907104492,26.985017570580975,26.449213215130957,26.49792287860744,74806353
2005-11-10,27.22856903076172,27.277278703335906,26.985022610682456,27.13115162840501,69350569
2005-11-11,27.76436996459961,27.764369964599606,27.27727524343345,27.27727524343345,96114025
2005-11-14,27.76436996459961,27.861789297391123,27.472113909016482,27.569531299016578,62320156
2005-11-15,27.76436996459961,27.764369964599606,27.27727524343345,27.27727524343345,56931288
2005-11-16,27.666954040527344,27.861792730115557,27.033732184948953,27.76437338532145,36987039
2005-11-17,27.325990676879883,27.666956470818352,27.082444236292922,27.666956470818352,27130451
2005-11-18,27.81307601928711,27.959203056707423,27.715656699146127,27.76436635921662,52759463
2005-11-21,28.202760696411133,28.39759745842218,28.00792199160828,28.00792199160828,67668246
2005-11-22,28.251462936401367,28.251462936401364,27.910497235535484,28.202753273021766,35614206
2005-11-23,29.079530715942383,29.32307715192217,28.641145576945327,28.73856492845396,99635505
2005-11-24,29.079530715942383,29.22565780041354,28.93340168867943,29.079530715942383,61217079
2005-11-25,28.787269592285156,29.0795276156522,28.738561864515564,29.0795276156522,23042272
2005-11-28,28.98210906982422,29.17694581462382,28.884689726028597,29.030818741722026,29944080
2005-11-29,28.15403938293457,28.884680338356315,28.15403938293457,28.348878007202238,38924481
2005-11-30,28.98210906982422,29.128238085517648,28.446304621739944,28.446304621739944,52173944
2005-12-01,28.884689331054688,29.225655086885297,28.884689331054684,28.982108673518177,57002387
2005-12-02,29.51790428161621,29.61532360134075,29.274357925096023,29.32306758495829,72773765
2005-12-05,30.199848175048828,30.199848175048828,29.371787552377977,29.71275334827918,46885451
2005-12-06,30.443389892578125,30.540809231372073,29.420492663616255,29.420492663616255,59293230
2005-12-07,30.443389892578125,30.93048464375634,30.15113381898781,30.443389892578125,43699599
2005-12-08,30.0537109375,30.443386303949822,29.712745234705324,30.443386303949822,38101617
2005-12-09,29.615325927734375,29.81016458248875,29.37177955208271,29.761454918800155,41409801
2005-12-12,29.810165405273438,29.907582792548116,29.274361032701577,29.615326745141356,32498407
2005-12-13,30.199848175048828,30.199848175048828,29.517914640454585,29.81017270219148,45184308
2005-12-14,29.761451721191406,30.004998070676134,29.566613087370744,30.004998070676134,47646626
2005-12-15,29.664031982421875,29.71274164018433,29.420485636400677,29.71274164018433,32392805
2005-12-16,30.199848175048828,30.34597526312544,29.71275334827918,29.71275334827918,43199817
2005-12-19,30.443389892578125,30.443389892578125,30.102424149590835,30.2972608843872,36789427
2005-12-20,30.345970153808594,30.345970153808594,30.053714084070364,30.199843090335232,26550159
2005-12-21,30.686925888061523,30.686925888061523,30.248542897767113,30.39466991360162,33167572
2005-12-22,29.315771102905273,29.880313384796622,29.221761348451498,29.880313384796622,21024968367
2005-12-23,31.125322341918945,31.12532234191894,30.394681163933164,30.589519847551557,35697852
2005-12-26,30.021554946899414,30.115562705673124,29.457011039825378,30.115562705673124,12674941534
2005-12-27,31.076608657836914,31.32015698090851,30.784352612942342,31.076608657836914,21372497
2005-12-28,30.930477142333984,30.930477142333988,30.49209216687218,30.49209216687218,20573681
2005-12-29,30.686925888061523,30.93047415243717,30.492089219351882,30.93047415243717,55692287
2005-12-30,30.443389892578125,30.686936296771464,30.345970553784174,30.63822662737449,29157811
2006-01-02,29.712745666503906,30.10242103861666,29.22565096566513,30.10242103861666,30366490
2006-01-03,30.63823127746582,30.638231277465817,29.46920680567687,29.71275324683426,71325650
2006-01-04,30.88177490234375,30.88177490234375,30.19984341795942,30.735645894493594,55262558
2006-01-05,31.17403221130371,31.17403221130371,30.492100699880776,30.88177612680697,44492141
2006-01-06,31.904666900634766,31.904666900634766,31.51499155301614,31.563701214317373,68933386
2006-01-09,33.171112060546875,33.317241043545074,32.19692466893252,32.19692466893252,78626866
2006-01-10,32.48918533325195,33.12240713111812,32.245638936255304,33.12240713111812,46107547
2006-01-11,32.050804138183594,32.148223485873245,31.22274356840497,32.148223485873245,69942361
2006-01-12,31.904666900634766,32.39176157085585,31.709830198221063,32.39176157085585,48264558
2006-01-13,31.41758918762207,31.661137625580114,31.07662331727307,31.563718250396896,38442473
2006-01-16,31.125322341918945,31.320161025537335,30.930485601092148,31.076612671014345,37459637
2006-01-17,31.466291427612305,31.807259160051593,31.222744990090327,31.222744990090327,39285202
2006-01-18,30.0050048828125,30.540809304673683,29.90758554378473,30.199843560868032,82601078
2006-01-19,30.199848175048828,30.73565073598279,29.858882379147627,30.10242882113653,54131251
2006-01-20,30.443389892578125,30.686936296771464,30.24855315778176,30.686936296771464,36743422
2006-01-23,30.102432250976562,30.29726903820882,29.907593520952243,30.0050128859644,28493874
2006-01-24,30.15113639831543,30.492102170471185,30.053717051187583,30.102426724751506,40324499
2006-01-25,30.930477142333984,30.930477142333988,30.345963194121225,30.686928854415726,41525859
2006-02-03,30.88177490234375,31.417577378877926,30.345970483018043,31.17403097525253,82349095
2006-02-06,32.39176559448242,32.39176559448242,30.005003550991653,30.686935008334313,54588165
2006-02-07,31.661113739013672,31.807242691542253,31.17401917337587,31.17401917337587,41847894
2006-02-08,30.735647201538086,31.661127071695706,30.6869375301833,31.661127071695706,36292781
2006-02-09,30.686925888061523,31.2714397797722,30.492089219351882,31.174020474021944,38461293
2006-02-10,30.49209213256836,30.735638477421567,30.199836130186302,30.686928819892714,39062496
2006-02-13,30.394678115844727,30.540807113904176,30.199841394556863,30.24855106057668,27026939
2006-02-14,30.345970153808594,30.345970153808594,30.00500441531541,30.199843090335232,48076355
2006-02-15,29.85887908935547,30.443391262845186,29.761459746176644,30.443391262845186,38611855
2006-02-16,30.394678115844727,30.638224503152408,30.005002730477596,30.151131728537045,44765035
2006-02-17,30.0537109375,30.63822301577908,30.00500127384486,30.443386303949822,33274220
2006-02-20,30.540809631347656,30.540809631347653,29.90758586368554,29.95629553372044,23522189
2006-02-21,30.248558044433594,30.784360608776105,30.199848367167576,30.638231576978047,32982506
2006-02-22,30.15113639831543,30.540811844035108,29.858880299723594,30.39468282334334,37527599
2006-02-23,29.615325927734375,30.102420621829005,29.4691988794599,30.05371095814041,43459118
2006-02-24,29.712745666503906,29.858874659592942,29.371779958754168,29.615326337777887,46726524
2006-02-27,29.664031982421875,29.71274164018433,29.371775978638222,29.71274164018433,45298276
2006-03-01,29.420495986938477,29.615332743743487,29.176947612442518,29.371786312039283,57964311
2006-03-02,30.540809631347656,30.589519301382552,29.95629553372044,29.95629553372044,80870659
2006-03-03,30.102432250976562,30.49210776823314,29.907593520952243,30.49210776823314,44579969
2006-03-06,29.664031982421875,30.053707301730434,29.566612666896965,30.053707301730434,28457279
2006-03-07,29.274354934692383,29.66403023099367,29.274354934692383,29.66403023099367,37496232
2006-03-08,28.738567352294922,29.225660265336433,28.68985767243238,29.17695058547389,62459217
2006-03-09,29.12824058532715,29.176948318613462,28.738565119494037,28.738565119494037,28139426
2006-03-10,29.90758514404297,30.297260552154142,29.128236270612142,29.128236270612142,65318851
2006-03-13,29.90758514404297,30.053714150631478,29.61532907365747,29.90758514404297,18581870
2006-03-14,29.22565269470215,29.712747424358234,29.12823530300409,29.712747424358234,34625097
2006-03-15,29.761451721191406,30.199836704496796,29.664032404281077,29.956288412220967,32314387
2006-03-16,29.469200134277344,30.1998412351348,29.46920013427734,29.956292906321387,37898776
2006-03-17,29.566617965698242,29.664037298682224,29.22565224304574,29.371781242521706,42512877
2006-03-20,29.32307243347168,29.566618830261795,29.27436276555536,29.566618830261795,35351768
2006-03-21,29.469200134277344,29.615327188773996,29.176942139701243,29.225651805463926,39790213
2006-03-22,29.030813217163086,29.27435958751367,28.982103554534717,29.2256499248853,46207921
2006-03-23,29.030813217163086,29.371778912770406,28.83597456664961,29.128232542419827,39473405
2006-03-24,29.12824058532715,29.323077346847803,28.982111557092807,29.030821233170922,22809110
2006-03-27,29.371782302856445,29.566619033066676,29.32307263460601,29.517909364816244,25907134
2006-03-28,29.90758514404297,29.956294812905806,29.371782672134806,29.61532907365747,41086719
2006-03-29,30.15113639831543,30.15113639831543,29.566622258340058,29.712751279031824,46391942
2006-03-30,30.63823127746582,30.68694095425566,30.248557748730722,30.44339451309827,91007461
2006-03-31,31.27145004272461,31.563706113099794,30.686935959182712,30.686935959182712,91399549
2006-04-03,31.563705444335938,31.661124779994076,31.07661070883672,31.271449380152998,37725212
2006-04-04,31.41758918762207,31.563718250396896,31.222752380047897,31.51500856280529,26653671
2006-04-06,32.09950637817383,32.09950637817383,31.61241169532247,31.661121357886735,65636704
2006-04-07,32.83014678955078,33.02498544753064,31.95337865701544,32.1482173149953,68181621
2006-04-10,32.63532638549805,32.8301612436751,32.34306826985587,32.53790701361732,47331909
2006-04-11,32.19692611694336,32.53789181648239,32.00208746418318,32.4404724901023,33915155
2006-04-12,32.53789138793945,32.78143581509948,31.709831010197284,31.709831010197284,55796844
2006-04-13,32.73273468017578,32.78144046404905,32.294347655068655,32.63531534126309,39164962
2006-04-14,33.12240982055664,33.12240982055664,32.44047829936209,32.6353169870129,38892068
2006-04-17,33.02499008178711,33.17111909577767,32.83015139646637,33.12240942444748,35193887
2006-04-18,33.07369613647461,33.17111546848207,32.58660336202007,33.02498647047087,29590677
2006-04-19,33.80433654785156,34.047884872876715,33.56078822282641,33.56078822282641,57104852
2006-04-20,34.04789352416992,34.09660320155169,33.70692578249757,33.70692578249757,38494751
2006-04-21,33.7556266784668,34.09659433143756,33.70691701375669,33.80433634317691,39472359
2006-04-24,33.2198371887207,33.75563982360168,33.17112750504205,33.317256556078014,41773659
2006-04-25,32.63532638549805,33.171129045257636,32.53790701361732,33.171129045257636,36433933
2006-04-26,33.6095085144043,33.706927875216174,32.44048395582965,32.53790331664153,37492050
2006-04-27,32.73273468017578,33.56079128976752,32.73273468017578,33.463375836437905,50857571
2006-04-28,33.171112060546875,33.560785462959664,32.6353096751359,33.07369273854808,46648106
2006-05-02,32.73273468017578,32.8301501335054,32.39176699398135,32.4404766634377,52414425
2006-05-03,32.63532638549805,33.171129045257636,32.63532638549805,32.8301612436751,41723472
2006-05-04,32.87885665893555,33.12240498292808,32.830146994137046,33.12240498292808,25590326
2006-05-05,33.365936279296875,33.853028793121524,33.12238807959419,33.17109771953473,55011621
2006-05-08,33.80433654785156,34.047884872876715,33.56078822282641,33.901755877861625,41549907
2006-05-09,33.12240982055664,33.65821232601309,32.976280804818536,33.65821232601309,42165748
2006-05-10,32.39176559448242,32.878858382417775,31.709834137139758,32.878858382417775,75295680
2006-05-11,32.44047927856445,32.44047927856445,31.75854773678608,31.75854773678608,42994885
2006-05-12,31.61241912841797,31.855965555713606,31.563709454400495,31.66112880243544,57094397
2006-05-15,30.78435707092285,31.125322829808077,30.73564739925473,30.97919575759534,61700133
2006-05-16,30.394678115844727,31.076609554539353,30.345968449824912,30.833063167231675,58757899
2006-05-17,31.027902603149414,31.17403161399368,30.589519456199742,30.68693685397102,33387142
2006-05-18,29.409774780273438,29.504270213161714,29.174508565168857,29.363013733085214,58946971613
2006-05-19,29.409774780273438,29.692289683217876,29.174508565168857,29.409774780273438,45212447317
2006-05-22,29.615325927734375,30.589515315923634,29.56661626404578,30.54080565223504,66874659
2006-05-23,29.761451721191406,30.0537077291313,29.128230046856455,29.274357079430853,60425583
2006-05-24,29.712745666503906,30.053711374253652,29.323070294391155,29.76145533086692,58294711
2006-05-25,29.12824058532715,29.664043136602803,29.128240585327152,29.46920637508215,53210104
2006-05-26,28.98210906982422,29.517911575116855,28.884689726028597,29.22565548652163,62662057
2006-05-29,28.32744598388672,28.79797832252066,28.139426550422982,28.23343626715485,35559318188
2006-05-30,29.32307243347168,29.81016716984339,29.128235704597877,29.22565309763904,34352203
2006-06-01,29.90758514404297,30.248552826082822,29.5179097359318,29.956294812905806,47066334
2006-06-02,30.443389892578125,30.443389892578125,30.053714480193857,30.24855315778176,46201648
2006-06-05,29.420495986938477,30.63823008825125,29.225657287341708,30.540812681244624,55459125
2006-06-06,29.615325927734375,29.81016458248875,29.22565056101693,29.37177955208271,54823419
2006-06-07,29.274354934692383,29.61532057610714,29.274354934692383,29.469193554238505,33273175
2006-06-08,27.22856903076172,29.079528817414126,27.228569030761722,29.03081914483994,80875887
2006-06-09,28.495014190673828,28.689852877561034,27.715663328708246,28.251467774856444,71531628
2006-06-12,28.007915496826172,28.543719867994028,27.764369115090613,28.251463821353088,55858533
2006-06-13,27.37468910217285,27.861783725935844,27.32597944551745,27.76436441262504,54639398
2006-06-14,28.300180435180664,28.641146230448886,27.374700460315612,27.374700460315612,58904278
2006-06-15,27.666954040527344,28.641143602885105,27.618244368130288,28.592433930488053,45438382
2006-06-16,28.933393478393555,29.030812802257984,28.689847111523708,28.98210314032577,57760425
2006-06-19,28.933393478393555,29.0795224641902,28.738556773455926,29.030812802257984,67351439
2006-06-20,28.648696899414062,29.172440507963216,28.386826109199234,28.858195559705425,91355412
2006-06-21,28.962934494018555,29.06768481162801,28.59631548080191,28.648689625547146,34227699
2006-06-22,30.219919204711914,30.272293355018128,29.434306950118703,29.64380355134356,42459279
2006-06-23,29.643810272216797,29.853306920938937,29.277191136953057,29.853306920938937,29058725
2006-06-26,29.85330581665039,30.115176617866332,29.329564214218507,29.329564214218507,24011566
2006-06-27,30.062801361083984,30.377046311081045,29.748556411086923,30.062801361083984,37100479
2006-06-28,29.381929397583008,29.696174263032855,29.224806964858086,29.32955525334137,57331751
2006-06-29,29.69617462158203,29.748548766456036,29.38192975233802,29.38192975233802,51614615
2006-06-30,30.58653450012207,30.63891067211448,30.272289636881318,30.58653450012207,71963641
2006-07-03,30.638916015625,30.79603644652865,30.481791528482727,30.638916015624996,30083993
2006-07-04,30.796030044555664,31.057902783274336,30.69128378843464,30.900780356914463,30927555
2006-07-05,30.219919204711914,30.79603485808027,30.1675450544057,30.743662735893256,23413662
2006-07-06,29.905681610107422,30.115178262521244,29.74855912079706,30.06280409941779,39664663
2006-07-07,29.800926208496094,29.958048660502083,29.43430715381545,29.90567450983342,39109394
2006-07-10,29.800926208496094,29.958048660502083,29.172436400472133,29.329558852478126,41145718
2006-07-11,29.53905487060547,29.800925618766634,29.434306571341,29.53905487060547,26654930
2006-07-12,29.905681610107422,30.377049078038517,29.696184957693607,30.272300751831608,52523144
2006-07-13,29.486677169799805,29.748547886423058,29.48667716979981,29.643799599773757,19841467
2006-07-14,28.858184814453125,29.067681368619617,28.80580864779275,28.910558952994748,52402345
2006-07-17,28.17733383178711,28.753449659297466,27.967837167237892,28.648701327022856,56417131
2006-07-18,28.33445930480957,28.43920764808088,28.229710961538263,28.282085133173915,29474923
2006-07-19,28.17733383178711,28.648701327022856,28.177333831787113,28.38683049633633,32017790
2006-07-20,29.434307098388672,29.48668124895871,28.91056559268828,29.0676880443984,48255594
2006-07-21,28.753442764282227,29.329560481760577,28.64869445712604,29.329560481760577,43132301
2006-07-24,27.70595932006836,27.758333472942006,27.391714402826473,27.70595932006836,74943008
2006-07-25,28.17733383178711,28.543952994748246,28.020211333375197,28.439204662473635,43911911
2006-07-26,28.089340209960938,28.402013350793094,27.98511515364375,28.402013350793094,39066183301
2006-07-27,28.24541664123535,28.297790801437362,27.985117632904828,28.089342698455535,52802041866
2006-07-28,28.49156951904297,28.543943668067115,28.229698773922227,28.334447071970523,41668503
2006-07-31,28.70107078552246,29.06769191646909,28.386825840242054,28.96294157325614,39760084
2006-08-01,28.858184814453125,28.96293106341762,28.701060370709506,28.75343450925113,21196648
2006-08-02,28.753442764282227,28.910567253135834,28.543946149969855,28.753442764282227,22049346
2006-08-03,28.753442764282227,29.015313532172687,28.596320303547948,28.910567253135834,32050274
2006-08-04,28.753442764282227,29.015313532172687,28.596320303547948,28.85819309955774,35807220
2006-08-07,28.596323013305664,28.96294212309276,28.491574696223637,28.96294212309276,21937683
2006-08-08,29.067689895629883,29.067689895629883,28.596320482360255,28.70106879017143,21339779
2006-08-09,29.224817276000977,29.27719143872135,28.805821946118336,28.85819813695839,51550663
2006-08-10,29.748546600341797,29.85329488246265,29.22480518973755,29.22480518973755,60819692
2006-08-11,30.062801361083984,30.167549677749673,29.85330472775261,30.115175519416827,46873006
2006-08-14,30.16754913330078,30.324671605463642,30.010426661137917,30.062800818525538,25133270
2006-08-15,30.16754913330078,30.324671605463642,30.010426661137917,30.27229744807602,20543928
2006-08-16,30.900779724121094,31.00552800621595,30.63890901888396,30.796029413907398,58560042
2006-08-17,31.26740837097168,31.476904999881704,31.057911742061656,31.4245308426542,62238825
2006-08-18,31.21503257751465,31.581651658889754,31.110284268550334,31.529277504407595,57626135
2006-08-21,30.32467269897461,31.16266127551398,30.16755022114589,31.057912956961502,41619
2006-08-22,30.796030044555664,30.796030044555664,30.37703690759601,30.37703690759601,20302
2006-08-23,30.429410934448242,30.848406097939613,29.958043657154185,30.79602992789917,32399474
2006-08-24,29.800926208496094,30.167545263176738,29.696177907158766,29.958048660502083,36856851
2006-08-25,29.85330581665039,30.167550778109522,29.696183335920825,29.85330581665039,24699815
2006-08-28,29.434307098388672,29.853300302948988,29.277184646678556,29.853300302948988,26852877
2006-08-29,29.591432571411133,29.7485550391636,29.486684259576155,29.69618088324611,26054996
2006-08-30,30.010417938232422,30.27228864905451,29.85329551173917,30.06279208039684,26826484
2006-08-31,30.429410934448242,30.743657814096487,30.377036792526678,30.481785076369803,40281854
2006-09-01,30.796030044555664,30.848406214794508,30.53415933395588,30.53415933395588,29076998
2006-09-04,31.05790138244629,31.110275522203974,30.848404823415542,30.953153102930916,26855923
2006-09-05,30.69129180908203,31.110285055538448,30.638917653274977,31.110285055538448,15028800
2006-09-06,30.27229881286621,30.743668278725398,29.958053854373127,30.638919959227707,25035819
2006-09-07,29.905681610107422,30.010429936314335,29.74855912079706,29.74855912079706,23380164
2006-09-08,29.548480987548828,29.861156114951143,29.496106838946396,29.496106838946396,30968925561
2006-09-11,29.486677169799805,30.377037606318858,29.434303026475156,29.800922029747706,36606117
2006-09-12,29.69617462158203,29.905671201078043,29.434303897212022,29.59142633183403,28685163
2006-09-13,30.58653450012207,30.58653450012207,30.1675413491344,30.272289636881318,45216335
2006-09-14,30.58653450012207,30.900781391481775,30.1675413491344,30.900781391481775,40731551
2006-09-15,30.74733543395996,30.74733543395996,30.330437171713204,30.486511125036575,42647055608
2006-09-18,31.372150421142578,31.47689871468181,31.110279687294504,31.16265383406412,61945456
2006-09-19,31.686397552490234,31.89589415444954,31.581649251510587,31.686397552490238,51626796
2006-09-20,31.372150421142578,31.47689871468181,31.16265383406412,31.424524567912194,34033812
2006-09-21,31.686397552490234,31.79114585346989,31.42452680004111,31.686397552490238,34170852
2006-09-22,31.26740837097168,31.52927915710921,31.162660056516668,31.372156685426692,28759266
2006-09-25,31.26740837097168,31.4245308426542,31.00553758483415,31.26740837097168,16036811
2006-09-26,31.686397552490234,31.79114585346989,31.52927510102076,31.52927510102076,26138235
2006-09-27,31.895889282226562,31.94826342471603,31.63401856977922,31.89588928222656,35342297
2006-09-28,31.895889282226562,32.000637567205494,31.791140997247624,31.89588928222656,74300439
2006-09-29,31.26740837097168,31.791149943246744,31.00553758483415,31.738775786019236,46391840
2006-10-02,31.52927589416504,31.686398349587055,31.16265683151366,31.319779286935677,44685429
2006-10-03,31.42453384399414,31.58165633068334,31.215037195075205,31.42453384399414,31465567
2006-10-04,30.638916015625,31.424528310739802,30.638916015624996,31.424528310739802,46779615
2006-10-05,31.791156768798828,31.843530937271055,31.21504091560436,31.21504091560436,45036660
2006-10-09,31.791156768798828,31.79115676879883,31.79115676879883,31.79115676879883,0
2006-10-11,31.738771438598633,31.895893888759293,31.634023138491525,31.791145588652185,38087172
2006-10-12,31.948266983032227,32.00064113135499,31.738770389741155,31.948266983032223,31482824
2006-10-13,33.10050582885742,33.20525414308079,32.3672656011743,32.3672656011743,78219804
2006-10-16,34.043243408203125,34.147991724651774,33.152880690270045,33.51949979784034,80407380
2006-10-17,32.94337463378906,33.6242384959415,32.89100049054657,33.51949020945651,38272938
2006-10-18,32.47201156616211,32.6815081663679,32.210138787785674,32.52438571621355,36902531
2006-10-19,31.948266983032227,32.36726016961436,31.84351868638669,32.10538942800053,38504385
2006-10-20,32.36725997924805,32.41963615538189,32.05301509115966,32.05301509115966,19804923
2006-10-23,32.05302429199219,32.21014678113845,31.895901802845927,31.94827596589468,12936645
2006-10-24,32.99575424194336,33.10050254577725,32.31488823890377,32.31488823890377,52962690
2006-10-25,32.62913131713867,32.943376191452096,32.472008879981956,32.943376191452096,39131727
2006-10-26,32.04987716674805,32.883673535384176,32.04987716674805,32.571000404175464,33418405823
2006-10-27,32.733882904052734,32.943379508019376,32.57676045107775,32.681508753061074,38132852
2006-10-30,31.791156768798828,32.31489845352108,31.79115676879883,32.21015011657663,60226864
2006-10-31,31.948266983032227,32.15776357632329,31.895892834709457,31.948266983032223,27665986
2006-11-01,31.52927589416504,32.21013986766045,31.476901742357697,32.15776571585311,54269145
2006-11-02,31.843528747558594,32.05302540704151,31.372161263722038,31.42453542859277,38329785
2006-11-03,32.00064468383789,32.21014130038577,31.529277296605144,31.529277296605144,59433042
2006-11-06,31.686397552490234,31.843520003959714,31.581649251510587,31.581649251510587,36353353
2006-11-07,31.738771438598633,32.105390488973505,31.68639728854508,31.948268038812845,40351897
2006-11-08,31.63402557373047,31.94827049824287,31.634025573730465,31.84352219007207,28891231
2006-11-09,31.686397552490234,32.105390756408845,31.686397552490238,31.948268304939365,42639970
2006-11-10,31.843528747558594,32.000651242170775,31.581657923204954,31.68640625294641,32187315
2006-11-13,31.42453384399414,31.73877881737254,31.372159681764405,31.68640465514281,27048795
2006-11-14,31.843528747558594,31.843528747558594,31.529283758334223,31.529283758334223,24290723
2006-11-15,32.36725997924805,32.576758599426086,32.105389239174386,32.262511683218584,52333317
2006-11-16,32.57676315307617,32.83863392975469,32.47201484240477,32.73388561908328,36581754
2006-11-17,32.68151092529297,32.89100754318415,32.472014307401786,32.73388507976576,30150991
2006-11-20,32.57676315307617,32.62913730841188,32.262516192942556,32.62913730841188,34728151
2006-11-21,32.99575424194336,32.99575424194336,31.42452765631565,31.42452765631565,44474285
2006-11-22,32.99575424194336,33.04812839386031,32.78625763427557,32.99575424194336,36937045
2006-11-23,33.25762176513672,33.36237005877727,33.048125177855624,33.15287347149617,44517935
2006-11-24,33.20525360107422,33.362376069844586,32.995756976047055,33.15287944481742,24710981
2006-11-27,33.83374786376953,33.886122026818285,33.46712872242825,33.571877048525764,43691630
2006-11-28,33.51950454711914,33.62425287840927,33.31000788453887,33.51950454711914,34585020
2006-11-29,33.7813720703125,33.88612039135448,33.20525630458158,33.72899790979151,64572577
2006-11-30,34.305118560791016,34.305118560791016,33.729000718957735,33.99087154337297,73244718
2006-12-01,34.828853607177734,34.828853607177734,33.83374263492149,34.252737902677445,70899799
2006-12-04,34.72409439086914,34.9335909448872,34.462223698346556,34.67172025236462,51629842
2006-12-05,35.03834915161133,35.352594071694064,34.82885253822284,35.30021991834694,47807928
2006-12-06,35.56208801269531,35.61446216210667,35.247843116227166,35.30021726563852,48948919
2006-12-07,35.09071731567383,35.45733632652914,34.88122073804222,35.40496218212124,35983850
2006-12-08,34.619361877441406,35.09072933861452,34.04324609156315,35.09072933861452,38821101
2006-12-11,34.828853607177734,34.881227762132305,34.147989592768305,34.252737902677445,35027611
2006-12-12,33.62424850463867,34.82885618590222,33.46712602814163,34.82885618590222,42079625
2006-12-13,33.99086380004883,34.04323998112003,33.205251505770356,33.781367188241234,39262677
2006-12-14,33.57187271118164,34.20036461468789,33.57187271118164,34.14799045840566,23654245
2006-12-15,33.99086380004883,34.305110745879524,33.781367188241234,34.04323998112003,34750484
2006-12-18,34.88123321533203,35.090729867902226,34.20036909447889,34.20036909447889,33957678
2006-12-19,34.095619201660156,34.514612487549776,34.04324504092395,34.514612487549776,36219358
2006-12-20,33.93849182128906,34.35748709986553,33.8337435086748,34.35748709986553,33437938
2006-12-21,33.99086380004883,34.40985905178332,33.93848964709693,33.93848964709693,34600247
2006-12-22,34.357479095458984,34.357479095458984,34.09560837493247,34.305104951353684,9512657
2006-12-25,34.095619201660156,34.30511584460496,33.99086885206814,34.25274168386876,4135584
2006-12-26,34.56697082519531,34.61934496195717,34.04322945757681,34.04322945757681,19243564
2006-12-27,34.7764778137207,34.881226118694606,34.566981203772905,34.566981203772905,23128415
2006-12-28,34.619361877441406,34.98598101390939,34.619361877441406,34.82885852685168,20507384
2006-12-29,35.35259246826172,35.35259246826172,34.30510944882832,34.67172850563001,30997598
2007-01-02,35.457340240478516,35.61446269104614,35.24784363972168,35.509714390667725,26292533
2007-01-03,35.61446762084961,35.981086722921994,35.35259683365505,35.509719305971785,42463339
2007-01-04,35.457340240478516,35.66683684123535,35.40496609028931,35.457340240478516,22444226
2007-01-05,35.03834915161133,35.45734237838831,34.82885253822284,35.352594071694064,30905222
2007-01-08,34.46223068237305,34.828849726202726,34.40985653325452,34.61935312972862,24350615
2007-01-09,34.56697082519531,34.82884150900457,34.514596688433464,34.514596688433464,26319941
2007-01-10,33.62424850463867,34.252740438746386,33.51950018697398,34.252740438746386,74638473
2007-01-11,34.46223068237305,34.933598024439775,33.88611301395011,33.88611301395011,69732415
2007-01-12,36.190582275390625,36.400078898910174,35.090725001912986,35.352595781312424,134447109
2007-01-15,36.242950439453125,36.55719532278033,36.03345385056832,36.34769873389553,70399346
2007-01-16,36.81906509399414,36.9238133741517,36.1905713568112,36.24294549688998,76456547
2007-01-17,37.13330841064453,37.18568254857406,36.242944009605175,36.60956703134929,49354965
2007-01-18,37.10503387451172,37.36533486766657,36.948434674805775,37.00080882629651,55236218231
2007-01-19,36.55720138549805,37.13332115671426,36.400078917776945,36.400078917776945,47456698
2007-01-22,36.138206481933594,36.76669632401268,36.085832328427,36.661948016999496,55429423
2007-01-23,36.03345489501953,36.138203192498125,35.71921000258374,36.03345489501953,39219027
2007-01-24,36.923831939697266,37.290451104587234,36.661957051393344,37.18570277176153,80198266
2007-01-25,37.185691833496094,37.290440135509826,36.976195229468644,37.133317682489235,39276889
2007-01-26,35.61446762084961,35.82396425060526,35.09072604646049,35.09072604646049,123692965
2007-01-29,35.928714752197266,36.03346307345034,35.614469788438036,35.771592270317655,46715662
2007-01-30,35.43743896484375,35.59351084363247,35.385064816679396,35.43743896484375,40901509938
2007-01-31,35.30022048950195,35.71921372305821,34.51460817658396,35.61446541466915,84426227
2007-02-01,35.09071731567383,35.509710470937044,34.93359488245012,35.509710470937044,34083552
2007-02-02,35.50971603393555,35.61446433916136,35.300219423483924,35.50971603393555,52608414
2007-02-05,35.50971603393555,35.71921264438716,35.24784527087102,35.50971603393555,26738169
2007-02-06,36.08582305908203,36.08582305908203,35.509707518496015,35.61445579860256,36294476
2007-02-07,36.03345489501953,36.34769978745532,35.87633244880164,36.24295148997672,31078807
2007-02-08,35.8239631652832,36.29533056795287,35.61446654187446,36.29533056795287,42722194
2007-02-09,35.61446762084961,36.033460880360906,35.35259683365505,35.82396425060526,60761830
2007-02-12,35.09071731567383,35.56208461534494,34.82884659363432,35.09071731567383,52307939
2007-02-13,34.46223068237305,35.14309462091388,34.46223068237305,34.828849726202726,59982220
2007-02-14,35.24784851074219,35.24784851074219,34.776481093899434,35.09072603846127,36108710
2007-02-26,36.08582305908203,36.242945479241854,35.98107477897548,36.19057133918858,92771500
2007-02-27,36.295326232910156,36.71431942968392,36.08582963452328,36.13820378412,77431059
2007-03-01,34.93360137939453,35.61446538332421,34.93360137939453,34.93360137939453,93824176
2007-03-02,34.81209182739258,34.91631687830573,34.5512675727198,34.707866776479435,32609394488
2007-03-05,32.98789978027344,34.08252247674402,32.98789978027344,33.87407236299447,76199105583
2007-03-06,34.095619201660156,34.35749000534117,33.1528822802889,33.1528822802889,68872611
2007-03-07,34.305118560791016,34.6193635500893,34.14799606614187,34.6193635500893,52956599
2007-03-08,34.51459884643555,34.56697298647205,34.04323158610696,34.56697298647205,42735391
2007-03-09,34.828853607177734,34.933601917086875,34.514608677450305,34.881227762132305,38752073
2007-03-12,35.195472717285156,35.195472717285156,34.776479477345895,34.88122778733071,36451819
2007-03-13,36.190582275390625,36.190582275390625,35.50971824895209,35.61446656071186,88232914
2007-03-14,35.56208801269531,35.71921046092939,35.30021726563852,35.352591415049886,49611790
2007-03-15,36.138206481933594,36.29532894245337,35.876335714400646,35.92870986790724,39083001
2007-03-16,36.138206481933594,36.242954788946776,35.876335714400646,36.138206481933594,32378157
2007-03-19,36.138206481933594,36.190580635440185,35.92870986790724,36.138206481933594,24381068
2007-03-20,36.242950439453125,36.40007288111673,36.13820214501072,36.13820214501072,27396980
2007-03-21,36.504825592041016,36.661948052713846,36.347703131368185,36.504825592041016,36829443
2007-03-22,36.766685485839844,37.080934370482986,36.714311347772224,36.97618609434775,64008173
2007-03-23,36.661949157714844,36.76669746798721,36.5048266923063,36.71432331285103,52240942
2007-03-26,36.661949157714844,36.76669746798721,36.609579058817445,36.661949157714844,17781796
2007-03-27,36.242950439453125,37.028566704009314,36.242950439453125,36.66194361722274,47981513
2007-03-28,35.77157974243164,36.13819873842048,35.61445731557928,35.82395388471576,37260867
2007-03-29,35.981082916259766,36.19057952385147,35.35259309348467,35.35259309348467,58493045
2007-03-30,35.56208801269531,35.87633290916346,35.4573397138726,35.61446216210667,40987360
2007-04-02,35.71921157836914,35.928708182568464,35.35259252102033,35.50971497416982,25540332
2007-04-03,35.61446762084961,35.771590093166346,35.45734514853287,35.66684177828852,27851752
2007-04-04,36.295326232910156,36.45244868170032,35.61446228815281,35.61446228815281,57533759
2007-04-09,36.138206481933594,36.557199709986314,35.98108402141383,36.40007724946655,43425670
2007-04-10,35.8763427734375,36.24296192011969,35.719220282002276,36.24296192011969,38949006
2007-04-11,36.295326232910156,36.34770038250688,35.928707185733124,35.928707185733124,30941767
2007-04-12,35.8763427734375,36.29533608393143,35.77159444581402,35.8763427734375,29913454
2007-04-13,35.77157974243164,36.34769530755696,35.6668314578634,36.29532116527284,15635840
2007-04-16,35.35259246826172,36.190578883808435,35.35259246826172,35.98108227992176,26257004
2007-04-17,35.61446762084961,36.13820919523872,35.509719305971785,35.981086722921994,29041468
2007-04-18,35.928714752197266,35.98108891282381,35.40497314593189,35.40497314593189,47689159
2007-04-19,35.30022048950195,35.87633618564181,35.19547218111289,35.87633618564181,71378934
2007-04-20,35.35259246826172,35.562089072148396,35.24784416631838,35.300218317290046,36506635
2007-04-23,35.928714752197266,36.242959715956495,35.5620956278115,35.614469788438036,50902003
2007-04-24,36.55720138549805,36.66194969731211,35.92871151461364,36.03345982642771,62405304
2007-04-25,36.295326232910156,36.504822831297034,35.98108133532984,36.34770038250688,26780804
2007-04-26,36.60957717895508,36.923822093636026,36.50482481782285,36.8714479411892,54886335
2007-04-27,36.138206481933594,36.661948016999496,35.98108402141383,36.60957791973156,37065965
2007-04-30,35.981082916259766,35.981082916259766,35.56208970107637,35.981082916259766,41678654
2007-05-02,35.61446762084961,35.981086722921994,35.61446762084961,35.981086722921994,49526520
2007-05-03,35.8239631652832,35.92871147698757,35.61446654187446,35.61446654187446,63168671
2007-05-04,36.190582275390625,36.242956431270514,35.82396318423142,35.8763373401113,43466274
2007-05-07,35.8763427734375,36.452458575366656,35.82396860962576,36.400084411554914,40177297
2007-05-08,35.61446762084961,35.87633840804417,35.509719305971785,35.87633840804417,29353109
2007-05-09,35.61446762084961,35.87633840804417,35.45734514853287,35.5620934634107,33224764
2007-05-10,35.8763427734375,35.98109110106098,35.77159444581402,35.8763427734375,38463780
2007-05-11,35.35259246826172,35.61446322312007,35.35259246826172,35.35259246826172,48734729
2007-05-14,35.195472717285156,35.45734349224719,34.98597609731552,35.35259518226238,59656368
2007-05-15,34.828853607177734,35.195472691859734,34.724105297268586,35.038350226996016,52371892
2007-05-16,34.88123321533203,35.090729867902226,34.77648488904693,35.090729867902226,41476646
2007-05-17,35.457340240478516,35.66683684123535,35.14309533934326,35.19546948953247,50899973
2007-05-18,35.8763427734375,36.085839428684466,35.719220282002276,36.033465264872724,83547136
2007-05-21,36.242950439453125,36.34769873389553,35.87633140890471,36.03345385056832,69019803
2007-05-22,35.8239631652832,36.1905822562485,35.823963165283196,36.13820810039631,27513718
2007-05-23,36.08582305908203,36.242945479241854,36.03344891902876,36.08582305908203,61157725
2007-05-24,35.8763427734375,36.085839428684466,35.719220282002276,35.8763427734375,44111889
2007-05-25,35.30022048950195,35.509717106280085,35.03834971852929,35.404968797891016,68090971
2007-05-28,35.404964447021484,35.56208689029651,35.35259029926314,35.56208689029651,30897102
2007-05-29,35.928714752197266,35.928714752197266,35.50972146718496,35.5620956278115,50855308
2007-05-30,35.61446762084961,35.87633840804417,35.35259683365505,35.5620934634107,48759092
2007-05-31,35.71921157836914,35.98108233361829,35.71921157836914,35.87633403151863,48873800
2007-06-01,36.03345489501953,36.138203192498125,35.92870659754094,36.03345489501953,65352187
2007-06-04,36.190582275390625,36.400078898910174,36.138208119510736,36.138208119510736,65067954
2007-06-05,36.138206481933594,36.29532894245337,35.98108402141383,36.190580635440185,46546138
2007-06-06,36.08582305908203,36.3476937593484,35.92870063892221,36.138197199135305,90103773
2007-06-07,36.138206481933594,36.138206481933594,35.876335714400646,35.98108402141383,90202240
2007-06-08,35.988426208496094,36.31859366119926,35.933396179421365,36.31859366119926,143994171
2007-06-11,36.09847640991211,36.31858801080289,36.04344638939887,36.31858801080289,52761870
2007-06-12,35.65825653076172,36.0984840664978,35.65825653076172,36.04345403431255,58542485
2007-06-13,35.27305221557617,35.65824750129596,35.162994299365785,35.65824750129596,53593156
2007-06-14,35.768306732177734,35.82333675571289,35.54819511919973,35.603225142734885,63326163
2007-06-15,36.153507232666016,36.20853726085503,35.933395601073265,36.153507232666016,76806520
2007-06-20,37.584232330322266,37.69428811979707,36.593725984468406,36.593725984468406,156874548
2007-06-21,38.07949447631836,38.18955029172676,37.254073740464506,37.74932703009315,144017402
2007-06-22,37.96943664550781,38.354634099281924,37.584239191733694,38.354634099281924,61035331
2007-06-25,38.73983383178711,38.73983383178711,37.91440885061218,37.96943887892318,98997697
2007-06-26,38.02445602416992,38.51971344465807,37.96943024894727,38.46468342885471,43949034
2007-06-27,38.24457931518555,38.409660913671274,37.74932603856528,37.969437663600615,45260101
2007-06-28,38.73983383178711,38.84988964782743,38.29960632704415,38.62977801574679,76420675
2007-06-29,39.01496887207031,39.069994650462796,38.464685644659774,39.069994650462796,65587704
2007-07-02,39.06999588012695,39.06999588012695,38.46468685527282,39.01497010000262,34884691
2007-07-03,39.1800537109375,39.56525115408984,39.1250279279622,39.1250279279622,45479286
2007-07-04,39.56525802612305,39.62028805923774,39.29011634171365,39.510232233590386,45053037
2007-07-05,39.29011535644531,39.40017541991475,38.95994788778279,39.29011535644531,49550867
2007-07-06,38.794857025146484,39.06999866713828,38.57474540778559,39.01497288308875,41337000
2007-07-09,39.620277404785156,39.62027740478516,38.684796777473586,38.79485257352538,54256770
2007-07-10,39.620277404785156,39.95044479294053,39.29010577604889,39.62027740478516,83992138
2007-07-11,39.840389251708984,39.950445048464694,39.29010602734951,39.510221861441856,62059539
2007-07-12,39.455204010009766,40.11554323476104,39.18006231298155,39.89543157337136,66911902
2007-07-13,40.17056655883789,40.22559659109141,39.62028743921256,40.00548494324128,87624340
2007-07-16,39.89542770385742,40.17056513361744,39.40017439347484,40.17056513361744,47211551
2007-07-17,40.0054817199707,40.06050750720878,39.23508677398455,40.06050750720878,30858563
2007-07-18,39.06999588012695,39.7303349256865,39.06999588012695,39.51022332402701,42577363103
2007-07-19,38.51972198486328,38.684803587712196,38.189550298002175,38.46469195685922,66622013
2007-07-20,38.189544677734375,38.51971631600488,37.85937728004489,38.51971631600488,70424916
2007-07-23,37.804351806640625,37.9144076191062,37.58424018170947,37.804351806640625,55621371
2007-07-24,39.235076904296875,39.235076904296875,37.969428988636935,37.969428988636935,79181188726
2007-07-25,38.29960250854492,38.519718359261525,38.134520921234035,38.464688336437064,43271279
2007-07-26,37.52920150756836,38.5197120726845,37.47417573430558,38.5197120726845,74248020
2007-07-27,35.21803283691406,35.988427835294296,35.21803283691406,35.76831194962714,259580202
2007-07-30,35.768306732177734,35.93339256220189,34.722772329950914,34.83283025673057,124382706
2007-07-31,35.768306732177734,35.87836253866674,35.54819511919973,35.768306732177734,108052949
2007-08-01,33.732269287109375,35.49317085251446,33.732269287109375,35.21803130810171,184354436
2007-08-02,35.10797119140625,35.10797119140625,33.95238093600158,34.1174646524049,96617978
2007-08-03,35.16299819946289,35.49316774413384,34.61271703853842,35.43813984007046,43447030
2007-08-06,34.4476318359375,34.88785716968843,34.337576032572414,34.39260393425496,51372018
2007-08-07,33.732269287109375,34.61272006981192,33.677241378226825,34.55769216092937,68951228
2007-08-08,34.55769348144531,34.55769348144531,33.45713102115796,33.7872984870696,79317547
2007-08-09,35.10797119140625,35.383112839035846,34.77780163830889,35.273057028100304,50910417
2007-08-10,33.842315673828125,34.28254094249911,33.62220409963777,33.62220409963777,79525621
2007-08-13,34.117462158203125,34.44763168716301,33.897348432133,34.39260378571812,60228287
2007-08-14,34.06243896484375,34.502664357541036,33.84232520834967,34.22752269199616,42393530
2007-08-15,33.56718444824219,33.842323983538435,33.40209860677365,33.842323983538435,70863285
2007-08-16,32.52165222167969,33.07193560676998,32.24651264942562,33.01690557202809,116610239
2007-08-17,32.46662139892578,33.18198846328719,32.24650976083974,32.521649308447294,77250950
2007-08-20,34.227516174316406,34.282544072888676,33.457123474014196,34.117460377171874,62321146
2007-08-21,34.06243896484375,34.11746687389455,33.29204399755077,33.84232520834967,50454877
2007-08-22,33.51215744018555,33.842324891398164,33.40209950282382,33.842324891398164,36245251
2007-08-23,34.55769348144531,34.66774930341586,34.282551806228,34.3926097484895,81387175
2007-08-24,33.89734649658203,34.66774131340175,33.842318598279256,34.66774131340175,55273907
2007-08-27,33.89734649658203,34.44762972019066,33.78729069997649,34.33757392358512,39349188
2007-08-28,33.787296295166016,33.84232420258143,33.34707091555189,33.45712885067353,37855298
2007-08-29,33.12696075439453,33.18198866424931,32.796791174974956,32.796791174974956,51182125
2007-08-30,33.29203796386719,33.567179579546774,33.23701006478937,33.45712378139113,32552446
2007-08-31,34.502662658691406,34.502662658691406,33.34707026465125,33.34707026465125,57537468
2007-09-03,34.4476318359375,34.50265973762004,34.00740650218657,34.50265973762004,29107106
2007-09-04,33.89734649658203,34.392601821887894,33.78729069997649,34.007404413478035,18916538
2007-09-05,34.00740051269531,34.50265366090323,33.95237262070445,34.44762576891237,30499989
2007-09-06,34.227516174316406,34.447629888895946,33.622207169731,34.00740458002734,39366359
2007-09-07,34.117462158203125,34.55768749005278,33.84232053068812,34.55768749005278,26939502
2007-09-10,33.677242279052734,33.73227018940722,33.181988965571485,33.73227018940722,33192828655
2007-09-11,33.732269287109375,33.842325104874476,33.45712974269662,33.842325104874476,19271072
2007-09-12,33.842315673828125,34.00740147476117,33.56717620609018,33.56717620609018,31121180
2007-09-13,33.34708023071289,33.84233365608634,33.2370243851391,33.84233365608634,31171684
2007-09-14,34.00740051269531,34.00740051269531,33.5121473644874,33.78728682444167,46905501
2007-09-17,33.457130432128906,34.11746747261758,33.29204458178856,34.11746747261758,29274777
2007-09-18,33.457130432128906,33.457130432128906,33.457130432128906,33.457130432128906,0
2007-09-19,33.787296295166016,34.33757960990178,33.45712885067353,34.28254958219555,87697065
2007-09-20,33.56718444824219,34.17249354618472,33.51215654118294,33.952381917947726,67565415811
2007-09-21,33.842315673828125,34.00740147476117,33.56717620609018,33.842315673828125,30268684
2007-09-26,33.842315673828125,34.00740147476117,33.56717620609018,33.56717620609018,87819283
2007-09-27,34.9979133605957,34.9979133605957,33.95237897646871,34.22751848792812,75288389
2007-09-28,34.9979133605957,35.16299706747135,34.72277172884568,34.9979133605957,66759382
2007-10-01,35.16299819946289,35.32808403194371,34.94288658320937,34.94288658320937,59374780
2007-10-02,35.71327590942383,35.933387491340035,35.49316220721726,35.71327590942383,110099346
2007-10-03,35.768306732177734,35.93339256220189,35.603225142734885,35.93339256220189,78886249
2007-10-04,35.32808303833008,35.76830625845569,35.16299721049235,35.32808303833008,40264309
2007-10-05,35.54819869995117,35.76831033510091,35.21803124722657,35.32808706480144,27759677
2007-10-08,35.768306732177734,36.09847839222604,35.49316721595523,36.043448368690896,64394814
2007-10-09,35.65825653076172,35.933398210524025,35.21803323560761,35.933398210524025,42308685
2007-10-11,34.832828521728516,35.76830495058017,34.66774269992719,35.76830495058017,81860897
2007-10-12,33.732269287109375,34.44763634316427,33.677241378226825,34.44763634316427,79288255
2007-10-15,34.61271667480469,34.61271667480469,33.67723807497653,33.73226597846163,90365662
2007-10-16,34.33757400512695,34.557685598860736,34.00740449423581,34.00740449423581,80164994188
2007-10-17,34.117462158203125,34.5026595886079,33.897348432133,34.5026595886079,47351950
2007-10-18,34.61271667480469,34.61271667480469,34.00740761617784,34.28254713360338,32670623
2007-10-19,34.117462158203125,34.612715391497666,34.06243425675824,34.612715391497666,26892029
2007-10-22,33.34708023071289,33.34708023071289,32.796798882552544,33.01691057370012,80311453
2007-10-23,33.842315673828125,33.95237358121358,33.34706251160955,33.34706251160955,35098825
2007-10-24,33.457130432128906,34.172495382634054,33.34707249180504,33.897353712260745,33074650
2007-10-25,33.62220001220703,33.732255785922796,33.23700268391185,33.292030570769725,46308551
2007-10-26,33.89734649658203,34.007404413478035,33.5671791067654,33.5671791067654,72908671
2007-10-29,35.16299819946289,35.21802822381695,34.11746378167733,34.11746378167733,83796185
2007-10-30,34.66773986816406,35.43813465286736,34.5026561801378,35.43813465286736,38215892
2007-10-31,35.10797119140625,35.32808493356807,34.667745827373345,35.21802912263253,48506457
2007-11-01,35.32808303833008,35.43813884336148,34.887857697913844,35.43813884336148,54973917971
2007-11-02,33.89734649658203,34.99791082350883,33.842318598279256,34.66774131340175,60329294
2007-11-05,34.392608642578125,34.392608642578125,33.292044097389024,34.11746697620813,64364512822
2007-11-06,34.4476318359375,34.66774344266767,34.117462305551655,34.39260393425496,32956472
2007-11-07,34.66773986816406,35.107965156524465,34.6127119721553,35.107965156524465,71047117
2007-11-08,34.06243896484375,34.28255060104696,33.787297299298864,33.84232520834967,58650562
2007-11-09,34.28255081176758,34.83283414623971,33.84232541636441,33.89735332575344,69057285
2007-11-12,33.89734649658203,34.17248810838635,33.78729069997649,33.89734649658203,77819618
2007-11-13,33.95237350463867,33.95237350463867,33.567176130384034,33.84231559750144,53703253
2007-11-14,33.842315673828125,34.77779410471769,33.787287780280536,34.55768253052733,76601477
2007-11-15,33.51215744018555,33.8973527999336,33.51215744018555,33.56718534872098,49587229
2007-11-16,33.29203796386719,33.40209376202282,33.0168963481876,33.40209376202282,49988226
2007-11-19,33.29203796386719,34.11746069061545,33.23701006478937,33.29203796386719,71248120
2007-11-20,33.29203796386719,33.45712378139113,32.906840550031966,33.0168963481876,64323100
2007-11-21,32.24650955200195,33.347071975886365,32.24650955200195,33.29204406672123,83413370
2007-11-22,32.96186828613281,33.071926204034774,31.586164455117913,31.916333968242824,55509253
2007-11-23,32.79678726196289,33.126956801989664,32.631703552094834,33.016898875120305,54809277
2007-11-26,33.62220001220703,33.62220001220703,33.0168890161903,33.0719190233382,146777924701
2007-11-27,32.52165222167969,33.07193560676998,32.35656847832725,32.741765999774024,83528517
2007-11-28,32.19147872924805,32.63170408301604,32.19147872924805,32.19147872924805,54263840
2007-11-29,33.01689910888672,33.01689910888672,32.3565621444485,32.46661795180643,59114183
2007-11-30,33.34708023071289,33.34708023071289,32.63171511419186,32.63171511419186,47288316
2007-12-03,32.9068489074707,33.45713227858678,32.7967930813639,33.402102245242354,40504705
2007-12-04,33.181983947753906,33.457125578210004,32.41158907870931,32.90684231729781,41376393
2007-12-05,33.51215744018555,33.62221325725642,32.96187411424948,33.12695996014664,113492161
2007-12-06,34.06243896484375,34.06243896484375,33.56718566309566,33.84232520834967,93817062
2007-12-07,34.4476318359375,34.94288507137097,34.337576032572414,34.39260393425496,165686374
2007-12-10,33.62220001220703,34.66773410308682,33.62220001220703,34.66773410308682,75090416
2007-12-11,34.502662658691406,34.502662658691406,33.677239822989975,33.732267729331305,77784265
2007-12-12,33.732269287109375,34.282550496225745,33.51215765157917,34.117466769578094,118280890
2007-12-13,33.402095794677734,33.897349036806794,33.402095794677734,33.56718162224783,139614519
2007-12-14,32.9068489074707,33.292046419135545,32.46662348275245,33.292046419135545,153675665
2007-12-17,32.74175262451172,32.79678051648321,32.41158315239257,32.52163893633555,67113915
2007-12-18,32.35655212402344,32.79677733741348,32.24649635074843,32.466607897298445,82978031368
2007-12-19,32.57667922973633,33.01690250444188,32.35656547209267,33.01690250444188,87625350
2007-12-20,32.46662139892578,32.576679338259694,32.35656557988276,32.576679338259694,56875874
2007-12-21,32.46662139892578,32.79679097634573,32.46662139892578,32.576679338259694,77640836
2007-12-24,32.57667922973633,32.906846685765494,32.41159338143086,32.741762957750915,36075560
2007-12-25,32.79678726196289,32.85181516525225,32.521645625225474,32.74175935867354,25618334
2007-12-26,32.74175262451172,32.851808408454694,32.30152736844959,32.74175262451172,24080002286
2007-12-27,33.95237350463867,33.95237350463867,32.79678138187475,33.01689295556868,127516944
2007-12-28,33.29203796386719,34.39260230629503,33.29203796386719,33.842319074935865,74708611
2007-12-31,32.74175262451172,32.851808408454694,32.30152736844959,32.74175262451172,24080002
2008-01-02,33.29203796386719,34.11746069061545,33.12695426663373,34.11746069061545,39300705
2008-01-03,32.686729431152344,33.01689683044177,32.686729431152344,32.9618689305602,35123067
2008-01-04,33.01689910888672,33.23701284389323,32.19147843341162,32.63170378313398,48851900
2008-01-07,30.705717086791992,31.916337349650007,30.705717086791992,31.366056183002073,104088436
2008-01-08,30.81578254699707,31.14595005549648,30.540640836289676,30.70572459053938,47704464
2008-01-09,31.366058349609375,31.36605834960938,29.990354277817573,30.265493820001424,45426762
2008-01-10,30.650686264038086,31.58616479436395,30.430574666451058,31.366053196776924,61813083
2008-01-11,30.265485763549805,30.87079683580658,30.100402082183564,30.87079683580658,72260208
2008-01-14,30.210466384887695,31.25600302243984,30.100410566289852,31.090917174252198,77963047
2008-01-15,31.641199111938477,31.861312874464414,30.375552928505318,30.485608749622823,98374485
2008-01-16,30.485597610473633,30.925822854380435,30.21045603792307,30.59565339137779,79288255
2008-01-17,30.100406646728516,31.035885223577452,29.990350842461726,30.595659886219682,51692209
2008-01-18,30.045377731323242,30.210461432156027,29.330010787133435,29.715208209367137,66086677
2008-01-21,29.330013275146484,30.100408184965115,29.33001327514648,30.045380280019604,43136940
2008-01-22,27.293975830078125,28.119396630975064,27.29397583007812,27.29397583007812,88136444
2008-01-23,28.064363479614258,28.284477206973925,27.73419606901065,28.06436347961426,78966044
2008-01-24,29.55012321472168,29.9903485179583,29.219953707221606,29.9903485179583,72080416
2008-01-25,30.540632247924805,30.815773881259318,30.265490614590288,30.265490614590288,50756887
2008-01-28,29.825265884399414,30.485604969813032,29.715210076927367,30.485604969813032,39967349
2008-01-29,31.366058349609375,31.36605834960938,30.595663390912893,30.760747116223204,58653592
2008-01-30,31.8062801361084,32.081419647139406,31.366054798168175,31.641194309199182,111730604
2008-01-31,32.96186828613281,32.96186828613281,31.531136556312177,31.641192353923653,172864922
2008-02-01,33.787296295166016,34.227521674780135,33.23701510072106,33.56718466550436,135886361
2008-02-12,33.01689910888672,33.18198494021427,32.85181539784983,32.85181539784983,104072274
2008-02-13,32.96186828613281,33.567179413576895,32.96186828613281,33.567179413576895,52671974
2008-02-14,34.117462158203125,34.117462158203125,33.12695569161404,33.12695569161404,73558144
2008-02-15,33.842315673828125,33.95237358121358,33.51214831254259,33.56717620609018,30468677
2008-02-18,33.01689910888672,34.00740773598004,32.85181539784983,33.842321904652486,52548746
2008-02-19,33.842315673828125,33.842315673828125,33.01689303003374,33.457120418995004,20237706
2008-02-20,33.62220001220703,33.78728367278068,32.851805355616655,33.78728367278068,41368312
2008-02-21,34.06243896484375,34.17249478294535,33.62221357214646,33.84232520834967,40795604
2008-02-22,33.51215744018555,33.56718534872098,33.071932051611206,33.51215744018555,37511876
2008-02-25,33.677242279052734,33.84232601011618,33.347072696634925,33.56718645834378,40391577
2008-02-26,34.33757400512695,34.3926019035604,33.842318678645,34.00740449423581,59821230
2008-02-27,34.9979133605957,34.9979133605957,34.50266011967815,34.55768802197003,94417042
2008-02-29,33.89734649658203,34.942882925206064,33.89734649658203,34.44762972019066,64072603
2008-03-03,33.402095794677734,33.402095794677734,33.016898357401665,33.07192838011878,47462048
2008-03-04,34.61271667480469,34.6677445782898,33.07192901634967,33.07192901634967,74207617
2008-03-05,34.832828521728516,34.94288432273571,34.392603197409215,34.94288432273571,70510771
2008-03-06,35.71327590942383,35.71327590942383,34.942881132136385,34.942881132136385,64834194
2008-03-07,35.21803283691406,35.493172393270605,34.83283533772394,34.997919071537865,53416394
2008-03-10,33.677242279052734,34.612720995660766,33.56718645834378,34.612720995660766,60318183
2008-03-11,34.33757400512695,34.33757400512695,33.347065472453515,33.347065472453515,43667225
2008-03-12,35.10797119140625,35.32808493356807,34.72277373284112,35.21802912263253,47048930
2008-03-13,34.117462158203125,34.94288492045755,33.84232053068812,34.5026595886079,42630896
2008-03-14,33.62220001220703,34.44762255565529,33.347058457627604,34.392594668797415,45962098
2008-03-17,32.96186828613281,33.18198200164625,32.74175669090986,33.01689618493855,91075740
2008-03-18,32.96186828613281,33.34706569806346,32.74175669090986,32.96186828613281,47983242
2008-03-19,34.1724967956543,34.1724967956543,33.45713181556907,33.842327201612115,43634903
2008-03-20,34.4476318359375,34.61271554098513,33.567181168435646,33.95237860050403,54806246
2008-03-21,35.65825653076172,35.71328656294697,34.99791946773957,34.99791946773957,102541013
2008-03-24,37.088993072509766,38.134529825657694,37.03396303683578,38.134529825657694,131630948
2008-03-25,36.97892379760742,37.08897958836105,36.53869639401223,37.08897958836105,88833390
2008-03-26,36.86888122558594,36.86888122558594,36.04345613812009,36.208542003729704,54853719
2008-03-27,35.10797119140625,35.82333820306875,34.99791538047071,35.768308177310246,55009270
2008-03-28,34.28255081176758,34.83283414623971,34.117467083600474,34.227522902378546,110883158
2008-03-31,34.722774505615234,34.722774505615234,33.622212131184725,33.95238169163019,74797497
2008-04-01,34.00740051269531,34.94287891712028,34.00740051269531,34.39259787692151,49433699
2008-04-02,35.21803283691406,35.76831194962714,34.722777394890365,34.94289116026656,64325120
2008-04-03,35.43815231323242,35.7132940506816,35.16301057578325,35.21804061950622,28688938
2008-04-07,35.768306732177734,35.82333675571289,35.32808350622173,35.38311140946623,46050984238
2008-04-08,35.43815231323242,35.76831985382172,34.997926805488596,35.54820816009552,42646047
2008-04-09,34.722774505615234,35.493169439891055,34.557690785537886,34.66774659892278,43211685
2008-04-10,35.4931640625,35.933389369634035,34.722769244942825,34.77779714329827,47965061
2008-04-11,35.27305221557617,35.54819170537602,34.94288270752591,35.38310801149611,37326023
2008-04-14,34.66773986816406,34.99790936450696,34.66773986816406,34.832825676480695,36523020
2008-04-15,34.66773986816406,35.107965156524465,34.55768407614655,34.66773986816406,38509822
2008-04-16,35.87835693359375,35.87835693359375,35.05293639358637,35.218022197820105,46918631
2008-04-17,36.92389678955078,37.14400838898707,36.6487551699649,36.92389678955078,102502630
2008-04-18,36.758811950683594,36.758811950683594,36.31858874006256,36.758811950683594,34048355
2008-04-21,37.088993072509766,37.144018867601524,36.7588213396303,36.7588213396303,39365349375
2008-04-22,37.033958435058594,37.033958435058594,36.648760954951356,37.033958435058594,38568406
2008-04-23,35.54819869995117,36.31859366355697,35.54819869995117,36.31859366355697,71430943
2008-04-24,35.16299819946289,35.49316774413384,34.94288658320937,35.43813984007046,64370573
2008-04-25,35.60321807861328,35.71327386326584,35.21802071203907,35.21802071203907,48321615
2008-04-28,36.59373092651367,36.59373092651367,34.94288538028087,35.21802701141654,76233812
2008-04-29,35.60321807861328,36.86886596298846,35.60321807861328,36.59372438106682,54811297
2008-04-30,36.703792572021484,36.978934246944156,35.87836754725345,35.87836754725345,79222601
2008-05-02,37.41915512084961,37.52921093560379,37.19904349134124,37.41915512084961,92729220214
2008-05-05,36.97892379760742,37.47417697628909,36.483670618925764,37.41914696062193,44992433
2008-05-06,37.41915512084961,37.41915512084961,36.7588159917429,37.08898767658707,33356459
2008-05-07,37.52920150756836,37.969428896573376,37.47417573430558,37.80434309562393,53091152
2008-05-08,37.14401626586914,37.419157943802475,36.31859547265109,37.419157943802475,47647900
2008-05-09,36.48367691040039,37.25407181910821,36.37362110066805,37.14401176879444,43383396
2008-05-12,37.199039459228516,37.309095262053425,36.3736188177511,36.75881200734771,28053606
2008-05-13,37.914405822753906,37.914405822753906,37.19904095533027,37.58423840100023,64676623
2008-05-14,37.74931716918945,38.07948452916811,37.474175582250304,37.969428742508555,67232093
2008-05-15,37.74931716918945,37.914398728888514,37.36411979559075,37.859372955849004,84659793
2008-05-16,38.07949447631836,38.13452450431338,37.74932703009315,37.74932703009315,97350277
2008-05-19,38.189544677734375,38.409656276194035,38.07948887850455,38.07948887850455,82585115
2008-05-20,37.52920150756836,38.24457048462894,37.0889783591439,38.07948468367949,76617638
2008-05-21,37.033958435058594,37.36413012691148,36.868876829713855,37.30910009807543,43023812
2008-05-22,36.813846588134766,36.813846588134766,36.263563265281114,36.428649110253545,44796480
2008-05-23,36.04344940185547,36.64875847518646,36.04344940185547,36.3185910462554,60767663
2008-05-26,36.04344940185547,36.20853523661171,35.49316823334632,35.65825194781185,49128659
2008-05-27,36.20854187011719,36.593739394730065,35.878370140116324,36.593739394730065,32916070
2008-05-28,36.86888122558594,37.144018680825674,36.64876532457905,36.75882115479139,109790265
2008-05-29,36.92389678955078,37.47418002872254,36.92389678955078,37.41915000857295,103415731
2008-05-30,36.09847640991211,37.41915025583787,36.09847640991211,37.364124475905705,180901017
2008-06-02,37.199039459228516,37.199039459228516,36.48367462057601,36.59373042340092,52833585
2008-06-03,36.37363052368164,37.19905143079984,36.37363052368164,37.088995592556245,62414073
2008-06-04,36.92389678955078,37.03395258926892,36.42864357052861,36.42864357052861,34817016
2008-06-05,37.30909729003906,37.30909729003906,36.59373241250196,37.08898567242478,81693225
2008-06-06,37.639251708984375,37.91439325620875,37.639251708984375,37.804337485434985,84141628
2008-06-09,35.93339157104492,36.868872261269864,35.8233357675916,36.868872261269864,107090355
2008-06-10,35.16299819946289,35.87836307257749,35.16299819946289,35.76830726445074,89169743
2008-06-11,36.263553619384766,36.263553619384766,35.32807730806288,35.49316098883316,46983276
2008-06-12,35.65825653076172,35.98842824270927,35.21803323560761,35.49317279507893,74684369
2008-06-13,35.65825653076172,35.98842824270927,35.65825653076172,35.878368178338775,52043712
2008-06-16,36.263553619384766,36.318583633265135,35.9333862578442,36.20852784608495,35600828
2008-06-17,35.87835693359375,35.98841696347,35.658245355002535,35.76830114429814,44224782
2008-06-18,36.04344940185547,36.26356102114284,35.54819613816816,35.7132819729244,34896812
2008-06-19,35.38311767578125,35.768313066710476,34.9428922515711,35.38311767578125,65880623
2008-06-20,35.05292892456055,35.71326776021082,34.77778738965796,35.493154108230776,67444207746
2008-06-23,35.27305221557617,35.54819170537602,34.447629505595735,34.77779689335555,49626622
2008-06-24,35.32808303833008,35.823336281262016,35.32808303833008,35.76830625845569,60810086
2008-06-25,36.42864990234375,36.59373575090574,35.38311538271163,35.49317120155903,92978706
2008-06-26,35.768306732177734,36.70378744820621,35.54819511919973,36.70378744820621,53469927
2008-06-27,35.21803283691406,35.76831194962714,34.50266574980513,34.722777394890365,177331439
2008-06-30,35.768306732177734,35.82333675571289,34.94288606321957,35.16299767619758,88412192
2008-07-01,35.32808303833008,35.823336281262016,35.21802723329868,35.21802723329868,32120137
2008-07-02,34.00740051269531,35.32807628134649,34.00740051269531,35.218020497364776,80100349
2008-07-03,32.35655212402344,33.23700255080353,31.641185357155855,32.74174945077598,117381930
2008-07-04,32.46662139892578,32.96187470491026,32.13645182150584,32.6317072477812,56226401
2008-07-07,33.07192611694336,33.29203771158667,32.356559193771645,32.85181240200957,41049131
2008-07-08,32.41158676147461,32.961867862754396,32.08141725259056,32.961867862754396,65377610
2008-07-09,32.74175262451172,33.4020894484598,32.52163893633555,32.74175262451172,54682008
2008-07-10,32.74175262451172,33.18197788057385,32.30152736844959,32.41158315239257,42522819
2008-07-11,34.33757400512695,34.66774139572763,32.90684016469548,33.29203757402007,60408079
2008-07-14,33.34708023071289,34.06244746752532,33.07194061677842,33.62222196493876,40530966
2008-07-15,31.69622230529785,32.74175662095396,31.69622230529785,32.631700823577624,63559489
2008-07-16,31.403709411621094,31.870679434336672,31.05348189458441,31.870679434336672,86539545
2008-07-17,33.56343078613281,33.56343078613281,32.62949333309971,32.62949333309971,68844510
2008-07-18,33.85529327392578,34.67249065631951,33.27158085793025,34.4390056899213,68904810
2008-07-21,34.90596008300781,35.25618737668819,34.67247522055423,34.67247522055423,55555395
2008-07-22,33.79692077636719,34.614118128392285,33.38832210035464,34.614118128392285,64985310
2008-07-23,33.62179946899414,34.147140505287915,33.32994557553712,34.147140505287915,72415275
2008-07-24,34.3806266784668,34.3806266784668,33.9136568512033,33.972028079611235,40385925
2008-07-25,33.73854064941406,33.972025545630125,33.38831330508997,33.972025545630125,35268465
2008-07-28,33.73854064941406,33.73854064941406,33.73854064941406,33.73854064941406,0
2008-07-29,32.104156494140625,32.68786887796128,31.695557825466164,32.68786887796128,73118775
2008-07-30,33.27157211303711,33.27157211303711,32.68786208827818,33.15482966052186,50989680
2008-07-31,32.80461120605469,33.329952349112425,32.51275501546706,33.271578873177155,50981640
2008-08-01,32.687862396240234,33.03808751926825,32.10415012816469,32.10415012816469,37225200
2008-08-04,32.51275634765625,32.687870069184,32.16252890460075,32.454385107147,23351175
2008-08-05,32.33763885498047,32.80460872459742,32.104153920171996,32.80460872459742,60352260
2008-08-06,34.32225036621094,34.4389928057348,33.38831085002004,33.5050532895439,82447185
2008-08-07,34.730857849121094,34.90597155350563,34.20551673596749,34.49737290994172,45290224
2008-08-08,35.3145637512207,35.37293497536124,34.73085150981529,34.73085150981529,77002095
2008-08-11,35.372928619384766,36.07338318321024,35.31455740573264,35.89826954225387,48411855
2008-08-12,35.723167419433594,36.0150235817967,35.54805372201573,35.723167419433594,63225555
2008-08-13,35.723167419433594,36.30687974415981,35.66479618696098,36.07339481426932,56098095
2008-08-14,35.3145637512207,35.664791096063944,35.02270763051799,35.60641987192341,41157765
2008-08-15,35.372928619384766,35.83989832860175,35.02270133747203,35.548042260341134,50530395
2008-08-18,35.08108139038086,35.664793673978025,35.02271016202115,35.48967998889887,49773630
2008-08-19,35.02271270751953,35.256197637928395,34.380629148895146,34.5557428467018,50736420
2008-08-20,35.02271270751953,35.431311335735046,34.5557428467018,34.5557428467018,37273440
2008-08-21,34.672481536865234,34.78922398935909,34.49736785812446,34.614110310618315,46564665
2008-08-22,35.13945388793945,35.25619634887549,34.67248404419528,34.96434019653539,52435875
2008-08-25,35.3145637512207,35.60641987192341,34.67248028567475,35.02270763051799,52525320
2008-08-26,35.02271270751953,35.13945517272396,34.67248531190623,35.02271270751953,52961490
2008-08-27,35.256202697753906,35.66480138460983,34.73086152893915,34.96434649285682,65996340
2008-08-28,35.08108139038086,35.314566303819724,34.847596476941995,34.96433893366143,80459295
2008-08-29,34.3806266784668,35.022710190954115,34.3806266784668,34.96433896254618,78159855
2008-09-01,33.0380973815918,33.62180982391349,32.687872154016766,33.62180982391349,119573895
2008-09-02,31.695554733276367,32.68786568896251,31.578812267901526,32.68786568896251,116539800
2008-09-03,32.104156494140625,32.39601268605095,31.6371865870841,31.812300302230295,78947775
2008-09-04,31.170211791992188,31.929037771961827,30.936726875078453,31.05346933353532,71765040
2008-09-05,30.93673324584961,31.22858945209344,30.23628058868228,30.469763315859478,81669315
2008-09-08,33.09646224975586,33.09646224975586,32.33763627223431,32.39600750127443,64699890
2008-09-09,31.695554733276367,32.512751990900256,31.637183500588947,32.10415336208831,50564565
2008-09-10,31.34532928466797,31.812299175180634,31.05347310309756,31.28695804835389,66204375
2008-09-11,30.52813720703125,31.28696340913333,30.177911966956042,31.28696340913333,72654465000
2008-09-12,30.76162338256836,30.995108376864888,30.41139812894171,30.81999463114249,37015155
2008-09-15,30.17790412902832,30.995099127382684,29.7693055109424,30.81998543391729,41212035
2008-09-16,29.76931381225586,30.528137791056732,29.594200069959168,29.594200069959168,60774360
2008-09-17,30.878368377685547,31.812308430424668,30.819997124389353,31.52045216394369,85298370
2008-09-18,30.35301399230957,31.286951335122573,30.06115787336263,30.06115787336263,123948660
2008-09-19,32.454376220703125,32.454376220703125,31.520436628280315,31.87066397543887,130290210
2008-09-22,32.57112503051758,33.329951097551,32.454382558666275,33.329951097551,60327135
2008-09-23,32.104156494140625,32.62949763957921,31.929042778994425,31.929042778994425,56568435
2008-09-24,31.11184310913086,31.637184215183616,31.11184310913086,31.520441747171894,39469365
2008-09-25,30.93673324584961,31.695559382083573,30.819990763352077,30.819990763352077,39524640000
2008-09-26,31.170211791992188,31.170211791992188,30.353016820611522,30.995098104306887,71671575
2008-09-29,31.170211791992188,31.170211791992188,31.170211791992188,31.170211791992188,0
2008-09-30,30.64487075805664,30.64487075805664,29.068849805208718,29.18559226377652,78348795
2008-10-01,30.64487075805664,31.52043919731516,30.64487075805664,31.52043919731516,43628055
2008-10-02,30.002792358398438,30.99510111381383,28.514325868548916,28.601882720893006,43619010
2008-10-03,30.002792358398438,32.04578334194291,29.302337539645723,32.04578334194291,56136285
2008-10-06,28.601882934570312,32.0457835813487,28.601882934570312,32.0457835813487,59422635
2008-10-07,29.010486602783203,30.586507991697594,27.988989807678852,30.586507991697594,48947520
2008-10-08,26.996679306030273,29.010484918808054,26.99667930603027,29.010484918808054,86231010
2008-10-09,26.909116744995117,28.864550701666392,25.12879423956511,28.864550701666392,64536075
2008-10-13,27.23016357421875,27.49283191885666,25.97518190248573,25.97518190248573,93667005
2008-10-14,29.127233505249023,29.127233505249023,28.747820352458817,29.127233505249023,90937425
2008-10-15,28.13492202758789,31.11185374141755,28.13492202758789,31.11185374141755,68217390
2008-10-16,27.171777725219727,30.061152816772257,27.171777725219727,30.061152816772257,16615665
2008-10-17,26.237844467163086,29.068846530713227,26.23784446716309,29.068846530713227,52474065
2008-10-20,25.80006980895996,25.975183541647663,25.333099855126083,25.333099855126083,74536830
2008-10-21,25.741695404052734,27.580387133693037,24.95368370371359,27.580387133693037,72999180
2008-10-22,24.866121292114258,27.52200974720162,24.866121292114258,27.52200974720162,48494265
2008-10-23,24.019744873046875,24.019744873046875,24.019744873046875,24.019744873046875,27365145
2008-10-24,23.202547073364258,25.683322222907584,23.202547073364258,25.683322222907584,60111060
2008-10-27,22.356163024902344,24.807752429258688,21.59733927823741,24.807752429258688,64823505
2008-10-28,23.17336082458496,23.903001212718614,21.305481430962814,23.903001212718614,84327540
2008-10-29,24.515899658203125,24.77857022747344,24.340788183173977,24.77857022747344,102281865
2008-10-30,26.20867156982422,26.20867156982422,22.82314124819719,22.82314124819719,73326810
2008-10-31,28.018171310424805,28.018171310424805,24.39915686346477,24.39915686346477,108091770
2008-11-03,27.434463500976562,29.944424660132114,26.850751083075764,29.944424660132114,59412585
2008-11-04,28.018171310424805,29.302338521152386,27.259347469176205,29.302338521152386,58564365
2008-11-05,28.018171310424805,29.944422126516177,27.580387034040402,29.944422126516177,74490600
2008-11-06,26.0627384185791,29.944423625709714,26.0627384185791,29.944423625709714,39522630
2008-11-07,25.39146614074707,26.062735318293523,24.25322933837715,24.25322933837715,98908080
2008-11-10,25.21635627746582,26.850751045287925,24.457532373080582,26.850751045287925,63185355
2008-11-11,25.157978057861328,25.683319087522463,24.51589457716438,25.21634928337923,38927670
2008-11-12,25.333093643188477,26.90911685092056,24.895309418818453,26.90911685092056,58458840
2008-11-13,23.64033317565918,27.084233934418883,23.640333175659183,27.084233934418883,57074955
2008-11-14,24.340782165527344,24.515893597264593,22.005933238135043,22.005933238135043,45642075
2008-11-17,23.815452575683594,26.03355788240634,22.64802755224097,22.64802755224097,43537605
2008-11-18,22.4729061126709,25.479022282082905,22.356163650254217,25.479022282082905,69764085000
2008-11-19,22.181053161621094,22.998250516616594,22.181053161621094,22.47290935983377,50393715000
2008-11-20,21.480600357055664,21.830825554375597,20.634217388806174,20.634217388806174,43302435000
2008-11-21,22.4729061126709,22.939875962337616,19.992131024133947,19.992131024133947,56183520000
2008-11-24,21.77245330810547,22.47290814598151,20.92607261682294,20.92607261682294,50246985
2008-11-25,23.290109634399414,23.290109634399414,20.254807030309998,20.254807030309998,82679340
2008-11-26,22.764766693115234,23.523592846303853,21.68490094370319,21.68490094370319,57932220
2008-11-27,23.873815536499023,24.340785383717385,23.66951622834099,24.340785383717385,62983350000
2008-11-28,23.815452575683594,24.019751954786056,23.581967570995072,23.873823826855727,50929380
2008-12-01,23.815452575683594,25.479030996271092,23.23174006396228,25.479030996271092,62615520
2008-12-02,22.151866912841797,25.479025240180505,22.151866912841797,25.479025240180505,83978805
2008-12-03,21.68489646911621,23.698701683835562,21.30548123299472,23.698701683835562,73562985
2008-12-04,21.626523971557617,23.202547266026304,21.59734059281094,23.202547266026304,59691975000
2008-12-05,21.714078903198242,22.093491885018917,20.138057985760486,20.138057985760486,40846215
2008-12-08,23.231733322143555,23.231733322143555,20.196431379851642,20.196431379851642,101543190
2008-12-09,23.815452575683594,23.815452575683597,21.626530656728672,21.626530656728672,79399020000
2008-12-10,25.479026794433594,25.479026794433594,22.151868264133977,22.151868264133977,113429325000
2008-12-11,26.20867156982422,27.25935408827275,25.39147405547536,27.25935408827275,82269300000
2008-12-12,24.399154663085938,28.01816878367392,24.399154663085938,28.01816878367392,68770140000
2008-12-15,25.362287521362305,26.091928133034507,25.333101896895414,26.091928133034507,68397285
2008-12-16,25.975177764892578,27.11341677422375,24.74938190868977,27.11341677422375,58276935
2008-12-17,26.850746154785156,26.909117385861553,24.165671763088387,24.165671763088387,87302340
2008-12-18,26.267030715942383,26.850742957193432,24.98286378519007,24.98286378519007,49571625
2008-12-19,26.237844467163086,27.43445453268947,26.23784446716309,27.43445453268947,39498510000
2008-12-22,26.033550262451172,28.04735560063566,25.683322857929074,28.04735560063566,51111285
2008-12-23,25.59576416015625,25.945991539410702,24.224042495893727,24.224042495893727,38107590
2008-12-24,25.333093643188477,27.376084452431154,25.099608723524465,27.376084452431154,30835410000
2008-12-25,25.157978057861328,25.33309173441504,23.58195720669518,23.58195720669518,6107385000
2008-12-26,25.333093643188477,26.90911685092056,24.982866263692458,26.90911685092056,7415895000
2008-12-29,25.30390739440918,25.44983546554393,24.866123181004934,25.33309300863613,17648805000
2008-12-30,26.383779525756836,26.558893240354955,23.552776710904997,23.552776710904997,30441450000
2008-12-31,25.916810989379883,26.55889464349508,24.545089057042556,24.545089057042556,20743200000
2009-01-02,25.916810989379883,25.916810989379883,25.916810989379883,25.916810989379883,0
2009-01-05,26.996679306030273,27.492832625605512,25.916811328174617,25.916811328174617,41163795000
2009-01-06,26.617263793945312,26.996676832482546,26.267036373757094,26.996676832482546,34246380
2009-01-07,26.00436019897461,27.11341345699315,25.099606225327904,25.099606225327904,70769085
2009-01-08,24.253232955932617,25.3914699280793,24.194861714395973,24.194861714395973,88934460
2009-01-09,23.932186126708984,24.749381099646392,22.560462237227682,22.560462237227682,68485725
2009-01-12,24.311595916748047,25.59576055533974,23.64032686771617,25.59576055533974,49417860
2009-01-13,25.56658172607422,26.004366004609043,24.340787983994428,26.004366004609043,72003225
2009-01-14,25.09962272644043,27.34691633195701,25.09962272644043,27.34691633195701,45100380
2009-01-15,23.932186126708984,24.107299814727874,23.348473833312685,23.348473833312685,73444395
2009-01-16,24.340782165527344,24.515893597264593,22.268603742466677,22.268603742466677,32827320
2009-01-19,23.932186126708984,24.19485665873732,23.873814897369357,24.19485665873732,36530745000
2009-01-20,23.114988327026367,25.5957632729376,23.114988327026367,25.5957632729376,81333645
2009-01-21,23.46521759033203,24.72019685275518,22.58964910179202,24.72019685275518,65519970
2009-02-02,24.399154663085938,25.09960944213216,23.66951650606362,25.09960944213216,112945920
2009-02-03,25.012052536010742,26.091920317837605,24.69101300085268,26.091920317837605,88523415
2009-02-04,25.041242599487305,25.128799462214047,23.29010758277035,23.29010758277035,83271285
2009-02-05,24.749380111694336,25.27472115478031,23.290101674272847,23.290101674272847,69793230
2009-02-06,26.0919246673584,26.471337735032165,25.624954737913757,26.471337735032165,100351260
2009-02-09,26.55889320373535,27.200976823043145,24.282417154916377,24.282417154916377,104560200
2009-02-10,26.179481506347656,28.39758643146161,26.150295885782768,28.39758643146161,44570745
2009-02-11,26.87993621826172,27.988987554415257,25.683325783187325,27.988987554415257,80546730
2009-02-12,26.471332550048828,27.113416077269253,25.01205180636605,25.01205180636605,68792250
2009-02-13,26.821563720703125,26.996677434703535,24.632642295698,24.632642295698,49684185
2009-02-16,26.763195037841797,28.689443837931613,26.704823794268837,28.689443837931613,51524340
2009-02-17,25.56658172607422,28.631069438000264,25.128797447539398,28.631069438000264,69379170
2009-02-18,26.033550262451172,26.442148901060293,23.93218807313616,23.93218807313616,57631725
2009-02-19,26.500516891479492,27.843052873336653,25.68331971428633,27.843052873336653,57849810
2009-02-20,25.624954223632812,28.33921464623796,25.59576860362826,28.33921464623796,71748960
2009-02-23,26.267030715942383,27.40526734856472,25.391462354065805,27.40526734856472,48933450
2009-02-24,25.68332290649414,25.91680784328371,24.42834360906781,24.42834360906781,59968350
2009-02-25,26.0919246673584,27.46364883510202,25.858439702636076,27.46364883510202,53483085
2009-02-26,26.267030715942383,26.412958776255145,24.28241133350602,24.28241133350602,51748455
2009-02-27,26.237844467163086,26.52970058070611,24.42833880101352,24.42833880101352,59610570
2009-03-02,26.121110916137695,28.0473596836035,25.770883460631563,28.0473596836035,101285910
2009-03-03,26.033550262451172,26.179478347668717,24.31160109470177,24.31160109470177,58369395
2009-03-04,26.850746154785156,26.850746154785156,24.224042994164787,24.224042994164787,84194880
2009-03-05,27.20097541809082,28.71862529297638,26.850748007467008,28.71862529297638,78208095
2009-03-06,28.310035705566406,28.455963840018725,25.30391837366698,25.30391837366698,101923080
2009-03-09,28.164098739624023,30.23627759906841,27.434460533975333,30.23627759906841,69829410
2009-03-10,27.522016525268555,28.164100147618303,27.142605713516,28.164100147618303,76816170
2009-03-11,28.42677116394043,29.419082232145794,28.018172488797045,29.419082232145794,84086340
2009-03-12,28.164098739624023,30.411391305500327,27.9889850331921,30.411391305500327,51724335
2009-03-13,28.89374351501465,29.185599736158025,26.208668518313548,26.208668518313548,114907680
2009-03-16,29.185590744018555,30.87835406728837,29.09803390465198,30.87835406728837,74268495
2009-03-17,29.185590744018555,31.22858142475467,28.981291452163216,31.22858142475467,58131210
2009-03-18,29.419076919555664,29.477448148321,27.142601235524932,27.142601235524932,80529645
2009-03-19,28.7186279296875,30.936732829469058,28.660256689224358,30.936732829469058,50981640
2009-03-20,27.843053817749023,30.703241797122875,27.84305381774902,30.703241797122875,62498940
2009-03-23,29.3607177734375,29.41908902622402,27.843065200987926,27.843065200987926,59197515
2009-03-24,30.586502075195312,30.586502075195316,27.317717438795054,27.317717438795054,62127090
2009-03-25,30.46976089477539,30.936730787660753,28.45595546952495,28.45595546952495,74241360
2009-03-26,30.17790412902832,32.571122368571245,29.82767674209753,32.571122368571245,61318065
2009-03-27,30.29465103149414,30.70324747164879,30.11953731236309,30.17790855207344,53753430
2009-03-30,30.35301399230957,30.35301399230957,29.652559306836917,30.29464276852018,46200855
2009-03-31,30.002792358398438,30.819987409125652,28.25165531151665,28.25165531151665,69573135
2009-04-02,30.586502075195312,30.644873309338806,27.551202375369016,27.551202375369016,84861195
2009-04-03,30.703250885009766,31.403705839405394,28.455960144141848,28.455960144141848,69842475
2009-04-06,30.586502075195312,32.80460897264794,30.11953443986499,32.80460897264794,77220180
2009-04-07,30.411396026611328,32.68787232581226,29.769312336682912,32.68787232581226,75857400
2009-04-08,29.302345275878906,30.061171529868535,28.3100340206617,28.3100340206617,112552965
2009-04-09,30.586502075195312,30.586502075195316,29.185594693569147,29.185594693569147,85832025
2009-04-10,30.93673324584961,30.93673324584961,28.455957730594907,28.455957730594907,43027065
2009-04-13,30.76162338256836,31.22859337116142,28.777003168865992,28.777003168865992,57354345
2009-04-14,30.64487075805664,32.86297747084489,29.944418244467236,32.86297747084489,72156990
2009-04-15,30.35301399230957,30.64486787343931,28.51432044294386,28.51432044294386,89649015
2009-04-16,29.944427490234375,32.454388886610936,29.82768499562067,32.454388886610936,93780570
2009-04-17,29.419076919555664,30.586499257045002,27.872239357274246,27.872239357274246,153010245
2009-04-20,30.29465103149414,30.29465103149414,27.376089045976585,27.376089045976585,78258345
2009-04-21,30.119539260864258,30.11953926086426,28.193288225809134,28.193288225809134,64313970
2009-04-22,29.594200134277344,32.220904036618265,29.477457639159166,32.220904036618265,67226460
2009-04-23,29.944427490234375,30.002798737541227,27.551208588471518,27.551208588471518,62227590
2009-04-24,29.477449417114258,30.23627542372566,27.872240556974752,27.872240556974752,82606980
2009-04-27,29.477449417114258,29.76930557350326,29.18559326072526,29.18559326072526,63072795
2009-04-28,29.76931381225586,30.061170049417004,27.434466152784793,27.434466152784793,55329270
2009-04-29,30.119539260864258,30.2362817478373,27.69713265617372,27.69713265617372,58527180
2009-04-30,32.22089385986328,32.22089385986328,28.018167600830072,28.018167600830072,155433300
2009-05-04,34.43899917602539,34.43899917602539,30.0027901291731,30.0027901291731,177780480
2009-05-05,33.85529327392578,35.5480592803128,32.04578702215754,32.04578702215754,131490180
2009-05-06,33.56343078613281,33.855286939523616,33.03808971002937,33.855286939523616,176802615
2009-05-07,32.979713439941406,33.56342338010547,31.228576905998324,31.228576905998324,141852735
2009-05-08,32.86298370361328,33.27158014827727,32.337642540422365,32.979726184322374,96870945
2009-05-11,32.80461120605469,33.271578873177155,30.58650415758868,30.58650415758868,77070435
2009-05-12,32.33763885498047,32.687866257193186,30.528130610214784,30.528130610214784,83635095
2009-05-13,32.921348571777344,33.154831250185254,32.27926505215774,32.33763628121407,94040865
2009-05-14,31.812292098999023,32.337633108971296,30.644867632393957,30.644867632393957,82343670
2009-05-15,31.987409591674805,32.57112189473442,29.594191386947845,29.594191386947845,64244625
2009-05-18,32.687862396240234,32.687862396240234,31.63718031370425,31.987407674549576,62795415
2009-05-19,33.27157211303711,33.27157211303711,32.68786208827818,32.68786208827818,91570575
2009-05-20,32.80461120605469,33.271578873177155,32.51275501546706,33.271578873177155,64667730
2009-05-21,33.0380973815918,33.154839870056136,30.52813611742652,30.52813611742652,64073775
2009-05-22,32.80461120605469,33.096467396642325,32.62949749170211,33.03809392070705,57527205
2009-05-25,32.51275634765625,33.213211233767254,30.528134170341737,30.528134170341737,50797725
2009-05-26,33.0380973815918,34.7308634643247,32.454387177088094,34.7308634643247,62398440
2009-05-27,35.256202697753906,35.256202697753906,33.03809554053604,33.03809554053604,183899925
2009-06-01,34.43899917602539,35.37293886497006,34.14714302323018,35.25619640385198,102013530
2009-06-02,34.96433639526367,35.02270761938566,34.43899537816579,34.43899537816579,80862300
2009-06-03,34.90596008300781,37.35754890095353,34.322247926873864,37.35754890095353,73274550
2009-06-04,33.79692077636719,37.29919290437123,33.27157962149391,37.29919290437123,81700470
2009-06-05,33.50505828857422,36.131761331954095,33.27157337469002,36.131761331954095,42436125
2009-06-08,33.0380973815918,33.91366604507433,31.345333536676883,31.345333536676883,55954380
2009-06-09,32.74623489379883,35.31456673518066,32.687863664726116,35.31456673518066,75314700
2009-06-10,33.97203063964844,35.02271283016779,33.44668954438876,35.02271283016779,55321230
2009-06-11,34.0304069519043,34.0304069519043,32.97972684237579,33.855293227346564,54057945
2009-06-12,32.687862396240234,33.73854224095891,32.687862396240234,33.73854224095891,87307365
2009-06-15,31.11184310913086,32.10415408723051,30.70324447108983,31.870669151207064,98056845
2009-06-16,31.286964416503906,31.695563153868687,30.644880686359244,31.053479423724028,78092520
2009-06-17,30.35301399230957,30.87835276859686,30.236271544730794,30.87835276859686,83768760
2009-06-18,30.76162338256836,31.111850874013154,30.353026880367576,31.111850874013154,62847675
2009-06-19,30.52813720703125,30.64487969966234,30.177911966956042,30.469765960715705,66898830
2009-06-22,30.93673324584961,30.995104487098377,29.769310658692152,29.769310658692152,48037995
2009-06-23,29.944427490234375,30.236283726768637,29.944427490234375,30.236283726768637,59505045
2009-06-24,30.878368377685547,31.987422190313254,30.061173069357146,30.11954432265334,122965770
2009-06-25,31.34532928466797,31.462071757296137,30.995101866783475,31.228586812039804,56556375
2009-06-26,31.753923416137695,31.812294644137932,31.228582364135566,31.403696048136275,68721900
2009-06-29,31.170211791992188,31.812295313504958,30.995098104306887,31.812295313504958,64387335
2009-06-30,31.92903709411621,31.929037094116214,31.40369604221317,31.870665866126988,45144600
2009-07-01,32.104156494140625,32.39601268605095,31.286959156791706,31.695557825466164,46831995
2009-07-02,32.162532806396484,32.27927530157759,31.812305320853156,32.04579031121538,34404165
2009-07-03,32.104156494140625,32.104156494140625,31.578815348702033,31.578815348702033,27359115
2009-07-06,31.753923416137695,32.27926446813982,31.637180960137222,32.16252201213935,33242385
2009-07-07,32.33763885498047,32.454381322384705,31.695555284257164,31.753926517959282,37127715
2009-07-08,31.753923416137695,31.929037100138405,31.578809732136985,31.929037100138405,58099050
2009-07-09,32.27927017211914,32.746240078637975,31.695557788970596,31.75392902728545,60531150
2009-07-10,32.74623489379883,32.80460612287154,32.33763629028986,32.687863664726116,52935360
2009-07-13,32.104156494140625,33.44669273911037,31.75392906384823,33.3883215007283,67172190
2009-07-14,32.57112503051758,32.80460997422017,32.27926885088933,32.39601132274063,88881195
2009-07-15,33.22987747192383,34.097823003450735,32.91989726280155,33.10588728024397,73533000
2009-07-16,33.53986358642578,34.22182158554425,33.47786847967034,34.097829007071645,49572000
2009-07-17,33.477867126464844,34.09782762880678,33.415872022215304,34.03583252455724,54577000
2009-07-20,33.973838806152344,34.22182398045203,33.78785110790853,34.035836282208216,69655000
2009-07-21,34.40781021118164,34.40781021118164,33.84984477528587,34.09782993900883,67895000
2009-07-22,34.28382110595703,34.46980881512891,33.91184568761328,34.22182599122042,55795000
2009-07-23,35.02775573730469,35.15174826600412,34.345800376899,34.40779545876832,69194000
2009-07-24,35.46173858642578,35.523733686094054,35.213753457829775,35.337746022127774,81642000
2009-07-27,35.709720611572266,35.89571063665367,35.275750192946084,35.461737853066076,49935000
2009-07-28,35.89570999145508,35.89570999145508,35.39973975343458,35.70971996971671,48101000
2009-07-29,35.02775573730469,35.95769615510924,34.65578051616718,35.95769615510924,56781000
2009-07-30,34.7177848815918,34.96577000530202,34.22181699913277,34.77977998003865,62361000
2009-07-31,36.51566696166992,36.70165460081192,36.01969677067642,36.1436893184248,196178000
2009-08-03,36.1436882019043,36.32967583530092,35.399735303356756,36.32967583530092,69991000
2009-08-04,35.709720611572266,36.45367361701365,35.151757631212284,36.32968105527985,62034000
2009-08-05,35.2757453918457,35.95770084112396,35.08975539207791,35.89570575117543,53365000
2009-08-06,35.2137565612793,35.64772939208836,35.027768880921606,35.64772939208836,53205000
2009-08-07,35.2137565612793,35.2137565612793,35.2137565612793,35.2137565612793,0
2009-08-10,35.833717346191406,36.14369760414282,35.33774940646148,35.52373708823999,69103000
2009-08-11,35.39974594116211,35.70972621162749,35.02777056258836,35.52373852234062,64378000
2009-08-12,35.64772415161133,35.64772415161133,35.027763731583306,35.39973903761559,42908000
2009-08-13,36.329681396484375,36.329681396484375,35.64772584798574,35.95770607275084,79925000
2009-08-14,36.51566696166992,36.82564714856029,36.26768186617317,36.70165460081192,51220000
2009-08-17,35.833717346191406,36.70166301444005,35.58573455880729,36.57767043826715,48628000
2009-08-18,35.709720611572266,35.833713173306066,35.08976016786468,35.399740389718474,32027000
2009-08-19,35.58572769165039,35.89570788978337,35.52373023304706,35.647722785292494,21153000
2009-08-20,35.77171325683594,35.83370834687203,35.02776035159741,35.58572562176658,25658000
2009-08-21,35.2137565612793,36.01970475280375,35.027768880921606,35.957709647671734,42051000
2009-08-24,36.20569610595703,36.57767148010903,35.709725787138694,35.83371836684328,59282000
2009-08-25,36.391693115234375,36.57768084995353,36.14370789230059,36.329695627019746,35268000
2009-08-26,36.577659606933594,36.577659606933594,35.957699274612686,36.39167198022952,50183000
2009-08-27,36.45367431640625,36.51567178094332,35.8957113253413,36.267686652717934,30410000
2009-08-28,36.88764190673828,36.88764190673828,36.14368899192949,36.577661722648045,49629000
2009-08-31,36.701656341552734,37.07363163747932,36.26768358633088,36.949639083850045,45013000
2009-09-01,37.81758499145508,37.81758499145508,36.39167652214657,36.82564928192601,84266000
2009-09-02,36.94963455200195,37.69358741757105,36.94963455200195,37.44560470568866,61298000
2009-09-03,37.073631286621094,37.321616391532764,36.76365108796212,37.321616391532764,42433000
2009-09-04,37.19762420654297,37.3216167602237,36.88764400482177,37.3216167602237,44401000
2009-09-07,38.43755340576172,38.43755340576172,37.01164463950808,37.25962743605206,74764000
2009-09-08,38.871517181396484,39.11949992004912,38.06556914209327,38.43754443255283,70265000
2009-09-09,38.43755340576172,39.05751394456433,38.43755340576172,38.93352136381145,50654000
2009-09-10,39.367488861083984,40.297429542841876,38.43754817932609,40.11143951452114,96349000
2009-09-11,38.68553161621094,38.93351436819712,38.3755514025072,38.93351436819712,47431000
2009-09-14,38.127567291259766,38.74752773502009,37.69359450763526,38.68553263662862,44672000
2009-09-15,38.74753189086914,38.87152446591226,37.817591125488285,37.817591125488285,36111000
2009-09-16,38.871517181396484,39.30548993024013,38.747524629589556,38.80951972301241,35054000
2009-09-17,38.74753189086914,39.0575121459961,38.43755163574219,39.0575121459961,38573000
2009-09-18,38.871517181396484,38.871517181396484,38.313551880745905,38.43754443255283,46352000
2009-09-21,38.623531341552734,38.80951898323728,38.12756350874022,38.747523890996156,33473000
2009-09-22,38.74753189086914,38.93351957095298,38.43755163574219,38.43755163574219,24321000
2009-09-23,38.623531341552734,38.99550898988301,38.0655684164991,38.87151644043958,34755000
2009-09-24,37.6935920715332,38.437545028956876,37.5076044234176,38.437545028956876,54162000
2009-09-25,37.879581451416016,38.00357401081549,37.445611040959896,37.817586354196955,45106000
2009-09-28,37.631595611572266,38.0655683514015,37.50760306234089,38.0655683514015,27489000
2009-09-29,39.49147415161133,39.49147415161133,38.437541100068856,38.437541100068856,82548000
2009-09-30,39.987449645996094,40.29742987581002,39.49148175128611,39.49148175128611,102127000
2009-10-01,40.29743576049805,40.4214259785609,39.55348262731187,40.29743576049805,54800000
2009-10-02,38.871517181396484,39.24349247185606,38.747524629589556,39.05750482662627,77795000
2009-10-05,38.43755340576172,38.561545986514595,38.12757313636042,38.43755340576172,60826000
2009-10-06,38.68553161621094,39.05750692667088,38.18956138231588,38.43754649926341,81906000
2009-10-07,38.49954605102539,39.05751144624207,38.25156327034368,39.05751144624207,62388000
2009-10-08,37.75558853149414,38.313551461071754,37.75558853149414,37.94157617468667,82064000
2009-10-09,37.879581451416016,38.00357401081549,37.631598697578426,37.69359379479748,67762000
2009-10-12,37.94158172607422,38.31355706688453,37.56960402030238,38.31355706688453,36486000
2009-10-13,38.31355667114258,38.31355667114258,37.38361596376067,37.56960363224474,51266000
2009-10-14,39.367488861083984,39.367488861083984,38.623535842685385,38.74752840657872,85334000
2009-10-15,39.55348587036133,39.67747846355233,39.05751786255933,39.67747846355233,62541000
2009-10-16,38.375553131103516,39.05750868598535,38.31355566659334,38.7475284583188,75045000
2009-10-19,38.06557083129883,38.37555104209129,37.81758571668033,38.25155848478204,103211000
2009-10-20,38.43755340576172,38.62354109441015,38.31356082500884,38.31356082500884,67524000
2009-10-21,38.18955993652344,38.56153759786228,38.00357228833464,38.25155739589387,48816000
2009-10-22,38.31355667114258,38.56154180576237,37.81758876686453,38.56154180576237,72693000
2009-10-23,38.127567291259766,38.499542611531396,38.127567291259766,38.43754751313993,36966000
2009-10-26,38.127567291259766,38.62353517327574,38.127567291259766,38.31355495139558,36720000
2009-10-27,38.00357437133789,38.3755520530651,37.879581810762154,38.12756693191363,49427000
2009-10-28,37.50761413574219,38.12757469996933,37.50761413574219,38.00358211413153,62705000
2009-10-29,37.38361740112305,37.569605076758165,36.57766923006313,37.19762972548793,103965000
2009-10-30,37.19762420654297,38.065569717346804,37.19762420654297,38.065569717346804,65520000
2009-11-02,37.073631286621094,37.321616391532764,36.70165599421482,36.887643640417956,38079000
2009-11-03,36.701656341552734,37.01163654314531,36.63965888225747,37.01163654314531,52726000
2009-11-04,36.94963455200195,37.01163200369327,36.577659301697885,36.70165184011956,64073000
2009-11-05,37.01163864135742,37.19762629986447,36.82565098285038,37.135631202015915,43726000
2009-11-06,37.19762420654297,37.38361185458343,37.0116365585025,37.38361185458343,44520000
2009-11-09,37.19762420654297,37.50760440826416,37.07363165286224,37.50760440826416,34813000
2009-11-10,37.50761413574219,37.50761413574219,37.197633853628616,37.445619025304225,40584000
2009-11-11,38.561546325683594,38.74753401596788,37.75559809114382,37.81759319958465,94778000
2009-11-12,38.561546325683594,38.933521706252165,38.37555863539931,38.74753401596788,102770000
2009-11-13,38.31355667114258,38.56154180576237,38.127569002658504,38.31355667114258,43120000
2009-11-16,38.68553161621094,38.87151927144091,38.56153905773718,38.68553161621094,59633000
2009-11-17,38.80952072143555,39.18149838642593,38.499540516424204,39.05750583142913,57822000
2009-11-18,38.995513916015625,39.181501581195185,38.871521350908765,39.05750901608832,54524000
2009-11-19,38.995513916015625,39.181501581195185,38.871521350908765,38.995513916015625,40088000
2009-11-20,38.251556396484375,38.93351187701272,38.065568753154935,38.93351187701272,50419000
2009-11-23,38.43755340576172,38.499548513657274,38.06557802846486,38.06557802846486,25386000
2009-11-24,38.68553161621094,38.74752671296715,38.313553940789646,38.56153905773718,25992000
2009-11-25,38.871517181396484,39.05750482662627,38.56153698435977,38.56153698435977,46553000
2009-11-26,38.43755340576172,39.05751394456433,38.31356082500884,38.93352136381145,31172000
2009-11-27,37.19762420654297,38.00357225802581,37.19762420654297,37.87957970434508,93737000
2009-11-30,37.879581451416016,38.00357401081549,37.631598697578426,37.817586354196955,32695000
2009-12-01,37.631595611572266,38.18955853567171,37.445607970205785,38.12756344353661,53946000
2009-12-02,37.6935920715332,38.127564827110454,37.5076044234176,38.06556973272567,38474000
2009-12-03,38.127567291259766,38.31355495139558,37.817587069379606,38.189562389651236,54543000
2009-12-04,38.127567291259766,38.37555241474846,38.00357472951542,38.127567291259766,26379000
2009-12-07,38.74753189086914,38.93351957095298,38.43755163574219,38.43755163574219,46543000
2009-12-08,38.68553161621094,38.995511829914676,38.3755514025072,38.995511829914676,39388000
2009-12-09,38.68553161621094,38.68553161621094,38.3755514025072,38.56153905773718,37770000
2009-12-10,38.00357437133789,38.93351502821383,37.81758671295498,38.93351502821383,62875000
2009-12-11,38.80952072143555,38.80952072143555,38.06557012137735,38.37555032638869,40997000
2009-12-14,38.871517181396484,38.933512274819336,38.43754443255283,38.49953952597569,38704000
2009-12-15,38.871517181396484,38.871517181396484,38.56153698435977,38.747524629589556,27949000
2009-12-16,38.31355667114258,38.74752947424644,38.127569002658504,38.74752947424644,49488000
2009-12-17,38.561546325683594,38.68553890752705,38.127573471712395,38.49954885228097,33109000
2009-12-18,38.375553131103516,38.375553131103516,38.00357543892678,38.1275680029857,32071000
2009-12-21,38.561546325683594,38.933521706252165,38.561546325683594,38.68553890752705,52334000
2009-12-22,38.995513916015625,38.995513916015625,38.747528785801904,38.8095238858746,43944000
2009-12-23,39.30548858642578,39.36748367772908,38.933510943722524,39.05750349129028,65488000
2009-12-24,39.42948913574219,39.491486608306865,39.24350144797168,39.30549892053636,56297000
2009-12-25,39.30548858642578,39.61546877286459,39.11949858259358,39.61546877286459,20204000
2009-12-28,39.49147415161133,39.677461780716236,39.30548652250643,39.30548652250643,39136000
2009-12-29,39.24348831176758,39.49147338909326,38.99550559940286,39.49147338909326,28498000
2009-12-30,39.6154670715332,39.67746216017406,39.24348944480495,39.24348944480495,59566000
2009-12-31,39.987449645996094,39.987449645996094,39.61547431620397,39.925454546017896,51979000
2010-01-04,40.23542785644531,40.297422945762065,39.67746259275034,40.297422945762065,39407000
2010-01-05,39.987449645996094,40.359424975788215,39.61547431620397,40.29742987581002,37138000
2010-01-06,40.23542785644531,40.23542785644531,39.49147495983903,39.9874427692562,49261000
2010-01-07,39.801456451416016,40.29742667165152,39.801456451416016,40.23543157660273,42134000
2010-01-08,39.677467346191406,39.863457366345756,39.367487132549286,39.367487132549286,46076000
2010-01-11,39.987449645996094,40.23543477583182,39.367489186368246,39.67746941618217,36799000
2010-01-12,39.42948913574219,39.92545945641257,39.24350144797168,39.92545945641257,49853000
2010-01-13,38.93352127075195,39.11950895895583,38.809528690295444,39.057513851208455,47976000
2010-01-14,39.18149948120117,39.429482233162396,39.05750692273989,39.429482233162396,36149000
2010-01-15,39.367488861083984,39.367488861083984,38.933516069938015,38.99551353436541,47852000
2010-01-18,38.995513916015625,39.11950411616102,38.93351645098146,38.93351645098146,30136000
2010-01-19,38.74753189086914,39.18150472103921,38.43755163574219,39.0575121459961,47202000
2010-01-20,39.05751037597656,39.181502945400545,38.56154246324218,38.99551527374535,52281000
2010-01-21,38.80952072143555,39.05750583142913,38.499540516424204,39.05750583142913,24738000
2010-01-22,37.879581451416016,38.25155912961444,37.817586354196955,38.12756657021497,63918000
2010-01-25,37.44561004638672,37.69359279363777,37.259620029746806,37.259620029746806,62151000
2010-01-26,37.259620666503906,37.941578554261696,37.19762556987199,37.569600879586176,79112000
2010-01-27,36.94963455200195,37.44560470568866,36.8876394652716,37.259614715575665,52639000
2010-01-28,37.19762420654297,38.12756481170654,37.07363165286224,37.50760440826416,43988000
2010-01-29,38.127567291259766,38.127567291259766,36.825651305347655,37.259621724010756,91560000
2010-02-01,37.073631286621094,37.63159659019174,36.887643640417956,37.63159659019174,75480000
2010-02-02,36.577659606933594,37.445605018167264,36.577659606933594,37.32161247871088,65510000
2010-02-03,37.073631286621094,37.38361148528007,36.45367088930315,37.321616391532764,42426000
2010-02-04,36.63966751098633,37.19763295123965,36.57767240205232,37.19763295123965,42564000
2010-02-05,35.46173858642578,35.89571137898806,35.46173858642578,35.70972135006033,62227000
2010-02-08,35.58572769165039,36.08169553567091,35.33774258715952,35.95770298342548,45247000
2010-02-09,36.329681396484375,36.701659085179344,35.77171841088406,36.205691198547484,45754000
2010-02-10,36.20569610595703,36.701664059813616,36.08170352625245,36.57767148010903,53679000
2010-02-22,36.577659606933594,37.50760010541496,36.577659606933594,37.50760010541496,47519000
2010-02-23,37.073631286621094,37.135628745329626,36.639658535506285,36.949638734165255,50343000
2010-02-24,36.26768493652344,36.701657707901454,36.20568983988144,36.701657707901454,54884000
2010-02-25,36.08169937133789,36.51567216784981,35.89571170567892,36.26768703699686,55655000
2010-02-26,36.45367431640625,36.51567178094332,35.95770642491693,36.08169898902962,30877000
2010-03-01,36.94963455200195,37.13562454211495,36.08169151297214,36.8876394652716,60146000
2010-03-02,37.13563919067383,37.50761458770766,36.88765401601001,37.50761458770766,53495000
2010-03-03,37.19762420654297,37.259619300902706,36.94963909918151,36.94963909918151,32150000
2010-03-04,36.701656341552734,37.07363163747932,36.205688491996874,37.07363163747932,53405000
2010-03-05,37.44561004638672,37.44561004638672,36.949639821962016,37.0736323780682,59062000
2010-03-08,37.94158172607422,37.94158172607422,37.56960402030238,37.75559405566907,43993000
2010-03-09,38.00357437133789,38.06557183410645,37.69359415237924,37.941579273530714,29829000
2010-03-10,38.06557083129883,38.06557083129883,37.693593159371076,38.00357337016354,30540000
2010-03-11,38.06557083129883,38.313553580956,37.94157827398958,38.189561023646746,25340000
2010-03-12,37.6935920715332,38.127564827110454,37.56959951780238,38.06556973272567,67894000
2010-03-15,37.073631286621094,38.00357188259802,37.073631286621094,38.00357188259802,37911000
2010-03-16,37.01163864135742,37.32161886052295,37.01163864135742,37.25962139771301,29394000
2010-03-17,37.50761413574219,37.755599307417796,37.135638743190654,37.50761413574219,68876000
2010-03-18,37.44561004638672,37.569600237531596,37.19762493417437,37.259620029746806,70048000
2010-03-19,37.19762420654297,37.38361185458343,37.0116365585025,37.19762420654297,45829000
2010-03-22,36.577659606933594,36.949634860341746,36.45366706747722,36.949634860341746,47044000
2010-03-23,36.94963455200195,37.259614715575665,36.8876394652716,36.8876394652716,48107000
2010-03-24,37.569602966308594,37.69359553142067,37.25962273600915,37.25962273600915,46973000
2010-03-25,38.127567291259766,38.127567291259766,37.32161918736363,37.75559197098814,62713000
2010-03-26,38.43755340576172,38.43755340576172,37.38362001680493,38.00358055560754,77332000
2010-03-29,38.561546325683594,38.62354143412443,38.25156605355585,38.437553743840134,37464000
2010-03-30,38.561546325683594,38.68553890752705,38.25156605355585,38.68553890752705,29950000
2010-03-31,38.127567291259766,38.56154007488428,38.127567291259766,38.56154007488428,39228000
2010-04-01,38.49954605102539,38.74753119666872,38.12757069752202,38.12757069752202,54656000
2010-04-02,38.68553161621094,38.74752671296715,38.49954159601962,38.74752671296715,17299000
2010-04-06,39.30548858642578,39.36748367772908,38.933510943722524,38.933510943722524,52915000
2010-04-07,39.367488861083984,39.367488861083984,39.1195037332973,39.367488861083984,48336000
2010-04-08,38.623531341552734,39.057504082124126,38.49953879210931,38.933511532680704,48530000
2010-04-09,38.871517181396484,39.05750482662627,38.37554933912998,38.37554933912998,31569000
2010-04-12,39.119503021240234,39.30549304617556,38.93351536126631,39.24349558287665,34914000
2010-04-13,38.995513916015625,39.11950411616102,38.499543655588184,39.05750901608832,42708000
2010-04-14,39.55348587036133,39.55348587036133,38.995522748444834,39.119512976673825,55548000
2010-04-15,39.92546081542969,40.23544109391917,39.67747564665337,39.98745592514285,70894000
2010-04-16,39.05751037597656,39.49148318647972,38.99551527374535,39.42948571928695,49654000
2010-04-19,38.80952072143555,39.18149838642593,38.68553053140003,38.74752562641779,66249000
2010-04-20,38.93352127075195,39.057513851208455,38.6855384748007,38.99551874346109,37426000
2010-04-21,38.68553161621094,39.119502023427096,38.623534154493385,38.995511829914676,44895000
2010-04-22,38.18955993652344,38.31355249030305,37.69359208636623,38.31355249030305,90506000
2010-04-23,38.251556396484375,38.68552914089386,38.18955893873376,38.3755489470244,48869000
2010-04-26,39.367488861083984,39.42948396054993,38.68553330711278,38.68553330711278,67358000
2010-04-27,39.49147415161133,39.49147415161133,39.11949652844051,39.36748161055439,25300000
2010-04-28,38.49954605102539,38.80952630059874,38.43755094709537,38.49954605102539,72599000
2010-04-29,38.18955993652344,38.56153759786228,38.18955993652344,38.56153759786228,40178000
2010-04-30,38.31355667114258,38.87152204155633,38.31355667114258,38.31355667114258,43339000
2010-05-03,38.18955993652344,38.80952034046025,38.06556974770508,38.80952034046025,22418000
2010-05-04,37.81758499145508,38.43754540115106,37.69359243652362,38.37555030616598,38039000
2010-05-05,37.073631286621094,37.321616391532764,37.073631286621094,37.135628745329626,93944000
2010-05-06,36.88764190673828,37.13562699999492,36.70165426927636,37.073629544200195,48824000
2010-05-07,36.825653076171875,37.25962351570318,36.26768770397231,36.329682805344916,61514000
2010-05-10,37.073631286621094,37.19762383907693,36.57766344175898,36.82564854667066,56272000
2010-05-11,37.259620666503906,37.569600879586176,37.13563047324008,37.44561068632234,67770000
2010-05-12,37.259620666503906,37.81758599603652,37.19762556987199,37.81758599603652,27694000
2010-05-13,37.94158172607422,38.12756939647937,37.50760891848784,37.56960402030238,39828000
2010-05-14,37.94158172607422,38.12756939647937,37.50760891848784,37.631601487078456,31551000
2010-05-17,36.701656341552734,37.507604392701175,36.63965888225747,37.507604392701175,73173000
2010-05-18,36.88764190673828,37.19762209082852,36.82564681590468,36.94963699757188,30445000
2010-05-19,36.763648986816406,36.94963662238983,36.32967626050436,36.57766135124299,48408000
2010-05-20,36.51566696166992,37.011634787702285,36.51566696166992,36.88764223995391,31637000
2010-05-21,36.45367431640625,36.63966198009456,35.8957113253413,36.14369408860524,45655000
2010-05-24,36.577659606933594,36.949634860341746,36.39167198022952,36.949634860341746,19294000
2010-05-25,36.20569610595703,36.515676372737616,36.01970605391928,36.45367890040445,48371000
2010-05-26,36.51566696166992,36.57766205306354,36.26768186617317,36.51566696166992,42766000
2010-05-27,36.391693115234375,36.763668584672686,35.77173242286228,36.267700503767486,55467000
2010-05-28,36.391693115234375,36.82566607288731,36.14370789230059,36.515685726701264,61106000
2010-05-31,37.321617126464844,37.321617126464844,36.45367160714376,36.63965925700934,25365000
2010-06-01,37.073631286621094,37.19762383907693,36.70165599421482,37.135628745329626,27295000
2010-06-02,37.073631286621094,37.4456089439886,36.76365108796212,37.073631286621094,35241000
2010-06-03,37.6935920715332,37.817584625264026,37.5076044234176,37.6935920715332,46916000
2010-06-04,37.81758499145508,37.81758499145508,37.32161713669055,37.50760478660708,41837000
2010-06-07,36.701656341552734,37.01163654314531,36.39167613996017,37.01163654314531,69197000
2010-06-08,36.26768493652344,36.701657707901454,36.20568983988144,36.51567005301411,40396000
2010-06-09,36.329681396484375,36.57766652228102,36.14369373461761,36.205691198547484,45955000
2010-06-10,36.825653076171875,37.07363584662383,36.45367537305166,37.07363584662383,28784000
2010-06-11,37.50761413574219,37.50761413574219,37.197633853628616,37.32162643946642,41097000
2010-06-14,37.879581451416016,38.06557147299591,37.7555912569779,37.7555912569779,44867000
2010-06-15,38.06557083129883,38.37555104209129,37.63159806319711,38.00357337016354,37382000
2010-06-17,38.49954605102539,38.623538623847054,38.25156327034368,38.43755094709537,55896000
2010-06-18,38.871517181396484,38.871517181396484,38.313551880745905,38.6855295361667,46267000
2010-06-21,39.24348831176758,39.49147338909326,39.11949577310473,39.11949577310473,68207000
2010-06-22,38.80952072143555,39.24349348144368,38.80952072143555,39.24349348144368,30437000
2010-06-23,38.49954605102539,38.74753119666872,38.43755094709537,38.43755094709537,37155000
2010-06-24,38.43755340576172,38.561545986514595,38.251565717113294,38.499548513657274,35311000
2010-06-25,38.06557083129883,38.37555104209129,38.00357337016354,38.12756592747279,30548000
2010-06-28,38.251556396484375,38.251556396484375,37.8795787448643,37.941576202614904,20466000
2010-06-29,37.81758499145508,38.809520700984145,37.81758499145508,38.43754540115106,47903000
2010-06-30,37.569602966308594,37.817588096532745,37.38361530112122,37.38361530112122,58283000
2010-07-01,37.321617126464844,37.56959987129853,37.19762457156737,37.56959987129853,15325000
2010-07-02,37.38361740112305,37.63160254527761,37.19762972548793,37.19762972548793,66885000
2010-07-05,38.06557083129883,38.313553580956,37.383612948578616,37.383612948578616,86939000
2010-07-06,39.04310989379883,39.04310989379883,38.32612309660801,38.3913050707734,69631000
2010-07-07,38.78237533569336,39.043098181264554,38.58683444473363,38.977916226653086,59093000
2010-07-08,39.36900329589844,39.36900329589844,38.91273952690686,39.17345990458954,50323000
2010-07-09,39.36900329589844,39.43418276870973,39.04310095896695,39.36900329589844,37986000
2010-07-12,38.9779167175293,39.49935992880125,38.9779167175293,39.49935992880125,44157000
2010-07-13,38.84755325317383,39.23863750591955,38.78237378760149,39.043096622765304,37431000
2010-07-14,39.36900329589844,39.56454420076983,39.238641863838346,39.36900329589844,59702000
2010-07-15,39.303829193115234,39.43419065123336,39.17346773499711,39.3690111653933,32938000
2010-07-16,39.04310989379883,39.43419179303886,38.977927919633444,39.43419179303886,29874000
2010-07-19,39.82526779174805,39.95562923432633,38.717201745926864,38.782381223997156,56238000
2010-07-20,40.08599090576172,40.28153182752667,39.760088540674225,39.95562946243918,53905000
2010-07-21,40.281532287597656,40.34671425322226,40.085991363599355,40.34671425322226,41172000
2010-07-22,40.41189956665039,40.60744051887882,39.95563568715865,40.346720078053615,45274000
2010-07-23,40.93334197998047,41.06370344057148,40.672621545236495,40.80298051938946,65925000
2010-07-26,40.80297088623047,41.128873217546804,40.60742998472816,41.06369374585852,26958000
2010-07-27,40.73780059814453,41.063703002929685,40.607439138942865,41.063703002929685,20942000
2010-07-28,41.063697814941406,41.063697814941406,40.54225453045191,40.60743400859896,26119000
2010-07-29,41.063697814941406,41.063697814941406,40.802974929477806,41.063697814941406,38043000
2010-07-30,40.67261505126953,40.67261505126953,40.02081033882251,40.67261505126953,43549000
2010-08-02,40.60742950439453,40.93333183185587,40.477068076122514,40.80297040358384,48015000
2010-08-03,40.41189956665039,40.802981471107245,40.216358614421964,40.802981471107245,32913000
2010-08-04,40.41189956665039,40.54226103028204,40.15117663938708,40.41189956665039,20350000
2010-08-05,40.34671401977539,40.411893498585115,40.281532054527936,40.411893498585115,21813000
2010-08-06,39.69490432739258,40.21634755204687,39.49936094251447,40.15116559494169,62419000
2010-08-09,39.564544677734375,39.69490611136602,39.36900377050567,39.43418324410273,56912000
2010-08-10,39.76008605957031,40.0208089299458,39.62972462438257,39.69490658519523,62187000
2010-08-11,39.76008605957031,39.89044749475806,39.56454515000748,39.62972462438257,28506000
2010-08-12,39.238643646240234,39.49936403576606,39.17346168403057,39.238643646240234,65513000
2010-08-13,39.1734619140625,39.499364267711734,39.04310296175292,39.23864387665493,64069000
2010-08-16,39.303829193115234,39.303829193115234,38.8475653329208,39.108288249157056,39691000
2010-08-17,38.9779167175293,39.434180459806264,38.9779167175293,39.434180459806264,37445000
2010-08-18,38.84755325317383,39.303816971491884,38.78237378760149,39.10827608833764,42369000
2010-08-19,39.1734619140625,39.36900531540215,38.78238008425848,38.78238008425848,45753000
2010-08-20,39.04310989379883,39.238650843418846,38.91274843190613,38.977927919633444,30073000
2010-08-23,39.1734619140625,39.69490766905138,38.84755956041327,39.04310296175292,27530000
2010-08-24,38.84755325317383,39.17345555390998,38.84755325317383,39.10827608833764,30548000
2010-08-25,38.26095199584961,38.7172159692701,38.19577000739604,38.7172159692701,70486000
2010-08-26,38.32611846923828,38.52165939524932,38.13057754322723,38.19575702308499,33540000
2010-08-27,38.32611846923828,38.39130043553381,38.13057754322723,38.26093898938052,43374000
2010-08-30,38.71720504760742,38.8475640148646,38.391302656588636,38.58684359391233,27583000
2010-08-31,38.39129638671875,38.456475859702564,38.06539404892466,38.456475859702564,77308000
2010-09-01,38.521663665771484,38.65202512637668,38.26094323099914,38.65202512637668,33670000
2010-09-02,38.78237533569336,39.17345711761281,38.71719586751923,39.10827764943868,25353000
2010-09-03,38.9779167175293,39.04309867296164,38.65201439967966,38.65201439967966,38247000
2010-09-06,39.4341926574707,39.4341926574707,39.17346972797002,39.369013168314595,25773000
2010-09-07,39.238643646240234,39.49936403576606,39.17346168403057,39.43418455999401,20235000
2010-09-08,38.652015686035156,39.04309997233259,38.391295314940976,38.84755658596515,66266000
2010-09-09,38.78237533569336,38.91273675847896,38.58683444473363,38.91273675847896,21194000
2010-09-10,38.652015686035156,38.912738543566775,38.52165425726934,38.782377114800966,32620000
2010-09-13,39.69490432739258,39.69490432739258,38.71719734875175,38.847556290087255,86590000
2010-09-14,39.76008605957031,39.89044749475806,39.56454515000748,39.89044749475806,33482000
2010-09-15,39.89045333862305,39.89045333862305,39.434189491843064,39.89045333862305,39289000
2010-09-16,39.4341926574707,39.760095076127485,39.4341926574707,39.62973361137715,27832000
2010-09-17,39.89045333862305,40.02081479290846,39.49936897576681,39.76009188433763,49333000
2010-09-20,40.41189956665039,40.41189956665039,39.95563568715865,40.085997150790305,65877000
2010-09-21,40.281532287597656,40.607434656407406,40.15117084278621,40.607434656407406,32205000
2010-09-23,39.108280181884766,39.69490537918803,39.04310070948995,39.69490537918803,106168000
2010-09-24,39.1734619140625,39.23864387665493,38.84755956041327,38.9127415230057,58578000
2010-09-27,39.564544677734375,39.62972415133143,39.36900377050567,39.62972415133143,57033000
2010-09-28,39.76008605957031,39.89044749475806,39.499363189194824,39.56454515000748,48335000
2010-09-29,40.08599090576172,40.3467137924068,39.760088540674225,40.08599090576172,79436000
2010-09-30,40.41189956665039,40.41189956665039,40.15117663938708,40.216358614421964,56151000
2010-10-01,40.41189956665039,40.60744051887882,40.216358614421964,40.54226103028204,38944000
2010-10-04,40.34671401977539,40.47707297739483,40.15117061047076,40.411893498585115,25742000
2010-10-05,39.82526779174805,40.216352119482906,39.694908835607464,40.216352119482906,28432000
2010-10-06,40.281532287597656,40.41189373240911,40.085991363599355,40.34671425322226,34117000
2010-10-07,39.95562744140625,40.21635031486347,39.76008652953214,40.02080940298935,37414000
2010-10-08,40.281532287597656,40.281532287597656,39.760088994789605,39.760088994789605,54186000
2010-10-11,40.08599090576172,40.41189327084921,39.825268019116635,40.41189327084921,24273000
2010-10-12,39.76008605957031,40.08598840432089,39.369004240444646,40.08598840432089,27854000
2010-10-13,39.76008605957031,39.95562696913314,39.369004240444646,39.95562696913314,28950000
2010-10-14,40.281532287597656,40.41189373240911,39.955629918787906,40.02081188441251,45889000
2010-10-15,40.34671401977539,40.34671401977539,39.89045020879414,39.95562968760386,29898000
2010-10-18,39.4341926574707,40.28153844869071,39.369013168314595,40.020818005628165,32498000
2010-10-19,39.564544677734375,39.564544677734375,39.17346037683943,39.49936271769978,34442000
2010-10-20,39.76008605957031,39.8252655339454,39.369004240444646,39.43418371481974,34445000
2010-10-21,39.76008605957031,40.0208089299458,39.62972462438257,39.95562696913314,37243000
2010-10-22,40.281532287597656,40.281532287597656,40.02081188441251,40.21635280841081,42883000
2010-10-25,40.41189956665039,40.54226103028204,40.28153810301873,40.41189956665039,38467000
2010-10-26,40.60742950439453,40.60742950439453,40.41188860520522,40.54225003347724,37835000
2010-10-27,40.41189956665039,40.6726224939137,40.346720078053615,40.60744051887882,26552000
2010-10-28,40.8681526184082,41.063693518829425,40.47706833112831,40.67261171798698,61848000
2010-10-29,40.93334197998047,41.12888292764796,40.73780103231297,41.06370344057148,67800000
2010-11-01,41.38959884643555,41.38959884643555,41.06369649331401,41.324419370386295,76051000
2010-11-02,41.25923156738281,41.324413520642764,41.06369068047752,41.06369068047752,24276000
2010-11-03,41.65031433105469,41.71549379553534,41.25923008485923,41.389591500257715,44405000
2010-11-04,41.65031433105469,41.78067326001599,41.454770964738366,41.65031433105469,32641000
2010-11-05,41.84585952758789,42.10658240077189,41.58513914084149,42.04140292569469,43711000
2010-11-08,41.25923156738281,41.8458542280987,41.12887014730019,41.8458542280987,23591000
2010-11-09,41.71549987792969,41.71549987792969,41.12887466632128,41.25923610072732,25317000
2010-11-10,41.84585952758789,41.91104397554028,41.51995966576429,41.71550057743349,37637000
2010-11-11,41.519954681396484,41.84585450409662,41.519954681396484,41.65031610233891,31688000
2010-11-12,41.063697814941406,41.715502542162696,41.063697814941406,41.454779656699095,29650000
2010-11-15,41.65031433105469,41.71549379553534,41.19405062037858,41.585132380136855,27583000
2010-11-16,42.041404724121094,42.17176367985193,41.78068183978402,41.91104576839025,55027000
2010-11-17,41.58515167236328,42.04141559470982,41.454790196487366,41.84587213767677,51345000
2010-11-18,41.25923156738281,41.650315827630685,41.06369068047752,41.51995440754806,39053000
2010-11-19,41.519954681396484,41.71549556959148,41.063690951316616,41.45477272770662,23769000
2010-11-22,41.58515167236328,41.91105660527224,41.194069731173876,41.454790196487366,25384000
2010-11-23,41.32441711425781,41.5851374906583,41.25923515532957,41.51995801816755,30876000
2010-11-24,41.19405746459961,41.71550072639199,41.063696027542115,41.063696027542115,26848000
2010-11-25,41.97623062133789,42.04141010754958,41.389605299680596,41.58514624475369,34656000
2010-11-26,41.97623062133789,42.04141010754958,41.6503282174034,41.6503282174034,30955000
2010-11-29,41.91105651855469,42.171774496890386,41.58515158632005,42.10659500230646,33430000
2010-11-30,41.32441711425781,41.97622178491527,41.32441711425781,41.5851374906583,66488000
2010-12-01,42.106590270996094,42.106590270996094,41.585146913601704,41.585146913601704,58038000
2010-12-02,43.149471282958984,43.27983521312568,42.30212811481505,42.367307593460666,87811000
2010-12-03,44.51826095581055,45.62632690580145,43.475369505377955,43.54055395068623,124694000
2010-12-06,44.64862060546875,45.30042528584056,44.583441132006584,44.90934347219249,58644000
2010-12-07,44.322731018066406,44.713812944238754,44.06200807632601,44.64863345202278,58928000
2010-12-08,44.322731018066406,44.77899243645473,44.192372033634456,44.713812944238754,46509000
2010-12-09,45.62633514404297,45.691514628244995,44.84417138786687,44.974530356270925,91264000
2010-12-10,45.430789947509766,45.56115388370766,45.170072020865355,45.36561046584866,32731000
2010-12-13,45.23525619506836,45.88706102504665,44.97453326850181,45.62633809848009,36075000
2010-12-14,44.97452163696289,45.561146826802606,44.77897824939134,45.561146826802606,45977000
2010-12-15,45.62633514404297,45.691514628244995,44.64862796238491,44.713807446586934,56590000
2010-12-16,46.40850067138672,46.66922359102113,45.49597791198038,45.62633688535955,61923000
2010-12-17,47.516563415527344,48.885352284930356,46.66921532010514,46.92993819353314,108365000
2010-12-20,46.40850067138672,47.581751323303536,46.212962211317965,47.581751323303536,91134000
2010-12-21,46.473690032958984,46.669228513652975,46.147787592259064,46.60404902008831,35454000
2010-12-22,46.40850067138672,46.66922359102113,46.08259826506272,46.34332118469713,26216000
2010-12-23,46.278141021728516,46.79958685337727,46.08259759164124,46.79958685337727,35499000
2010-12-24,46.14777374267578,46.27813269068259,45.95223034779046,46.27813269068259,21468000
2010-12-27,46.08259201049805,46.14777646121654,45.626330692721,46.14777646121654,29035000
2010-12-28,46.212955474853516,46.27813495204188,46.01741207041306,46.212955474853516,35961000
2010-12-29,46.017417907714844,46.14778185150358,45.75669499301336,46.14778185150358,40312000
2010-12-30,46.017417907714844,46.14778185150358,45.691515507556986,46.017417907714844,53976000
2010-12-31,46.278141021728516,47.125489254938735,45.821879648692864,45.95223862016705,143558000
2011-01-03,46.343318939208984,46.66922132974192,46.147780488614714,46.6040418462105,35149000
2011-01-04,46.40850067138672,46.66922359102113,46.14778272462838,46.278141698007545,35448000
2011-01-05,45.49596405029297,46.343307064841675,45.365600143756936,46.2129481311802,51755000
2011-01-06,46.278141021728516,46.278141021728516,45.430792788518296,45.49597724713139,46666000
2011-01-07,47.2558479309082,47.58175033043171,46.864766046055195,46.864766046055195,169755000
2011-01-10,48.36391067504883,48.36391067504883,47.321024065005105,47.58174696073494,66767000
2011-01-11,48.55945587158203,48.82017877687709,48.10319451697252,48.29873296628697,81911000
2011-01-12,48.82017517089844,48.88535464918893,48.68981124144201,48.68981124144201,53397000
2011-01-13,48.62462615966797,49.08089240087238,48.363903303676146,48.95052848643903,92995000
2011-01-14,48.75498962402344,48.75498962402344,48.29872338703102,48.49426677043846,28681000
2011-01-17,49.40679931640625,49.471978793239174,49.0808969593663,49.14607643619922,67207000
2011-01-18,50.0586051940918,50.44968703705532,49.01571364902183,49.211257056941314,56518000
2011-01-19,50.84077453613281,51.036317965806795,49.9282468191142,50.12379024878818,86839000
2011-01-20,49.79787063598633,50.188952387286434,49.60232727389914,50.188952387286434,43578000
2011-01-21,48.62462615966797,49.015707957218275,48.23354436211766,48.23354436211766,81340000
2011-01-24,49.080902099609375,49.14608158326855,48.62463576824348,49.01571764307436,40750000
2011-01-25,48.88535690307617,49.47198218048822,48.820177421780535,49.47198218048822,43750000
2011-01-26,48.62462615966797,49.015707957218275,48.42908774733024,48.62462615966797,66493000
2011-01-27,49.015724182128906,49.1460881397146,48.75500621271054,48.820185705065136,69734000
2011-01-28,49.73270797729492,50.123789860739215,48.82018026734093,49.0157187226251,97365000
2011-02-08,49.21125030517578,50.18895726488126,48.75498904646313,50.18895726488126,105232000
2011-02-09,48.103187561035156,49.27643300589267,48.103187561035156,49.2112535322131,79084000
2011-02-10,46.9299430847168,47.842470750383654,46.9299430847168,47.64692733171372,83493000
2011-02-11,46.53885269165039,47.190657337267695,46.212950368841746,47.060293424419356,111841000
2011-02-14,47.2558479309082,47.5165708451022,46.6040431318612,46.9299455313847,64830000
2011-02-15,47.2558479309082,47.64692981576122,46.53886364653169,47.190668445578694,56427000
2011-02-16,46.9951286315918,47.38621054652693,46.86476965090554,47.19067207549754,53849000
2011-02-17,47.2558479309082,47.5165708451022,46.669222617190705,47.190668445578694,49280000
2011-02-18,47.58173751831055,48.168362674070124,47.58173751831055,47.64691698608947,73532000
2011-02-21,47.84246826171875,47.84246826171875,47.125484052017846,47.64692485322057,37954000
2011-02-22,47.2558479309082,47.2558479309082,46.40849970299671,47.060304502043714,82528000
2011-02-23,46.278141021728516,46.86476633911436,45.95223862016705,46.60404342328999,78154000
2011-02-24,45.95223617553711,46.53886146171486,45.95223617553711,46.27813855976078,62708000
2011-02-25,45.95223617553711,46.34331804203037,45.56115430904386,46.0174156578067,78655000
2011-03-01,46.53885269165039,46.799575544472276,45.62632519321121,45.62632519321121,77441000
2011-03-02,45.887054443359375,46.278136290677324,45.887054443359375,46.147777332529834,52968000
2011-03-03,46.14777374267578,46.669214507578126,45.691507478901734,45.691507478901734,59349000
2011-03-04,46.79957962036133,46.92993857168815,46.473677269169045,46.604036220495864,55215000
2011-03-07,46.212955474853516,46.73439626523582,46.212955474853516,46.66921678804745,30090000
2011-03-08,46.604034423828125,46.79957781615504,45.95222974657179,45.95222974657179,49251000
2011-03-09,46.53885269165039,47.060293424419356,46.343309308815286,47.060293424419356,42715000
2011-03-10,45.95223617553711,46.9951228104777,45.691513273583034,46.9951228104777,61899000
2011-03-11,45.62633514404297,46.01741702213102,45.30043275015695,45.62633514404297,52528000
2011-03-14,45.82188034057617,45.952239314018705,45.039711581292764,45.82188034057617,47199000
2011-03-15,44.322731018066406,45.691520246107864,43.149480266672875,45.62634075389189,114456000
2011-03-16,44.64862060546875,45.03970241911682,44.38789773874502,44.84416399873032,60944000
2011-03-17,43.931640625,43.996820104654006,42.823569579379686,43.5405587742004,104629000
2011-03-18,44.51826095581055,44.58344042824384,43.801271840419396,44.192358620769106,55649000
2011-03-21,44.97452163696289,45.03970110852843,44.32271697555763,44.51826036312918,34725000
2011-03-22,44.713809967041016,45.30043530367827,44.583450991288814,45.30043530367827,31467000
2011-03-23,44.778987884521484,45.039710799758524,44.38790599810392,45.039710799758524,31189000
2011-03-24,45.23525619506836,45.69151758690268,44.97453326850181,45.039712756924395,44701000
2011-03-25,46.40850067138672,46.40850067138672,45.62633688535955,45.88705980499397,51518000
2011-03-28,46.278141021728516,46.278141021728516,45.821879648692864,46.01741810590414,28535000
2011-03-29,46.14777374267578,46.408491638689405,45.887050873787054,46.01740982179387,34785000
2011-03-30,45.82188034057617,46.14778274705858,45.6263369075363,45.82188034057617,60127000
2011-03-31,46.017417907714844,46.27814082241633,45.62633602210061,46.27814082241633,41950000
2011-04-01,46.08259201049805,46.14777646121654,45.69151017056409,46.08259201049805,26616000
2011-04-06,47.516563415527344,47.516563415527344,46.60403584496694,46.60403584496694,114050000
2011-04-07,47.451377868652344,47.58173680224841,47.125475561787624,47.58173680224841,45048000
2011-04-08,47.516563415527344,47.581742890665545,47.19066106696114,47.516563415527344,64884000
2011-04-11,46.343318939208984,47.58174901780932,46.21295997214614,47.58174901780932,42409000
2011-04-12,45.691505432128906,46.08258723150575,45.691505432128906,45.95222828933843,45901000
2011-04-13,46.08259201049805,46.14777646121654,45.626330692721,45.69151017056409,27328000
2011-04-14,45.49596405029297,45.95222529098269,45.365600143756936,45.82186635732121,46816000
2011-04-15,45.10487365722656,45.626319295467276,45.039694195665014,45.626319295467276,51993000
2011-04-18,44.97452163696289,45.49596735523706,44.844162693831805,45.49596735523706,27120000
2011-04-19,44.38789367675781,44.6486165196225,44.32271420926029,44.6486165196225,42649000
2011-04-20,45.49596405029297,45.49596405029297,44.648616062869706,44.97451836989795,48039000
2011-04-21,46.08259201049805,46.4736788233074,45.82187409912567,46.08259201049805,50849000
2011-04-22,46.212955474853516,46.27813495204188,45.82187363884795,46.212955474853516,25299000
2011-04-25,45.82188034057617,46.343321207222374,45.69151639425757,46.278141720501104,22040000
2011-04-26,45.82188034057617,45.82188034057617,45.039711581292764,45.43079347449643,31838000
2011-04-27,47.12548828125,47.38620621881152,46.60404246037517,46.60404246037517,58612000
2011-04-28,47.58173751831055,48.037998765637646,47.51655805053162,47.842460362300876,83054000
2011-04-29,47.71209716796875,48.16836339499935,47.51655876170538,48.03799948461574,92890000
2011-05-03,48.62462615966797,48.75499007410131,47.97282150612584,48.16836489133842,81495000
2011-05-04,48.103187561035156,48.49426937598766,47.581741825848425,48.49426937598766,46461000
2011-05-05,48.75498962402344,48.75498962402344,47.97282106326849,48.23354391685348,45326000
2011-05-06,48.88535690307617,49.27643876372565,48.49427504242669,48.88535690307617,53441000
2011-05-09,49.21125030517578,49.602332094483025,49.01570692408479,49.276429774581196,59843000
2011-05-10,48.494266510009766,49.27643009368945,48.494266510009766,49.27643009368945,43183000
2011-05-11,48.88535690307617,49.08090031983874,48.62463400501797,49.08090031983874,43103000
2011-05-12,49.34161376953125,49.537157168557215,48.298727244768244,48.36390672015183,58360000
2011-05-13,49.47198486328125,49.60234383294169,49.211261951084424,49.537164348111475,37218000
2011-05-16,48.82017517089844,49.47197989955429,48.68981124144201,49.47197989955429,25843000
2011-05-17,49.27643966674805,49.53716256958417,48.62463489609562,48.62463489609562,41026000
2011-05-18,49.080902099609375,49.406804490781084,48.820179192096845,49.080902099609375,27879000
2011-05-19,49.015724182128906,49.73271351665893,48.820185705065136,48.820185705065136,52635000
2011-05-20,49.21125030517578,49.53715262507761,48.820168515868545,49.53715262507761,32925000
2011-05-23,48.950538635253906,49.21126154530087,48.559456756621394,48.689815725206934,38984000
2011-05-24,48.75498962402344,48.950528034556065,48.36390285720856,48.82016909420098,34727000
2011-05-25,48.55945587158203,48.82017877687709,47.77729212857264,48.36391244939178,59534000
2011-05-26,48.36391067504883,48.8853564665085,48.233551713621715,48.8853564665085,33168000
2011-05-27,48.23353958129883,48.559441875767064,48.10318065266128,48.10318065266128,46500000
2011-05-30,48.950538635253906,49.08090257671533,48.23355436228165,48.23355436228165,33671000
2011-05-31,49.99341583251953,50.12377974928667,49.14607275147044,49.21125222341654,62660000
2011-06-01,50.188961029052734,50.384504424809485,49.73269973612049,49.73269973612049,44950000
2011-06-02,49.79787063598633,50.449675212444596,49.73269117291536,49.73269117291536,61778000
2011-06-03,50.31932830810547,50.31932830810546,49.60234402642442,50.18896933793653,35389000
2011-06-07,50.51487731933594,50.97113873823095,49.9282519429877,50.31933386959436,40816000
2011-06-08,50.51487731933594,50.84077975365423,50.254154377305994,50.254154377305994,58158000
2011-06-09,50.123779296875,50.84076342756049,50.05859982551721,50.84076342756049,33565000
2011-06-10,49.080902099609375,50.51487063161455,48.95053815941519,50.18896824044284,55263000
2011-06-13,48.6898078918457,48.8853512861403,48.16836712851859,48.55944894423269,68652000
2011-06-14,49.66750717163086,49.79787107178794,48.55944137110438,48.55944137110438,52699000
2011-06-15,50.188961029052734,50.449683899103356,49.602335814657614,50.188961029052734,85237000
2011-06-16,49.21125030517578,49.66751156388844,49.14607083577037,49.53715262507761,62276000
2011-06-17,48.36391067504883,48.95053594722205,48.298731194335275,48.8853564665085,79539000
2011-06-20,48.82017517089844,49.14607753522636,48.29872939882358,48.624631763151505,31713000
2011-06-21,49.47198486328125,49.667523317771916,49.080902981423975,49.1460824662542,40800000
2011-06-22,48.88535690307617,49.732705078546424,48.62463400501797,49.732705078546424,45315000
2011-06-23,48.36391067504883,48.820176985794944,48.10319275219461,48.689813051492216,53121000
2011-06-24,47.516563415527344,47.97282471436995,46.86475871839494,47.97282471436995,68685000
2011-06-27,46.9299430847168,46.995122566648206,46.66922018411545,46.9299430847168,64884000
2011-06-28,47.2558479309082,47.32102741623771,46.799586560725686,46.995125016714205,95586000
2011-06-29,48.54739761352539,49.02335040691925,47.867462087250516,48.20742985038795,93038000
2011-06-30,49.091339111328125,49.091339111328125,48.47940133517957,48.54739384502985,48764000
2011-07-01,49.499290466308594,49.635275447330876,48.95534016723045,49.09132514825273,40514000
2011-07-04,49.975257873535156,50.2472331035434,49.70328264352691,50.2472331035434,39959000
2011-07-05,49.771263122558594,49.83926080424507,49.227317981530256,49.771263122558594,34203000
2011-07-06,49.499290466308594,49.90725059686994,49.295307807280665,49.77126042835315,42991000
2011-07-07,48.68336868286133,49.15932652726123,48.61537618723131,49.023336348506305,47655000
2011-07-08,49.295326232910156,49.49930896818285,48.95535846578664,49.023350981712056,52356000
2011-07-11,48.479400634765625,49.36331362504083,47.73146747473041,49.36331362504083,47105000
2011-07-12,47.799468994140625,48.13943675316724,47.663478778032186,48.0034465370588,39821000
2011-07-13,49.091339111328125,49.295321828374966,47.66347565448818,47.93545088138531,69016000
2011-07-14,48.071434020996094,48.54739194632519,47.663473790353855,47.93544900661394,54343000
2011-07-15,47.52748489379883,47.731462398710626,47.255509699754406,47.59547739543609,88064000
2011-07-18,47.39149475097656,47.73146244700221,47.187517245858395,47.39149475097656,34351000
2011-07-19,46.57556915283203,47.459487138759606,46.57556915283203,47.323496963042786,57401000
2011-07-20,48.68336868286133,48.751361178491344,47.1875130290214,47.39149051591145,55120000
2011-07-21,48.68336868286133,48.68336868286133,48.00343335157138,48.5473836916013,32798000
2011-07-22,48.95534896850586,49.227324166941095,48.751366272805576,49.227324166941095,37196000
2011-07-25,48.95534896850586,49.29531666967604,48.54738876460073,49.227324166941095,32490000
2011-07-26,50.11124038696289,50.11124038696289,49.159334910816426,49.159334910816426,52821000
2011-07-27,49.90726089477539,50.24722860497482,49.635285689116735,50.1112384083977,35569000
2011-07-28,49.63528060913086,49.907255786953876,49.15932793856187,49.49929561396688,33682000
2011-07-29,48.95534896850586,49.227324166941095,48.47939626186579,48.81936396303597,60614000
2011-08-01,49.36330795288086,49.49929814248653,48.95534775905447,48.95534775905447,41072000
2011-08-02,48.54739761352539,49.02335040691925,48.411407395772585,48.95535789179104,33350000
2011-08-03,47.6634635925293,47.935438750599005,47.45948611459802,47.6634635925293,45976000
2011-08-04,47.59548568725586,48.07143846912991,47.32351044582943,47.32351044582943,43900000
2011-08-05,45.28369140625,46.23560189451847,44.87573125056204,44.87573125056204,89615000
2011-08-08,44.331787109375,45.82764813913646,43.51586668404733,44.87573751792381,97375000
2011-08-09,43.0399055480957,44.263788614185415,42.29197772819294,42.49595780691665,115504000
2011-08-10,44.739742279052734,45.555662517806745,44.195791994887145,44.26378448353425,109734000
2011-08-11,45.147708892822266,45.419684074028055,43.51586299308264,43.923823171143766,54267000
2011-08-12,44.263790130615234,45.963628501126536,44.263790130615234,45.69165332434572,61038000
2011-08-15,45.41969680786133,45.487689325351326,44.807753775458174,45.487689325351326,39616000
2011-08-16,44.8757209777832,45.4196711858447,44.8757209777832,45.4196711858447,38915000
2011-08-17,44.739742279052734,45.01171223364116,44.39977464832283,44.87572725634695,35809000
2011-08-18,43.787841796875,44.73975241609967,43.03991128355625,44.73975241609967,73212000
2011-08-19,43.447872161865234,43.447872161865234,42.83592927754411,42.90392177858083,43186000
2011-08-22,44.19580841064453,44.535776167649495,42.83593738262471,43.24389765353139,46280000
2011-08-23,45.41969680786133,45.623674360331336,44.19581074305502,44.19581074305502,46451000
2011-08-24,45.89563751220703,46.03162251131919,45.14770964209973,46.03162251131919,48112000
2011-08-25,45.5556755065918,45.96363574228599,45.147715270897606,45.82765072621987,30837000
2011-08-26,46.16761016845703,46.439585339275354,45.55566733098953,45.623659826820386,40454000
2011-08-29,47.187522888183594,47.52749062485999,46.30360469782656,46.643572434502964,38554000
2011-08-30,46.91553497314453,47.79945292444798,46.64355981985927,47.79945292444798,33717000
2011-08-31,47.187522888183594,47.187522888183594,46.09962716831831,46.983540171179364,47445000
2011-09-01,46.64357376098633,47.45949946471116,46.64357376098633,47.18752423013621,47910000
2011-09-02,45.89563751220703,47.25550825330946,45.623662326487505,47.25550825330946,42191000
2011-09-05,45.28369140625,45.62365906723911,44.807738755863184,44.9437237452609,49750000
2011-09-06,44.94373321533203,45.691661189604616,44.94373321533203,45.21570843893004,38972000
2011-09-07,46.64357376098633,46.64357376098633,45.41969298664328,45.55567801018268,40017000
2011-09-08,46.711570739746094,47.32351377918531,46.507593184930776,47.32351377918531,42602000
2011-09-09,47.11952590942383,47.66347112401947,46.847550708378265,47.255510916198865,38210000
2011-09-13,46.5075798034668,47.59547534528865,46.5075798034668,47.323500162959405,34863000
2011-09-14,45.691650390625,47.32349615903904,45.48767291175743,47.255503666083186,60617000
2011-09-15,46.983543395996094,47.459501372509045,46.57558312148238,46.9155508814932,42178000
2011-09-16,48.343406677246094,48.955349584552096,47.79946146102615,47.8674539646167,76993000
2011-09-19,48.411407470703125,48.75137523436676,48.07143970703949,48.547397688666415,28682000
2011-09-20,47.93544387817383,48.751364252165935,47.39149350384894,48.27541156525307,46860000
2011-09-21,48.95534896850586,49.02334147124081,48.20742106343056,48.275413566165504,52306000
2011-09-22,46.91553497314453,47.93543790734333,46.91553497314453,47.731455245505735,64836000
2011-09-23,45.89563751220703,46.84754806847777,45.82764501265095,46.3715901965948,85391000
2011-09-26,45.691650390625,45.827640564031405,45.691650390625,45.827640564031405,26574000
2011-09-27,47.52748489379883,47.731462398710626,46.71155931166557,46.847549502435456,56625000
2011-09-28,47.799468994140625,48.2074292674733,47.45950123511401,48.13943675316724,42230000
2011-09-29,47.799468994140625,48.2074292674733,47.1195334760874,47.32351101900557,39894000
2011-09-30,47.59548568725586,48.139436170108716,46.915550177437915,47.79946841519974,60198000
2011-10-03,46.64357376098633,47.59548448825056,46.30360601464168,47.59548448825056,33871000
2011-10-04,46.983543395996094,47.59548640151484,46.371600390477354,47.59548640151484,35690000
2011-10-05,46.983543395996094,47.39150367050981,46.711568150488176,46.847558366990306,30824000
2011-10-06,46.91553497314453,47.52747777116272,46.71155231130694,47.391487600772805,57224000
2011-10-07,46.983543395996094,46.9835433959961,46.9835433959961,46.9835433959961,13073000
2011-10-11,47.59548568725586,47.867460928682284,47.32351044582943,47.59548568725586,55155000
2011-10-12,47.867454528808594,47.935447033200546,47.323504118681846,47.935447033200546,41221000
2011-10-13,47.867454528808594,47.867454528808594,46.77955889605067,47.45949431496132,58272000
2011-10-14,47.799468994140625,48.13943675316724,47.52749374942007,48.13943675316724,35631000
2011-10-17,48.343406677246094,48.343406677246094,47.93544646820726,48.13942916647443,38911000
2011-10-18,48.071434020996094,48.071434020996094,47.59548128316278,47.663473790353855,25527000
2011-10-19,48.343406677246094,48.343406677246094,47.73146376994009,48.275414173655534,31141000
2011-10-20,47.39149475097656,48.07143014302785,47.323502249270504,47.93544513961574,25687000
2011-10-21,47.799468994140625,48.071439051364855,47.32351101900557,48.071439051364855,17897000
2011-10-24,48.751365661621094,48.887355852881555,48.41139796471301,48.41139796471301,50063000
2011-10-25,48.615379333496094,48.95534702114292,48.27541164584927,48.819362021082284,40816000
2011-10-26,48.887367248535156,48.95535976626677,48.34341673168911,48.547399472380526,25653000
2011-10-27,48.887367248535156,49.09134480172998,48.547399472380526,48.95535976626677,38771000
2011-10-28,49.703277587890625,50.31522049629056,49.02334217577859,49.97525279023454,90679000
2011-10-31,50.04323959350586,50.179229772934896,49.70327192617567,49.975247097538805,46670000
2011-11-01,50.179237365722656,50.31522237823311,49.63528694068942,49.975254659461264,37063000
2011-11-02,50.24723434448242,50.247234344482415,49.22733109738533,49.70328387103217,34533000
2011-11-03,49.975257873535156,50.45121063542755,49.15933737100647,50.45121063542755,36408000
2011-11-04,50.723182678222656,50.9271653847855,50.247229946236956,50.65519017186694,56744000
2011-11-07,50.99515914916992,51.13114416523604,50.519206405442674,50.99515914916992,28458000
2011-11-08,50.655189514160156,50.99515722902029,50.31522179930002,50.99515722902029,21447000
2011-11-09,50.38321304321289,50.92716344836724,50.38321304321289,50.92716344836724,17538000
2011-11-10,49.36330795288086,49.90725833631292,49.29531545182568,49.29531545182568,45120000
2011-11-11,49.90726089477539,50.043245903856935,49.36331048345807,49.97525339931616,27464000
2011-11-14,51.60710906982422,51.67510158704471,50.72319078346826,50.92717352262626,63557000
2011-11-15,51.67509078979492,51.67509078979492,50.99515538466604,51.33512308723048,35895000
2011-11-16,51.26713180541992,51.67509202071593,50.927164094757316,51.67509202071593,38931000
2011-11-17,51.47110366821289,51.67508634721306,50.859166006202436,51.13113599487597,34876000
2011-11-18,50.451210021972656,51.13114549497766,50.111242285470155,50.99516047537505,52324000
2011-11-21,49.83927536010742,50.24723563189964,49.63529263046316,49.7712776585618,21320000
2011-11-22,50.31521224975586,51.131132535564845,50.17922726461925,51.131132535564845,42423000
2011-11-23,49.90726089477539,50.65518881971502,49.7032781936575,50.31522110951559,42823000
2011-11-24,49.499290466308594,49.77126042835315,49.3633002977918,49.56728295681973,46889000
2011-11-25,48.68336868286133,49.83926185855118,48.47939119597128,49.63527918416624,36741000
2011-11-28,50.04323959350586,50.58718993623214,48.683368924185075,48.683368924185075,34892000
2011-11-29,50.04323959350586,50.45119975680311,49.56728693424156,50.179229772934896,42495000
2011-11-30,50.723182678222656,50.72318267822265,49.63528701404412,50.315222452592664,51206000
2011-12-01,52.08305740356445,52.08305740356445,51.33512940339827,51.33512940339827,78257000
2011-12-02,51.67509078979492,52.219041188896206,51.26713058421668,52.083050995373156,35285000
2011-12-05,51.87907791137695,51.87907791137695,51.26713495706596,51.67509519744132,28821000
2011-12-06,51.26713180541992,51.879074722111724,51.19913930078651,51.879074722111724,40835000
2011-12-07,51.947059631347656,52.01505212603959,51.26712430943864,52.01505212603959,40811000
2011-12-08,51.87907791137695,52.15104794662992,51.19914244825272,52.15104794662992,31661000
2011-12-09,50.38321304321289,51.67509136483282,49.9752528330949,51.67509136483282,41947000
2011-12-12,50.99515914916992,51.13114416523604,50.383216201880714,51.06315165720298,28286000
2011-12-13,51.13115310668945,51.13115310668945,50.11124974535259,50.11124974535259,29883000
2011-12-14,50.655189514160156,51.06314973449319,50.247229293827125,51.06314973449319,27551000
2011-12-15,49.295326232910156,50.38322205020613,49.295326232910156,50.38322205020613,35609000
2011-12-16,49.431304931640625,49.90726285713186,49.29531991721214,49.49930262635064,20783000
2011-12-19,49.295326232910156,49.97526176715719,48.95535846578664,49.97526176715719,24429000
2011-12-20,49.499290466308594,49.56728295681973,48.95534016723045,49.56728295681973,26756000
2011-12-21,51.67509078979492,51.67509078979492,50.38321248255095,50.927162881652244,52799000
2011-12-22,50.99515914916992,51.335126876831055,50.58719891347573,51.19914186076494,25805000
2011-12-23,51.26713180541992,51.53910701144912,50.723181393361514,51.53910701144912,28697000
2011-12-26,50.99515914916992,51.335126876831055,50.791176437574904,51.267134368798,11293000
2011-12-27,51.33511734008789,51.33511734008789,50.79116700188371,50.859164684780396,14575000
2011-12-28,51.47110366821289,51.4711036682129,50.92715850337082,51.199133679539365,19957000
2011-12-29,51.53911590576172,51.60710842212887,51.13115043256589,51.267140652796655,24738000
2011-12-30,51.53911590576172,51.60710842212887,50.92717288346445,51.47111820189809,32240000
2012-01-02,47.45948791503906,51.267124709978916,47.45948791503906,50.99514954159146,26261000
2012-01-03,47.93544387817383,51.607095936128744,47.93544387817383,51.3351207489663,56936000
2012-01-04,47.93544387817383,51.743080935962354,47.93544387817383,51.743080935962354,56684000
2012-01-05,51.67509078979492,51.67509078979492,51.19913808120289,51.67509078979492,56718000
2012-01-06,51.40311813354492,51.60710084017434,50.92716540140391,51.60710084017434,29866000
2012-01-09,51.40311813354492,51.40311813354492,50.7231826947745,51.13114292053761,27627000
2012-01-10,52.015079498291016,52.01507949829101,51.53912659748868,51.6751116584329,56436000
2012-01-11,52.015079498291016,52.35504733814912,51.74310418890501,52.2190622772049,41075000
2012-01-12,52.35503005981445,52.42302256784751,52.01506233215332,52.151047348219436,55391000
2012-01-13,52.69500732421875,53.034975113407256,52.355039535030244,52.49102457570693,57301000
2012-01-16,51.19913864135742,52.28703426396689,50.72318074006262,51.743083858914396,37659000
2012-01-17,51.40311813354492,51.60710084017434,50.92716540140391,51.60710084017434,43605000
2012-01-18,52.15104293823242,52.15104293823242,51.40311503812325,51.607097732469114,56756000
2012-01-30,53.51090621948242,54.054856536355565,52.49100326596628,53.03495358283942,134364000
2012-01-31,53.37491989135742,53.37491989135742,51.87906433882675,53.10294473976243,84114000
2012-02-01,52.35503005981445,52.8309828035417,52.151047348219436,52.694997787475586,46150000
2012-02-02,52.21903991699219,52.694992613991396,51.74308203249765,52.694992613991396,53946000
2012-02-03,51.81106185913086,51.94705201607383,51.40310176329008,51.879059531349384,47741000
2012-02-06,52.62699508666992,52.69498758153423,52.08304475276583,52.55900259180562,47544000
2012-02-07,52.62699508666992,52.69498758153423,52.21903492998927,52.69498758153423,29943000
2012-02-08,52.69500732421875,52.69500732421875,52.28704701469189,52.69500732421875,34702000
2012-02-09,53.034969329833984,53.034969329833984,52.01506607349102,52.35503382560534,54953000
2012-02-10,52.28702926635742,53.034957111195794,52.151039084344525,53.034957111195794,42117000
2012-02-13,52.08305740356445,52.42302514795782,51.81108217055054,51.94707238080555,36380000
2012-02-14,52.55900573730469,52.62699823623814,51.81107268655129,52.42301555194263,41995000
2012-02-15,53.37491989135742,53.37491989135742,52.76297709714231,52.76297709714231,70978000
2012-02-16,53.37491989135742,53.64689504295242,53.03495224873731,53.37491989135742,57944000
2012-02-17,54.39482498168945,55.14275278768873,53.986864831825734,54.05485732555389,63929000
2012-02-20,54.39482498168945,54.93877530650425,54.190842313010215,54.80278513155317,31043000
2012-02-21,54.39482498168945,54.39482498168945,53.91887233809757,54.39482498168945,27443000
2012-02-22,54.19085693359375,54.39483965730712,53.71490416159077,54.32684714523471,41090000
2012-02-23,53.10293960571289,53.98685746606486,52.83096448041274,53.71488234076471,59936000
2012-02-24,53.782875061035156,53.782875061035156,52.490997100815555,52.694979742558566,39386000
2012-02-29,55.14276123046875,55.14276123046875,53.9868730976304,54.53081831823263,77948000
2012-03-01,54.462825775146484,55.07476868694498,54.46282577514648,55.07476868694498,21169000
2012-03-02,54.39482498168945,54.462817475417616,53.85087465687466,54.39482498168945,23782000
2012-03-05,53.646915435791016,54.12286824138562,53.37494018080988,53.51092521455219,22782000
2012-03-06,54.054866790771484,54.1228592964054,53.2389463481732,54.1228592964054,27703000
2012-03-07,53.782875061035156,53.91886521802852,53.51089993454249,53.714882576285504,30305000
2012-03-08,54.19085693359375,54.53082468145192,53.85088918573558,54.25885463316231,36169000
2012-03-09,54.39482498168945,54.39482498168945,53.57890468196201,54.05485732555389,22702000
2012-03-12,54.39482498168945,54.73479263782501,54.12284981928205,54.53080996914577,28913000
2012-03-13,55.27875518798828,55.27875518798829,54.46282952031746,54.80279725163966,47221000
2012-03-14,56.57061767578125,56.57061767578125,55.75469735052759,56.02667252144378,60618000
2012-03-15,56.57061767578125,56.57061767578125,56.0946650172991,56.57061767578125,30072000
2012-03-16,55.14276123046875,56.97858996717709,55.14276123046875,56.570624567355985,29079000
2012-03-19,56.910606384277344,57.250574176746134,56.02669323635658,56.910606384277344,37321000
2012-03-20,56.57061767578125,57.18256051346895,56.29864769235997,57.11456801761363,29232000
2012-03-21,57.72651672363281,57.93049423193461,56.97858881820202,57.65852422086555,61534000
2012-03-22,57.93050003051758,58.270467765878585,57.31856225686453,57.79451501137156,37740000
2012-03-23,58.06650924682617,58.06650924682617,57.386573553508526,57.79453393199958,29341000
2012-03-26,56.842613220214844,57.86251658608292,56.09468512274427,57.86251658608292,58830000
2012-03-27,58.33846664428711,58.33846664428711,57.318563417551296,57.794516181696245,34236000
2012-03-28,58.13447189331055,58.81440723709195,57.52252904640827,58.81440723709195,28246000
2012-03-29,57.18256378173828,57.454538968199216,56.70661109605306,57.454538968199216,49391000
2012-03-30,57.72651672363281,57.72651672363282,56.36664591830576,56.91059112793931,43730000
2012-04-02,57.86249542236328,57.9304879177196,57.11456759845393,57.658517936294295,23624000
2012-04-03,57.794525146484375,57.794525146484375,56.97860451353275,57.794525146484375,31241000
2012-04-05,56.50264358520508,57.11458662222827,56.50264358520508,56.63863380870834,42645000
2012-04-06,56.97858810424805,57.11457310807866,56.50263021585017,57.11457310807866,34072000
2012-04-09,56.43464660644531,56.84260686971555,55.75471110516283,55.75471110516283,23209000
2012-04-10,55.75469970703125,56.77460275045256,55.61871470957313,56.502627568041184,33332000
2012-04-11,56.02666091918945,56.77458859370355,55.55070317177587,55.7546858045951,40711000
2012-04-12,56.162662506103516,56.23065500800347,55.41473461021321,56.09467000420355,36673000
2012-04-13,57.72651672363281,57.79450922640008,56.23065572527578,56.70661361963752,44685000
2012-04-16,57.72651672363281,57.79450922640008,56.97858881820202,57.52253402783558,19461000
2012-04-17,56.97858810424805,57.72651600030715,56.70661290909146,57.72651600030715,29423000
2012-04-18,57.794525146484375,57.794525146484375,57.38656483000856,57.794525146484375,32325000
2012-04-19,58.33846664428711,58.33846664428711,57.318563417551296,57.454548439450974,31398000
2012-04-20,57.31855010986328,58.27045541714867,57.18255993204047,57.794502763505974,27633000
2012-04-23,57.31855010986328,57.522527595355214,56.706607278397776,57.25055242720445,20301000
2012-04-24,57.52254104614258,57.52254104614257,56.84260556052033,56.97859577014243,24868000
2012-04-25,57.25054931640625,57.72650713168189,57.04657184199775,57.72650713168189,31076000
2012-04-26,57.114585876464844,57.250570910695906,56.77461810339065,57.250570910695906,21008000
2012-04-27,58.474449157714844,61.05820596293779,58.474449157714844,59.15438461303711,116673000
2012-04-30,59.01838684082031,59.42634698833857,58.27045385162632,58.6784191866393,47549000
2012-05-02,60.10628128051758,60.44624892895094,59.01838584302974,59.15437082740523,47424000
2012-05-03,60.44625473022461,60.51424722893787,59.766319368101705,60.10628704916316,27641000
2012-05-04,59.562347412109375,59.83432264344242,58.95040443848405,58.95040443848405,37633000
2012-05-07,58.202476501464844,58.814419475705506,57.794516247803095,58.814419475705506,46464000
2012-05-08,57.38654327392578,58.47443877171451,57.38654327392579,58.47443877171451,45605000
2012-05-09,57.52254104614258,57.93050130001671,56.77461304945732,57.04658828120544,40753000
2012-05-10,57.99848937988281,58.27045937903029,57.31855400702367,57.79450669302698,28381000
2012-05-11,58.13447189331055,58.270456887068825,57.45453654952913,58.270456887068825,33565000
2012-05-14,58.06650924682617,58.134501778658404,57.65854886833512,57.65854886833512,13924000
2012-05-15,58.13447189331055,58.270456887068825,57.18256137451757,58.0664793964314,30654000
2012-05-16,56.70661163330078,57.45453951253293,56.70661163330078,57.25055682388086,64877000
2012-05-17,57.86249542236328,57.86249542236328,57.18256009381025,57.658517936294295,33612000
2012-05-18,55.61873245239258,57.04659613118328,55.61873245239257,57.04659613118328,57538000
2012-05-21,56.09467315673828,56.298655861397414,55.074770008433944,55.074770008433944,32372000
2012-05-22,55.89070510864258,56.366663148495405,55.89070510864258,56.23067291389587,33935000
2012-05-23,53.782875061035156,55.21073799075406,53.714882576285504,55.074753021254764,62853000
2012-05-24,54.802799224853516,54.802799224853516,53.1029605070386,53.64691097173781,40831000
2012-05-25,54.39482498168945,54.73479263782501,53.85087465687466,54.25883999423313,28205000
2012-05-28,55.48271942138672,55.55071191386191,54.25883899434927,54.39482397929965,28830000
2012-05-29,55.95868682861328,56.57062455320073,55.75470412875377,56.09467183685593,40599000
2012-05-30,55.55070495605469,55.75468759542579,54.59879980564018,55.48271247209565,75216000
2012-05-31,57.86249542236328,57.86249542236328,54.19084361067798,54.73479394851835,81199000
2012-06-01,54.32684326171875,55.550723954022224,54.32684326171875,55.550723954022224,66832000
2012-06-04,52.015079498291016,52.42303986862123,51.74310418890501,52.01507949829101,65908000
2012-06-05,53.17094039916992,53.17094039916992,52.4910050734133,52.69498774613823,37461000
2012-06-06,52.89897537231445,53.442920571357774,52.69499268048862,53.17094537808844,33650000
2012-06-07,54.258853912353516,54.258853912353516,53.442928215835494,53.986878680180844,47636000
2012-06-08,52.96697235107422,53.510917596097414,52.355029411364306,52.355029411364306,34628000
2012-06-11,54.66682434082031,54.734816864643435,54.12287377524118,54.326856534207614,36966000
2012-06-12,53.986873626708984,54.25884883342327,53.37493070847575,53.37493070847575,38319000
2012-06-13,54.39482498168945,54.93877530650425,54.05485732555389,54.93877530650425,32241000
2012-06-14,53.85087585449219,54.530811181884744,53.78288335925191,54.39482619140418,30382000
2012-06-15,53.10293960571289,54.054849950516385,53.10293960571289,53.85086730966776,83325000
2012-06-18,54.938777923583984,55.07476291751812,54.39482757285741,54.39482757285741,33626000
2012-06-19,54.73481369018555,55.006788957201344,54.39484590328998,55.006788957201344,28864000
2012-06-20,55.48271942138672,55.48271942138671,54.734791629170275,55.27874194396114,28945000
2012-06-21,54.802799224853516,55.07477445720312,54.598821691213374,54.73480671364013,27004000
2012-06-22,54.462825775146484,55.07476868694498,54.32684076696706,54.39483327105677,30162000
2012-06-25,54.12285614013672,54.93878172264854,53.78288844429729,54.93878172264854,39476000
2012-06-26,53.51090621948242,53.78288137791899,53.23893624854052,53.71488888518352,36877000
2012-06-27,53.91887664794922,54.054861646275114,53.17094359467129,53.23894128132941,31889000
2012-06-28,54.32684326171875,54.59881847806256,54.05486804537494,54.394835768930754,33067000
2012-06-29,55.27875518798828,55.27875518798829,53.91888426269948,54.12286178899526,47813000
2012-07-02,56.63861083984375,56.910580801564095,55.414725262124186,55.414725262124186,61179000
2012-07-03,57.25054931640625,57.72650713168189,56.70660419715569,56.842589180094684,59905000
2012-07-04,57.25019454956055,57.88474214054521,57.25019454956055,57.88474214054521,38922000
2012-07-05,57.109188079833984,57.814239784523295,56.897670416780144,57.814239784523295,26863000
2012-07-06,57.038700103759766,57.109204218328934,56.47465642896812,57.109204218328934,38090000
2012-07-09,56.40412902832031,56.61564666382328,56.12210730735532,56.33362494285829,45026000
2012-07-10,55.76958084106445,56.333624276320684,55.41705503880853,55.98109847406476,33429000
2012-07-11,55.06452560424805,55.20553914331864,54.57099166529221,55.06452560424804,58592000
2012-07-12,53.37240982055664,54.64150499135772,53.37240982055664,54.64150499135772,68200000
2012-07-13,53.44292449951172,53.58393269706735,52.52635507804629,52.80837685227549,51423000
2012-07-16,53.23139572143555,53.7954391522498,53.23139572143554,53.7954391522498,35444000
2012-07-17,52.73786544799805,53.019881804043074,52.52634780184709,52.52634780184709,51636000
2012-07-18,52.73786544799805,53.090391272171516,52.73786544799805,52.87887362602056,37193000
2012-07-19,54.641517639160156,54.9940435594128,54.14798350245391,54.14798350245391,61961000
2012-07-20,54.077457427978516,54.28897506689895,53.724931615855795,53.86594516817508,48352000
2012-07-23,52.38534164428711,52.94937975724886,52.032815806516986,52.94937975724886,57404000
2012-07-24,52.73786544799805,52.73786544799805,52.31483015569613,52.38533962382458,39904000
2012-07-25,52.59684753417969,53.01987741232419,52.4558393678371,52.878869245981605,52097000
2012-07-26,53.795448303222656,54.07746468748588,53.0198871091456,53.37241296859236,46806000
2012-07-27,55.91059875488281,55.98110284501551,54.429985966509605,54.9235253556731,72384000
2012-07-30,55.69908142089844,56.686154825699845,55.55807323983422,56.40413308445411,37840000
2012-07-31,57.109188079833984,57.109188079833984,55.346558818110715,55.346558818110715,67536000
2012-08-01,56.40412902832031,56.75665483474731,55.98109913643129,56.474633113782325,35881000
2012-08-02,56.40412902832031,56.40412902832031,56.40412902832031,56.40412902832031,0
2012-08-03,56.263126373291016,56.47463865041319,55.840091060811766,56.05160871705139,46567000
2012-08-06,57.038700103759766,57.461730170293926,56.897686495502285,57.038700103759766,58403000
2012-08-07,57.39120864868164,57.39120864868164,56.897669238152154,57.32070455549671,40024000
2012-08-08,56.756675720214844,57.74374941725975,56.47465389547074,57.74374941725975,39881000
2012-08-09,58.0257568359375,58.0257568359375,57.32070513868002,57.32070513868002,54211000
2012-08-10,57.814239501953125,58.09626125827398,57.25019598931143,58.02575716397317,29859000
2012-08-13,58.30777359008789,59.08333476540021,58.16676540136798,59.08333476540021,30234000
2012-08-14,58.66029357910156,59.083328861222725,58.37827722984354,58.51928540447255,33268000
2012-08-15,58.519290924072266,59.012824960941515,58.166765075132076,59.012824960941515,27260000
2012-08-16,58.448787689208984,58.80131354333073,58.16676593008806,58.519291784209805,27999000
2012-08-17,57.814239501953125,58.66029939179809,57.814239501953125,58.51929120319646,27049000
2012-08-20,58.09624099731445,58.3077532064524,57.7437152696355,58.3077532064524,20997000
2012-08-21,58.94234085083008,59.153858583554346,58.307793031776676,58.307793031776676,36814000
2012-08-22,58.09624099731445,58.80129245267236,57.7437152696355,58.5897748644187,33548000
2012-08-23,58.30777359008789,58.37828306356545,57.95524773917051,58.09626130700802,22336000
2012-08-24,57.814239501953125,58.02575716397317,57.60272183993309,58.02575716397317,25460000
2012-08-27,58.519290924072266,58.87181677301246,58.09626098116755,58.44878683010774,25691000
2012-08-28,58.09624099731445,58.80129245267236,57.81421933934815,58.025736927601805,31760000
2012-08-29,58.30777359008789,58.51929125228536,57.884743644810555,58.237269495727936,18411000
2012-08-30,58.30777359008789,58.66029944100528,58.02575721264807,58.02575721264807,45455000
2012-08-31,58.73079299926758,58.73079299926758,58.096245563746166,58.096245563746166,13487000
2012-09-03,59.153831481933594,59.153831481933594,58.378275782468286,58.87180976055068,20728000
2012-09-04,59.22434997558594,59.22434997558594,58.87182408287411,59.22434997558594,21632000
2012-09-05,57.814239501953125,58.730808865216495,57.743735407652316,58.51929120319646,43274000
2012-09-06,57.17969512939453,58.37828631677736,57.10919103110563,58.37828631677736,25755000
2012-09-07,59.08333206176758,59.15383615290129,58.378280392195734,58.51928857446316,44441000
2012-09-10,58.87181854248047,58.94232263856408,58.660300875111886,58.730810350313234,16875000
2012-09-11,59.50635528564453,59.71786753522361,59.22433357375568,59.36534174014173,31566000
2012-09-12,59.576873779296875,59.85889555940118,59.576873779296875,59.576873779296875,37428000
2012-09-13,59.929405212402344,59.929405212402344,59.57687929938822,59.57687929938822,29565000
2012-09-14,60.98696517944336,60.98696517944336,60.28191355887176,60.352417645105525,51715000
2012-09-17,60.98696517944336,61.33949098972916,60.49343119669003,61.268986903495396,24786000
2012-09-18,60.42292785644531,60.98697136172679,60.2114155763029,60.98697136172679,35483000
2012-09-19,60.63444900512695,60.91647077399762,59.9999013699474,60.56394490768874,41915000
2012-09-20,60.140899658203125,60.634433593949154,59.999886120049645,60.634433593949154,24807000
2012-09-21,60.42292785644531,60.98697136172679,60.1409114829221,60.634445515705245,50990000
2012-09-24,60.7049446105957,60.916462252439125,59.9998929766071,60.422922881176845,30299000
2012-09-25,60.56393051147461,60.77544275351219,60.422916970999665,60.49342643079541,35885000
2012-09-26,60.916473388671875,60.916473388671875,59.929399844816,60.21142162579169,36796000
2012-09-27,61.76253890991211,61.90355250264747,60.77546527723874,61.19850067632629,53924000
2012-09-28,63.31363296508789,63.3136329650879,62.39706377493933,62.46756785592385,58535000
2012-10-01,62.67908477783203,62.890597018422895,62.25605491753379,62.890597018422895,38119000
2012-10-02,63.17263412475586,63.31364769865642,62.67910006389846,62.890612356072566,23575000
2012-10-03,63.31363296508789,63.38413704607242,62.96110718104869,63.172619424002264,26330000
2012-10-04,63.87767028808594,63.87767028808594,63.10211464757039,63.384136347516915,36462000
2012-10-05,64.15968322753906,64.37120081839704,63.736653424938886,64.15968322753906,35197000
2012-10-08,62.82011795043945,64.1597175240174,62.74961384217086,64.1597175240174,38011000
2012-10-09,61.40999984741211,62.39707326872962,61.40999984741211,61.48050393912392,60022000
2012-10-11,60.281917572021484,60.422925753876356,59.78838355641211,59.999895829194415,74170000
2012-10-12,60.845947265625,60.845947265625,60.140895757931155,60.35240798276964,23657000
2012-10-15,60.916473388671875,60.916473388671875,60.21142162579169,60.7049557081606,19093000
2012-10-16,61.692020416259766,61.692020416259766,61.12797693509276,61.12797693509276,29187000
2012-10-17,61.62152099609375,62.044550949471144,60.9869733764688,61.90354275805125,34739000
2012-10-18,62.11505889892578,62.18556299900995,61.33950303976387,61.33950303976387,20400000
2012-10-19,61.12797546386719,61.551010754119496,60.77544964140171,60.77544964140171,27597000
2012-10-22,60.63444900512695,60.84596667655941,60.35242723625628,60.84596667655941,20015000
2012-10-23,60.42292785644531,60.845963174965185,60.35242376306451,60.56394142232444,16134000
2012-10-24,60.2114372253418,60.91648917088651,59.99991949003061,59.99991949003061,28246000
2012-10-25,59.78837966918945,60.35241773905457,59.57686203104192,60.21140956636754,36358000
2012-10-26,61.55101776123047,62.256069486426156,60.84596603603479,60.986974229426814,65197000
2012-10-29,62.11505889892578,62.82011065800353,61.762533019386915,62.256072478212154,36010000
2012-10-30,62.04454803466797,62.749599716880105,61.83303037835735,62.60859153208465,30286000
2012-10-31,62.53807067871094,62.60858013739347,61.97403266306598,62.04453674263204,25911000
2012-11-01,62.8906135559082,62.8906135559082,61.83303593750761,62.46758358437155,35973000
2012-11-02,63.384159088134766,63.525167299139916,63.10213728700602,63.45466319363734,38858000
2012-11-05,63.66615676879883,63.66615676879883,62.60857944957703,63.3841350745164,31435000
2012-11-06,63.73666763305664,63.87767580565151,63.24312827074061,63.87767580565151,26333000
2012-11-07,64.15968322753906,64.15968322753906,63.454631763500174,63.807157495519625,22025000
2012-11-08,63.807159423828125,64.08918109378978,63.384129608443615,64.01867702107836,39566000
2012-11-09,64.01869201660156,64.08919610582763,63.102122719311055,63.66616619135401,36639000
2012-11-12,64.37122344970703,64.72374930566573,63.87768402389423,64.15970578448473,29882000
2012-11-13,63.66615676879883,64.15969069945577,62.96110522265096,64.15969069945577,37000000
2012-11-14,63.807159423828125,64.08918109378978,63.10210793848196,63.454633681155045,30190000
2012-11-15,63.595672607421875,63.87769441388447,62.74961256715263,63.38416028691384,25043000
2012-11-16,63.595672607421875,63.666182093376435,62.890620780824655,62.890620780824655,32472000
2012-11-19,63.45467758178711,63.8072035683526,63.24315983819995,63.24315983819995,23037000
2012-11-20,63.73666763305664,63.73666763305664,63.31363773615504,63.45464590874991,21424000
2012-11-21,63.807159423828125,64.08918109378978,62.89059034123173,63.66615127840527,30032000
2012-11-22,64.37122344970703,64.37122344970703,63.66617173778962,63.66617173778962,20745000
2012-11-23,67.33243560791016,67.33243560791016,64.51222888087727,64.5827329732296,63873000
2012-11-26,67.1914291381836,67.40294142063918,66.90940738245855,67.33243732648732,34282000
2012-11-27,67.8964614868164,67.8964614868164,66.48635848920125,66.6978707113739,48731000
2012-11-28,67.61447143554688,67.75547964961316,67.19144141422947,67.54396732851373,54692000
2012-11-29,68.03748321533203,68.60152667860858,67.33243157579491,67.68495739556347,48637000
2012-11-30,69.58861541748047,69.65912490574924,67.61447346568566,67.6849775748357,74919000
2012-12-03,69.02455139160156,69.51808535048649,68.2489957223038,69.3065731020144,41656000
2012-12-04,68.10799407958984,68.53102402957633,67.19143008447206,68.31951174414192,41419000
2012-12-05,68.31950378417969,68.46051195804031,66.69788288919727,66.69788288919727,60447000
2012-12-06,68.10799407958984,68.31951174414192,67.75546822474816,68.10799407958984,33074000
2012-12-07,69.16556549072266,69.44758722532916,68.460513843765,68.460513843765,37005000
2012-12-10,68.03748321533203,69.09506067463771,68.03748321533203,69.02455658650742,28995000
2012-12-11,69.30659484863281,69.30659484863281,68.17850765301687,68.60154304093204,40565000
2012-12-12,69.37708282470703,69.44758691326255,68.53101762468938,69.30657873615152,32453000
2012-12-13,69.94114685058594,70.08216045911033,69.02458260121364,69.30660443914326,39860000
2012-12-14,69.37708282470703,69.51809100181806,68.74253526947308,69.23606926847884,32975000
2012-12-17,68.3900146484375,68.88354868497507,67.82597113886521,67.96698470581707,46575000
2012-12-18,68.1784896850586,68.1784896850586,66.9799040794934,66.9799040794934,35265000
2012-12-19,68.60155487060547,68.60155487060547,67.82599344510184,68.17851940974191,27857000
2012-12-20,67.6849594116211,68.3195069819285,67.05041184131369,67.75546350185141,35458000
2012-12-21,66.8388900756836,68.03747557668322,66.69787653613766,67.05040231632772,34230000
2012-12-24,67.12091827392578,67.96698352356735,67.05041418123501,67.68496177368682,16019000
2012-12-25,68.03748321533203,68.60152667860858,67.40293566392519,67.68495739556347,15925000
2012-12-26,67.6849594116211,68.60152872196704,67.6849594116211,68.03748524188995,11988000
2012-12-27,67.40293884277344,68.1784946070175,67.33243475131805,67.82596877062316,24172000
2012-12-28,68.3900146484375,68.3900146484375,67.61445885711377,68.24900646060321,25594000
2013-01-02,70.22313690185547,70.43465452933853,68.46050793655228,68.81303372961291,40527000
2013-01-03,71.21022033691406,71.91527202341817,70.50516865040997,70.85769449366201,44107000
2013-01-04,71.562744140625,71.562744140625,70.50516664100985,70.8576924742149,39278000
2013-01-07,70.85769653320312,71.21022238660215,69.87062306786234,71.21022238660215,40288000
2013-01-08,70.29364013671875,70.50515776165037,69.72960210209554,70.22313605478043,31090000
2013-01-09,70.50516510009766,70.85769092559815,69.94112162764999,70.85769092559815,26137000
2013-01-10,71.21022033691406,71.21022033691406,70.15264280715792,70.43466455758305,35738000
2013-01-11,71.21022033691406,71.56274618016612,70.85769449366201,71.56274618016612,22418000
2013-01-14,71.91529083251953,71.91529083251953,70.50518709070542,71.21023896161248,23448000
2013-01-15,70.85769653320312,71.91527409340019,70.36416249009156,71.91527409340019,35617000
2013-01-16,69.94114685058594,70.85771647907738,69.94114685058594,70.85771647907738,34626000
2013-01-17,70.01164245605469,71.21022830559066,69.44759889208595,70.85770242288972,33698000
2013-01-18,71.562744140625,71.562744140625,70.8576924742149,71.562744140625,49737000
2013-01-21,70.85769653320312,71.21022238660215,70.50517067980411,71.21022238660215,17257000
2013-01-22,71.21022033691406,71.21022033691406,70.43466455758305,71.21022033691406,21797000
2013-01-23,71.21022033691406,71.56274618016612,70.50516865040997,71.56274618016612,23184000
2013-01-24,70.43466186523438,70.85769178514312,69.94112247607644,70.5051659553663,39614000
2013-01-25,69.80014038085938,70.43468818741832,69.0950884578204,70.43468818741832,47836000
2013-01-28,70.01164245605469,70.15265065748783,69.51810299280251,69.58860709351909,29117000
2013-01-29,71.21022033691406,71.56274618016612,70.29365099281175,70.50516865040997,35346000
2013-01-30,71.562744140625,71.91526997383005,70.8576924742149,71.91526997383005,27884000
2013-01-31,71.562744140625,71.562744140625,70.50516664100985,70.8576924742149,39667000
2013-02-01,71.562744140625,71.562744140625,70.8576924742149,71.562744140625,22085000
2013-02-04,72.62033081054688,72.62033081054688,71.91527905510468,71.91527905510468,33911000
2013-02-05,72.62033081054688,72.62033081054688,71.56275317738357,72.62033081054688,17175000
2013-02-06,74.0304183959961,74.0304183959961,72.62031518845332,72.97284099033901,30600000
2013-02-18,75.44053649902344,76.49811411349573,75.08801062753268,75.44053649902344,63701000
2013-02-19,75.44053649902344,76.49811411349573,75.08801062753268,76.49811411349573,21802000
2013-02-20,76.85063934326172,77.2031652118088,76.14558760616758,76.49811347471466,40532000
2013-02-21,75.44053649902344,76.49811411349573,75.44053649902344,76.49811411349573,30260000
2013-02-22,74.38296508789062,75.08801688967158,74.03043918700016,74.73549098878111,39344000
2013-02-25,74.0304183959961,75.44052160353888,74.0304183959961,75.0879958016532,35913000
2013-02-26,72.97284698486328,74.03042447739753,72.26779532317379,72.97284698486328,38440000
2013-02-27,73.67789459228516,73.67789459228516,71.21021391216078,71.91526553505346,80851000
2013-03-01,74.0304183959961,74.0304183959961,72.26778938656761,72.62031518845332,31408000
2013-03-04,71.91529083251953,73.67792050978717,71.562764897066,73.67792050978717,50033000
2013-03-05,73.32537841796875,73.32537841796875,72.26780084463267,72.97285256019006,53913000
2013-03-06,73.32537841796875,73.67790427574745,72.62032670241136,73.32537841796875,35977000
2013-03-07,72.62033081054688,73.32538256598907,72.62033081054688,72.97285668826798,20518000
2013-03-08,72.97284698486328,73.67789864655278,71.91526949232903,72.62032115401853,44571000
2013-03-11,71.91529083251953,73.32539457433364,71.91529083251953,71.91529083251953,35709000
2013-03-12,72.26779174804688,72.62031756145198,71.56274012123666,71.91526593464177,29992000
2013-03-13,73.67789459228516,74.0304204037315,71.91526553505346,72.2677913464998,57399000
2013-03-14,73.32537841796875,73.67790427574745,72.62032670241136,73.32537841796875,32329000
2013-03-15,72.62033081054688,74.03043432143129,72.62033081054688,74.03043432143129,34424000
2013-03-18,70.85769653320312,71.91527409340019,70.85769653320312,71.91527409340019,43902000
2013-03-19,70.50516510009766,71.56274257659912,70.22314336387382,71.21021675109863,47215000
2013-03-20,69.65910339355469,70.15263738431004,69.65910339355469,70.15263738431004,61605000
2013-03-21,69.58861541748047,70.85771089865612,69.58861541748047,69.65912490574924,56415000
2013-03-22,69.09506225585938,69.87061800127516,69.09506225585938,69.51809217343914,44822000
2013-03-25,70.15261840820312,70.8576698494916,69.94110082417033,70.43464006054164,24203000
2013-03-26,69.80014038085938,70.08216222589883,69.65913214789929,69.94114861381945,27183000
2013-03-27,70.85769653320312,70.85769653320312,69.65911078329351,69.80011897300606,25674000
2013-03-28,70.50516510009766,70.85769092559815,70.01163109604386,70.50516510009766,27872000
2013-03-29,70.85769653320312,71.21022238660215,70.36416249009156,70.50517067980411,18943000
2013-04-01,71.21022033691406,71.91527202341817,70.85769449366201,71.21022033691406,15964000
2013-04-02,70.85769653320312,71.21022238660215,70.36416249009156,70.85769653320312,22291000
2013-04-03,70.85769653320312,71.56274824000117,70.50517067980411,71.56274824000117,26312000
2013-04-08,69.44759368896484,70.15264540154317,69.44759368896484,69.800119545254,53948000
2013-04-09,68.74253845214844,69.44759012858073,68.74253845214844,69.09506429036459,40543000
2013-04-10,69.30659484863281,69.6591207524832,68.88355946071763,69.6591207524832,34877000
2013-04-11,71.562744140625,71.562744140625,69.65910679296466,69.80011497459975,54072000
2013-04-12,70.85769653320312,71.56274824000117,70.50517067980411,71.56274824000117,18954000
2013-04-15,70.08213806152344,71.21021967359854,69.87062040589548,70.85769383363024,23233000
2013-04-16,70.85769653320312,71.21022238660215,69.23607545592058,69.23607545592058,33395000
2013-04-17,70.50516510009766,71.56274257659912,70.29364745315048,71.56274257659912,35304000
2013-04-18,70.43466186523438,71.21021761491996,70.08213603545755,70.5051659553663,32242000
2013-04-19,75.08799743652344,75.08799743652344,74.38294581740115,74.38294581740115,66723000
2013-04-22,76.49811553955078,77.20316729567567,75.7930637834259,76.49811553955078,72170000
2013-04-23,74.7354736328125,75.7930510898806,74.3829478137898,75.0879994518352,45835000
2013-04-24,74.7354736328125,75.4405252708579,73.6778961757444,75.0879994518352,35383000
2013-04-25,75.44053649902344,75.44053649902344,74.38295888455116,74.73548475604191,26145000
2013-04-26,76.49811553955078,76.85064141761323,75.44053790536344,75.44053790536344,36420000
2013-04-29,76.14559173583984,76.49811762350576,75.79306584817391,76.49811762350576,21008000
2013-04-30,77.20317840576172,77.20317840576172,76.49812654817485,76.49812654817485,34314000
2013-05-02,77.90821075439453,78.26073659491216,76.85063323284166,77.5556849138769,37313000
2013-05-03,77.55567169189453,79.31830059398305,77.55567169189453,78.61324903314764,36502000
2013-05-06,78.61325073242188,78.61325073242188,77.90819915634634,78.61325073242188,19268000
2013-05-07,79.31830596923828,79.670831773546,78.2607285563151,78.96578016493055,19273000
2013-05-08,80.72840118408203,81.08092695344483,79.3182981066308,79.3182981066308,40914000
2013-05-09,81.08094787597656,81.78599959663723,80.72842201564623,81.78599959663723,27151000
2013-05-10,80.72840118408203,81.08092695344483,80.02334964535642,81.08092695344483,27413000
2013-05-13,80.72840118408203,81.43345272280763,80.37587541471922,81.08092695344483,18197000
2013-05-14,81.4334716796875,82.13852338254193,81.08094582826028,81.4334716796875,27714000
2013-05-15,81.08094787597656,81.78599959663723,80.02337029498557,81.08094787597656,25970000
2013-05-16,80.02336883544922,81.7859981049525,79.67084298154856,81.08094639715118,44164000
2013-05-17,80.02336883544922,80.02336883544922,78.61326541984658,78.96579127374724,19214000
2013-05-20,80.37589263916016,80.37589263916016,79.31831510443436,79.31831510443436,14472000
2013-05-21,79.31830596923828,80.02335757785373,78.96578016493055,79.670831773546,17184000
2013-05-22,78.9657974243164,80.02337506839207,78.2607456615993,79.31832330567497,31200000
2013-05-23,76.14559173583984,78.61327294950132,76.14559173583984,77.90822117416947,46370000
2013-05-24,77.20317840576172,77.90823026334859,76.49812654817485,77.20317840576172,26614000
2013-05-27,78.9657974243164,78.9657974243164,77.20316801752364,77.20316801752364,19085000
2013-05-28,77.20317840576172,79.31833397852232,77.20317840576172,78.96580804972889,21209000
2013-05-29,78.26072692871094,78.9657785226633,77.90820113173477,77.90820113173477,16736000
2013-05-30,77.55567169189453,78.61324903314764,77.20314591147684,78.26072325272995,36088000
2013-05-31,77.20317840576172,78.61328212093545,76.85065247696829,78.61328212093545,37162000
2013-06-03,75.79308319091797,76.49813512757767,75.08803125425827,76.14560915924781,35739000
2013-06-04,76.85063934326172,77.55569108035587,75.7930617376205,76.85063934326172,27446000
2013-06-05,77.20317840576172,77.90823026334859,76.49812654817485,77.20317840576172,23334000
2013-06-06,75.79308319091797,77.20318706423737,75.44055722258811,76.49813512757767,31641000
2013-06-07,76.49811553955078,77.20316729567567,76.14558966148834,76.14558966148834,32987000
2013-06-10,76.49811553955078,77.55569317373812,76.14558966148834,77.55569317373812,21045000
2013-06-11,76.14559173583984,77.55569528650354,76.14559173583984,77.55569528650354,34785000
2013-06-13,73.67789459228516,75.44052364951686,73.32536878083882,74.73547202662418,60275000
2013-06-14,74.7354736328125,74.7354736328125,73.6778961757444,74.0304219947671,41147000
2013-06-17,74.7354736328125,74.7354736328125,74.0304219947671,74.3829478137898,22921000
2013-06-18,75.08799743652344,75.08799743652344,73.67789419827886,74.03042000784001,29969000
2013-06-19,74.38296508789062,75.08801688967158,74.03043918700016,74.73549098878111,21991000
2013-06-20,73.32537841796875,74.38295599130484,72.97285256019006,74.03043013352615,29951000
2013-06-21,72.97284698486328,72.97284698486328,71.56274366148428,71.91526949232903,38787000
2013-06-24,71.21022033691406,72.26779786667022,70.50516865040997,72.26779786667022,53521000
2013-06-25,71.21022033691406,72.62032370992226,71.21022033691406,71.21022033691406,32319000
2013-06-26,71.562744140625,73.32537330665025,71.562744140625,72.62032164024015,54819000
2013-06-27,73.67789459228516,74.0304204037315,72.62031715794615,72.62031715794615,45541000
2013-06-28,78.26072692871094,78.26072692871094,74.03041736499684,74.73546895894918,74198000
2013-07-01,76.14559173583984,77.20316939883762,76.14559173583984,76.8506435111717,51539000
2013-07-02,77.55567169189453,77.55567169189453,76.49809435064142,76.85062013105913,44320000
2013-07-03,77.55535888671875,77.55535888671875,76.4681342294283,77.55535888671875,44593000
2013-07-04,77.55535888671875,77.55535888671875,76.83054244852512,77.19295066762193,24252000
2013-07-05,79.00498962402344,79.36739783330795,77.5553567868854,77.91776499616991,28230000
2013-07-08,76.105712890625,78.28016183035714,75.74330473400298,77.5553455171131,32729000
2013-07-09,76.83053588867188,77.192944076826,75.01849494790132,75.74331132420954,34261000
2013-07-10,76.83053588867188,77.5553522649801,75.74331132420954,75.74331132420954,22045000
2013-07-11,79.36738586425781,79.36738586425781,77.91775324573256,77.91775324573256,55975000
2013-07-12,79.72981262207031,79.72981262207031,78.64258790449664,79.36740438287909,31046000
2013-07-15,79.36738586425781,79.36738586425781,78.28016140036387,78.64256955499518,33099000
2013-07-16,78.28016662597656,79.0049829836245,77.55535026832864,78.64257480480053,35863000
2013-07-17,79.00498962402344,79.00498962402344,77.5553567868854,78.28017320545442,36386000
2013-07-18,76.4681396484375,78.28018087233413,76.4681396484375,77.9177726275548,43963000
2013-07-19,71.17698669433594,72.26421157579675,71.17698669433594,72.04676991745161,117410000
2013-07-22,70.30718994140625,71.32193399499621,70.23470940827345,71.03200633255477,86924000
2013-07-23,72.48165893554688,73.56888381958008,71.39443405151367,71.39443405151367,85529000
2013-07-24,73.93128204345703,74.65609853407915,72.48164906221277,72.84405730752384,58261000
2013-07-25,74.2936782836914,75.01849465719084,73.20645372344227,73.9312700969417,36398000
2013-07-26,74.2936782836914,74.65608647044112,73.20645372344227,74.65608647044112,31781000
2013-07-29,72.48165893554688,73.56888381958008,72.48165893554688,72.48165893554688,38265000
2013-07-30,73.93128204345703,74.29369028876809,72.84405730752384,72.84405730752384,33818000
2013-07-31,74.2936782836914,74.65608647044112,73.20645372344227,73.56886191019198,36945000
2013-08-01,72.84404754638672,73.93127213663129,72.48163934963853,73.93127213663129,27849000
2013-08-02,72.84404754638672,74.65608853012769,72.48163934963853,74.29368033337948,27947000
2013-08-05,72.84404754638672,73.5688639398831,72.40915881627093,72.48163934963853,23349000
2013-08-06,71.61186218261719,72.84404784464206,71.46689558537823,72.84404784464206,42742000
2013-08-07,70.30718994140625,71.39441452812903,70.30718994140625,71.39441452812903,45468000
2013-08-08,69.87232208251953,70.37969149590309,69.07502492009743,69.58239433348099,55550000
2013-08-09,69.87232208251953,72.4816607640427,69.87232208251953,72.4816607640427,47046000
2013-08-12,69.5823745727539,70.08974384204946,69.29244690605205,69.87230223945578,33389000
2013-08-13,70.45213317871094,70.59709973820082,69.58235594140687,69.58235594140687,34361000
2013-08-14,70.16223907470703,70.524647322965,69.43742257819109,69.58238366552987,41618000
2013-08-15,69.5823745727539,69.87230223945578,69.07500530345837,69.87230223945578,42647000
2013-08-16,69.94478607177734,70.66960250775432,69.00252249304307,69.14748909818479,37509000
2013-08-19,69.21995544433594,69.6548441107792,69.07499439882466,69.21995544433594,49081000
2013-08-20,68.42266845703125,69.14748484846186,68.42266845703125,69.0025182522296,41635000
2013-08-22,68.49516296386719,68.78509068556953,67.33545760696916,67.40793815491692,60185000
2013-08-23,70.30718994140625,70.52463707071489,69.21996535468347,69.36492642094909,44276000
2013-08-26,70.16223907470703,70.74208895397317,69.65486420919926,70.74208895397317,18663000
2013-08-27,69.29244995117188,70.1622329895009,69.29244995117188,69.58237763061489,22435000
2013-08-28,70.16223907470703,70.524647322965,68.93004771268333,69.2924559609413,34586000
2013-08-29,71.53939056396484,71.68435719047484,70.23472410484304,70.23472410484304,36841000
2013-08-30,72.84404754638672,72.84404754638672,71.61186188940695,72.19171168625793,37275000
2013-09-02,73.93128204345703,73.93128204345703,72.19172135998173,72.48164906221277,30751000
2013-09-03,73.93128204345703,74.65609853407915,73.56887379814596,74.65609853407915,31074000
2013-09-04,72.84404754638672,73.5688639398831,72.48163934963853,72.84404754638672,25183000
2013-09-05,73.5688705444336,73.5688705444336,72.48164585658482,72.84405408586774,30002000
2013-09-06,73.93128204345703,73.93128204345703,73.2064655528349,73.93128204345703,24631000
2013-09-09,74.6561050415039,74.6561050415039,73.2064719339019,74.29369676460341,32515000
2013-09-10,75.74330139160156,75.74330139160156,74.29366882908286,74.65607696971254,37304000
2013-09-11,75.74330139160156,75.74330139160156,74.29366882908286,74.65607696971254,40290000
2013-09-12,75.01848602294922,75.74330231302602,74.65607787791082,74.65607787791082,32814000
2013-09-13,74.2936782836914,74.65608647044112,73.9312700969417,74.2936782836914,22273000
2013-09-16,76.4681396484375,76.4681396484375,75.38091491409952,75.38091491409952,40590000
2013-09-17,76.4681396484375,76.4681396484375,75.74332315887885,76.4681396484375,25402000
2013-09-18,74.6561050415039,76.46814642600643,74.6561050415039,76.10573814910593,28113000
2013-09-23,76.4681396484375,76.83054789321683,74.29369017976155,74.65609842454087,51403000
2013-09-24,76.105712890625,76.46812104724702,75.38089657738095,76.105712890625,28633000
2013-09-25,74.6561050415039,75.74332987220542,74.6561050415039,75.74332987220542,31708000
2013-09-26,73.5688705444336,75.01850346156529,73.5688705444336,75.01850346156529,23012000
2013-09-27,74.6561050415039,75.01851331840442,73.9312884877029,75.01851331840442,26146000
2013-09-30,72.84404754638672,73.93127213663129,72.48163934963853,72.84404754638672,45308000
2013-10-01,73.5688705444336,74.29368700299943,72.84405408586774,72.84405408586774,22557000
2013-10-02,74.6561050415039,75.01851331840442,73.9312884877029,75.01851331840442,14186000
2013-10-03,76.105712890625,76.83052920386905,74.6560802641369,75.01848842075893,50622000
2013-10-04,75.38092803955078,76.1057446553157,75.01851973166833,75.74333634743324,19872000
2013-10-07,74.6561050415039,75.38092159530493,73.9312884877029,75.01851331840442,20847000
2013-10-08,76.105712890625,76.46812104724702,74.6560802641369,75.01848842075893,21082000
2013-10-09,76.105712890625,76.46812104724702,74.6560802641369,75.38089657738095,22183000
2013-10-11,77.19295501708984,77.91777149612355,76.10573029853929,76.10573029853929,56367000
2013-10-14,76.105712890625,77.19293736049107,76.105712890625,77.19293736049107,18568000
2013-10-15,77.55535888671875,77.55535888671875,76.83054244852512,77.19295066762193,21383000
2013-10-16,76.83053588867188,78.28016864128833,76.83053588867188,78.28016864128833,18482000
2013-10-17,77.55535888671875,78.28017532491238,77.55535888671875,77.91776710581557,28095000
2013-10-18,79.72981262207031,79.72981262207031,78.64258790449664,78.64258790449664,58487000
2013-10-21,79.72981262207031,80.817037339644,79.36740438287909,80.45462910045278,40443000
2013-10-22,80.81704711914062,80.81704711914062,79.36741398695874,79.7298222700042,38261000
2013-10-23,80.45462036132812,80.81702856115393,79.72980396167652,80.45462036132812,21861000
2013-10-24,79.72981262207031,79.72981262207031,78.64258790449664,79.00499614368786,21193000
2013-10-25,77.55535888671875,79.00499176310602,77.19295066762193,78.6425835440092,36027000
2013-10-28,79.36738586425781,79.36738586425781,77.91775324573256,78.28016140036387,21177000
2013-10-29,79.36738586425781,79.36738586425781,78.28016140036387,78.64256955499518,21491000
2013-10-30,79.72981262207031,79.72981262207031,79.00499614368786,79.00499614368786,16582000
2013-10-31,79.36738586425781,79.36738586425781,78.28016140036387,78.64256955499518,22472000
2013-11-01,79.36738586425781,80.09220217352043,78.64256955499518,80.09220217352043,10837000
2013-11-04,79.00498962402344,79.00498962402344,78.28017320545442,78.28017320545442,9601000
2013-11-05,77.19295501708984,79.00499621467412,77.19295501708984,78.64258797515727,20304000
2013-11-06,77.55535888671875,77.91776710581557,77.19295066762193,77.19295066762193,16437000
2013-11-07,77.55535888671875,77.91776710581557,76.83054244852512,77.55535888671875,15925000
2013-11-08,76.83053588867188,77.192944076826,76.10571951236365,76.10571951236365,30518000
2013-11-11,75.74330139160156,76.83052581349058,75.74330139160156,76.10570953223123,21451000
2013-11-12,76.105712890625,76.83052920386905,75.74330473400298,76.83052920386905,31600000
2013-11-13,74.6561050415039,76.10573814910593,74.6561050415039,76.10573814910593,26650000
2013-11-14,75.01848602294922,75.74330231302602,75.01848602294922,75.38089416798762,29904000
2013-11-15,75.38092803955078,75.74333634743324,75.01851973166833,75.01851973166833,19182000
2013-11-18,75.38092803955078,76.1057446553157,75.38092803955078,75.74333634743324,25261000
2013-11-19,76.105712890625,76.46812104724702,75.38089657738095,75.74330473400298,34470000
2013-11-20,74.6561050415039,75.38092159530493,74.29369676460341,75.38092159530493,45380000
2013-11-21,73.20646667480469,74.65609967826617,72.84405842393932,73.93128317653543,56509000
2013-11-22,72.48165893554688,73.56888381958008,72.48165893554688,72.48165893554688,56921000
2013-11-25,73.20646667480469,74.2936914274008,73.20646667480469,73.20646667480469,30887000
2013-11-26,75.01848602294922,76.10571045806442,73.56885344279561,73.93126158783402,44922000
2013-11-27,76.105712890625,76.46812104724702,75.74330473400298,76.105712890625,21779000
2013-11-28,76.105712890625,76.46812104724702,75.74330473400298,76.105712890625,22729000
2013-11-29,76.105712890625,76.105712890625,75.38089657738095,75.74330473400298,34425000
2013-12-02,75.74330139160156,76.4681176728609,75.38089325097188,76.10570953223123,18860000
2013-12-03,75.38092803955078,76.1057446553157,75.01851973166833,75.38092803955078,21820000
2013-12-04,76.105712890625,76.46812104724702,75.01848842075893,75.01848842075893,23415000
2013-12-05,75.38092803955078,76.1057446553157,75.01851973166833,76.1057446553157,25185000
2013-12-06,74.6561050415039,75.74332987220542,74.6561050415039,74.6561050415039,25116000
2013-12-09,76.105712890625,76.105712890625,75.38089657738095,75.38089657738095,23911000
2013-12-10,75.38092803955078,76.1057446553157,75.38092803955078,75.74333634743324,22217000
2013-12-11,76.105712890625,76.105712890625,75.01848842075893,75.01848842075893,24563000
2013-12-12,74.6561050415039,75.74332987220542,74.6561050415039,75.74332987220542,18272000
2013-12-13,74.2936782836914,75.01849465719084,74.2936782836914,74.2936782836914,28244000
2013-12-16,73.93128204345703,74.65609853407915,73.93128204345703,74.29369028876809,18669000
2013-12-17,75.01848602294922,75.74330231302602,74.65607787791082,74.65607787791082,26199000
2013-12-18,73.20646667480469,74.65609967826617,73.20646667480469,74.2936914274008,55359000
2013-12-19,74.2936782836914,74.65608647044112,73.56886191019198,73.9312700969417,27684000
2013-12-20,73.93128204345703,75.01850677939022,73.56887379814596,73.56887379814596,37568000
2013-12-23,75.38092803955078,75.74333634743324,74.65611142378587,74.65611142378587,28261000
2013-12-24,74.6561050415039,75.38092159530493,74.6561050415039,75.38092159530493,13997000
2013-12-25,74.6561050415039,75.01851331840442,74.29369676460341,74.29369676460341,9762000
2013-12-26,75.38092803955078,75.38092803955078,74.65611142378587,74.65611142378587,6738000
2013-12-27,75.74330139160156,75.74330139160156,74.65607696971254,75.01848511034221,24086000
2013-12-30,76.83053588867188,76.83053588867188,75.38090313605542,75.38090313605542,44182000
2013-12-31,76.4681396484375,76.83054789321683,76.10573140365818,76.4681396484375,24400000
2014-01-02,75.74330139160156,76.4681176728609,75.01848511034221,76.10570953223123,15071000
2014-01-03,74.2936782836914,74.65608647044112,73.9312700969417,74.65608647044112,38599000
2014-01-06,74.2936782836914,74.65608647044112,73.9312700969417,73.9312700969417,23706000
2014-01-07,73.93128204345703,74.65609853407915,73.93128204345703,74.29369028876809,15836000
2014-01-08,75.38092803955078,75.74333634743324,74.29370311590343,74.65611142378587,30218000
2014-01-09,73.20646667480469,74.65609967826617,72.84405842393932,74.2936914274008,63998000
2014-01-10,73.93128204345703,74.29369028876809,73.56887379814596,73.93128204345703,33266000
2014-01-13,74.6561050415039,75.01851331840442,74.29369676460341,74.6561050415039,19545000
2014-01-14,75.01848602294922,75.01848602294922,73.93126158783402,74.29366973287242,21639000
2014-01-15,76.105712890625,76.83052920386905,75.38089657738095,75.38089657738095,54299000
2014-01-16,77.55535888671875,77.91776710581557,76.83054244852512,76.83054244852512,49437000
2014-01-17,77.91777038574219,78.64258685444676,77.5553621513899,78.28017862009447,53446000
2014-01-20,77.91777038574219,78.64258685444676,77.5553621513899,77.5553621513899,24245000
2014-01-21,77.19295501708984,78.64258797515727,76.83054677757299,78.64258797515727,24568000
2014-01-22,77.91777038574219,77.91777038574219,76.83054568268533,76.83054568268533,28698000
2014-01-23,77.91777038574219,78.64258685444676,77.91777038574219,78.64258685444676,27910000
2014-01-24,78.28016662597656,78.64257480480053,77.55535026832864,77.55535026832864,33999000
2014-01-27,76.105712890625,77.19293736049107,75.38089657738095,76.83052920386905,64827000
2014-02-05,72.84404754638672,73.93127213663129,72.84404754638672,73.93127213663129,145517000
2014-02-06,73.93128204345703,74.65609853407915,73.2064655528349,73.2064655528349,71895000
2014-02-07,75.38092803955078,75.74333634743324,74.65611142378587,75.01851973166833,54104000
2014-02-10,74.6561050415039,75.74332987220542,74.6561050415039,75.38092159530493,26221000
2014-02-11,75.74330139160156,76.10570953223123,75.38089325097188,75.74330139160156,21030000
2014-02-12,76.105712890625,76.46812104724702,75.74330473400298,76.105712890625,22692000
2014-02-13,76.105712890625,76.83052920386905,76.105712890625,76.105712890625,19561000
2014-02-14,77.91777038574219,77.91777038574219,77.19295391703761,77.19295391703761,42658000
2014-02-17,78.642578125,78.642578125,77.91776173675116,78.28016993087559,33403000
2014-02-18,78.28016662597656,78.64257480480053,77.91775844715261,78.64257480480053,22196000
2014-02-19,78.28016662597656,78.28016662597656,77.55535026832864,78.28016662597656,26867000
2014-02-20,77.19295501708984,77.5553632566067,76.83054677757299,77.19295501708984,28429000
2014-02-21,77.91777038574219,77.91777038574219,77.5553621513899,77.5553621513899,31448000
2014-02-24,77.55535888671875,78.28017532491238,76.83054244852512,77.91776710581557,32033000
2014-02-25,78.28016662597656,78.28016662597656,77.19294208950467,77.91775844715261,31499000
2014-02-26,77.91777038574219,78.28017862009447,77.5553621513899,77.91777038574219,34908000
2014-02-27,78.28016662597656,78.28016662597656,77.91775844715261,77.91775844715261,48583000
2014-03-03,78.28016662597656,78.28016662597656,77.19294208950467,78.28016662597656,51435000
2014-03-04,77.91777038574219,78.28017862009447,77.91777038574219,78.28017862009447,47911000
2014-03-05,79.72981262207031,79.72981262207031,78.64258790449664,78.64258790449664,54846000
2014-03-06,81.90425109863281,82.26665928933473,79.72980195442132,79.72980195442132,69737000
2014-03-07,82.99148559570312,83.35389382974549,82.26666912761839,82.62907736166075,65651000
2014-03-10,81.90425109863281,82.99147567073855,81.5418429079309,82.99147567073855,37846000
2014-03-11,82.62907409667969,82.99148231640197,82.2666658769574,82.2666658769574,28415000
2014-03-12,81.90425109863281,81.90425109863281,81.17943471722899,81.5418429079309,18376000
2014-03-13,84.44110870361328,85.16592508733528,83.71629231989128,84.44110870361328,56987000
2014-03-14,83.3538818359375,83.71629001783288,82.62906547214673,83.3538818359375,44655000
2014-03-17,82.62907409667969,83.35389053612424,81.90425765723512,82.99148231640197,33845000
2014-03-18,82.99148559570312,83.35389382974549,82.26666912761839,82.99148559570312,37464000
2014-03-19,82.99148559570312,83.35389382974549,82.26666912761839,82.99148559570312,32171000
2014-03-20,81.179443359375,82.26666804722377,81.179443359375,81.90425981794084,45292000
2014-03-21,81.54185485839844,82.62907958984376,81.17944661458333,82.62907958984376,60088000
2014-03-24,81.54185485839844,81.54185485839844,80.81703837076823,80.81703837076823,28463000
2014-03-25,82.26667022705078,82.26667022705078,80.81703727150803,80.81703727150803,38029000
2014-03-26,83.71630096435547,84.07870919363839,82.99148450578961,83.71630096435547,43314000
2014-03-27,84.07870483398438,84.07870483398438,82.62907199201912,82.99148020251043,30745000
2014-03-28,85.1659164428711,85.1659164428711,83.71628382256691,84.07869197764296,43654000
2014-03-31,85.89075469970703,85.89075469970703,84.44112170899467,85.52834645202894,46921000
2014-04-01,86.61556243896484,86.61556243896484,85.89074601688145,86.25315422792315,40015000
2014-04-02,86.97797393798828,87.70279038747151,86.25315748850504,87.3403821627299,43151000
2014-04-03,85.89075469970703,86.2531629473851,85.16593820435085,85.89075469970703,36937000
2014-04-07,85.1659164428711,85.52832459794715,84.441100132719,85.1659164428711,45015000
2014-04-08,86.25315856933594,86.61556679861886,84.80352565220424,84.80352565220424,39873000
2014-04-09,86.25315856933594,86.97797502790178,86.25315856933594,86.61556679861886,28578000
2014-04-10,86.61556243896484,86.61556243896484,85.89074601688145,86.25315422792315,25612000
2014-04-11,86.97797393798828,86.97797393798828,85.52834103902181,85.89074926376342,34449000
2014-04-14,87.34037780761719,87.7027860142878,86.97796960094658,86.97796960094658,30297000
2014-04-15,88.79000091552734,88.79000091552734,87.7027764145209,88.06518458152304,28525000
2014-04-16,87.70279693603516,88.79002169144054,87.70279693603516,88.06520518783695,49971000
2014-04-17,86.97797393798828,88.06519861221314,86.25315748850504,87.3403821627299,35783000
2014-04-18,89.15241241455078,89.15241241455078,87.70277969236297,88.79000423400383,32741000
2014-04-21,88.065185546875,88.42759371784979,87.7027773759002,88.42759371784979,21736000
2014-04-22,88.065185546875,88.79000188882458,87.34036920492541,87.7027773759002,22674000
2014-04-23,87.70279693603516,89.15242994324234,87.34038868423335,89.15242994324234,31054000
2014-04-24,87.70279693603516,87.70279693603516,86.97798043243155,87.70279693603516,24389000
2014-04-25,85.89075469970703,87.70279593809747,85.52834645202894,87.70279593809747,49361000
2014-04-28,86.25315856933594,86.97797502790178,85.16593388148716,85.89075034005302,28017000
2014-04-29,87.34037780761719,87.7027860142878,86.25315318760536,87.34037780761719,21769000
2014-04-30,85.89075469970703,87.34038769041938,84.80352995667276,86.97797944274129,43654000
2014-05-02,85.52833557128906,86.61556017600884,84.80351916814254,86.25315197443558,42629000
2014-05-05,84.80354309082031,85.52835969843416,84.07872648320647,85.16595139462723,28604000
2014-05-06,85.52833557128906,86.25315197443558,84.4411109665693,84.80351916814254,27491000
2014-05-07,85.89075469970703,86.2531629473851,85.16593820435085,85.52834645202894,33234000
2014-05-08,86.61556243896484,86.97797065000654,86.25315422792315,86.61556243896484,27052000
2014-05-09,86.97797393798828,86.97797393798828,86.25315748850504,86.97797393798828,22485000
2014-05-12,85.89075469970703,86.97797944274129,85.16593820435085,86.6155711950632,35472000
2014-05-13,87.34037780761719,87.7027860142878,86.61556139427597,86.97796960094658,24007000
2014-05-14,88.42760467529297,88.42760467529297,87.34038002764592,87.70278824352827,32763000
2014-05-15,88.42760467529297,88.42760467529297,87.34038002764592,87.70278824352827,16779000
2014-05-16,88.42760467529297,89.15242110705766,87.70278824352827,88.42760467529297,28390000
2014-05-19,87.70279693603516,88.79002169144054,87.70279693603516,88.42761343963875,18373000
2014-05-20,87.70279693603516,88.42761343963875,87.70279693603516,88.42761343963875,25192000
2014-05-21,87.34037780761719,88.42760242762903,87.34037780761719,88.42760242762903,24178000
2014-05-22,88.42760467529297,88.42760467529297,87.70278824352827,88.06519645941061,26290000
2014-05-23,88.42760467529297,88.79001289117532,87.70278824352827,87.70278824352827,31726000
2014-05-26,89.15241241455078,89.51482059509773,88.42759605345687,89.15241241455078,19792000
2014-05-27,89.51483154296875,89.87723976783907,88.7900150932281,88.7900150932281,18012000
2014-05-28,89.87721252441406,89.87721252441406,88.78998817936066,89.87721252441406,36670000
2014-05-29,88.42760467529297,89.87723753882236,88.06519645941061,89.51482932294002,43028000
2014-05-30,86.61556243896484,88.79001170521501,86.61556243896484,88.42760349417331,69042000
2014-06-03,88.79000091552734,88.79000091552734,86.97796008051658,86.97796008051658,37556000
2014-06-04,89.51483154296875,89.87723976783907,89.15242331809843,89.51483154296875,33407000
2014-06-05,89.15241241455078,89.51482059509773,88.06518787290992,89.15241241455078,19524000
2014-06-06,88.79000091552734,89.51481724953166,88.4275927485252,89.51481724953166,19230000
2014-06-09,89.15241241455078,89.51482059509773,88.79000423400383,88.79000423400383,19684000
2014-06-10,90.23963928222656,90.23963928222656,88.79000652267271,89.15241471256118,25050000
2014-06-11,90.60203552246094,90.60203552246094,89.51481109619141,89.87721923828124,27770000
2014-06-12,89.51483154296875,89.87723976783907,89.15242331809843,89.87723976783907,22138000
2014-06-13,89.15241241455078,89.51482059509773,88.79000423400383,89.15241241455078,17160000
2014-06-16,89.87721252441406,89.87721252441406,88.78998817936066,88.78998817936066,13550000
2014-06-17,90.60203552246094,90.60203552246094,89.15240295410156,89.87721923828124,19795000
2014-06-18,90.96446990966797,91.6892864029721,89.87724516971177,90.6020616630159,37238000
2014-06-19,91.32685089111328,91.32685089111328,90.2396264757429,90.2396264757429,17873000
2014-06-20,90.23963928222656,92.05168023166885,89.87723109233809,91.6892720417804,30094000
2014-06-23,89.15241241455078,90.96445331728555,89.15241241455078,90.6020451367386,25096000
2014-06-24,89.15241241455078,89.51482059509773,88.42759605345687,89.15241241455078,33225000
2014-06-25,89.51483154296875,90.23964799270938,89.15242331809843,89.15242331809843,30757000
2014-06-26,90.23963928222656,90.60204747211502,89.51482290244964,90.23963928222656,30279000
2014-06-27,90.96446990966797,91.6892864029721,89.87724516971177,90.6020616630159,44396000
2014-06-30,91.68928527832031,92.05169352052712,90.60206055169992,91.32687703611352,33280000
2014-07-01,92.77650451660156,93.13891273736954,91.32687163352966,91.68927985429764,32922000
2014-07-02,96.03816986083984,96.03816986083984,93.50131254376106,93.86372073191517,51457000
2014-07-03,97.4878158569336,97.85022409431997,94.58854995784263,95.31336643261537,40176000
2014-07-04,97.85021209716797,98.57502848307291,95.67576293945312,96.76298751831054,44006000
2014-07-07,98.57504272460938,98.57504272460938,96.03818500743192,97.48781798867618,32123000
2014-07-08,97.4878158569336,98.5750405690927,97.12540761954722,98.21263233170633,36117000
2014-07-09,97.12542724609375,97.85024386733326,96.76301893547401,96.76301893547401,39145000
2014-07-10,97.4878158569336,98.5750405690927,97.4878158569336,97.4878158569336,47098000
2014-07-11,98.93743896484375,100.02466356885301,98.2126225621709,98.57503076350733,43144000
2014-07-14,98.1962661743164,99.67847396562685,98.1962661743164,99.67847396562685,46321000
2014-07-15,98.56683349609375,99.30793750734257,98.19628149046933,98.56683349609375,36989000
2014-07-16,96.71405792236328,98.93736959873944,96.34350597630058,98.56681765267675,39065000
2014-07-17,92.2674331665039,93.00853704735937,91.15577734522073,92.63798510693164,136198000
2014-07-18,91.5263442993164,91.89689630052821,90.04413629446918,90.04413629446918,95711000
2014-07-21,91.5263442993164,92.26744830174002,90.7852402968928,91.89689630052821,56612000
2014-07-22,92.2674331665039,92.63798510693164,90.78522540479301,91.52632928564846,53220000
2014-07-23,92.2674331665039,92.2674331665039,92.2674331665039,92.2674331665039,0
2014-07-24,92.63797760009766,92.63797760009766,91.89687377929688,92.26742568969728,65602000
2014-07-25,91.1557846069336,92.63799248672113,90.78523263698672,92.26744051677426,31299000
2014-07-28,90.04412841796875,90.7852323555652,89.67357644917053,90.41468038676697,43425000
2014-07-29,91.89686584472656,91.89686584472656,90.41465833110195,90.7852102095081,37994000
2014-07-30,92.2674331665039,92.63798510693164,91.15577734522073,91.52632928564846,32381000
2014-07-31,89.67357635498047,91.89688816543453,89.67357635498047,91.89688816543453,44748000
2014-08-01,88.9324722290039,89.67357616424562,88.56192026138307,88.9324722290039,52455000
2014-08-04,91.5263442993164,91.5263442993164,88.93248029083375,88.93248029083375,39633000
2014-08-05,88.56192016601562,90.78523196934657,88.56192016601562,90.78523196934657,61184000
2014-08-06,89.30303192138672,90.04413592073432,88.19137592236531,88.19137592236531,34561000
2014-08-07,90.04412841796875,90.04412841796875,88.56192054277585,89.3030244803723,29493000
2014-08-08,89.30303192138672,89.67358392106053,88.56192792203912,89.30303192138672,35075000
2014-08-11,89.30303192138672,89.67358392106053,88.56192792203912,88.93247992171291,42890000
2014-08-12,90.04412841796875,90.41468038676697,89.3030244803723,89.67357644917053,32237000
2014-08-13,90.78521728515625,91.52632109972896,89.30300965601084,89.6735615632972,39756000
2014-08-14,91.89686584472656,91.89686584472656,91.15576208791425,91.5263139663204,32907000
2014-08-15,91.89686584472656,92.63796960153887,91.15576208791425,92.26741772313272,19151000
2014-08-18,91.1557846069336,91.89688854682737,90.78523263698672,91.89688854682737,14578000
2014-08-19,91.89686584472656,92.63796960153887,91.5263139663204,91.89686584472656,31575000
2014-08-20,93.00856018066406,93.00856018066406,92.26745611547949,92.63800814807178,28876000
2014-08-21,92.2674331665039,93.37908898778709,91.89688122607619,93.37908898778709,22562000
2014-08-22,93.00856018066406,93.37911221325635,91.5263520502949,92.26745611547949,42715000
2014-08-25,92.63797760009766,93.37908142089844,92.63797760009766,93.00852951049805,20077000
2014-08-26,92.2674331665039,93.00853704735937,91.89688122607619,92.63798510693164,28801000
2014-08-27,93.00856018066406,93.37911221325635,92.26745611547949,93.00856018066406,36779000
2014-08-28,92.63797760009766,93.37908142089844,92.26742568969728,93.37908142089844,21587000
2014-08-29,91.89686584472656,92.63796960153887,91.89686584472656,92.26741772313272,28324000
2014-09-01,95.23187255859375,95.23187255859375,92.6380083254803,92.6380083254803,36304000
2014-09-02,93.37908935546875,94.86129712301587,93.00853741358198,94.86129712301587,19182000
2014-09-03,94.8613052368164,94.8613052368164,93.00854536890984,94.12020128965378,24561000
2014-09-04,94.4907455444336,94.86129748774509,93.37908971449907,94.86129748774509,21641000
2014-09-05,94.12020874023438,95.2318647489773,93.00855273149145,95.2318647489773,20096000
2014-09-09,94.12020874023438,94.49076074314868,93.74965673732007,94.49076074314868,22090000
2014-09-10,92.63797760009766,93.37908142089844,91.89687377929688,93.37908142089844,29294000
2014-09-11,92.63797760009766,93.37908142089844,92.63797760009766,93.37908142089844,22827000
2014-09-12,91.1557846069336,92.63799248672113,91.1557846069336,92.26744051677426,19798000
2014-09-15,91.5263442993164,91.5263442993164,90.41468829568099,90.7852402968928,19518000
2014-09-16,90.78521728515625,91.1557691924426,90.41466537786991,91.1557691924426,19187000
2014-09-17,92.2674331665039,92.63798510693164,91.15577734522073,91.52632928564846,23504000
2014-09-18,92.63797760009766,92.63797760009766,91.52632186889649,92.26742568969728,14726000
2014-09-19,92.63797760009766,93.37908142089844,92.63797760009766,93.00852951049805,30603000
2014-09-22,90.41468811035156,91.8968961121606,90.41468811035156,91.8968961121606,39365000
2014-09-23,90.78521728515625,91.52632109972896,90.41466537786991,91.1557691924426,15286000
2014-09-24,91.1557846069336,91.89688854682737,90.41468066703983,90.41468066703983,27613000
2014-09-25,90.41468811035156,91.8968961121606,90.0441361098993,91.15579211125608,23213000
2014-09-26,89.67357635498047,90.04412832338949,89.30302438657147,89.67357635498047,23545000
2014-09-29,89.30303192138672,90.41468792040813,88.93247992171291,90.41468792040813,54783000
2014-09-30,88.9324722290039,89.67357616424562,88.19136829376221,88.9324722290039,44070000
2014-10-01,90.04412841796875,90.41468038676697,88.93247251157408,88.93247251157408,42211000
2014-10-02,89.67357635498047,90.78523226020751,89.30302438657147,89.67357635498047,30761000
2014-10-03,92.2674331665039,92.63798510693164,90.41467346436528,90.78522540479301,52003000
2014-10-06,93.37908935546875,93.37908935546875,91.89688158792163,92.63798547169519,37186000
2014-10-07,92.63797760009766,93.00852951049805,91.52632186889649,92.63797760009766,39986000
2014-10-08,90.78521728515625,92.63797682158801,90.78521728515625,91.52632109972896,29221000
2014-10-09,92.63797760009766,92.63797760009766,91.52632186889649,91.89687377929688,35347000
2014-10-13,89.30303192138672,90.04413592073432,87.4502719230177,88.19137592236531,69183000
2014-10-14,89.67357635498047,90.04412832338949,88.56192044975344,88.93247241816245,31862000
2014-10-15,90.04412841796875,91.15578432436342,89.67357644917053,90.04412841796875,43922000
2014-10-16,90.04412841796875,91.89688826195989,88.93247251157408,90.04412841796875,45527000
2014-10-17,91.5263442993164,93.00855230416363,91.5263442993164,92.63800030295182,91597000
2014-10-20,93.37908935546875,93.37908935546875,92.26743352980841,92.63798547169519,38276000
2014-10-21,92.63797760009766,93.37908142089844,92.26742568969728,93.37908142089844,25582000
2014-10-22,95.6024169921875,95.6024169921875,94.49076098065044,94.49076098065044,64167000
2014-10-23,94.4907455444336,95.23184943105659,94.4907455444336,94.86129748774509,26374000
2014-10-24,93.00856018066406,94.49076831103321,92.63800814807178,94.12021627844092,42082000
2014-10-27,94.8613052368164,94.8613052368164,93.74964931607246,93.74964931607246,25119000
2014-10-28,94.8613052368164,95.97296115756035,94.49075326323509,95.60240918397903,34984000
2014-10-29,95.6024169921875,95.97296899603319,94.86131298449612,95.6024169921875,34583000
2014-10-30,95.23187255859375,95.60242459189567,94.12021645868799,95.23187255859375,35688000
2014-10-31,96.71405792236328,96.71405792236328,94.49074624598711,94.8612981920498,41983000
2014-11-03,97.08460998535156,98.1962658248785,96.7140580388426,97.82571387836951,44912000
2014-11-04,97.82572174072266,97.82572174072266,97.08461778814143,97.82572174072266,32171000
2014-11-05,97.82572174072266,97.82572174072266,97.08461778814143,97.45516976443204,22440000
2014-11-06,97.82572174072266,98.19627371701328,97.45516976443204,98.19627371701328,28374000
2014-11-07,97.08460998535156,97.45516193186054,96.7140580388426,97.45516193186054,16709000
2014-11-10,99.6784896850586,99.6784896850586,97.82572965373781,98.19628166000196,42569000
2014-11-11,99.30795288085938,100.04905700683594,98.56684875488281,100.04905700683594,20451000
2014-11-12,97.82572174072266,99.67848162217574,97.45516976443204,99.67848162217574,27373000
2014-11-13,99.30795288085938,99.67850494384766,98.19629669189453,98.9374008178711,24882000
2014-11-14,100.04902648925781,100.04902648925781,98.93737063937716,99.30792258933738,23655000
2014-11-17,98.56683349609375,100.41959352421581,98.19628149046933,100.0490415185914,23562000
2014-11-18,97.45518493652344,99.6784971403985,97.08463290254426,99.30794510641933,42688000
2014-11-19,100.7901382446289,101.16069022346946,98.19627439274508,98.56682637158562,70920000
2014-11-20,103.013427734375,103.013427734375,101.53122014107464,101.90177203939973,44092000
2014-11-21,102.64289855957031,103.38400252028924,101.9017945988514,103.38400252028924,30388000
2014-11-24,102.64289855957031,104.12510648100816,102.27234657921086,103.7545545006487,33292000
2014-11-25,103.013427734375,103.75453153102518,102.64287583604991,102.64287583604991,42648000
2014-11-26,103.013427734375,103.013427734375,102.27232393772482,102.64287583604991,23137000
2014-11-27,103.75454711914062,105.23675493512835,103.75454711914062,103.75454711914062,26123000
2014-11-28,104.86621856689453,104.86621856689452,103.01345852154303,103.01345852154303,35681000
2014-12-01,103.75454711914062,105.23675493512835,102.64289125714983,103.01344321114676,41250000
2014-12-02,101.90178680419922,103.3839946122603,101.9017868041992,103.3839946122603,45913000
2014-12-03,102.27235412597656,103.0134581413822,101.16069810286812,101.90180211827375,38940000
2014-12-04,103.013427734375,103.75453153102518,102.64287583604991,103.013427734375,28226000
2014-12-05,101.90178680419922,103.3839946122603,101.53123485218394,102.64289070822976,27050000
2014-12-08,102.27235412597656,102.64290613367939,101.53125011057094,102.27235412597656,19595000
2014-12-09,102.27235412597656,103.0134581413822,101.90180211827375,102.27235412597656,31770000
2014-12-10,100.7901382446289,103.01345011767219,100.7901382446289,102.2723461599911,39726000
2014-12-11,99.6784896850586,100.79014570385107,99.6784896850586,100.04904169132276,32283000
2014-12-12,100.04902648925781,100.79013038917824,99.6784745392976,100.04902648925781,31433000
2014-12-15,100.7901382446289,101.16069022346946,99.67848230810726,99.67848230810726,44381000
2014-12-16,98.56683349609375,100.41959352421581,98.56683349609375,99.67848951296699,41199000
2014-12-17,96.71405792236328,98.56681765267675,96.34350597630058,98.56681765267675,70497000
2014-12-18,97.45518493652344,98.56684103846096,97.08463290254426,97.82573697050262,50410000
2014-12-19,102.27235412597656,102.27235412597656,99.30793806435406,99.67849007205687,44362000
2014-12-22,102.64289855957031,103.7545545006487,101.53124261849194,101.9017945988514,34577000
2014-12-23,101.90178680419922,103.75454656427556,101.53123485218394,103.01344266024502,19122000
2014-12-24,102.27235412597656,102.27235412597656,100.79014609516531,100.79014609516531,16679000
2014-12-25,101.90178680419922,102.27233875621448,101.53123485218394,101.53123485218394,7358000
2014-12-26,103.013427734375,103.013427734375,101.53122014107464,102.27232393772482,13112000
2014-12-29,104.49568939208984,104.49568939208984,102.2723768518326,102.2723768518326,34993000
2014-12-30,103.75454711914062,104.86620298113142,103.01344321114676,104.49565102713449,21789000
2014-12-31,104.49568939208984,104.49568939208984,103.01348103191835,103.01348103191835,18306000
2015-01-05,103.38400268554688,104.12510664745044,101.90179476173975,104.12510664745044,32046000
2015-01-06,98.93736267089844,101.90177803182422,98.56681075078271,101.90177803182422,66778000
2015-01-07,99.30795288085938,100.04905700683594,98.9374008178711,98.9374008178711,43703000
2015-01-08,102.27235412597656,102.27235412597656,100.79014609516531,101.16069810286812,42491000
2015-01-09,99.30795288085938,100.41960906982422,98.56684875488281,100.04905700683594,61558000
2015-01-12,97.82572174072266,98.93737766959451,97.82572174072266,98.19627371701328,30338000
2015-01-13,98.1962661743164,98.56681812214401,96.71405838300598,97.08461033083358,37818000
2015-01-14,96.34352111816406,98.56683314396786,96.34352111816406,98.19628113966722,48740000
2015-01-15,97.45518493652344,98.56684103846096,97.45518493652344,97.45518493652344,40607000
2015-01-16,101.53125,103.75456204379562,100.79014598540147,103.75456204379562,124042000
2015-01-19,103.013427734375,103.38397963270009,101.90177203939973,102.64287583604991,49986000
2015-01-20,102.27235412597656,103.0134581413822,101.90180211827375,103.0134581413822,32739000
2015-01-21,104.49568939208984,104.49568939208984,103.38403312196122,103.38403312196122,70464000
2015-01-22,103.75454711914062,105.23675493512835,103.38399516514369,104.86620298113142,43846000
2015-01-23,107.46007537841797,107.46007537841797,105.60731545810042,105.60731545810042,82089000
2015-01-26,107.46007537841797,107.83062736248148,106.34841942622744,107.83062736248148,46716000
2015-01-27,108.94229888916016,108.94229888916016,107.08953870397035,107.83064277804627,52805000
2015-01-28,108.57170867919922,108.94226058595417,107.83060486568932,108.57170867919922,45898000
2015-01-29,106.34840393066406,107.46005972088007,105.97785200059207,106.71895586073606,34459000
2015-01-30,104.49568939208984,107.83065820247569,104.49568939208984,107.46010611243281,43666000
2015-02-02,105.60734558105469,105.97789767081278,104.12513722202235,104.12513722202235,29181000
2015-02-03,107.08953857421875,107.08953857421875,105.23677839127379,105.97788246445178,27160000
2015-02-04,108.20118713378906,108.57173914452122,106.71897909086044,107.0895311015926,40416000
2015-02-05,107.83064270019531,108.20119473696575,106.34843455311359,107.83064270019531,23363000
2015-02-06,105.97785949707031,107.83061927848763,105.97785949707033,107.83061927848763,27301000
2015-02-09,105.23678588867188,106.34844207763672,104.8662338256836,105.97789001464844,26315000
2015-02-10,105.60734558105469,105.97789767081278,104.86624140153852,105.2367934912966,33294000
2015-02-11,109.68336486816406,110.42446868484083,108.20115723481048,108.20115723481048,71259000
2015-02-12,110.05394744873047,110.79505147195425,109.3128434255067,110.79505147195425,33577000
2015-02-13,110.05394744873047,111.16560348356613,109.68339543711859,110.05394744873047,37815000
2015-02-24,111.90670013427734,112.64780410867654,110.05394019827938,110.42449218547897,72531000
2015-02-25,114.50056457519531,114.5005645751953,113.01835661952934,113.01835661952934,48183000
2015-02-26,111.53616333007812,114.13002759356831,111.53616333007812,113.75947555592685,55574000
2015-03-02,110.42448425292969,113.3888999375721,110.05393229234939,112.2772440558312,41388000
2015-03-03,111.53616333007812,111.90671536771958,110.0539551795123,111.16561129243667,29134000
2015-03-04,111.53616333007812,112.27726740536103,110.42450721715376,111.16561129243667,32627000
2015-03-05,111.16559600830078,111.90669998168944,110.05394004821777,111.16559600830078,28872000
2015-03-06,110.42448425292969,110.79503621351,110.05393229234939,110.42448425292969,31316000
2015-03-09,107.83064270019531,109.31285084727703,107.46009066342488,109.31285084727703,67163000
2015-03-10,106.71897888183594,107.46008290184868,106.71897888183594,107.46008290184868,46809000
2015-03-11,108.20118713378906,109.68339517671768,105.97787506939613,106.34842708012829,51795000
2015-03-12,109.68336486816406,110.05391677650245,108.57170914314888,108.94226105148726,32183000
2015-03-13,110.42448425292969,110.79503621351,108.94227641060849,109.68338033176909,45451000
2015-03-16,108.20118713378906,110.79505120891415,108.20118713378906,110.42449919818199,36912000
2015-03-17,110.42448425292969,111.1655881740903,110.05393229234939,110.05393229234939,55718000
2015-03-18,113.75948333740234,114.13003540039062,111.16561889648438,111.90672302246094,70808000
2015-03-19,114.12998962402344,114.87109345275087,113.0183338809323,113.0183338809323,43070000
2015-03-20,114.12998962402344,114.12998962402345,112.27723005220489,112.27723005220489,37536000
2015-03-23,113.75948333740234,114.13003540039062,113.01837921142578,114.13003540039062,26285000
2015-03-24,112.27727508544922,113.75948333740234,112.27727508544922,113.75948333740234,36086000
2015-03-25,111.90670013427734,113.01835609587613,111.53614814707775,112.64780410867654,44424000
2015-03-26,107.83064270019531,108.94229881050661,107.08953862665446,107.83064270019531,157081000
2015-03-27,105.60734558105469,107.83065811960321,105.60734558105469,106.71900185032895,106610000
2015-03-30,105.60734558105469,106.71900185032895,105.2367934912966,105.60734558105469,59832000
2015-03-31,107.83064270019531,107.83064270019531,105.97788251634316,106.71898658988403,56539000
2015-04-01,106.71897888183594,107.46008290184868,106.34842687182956,107.46008290184868,38697000
2015-04-02,108.94229888916016,109.68340296323606,107.08953870397035,107.46009074100832,49213000
2015-04-07,108.20118713378906,109.31284316598553,107.46008311232475,108.57173914452122,33362000
2015-04-08,105.97785949707031,108.2011712347711,105.97785949707033,107.83061927848763,47500000
2015-04-09,105.97785949707031,107.83061927848763,105.97785949707033,106.71896340963724,46493000
2015-04-10,108.94229888916016,108.94229888916016,107.46009074100832,108.20119481508424,33819000
2015-04-13,108.94229888916016,109.31285092619811,108.20119481508424,108.57174685212219,23821000
2015-04-14,106.71897888183594,107.83063491185506,106.34842687182956,107.46008290184868,41528000
2015-04-15,105.97785949707031,107.0895153659207,104.86620362821994,106.34841145335378,71481000
2015-04-16,108.94229888916016,108.94229888916016,107.08953870397035,107.46009074100832,54354000
2015-04-17,105.60734558105469,106.71900185032895,105.60734558105469,105.97789767081278,76708000
2015-04-20,105.97785949707031,106.71896340963724,104.86620362821994,105.2367555845034,34341000
2015-04-21,105.60734558105469,106.34844976057086,104.86624140153852,105.2367934912966,36209000
2015-04-22,106.34840393066406,107.46005972088007,105.97785200059207,106.34840393066406,40606000
2015-04-23,108.94229888916016,108.94229888916016,107.46009074100832,107.83064277804627,46931000
2015-04-24,113.01837158203125,113.01837158203125,110.05395527824027,110.42450731621413,122689000
2015-04-27,112.27727508544922,113.38893127441406,111.16561889648438,113.38893127441406,57529000
2015-04-28,112.27727508544922,113.75948333740234,111.53617095947266,113.75948333740234,43177000
2015-04-29,110.05394744873047,111.90670750678991,109.68339543711859,111.16560348356613,37363000
2015-04-30,108.94229888916016,110.05395500027403,108.57174685212219,108.94229888916016,48913000
2015-05-04,109.31285858154297,110.05396270751953,108.20120239257812,110.05396270751953,30811000
2015-05-05,108.94229888916016,109.68340296323606,108.20119481508424,109.31285092619811,27559000
2015-05-06,109.31285858154297,109.68341064453125,107.83065032958984,107.83065032958984,18784000
2015-05-07,108.57170867919922,109.31281249270911,108.20115677244428,108.20115677244428,21826000
2015-05-08,108.57170867919922,109.31281249270911,108.20115677244428,108.20115677244428,19987000
2015-05-11,110.05394744873047,110.42449946034236,108.94229141389481,110.42449946034236,20326000
2015-05-12,109.31285858154297,110.05396270751953,108.94230651855469,108.94230651855469,20509000
2015-05-13,109.68336486816406,110.42446868484083,108.94226105148726,109.31281295982566,18844000
2015-05-14,108.20118713378906,110.05394718744984,108.20118713378906,109.68339517671768,38700000
2015-05-15,108.57170867919922,108.94226058595417,107.46005295893438,108.94226058595417,24295000
2015-05-18,108.57170867919922,108.94226058595417,107.46005295893438,108.94226058595417,22879000
2015-05-19,108.57170867919922,109.31281249270911,107.46005295893438,107.83060486568932,26257000
2015-05-20,108.57170867919922,108.94226058595417,108.20115677244428,108.57170867919922,26920000
2015-05-21,107.83064270019531,108.57174677373618,107.08953862665446,108.20119473696575,40819000
2015-05-22,107.83064270019531,108.94229881050661,107.46009066342488,108.20119473696575,22074000
2015-05-25,109.31285858154297,109.31285858154297,107.83065032958984,108.5717544555664,16253000
2015-05-26,108.57170867919922,110.05391630621901,108.57170867919922,110.05391630621901,15545000
2015-05-27,107.46007537841797,108.94228331467201,107.46007537841797,107.83062736248148,23825000
2015-05-28,108.94229888916016,109.31285092619811,108.20119481508424,108.94229888916016,35891000
2015-05-29,108.20118713378906,109.31284316598553,107.83063512305691,108.94229115525337,56616000
2015-06-01,107.46007537841797,108.20117934654499,106.71897141029095,107.83062736248148,31570000
2015-06-02,106.71897888183594,107.08953089184232,106.34842687182956,107.08953089184232,33317000
2015-06-03,105.97785949707031,107.0895153659207,105.97785949707033,106.34841145335378,29870000
2015-06-04,104.49568939208984,105.60734566221845,103.75458521200409,105.23679357217559,58172000
2015-06-05,103.75454711914062,104.12509907313756,103.01344321114676,103.38399516514369,42648000
2015-06-08,102.64289855957031,103.7545545006487,102.64289855957031,103.38400252028924,45469000
2015-06-09,103.013427734375,103.75453153102518,102.27232393772482,102.64287583604991,31575000
2015-06-10,103.38400268554688,104.866210609354,103.38400268554688,104.49565862840223,37077000
2015-06-11,106.34840393066406,106.71895586073606,104.49564428030406,104.49564428030406,44613000
2015-06-12,107.08953857421875,107.08953857421875,105.60733042786278,106.71898653762976,31448000
2015-06-15,105.97785949707031,107.0895153659207,105.60730754078686,107.0895153659207,23608000
2015-06-16,105.23678588867188,105.97789001464844,104.49568176269531,105.97789001464844,27272000
2015-06-17,105.60734558105469,106.34844976057086,105.2367934912966,105.97789767081278,31326000
2015-06-18,105.23678588867188,105.97789001464844,105.23678588867188,105.23678588867188,28591000
2015-06-22,105.23678588867188,106.34844207763672,105.23678588867188,105.23678588867188,28278000
2015-06-23,107.08953857421875,107.46009061080774,105.60733042786278,105.97788246445178,37230000
2015-06-24,107.46007537841797,107.46007537841797,106.34841942622744,107.08952339435446,18555000
2015-06-25,108.57170867919922,108.94226058595417,107.46005295893438,107.46005295893438,43496000
2015-06-26,108.20118713378906,109.31284316598553,107.83063512305691,108.94229115525337,33561000
2015-06-29,105.90707397460938,107.81875401025215,105.90707397460938,107.43641800312359,53014000
2015-06-30,107.4364013671875,107.4364013671875,105.90705757548376,106.2893935234097,45261000
2015-07-01,107.81877136230469,108.96577956828665,106.28942708766206,107.05409922498337,32546000
2015-07-02,108.20108795166016,108.58342395148934,107.43641595200178,107.43641595200178,23908000
2015-07-03,108.96578216552734,108.96578216552734,107.05410177665844,108.20111000997979,16093000
2015-07-06,107.4364013671875,108.20107326303938,107.4364013671875,107.81873731511344,20617000
2015-07-07,107.4364013671875,108.5834092109653,107.4364013671875,107.81873731511344,26349000
2015-07-08,105.52473449707031,107.81875046439794,105.52473449707031,107.43641446984333,51986000
2015-07-09,104.37772369384766,105.5247316465273,102.46604377271491,102.46604377271491,53233000
2015-07-10,104.37772369384766,104.37772369384766,104.37772369384766,104.37772369384766,0
2015-07-13,105.90707397460938,106.67174598886648,104.76006595322372,104.76006595322372,34518000
2015-07-14,105.90707397460938,107.43641800312359,105.52473796748082,106.67174598886648,27536000
2015-07-15,105.90707397460938,106.67174598886648,105.52473796748082,106.28940998173793,23295000
2015-07-16,104.37772369384766,107.05407558343349,103.61305172539456,107.05407558343349,36999000
2015-07-17,107.05408477783203,107.05408477783203,105.52474070957729,105.52474070957729,55781000
2015-07-20,106.28938293457031,108.5833983935898,105.90704702473373,108.20106248375322,27655000
2015-07-21,107.4364013671875,108.20107326303938,106.67172947133564,107.81873731511344,19431000
2015-07-22,106.28938293457031,106.67171884440688,105.52471111489714,106.2893829345703,24620000
2015-07-23,103.99539184570312,105.14239984400132,103.99539184570312,104.76006384456858,36389000
2015-07-24,104.76007080078125,105.524742850422,103.99539875114051,105.524742850422,38194000
2015-07-27,102.466064453125,103.61307263730177,102.466064453125,103.23073657590952,43371000
2015-07-28,102.466064453125,104.37774476008629,102.466064453125,103.23073657590952,34219000
2015-07-29,103.61305236816406,103.99538835476245,102.84838039496728,103.23071638156567,29871000
2015-07-30,105.90707397460938,106.28940998173793,103.9953939389666,103.9953939389666,36097000
2015-07-31,106.67174530029297,107.43641730961407,105.14240128165078,107.43641730961407,39992000
2015-08-03,102.848388671875,105.90707681081552,102.848388671875,105.90707681081552,33631000
2015-08-04,104.37772369384766,104.37772369384766,102.84837975694147,103.23071574116801,26546000
2015-08-05,102.466064453125,103.61307263730177,102.466064453125,103.61307263730177,28491000
2015-08-06,102.466064453125,103.99540869869402,100.93672020755596,103.99540869869402,38414000
2015-08-07,101.70138549804688,102.08372153375382,100.55437739092605,101.70138549804688,30554000
2015-08-10,98.64269256591797,100.1720366367074,95.96634044203648,100.1720366367074,63646000
2015-08-11,99.7896728515625,102.0836883194145,99.7896728515625,102.0836883194145,64344000
2015-08-12,98.26036071777344,99.40736881953734,97.49568864993086,99.02503278561603,41642000
2015-08-13,97.87802124023438,99.40736532211304,97.49568521976471,98.6426932811737,35943000
2015-08-14,96.3486557006836,98.26033537728446,95.58398383004325,97.87799944196429,39413000
2015-08-17,94.81930541992188,95.96631314677576,94.05463360201928,95.96631314677576,37847000
2015-08-18,96.3486557006836,96.73099163600378,95.58398383004325,95.58398383004325,40722000
2015-08-19,95.58399200439453,97.49567184448243,94.81932006835937,97.49567184448243,41301000
2015-08-20,96.3486557006836,96.3486557006836,94.43697602408274,95.20164789472308,38012000
2015-08-21,92.52531433105469,95.20166639848189,92.52531433105469,94.05465836958452,59694000
2015-08-24,87.93726348876953,92.52529462731403,86.02558384770933,91.76062277088994,116158000
2015-08-25,94.4369888305664,94.8193248177347,89.84895698454699,90.23129297171526,94960000
2015-08-26,93.67230224609375,95.20164595623405,91.37828668088328,92.5252944634885,64879000
2015-08-27,94.81930541992188,95.58397723782447,93.28996178411668,95.58397723782447,53388000
2015-08-28,95.58399200439453,97.11333587646484,95.20165603637696,97.11333587646484,41466000
2015-08-31,98.64269256591797,98.64269256591797,94.43699637124705,96.34867645973384,56941000
2015-09-01,94.81930541992188,97.49565678258095,94.81930541992188,97.49565678258095,42340000
2015-09-02,95.96633911132812,97.1133471485153,94.05465904934947,94.05465904934947,36973000
2015-09-03,97.11334228515625,97.4956782784049,95.58399831216165,97.4956782784049,24004000
2015-09-04,95.58399200439453,97.11333587646484,94.4369841003418,96.73099990844727,22006000
2015-09-07,93.67230224609375,96.34865373883927,93.28996631855867,95.20164595623405,25891000
2015-09-08,94.05464172363281,94.43697766559879,93.28996983970083,93.67230578166682,15090000
2015-09-09,98.64269256591797,98.64269256591797,96.7310124774312,96.7310124774312,53588000
2015-09-10,95.58399200439453,97.8780078125,95.58399200439453,97.11333587646484,32912000
2015-09-11,97.49567413330078,97.49567413330078,94.81932229434742,95.96633022532743,20525000
2015-09-14,97.49567413330078,98.64268206428079,96.34866620232077,97.87801011029411,25508000
2015-09-15,96.3486557006836,97.87799944196429,95.96631976536342,97.49566350664412,21658000
2015-09-16,99.02503204345703,99.40736807451285,97.49568791923376,97.87802395028957,39923000
2015-09-17,100.17202758789062,100.55436357105052,99.40735562157084,99.78969160473073,49472000
2015-09-18,100.55438232421875,100.55438232421875,98.6427020518952,99.02503810635991,31937000
2015-09-21,99.02503204345703,99.40736807451285,98.26035998134539,99.40736807451285,29930000
2015-09-22,98.64269256591797,99.40736460131268,98.26035654822061,99.40736460131268,17636000
2015-09-23,95.20164489746094,97.49566043715879,95.20164489746094,97.11332451387582,32905000
2015-09-24,97.11334228515625,97.87801427165354,95.96633430541031,97.11334228515625,43432000
2015-09-25,97.11334228515625,97.4956782784049,95.58399831216165,97.11334228515625,24630000
2015-09-29,97.11334228515625,97.11334228515625,97.11334228515625,97.11334228515625,0
2015-09-30,99.40736389160156,100.17203592153696,97.11334780179537,97.87801983173077,67112000
2015-10-01,102.08369445800781,102.46603039230747,99.02500698361058,100.17201478650954,49600000
2015-10-02,100.93669128417969,101.31902723601371,100.55435533234568,101.31902723601371,25216000
2015-10-05,101.31903076171875,102.08370269199588,100.55435883144163,101.70136672685732,30276000
2015-10-06,101.70138549804688,103.61306567658158,101.31904946233993,103.23072964087464,48613000
2015-10-07,103.230712890625,103.230712890625,101.70136899594907,102.08370496961805,31784000
2015-10-08,103.99539184570312,104.76006384456858,103.23071984683766,104.76006384456858,31144000
2015-10-12,105.90707397460938,106.28940998173793,104.37772994609516,104.76006595322372,46971000
2015-10-13,105.14238739013672,105.90705929842863,103.99537952769887,105.90705929842863,36108000
2015-10-14,104.37772369384766,105.14239566230076,103.99538770962111,104.37772369384766,18007000
2015-10-15,107.05408477783203,107.8187568119594,106.28941274370466,106.28941274370466,57142000
2015-10-16,105.14238739013672,105.14238739013672,103.99537952769887,104.76005143599077,36196000
2015-10-19,105.52473449707031,106.28940648617952,104.76006250796111,105.90707049162492,26150000
2015-10-20,106.28938293457031,106.2893829345703,105.14237520506056,106.2893829345703,27462000
2015-10-21,105.90707397460938,107.05408199599503,105.14240196035227,106.67174598886648,17976000
2015-10-22,105.14238739013672,105.90705929842863,104.76005143599077,105.52472334428268,15149000
2015-10-23,107.05408477783203,107.43642079489571,106.28941274370466,107.05408477783203,35644000
2015-10-26,107.05408477783203,107.43642079489571,106.28941274370466,107.43642079489571,24382000
2015-10-27,106.28938293457031,107.05405475424347,105.14237520506056,105.90704702473373,26012000
2015-10-28,105.52473449707031,106.28940648617952,104.76006250796111,104.76006250796111,22522000
2015-10-29,104.37772369384766,106.67173959920694,104.37772369384766,106.2894036149804,20428000
2015-10-30,104.37772369384766,105.14239566230076,103.99538770962111,104.7600596780742,27844000
2015-11-02,105.14238739013672,105.90705929842863,103.61304357355291,105.90705929842863,21663000
2015-11-03,106.67174530029297,107.05408130495353,105.52473728631132,105.90707329097188,33082000
2015-11-04,110.49512481689453,110.49512481689453,107.81877231267909,108.20110838470987,75144000
2015-11-05,108.96578216552734,110.49512647662246,108.96578216552734,110.11279039884869,35773000
2015-11-06,107.05408477783203,110.11277291434152,106.28941274370466,110.11277291434152,45683000
2015-11-09,108.58342742919922,109.34809945334851,107.43641939297528,107.81875540504993,24833000
2015-11-10,106.67174530029297,108.20108931893516,106.28940929563242,108.20108931893516,23307000
2015-11-11,105.14238739013672,107.43640311501244,104.37771548184482,107.43640311501244,29412000
2015-11-12,105.90707397460938,106.28940998173793,105.52473796748082,105.90707397460938,16474000
2015-11-13,103.99539184570312,106.28940784229951,103.99539184570312,105.14239984400132,21639000
2015-11-16,103.230712890625,103.61304886429399,102.46604094328704,102.46604094328704,32110000
2015-11-17,105.90707397460938,107.05408199599503,105.14240196035227,105.52473796748082,28188000
2015-11-18,104.76007080078125,107.05408694970347,104.37773477596089,106.6717509248831,29074000
2015-11-19,107.4364013671875,107.4364013671875,105.52472162755784,105.90705757548376,27426000
2015-11-20,107.81877136230469,107.81877136230467,107.05409922498337,107.43643529364402,20271000
2015-11-23,107.81877136230469,108.20110743096534,107.05409922498337,107.81877136230467,17170000
2015-11-24,106.67174530029297,108.20108931893516,106.67174530029297,107.05408130495353,21843000
2015-11-25,107.81877136230469,107.81877136230467,105.9070910190014,106.67176315632271,27099000
2015-11-26,108.96578216552734,108.96578216552734,107.05410177665844,107.818773932206,31976000
2015-11-27,106.28938293457031,109.34807021326297,106.2893829345703,109.34807021326297,23135000
2015-11-30,106.28938293457031,106.2893829345703,103.99536747555081,104.37770338538739,108490000
2015-12-01,108.96578216552734,108.96578216552734,105.9070935433371,107.43643785443223,46117000
2015-12-02,108.96578216552734,110.11279039884869,108.58344608775356,110.11279039884869,31609000
2015-12-03,108.96578216552734,109.34811824330112,108.20111000997979,108.20111000997979,18825000
2015-12-04,107.4364013671875,108.96574515889124,107.4364013671875,107.81873731511344,30869000
2015-12-07,109.73042297363281,110.4950949107313,108.58341506798507,108.58341506798507,40284000
2015-12-08,108.96578216552734,110.11279039884869,107.818773932206,109.7304543210749,32173000
2015-12-09,107.4364013671875,108.5834092109653,107.4364013671875,108.5834092109653,26751000
2015-12-10,107.81877136230469,108.20110743096534,106.28942708766206,107.43643529364402,41414000
2015-12-11,106.67174530029297,108.58342532359572,106.28940929563242,107.81875331427462,29914000
2015-12-14,106.28938293457031,106.67171884440688,105.14237520506056,105.14237520506056,32656000
2015-12-15,105.52473449707031,107.43641446984333,105.52473449707031,106.67174248073412,23558000
2015-12-16,109.73042297363281,110.11275894218205,107.81874313088659,108.58341506798507,56401000
2015-12-17,110.87744140625,110.87744140625,109.34809738685345,110.49510540140086,34462000
2015-12-18,108.58342742919922,110.8774435016471,108.58342742919922,109.34809945334851,36298000
2015-12-21,108.20108795166016,108.96575995131853,107.43641595200178,108.20108795166016,26847000
2015-12-22,108.58342742919922,108.58342742919922,107.43641939297528,107.81875540504993,17085000
2015-12-23,108.20108795166016,109.34809595114771,107.43641595200178,107.81875195183096,18064000
2015-12-24,108.58342742919922,109.73043546542316,108.58342742919922,109.34809945334851,13471000
2015-12-25,109.34809875488281,109.73043476451527,108.5834267356179,108.5834267356179,6126000
2015-12-28,109.73042297363281,110.11275894218205,109.34808700508357,109.73042297363281,10797000
2015-12-29,108.58342742919922,110.1127714774978,108.20109141712457,109.73043546542316,12801000
2015-12-30,108.96578216552734,110.11279039884869,108.58344608775356,108.96578216552734,14578000
2015-12-31,109.34809875488281,110.11277077414773,107.81875471635298,108.5834267356179,18336000
2016-01-04,106.67174530029297,109.73043333757735,106.28940929563242,108.96576132825626,39169000
2016-01-05,105.52473449707031,107.05407847528873,104.76006250796111,106.28940648617952,46381000
2016-01-06,103.61305236816406,105.524732301156,103.23071638156567,105.524732301156,53617000
2016-01-07,101.70138549804688,103.23072964087464,99.78970531951215,102.8483936051677,62539000
2016-01-08,102.466064453125,103.23073657590952,100.93672020755596,100.93672020755596,50123000
2016-01-11,101.70138549804688,102.8483936051677,99.78970531951215,101.70138549804688,48345000
2016-01-12,101.70138549804688,102.46605756946076,100.55437739092605,101.70138549804688,34688000
2016-01-13,102.08369445800781,103.61303819520643,101.70135852370817,102.08369445800781,37717000
2016-01-14,100.55438232421875,100.93671837868347,99.78971021528933,99.78971021528933,39253000
2016-01-15,104.76007080078125,105.524742850422,103.61306272632015,105.14240682560163,79464000
2016-01-18,104.76007080078125,105.524742850422,102.84839067667941,103.23072670149978,36757000
2016-01-19,105.52473449707031,105.52473449707031,103.9953905188519,105.14239850251572,23737000
2016-01-20,102.848388671875,105.1424047760804,102.08371663713987,105.1424047760804,43839000
2016-01-21,103.230712890625,104.37772081163195,102.46604094328704,102.46604094328704,31933000
2016-01-22,105.90707397460938,105.90707397460938,103.9953939389666,104.37772994609516,33889000
2016-01-25,106.67174530029297,107.05408130495353,106.28940929563242,107.05408130495353,27184000
2016-01-26,105.14238739013672,106.28939525257458,104.76005143599077,105.14238739013672,24049000
2016-01-27,106.67174530029297,106.67174530029297,105.90707329097188,106.28940929563242,24029000
2016-01-28,107.05408477783203,107.43642079489571,105.52474070957729,105.52474070957729,37867000
2016-01-29,109.34809875488281,109.34809875488281,105.52473865855823,105.9070746681907,55616000
2016-02-01,110.1127700805664,110.1127700805664,108.20109004444546,110.1127700805664,40943000
2016-02-02,108.96578216552734,110.49512647662246,108.20111000997979,110.11279039884869,25380000
2016-02-03,111.64212036132812,111.64212036132812,110.49511227542406,110.87744830405876,70465000
2016-02-15,110.87744140625,112.02444942079741,108.58342537715518,108.58342537715518,72875000
2016-02-16,112.78913879394531,113.1714748576536,111.25979453911216,111.64213060282044,55006000
2016-02-17,113.17143249511719,113.93610433630042,112.40676065393397,113.93610433630042,38453000
2016-02-18,115.46546936035156,115.46546936035158,114.31846138657325,114.70079737783269,61657000
2016-02-19,115.46546936035156,115.46546936035158,113.9361253953138,113.9361253953138,35668000
2016-02-22,115.46546936035156,116.61247733412989,114.31846138657325,114.31846138657325,27003000
2016-02-23,114.31847381591797,115.46548191440543,113.93613778308881,115.08314588157627,22302000
2016-02-24,113.17143249511719,115.08311209807526,112.40676065393397,114.31844025689203,22026000
2016-02-25,115.08314514160156,115.46548117197233,113.55380102011848,113.93613705048925,25202000
2016-02-26,113.93611907958984,115.84779892991853,113.17144713945837,115.46546295985279,37655000
2016-03-01,116.23013305664062,116.23013305664062,113.55378130862589,113.55378130862589,38629000
2016-03-02,116.99482727050781,118.14183538100299,116.99482727050783,117.75949934417127,36010000
2016-03-03,117.75945281982422,118.14178870560288,116.99478104826693,117.75945281982422,28822000
2016-03-04,116.61248779296875,117.37715984407019,115.84781574186732,116.99482381851946,32794000
2016-03-07,116.23013305664062,117.37714094864695,115.46546112863642,116.61246902064273,23906000
2016-03-08,116.23013305664062,116.23013305664062,114.31845323663009,115.46546112863642,35683000
2016-03-09,116.99482727050781,116.99482727050783,115.0831470863492,116.23015519684436,24004000
2016-03-10,118.14183044433594,118.14183044433594,115.8478143192032,116.99482238176957,28302000
2016-03-11,118.52415466308594,118.52415466308595,116.99481073194936,118.1418186803018,29566000
2016-03-14,119.28885650634766,120.43586474198561,118.90652042780167,119.67119258489363,32751000
2016-03-15,118.14183044433594,119.67117452775776,116.99482238176957,118.52416646519139,28689000
2016-03-16,119.28885650634766,119.28885650634766,117.75951219216371,118.90652042780167,30962000
2016-03-17,121.20052337646484,122.34753148412855,120.43585130468904,121.96519544824065,48193000
2016-03-18,121.9652099609375,121.9652099609375,121.200537798173,121.200537798173,55975000
2016-03-21,122.34750366210938,122.34750366210938,120.818159866333,122.34750366210938,26100000
2016-03-22,121.20052337646484,121.96519544824065,120.05351526880114,121.96519544824065,25809000
2016-03-23,121.9652099609375,121.9652099609375,120.81820171679075,121.200537798173,27478000
2016-03-24,121.20052337646484,121.58285941235275,120.05351526880114,120.81818734057694,24853000
2016-03-25,120.81819152832031,121.58286362660083,120.0535194300398,121.20052757746056,10175000
2016-03-28,121.58283233642578,121.58283233642578,120.05348853345188,120.81816043493883,15268000
2016-03-29,121.58283233642578,121.96516828716926,120.81816043493883,121.20049638568231,18977000
2016-03-30,123.4945068359375,123.87684277041409,121.20049122907798,121.20049122907798,43616000
2016-03-31,123.87686920166016,124.64154123376917,121.58285310533313,123.87686920166017,49433000
2016-04-01,121.20052337646484,123.11220355590436,120.43585130468904,123.11220355590436,31564000
2016-04-06,117.3771743774414,119.28885474189485,117.3771743774414,118.90651866900416,58134000
2016-04-07,118.14183044433594,118.52416646519139,116.6124863609141,118.52416646519139,35238000
2016-04-08,120.43585205078125,120.81818808903769,117.75949978298611,117.75949978298611,41032000
2016-04-11,121.20052337646484,121.58285941235275,118.90650716113743,119.28884319702533,21758000
2016-04-12,121.20052337646484,121.96519544824065,120.43585130468904,120.43585130468904,14859000
2016-04-13,123.4945068359375,123.87684277041409,121.96516309803116,122.34749903250774,39611000
2016-04-14,123.4945068359375,124.25917870489067,122.34749903250774,123.87684277041409,31338000
2016-04-15,121.9652099609375,122.34754604231975,119.28885739126176,120.05352955402626,48779000
2016-04-18,120.81819152832031,121.20052757746056,120.43585547918006,120.81819152832031,20279000
2016-04-19,120.43585205078125,123.11220431857639,120.0535160125248,122.3475322420635,26577000
2016-04-20,117.75945281982422,120.81813990605342,117.75945281982422,120.43580402027477,40996000
2016-04-21,120.0534896850586,120.0534896850586,117.75947395859251,119.28881777623657,29723000
2016-04-22,119.6711654663086,120.81817344202402,118.52415749059318,118.90649348249832,28990000
2016-04-25,120.43585205078125,120.43585205078125,119.2888439360119,119.67117997426836,14306000
2016-04-26,120.81819152832031,121.20052757746056,119.67118338089955,119.67118338089955,18119000
2016-04-27,119.6711654663086,120.43583745011887,118.90649348249832,119.28882947440346,28845000
2016-04-28,116.99482727050781,120.81818763882507,116.99482727050783,120.43585160199335,48915000
2016-04-29,114.7008056640625,115.46547770182292,113.9361336263021,115.46547770182292,66445000
2016-05-03,112.78913879394531,113.5538109213619,112.02446666652874,113.1714748576536,68550000
2016-05-04,112.40679168701172,113.93613579159691,112.02445566086541,112.40679168701172,52973000
2016-05-05,112.78913879394531,113.5538109213619,111.64213060282044,112.78913879394531,38269000
2016-05-06,113.17143249511719,113.5537684157088,112.40676065393397,113.5537684157088,36510000
2016-05-09,112.78913879394531,113.93614698507018,112.02446666652874,113.5538109213619,38478000
2016-05-10,112.40679168701172,113.17146373930431,112.02445566086541,112.40679168701172,29785000
2016-05-11,112.40679168701172,113.93613579159691,112.02445566086541,113.5537997654506,40057000
2016-05-12,111.64212036132812,113.17146447586687,111.64212036132812,112.40679241859749,23749000
2016-05-13,110.1127700805664,111.25977810223898,109.34809806611803,110.87744209501479,60038000
2016-05-16,110.49512481689453,111.25979696095608,109.3481166008022,109.3481166008022,31133000
2016-05-17,112.40679168701172,112.40679168701172,110.87744758242653,111.25978360857282,30277000
2016-05-18,112.40679168701172,112.40679168701172,110.87744758242653,111.64211963471912,31057000
2016-05-19,112.40679168701172,113.5537997654506,111.25978360857282,113.17146373930431,35132000
2016-05-20,113.55380249023438,114.31847456087569,112.40679438427242,112.78913041959306,36306000
2016-05-23,117.75945281982422,118.14178870560288,114.31842984781638,115.08310161937368,50127000
2016-05-24,115.46546936035156,117.37714931664878,115.46546936035158,116.61247733412989,24470000
2016-05-25,118.14183044433594,118.52416646519139,116.6124863609141,117.37715840262501,30719000
2016-05-26,118.52415466308594,118.52415466308595,117.3771467147335,118.1418186803018,17196000
2016-05-27,119.6711654663086,119.6711654663086,118.14182149868803,119.28882947440346,22992000
2016-05-30,120.0534896850586,120.81816159388063,118.52414586741455,120.0534896850586,36339000
2016-05-31,119.6711654663086,120.43583745011887,118.52415749059318,119.6711654663086,69656000
2016-06-01,121.58283233642578,121.58283233642578,119.28881663196492,119.28881663196492,26926000
2016-06-02,121.58283233642578,122.34750423791274,120.81816043493883,121.58283233642578,21977000
2016-06-03,122.72985076904297,122.72985076904297,121.58284281793041,121.58284281793041,31853000
2016-06-06,123.11221313476562,123.87688526603746,122.34754100349379,123.11221313476562,28757000
2016-06-07,123.87686920166016,125.02387724982368,123.11219716955115,123.49453318560566,47046000
2016-06-08,126.55322265625,126.93555867635952,125.02387857581193,125.40621459592145,45214000
2016-06-13,123.87686920166016,124.25920521771467,123.11219716955115,123.11219716955115,48750000
2016-06-14,123.87686920166016,124.64154123376917,123.11219716955115,123.11219716955115,27509000
2016-06-15,124.64152526855469,124.64152526855469,123.11218140022888,123.87685333439178,29270000
2016-06-16,122.72985076904297,124.2591947038597,121.96517880163461,123.49452273645133,24408000
2016-06-17,124.64152526855469,125.78853316979907,123.87685333439178,124.25918930147324,30633000
2016-06-20,124.64152526855469,126.17086913688053,124.64152526855469,125.78853316979907,24911000
2016-06-21,126.55322265625,126.55322265625,125.02387857581193,125.40621459592145,27970000
2016-06-22,126.93555450439453,126.93555450439453,125.02387446667774,125.78854648176446,30359000
2016-06-23,125.40619659423828,126.93554045514362,125.40619659423828,126.55320448991729,22494000
2016-06-24,121.58283233642578,125.40619184386055,118.14180877973449,125.40619184386055,86547000
2016-06-27,123.5694808959961,123.96681041656198,122.37749233429838,122.77482185486429,42874000
2016-06-28,124.76146697998047,125.15879649265557,123.17214892928008,123.56947844195517,1327000
2016-06-29,126.35079956054688,127.14545867727986,125.55614044381387,125.95347000218037,31514000
2016-06-30,129.13211059570312,129.52944016676682,126.74813316932091,127.94012188251202,42398000
2016-07-01,131.91339111328125,131.91339111328125,129.92674365675592,130.72140263936606,36212000
2016-07-04,131.91339111328125,132.31072060458632,130.72140263936606,131.51606162197618,25724000
2016-07-05,130.32411193847656,131.51610076718214,130.32411193847656,131.11877115761362,16346000
2016-07-06,128.3374481201172,129.5294368023474,127.5427889986304,129.5294368023474,34803000
2016-07-07,130.721435546875,131.1187651382029,129.52944677289133,129.92677636421922,23769000
2016-07-08,130.721435546875,130.721435546875,130.721435546875,130.721435546875,0
2016-07-11,135.092041015625,135.4893705480239,133.90005241842832,135.092041015625,50643000
2016-07-12,135.88673400878906,136.28406364039373,134.69474511397513,135.88673400878906,41961000
2016-07-13,133.90008544921875,135.09207434045808,132.70809655797942,134.69474471004497,50653000
2016-07-14,134.29736328125,135.09202223557693,132.70804537259616,132.70804537259616,34790000
2016-07-15,134.69468688964844,134.69468688964844,132.31071013053963,133.50269851009404,41546000
2016-07-18,134.69468688964844,135.09201634949991,133.50269851009404,133.50269851009404,24749000
2016-07-19,135.4893798828125,135.4893798828125,134.29739120349157,135.4893798828125,42456000
2016-07-20,135.092041015625,135.4893705480239,134.2973819508272,135.092041015625,38053000
2016-07-21,136.68138122558594,136.68138122558594,135.09206283924192,135.88672203241393,33130000
2016-07-22,135.88673400878906,136.68139327199836,135.48940437718443,136.68139327199836,28504000
2016-07-25,136.28399658203125,137.4759848903289,134.29734940153517,136.68132601813045,27145000
2016-07-26,137.47601318359375,137.47601318359375,136.28402462997877,136.6813541478504,32685000
2016-07-27,139.06533813476562,139.85999720982142,138.66800859723773,139.06533813476562,34117000
2016-07-28,140.25732421875,140.25732421875,137.47601750619688,139.06533562765583,31071000
2016-07-29,137.0786895751953,140.65465539020042,137.0786895751953,140.65465539020042,29795000
2016-08-01,140.65467834472656,140.65467834472656,138.66803034550725,139.06535994535113,34188000
2016-08-02,139.8599853515625,141.0519738630815,139.46265584772283,141.0519738630815,15250000
2016-08-03,137.0786895751953,138.270678180197,136.68136004019473,137.0786895751953,21627000
2016-08-04,138.6680145263672,138.6680145263672,137.07869630829993,137.47602586281675,13612000
2016-08-05,140.65467834472656,141.05200794457042,138.2707007456634,139.06535994535113,25759000
2016-08-08,141.44931030273438,141.44931030273438,140.2573217327675,141.44931030273438,16200000
2016-08-09,141.84664916992188,142.64130826891304,140.65466052143512,141.84664916992188,16413000
2016-08-10,142.64132690429688,142.64132690429688,141.44933810008268,142.24399730289215,19279000
2016-08-11,140.25732421875,141.4493128098442,139.46266515802054,141.05198327947946,28180000
2016-08-12,141.05198669433594,141.84664577430402,140.6546571543519,141.84664577430402,22947000
2016-08-15,142.2439727783203,142.2439727783203,141.0519841796193,141.84664324541998,12020000
2016-08-16,139.46267700195312,142.24398395071003,139.065347437845,141.44932482249376,34260000
2016-08-17,140.65467834472656,141.05200794457042,139.86001914503885,140.65467834472656,21487000
2016-08-18,139.8599853515625,140.25731485540217,139.06532634388316,139.8599853515625,27253000
2016-08-19,138.6680145263672,141.05199185346805,138.27068497185036,140.65466229895122,23470000
2016-08-22,137.0786895751953,138.270678180197,136.28403050519418,137.47601911019586,21337000
2016-08-23,139.06533813476562,139.06533813476562,137.8733495221819,138.27067905970983,20888000
2016-08-24,137.87339782714844,139.46271653408962,137.87339782714844,139.06538685735433,12092000
2016-08-25,140.25732421875,140.65465374911474,138.66800609729108,139.06533562765583,23892000
2016-08-26,140.65467834472656,140.65467834472656,139.06535994535113,139.06535994535113,15076000
2016-08-29,139.8599853515625,140.65464435924184,138.27066733620384,139.06532634388316,16975000
2016-08-30,138.2706756591797,140.257323297961,138.2706756591797,139.85999377020474,19471000
2016-08-31,140.25732421875,140.65465374911474,138.66800609729108,140.25732421875,38524000
2016-09-01,138.2706756591797,139.85999377020474,137.47601660366715,139.85999377020474,22692000
2016-09-02,138.2706756591797,140.257323297961,138.2706756591797,140.257323297961,16999000
2016-09-05,140.65467834472656,141.05200794457042,140.2573487448827,140.2573487448827,22381000
2016-09-06,141.44931030273438,142.24396934937894,140.2573217327675,140.65465125608978,26024000
2016-09-07,147.0119171142578,147.0119171142578,143.03862205711573,143.43595156282993,49761000
2016-09-08,145.422607421875,146.6145960073002,145.02527789339993,145.02527789339993,30204000
2016-09-09,143.43597412109375,143.83330368929623,142.64131498468882,143.83330368929623,29793000
2016-09-12,139.46267700195312,141.05199525838566,138.27068830962875,141.05199525838566,43036000
2016-09-13,139.46267700195312,140.2573361301694,137.87335874552062,140.2573361301694,36834000
2016-09-14,138.2706756591797,139.85999377020474,137.87334613142343,138.2706756591797,52877000
2016-09-19,145.422607421875,145.422607421875,141.84664166559938,142.64130072254952,57055000
2016-09-20,145.81996154785156,145.81996154785156,144.23064316585862,144.62797276135686,23641000
2016-09-21,146.21728515625,146.21728515625,143.43597810164744,143.83330768087637,25008000
2016-09-22,147.0119171142578,147.40924661997204,145.8199285971152,147.0119171142578,20980000
2016-09-23,148.60125732421875,148.99858688925676,146.61460949902866,147.01193906406667,23213000
2016-09-26,145.81996154785156,147.01195033434627,145.42263195235333,145.81996154785156,24225000
2016-09-27,145.81996154785156,145.81996154785156,145.81996154785156,145.81996154785156,0
2016-09-28,145.81996154785156,145.81996154785156,145.81996154785156,145.81996154785156,0
2016-09-29,148.60125732421875,148.99858688925676,147.4092686291047,147.4092686291047,54272000
2016-09-30,146.21728515625,148.20393305239472,145.0252964185632,147.40927389393684,42592000
2016-10-03,147.80662536621094,148.20395500429214,146.6146364519673,147.80662536621094,17742000
2016-10-04,148.60125732421875,148.60125732421875,147.01193906406667,147.01193906406667,16859000
2016-10-05,147.80662536621094,147.80662536621094,146.6146364519673,147.80662536621094,19148000
2016-10-06,148.9985809326172,148.9985809326172,147.01193318684895,147.01193318684895,15524000
2016-10-07,149.3959197998047,149.3959197998047,147.8066015040621,149.3959197998047,15380000
2016-10-11,148.9985809326172,151.7798877766927,147.80659228515626,151.7798877766927,30294000
2016-10-12,150.587890625,150.98522015171503,147.80658393799473,148.20391346470976,22604000
2016-10-13,149.79324340820312,151.77989119876287,148.6012547338673,151.38256164065092,37642000
2016-10-14,149.3959197998047,150.190578947676,148.20393107799774,148.6012606519334,33248000
2016-10-17,148.2039337158203,148.99859287783545,147.01194497279764,148.2039337158203,37340000
2016-10-18,148.60125732421875,148.60125732421875,147.4092686291047,148.20392775918071,38150000
2016-10-19,150.587890625,150.587890625,148.99857251813984,148.99857251813984,33272000
2016-10-20,151.382568359375,151.382568359375,150.1905796321358,150.5879092078822,13226000
2016-10-21,149.79324340820312,152.57455031498674,149.79324340820312,151.77989119876287,21936000
2016-10-24,151.77987670898438,151.77987670898438,150.5878881484426,151.77987670898438,13459000
2016-10-25,153.36923217773438,153.36923217773438,151.77991370957133,152.57457294365287,18878000
2016-10-26,152.17723083496094,152.97189000381192,151.38257166610998,151.38257166610998,21043000
2016-10-27,149.79324340820312,152.1772207568748,149.79324340820312,152.1772207568748,26231000
2016-10-28,150.587890625,150.98522015171503,149.79323157156992,150.587890625,24348000
2016-10-31,149.79324340820312,151.38256164065092,148.20392517575536,150.19057296631507,25330000
2016-11-01,150.587890625,150.587890625,148.99857251813984,149.79323157156992,14290000
2016-11-02,147.80662536621094,149.39594391853578,147.80662536621094,148.99861428045458,16488000
2016-11-03,146.6146240234375,148.20394244103574,146.6146240234375,147.40928323223662,25038000
2016-11-04,146.6146240234375,147.80661283663616,146.21729441903793,146.6146240234375,14860000
2016-11-07,150.19058227539062,150.19058227539062,147.80660477895586,148.203934361695,21332000
2016-11-08,149.79324340820312,150.98523208253897,149.39591385009118,150.98523208253897,15437000
2016-11-09,144.62799072265625,151.38259468497813,144.62799072265625,150.98526504013566,55541000
2016-11-10,147.40927124023438,149.3959191006149,147.40927124023438,148.60125995646268,38234000
2016-11-11,144.23068237304688,145.4226714835679,143.83335266953986,144.23068237304688,67603000
2016-11-14,143.43597412109375,144.6279628257012,143.03864455289127,143.83330368929623,47989000
2016-11-15,143.03863525390625,144.6279534233941,142.24397616916232,142.6413057115343,33505000
2016-11-16,143.03863525390625,145.42261250813803,143.03863525390625,143.43596479627823,34833000
2016-11-17,144.23068237304688,145.0253417800609,143.43602296603285,144.6280120765539,22434000
2016-11-18,143.83331298828125,144.23064258217153,143.0386538005007,144.23064258217153,22474000
2016-11-21,143.83331298828125,144.23064258217153,143.0386538005007,143.43598339439097,15600000
2016-11-22,146.21728515625,147.0119443147079,144.2306372601053,144.62796683933425,27599000
2016-11-23,147.40927124023438,148.20393038438658,146.21728252400607,146.61461209608217,22128000
2016-11-24,145.422607421875,147.01192553577528,145.422607421875,146.21726647882514,14980000
2016-11-25,144.62799072265625,145.81997965718364,144.62799072265625,145.02532036749872,10116000
2016-11-28,146.21728515625,146.21728515625,144.2306372601053,144.2306372601053,19096000
2016-11-29,144.62799072265625,147.01196859171102,144.62799072265625,145.81997965718364,24408000
2016-11-30,145.422607421875,145.422607421875,144.2306188364498,144.2306188364498,39671000
2016-12-01,145.422607421875,145.422607421875,144.2306188364498,144.62794836492486,13908000
2016-12-02,141.44931030273438,142.64129887270124,141.44931030273438,142.24396934937894,53836000
2016-12-05,142.2439727783203,143.03863184412097,141.44931371251965,141.44931371251965,29191000
2016-12-06,144.62799072265625,145.4226500123412,143.43600178812886,143.83333143297133,27309000
2016-12-07,144.23068237304688,145.82000118707495,144.23068237304688,145.4226714835679,14110000
2016-12-08,147.40927124023438,147.40927124023438,145.42262337985386,146.21728252400607,27257000
2016-12-09,147.80662536621094,147.80662536621094,146.6146364519673,147.80662536621094,24867000
2016-12-12,147.0119171142578,148.60123513711466,146.2172581028294,147.80657612568623,18796000
2016-12-13,147.80662536621094,148.20395500429214,146.6146364519673,148.20395500429214,23591000
2016-12-14,148.9985809326172,148.9985809326172,147.4092627360026,148.20392183430988,16571000
2016-12-15,148.60125732421875,148.99858688925676,146.61460949902866,147.01193906406667,22803000
2016-12-16,147.0119171142578,148.60123513711466,147.0119171142578,147.40924661997204,35985000
2016-12-19,145.02528381347656,146.6146019922544,145.02528381347656,146.21727244755994,20535000
2016-12-20,145.02528381347656,145.02528381347656,143.0386360900043,143.8332951793932,24139000
2016-12-21,143.03863525390625,144.6279534233941,143.03863525390625,143.83329433865018,29690000
2016-12-22,142.2439727783203,143.43596137702133,142.2439727783203,143.03863184412097,26269000
2016-12-23,141.84664916992188,143.0386378184086,141.84664916992188,142.24397871941744,22961000
2016-12-26,142.64132690429688,143.0386565057016,142.24399730289215,142.24399730289215,5675000
2016-12-27,143.03863525390625,143.43596479627823,142.6413057115343,143.03863525390625,8252000
2016-12-28,144.62799072265625,144.62799072265625,143.43600178812886,143.83333143297133,21226000
2016-12-29,143.03863525390625,144.23062388102215,143.03863525390625,143.03863525390625,30200000
2016-12-30,144.23068237304688,145.0253417800609,143.03869326252584,143.83335266953986,36610000
2017-01-03,145.422607421875,145.81993695035007,143.83328930797472,144.2306188364498,22630000
2017-01-04,145.422607421875,146.21726647882514,144.2306188364498,145.422607421875,24369000
2017-01-05,145.81996154785156,145.81996154785156,144.23064316585862,144.62797276135686,20979000
2017-01-06,146.21728515625,146.61461473547894,145.81995557702106,146.21728515625,22443000
2017-01-09,146.21728515625,147.0119443147079,145.42262599779212,146.21728515625,18569000
2017-01-10,146.21728515625,147.40927389393684,145.81995557702106,146.61461473547894,20198000
2017-01-11,144.62799072265625,147.01196859171102,144.2306610778138,147.01196859171102,29107000
2017-01-12,146.6146240234375,147.40928323223662,145.02530560583926,145.02530560583926,41130000
2017-01-13,144.23068237304688,145.0253417800609,143.43602296603285,143.43602296603285,52352000
2017-01-16,142.64132690429688,143.43598610710632,142.24399730289215,143.0386565057016,30756000
2017-01-17,143.83331298828125,143.83331298828125,142.64132420661042,143.43598339439097,13159000
2017-01-18,143.83331298828125,143.83331298828125,142.64132420661042,143.43598339439097,23693000
2017-01-19,143.43597412109375,143.83330368929623,142.64131498468882,142.64131498468882,24627000
2017-01-20,143.83331298828125,144.23064258217153,143.43598339439097,143.83331298828125,23429000
2017-01-23,147.0119171142578,147.0119171142578,145.02526958568677,145.02526958568677,36992000
2017-01-24,147.40927124023438,148.20393038438658,146.61461209608217,147.01194166815827,55022000
2017-02-02,146.6146240234375,149.79326085863397,146.21729441903793,149.39593125423443,94089000
2017-02-03,146.6146240234375,147.80661283663616,145.81996481463838,147.80661283663616,29518000
2017-02-06,146.6146240234375,147.40928323223662,146.21729441903793,146.6146240234375,24779000
2017-02-07,146.6146240234375,147.01195362783704,145.4226352102388,145.81996481463838,23616000
2017-02-08,145.81996154785156,146.61462073884803,145.42263195235333,145.81996154785156,29168000
2017-02-09,146.21728515625,147.40927389393684,145.81995557702106,146.21728515625,18967000
2017-02-10,147.40927124023438,147.40927124023438,146.21728252400607,146.61461209608217,34747000
2017-02-13,148.9985809326172,149.39591048177084,148.20392183430988,148.20392183430988,25124000
2017-02-14,148.9985809326172,150.98522867838543,148.9985809326172,150.19056958007812,45696000
2017-02-15,150.19058227539062,150.58791185812976,148.203934361695,148.60126394443412,39347000
2017-02-16,150.19058227539062,151.38257102360802,149.3959231099124,150.9852414408689,27018000
2017-02-17,150.587890625,151.38254967843008,150.19056109828495,150.98522015171503,20389000
2017-02-20,150.9852752685547,151.38260494031405,150.58794559679535,150.9852752685547,13254000
2017-02-21,150.9852752685547,150.9852752685547,149.79328625327662,150.9852752685547,31159000
2017-02-22,149.79324340820312,151.77989119876287,149.79324340820312,151.38256164065092,25677000
2017-02-23,149.79324340820312,150.58790252442702,148.6012547338673,149.39591385009118,35725000
2017-02-24,150.19058227539062,151.38257102360802,148.99859352717326,148.99859352717326,22766000
2017-03-01,147.80662536621094,149.79327355661698,147.80662536621094,149.79327355661698,46186000
2017-03-02,147.80662536621094,149.79327355661698,147.0119660900485,149.39594391853578,39980000
2017-03-03,146.21728515625,147.0119443147079,146.21728515625,146.61461473547894,28197000
2017-03-06,145.81996154785156,146.61462073884803,145.81996154785156,146.2172911433498,12531000
2017-03-07,147.40927124023438,147.40927124023438,146.21728252400607,146.21728252400607,18812000
2017-03-08,148.60125732421875,149.3959164542948,147.4092686291047,147.8065981941427,31791000
2017-03-09,146.6146240234375,147.80661283663616,146.21729441903793,147.40928323223662,28489000
2017-03-10,145.81996154785156,146.61462073884803,145.42263195235333,146.2172911433498,20053000
2017-03-13,148.2039337158203,148.2039337158203,147.01194497279764,147.01194497279764,10487000
2017-03-14,147.80662536621094,149.39594391853578,147.80662536621094,149.39594391853578,22245000
2017-03-15,148.2039337158203,148.60126329682788,147.4092745538052,147.4092745538052,14131000
2017-03-16,150.9852752685547,150.9852752685547,149.39595658151728,149.39595658151728,31507000
2017-03-17,152.17723083496094,152.17723083496094,150.19058291283352,150.587912497259,33764000
2017-03-20,152.17723083496094,152.17723083496094,150.587912497259,152.17723083496094,16215000
2017-03-21,154.95855712890625,154.95855712890625,152.17724969325923,152.57457932692307,32246000
2017-03-22,153.76651000976562,153.76651000976562,152.17719207684817,152.97185104330688,27396000
2017-03-23,153.76651000976562,153.76651000976562,152.57452156007753,152.57452156007753,18472000
2017-03-24,152.971923828125,153.36925350040585,152.57459415584415,152.57459415584415,17541000
2017-03-27,153.36923217773438,154.56122102885666,152.57457294365287,154.56122102885666,29251000
2017-03-28,154.56117248535156,154.95850197760183,152.97185451635053,154.95850197760183,38259000
2017-03-29,152.17723083496094,154.56120834151386,151.77990125053546,154.56120834151386,33374000
2017-03-30,152.17723083496094,153.3692195882374,151.38257166610998,152.97189000381192,28302000
2017-03-31,150.19058227539062,152.57455977182542,150.19058227539062,151.77990060634716,33635000
2017-04-05,153.36923217773438,153.36923217773438,150.58792485844904,150.58792485844904,43748000
2017-04-06,152.17723083496094,153.3692195882374,151.77990125053546,153.3692195882374,16173000
2017-04-07,151.77987670898438,152.57453574934556,149.79322910808145,152.57453574934556,18911000
2017-04-10,150.9852752685547,152.17726428383276,150.58794559679535,151.77993461207342,17024000
2017-04-11,151.77987670898438,151.77987670898438,150.19055862826204,150.9852176686232,8441000
2017-04-12,151.77987670898438,152.17720622916497,150.9852176686232,151.38254718880378,17283000
2017-04-13,152.17723083496094,152.57456041938644,150.587912497259,150.587912497259,14771000
2017-04-14,150.19058227539062,150.58791185812976,149.3959231099124,150.58791185812976,30701000
2017-04-17,148.9985809326172,150.19056958007812,148.9985809326172,150.19056958007812,17096000
2017-04-18,149.3959197998047,150.58790852161164,148.99859022586904,149.3959197998047,25063000
2017-04-19,148.2039337158203,148.99859287783545,148.2039337158203,148.99859287783545,30477000
2017-04-20,148.60125732421875,149.3959164542948,148.20392775918071,148.20392775918071,21488000
2017-04-21,150.9852752685547,150.9852752685547,148.99862690975792,148.99862690975792,17373000
2017-04-24,150.9852752685547,152.17726428383276,149.79328625327662,151.77993461207342,19317000
2017-04-25,152.57452392578125,152.57452392578125,150.587876478831,151.38253545761108,31932000
2017-04-26,151.77987670898438,152.57453574934556,151.38254718880378,152.57453574934556,29909000
2017-04-27,153.36923217773438,153.36923217773438,151.38258409253058,152.57457294365287,27940000
2017-04-28,154.56117248535156,154.56117248535156,153.3691840086008,153.76651350085103,34852000
2017-05-02,156.15049743652344,158.13714498660642,155.35583841649023,157.73981547658983,44119000
2017-05-03,157.34249877929688,157.73982832166885,156.54783969455295,157.34249877929688,25723000
2017-05-04,157.34249877929688,158.1371578640408,156.54783969455295,157.73982832166885,22088000
2017-05-05,156.94517517089844,157.73983428568778,156.54784561350374,156.54784561350374,17036000
2017-05-08,160.91845703125,160.91845703125,158.13715036651234,158.13715036651234,36538000
2017-05-09,161.713134765625,164.49444175176598,161.713134765625,163.30245304341983,48077000
2017-05-10,163.3024444580078,163.69977400656745,162.11045581232892,162.11045581232892,28312000
2017-05-11,164.8917694091797,165.6864285388625,162.11046245528993,162.50779202013132,43718000
2017-05-12,163.69979858398438,164.49445780041148,162.90513936755727,162.90513936755727,25009000
2017-05-15,163.69979858398438,163.69979858398438,162.11048015113016,162.11048015113016,25666000
2017-05-16,162.50778198242188,162.9051115227212,161.71312290182323,162.9051115227212,33224000
2017-05-17,162.11045837402344,162.11045837402344,161.31579926434685,161.31579926434685,21567000
2017-05-18,161.713134765625,162.11046433507371,160.12381648783017,160.91847562672757,22461000
2017-05-19,161.31578063964844,162.50776916654237,160.91845113068376,161.71311014861308,16492000
2017-05-22,162.9051055908203,162.9051055908203,161.31578748749524,161.71311701332652,13726000
2017-05-23,162.9051055908203,164.49442369414538,162.50777606498906,162.9051055908203,19991000
2017-05-24,163.3024444580078,163.69977400656745,162.90511490944817,162.90511490944817,13380000
2017-05-25,164.4944305419922,164.4944305419922,163.3024419148763,163.69977145724826,22328000
2017-05-26,164.4944305419922,164.4944305419922,162.90511237250436,162.90511237250436,32514000
2017-05-31,161.31578063964844,164.49441671136563,161.31578063964844,164.09708720240099,67475000
2017-06-01,164.4944305419922,164.4944305419922,162.50778283013238,162.90511237250436,27589000
2017-06-02,166.08372497558594,166.08372497558594,164.89173651882336,165.6863954899984,22573000
2017-06-05,168.4676971435547,168.4676971435547,166.08372029718362,166.4810497715788,21457000
2017-06-06,167.27572631835938,168.07038535075063,167.27572631835938,167.27572631835938,14912000
2017-06-07,168.07041931152344,168.86507850448572,166.87843052208,168.46774890800458,29514000
2017-06-08,169.2624053955078,169.2624053955078,168.0704166251169,168.4677462152472,18437000
2017-06-09,168.4676971435547,170.85167398992573,168.4676971435547,170.45434451553055,31774000
2017-06-12,164.8917694091797,166.87841723338667,164.4944398443383,164.4944398443383,58256000
2017-06-13,165.28912353515625,165.68645315903885,164.09713466350848,164.49446428739108,43566000
2017-06-14,164.4944305419922,166.48107825385202,163.69977145724826,165.6864191691081,36293000
2017-06-15,165.28912353515625,165.28912353515625,164.49446428739108,164.89179391127365,17748000
2017-06-16,168.07041931152344,168.46774890800458,164.49445294319315,164.8917825396743,32816000
2017-06-19,169.2624053955078,169.2624053955078,167.2757574448563,167.6730870349866,15632000
2017-06-20,172.04371643066406,173.23570522810513,170.45439803407592,170.85172763322296,28630000
2017-06-21,171.24903869628906,172.4410273647087,170.4543795840093,171.64636825242894,44789000
2017-06-22,173.23568725585938,173.23568725585938,172.04369858208054,172.4410281400068,24139000
2017-06-23,172.44102478027344,173.63301343082833,172.44102478027344,173.23568388064336,39621000
2017-06-26,176.54673767089844,176.54673767089844,174.0832948196766,174.0832948196766,58686000
2017-06-27,173.67269897460938,175.72556775681517,173.26212521816822,175.72556775681517,43269000
2017-06-28,171.2093048095703,172.44102642690535,170.7987309371253,172.03045255446034,48568000
2017-06-29,172.4409942626953,172.85156805855885,171.20927287510463,172.85156805855885,26019000
2017-06-30,171.2093048095703,171.2093048095703,169.56700931979026,169.56700931979026,30867000
2017-07-03,171.61988830566406,171.61988830566406,169.97759272379167,170.38816661925978,19027000
2017-07-04,169.97756958007812,171.20929109877434,169.97756958007812,170.79871725920893,21132000
2017-07-05,171.2093048095703,171.2093048095703,169.56700931979026,169.97758319223527,23276000
2017-07-06,170.38815307617188,171.2093008018402,169.97757921333772,170.79872693900603,15242000
2017-07-07,169.1564178466797,170.38813933585453,168.74584401695475,169.9775655061296,20655000
2017-07-10,169.1564178466797,169.9775655061296,169.1564178466797,169.56699167640465,13292000
2017-07-11,174.08328247070312,174.08328247070312,170.3881184559948,170.79869223540683,33265000
2017-07-12,172.85157775878906,174.49387303440702,172.85157775878906,173.26215157769354,26426000
2017-07-13,176.13619995117188,177.3679216291521,173.67275659521144,174.0833304878715,50090000
2017-07-14,174.90443420410156,176.13615557173608,174.08328662567854,174.90443420410156,22335000
2017-07-17,174.90443420410156,176.95730315015908,173.67271283646704,176.54672936094758,21372000
2017-07-18,175.7255859375,175.7255859375,174.08329074182242,174.9044383396612,18613000
2017-07-19,176.13619995117188,176.54677384383197,174.49390438053157,174.49390438053157,20637000
2017-07-20,176.9573211669922,176.9573211669922,175.72559967395048,176.5467473359783,20770000
2017-07-21,175.7255859375,176.54673353533877,175.31501213858058,175.7255859375,15032000
2017-07-24,176.13619995117188,176.13619995117188,174.90447827319167,175.31505216585174,19972000
2017-07-25,175.7255859375,176.1361597364194,175.31501213858058,175.7255859375,13344000
2017-07-26,174.90443420410156,176.54672936094758,174.49386041489004,176.54672936094758,14684000
2017-07-27,176.9573211669922,177.36789499800608,175.31502584293656,175.31502584293656,23013000
2017-07-28,174.90443420410156,175.72558178252456,174.49386041489004,174.90443420410156,19724000
2017-07-31,176.13619995117188,176.13619995117188,173.67275659521144,173.67275659521144,19993000
2017-08-01,174.08328247070312,175.72557758835126,174.08328247070312,174.49385625011516,19704000
2017-08-02,177.36788940429688,177.36788940429688,175.72559413203487,175.72559413203487,27320000
2017-08-03,175.31504821777344,175.72562210118744,174.49390045094546,174.90447433435943,25694000
2017-08-04,174.90443420410156,175.72558178252456,174.49386041489004,175.31500799331306,21831000
2017-08-07,177.36788940429688,177.77846322236238,175.31502031396937,175.31502031396937,21564000
2017-08-08,178.599609375,179.8313308189655,177.3678879310345,178.599609375,25122000
2017-08-09,176.13619995117188,176.95734773649204,175.31505216585174,176.54677384383197,28050000
2017-08-10,175.7255859375,176.95730733425816,174.4938645407418,176.95730733425816,26273000
2017-08-11,174.49391174316406,175.3150595631319,172.85161610322842,173.26219001321232,41417000
2017-08-14,173.26219177246094,175.72563525737743,172.44104394415544,175.3150613432247,29299000
2017-08-15,175.7255859375,176.1361597364194,174.9044383396612,174.9044383396612,13512000
2017-08-16,174.90443420410156,176.13615557173608,173.26213904725554,176.13615557173608,25176000
2017-08-17,175.7255859375,175.7255859375,174.9044383396612,175.31501213858058,8334000
2017-08-18,174.49391174316406,174.904485653148,173.26219001321232,174.08333783318017,13711000
2017-08-21,173.67269897460938,174.90442024393283,173.67269897460938,174.49384648749168,11882499
2017-08-22,176.13619995117188,176.13619995117188,174.90447827319167,175.31505216585174,14211415
2017-08-23,176.9573211669922,177.36789499800608,175.72559967395048,176.9573211669922,11589917
2017-08-24,178.1890869140625,178.1890869140625,176.95736511511737,177.3679390480991,15224842
2017-08-25,178.599609375,178.599609375,177.3678879310345,178.599609375,10125387
2017-08-28,177.36788940429688,177.77846322236238,176.54674176816587,176.54674176816587,15236159
2017-08-29,177.36788940429688,177.36788940429688,176.54674176816587,177.36788940429688,16160161
2017-08-30,178.599609375,179.01018318965515,177.3678879310345,177.3678879310345,19674310
2017-08-31,177.77850341796875,179.01022515065677,176.95735559617677,178.59965123976076,26434202
2017-09-01,177.77850341796875,178.59965123976076,176.54678168528076,176.54678168528076,17805405
2017-09-04,178.599609375,179.01018318965515,176.9573141163793,177.77846174568964,15023185
2017-09-05,179.0102081298828,179.0102081298828,177.7784865143102,179.0102081298828,17357347
2017-09-06,178.1890869140625,179.01023478002594,177.3679390480991,177.7785129810808,16012662
2017-09-07,178.1890869140625,179.42080871300763,177.3679390480991,179.01023478002594,19135540
2017-09-08,179.0102081298828,179.0102081298828,177.7784865143102,178.18906038616774,25512045
2017-09-11,178.1890869140625,180.24195657897107,177.7785129810808,179.83138264598935,19026886
2017-09-12,179.8313446044922,180.24191845062114,178.59962306610524,179.8313446044922,21588321
2017-09-13,179.0102081298828,179.83135587359786,178.59963425802528,178.59963425802528,17555541
2017-09-14,179.4207763671875,179.8313502261513,178.59962864925987,179.4207763671875,18315567
2017-09-15,179.4207763671875,179.8313502261513,178.18905479029604,179.4207763671875,44551103
2017-09-18,180.24192810058594,180.6525019686966,179.01020649625391,179.83135423247526,17654705
2017-09-19,181.8842010498047,181.8842010498047,180.65247959800016,181.8842010498047,23410233
2017-09-20,181.8842010498047,182.29477486707287,180.65247959800016,181.4736272325365,20320237
2017-09-21,181.47366333007812,183.11595892582542,180.65251553220446,181.47366333007812,18645565
2017-09-22,179.4207763671875,182.2947933799342,179.4207763671875,181.8842195209704,21557370
2017-09-25,178.1890869140625,179.42080871300763,178.1890869140625,178.59966084704422,16876286
2017-09-26,175.7255859375,179.01017632885512,175.7255859375,178.59960252993574,23070901
2017-09-27,176.54673767089844,178.5996067135833,176.54673767089844,178.5996067135833,22590510
2017-09-28,175.7255859375,177.36788113317755,175.31501213858058,176.54673353533877,31616062
2017-09-29,177.77850341796875,178.59965123976076,176.95735559617677,177.36792950707277,21380708
2017-10-02,181.06307983398438,181.06307983398438,179.4207843252861,180.24193207963523,27983551
2017-10-03,182.70535278320312,183.11592660968225,179.83133599784938,179.83133599784938,36679938
2017-10-05,184.3477020263672,185.16884991958042,182.29483229333417,182.29483229333417,23349939
2017-10-06,184.3477020263672,185.16884991958042,183.52655413315398,184.7582759729738,15642516
2017-10-11,191.3274383544922,191.73801225654046,185.98997762786473,185.98997762786473,63667562
2017-10-12,195.02259826660156,195.02259826660156,192.55915492007608,192.96972881116366,42390186
2017-10-13,195.02259826660156,195.02259826660156,192.55915492007608,195.02259826660156,23145071
2017-10-16,195.43316650390625,195.43316650390625,193.7908709870667,195.02259262469636,19964072
2017-10-17,193.38026428222656,195.43313332980858,192.96969047271017,195.43313332980858,17652304
2017-10-18,195.02259826660156,196.66489383095188,194.61202437551398,196.66489383095188,28886850
2017-10-19,196.25430297851562,198.30717225653356,196.25430297851562,196.6648768341192,23481776
2017-10-20,195.02259826660156,196.66489383095188,195.02259826660156,195.43317215768914,24722035
2017-10-23,196.25430297851562,197.0754506897228,195.84372912291204,196.25430297851562,15772559
2017-10-24,195.43316650390625,197.0754620207458,195.43316650390625,197.0754620207458,14975093
2017-10-25,195.43316650390625,196.25431426232603,195.02259262469636,195.84374038311614,16880187
2017-10-26,193.7908477783203,195.43314309847557,193.7908477783203,194.61199543839794,12959717
2017-10-27,196.25430297851562,197.0754506897228,195.02258141170486,195.02258141170486,17773541
2017-10-30,199.53890991210938,201.18120546694155,198.30718824598523,198.7177621346933,27784990
2017-10-31,199.53890991210938,201.18120546694155,198.30718824598523,199.9494838008174,22582013
2017-11-01,199.12831115722656,201.18118034441446,198.3071634823514,199.94945883210173,20389054
2017-11-02,197.8965606689453,199.1282820009097,197.48598689162387,198.71770822358826,15810342
2017-11-03,196.25430297851562,197.89659840092997,195.84372912291204,197.4860245453264,16528682
2017-11-06,196.6648712158203,200.3600358106896,196.25429737194594,199.94946196681522,21029415
2017-11-07,200.36004638671875,200.36004638671875,198.30717705898599,198.71775092453254,20200261
2017-11-08,199.12831115722656,199.94945883210173,198.71773731978897,199.53888499466413,14129103
2017-11-09,197.8965606689453,199.53885577823118,197.0754131143024,197.48598689162387,20313949
2017-11-10,197.48599243164062,198.71771379815812,196.66484485396228,197.07541864280145,14121296
2017-11-13,196.6648712158203,198.30716659131778,196.6648712158203,197.0754450596947,12087858
2017-11-14,197.07542419433594,197.89657179514566,196.25427659352619,197.89657179514566,16880176
2017-11-15,195.02259826660156,196.66489383095188,193.79087659333882,196.2543199398643,28720308
2017-11-16,195.43316650390625,197.0754620207458,195.02259262469636,195.43316650390625,16487172
2017-11-17,198.30718994140625,199.12833772584273,197.4860421569698,197.4860421569698,18676825
2017-11-20,195.84376525878906,198.30720884694995,195.43319132742891,197.8966349155898,16265271
2017-11-21,199.53890991210938,199.53890991210938,196.66489269115306,197.0754665798611,20513024
2017-11-22,198.71775817871094,200.77062758138356,198.71775817871094,200.77062758138356,26626431
2017-11-23,199.12831115722656,199.94945883210173,198.3071634823514,198.71773731978897,9346763
2017-11-24,200.36004638671875,200.7706202522653,198.30717705898599,198.71775092453254,11154453
2017-11-27,194.6120147705078,197.07545799545096,194.6120147705078,197.07545799545096,32247324
2017-11-28,192.1485595703125,192.9697072607839,191.32741187984107,192.5591334155482,44803178
2017-11-29,192.5591583251953,193.7908800202392,192.5591583251953,192.96973222354328,25762797
2017-11-30,185.579345703125,189.27450966624033,185.579345703125,185.9899194768045,109231770
2017-12-01,189.68511962890625,191.73798888895934,186.8111026648319,187.63225036885314,37446265
2017-12-04,192.1485595703125,192.5591334155482,189.68511649889822,190.91683803460535,21635032
2017-12-05,188.45343017578125,189.68515194163604,187.63228233187806,189.68515194163604,29664765
2017-12-06,186.40054321289062,188.4534126315348,185.9899693291618,187.22169098034828,32371690
2017-12-07,185.9899444580078,185.9899444580078,182.70535382740283,185.9899444580078,41343903
2017-12-08,186.40054321289062,189.6851342827213,184.34767379424645,189.6851342827213,37959260
2017-12-11,186.81109619140625,188.04281770475617,186.40052235362293,187.63224386697286,20649609
2017-12-12,186.81109619140625,188.4533915425395,184.7582270024897,188.4533915425395,21796584
2017-12-13,186.40054321289062,187.22169098034828,185.9899693291618,186.81111709661945,17920331
2017-12-14,189.2745819091797,189.2745819091797,186.81113832684764,187.2217122572363,17193313
2017-12-15,188.8639678955078,188.8639678955078,185.9899509927501,187.63224636575453,42625779
2017-12-18,186.40054321289062,187.22169098034828,185.9899693291618,186.40054321289062,14564664
2017-12-19,184.75823974609375,187.63225680881078,183.9370920138889,185.98996134440105,25714129
2017-12-20,184.3477020263672,185.16884991958042,183.52655413315398,184.7582759729738,26289333
2017-12-21,184.75823974609375,186.40053521050348,184.34766587999133,185.98996134440105,18558164
2017-12-22,186.81109619140625,186.81109619140625,183.93707932692305,184.7582270024897,19036483
2017-12-25,187.63223266601562,188.45338029256274,185.9899374129214,187.22165885274208,4579675
2017-12-26,185.579345703125,188.0427883452019,184.75819815576605,188.0427883452019,13755843
2017-12-27,184.75823974609375,185.57938747829863,184.75823974609375,184.75823974609375,12515245
2017-12-28,185.579345703125,187.22164079784292,184.75819815576605,185.9899194768045,24304371
2017-12-29,188.45343017578125,188.86400409773285,185.9899866440717,186.81113448797487,25007443
2018-01-02,190.91685485839844,190.91685485839844,189.6851332141507,190.0957070955666,18055269
2018-01-03,194.6120147705078,195.43316251215552,193.38029315803624,193.7908670288601,29308091
2018-01-04,196.6648712158203,197.0754450596947,194.20142815257412,197.0754450596947,29096613
2018-01-05,197.07542419433594,197.07542419433594,195.43312899271646,197.07542419433594,22438255
2018-01-08,198.71775817871094,199.12833205924545,197.48603653710734,198.71775817871094,20233692
2018-01-09,198.71775817871094,198.71775817871094,196.66488877603828,198.71775817871094,19043123
2018-01-10,194.20144653320312,198.7177592432776,193.79087265046908,198.30718536054357,23631220
2018-01-11,192.9696807861328,193.79082836394616,190.9168118415995,192.9696807861328,30446338
2018-01-12,194.6120147705078,195.43316251215552,191.73799767474083,192.55914541638853,21513291
2018-01-15,197.07542419433594,197.07542419433594,195.43312899271646,197.07542419433594,27476533
2018-01-16,197.48599243164062,197.48599243164062,195.43312348744476,197.07541864280145,21691632
2018-01-17,198.71775817871094,199.53890593977997,196.25431489550377,197.48603653710734,38046119
2018-01-18,204.05519104003906,205.28691251512984,201.18117426482723,201.18117426482723,49896952
2018-01-19,209.80323791503906,209.80323791503906,206.51864710619304,208.16094251061605,50549292
2018-01-22,214.73013305664062,215.14070692481778,211.03496824304645,211.44554211122357,43400509
2018-01-23,218.42526245117188,218.42526245117188,215.55124583997224,215.55124583997224,33527444
2018-01-24,211.85609436035156,215.96183262314906,210.6243728815123,215.96183262314906,41874813
2018-01-25,211.85609436035156,216.78298027570858,210.6243728815123,211.85609436035156,44643756
2018-01-26,209.39263916015625,211.44550817153032,208.1609177533318,210.6243605669807,39555523
2018-01-29,212.26670837402344,214.73015179809332,209.39269104594186,212.67728227803508,30071234
2018-01-30,207.7503662109375,211.4455308273376,207.33979236467084,210.21380928853756,36860591
2018-01-31,209.39263916015625,211.44550817153032,206.92919634650735,207.75034395105698,44136808
2018-02-01,213.08779907226562,214.31952045418623,211.03493010239794,211.44550389637146,30559457
2018-02-02,213.08779907226562,213.49837286623915,209.39263492650377,212.67722527829207,25707560
2018-02-05,207.7503662109375,208.98208774973753,205.69749697960413,206.1080708258708,45594379
2018-02-06,196.25430297851562,199.9494676789479,192.14856442247972,199.12831996774074,102409048
2018-02-07,197.07542419433594,201.59173599878946,196.66485039393106,201.18116219838458,80063178
2018-02-08,195.84376525878906,198.7177827783101,195.43319132742891,196.66491312150936,30989550
2018-02-09,190.91685485839844,191.32742873981434,187.63226380707115,188.86398545131888,65735265
2018-02-12,194.20144653320312,195.0225942986712,192.969724885001,193.38029876773504,35635236
2018-02-21,199.12831115722656,200.7706065069769,198.71773731978897,200.7706065069769,71504174
2018-02-22,196.6648712158203,200.3600358106896,196.25429737194594,200.3600358106896,39239993
2018-02-23,201.1811981201172,201.1811981201172,197.89660713040098,197.89660713040098,26985776
2018-02-26,202.41293334960938,203.2340811522447,201.1812116456564,202.82350725092704,35901810
2018-02-27,202.00233459472656,205.69749925194716,202.00233459472656,205.69749925194716,40818119
2018-03-01,199.53890991210938,201.18120546694155,198.7177621346933,200.36005768952546,39719984
2018-03-02,197.07542419433594,197.89657179514566,195.84370279312134,197.07542419433594,35139170
2018-03-05,198.30718994140625,199.53891161806095,197.4860421569698,199.12833772584273,27337846
2018-03-06,205.2869110107422,205.2869110107422,201.59174661254883,201.59174661254883,34890780
2018-03-07,202.82345581054688,204.0551772021089,202.00230821617217,203.64460340492155,30391219
2018-03-08,204.87637329101562,206.5186688684987,204.46579939664485,204.87637329101562,20645694
2018-03-09,205.697509765625,206.10808363741268,204.0552142784743,205.28693589383732,19831063
2018-03-12,208.57151794433594,209.39266565277822,206.51864867323027,206.9292225274514,24492615
2018-03-13,212.67724609375,212.67724609375,209.39265542048744,209.80322925464526,33756883
2018-03-14,211.0349884033203,211.44556231071977,209.80326668112195,210.62441449592086,23772838
2018-03-15,209.39263916015625,211.85608197380515,209.39263916015625,211.85608197380515,19396493
2018-03-16,209.39263916015625,210.21378676470587,204.87632733513325,207.75034395105698,62929326
2018-03-19,209.39263916015625,209.80321296243105,206.1080487419577,207.33977014878215,21440766
2018-03-20,207.7503662109375,208.57151390347087,206.5186446721375,207.7503662109375,21840151
2018-03-21,207.33975219726562,209.39262103090192,206.10803089708384,209.39262103090192,28976737
2018-03-22,206.51869201660156,208.9821356589467,204.87639625503815,208.9821356589467,27000668
2018-03-23,201.1811981201172,202.8234936149753,200.36005037268814,201.1811981201172,52498390
2018-03-26,199.94949340820312,200.7706412250746,198.30719777446018,198.30719777446018,36987945
2018-03-27,206.1081085205078,206.1081085205078,202.82351714966305,203.64466499237423,31008260
2018-03-28,201.1811981201172,203.64464136240434,200.36005037268814,203.23406748868982,29637411
2018-03-29,200.36004638671875,202.8234895799981,199.1283247900791,199.53889865562564,36165345
2018-03-30,202.00233459472656,204.87635155034258,202.00233459472656,203.23405614713343,16996346
2018-04-02,202.41293334960938,204.4658028561977,201.1812116456564,204.05522895488005,17696003
2018-04-03,200.36004638671875,200.7706202522653,198.71775092453254,199.53889865562564,35813944
2018-04-09,201.1811981201172,203.64464136240434,199.9494764989736,203.64464136240434,34694824
2018-04-10,201.59176635742188,204.4657833930674,199.94947090848157,200.7706186329517,25156994
2018-04-11,203.6446533203125,204.0552272181357,202.41293162684286,202.41293162684286,21607935
2018-04-12,201.1811981201172,204.05521523611887,200.36005037268814,204.05521523611887,20409657
2018-04-13,200.77059936523438,202.00232083373274,200.3600255424016,202.00232083373274,19742548
2018-04-16,199.94949340820312,200.36006731663886,198.71777168289591,199.5389194997674,18350139
2018-04-17,195.43316650390625,199.949479175215,195.02259262469636,199.5389052960051,42756389
2018-04-18,195.43316650390625,198.30718365837546,194.2014448662766,196.66488814153593,42500048
2018-04-19,200.77059936523438,200.77059936523438,197.89658260540486,198.71773025107044,31901989
2018-04-20,188.04281616210938,190.09568533418482,187.22166849327922,187.22166849327922,128452087
2018-04-23,185.9899444580078,186.81109211565908,184.75822297153096,185.9899444580078,71009975
2018-04-24,186.40054321289062,186.81111709661945,184.75824767797528,184.75824767797528,40967892
2018-04-25,184.75823974609375,185.57938747829863,183.9370920138889,185.16881361219617,46771110
2018-04-26,182.29478454589844,185.1688014193698,181.47363686776376,184.75822758030245,48023557
2018-04-27,183.52651977539062,185.16881525436506,181.47365042667263,184.75824138462144,34174459
2018-04-30,186.40054321289062,187.22169098034828,182.70537825933113,184.34767379424645,28500789
2018-05-02,183.11598205566406,186.81114761284115,182.70540810486662,186.40057366204368,38167942
2018-05-03,181.06307983398438,182.70537534268263,180.6525059568098,181.47365371115893,31690731
2018-05-04,183.11598205566406,183.93712995725897,181.0631123016768,181.47368625247427,27208722
2018-05-07,183.52651977539062,185.16881525436506,181.88422429641622,184.75824138462144,23268759
2018-05-08,187.22169494628906,187.63226883871513,183.52652991445441,183.9371038068805,40324763
2018-05-09,188.45343017578125,190.50629978553923,187.63228233187806,187.63228233187806,33778934
2018-05-10,188.45343017578125,190.09572586358763,188.04285625382965,189.68515194163604,27530377
2018-05-11,191.3274383544922,192.14858615858873,189.27456884425087,190.50629055039565,30693910
2018-05-14,191.3274383544922,192.559160060637,190.91686445244392,192.559160060637,19921437
2018-05-15,189.2745819091797,192.14859942190043,188.45343404840233,191.73802549151176,23771769
2018-05-16,189.2745819091797,189.2745819091797,187.632286187625,188.45343404840233,14409556
2018-05-17,185.9899444580078,190.09568274626406,185.9899444580078,189.68510891743844,26852737
2018-05-18,183.52651977539062,186.81111073333946,183.52651977539062,185.16881525436506,27664541
2018-05-21,188.04281616210938,188.86396383093955,184.7582254867887,184.7582254867887,16127815
2018-05-22,188.04281616210938,191.73798067184515,188.04281616210938,188.86396383093955,22355097
2018-05-23,187.63223266601562,190.09567554565697,187.63223266601562,190.09567554565697,23062899
2018-05-24,188.04281616210938,188.86396383093955,187.63224232769429,188.45338999652446,12996610
2018-05-25,187.63223266601562,188.45338029256274,187.22165885274208,187.63223266601562,15971294
2018-05-28,186.40054321289062,188.86398651526363,185.9899693291618,188.4534126315348,16373270
2018-05-29,184.75823974609375,185.98996134440105,183.52651814778648,185.98996134440105,23764776
2018-05-30,181.47366333007812,183.9371067236991,181.0630894311413,183.9371067236991,49163788
2018-05-31,183.93704223632812,183.93704223632812,181.0630259513855,181.88417346136913,96069458
2018-06-01,183.93704223632812,185.98991101128715,183.93704223632812,184.34761599131994,27617994
2018-06-04,188.04281616210938,188.04281616210938,186.40052082444905,186.81109465886414,25959480
2018-06-05,188.04281616210938,188.86396383093955,185.98994699003396,188.86396383093955,26534884
2018-06-06,188.8639678955078,188.8639678955078,186.4005248360012,188.0428202090056,24767441
2018-06-07,188.8639678955078,190.09568942526113,187.2216725225034,189.68511558201004,24958266
2018-06-08,186.40054321289062,188.04283874780594,185.57939544543297,188.04283874780594,23548851
2018-06-11,185.579345703125,186.40049325048398,184.75819815576605,185.9899194768045,21696933
2018-06-12,188.04281616210938,188.04281616210938,183.93707781795854,184.7582254867887,29501260
2018-06-13,190.50628662109375,190.50628662109375,187.2216954724542,188.0428432596141,28944970
2018-06-14,185.9899444580078,188.86396125978717,185.9899444580078,188.86396125978717,33408041
2018-06-15,189.68511962890625,189.68511962890625,183.93708570075756,184.75823340477882,48059679
2018-06-19,184.75823974609375,185.57938747829863,183.9370920138889,185.16881361219617,56889624
2018-06-20,185.579345703125,186.81106702416346,183.52647683472762,184.34762438208656,40708701
2018-06-21,185.9899444580078,187.2216659444847,185.5793706291822,186.81109211565908,31242557
2018-06-22,186.81109619140625,186.81109619140625,183.93707932692305,184.34765316470637,43581409
2018-06-25,185.53448486328125,187.6621739098785,185.53448486328125,187.23663610055905,45025211
2018-06-26,182.55572509765625,183.83233855987763,180.85357381469444,183.40680073913717,38446346
2018-06-27,181.2790985107422,183.83232525033011,180.85356072081086,183.83232525033011,39888414
2018-06-28,180.42803955078125,182.55572869642725,178.72588823426446,179.57696389252285,37940780
2018-06-29,184.25787353515625,184.6834113493252,180.42803320763568,180.42803320763568,34313680
2018-07-02,182.13023376464844,186.385613058215,182.13023376464844,185.96007512885834,32449442
2018-07-03,182.55572509765625,185.53448984283946,181.70464945617533,183.40680073913717,28323220
2018-07-04,183.8323516845703,185.10896523793537,183.4068138334486,184.6834273868137,15212295
2018-07-05,182.55572509765625,182.9812629183967,181.2791116354349,182.1301872769158,18225416
2018-07-06,184.68344116210938,185.1089790449714,182.98128963066137,185.1089790449714,29033762
2018-07-09,188.5132293701172,189.7898426615627,185.96000278722622,186.81107831485653,38734793
2018-07-10,188.93881225585938,190.64096371762386,188.93881225585938,189.78988798674163,20118957
2018-07-11,187.23666381835938,187.23666381835938,185.53451232910155,187.23666381835938,19854690
2018-07-12,187.6621551513672,188.9387684517166,185.53446631745146,185.53446631745146,23666051
2018-07-13,191.06643676757812,191.06643676757812,189.36428588323443,189.36428588323443,29716311
2018-07-16,190.21539306640625,191.49200644269087,190.21539306640625,191.066468650596,15819254
2018-07-17,188.5132293701172,190.21538042537784,188.08769160630203,189.3643048977475,21548436
2018-07-18,189.7898712158203,190.64094687149662,188.93879556014397,189.7898712158203,39898658
2018-07-19,191.06643676757812,193.19412537300772,191.06643676757812,191.91751220974996,39661216
2018-07-20,202.13046264648438,202.13046264648438,198.30062230160362,200.00277356599506,97969023
2018-07-23,205.10919189453125,208.51349383468946,202.9815031819324,203.40704092445216,52256877
2018-07-24,205.10919189453125,205.53472963705102,202.9815031819324,204.25811640949172,27239267
2018-07-25,204.6837158203125,205.1092536910408,203.40710220812758,203.40710220812758,20962512
2018-07-26,205.10919189453125,206.38580512209057,203.83257866697193,205.10919189453125,30606388
2018-07-27,208.0880126953125,208.0880126953125,205.10924768740415,205.9603234039494,27129646
2018-07-30,208.93907165527344,208.93907165527344,207.66245818283795,208.0879960069831,22788730
2018-07-31,209.3646240234375,209.3646240234375,205.96032119378813,207.23693475490666,27059442
2018-08-01,211.06675720214844,211.06675720214844,209.790143751329,210.21568156826882,29136161
2018-08-02,208.0880126953125,212.34339127803872,207.23693697876726,211.9178534197661,22402110
2018-08-03,210.21566772460938,211.0667433024418,208.5135165689445,209.36459214677694,24719097
2018-08-06,208.93907165527344,210.2156851277089,207.66245818283795,208.51353383112826,22364568
2018-08-07,205.53477478027344,208.93907746814546,205.53477478027344,208.51353963216144,23992418
2018-08-08,210.6412353515625,210.6412353515625,208.08800825639204,208.51354610558712,24382432
2018-08-09,210.21566772460938,211.0667433024418,209.36459214677694,210.21566772460938,15128655
2018-08-10,208.51353454589844,210.21568584831394,208.08799672029457,209.79014802271007,15890492
2018-08-13,204.6837158203125,206.811405173954,203.40710220812758,205.53479156176908,17881194
2018-08-14,207.23692321777344,208.51353670782134,206.38584755774153,208.51353670782134,17358913
2018-08-15,205.53477478027344,208.08800179617745,203.83262343633743,208.08800179617745,18473321
2018-08-16,203.40704345703125,205.53473219612155,202.55596796139514,202.55596796139514,19155966
2018-08-17,203.83261108398438,205.10922451457301,203.40707327378817,203.83261108398438,18324474
2018-08-20,203.83261108398438,204.25814889418058,202.55599765339576,203.83261108398438,16933437
2018-08-21,205.10919189453125,205.10919189453125,202.9815031819324,203.40704092445216,12014127
2018-08-22,205.96031188964844,206.38584972413116,204.6836983862002,205.53477405516568,12614240
2018-08-23,208.0880126953125,208.0880126953125,206.81139912049463,206.81139912049463,14839240
2018-08-24,207.23692321777344,209.36461236785325,206.8113853877575,208.93907453783729,14355943
2018-08-27,208.51353454589844,209.79014802271007,208.08799672029457,209.3646101971062,15152299
2018-08-28,212.3433837890625,212.76892163232716,211.06677025926854,211.4923081025332,36792531
2018-08-29,220.42857360839844,220.42857360839844,215.74765795262164,215.74765795262164,56993182
2018-08-30,224.25843811035156,228.08827860938982,223.40736244389862,225.1095137768045,48957808
2018-08-31,217.87539672851562,220.42862403392792,216.1732451915741,219.15201038122177,69069506
2018-09-03,218.7264404296875,221.27966736077335,218.30090260783987,220.42859171707806,26720905
2018-09-04,219.15196228027344,220.85411344361535,217.4498111169315,220.0030378619444,34304615
2018-09-05,224.68392944335938,225.10946718851727,220.4285519917806,221.27962748209637,44864459
2018-09-06,222.13075256347656,228.0882823257154,222.13075256347656,228.0882823257154,35698488
2018-09-07,224.68392944335938,224.68392944335938,221.70516522725424,223.83285395304364,38663728
2018-09-10,225.10952758789062,226.81167902522816,223.4073761505531,226.81167902522816,41659795
2018-09-11,221.27969360351562,224.2584587097168,219.5775421142578,223.83292083740233,34350276
2018-09-12,221.70521545410156,222.98182897878928,219.57752624628867,222.13075329566414,37885965
2018-09-13,217.02427673339844,221.27965470856313,215.74766334084904,221.27965470856313,37576180
2018-09-14,222.13075256347656,222.5562904036365,218.72644984219724,218.72644984219724,37903219
2018-09-17,219.5775146484375,223.40735502021258,218.72643901026527,223.40735502021258,24765758
2018-09-18,216.59873962402344,218.72642861836553,216.17320182515502,218.3008908194971,33960152
2018-09-19,219.5775146484375,221.279665924782,218.72643901026527,219.5775146484375,59227711
2018-09-20,221.27969360351562,222.556307220459,219.15200424194336,222.556307220459,29649071
2018-09-21,222.55628967285156,222.55628967285156,219.5775248015132,222.55628967285156,35012974
2018-09-25,224.25843811035156,224.68397594357802,221.7052111109927,222.55628677744565,24397062
2018-09-26,224.25843811035156,224.25843811035156,222.1307489442192,223.83290027712508,24859115
2018-09-27,225.53504943847656,226.38612509673496,222.98182246370135,224.68397378021817,38495371
2018-09-28,223.40731811523438,226.38608235677083,221.27962937127975,226.38608235677083,39626486
2018-10-01,223.83290100097656,224.68397667018178,222.13074966256607,222.98182533177132,22254380
2018-10-02,219.15196228027344,223.83287797946372,218.72642448943793,222.98180239779276,38391491
2018-10-03,221.27969360351562,221.27969360351562,218.7264663696289,219.15200424194336,25228536
2018-10-04,216.1732177734375,219.1519825852762,216.1732177734375,218.72644475501352,36408727
2018-10-05,212.76890563964844,215.3221325073242,211.49229220581054,212.76890563964844,40204660
2018-10-08,207.23692321777344,209.79015019786922,205.10923406769365,208.93907453783729,50876958
2018-10-09,207.66246032714844,208.5135359842269,205.96030901299147,207.2369224986092,28905345
2018-10-11,193.61972045898438,198.7261746249356,193.19418261182176,198.7261746249356,94589657
2018-10-12,201.70492553710938,201.70492553710938,194.89632045568797,196.59847172604333,47175769
2018-10-15,196.1729736328125,199.15173895912417,196.1729736328125,199.15173895912417,42168280
2018-10-16,201.70492553710938,201.70492553710938,194.89632045568797,195.3218582732768,37818077
2018-10-17,202.9815673828125,206.81140827682785,202.55602950569968,205.5347946454894,42494858
2018-10-18,201.27935791015625,203.40704668299088,200.42828240102241,202.55597117385705,25676430
2018-10-19,200.8538818359375,201.27941972118313,195.74742721298995,196.5985029834812,28358460
2018-10-22,201.70492553710938,202.55600117228707,197.02400954363216,197.87508517880983,29275777
2018-10-23,195.7473907470703,199.15169319484545,195.7473907470703,197.44954197095788,32827745
2018-10-24,195.32186889648438,196.59848241868363,193.19417969281898,195.74740673721746,44321950
2018-10-25,186.81109619140625,188.9387852140874,186.81109619140625,187.66217180047872,75524118
2018-10-26,188.08770751953125,190.6409343184389,184.6834051209877,189.789858718803,38439644
2018-10-29,189.3643341064453,190.64094759480338,188.08772061808725,189.789871935898,18463792
2018-10-30,189.7898712158203,191.49202252717296,187.6621820766295,188.08771990446766,28877931
2018-10-31,199.1516876220703,199.1516876220703,194.04523409329929,194.04523409329929,57283201
2018-11-01,200.4283447265625,201.70495838724125,198.30065529209793,200.8538826134554,41974797
2018-11-02,201.27935791015625,201.27935791015625,198.7261313827547,201.27935791015625,30722361
2018-11-05,200.00279235839844,200.42833021448013,197.44956522190824,198.30064093407165,25452065
2018-11-06,199.57723999023438,200.42831564051258,197.87508868967802,199.1517021650953,30468176
2018-11-07,199.1516876220703,200.85383879832733,197.87507423987756,198.3006120339418,34424652
2018-11-08,201.27935791015625,202.1304334192901,200.85382015558935,202.1304334192901,24739146
2018-11-09,196.59844970703125,199.57721409653172,196.59844970703125,199.57721409653172,23219081
2018-11-12,197.0240478515625,199.5772752535266,195.74743415058046,195.74743415058046,23228445
2018-11-13,193.61972045898438,194.04525830614696,191.06649337600876,191.06649337600876,36104127
2018-11-14,194.47076416015625,196.59845304593478,194.47076416015625,195.74737749162335,20028279
2018-11-15,196.59844970703125,197.44952524688853,194.47076085738806,195.32183639724533,22072228
2018-11-16,192.34307861328125,194.89630532053718,191.49200304419594,194.89630532053718,46738909
2018-11-19,188.93881225585938,191.49203944850612,188.08773652497712,191.49203944850612,48944754
2018-11-20,185.53448486328125,187.6621739098785,185.53448486328125,186.38556048192015,41569756
2018-11-21,186.38555908203125,187.23663469427797,182.13018102079766,182.555718826921,35206343
2018-11-22,186.38555908203125,188.9387859187714,186.38555908203125,188.51324811264803,21929610
2018-11-23,185.96002197265625,187.66217320352723,184.683408549503,187.66217320352723,14883334
2018-11-26,189.7898712158203,190.64094687149662,185.96003076527685,186.385568593115,30599804
2018-11-27,190.64089965820312,191.06643738065446,186.38552243368966,187.23659787859233,26584349
2018-11-28,192.7686309814453,193.1941687981814,188.93879063082056,189.36432844755666,24429026
2018-11-29,194.89630126953125,197.02399014801958,194.89630126953125,197.02399014801958,44383207
2018-11-30,191.9175567626953,196.59847278129763,191.9175567626953,195.3218593216788,55827957
2018-12-03,200.00279235839844,200.00279235839844,196.59848950974484,196.59848950974484,45333986
2018-12-04,199.1516876220703,199.57722541613455,196.59846085768478,198.3006120339418,39746162
2018-12-05,192.34307861328125,193.61969196690922,191.49200304419594,192.7686163978239,42835576
2018-12-06,187.23666381835938,188.93881530761718,186.8111259460449,187.23666381835938,40149112
2018-12-07,188.08770751953125,190.21539651862096,187.6621697197133,189.36432091898507,25063568
2018-12-10,186.38555908203125,187.23663469427797,185.96002127590788,186.8110968881546,19433461
2018-12-11,189.3643341064453,189.789871935898,186.3855693002765,187.2366449591819,27375220
2018-12-12,192.7686309814453,193.1941687981814,189.36432844755666,190.21540408102882,26433846
2018-12-13,192.34307861328125,193.61969196690922,191.49200304419594,193.19415418236656,32087141
2018-12-14,189.3643341064453,190.21540976535067,187.66218278863457,189.789871935898,38646159
2018-12-17,190.21539306640625,191.49200644269087,187.23662852174218,188.08770410593192,18938952
2018-12-18,189.3643341064453,189.789871935898,187.66218278863457,188.08772061808725,30203541
2018-12-19,191.9175567626953,191.9175567626953,188.93879202358474,188.93879202358474,23390082
2018-12-20,188.08770751953125,189.36432091898507,188.08770751953125,188.08770751953125,35027116
2018-12-21,190.21539306640625,190.64093085850112,186.38555293755243,186.38555293755243,43507532
2018-12-24,187.23666381835938,188.51327743530274,186.8111259460449,188.51327743530274,22976100
2018-12-25,185.10894775390625,185.53448556483477,182.98125869926363,183.40679651019218,19402777
2018-12-26,184.25787353515625,186.81110042016996,183.83233572098732,185.96002479183207,16463259
2018-12-27,189.7898712158203,190.64094687149662,187.6621820766295,188.93879556014397,21491484
2018-12-28,191.9175567626953,191.9175567626953,189.36432984345768,190.21540548320354,29456773
2019-01-02,186.81109619140625,192.76862545491352,186.38555838687,192.76862545491352,32900482
2019-01-03,183.40682983398438,185.5345192752139,182.13021616924667,182.13021616924667,34087620
2019-01-04,177.02377319335938,180.0025386076707,175.7471594443688,180.0025386076707,65943521
2019-01-07,181.2790985107422,182.13017409060484,179.5769473510169,180.42802293087954,35442176
2019-01-08,179.57699584960938,180.85360956418006,178.72592003989558,180.42807165932317,22694481
2019-01-09,183.40682983398438,184.2579056104762,179.57698883977125,180.42806461626307,46295446
2019-01-10,183.8323516845703,184.257889535692,182.55573813120523,183.8323516845703,20754593
2019-01-11,187.6621551513672,187.6621551513672,185.53446631745146,186.38554185101773,28102288
2019-01-14,185.96002197265625,187.2366353958095,184.683408549503,185.96002197265625,17612296
2019-01-15,188.08770751953125,188.08770751953125,183.40679172153386,184.25786732116975,38882923
2019-01-16,185.10894775390625,187.23663680854884,185.10894775390625,185.96002337576329,28978282
2019-01-17,187.6621551513672,188.08769291815034,185.53446631745146,185.53446631745146,21163986
2019-01-18,185.96002197265625,187.2366353958095,185.10894635722076,186.385559780374,49627569
2019-01-21,188.08770751953125,189.789858718803,187.23663191989536,187.23663191989536,29384866
2019-01-22,189.7898712158203,189.7898712158203,186.385568593115,187.23664424879135,28926483
2019-01-23,187.6621551513672,188.9387684517166,187.23661738458404,188.51323068493346,16671213
2019-01-24,189.3643341064453,189.3643341064453,187.66218278863457,189.3643341064453,26417924
2019-01-25,192.34307861328125,193.19415418236656,191.49200304419594,192.7686163978239,46692764
2019-01-28,194.89630126953125,195.32183904522893,194.04522571813592,195.32183904522893,26026257
2019-01-29,189.3643341064453,191.49202325370874,188.93879627699263,189.3643341064453,41122520
2019-01-30,188.08770751953125,188.51324531934918,187.23663191989536,187.6621697197133,44755945
2019-02-11,194.04527282714844,194.89634858516226,192.76865919012772,194.04527282714844,78307106
2019-02-12,195.7473907470703,195.7473907470703,194.89631513512654,195.7473907470703,29406670
2019-02-13,194.89630126953125,197.44952792371726,194.47076349383357,197.44952792371726,28634925
2019-02-14,193.1941375732422,195.74736406099427,192.34306207732482,195.3218263130356,23647751
2019-02-15,193.1941375732422,194.8962885650769,192.7685998252835,194.8962885650769,22369799
2019-02-18,195.7473907470703,196.17292855304223,194.47077732915466,194.89631513512654,16978916
2019-02-19,194.89630126953125,196.17291459662425,194.89630126953125,195.74737682092658,16577023
2019-02-20,199.57723999023438,199.57723999023438,196.59847521426073,197.02401303939982,30479710
2019-02-21,201.27935791015625,201.27935791015625,199.57720689188855,200.42828240102241,33764489
2019-02-22,201.27935791015625,201.27935791015625,199.15166913732162,200.42828240102241,22032163
2019-02-25,202.5559844970703,203.40706006218406,200.85383336684285,202.13044671451345,24105138
2019-02-26,203.83261108398438,204.25814889418058,201.27938422280712,203.40707327378817,24522789
2019-02-27,203.40704345703125,203.8325812048493,201.70489246575903,202.9815057092132,35240889
2019-03-04,200.4283447265625,203.8326478217058,199.57726895277668,203.8326478217058,39655513
2019-03-05,198.3006591796875,199.57727286539364,197.87512128445212,199.15173497015826,22641407
2019-03-06,199.1516876220703,200.42830100426306,198.72614982800604,200.00276321019882,20433226
2019-03-07,199.1516876220703,200.00276321019882,198.3006120339418,200.00276321019882,17126192
2019-03-08,195.7473907470703,197.024004164986,194.89631513512654,196.5984663590141,22190659
2019-03-11,196.1729736328125,196.1729736328125,193.61974621025962,194.04528411401841,23200793
2019-03-12,200.4283447265625,201.70495838724125,197.875117405205,198.30065529209793,23588085
2019-03-13,201.70492553710938,201.70492553710938,199.15169863157635,199.15169863157635,20500195
2019-03-14,199.57723999023438,203.40708041648622,199.1517021650953,203.40708041648622,17175356
2019-03-15,203.40704345703125,203.8325812048493,200.42827922230487,201.70489246575903,33649729
2019-03-18,205.10919189453125,205.10919189453125,203.40704092445216,203.83257866697193,26856532
2019-03-19,204.6837158203125,204.6837158203125,202.556026466671,203.40710220812758,14479009
2019-03-20,205.96031188964844,205.96031188964844,203.8326227172347,205.96031188964844,22975971
2019-03-21,208.93907165527344,208.93907165527344,205.10923123796698,206.38584471040247,26179502
2019-03-22,211.49229431152344,211.49229431152344,208.0879917873943,211.0667564960073,22931467
2019-03-25,205.53477478027344,207.23692612420945,204.68369910830543,204.68369910830543,19211254
2019-03-26,207.66246032714844,207.66246032714844,205.109233355913,206.81138467006997,19920170
2019-03-27,205.53477478027344,206.38585045224144,204.68369910830543,205.96031261625743,22590089
2019-03-28,205.96031188964844,206.38584972413116,204.25816055171745,204.6836983862002,13933054
2019-03-29,208.93907165527344,208.93907165527344,204.68369341382183,206.81138253454762,28220810
2019-04-01,208.93907165527344,213.61998772087017,208.51353383112826,213.61998772087017,35330656
2019-04-02,209.3646240234375,212.34338899938072,209.3646240234375,212.34338899938072,24105053
2019-04-03,209.79014587402344,211.91783498025086,209.79014587402344,211.91783498025086,24945323
2019-04-08,215.3221435546875,215.3221435546875,213.19445438912734,213.61999222223938,45184821
2019-04-09,216.1732177734375,216.1732177734375,214.4710664523868,215.32214211291213,22355674
2019-04-10,216.1732177734375,216.59875560370017,214.4710664523868,215.32214211291213,25849934
2019-04-11,214.47108459472656,216.1732360597641,214.0455467284672,215.3221603272453,24896840
2019-04-12,214.47108459472656,215.3221603272453,213.6200088622078,214.0455467284672,13548148
2019-04-15,217.44979858398438,217.87533635029354,216.17318528505686,217.0242608176752,17192002
2019-04-16,218.7264404296875,218.7264404296875,217.44982696414456,218.7264404296875,19652648
2019-04-17,222.55628967285156,223.83290318913942,220.85413831780107,221.27967615656368,37864191
2019-04-18,225.10952758789062,226.38614116589378,224.25845186922186,224.68398972855624,38006795
2019-04-19,225.10952758789062,229.3649061812345,224.25845186922186,228.9393683219001,44658699
2019-04-22,226.38612365722656,227.66273713649665,225.53504800437983,226.8116614836499,24967393
2019-04-23,228.08827209472656,228.0882720947266,226.38612081043757,226.81165863150983,25336847
2019-04-24,228.93931579589844,229.79039131930327,227.6627025107912,229.79039131930327,26449755
2019-04-25,227.6627197265625,228.93933310820677,227.23718193268107,228.51379531432534,32386724
2019-04-26,221.27969360351562,223.83292083740233,219.15200424194336,222.98184509277343,47518804
2019-04-29,220.8540802001953,222.98176883410858,220.00300474663,221.27961792697798,31126618
2019-04-30,220.42857360839844,221.70518696906484,219.57749803462085,221.27964918217603,33799419
2019-05-02,220.42857360839844,223.40733811662002,220.00303582150963,222.55626254284243,27091394
2019-05-03,225.53504943847656,225.53504943847656,221.70520897631377,222.98182246370135,29840246
2019-05-06,220.42857360839844,221.27964918217603,219.57749803462085,221.27964918217603,32823187
2019-05-07,223.40731811523438,223.83285586402528,220.4285538736979,220.85409162248882,25686126
2019-05-08,221.27969360351562,222.556307220459,220.85415573120116,221.27969360351562,25542364
2019-05-09,218.30088806152344,220.85411482247693,217.87535026803118,220.85411482247693,33587574
2019-05-10,217.87539672851562,220.42862403392792,217.02432096004486,218.7264724969864,18617212
2019-05-13,213.1944580078125,216.17322289015718,212.34338232714256,215.32214720948727,28284535
2019-05-14,211.49229431152344,213.61998338910416,208.51352960291044,210.64121868049114,45055708
2019-05-15,211.91786193847656,214.47108919074736,211.91786193847656,213.62001343999043,36825479
2019-05-16,210.21566772460938,212.34335666919043,209.36459214677694,211.49228109135802,29713519
2019-05-17,205.53477478027344,211.9178423200335,205.53477478027344,211.9178423200335,38647856
2019-05-20,202.5559844970703,206.811362322639,202.5559844970703,206.38582454008215,39157661
2019-05-21,199.1516876220703,200.85383879832733,197.87507423987756,198.72614982800604,80042775
2019-05-22,202.5559844970703,204.68367340985466,200.42829558428596,201.2793711493997,34622034
2019-05-23,195.7473907470703,198.72615538887356,195.7473907470703,198.72615538887356,58752627
2019-05-24,198.3006591796875,199.15173497015826,195.7474318082752,195.7474318082752,36000789
2019-05-27,196.59844970703125,200.00275186646036,196.59844970703125,199.15167632660308,35562033
2019-05-28,196.1729736328125,197.44958734408894,196.1729736328125,197.44958734408894,95240033
2019-05-29,195.32186889648438,196.17294457795055,193.19417969281898,194.04525537428512,26533236
2019-05-30,196.59844970703125,197.0239874769599,194.8962986273167,195.74737416717397,28500328
2019-05-31,200.4283447265625,202.13049627413415,196.59850374452625,197.4495795183121,46070338
2019-06-03,202.5559844970703,202.9815222796272,197.44953110638787,200.42829558428596,31054092
2019-06-04,198.3006591796875,202.5560381320413,198.3006591796875,202.13050023680591,24443428
2019-06-05,200.00279235839844,202.55601949488863,199.15171664623503,202.55601949488863,29139584
2019-06-06,197.44956970214844,197.44956970214844,195.3218803734615,197.02403183641104,34651731
2019-06-10,204.25816345214844,204.25816345214844,199.57724720637003,202.13047424952188,35373888
2019-06-11,208.0880126953125,209.36462627013037,203.40709625431364,204.25817197085888,31965670
2019-06-12,209.3646240234375,210.64123758455602,206.81139690120048,208.088010462319,29675556
2019-06-13,204.25816345214844,207.6624661763509,204.25816345214844,206.385852654775,32981724
2019-06-14,200.8538818359375,203.83264703265692,200.8538818359375,202.98157126216566,31951556
2019-06-17,198.3006591796875,200.00281076062902,196.17296970351057,197.02404549398136,51017012
2019-06-18,200.4283447265625,200.4283447265625,198.30065529209793,199.15173106588375,28578087
2019-06-19,207.66246032714844,207.66246032714844,204.68369552737377,206.38584684153074,50164372
2019-06-20,208.51353454589844,208.9390723715023,205.10923194106743,205.9603075922752,37836291
2019-06-21,211.49229431152344,211.49229431152344,209.3646052339427,211.0667564960073,61164304
2019-06-24,211.9319610595703,212.81134679010793,211.05257532903266,211.9319610595703,43300507
2019-06-25,209.73355102539062,212.37170889992385,208.414472088124,211.93201592083497,28559283
2019-06-26,206.21600341796875,207.97477530213052,205.7763104469283,206.6556963890092,27607041
2019-06-27,211.4923095703125,212.37169547289176,207.53507300870584,207.53507300870584,42007834
2019-06-28,210.17320251464844,212.37166697609874,209.2938167300683,212.37166697609874,25962203
2019-07-01,218.5273895263672,219.8464683363855,215.4495389696578,215.88923190633056,66307875
2019-07-02,218.9671173095703,219.84650332286176,217.64803828963315,219.40681031621605,24181202
2019-07-03,213.2510986328125,215.44956356717137,212.8114056459407,214.57017759342781,29449774
2019-07-04,214.5701446533203,215.44953049206342,213.25106589520564,215.00983757269188,17481240
2019-07-05,213.6907501220703,215.44952172801328,212.37167141761307,215.00982882652752,22867074
2019-07-08,213.2510986328125,215.0098705802996,211.0526336984536,211.0526336984536,27787909
2019-07-09,212.81137084960938,213.69075667956642,211.49229210467377,212.37167793463084,16418987
2019-07-10,217.2082977294922,217.2082977294922,213.69075444642348,213.69075444642348,23812131
2019-07-11,219.8464813232422,219.8464813232422,217.64801651000977,219.8464813232422,31160289
2019-07-12,220.28616333007812,221.60524215241392,219.40677744852093,221.60524215241392,23479432
2019-07-15,223.80368041992188,223.80368041992188,219.40675153151477,220.7258301980369,29727300
2019-07-16,225.122802734375,225.56249570846558,222.92433786392212,223.3640308380127,21361249
2019-07-17,221.60523986816406,223.36401161314947,220.72585399567134,223.36401161314947,25573648
2019-07-18,223.364013671875,223.80370661217398,221.16554897038017,221.60524191067915,20842575
2019-07-19,227.76092529296875,229.5196969168527,227.76092529296875,228.20061819893974,59709798
2019-07-22,232.1578369140625,232.1578369140625,230.39906542228928,231.27845116817588,31522639
2019-07-23,232.1578369140625,234.356301278779,230.8387582952326,233.4769155328924,29273223
2019-07-24,233.03724670410156,234.35632545903044,231.27847503086306,234.35632545903044,23734039
2019-07-25,233.03724670410156,233.03724670410156,229.95939627593418,232.1578608674823,30433545
2019-07-26,229.5197296142578,230.8388085200869,229.5197296142578,229.5197296142578,20438071
2019-07-29,229.5197296142578,230.3991155514772,228.20065070842875,228.64034367703846,17509320
2019-07-30,228.64035034179688,231.27850823035607,228.64035034179688,230.83881524892954,22670612
2019-07-31,228.20059204101562,228.64028489658597,226.00212776316383,228.64028489658597,31635601
2019-08-01,225.56248474121094,226.44187064663475,224.68309883578712,226.44187064663475,30017526
2019-08-02,221.16555786132812,222.92432969322735,220.2861719453785,221.60525081930294,54021644
2019-08-05,216.76861572265625,221.60523798015973,215.8892298576556,220.7258521151591,51535721
2019-08-06,218.5273895263672,219.8464683363855,211.05260960293006,211.05260960293006,58625879
2019-08-07,218.08770751953125,220.28617231307493,216.76862864340507,219.84647935436618,29435460
2019-08-08,222.92433166503906,223.36402462690305,218.08770908453525,218.08770908453525,29725266
2019-08-12,220.72589111328125,223.803742184582,220.72589111328125,223.803742184582,21794603
2019-08-13,216.76861572265625,219.40677331765815,216.76861572265625,218.96708038515783,23121107
2019-08-14,219.40679931640625,223.3640361778244,219.40679931640625,222.04495722401836,35216703
2019-08-15,218.08770751953125,218.52740047824,216.32893568469632,217.20832160211378,27624412
2019-08-16,219.8464813232422,221.60525317382812,218.08770947265626,219.4067883605957,25370715
2019-08-19,221.60523986816406,222.48462574065675,220.28616105942498,221.1655469319177,24060514
2019-08-20,223.80368041992188,223.80368041992188,222.04490886455903,223.36398753108116,19960494
2019-08-21,223.80368041992188,224.24337330876259,222.48460175339974,223.80368041992188,20269296
2019-08-22,223.364013671875,226.44186425396776,223.364013671875,226.0021713136688,21900840
2019-08-23,223.364013671875,223.80370661217398,222.48462779127706,222.92432073157605,14166877
2019-08-26,218.5273895263672,220.28616127305827,218.5273895263672,218.96708246303996,31678620
2019-08-27,219.8464813232422,220.72586724853517,218.52740243530275,220.28617428588868,50234951
2019-08-28,221.60523986816406,222.48462574065675,220.28616105942498,220.28616105942498,15132882
2019-08-29,223.364013671875,223.364013671875,220.72585603008122,222.48462779127706,19587767
2019-08-30,227.76092529296875,227.76092529296875,225.12276785714286,225.56246076311385,35184201
2019-09-02,226.44186401367188,226.88155695350423,225.12278519417475,226.88155695350423,14614854
2019-09-03,223.364013671875,226.88155719426675,222.48462779127706,225.56247837336983,25762495
2019-09-04,226.44186401367188,226.88155695350423,223.36401343484528,223.36401343484528,22540733
2019-09-05,231.27850341796875,231.27850341796875,229.08003855658123,231.27850341796875,48791728
2019-09-06,231.71817016601562,233.0372489335641,231.27847724349945,233.0372489335641,25408515
2019-09-10,229.9594268798828,232.1578917640117,229.08004092623125,231.7181987871859,29308866
2019-09-11,231.27850341796875,232.59758233480127,229.08003855658123,232.15788936252378,36196015
2019-09-12,230.8387451171875,233.03720935639882,229.959359421503,233.03720935639882,26017293
2019-09-16,233.47695922851562,233.47695922851562,229.95941558665476,230.39910854188736,32573966
2019-09-17,233.03724670410156,234.35632545903044,232.59755378579194,234.35632545903044,27600844
2019-09-18,234.7960205078125,236.99448511930888,234.35632758551324,234.7960205078125,47684759
2019-09-19,234.7960205078125,237.45408866450472,233.9099977889151,237.45408866450472,25233567
2019-09-20,233.9099578857422,236.12501430511475,233.9099578857422,235.68200302124023,43868865
2019-09-23,233.9099578857422,233.9099578857422,233.02393531799316,233.9099578857422,13093208
2019-09-24,234.7960205078125,235.23903186726122,232.1379523511203,233.4669864294664,24244943
2019-09-25,235.68203735351562,235.68203735351562,232.13794656624472,232.5809579146536,21003163
2019-09-26,237.45408630371094,238.78312036884364,236.12505223857823,238.3401090137994,29940103
2019-09-27,240.9982147216797,241.44122614580044,240.11219187343823,240.55520329755896,41235817
2019-10-01,248.0863800048828,248.52939139774867,241.88422050476075,241.88422050476075,71743890
2019-10-02,247.6433563232422,248.97239043588928,247.2003449523598,248.08636769412453,29295953
2019-10-03,244.98529052734375,245.87131327789473,242.77023365096633,242.77023365096633,31890864
2019-10-04,244.98529052734375,248.08637015427217,243.6562564015173,247.64335877899669,35169613
2019-10-07,246.3143768310547,247.6434112384165,245.8713653619341,247.2003997692959,17510230
2019-10-08,253.8455047607422,253.8455047607422,250.30141394383827,251.18743664806425,35278551
2019-10-09,249.85848999023438,253.40258204683343,249.85848999023438,251.187524511459,34777456
2019-10-14,256.94659423828125,258.2756283464103,255.6175601301522,258.2756283464103,46683517
2019-10-15,260.04766845703125,262.26272525819843,258.7186343763309,260.04766845703125,38018567
2019-10-16,262.70574951171875,264.03478365764647,260.04768121986325,264.03478365764647,40297144
2019-10-17,260.04766845703125,261.819713897965,258.7186343763309,261.37670253773155,40271938
2019-10-18,259.6046142578125,261.8196706934594,257.83256910929504,259.6046142578125,45102984
2019-10-21,256.94659423828125,257.832616977034,255.6175601301522,257.832616977034,34634365
2019-10-22,260.4906921386719,260.4906921386719,258.2756352327308,259.16165799510725,26005020
2019-10-23,259.6046142578125,260.04762554494187,257.3895578221656,260.04762554494187,28675408
2019-10-24,259.6046142578125,260.9336481192006,257.83256910929504,260.9336481192006,29040827
2019-10-25,260.04766845703125,260.93369117749813,259.16164573656437,260.93369117749813,22682711
2019-10-28,260.9337158203125,261.8197386244562,260.4907044182407,261.3767272223843,20076561
2019-10-29,264.47784423828125,264.47784423828125,262.7057983807383,263.14880984512405,36682131
2019-10-30,265.36376953125,265.36376953125,262.7057017229236,264.4777469284745,32370342
2019-10-31,264.47784423828125,267.13591302459565,264.47784423828125,265.80687863143845,40944514
2019-11-01,264.9207458496094,265.36375713029435,262.7056894461846,265.36375713029435,30121678
2019-11-04,272.0090026855469,272.8950254955975,266.692865825243,268.021900040319,44899671
2019-11-05,275.11004638671875,275.11004638671875,272.00896695884916,272.45197830568765,32201184
2019-11-06,275.5531005859375,275.9961120016705,272.8950320915394,273.78105492300546,22149743
2019-11-07,273.78106689453125,274.66708976474007,271.5660097190091,274.66708976474007,28291659
2019-11-08,270.679931640625,273.7810110538564,270.679931640625,273.33799970910906,25651542
2019-11-11,266.69287109375,270.23696240396595,265.806848266196,270.23696240396595,35165583
2019-11-12,270.2369079589844,270.2369079589844,267.5788400118468,268.02185133636976,17540708
2019-11-13,269.35089111328125,269.35089111328125,267.13583444294176,268.46486844514544,18172438
2019-11-14,268.9078674316406,270.2369013728184,267.57883349046284,269.79389005909246,15734835
2019-11-15,272.0090026855469,272.4520140905722,269.79394566042026,270.6799684704709,28848445
2019-11-18,275.5531005859375,275.5531005859375,272.00900926007336,273.3380435072724,18691325
2019-11-19,279.0971374511719,279.0971374511719,275.5530468168713,276.882080804734,31634197
2019-11-20,277.7681579589844,278.2111693751869,276.4391237103768,278.2111693751869,22387973
2019-11-21,275.5531005859375,275.5531005859375,272.00900926007336,274.22406633873845,28108833
2019-11-22,273.78106689453125,275.1101011998445,272.8950440243224,274.66708976474007,24737984
2019-11-25,272.0090026855469,275.1100825207241,272.0090026855469,275.1100825207241,19530177
2019-11-26,272.0090026855469,275.1100825207241,272.0090026855469,274.66707111569883,101224622
2019-11-27,275.5531005859375,275.9961120016705,272.45202067580635,272.45202067580635,18467648
2019-11-28,274.2240295410156,276.43908632244546,273.33800682844367,274.6670408973016,19077982
2019-11-29,270.2369079589844,274.2240098796907,270.2369079589844,273.78099855516774,30963561
2019-12-02,272.4520263671875,272.8950377921748,271.5660035172129,272.00901494220017,24016807
2019-12-03,272.0090026855469,272.0090026855469,270.2369570654456,270.2369570654456,24690319
2019-12-04,271.1230163574219,271.1230163574219,269.3509704988766,270.2369934281493,25492686
2019-12-05,276.4390869140625,276.4390869140625,273.7810187706581,273.7810187706581,34521842
2019-12-06,277.32513427734375,279.9832026569988,275.55308869090703,279.09717986378047,17695703
2019-12-09,279.9832458496094,280.42625731456127,278.21119998980174,278.21119998980174,23256081
2019-12-10,277.7681579589844,279.54020362379447,276.8821351265793,279.09719220759195,20570594
2019-12-11,282.6412048339844,282.6412048339844,277.3250693198656,278.211091905552,31223148
2019-12-12,293.7165222167969,296.374590291157,287.0713520308965,287.95737472234987,52742851
2019-12-13,300.3616943359375,303.9057851245621,299.4756716387813,301.24771703309364,58198939
2019-12-16,297.70361328125,299.91866992768786,297.70361328125,298.1466246105376,102188
2019-12-17,305.6778564453125,305.6778564453125,296.81762872225994,296.81762872225994,40813458
2019-12-18,305.23480224609375,305.6778135701084,302.5767343020059,302.5767343020059,39682841
2019-12-19,298.9873962402344,305.23489407211986,298.9873962402344,303.44989469158116,54888012
2019-12-20,293.6322937011719,297.20229119297943,293.18604401469594,296.30979182002756,86280459
2019-12-23,298.0948181152344,298.0948181152344,294.0785705657776,294.0785705657776,26639340
2019-12-24,296.30987548828125,298.54112455069304,296.30987548828125,298.09487473821065,13488907
2019-12-25,297.2023620605469,298.541111439198,295.41736288901205,296.3098624747795,12262954
2019-12-26,297.2023620605469,298.0948616463143,295.8636126818958,297.2023620605469,11427884
2019-12-27,301.6648254394531,301.6648254394531,298.9873269888071,298.9873269888071,16677806
2019-12-30,298.5411071777344,302.5573552563586,298.09485739122056,301.664855683331,21531263
2019-12-31,295.4173583984375,297.6486073289393,295.4173583984375,295.4173583984375,22890517
2020-01-02,302.55731201171875,302.55731201171875,296.75606561621385,296.75606561621385,31754120
2020-01-03,303.0036315917969,307.91237967354914,299.43363298688615,307.01988002232144,41811268
2020-01-06,296.30987548828125,298.54112455069304,296.30987548828125,297.202375113246,45343057
2020-01-07,294.07861328125,297.2023618290023,291.4011145260338,296.7561120364662,50879181
2020-01-08,294.07861328125,297.2023618290023,290.06236514842567,290.06236514842567,37567748
2020-01-09,301.2185974121094,301.2185974121094,297.6485992205584,298.98734854239,31481504
2020-01-10,303.0036315917969,304.3423810686384,299.8798828125,303.89613124302457,27032115
2020-01-13,304.7886047363281,305.2348545236434,302.55735579975175,305.2348545236434,30663332
2020-01-14,308.8048400878906,308.8048400878906,307.4660907811512,308.35859031897746,30223993
2020-01-15,303.4498596191406,307.9123575547162,301.21861065135283,307.9123575547162,47434274
2020-01-16,298.5411071777344,300.3261063237896,294.52485909911013,294.52485909911013,55211420
2020-01-17,297.2023620605469,299.4336110249654,296.3098624747795,298.0948616463143,52060097
2020-01-20,297.2023620605469,299.4336110249654,297.2023620605469,298.0948616463143,32658203
2020-01-30,282.47607421875,290.95481894253555,282.47607421875,290.95481894253555,125451049
2020-01-31,285.599853515625,288.7236019134521,284.70735397338865,288.277352142334,62526055
2020-02-03,281.1373291015625,282.4760782877604,278.4598307291667,281.1373291015625,59560849
2020-02-04,290.0623779296875,300.772373422476,290.0623779296875,300.32612361027645,51890496
2020-02-05,292.2936096191406,294.07860876185293,289.61611090507216,293.6323589761748,36601453
2020-02-06,296.7560729980469,296.7560729980469,293.63232486122536,294.078574595057,29267094
2020-02-07,292.7398681640625,294.97111715921545,290.9548689679402,294.5248673601848,28798327
2020-02-10,292.2936096191406,292.7398594048187,286.4923624053256,286.9386121910037,30632424
2020-02-11,295.8635559082031,296.75605532270754,294.52480678644656,294.97105649369877,27524935
2020-02-12,298.9873962402344,299.8798959305037,297.2023968596957,297.64864670483036,37612639
2020-02-13,298.9873962402344,301.66489531104247,298.9873962402344,301.66489531104247,22757021
2020-02-14,298.9873962402344,300.7723956207731,298.5411463950997,300.7723956207731,16933683
2020-02-17,295.8635559082031,297.2023050299597,294.97105649369877,295.8635559082031,15937079
2020-02-18,287.3849182128906,291.40116706990307,287.3849182128906,289.61616757789756,61825604
2020-02-19,291.4010925292969,291.8473422881472,287.38484469964345,287.83109445849385,38781218
2020-02-20,290.5085754394531,293.632323562458,290.0623257075953,292.7398240987423,27011736
2020-02-21,290.0623779296875,291.40112736628606,288.27737868088946,290.50862774188704,22813534
2020-02-24,285.599853515625,286.93860282897947,285.1536037445068,285.1536037445068,41693680
2020-02-25,287.3849182128906,288.7236678318948,283.3686693558782,285.5999187208851,36195011
2020-02-26,284.2610168457031,286.0460153816259,282.4760183097804,282.922267943761,60479362
2020-02-27,282.0298767089844,285.5998751483386,281.1373770991458,284.70737553850006,61250927
2020-03-02,277.56732177734375,282.92231833896454,274.8898234965334,274.8898234965334,79912942
2020-03-03,283.36859130859375,285.5998400590551,282.02984205831694,284.2610908087783,49679411
2020-03-04,286.04608154296875,287.3848307545583,282.92233338259314,287.3848307545583,42941146
2020-03-05,288.2773132324219,290.9548114977385,288.2773132324219,290.0623120759663,37861525
2020-03-06,281.1373291015625,286.04607611762157,281.1373291015625,285.5998263888889,51546760
2020-03-09,272.6585388183594,276.67478570766417,272.6585388183594,274.44353743582815,87871277
2020-03-10,273.9974060058594,275.7824053935197,268.6424078428784,269.0886576897935,71950130
2020-03-11,269.5347900390625,277.12103412956594,269.5347900390625,275.78228517241826,62216710
2020-03-12,262.3948669433594,266.85736468049134,256.14737011137464,266.85736468049134,113527351
2020-03-13,258.8248291015625,262.39482674434265,243.20608941439926,245.43733794113686,149995148
2020-03-16,246.77609252929688,259.71733427133955,245.8835930988112,254.36233768842536,103873228
2020-03-17,239.18988037109375,246.77612657689335,236.51238171022328,236.51238171022328,121323651
2020-03-18,232.04991149902344,243.2061572441688,232.04991149902344,240.52865826533392,117437643
2020-03-19,223.4888153076172,227.99463819688364,212.22425808445098,227.09347361903036,160811697
2020-03-20,243.31439208984375,243.31439208984375,230.69809027777777,232.9510013156467,157664726
2020-03-23,229.79693603515625,236.55566944795495,227.09344267003678,231.59926494523592,76466709
2020-03-24,241.06150817871094,246.9190775363245,239.70976140387705,241.5120904369889,81952933
2020-03-25,249.6226043701172,252.32609828026287,246.9191104599715,249.17202205175957,79447199
2020-03-26,252.32606506347656,252.32606506347656,248.27082473209927,251.87548280443465,52845633
2020-03-27,246.0179443359375,257.7330845424107,246.0179443359375,255.93075527987637,68752306
2020-03-30,241.06150817871094,242.41325495354485,236.5556855959313,237.45685011248725,49159956
2020-03-31,246.91912841796875,246.91912841796875,242.8638872578196,246.0179637157134,48837923
2020-04-01,244.66612243652344,249.17194421251833,244.66612243652344,249.17194421251833,44515034
2020-04-06,248.2707977294922,248.2707977294922,243.31439341910306,246.0178866793153,56392754
2020-04-07,255.0294952392578,255.93065953338944,252.77658450392866,255.48007738632361,48787346
2020-04-08,256.8319091796875,257.28249147649393,255.0295799924616,256.8319091796875,37912826
2020-04-09,255.0294952392578,259.53531670991606,254.57891309219198,259.08473456285026,27620430
2020-04-10,251.87550354003906,254.12841502071922,251.42492124390304,252.3260858361751,27252858
2020-04-13,250.9743194580078,253.67781302488044,250.9743194580078,250.9743194580078,22196596
2020-04-14,256.8319091796875,257.28249147649393,252.3260862116228,253.22725080523574,48809688
2020-04-15,259.08477783203125,259.9859422766644,257.7330311650815,258.63419560971465,55216434
2020-04-16,258.1836242675781,259.9859532327968,255.02954857844543,255.02954857844543,47815280
2020-04-17,276.2069396972656,278.00926883068985,270.7999522969929,273.50344599712923,116368201
2020-04-20,273.9539794921875,278.459801523309,272.602232882851,277.5586371170847,41381669
2020-04-21,265.8434753417969,271.7010434425483,264.49172885700807,270.7998791193558,61479357
2020-04-22,264.9424133300781,265.8435780012689,261.7883369809105,265.3929956656735,42192580
2020-04-23,266.294189453125,270.3494309168782,264.9424422985406,270.3494309168782,39474478
2020-04-24,264.9424133300781,267.6459073436504,264.9424133300781,266.29416033686425,26008090
2020-04-27,268.5469055175781,268.9974875738157,266.7445772926279,268.5469055175781,38493406
2020-04-28,267.1952819824219,268.99761103457985,265.3929529302639,268.99761103457985,37395165
2020-04-29,269.44818115234375,271.7010923659921,268.5470166668844,269.44818115234375,44059301
2020-04-30,274.4045715332031,274.85515375246945,271.7010782176051,272.1516604368714,55126085
2020-05-04,265.8434753417969,267.1952218265857,264.94231101860436,265.39289318020064,71581861
2020-05-05,266.294189453125,268.54710137743234,265.84360706826357,267.1953542228479,23547405
2020-05-06,266.7447204589844,266.7447204589844,263.5906443724761,265.3929735647666,34240479
2020-05-07,268.0964050292969,269.4481516092765,265.3929118693376,265.3929118693376,27621198
2020-05-08,268.0964050292969,270.3493159959296,266.7446584493172,270.3493159959296,32295893
2020-05-11,271.2505187988281,271.70110105596905,268.99760751312357,270.3493542845463,28727019
2020-05-12,265.8434753417969,268.9975504729708,265.8434753417969,268.0963861497782,52089788
2020-05-13,267.6458435058594,267.6458435058594,263.5906034527403,264.04118568086466,26156418
2020-05-14,264.0411682128906,265.8434970061527,263.5905860145751,264.0411682128906,34315948
2020-05-15,268.5469055175781,268.9974875738157,265.3928311239153,268.0963234613406,42494804
2020-05-18,261.33770751953125,264.49178329993936,261.33770751953125,262.2388720282193,84986065
2020-05-19,262.68951416015625,264.9424259454063,262.68951416015625,264.9424259454063,51250214
2020-05-20,264.9424133300781,264.9424133300781,262.2389193165059,264.0412486588874,32677994
2020-05-21,268.0964050292969,268.54698722262344,265.84349406266415,266.7446584493172,30997468
2020-05-22,263.1400451660156,265.84353878073495,262.2388806277758,265.39295651161507,40192923
2020-05-25,263.1400451660156,264.0412097042554,259.98596928217637,261.78829835865594,26803223
2020-05-26,266.294189453125,268.09651899257085,264.49185991367915,265.84360706826357,33856481
2020-05-27,267.1952819824219,268.5470287715404,266.2941174563429,267.6458642454614,23375959
2020-05-28,264.9424133300781,268.99765435043645,264.0412486588874,268.99765435043645,28444568
2020-05-29,263.1400451660156,263.5906274351355,261.33771608953606,263.1400451660156,79774181
2020-06-01,266.294189453125,267.1953542228479,264.49185991367915,264.9424422985406,35811214
2020-06-02,267.1952819824219,268.0964465085009,266.74469971938237,266.74469971938237,24771587
2020-06-03,271.2505187988281,271.2505187988281,268.54702525598265,270.3493542845463,65176337
2020-06-04,275.7564392089844,275.7564392089844,273.9541095409518,274.8552743749681,46572451
2020-06-05,280.7127380371094,281.16332028114965,277.5586623288272,278.00924457286754,42981262
2020-06-08,286.57025146484375,287.47141577762625,283.86675852649614,284.7679228392787,50302921
2020-06-09,287.47149658203125,287.47149658203125,282.96567375159185,285.2185851668116,36417082
2020-06-10,290.62554931640625,291.9772960574128,286.57030909338664,287.471473587391,39984259
2020-06-11,288.8232421875,294.68081184184865,287.020913063085,293.32906499853743,50104255
2020-06-12,284.7680358886719,286.11978289447256,281.6139595418037,282.06454187707055,45992918
2020-06-15,278.910400390625,286.1197160711581,278.00923593055836,284.76796938105815,51032404
2020-06-16,283.8668212890625,285.66915031312004,282.9656567770337,285.66915031312004,36608216
2020-06-17,283.8668212890625,285.66915031312004,282.51507452101936,285.21856805710564,34522968
2020-06-18,285.68359375,286.13778070349764,284.3210328895072,285.68359375,29044474
2020-06-19,285.68359375,285.68359375,283.4126589825119,285.2294067965024,48130280
2020-06-22,283.4126281738281,287.5003103109506,283.4126281738281,285.6835626944518,37374616
2020-06-23,286.1377868652344,287.5003477550688,283.8668520488436,287.04616079179067,41300084
2020-06-24,288.40869140625,290.67962598425197,287.0461306594488,289.7712521530512,54147024
2020-06-29,283.4126281738281,286.1377495985765,281.5958805573292,285.229375790327,56580892
2020-06-30,284.321044921875,285.2294188673123,282.5042970310004,284.7752318945937,48991860
2020-07-01,288.40869140625,288.8628783218504,285.22938299704725,286.13775682824803,29532342
2020-07-02,292.49639892578125,292.49639892578125,288.8629032869517,289.77127719665907,34526178
2020-07-03,299.30914306640625,300.21751679346664,296.584021885225,297.0382087487552,53341987
2020-07-06,307.0303649902344,307.0303649902344,301.58012182472726,302.0343087551862,57256220
2020-07-07,307.4845886230469,314.29739339312914,307.0304016383747,312.0264584697684,59046323
2020-07-08,309.7554931640625,311.11805398443227,306.5761845831997,306.5761845831997,30720218
2020-07-09,313.3890380859375,315.2057861328125,311.57229003906247,314.297412109375,35522376
2020-07-10,316.5683288574219,320.65601172645603,313.84320694473246,320.2018247410078,60902108
2020-07-13,322.0185852050781,322.0185852050781,318.3850891801971,318.8392761833072,48069523
2020-07-14,330.1938781738281,330.6480650764056,322.0185139274335,322.472700830011,61764150
2020-07-15,329.7397155761719,336.09833268094656,327.92296783195053,332.46483719250386,73438362
2020-07-16,324.74365234375,327.92296082823424,321.11015693291085,326.10621312281467,68220512
2020-07-17,333.37322998046875,335.18997782777376,327.0146125149012,327.9229864385537,65727485
2020-07-20,332.46484375,336.0983393101093,329.28553513490436,336.0983393101093,42769238
2020-07-21,347.90716552734375,351.5406607286737,337.4608668235201,338.3692406238526,64219128
2020-07-22,348.8155822753906,350.63233009974164,344.2737127145132,346.09046053886414,43759670
2020-07-23,346.544677734375,347.90723872153507,344.2737427557749,346.998864730095,45209282
2020-07-24,350.6322937011719,358.80765806208007,346.99879842965714,354.2657889726866,86682734
2020-07-27,385.604736328125,385.604736328125,378.3377448307752,381.9712405794501,99333798
2020-07-28,395.1425476074219,423.7563182962352,389.2381187351271,421.4853841145833,166307746
2020-07-29,383.333740234375,391.9632912586086,381.06280575431356,388.7839829865225,85663166
2020-07-30,394.2342834472656,400.59290092222153,389.2382268598003,396.5052182597499,69293949
2020-07-31,386.5130920410156,392.41752235421563,386.5130920410156,386.96727898818483,49897674
2020-08-03,377.88348388671875,385.1504739614634,376.9751101273757,381.9711658037626,76429571
2020-08-04,386.5130920410156,386.5130920410156,380.15447478064635,382.87959646366176,41223445
2020-08-05,389.6924133300781,393.78009598738663,386.9672915585391,391.05497421584766,47223834
2020-08-06,395.1425476074219,397.8676686254041,391.50905291677896,397.4134817890737,41029627
2020-08-07,393.3258361816406,394.2342099372564,388.78396740356163,393.7800230594485,36589460
2020-08-10,395.5968322753906,397.4135800699963,388.32984109696787,388.32984109696787,36067500
2020-08-11,389.6924133300781,395.14265687315617,389.6924133300781,392.41753510161715,34545313
2020-08-12,380.608642578125,384.6963248969831,380.608642578125,383.3337641240304,52143474
2020-08-13,389.6924133300781,389.6924133300781,385.6047306727696,388.7840394062318,44352335
2020-08-14,387.8757019042969,388.7840759134404,384.24220586772265,385.15057987686623,23419955
2020-08-17,395.1425476074219,395.1425476074219,386.51299771714486,387.875558226136,34137731
2020-08-18,393.3258361816406,400.1386393487591,392.4174624260248,399.6844524709512,41643160
2020-08-19,388.329833984375,396.5051989103618,388.329833984375,396.0510119700292,31486800
2020-08-20,376.97515869140625,388.3298321459667,364.2579244222986,387.87564520778426,75097235
2020-08-21,385.604736328125,387.8756711710468,381.51705361086573,382.8796145166188,41609467
2020-08-24,388.78399658203125,394.6884264366649,386.05887511066186,388.32980967013634,48375406
2020-08-25,394.6884765625,396.0510374712313,391.05498080588325,393.78010262334584,35977899
2020-08-26,401.501220703125,401.501220703125,395.1426040856547,395.5967909869026,39243340
2020-08-27,403.3180236816406,411.9475759901442,403.3180236816406,406.95151939048424,53072712
2020-08-28,395.1425476074219,400.138602807056,391.50905291677896,399.6844159707256,56842210
2020-08-31,387.42144775390625,399.2303078261238,387.42144775390625,396.9593731968512,81480538
2020-09-01,395.1425476074219,395.1425476074219,388.7839318987967,390.60067924411817,37429577
2020-09-02,393.3258361816406,400.592826226567,391.05490179260113,400.592826226567,34871407
2020-09-03,396.051025390625,399.2303340806873,393.780090612009,399.2303340806873,34951617
2020-09-04,389.6924133300781,392.8717220635403,387.87566548238544,387.87566548238544,46119911
2020-09-07,386.9671936035156,392.8716226138979,386.05881990961063,388.78394099132555,32019312
2020-09-08,391.5091857910156,393.3259337529229,388.3298768576779,388.78406384815474,23714670
2020-09-09,387.8757019042969,388.7840759134404,384.24220586772265,386.05895388600976,40551362
2020-09-10,395.1425476074219,395.1425476074219,391.05486608044856,392.87161342577,35098921
2020-09-11,396.5051574707031,396.5051574707031,392.87166232778713,395.5967836849741,34298469
2020-09-14,400.5928649902344,401.50123883374965,395.5968088509004,396.05099577265804,39085833
2020-09-15,404.22637939453125,406.0431271670909,399.2303230199921,400.13869690627195,39061449
2020-09-16,416.03521728515625,419.6687126326248,413.76428269298833,417.85196495889056,64261238
2020-09-17,409.6417236328125,415.5785602072011,407.8150046868468,413.75184126123537,42058506
2020-09-18,405.5316467285156,410.5551243343869,404.6182871638118,408.27172542262724,52454922
2020-09-21,401.8782043457031,411.01179989901453,401.8782043457031,405.07496278936213,39463920
2020-09-22,399.1380920410156,402.79152995443457,398.2247325626609,401.87817047607984,36130639
2020-09-23,395.94134521484375,400.5081427375063,394.571305958045,398.22474397617503,45710963
2020-09-24,386.3510437011719,391.83120034941544,386.3510437011719,388.6344423046067,79806381
2020-09-25,387.264404296875,390.91784207326066,384.5243259645858,390.0044826291642,38775269
2020-09-28,394.1145935058594,394.1145935058594,387.7210775046056,390.004476076482,34156973
2020-09-29,393.6580810546875,397.3115203220164,390.9180016041908,395.0281207799358,32230502
2020-09-30,395.484619140625,397.3113379357318,393.2012206467415,393.2012206467415,27334204
2020-10-05,395.0279541015625,400.0514309745304,394.11459467011383,400.0514309745304,32945832
2020-10-06,401.4214172363281,403.70481551412297,399.5946986140923,403.248135858564,35775395
2020-10-07,404.61822509765625,406.44494394685563,397.3113497008589,397.3113497008589,42926239
2020-10-08,413.7518615722656,414.6652210900852,409.64174374207755,411.0117830188069,60853811
2020-10-12,420.1453857421875,421.97210481063183,417.8619869066321,418.3186666737432,64719223
2020-10-13,421.97210693359375,424.71218555004566,416.9486294700986,424.71218555004566,45750738
2020-10-14,419.23193359375,421.05865225864653,417.40521492885347,420.6019725924224,40809241
2020-10-15,413.7518615722656,416.9486198846341,411.0117830188069,416.49194012572434,47775028
2020-10-16,410.0983581542969,416.4918737602659,409.6416784681563,411.92507689885946,46876801
2020-10-19,417.8619384765625,417.8619384765625,411.92510219219605,413.75182104892417,34470906
2020-10-20,411.92510986328125,417.40526653552,411.92510986328125,416.0352273674603,25205638
2020-10-21,413.7518615722656,416.49194012572434,411.9251425366265,414.2085413311754,28058921
2020-10-22,415.57855224609375,415.57855224609375,410.5550752409212,411.01175496866415,23438547
2020-10-23,412.83843994140625,418.31859622381427,412.38176025120555,418.31859622381427,18777385
2020-10-26,411.0116882324219,415.57848476833766,411.0116882324219,415.57848476833766,15059581
2020-10-27,408.27166748046875,409.6417066330878,406.9016283278497,408.72834719800846,20117660
2020-10-28,405.5316467285156,408.27172542262724,404.6182871638118,406.4450062932195,24710230
2020-10-29,399.1380920410156,401.42149073690246,397.7680528234836,398.6814123018383,41285612
2020-10-30,394.5712890625,399.1380863896123,394.5712890625,399.1380863896123,47668895
2020-11-02,397.7680969238281,397.7680969238281,390.9179000766899,395.484697974782,33477443
2020-11-03,402.7914733886719,404.61819208884725,400.0513953384088,401.42143436354036,30328495
2020-11-04,411.0116882324219,412.38172719319664,404.6181730821398,405.9882120429145,37512790
2020-11-05,411.92510986328125,412.38178958596785,406.90163291372903,412.38178958596785,34886108
2020-11-06,413.29510498046875,416.0351830245381,411.0117066104109,415.5785033505266,30154140
2020-11-09,418.7753601074219,420.14539945346576,414.6652420692901,418.31868032540723,39245881
2020-11-10,411.92510986328125,415.12186792208723,409.6417112498484,412.8384693086544,34820499
2020-11-11,417.4052734375,417.4052734375,409.6417180234546,409.6417180234546,36765561
2020-11-12,418.3185729980469,423.34204931134224,417.86189333320186,422.88536964649717,40100880
2020-11-13,421.97210693359375,421.97210693359375,416.9486294700986,419.23202831714184,31037438
2020-11-16,442.0660095214844,442.52268928338674,428.36561666441355,429.2789761882183,81994937
2020-11-17,443.4360046386719,462.1598730116745,443.4360046386719,458.5064352803569,72413868
2020-11-18,453.939697265625,453.939697265625,444.3494219712808,447.54618040272885,50387727
2020-11-19,447.5461730957031,455.7664089280732,447.5461730957031,455.7664089280732,44220053
2020-11-20,445.7194519042969,447.5461709694784,443.89273283911535,443.89273283911535,32281453
2020-11-23,453.4829406738281,455.3096594680832,449.37282338675413,451.656221879573,38084006
2020-11-24,449.3728942871094,456.67977061698105,448.9162145164924,456.2230908463641,35479226
2020-11-25,444.8060607910156,452.56961626683415,444.8060607910156,452.11293653296246,41419632
2020-11-26,446.6327209472656,450.7428380111975,445.7193615997252,446.6327209472656,28893033
2020-11-27,446.6327209472656,449.37279898988686,444.34932257841456,445.262681925955,32960189
2020-11-30,438.8692626953125,450.7429368161014,438.8692626953125,450.2862570422249,119895176
2020-12-01,447.5461730957031,447.5461730957031,441.6093361056581,447.08949332723813,37018651
2020-12-02,455.766357421875,456.67971685558615,450.74288053646353,456.2230371387306,50621339
2020-12-03,453.939697265625,456.2230961452307,452.11297816194036,456.2230961452307,35651379
2020-12-04,459.4197998046875,461.24651869059085,454.39632286845335,455.309682311405,51172005
2020-12-07,469.4667663574219,470.38012582504336,462.15989061645035,467.640047422179,44271244
2020-12-08,478.6003723144531,479.5137318036028,464.8999799772073,469.4667774229559,40771761
2020-12-09,474.9469299316406,478.6003678541917,474.9469299316406,475.86028941227835,43314115
2020-12-10,467.6399841308594,470.38006216287613,465.8132654428482,466.7266247868538,42556926
2020-12-11,471.29351806640625,472.2068775975427,461.2465632239053,472.2068775975427,45660960
2020-12-14,463.98663330078125,468.55343087263935,463.98663330078125,467.64007135826773,30260485
2020-12-15,460.3331298828125,465.81328619094126,460.3331298828125,463.07320803687685,39852366
2020-12-16,467.6399841308594,470.38006216287613,463.07318741083145,464.8999060988426,52012348
2020-12-17,466.2632751464844,472.68816279614066,466.2632751464844,472.68816279614066,38215179
2020-12-18,468.0989685058594,469.9346507352941,465.34544516170723,466.2632862764246,39924864
2020-12-21,473.6060485839844,474.5238897634107,466.2633191485737,469.93468386627904,34813281
2020-12-22,467.1811828613281,473.606071427201,467.1811828613281,469.9347065324165,22454277
2020-12-23,467.1811828613281,469.01686530872036,464.42765919023975,466.263341637632,18086715
2020-12-24,468.0989685058594,469.9346507352941,466.2632862764246,469.01680962057674,14950143
2020-12-25,469.01678466796875,472.6881489315145,468.0989436020823,471.77030786562807,12327895
2020-12-28,472.68817138671875,472.68817138671875,467.1811247297861,469.93464805825244,19087382
2020-12-29,472.68817138671875,474.52385360569633,470.8524891677412,472.68817138671875,19907528
2020-12-30,481.86663818359375,481.86663818359375,471.770384812128,473.6060672433036,46292401
2020-12-31,486.4557800292969,486.4557800292969,480.9487334629275,482.7844156517173,29970398
2021-01-04,491.96282958984375,495.634193989768,484.6201007899953,486.45578298995747,38770328
2021-01-05,497.4698486328125,497.4698486328125,491.0449612888463,491.96280233798433,34411866
2021-01-06,503.8946838378906,509.4017295628949,496.55195620455163,509.4017295628949,53030554
2021-01-07,518.5802001953125,523.1694055067754,507.56610744780147,508.4839485100941,51166782
2021-01-08,532.347900390625,532.347900390625,524.0873295224945,532.347900390625,59563555
2021-01-11,536.0191650390625,536.0191650390625,526.8407546788046,529.5942777868819,48810990
2021-01-12,542.4441528320312,547.9512000689047,534.1835819767211,535.1014231828667,50232426
2021-01-13,555.2938232421875,555.2938232421875,544.279730880359,546.1154129406638,62662393
2021-01-14,543.3618774414062,547.951082487364,538.7726723954485,538.7726723954485,75288477
2021-01-15,551.6224975585938,573.6506838171732,551.6224975585938,569.9793194407433,92010500
2021-01-18,557.1295166015625,558.0473576503294,545.1975829675916,558.0473576503294,45726476
2021-01-19,575.4864501953125,580.0756563372208,562.636672997969,567.2258791398774,50672866
2021-01-20,593.8432006835938,596.5967240252488,579.1577428614338,580.9934250892038,82066422
2021-01-21,617.7070922851562,623.2141391703136,587.4183344167905,587.4183344167905,89019137
2021-01-22,595.6788940429688,610.3643521395596,595.6788940429688,595.6788940429688,125179403
2021-01-25,580.9933471679688,592.9252800481955,574.5684602324619,589.2539160850489,93050133
2021-01-26,566.3080444335938,587.4183929294976,559.8831557609274,580.0756630178788,100153482
2021-01-27,564.472412109375,573.6508253144054,560.8010468273628,567.2259360708841,59985191
2021-01-28,551.6224975585938,558.0473852173461,548.8689742762714,550.7046564644863,96447533
2021-01-29,542.4441528320312,568.1437066041071,542.4441528320312,568.1437066041071,90745237
2021-02-01,560.8009033203125,561.7187444059432,538.7727172651774,546.1154459502225,67462398
2021-02-02,580.07568359375,585.5827312228046,570.897270878659,577.3221597792227,78429188
2021-02-03,578.239990234375,589.2540852864583,578.239990234375,585.5827202690972,48738970
2021-02-04,575.4864501953125,580.0756563372208,569.0615615966407,574.5686089669308,46371900
2021-02-05,580.07568359375,588.3362550373319,579.1578423222409,585.5827312228046,53267273
2021-02-17,608.5286254882812,613.1178308087057,605.7751022960266,608.5286254882812,107614290
2021-02-18,605.7750244140625,610.3642291444721,602.1036606297349,609.4463881983902,53109010
2021-02-19,598.4324340820312,603.0216398648689,593.8432282991936,602.1037987083014,50279585
2021-02-22,596.5967407226562,607.610834397536,596.5967407226562,605.7751521183894,36474610
2021-02-23,588.336181640625,590.1718639546364,580.9934523845798,588.336181640625,50076333
2021-02-24,573.650634765625,583.7468859375,573.650634765625,575.486316796875,66206750
2021-02-25,582.8290405273438,583.7468815360482,576.4041534664124,583.7468815360482,43231417
2021-02-26,556.2117309570312,567.2258246393487,556.2117309570312,560.8009366579969,111861175
2021-03-02,558.96533203125,570.8972685113916,558.96533203125,569.9794272436884,54041533
2021-03-03,570.897216796875,570.897216796875,551.6225519210963,558.9652813975833,48252965
2021-03-04,551.6224975585938,560.8009084996686,551.6224975585938,558.9652263114536,67711962
2021-03-05,551.6224975585938,555.2938619350236,536.0191989587667,539.6905633351965,79918467
2021-03-08,548.8689575195312,559.8830503125653,548.8689575195312,558.0473681803929,43219772
2021-03-09,546.1156005859375,546.1156005859375,536.9371871307117,536.9371871307117,68768861
2021-03-10,547.9512329101562,551.6225979547804,544.2798678655321,551.6225979547804,40146301
2021-03-11,558.96533203125,561.7188558343596,546.1155542834051,547.0333955511084,54416046
2021-03-12,563.5543212890625,567.2256849456687,558.9651167183047,564.472162203214,33168846
2021-03-15,560.8009033203125,563.5544265772044,558.9652211490512,563.5544265772044,27416758
2021-03-16,562.63671875,562.63671875,557.1296709318923,559.8831948409462,36949425
2021-03-17,556.6461791992188,564.0189762747051,554.8029799303472,564.0189762747051,39517807
2021-03-18,554.8031005859375,561.25429942996,554.8031005859375,558.4894999253789,29415526
2021-03-19,544.6655883789062,551.1167882412622,544.6655883789062,547.4303883199159,70866028
2021-03-22,546.5087280273438,551.1167274204917,540.0575288769367,541.9007286341958,34089033
2021-03-23,547.4302368164062,555.7246343439276,546.5086370911262,550.1950359922467,29374037
2021-03-24,530.8414916992188,536.3710905710857,526.2334926393297,526.2334926393297,107253959
2021-03-25,529.919921875,535.4495210597827,525.3119225543478,527.1551222826088,67833354
2021-03-26,543.7437744140625,545.5869736493644,534.527778237553,536.3709774728549,36829858
2021-03-29,552.0381469726562,554.8029457054075,549.2733482399051,552.0381469726562,37884733
2021-03-30,550.195068359375,552.9598676978643,545.5870694618928,552.9598676978643,33099123
2021-03-31,540.9791259765625,550.1951247155159,540.9791259765625,549.2735248416205,38790886
2021-04-01,554.8031005859375,554.8031005859375,547.4303019070546,551.1167012464961,43091157
2021-04-07,562.1757202148438,565.862118380187,560.3325211321721,565.862118380187,24603109
2021-04-08,564.9406127929688,564.9406127929688,555.724615846917,558.4894149307326,23976625
2021-04-09,562.1757202148438,569.5485165455302,561.2541206735079,569.5485165455302,27303862
2021-04-12,557.5678100585938,564.9406075469718,555.7246106864992,564.0190078609246,22606128
2021-04-13,557.5678100585938,564.9406075469718,556.6462103725465,556.6462103725465,25971622
2021-04-14,564.0191040039062,564.0191040039062,552.9599058861826,560.3327046313317,30077913
2021-04-15,570.4700927734375,570.4700927734375,559.4108987293644,564.0188962477282,33530942
2021-04-16,562.1757202148438,563.0973197561796,555.7245234254931,562.1757202148438,48507383
2021-04-19,555.7245483398438,559.4109466704563,553.8813491745375,557.56774750515,24231637
2021-04-20,554.8031005859375,554.8031005859375,548.351901741915,551.1167012464961,34771635
2021-04-21,545.5869750976562,552.0381724383379,545.5869750976562,552.0381724383379,38458220
2021-04-22,544.6655883789062,551.1167882412622,544.6655883789062,549.273588280589,33868521
2021-04-23,554.8031005859375,554.8031005859375,543.7439025676132,545.587102237334,27754511
2021-04-26,562.1757202148438,562.1757202148438,555.7245234254931,557.5677225081647,30887664
2021-04-27,562.1757202148438,563.0973197561796,557.5677225081647,560.3325211321721,26317481
2021-04-28,554.8031005859375,560.3326995950997,553.8815007510772,558.4894999253789,24024054
2021-04-29,552.9599609375,561.2543603515625,552.9599609375,561.2543603515625,31828333
2021-05-03,541.900634765625,550.1950322365274,541.900634765625,548.3518327985491,41762441
2021-05-04,544.6655883789062,547.4303883199159,536.3711885558772,541.9007884378966,40273595
2021-05-05,539.1359252929688,547.4303241436298,539.1359252929688,547.4303241436298,29254785
2021-05-06,540.9791259765625,543.7439255982486,534.5279268592951,543.7439255982486,30725590
2021-05-07,552.0381469726562,552.95974655024,542.8221511968189,547.4301490847376,28075722
2021-05-10,542.8223266601562,550.1951256640293,541.9007267846721,549.2735257885452,20434079
2021-05-11,526.2333984375,534.5277952605079,525.3117987904992,533.606195613507,59349193
2021-05-12,516.0957641601562,526.2333595275878,477.3885818481445,522.5469612121582,131741482
2021-05-13,504.114990234375,518.8605840986346,498.58539253527766,504.114990234375,66765627
2021-05-14,513.3309936523438,517.9389918000309,508.72299550465664,512.4093940228063,37533726
2021-05-17,505.9581298828125,514.2525254546618,498.5853338189464,501.3501323428962,56270958
2021-05-18,527.1549682617188,528.076567856582,511.4877751490453,518.8605719079504,43689316
2021-05-19,522.547119140625,527.1551184275794,520.7039194258433,526.2335185701885,28908777
2021-05-20,522.547119140625,526.2335185701885,516.0959201388889,522.547119140625,29709287
2021-05-21,528.07666015625,531.7630591800283,523.468661376527,527.1550604003054,27376731
2021-05-24,523.4686889648438,527.1550881829061,521.6254893558126,525.3118885738749,15629736
2021-05-25,537.2926635742188,538.2142633402123,528.0766659142836,530.8414652122641,33039911
2021-05-26,539.1359252929688,541.9007249098557,535.4495258037861,540.9791250375602,18703987
2021-05-27,536.37109375,536.37109375,528.0766953930412,534.5278941151203,62169719
2021-05-28,543.7437744140625,545.5869736493644,536.3709774728549,540.9789755611097,29086873
2021-05-31,550.195068359375,550.195068359375,543.7438699029,548.3518688003821,30657474
2021-06-01,551.1165771484375,552.038176775776,548.351778266422,551.1165771484375,17818326
2021-06-02,548.3517456054688,552.9597434676996,546.5085464605764,552.9597434676996,21872755
2021-06-03,549.2733764648438,552.9597749646078,549.2733764648438,552.9597749646078,21077164
2021-06-04,548.3517456054688,548.3517456054688,543.7437477432379,544.6653473156841,15756180
2021-06-07,545.5869750976562,548.3517739579484,537.2925785167797,547.430174337851,17077625
2021-06-08,542.8223266601562,548.3519259130611,541.9007267846721,543.7439265356404,13396324
2021-06-09,540.057373046875,541.900572272291,537.292574208751,540.057373046875,20023490
2021-06-10,552.0381469726562,552.0381469726562,540.9789520416515,544.6653503519864,28527745
2021-06-11,554.8031005859375,555.724700420798,552.9599009162168,554.8031005859375,24227710
2021-06-15,561.2542724609375,561.2542724609375,558.4894730892088,559.411072879785,26012250
2021-06-16,557.5678100585938,560.3326091167355,557.5678100585938,560.3326091167355,25856919
2021-06-17,560.8067016601562,560.8067016601562,553.4033128593621,556.1795836596599,22872361
2021-06-18,558.0303955078125,562.6575132151742,556.1795484248678,562.6575132151742,32652017
2021-06-21,539.5220336914062,549.7016947044517,539.5220336914062,545.9999997906169,44279632
2021-06-22,534.8948974609375,544.1491344412306,534.8948974609375,541.3728633471427,27823974
2021-06-23,550.6270751953125,553.4033461626839,537.6711440142464,539.5219913258272,34392376
2021-06-24,545.9999389648438,553.4033279677568,544.1490917141155,553.4033279677568,16524230
2021-06-25,546.925537109375,553.4035045539869,545.0746892680573,553.4035045539869,18841696
2021-06-28,545.9999389648438,545.9999389648438,542.2982444633872,545.9999389648438,15028407
2021-06-29,550.6270751953125,553.4033461626839,546.9253805721507,553.4033461626839,28659610
2021-06-30,550.6270751953125,554.3287698184743,550.6270751953125,554.3287698184743,24883853
2021-07-01,548.7763061523438,552.4780013034557,546.9254585767878,551.5525775156777,18250994
2021-07-02,544.149169921875,548.7762887137277,543.2237461635044,546.000017438616,18322419
2021-07-05,546.925537109375,552.4780806333281,544.1492653473985,544.1492653473985,28836816
2021-07-06,547.850830078125,551.5525248759502,545.0745589797561,550.6271011764939,12997112
2021-07-07,549.7017211914062,549.7017211914062,544.1491785531092,546.0000260992083,16966158
2021-07-08,544.149169921875,550.6271362304688,544.149169921875,550.6271362304688,21140426
2021-07-09,540.4474487304688,541.3728724440483,536.7457538761505,538.5966013033096,29029415
2021-07-12,548.7763061523438,552.4780013034557,546.0000347890098,550.6271537278998,31304547
2021-07-13,561.732177734375,562.6576014209226,554.3287882419944,555.254211928542,52540315
2021-07-14,567.2847900390625,569.1356376411476,562.65767103385,567.2847900390625,38418875
2021-07-15,568.210205078125,568.210205078125,562.6576623574919,567.2847812913528,22012834
2021-07-16,545.07470703125,550.6272507361524,544.149283080433,546.9255549328841,57970545
2021-07-19,538.5966796875,540.4475273840206,534.8949842944588,539.5221035357604,40644341
2021-07-20,537.671142578125,540.4474135380809,535.8202952714877,535.8202952714877,15354333
2021-07-21,541.3729858398438,542.2984097472623,536.7458663027511,542.2984097472623,25828732
2021-07-22,546.925537109375,549.7018088713515,543.2238414267397,545.0746892680573,26058172
2021-07-23,541.3729858398438,547.8509531917734,539.5221380250067,547.8509531917734,15271451
2021-07-26,536.7457885742188,546.9254500816609,536.7457885742188,546.9254500816609,21619179
2021-07-27,536.7457885742188,540.447483667834,536.7457885742188,537.6712123476226,17785992
2021-07-28,535.8203125,535.8203125,530.2677704015543,533.0440414507772,36158305
2021-07-29,539.5220336914062,541.3728811483236,533.9694913206542,541.3728811483236,23224896
2021-07-30,536.7457885742188,538.5966361210264,534.894941027411,537.6712123476226,18999281
2021-08-02,545.9999389648438,545.9999389648438,536.7457027112023,539.5219735872947,23482491
2021-08-03,549.7017211914062,549.7017211914062,546.0000260992083,549.7017211914062,22747702
2021-08-04,551.552490234375,553.4033375170407,549.7016429517093,553.4033375170407,20313271
2021-08-05,551.552490234375,553.4033375170407,548.7762193103764,553.4033375170407,15116242
2021-08-06,546.925537109375,551.5526567126692,544.1492653473985,551.5526567126692,13687213
2021-08-09,550.6270751953125,550.6270751953125,539.5219913258272,545.9999569163602,17390951
2021-08-10,546.925537109375,551.5526567126692,545.0746892680573,551.5526567126692,17190865
2021-08-11,545.9999389648438,545.9999389648438,541.372820838023,545.9999389648438,19969687
2021-08-12,542.29833984375,544.1491874200085,540.4474922674915,542.29833984375,15444622
2021-08-13,537.671142578125,541.3728371913995,535.8202952714877,541.3728371913995,22524428
2021-08-16,540.4474487304688,542.2982961576279,534.8949064489914,538.5966013033096,19315705
2021-08-17,540.4474487304688,540.4474487304688,540.4474487304688,540.4474487304688,0
2021-08-18,531.1931762695312,532.1185999215687,523.7897870532312,525.6406343573062,43716164
2021-08-19,517.3118896484375,530.2678224839976,517.3118896484375,530.2678224839976,38868947
2021-08-20,510.8338623046875,521.0135226042374,509.90843864109206,518.2372516134511,45614061
2021-08-23,523.7898559570312,529.3423985996853,517.3118895406016,518.2373133143773,33685159
2021-08-24,529.3423461914062,532.1186172378647,528.4169225092535,531.1931935557119,24844800
2021-08-25,541.3729858398438,541.3729858398438,531.1933228582399,535.8204423953325,27504657
2021-08-26,549.7017211914062,558.0305351488519,546.9254498722578,556.1796876027528,43822008
2021-08-27,554.3287353515625,555.2541589498122,548.7761937620644,551.5524645568134,27105651
2021-08-30,559.88134765625,559.88134765625,554.3288053654443,557.1050765108471,36575609
2021-08-31,568.210205078125,568.210205078125,553.4034244897699,558.9559672104031,52721470
2021-09-01,567.2847900390625,568.210213840105,562.65767103385,568.210213840105,30092045
2021-09-02,561.732177734375,569.1355672267556,561.732177734375,567.2847198536604,24112463
2021-09-03,573.7627563476562,573.7627563476562,564.5085183420489,564.5085183420489,51562454
2021-09-06,583.9424438476562,590.420410736616,574.6882054348566,576.5390531174165,55589014
2021-09-07,576.5390014648438,586.7186628069196,576.5390014648438,586.7186628069196,26526056
2021-09-08,572.8372802734375,580.2406700023349,566.3593142606522,575.613551421774,37817737
2021-09-09,572.8372802734375,573.7627039895497,564.5084668284279,566.3593142606522,18735512
2021-09-10,575.6136474609375,576.5390713314536,568.2102564968097,569.1356803673257,16304725
2021-09-13,569.135498046875,573.7626159171748,567.2846508987551,572.8371923431148,15198774
2021-09-14,567.2847900390625,571.911909044275,566.35936623802,571.911909044275,14441901
2021-09-15,561.732177734375,567.2847198536604,561.732177734375,564.5084487940177,23433501
2021-09-16,557.7813720703125,564.2888214111327,556.8517364501953,560.570278930664,22467022
2021-09-17,557.7813720703125,567.0777282714844,556.8517364501953,557.7813720703125,40717715
2021-09-22,544.7662963867188,547.5552023409169,541.9773904325206,544.7662963867188,40642293
2021-09-23,546.6256103515625,551.2737873103342,546.6256103515625,546.6256103515625,21696296
2021-09-24,555.9219970703125,555.9219970703125,548.4849134974655,549.4145489440714,16736973
2021-09-27,559.640625,559.640625,551.2739046926911,557.781353820598,19464241
2021-09-28,552.2034301757812,554.062700984454,550.3441593671085,553.1330655801175,16707080
2021-09-29,539.1885986328125,541.977505177465,536.39969208816,539.1885986328125,49310524
2021-09-30,539.1885986328125,543.8367762072334,534.5404210583918,539.1885986328125,30465107
2021-10-01,533.6107788085938,538.2589563243481,530.8218722991412,538.2589563243481,36704493
2021-10-04,531.75146484375,534.5403711278955,528.9625585596044,533.610735699847,20957803
2021-10-05,531.75146484375,531.75146484375,520.5958397071678,522.4551105632648,33824024
2021-10-06,530.82177734375,533.6106833543126,525.2439653226248,532.6810480174585,32508846
2021-10-07,539.1885986328125,541.0478696625809,531.7515145137393,534.5404210583918,27933054
2021-10-08,534.5404052734375,541.977489172894,532.6811342985734,541.047853685462,18279079
2021-10-12,534.5404052734375,534.5404052734375,524.3144149116848,529.8922278362772,26522907
2021-10-13,530.82177734375,534.5403186911668,529.8921420068958,531.7514126806042,18914374
2021-10-14,532.68115234375,538.2589654572971,532.68115234375,538.2589654572971,13916927
2021-10-15,557.7813720703125,557.7813720703125,544.7664733886719,550.3442871093749,53150216
2021-10-18,548.48486328125,561.499758342161,548.48486328125,561.499758342161,19158568
2021-10-19,557.7813720703125,557.7813720703125,551.2739227294921,555.9221008300781,17386359
2021-10-20,555.9219970703125,561.4998097499478,554.9923616237066,560.5701743033419,16372520
2021-10-21,554.0626831054688,560.5701307258349,553.1330477311307,559.640495351497,16169014
2021-10-22,557.7813720703125,559.6406433105468,552.2035583496094,557.7813720703125,13995403
2021-10-25,551.2738647460938,554.9924068354435,548.4849581790814,554.9924068354435,16785568
2021-10-26,556.8515014648438,557.7811366926649,551.2736900979171,553.1329605535593,19998808
2021-10-27,556.8515014648438,556.8515014648438,552.2033253257382,555.9218662370226,14961858
2021-10-28,553.1331176757812,555.9220241514574,549.414575708213,555.9220241514574,16570044
2021-10-29,548.48486328125,554.0626754502119,547.5552279197564,553.1330400887183,25763960
2021-11-01,548.48486328125,551.2737693657309,548.48486328125,549.4144986427436,16089351
2021-11-02,550.3441772460938,554.9923544187803,548.4849063770191,552.2034481151684,15192404
2021-11-03,550.3441772460938,554.9923544187803,550.3441772460938,554.9923544187803,10224009
2021-11-04,545.696044921875,552.2034934984562,543.8367738999947,550.3442224765759,17932145
2021-11-05,557.7813720703125,557.7813720703125,553.1331939697266,555.9221008300781,33270827
2021-11-08,559.640625,559.640625,555.922082641196,557.781353820598,19752355
2021-11-09,568.0071411132812,573.5849526463086,567.0775058577767,568.0071411132812,39538660
2021-11-10,568.9368896484375,568.9368896484375,565.2183478860294,568.0072542078354,16027674
2021-11-11,563.3590087890625,563.3590087890625,557.7811968208539,557.7811968208539,18463848
2021-11-12,561.499755859375,568.0072033610566,559.6404851446089,567.0775680036735,15821327
2021-11-15,565.2182006835938,568.007106279072,564.288565485101,566.1478358820865,15551452
2021-11-16,567.0775756835938,568.9368464235399,565.2183049436475,568.9368464235399,20917108
2021-11-17,567.0775756835938,571.7257525334593,565.2183049436475,571.7257525334593,19717852
2021-11-18,569.8665771484375,570.7962126739651,564.2887639952717,569.8665771484375,20030651
2021-11-19,574.5147705078125,579.1629482627301,573.5851349568289,578.2333127117465,35554348
2021-11-22,571.7257080078125,574.5146139005336,571.7257080078125,574.5146139005336,20312168
2021-11-23,568.9368896484375,571.7257959702436,568.0072542078354,571.7257959702436,19431694
2021-11-24,560.570068359375,568.9367857975747,559.640433088464,568.9367857975747,20391940
2021-11-25,560.570068359375,564.2886094430193,558.7107978175529,562.4293389011972,11888265
2021-11-26,554.0626831054688,558.7108599771589,550.3441416081166,555.9219538541448,26588102
2021-11-29,551.2738647460938,555.9220423577808,549.4145937014189,552.2035002684312,23379558
2021-11-30,554.0626831054688,557.7812246028209,549.4145062337785,554.9923184798067,62021697
2021-12-01,557.7813720703125,560.570278930664,552.2035583496094,554.0628295898438,21403404
2021-12-02,571.7257080078125,571.7257080078125,559.6404491393547,562.4293550320757,45125742
2021-12-03,565.2182006835938,570.7960118745502,563.3589302866083,570.7960118745502,23045832
2021-12-06,557.7813720703125,566.1480926513672,557.7813720703125,560.570278930664,23589363
2021-12-07,564.2887573242188,564.2887573242188,554.9924021788445,559.6405797515316,18606530
2021-12-08,559.640625,570.796252076412,559.640625,570.796252076412,20801543
2021-12-09,565.2182006835938,565.2182006835938,559.6403894926373,563.3589302866083,11039070
2021-12-10,562.429443359375,565.2183496900826,559.6405370286674,562.429443359375,10497451
2021-12-13,558.7108764648438,567.0775950807898,558.7108764648438,566.1479596790181,17711657
2021-12-14,556.8515014648438,557.7811366926649,554.9922310092015,555.9218662370226,22579034
2021-12-15,557.7813720703125,558.7110076904297,554.0628295898438,554.9924652099609,21827730
2021-12-16,565.0191040039062,565.0191040039062,561.2834405063597,565.0191040039062,21809022
2021-12-17,566.8869018554688,566.8869018554688,559.4155753071265,561.2834069442121,24105733
2021-12-20,558.4818725585938,566.8871181322181,558.4818725585938,566.8871181322181,21381070
2021-12-21,557.5477905273438,560.3495382184359,555.6799587332823,557.5477905273438,17001461
2021-12-22,560.3495483398438,561.2834642537435,558.4817165120443,558.4817165120443,9831802
2021-12-23,565.9530639648438,567.8208958591172,562.2174001762969,566.8869799119805,16654439
2021-12-24,564.085205078125,568.754784590361,564.085205078125,565.9530368830194,11059689
2021-12-27,565.9530639648438,569.6887277533906,564.0852320705703,564.0852320705703,16259872
2021-12-28,574.3582153320312,574.3582153320312,569.6886363455919,569.6886363455919,33892718
2021-12-29,575.2921752929688,578.093922899915,573.4243435550046,574.3582594239866,24518766
2021-12-30,574.3582153320312,579.0277943184706,574.3582153320312,578.0938785211827,19681276
2022-01-03,589.3009033203125,590.2348191734351,577.1599972297197,578.0939130828423,69089158
2022-01-04,612.6488037109375,612.6488037109375,601.441813399152,602.3757292584675,79434666
2022-01-05,607.0452880859375,624.7896888146033,603.3096247746394,624.7896888146033,69593809
2022-01-06,601.4418334960938,603.3096652771376,593.9705063719186,595.8383381529625,53210211
2022-01-07,592.1027221679688,603.3097137547442,590.2348902368395,600.5079658580504,38249908
2022-01-10,600.5078735351562,602.3757051791225,585.5652203834261,586.4991362054093,38289770
2022-01-11,607.979248046875,607.979248046875,596.7722572994671,603.3096685687884,33196585
2022-01-12,616.384521484375,616.384521484375,607.0453620679451,613.582773659446,38860063
2022-01-13,617.3184204101562,618.2523363260567,611.714924914754,614.5166726624551,38137411
2022-01-14,627.5916137695312,628.5255298614502,617.3185367584229,628.5255298614502,95200777
2022-01-17,637.864501953125,642.5340810303807,633.1949228758693,639.7323335840273,59614236
2022-01-18,618.25244140625,635.9968468242541,618.25244140625,633.1950986003587,43593330
2022-01-19,610.7808837890625,616.3843781357511,607.9791366157182,608.9130523401662,40381333
2022-01-20,607.979248046875,613.5827434205789,603.3096685687884,607.0453321512576,46474584
2022-01-21,598.6400146484375,603.3095935458513,594.9043515305066,601.4417619868857,49577684
2022-01-24,609.8470458984375,611.7148775857222,594.9043924001603,596.772224087445,47134502
2022-01-25,598.6400146484375,602.3756777663685,595.8382673099893,600.507846207403,52318736
2022-01-26,593.9703979492188,598.6399765494485,593.0364822291729,593.0364822291729,29957189
2022-02-07,593.03662109375,601.4418645423228,589.3009573388288,601.4418645423228,56836469
2022-02-08,586.4992065429688,602.3757774207243,586.4992065429688,602.3757774207243,39718217
2022-02-09,591.1688842773438,594.9045486329668,588.3671360106265,593.0367164551552,30048791
2022-02-10,606.1114501953125,606.1114501953125,594.9044588203607,596.7722907161859,34587133
2022-02-11,607.0452880859375,607.0452880859375,599.5739614633413,603.3096247746394,26723278
2022-02-14,594.9044799804688,598.6401439049929,593.0366480182066,597.7062279238619,27826382
2022-02-15,591.1688842773438,596.7723808107783,591.1688842773438,591.1688842773438,21970460
2022-02-16,603.3095703125,603.3095703125,597.7060758513932,602.3756545689822,25191741
2022-02-17,602.3756713867188,603.3095871563105,598.6400083083515,601.4417556171269,18135080
2022-02-18,594.9044799804688,596.7723119427308,593.9705639993377,595.8383959615998,20804191
2022-02-21,590.2348022460938,593.9704655514488,590.2348022460938,591.1687180724325,23797502
2022-02-22,585.5652465820312,588.3669941733328,583.6974148544969,586.4991624457984,34086593
2022-02-23,583.697509765625,587.4331738281251,581.829677734375,582.76359375,31953054
2022-02-24,564.085205078125,578.0939436148334,564.085205078125,577.1600277123862,73663161
2022-02-25,564.085205078125,568.754784590361,560.349541468336,560.349541468336,89012516
2022-03-01,564.085205078125,569.6887004928084,559.4156255658888,559.4156255658888,66720867
2022-03-02,561.283447265625,565.0191108081583,560.3495313799917,561.283447265625,40693457
2022-03-03,562.2174072265625,566.8869870208031,561.2834912677145,563.1513231854107,33792420
2022-03-04,555.6800537109375,557.5478858242516,552.8783055409664,555.6800537109375,55917115
2022-03-07,537.9354248046875,542.605003145006,537.0015091366238,541.6710874769423,86496560
2022-03-08,525.7946166992188,532.3320275640403,523.9267850235555,523.9267850235555,79029914
2022-03-09,530.4641723632812,535.1337513453524,529.530256566867,529.530256566867,52155415
2022-03-10,548.2085571289062,550.0763886693795,543.538978277723,546.340725588433,45630467
2022-03-11,537.0015869140625,543.5389975373641,536.0676711107337,542.6050817340353,38943098
2022-03-14,534.1998901367188,538.8694695959558,534.1998901367188,536.0677219204135,33919577
2022-03-15,521.1250610351562,525.7946404351128,521.1250610351562,524.8607245551215,74092231
2022-03-16,523.7059936523438,530.2757821031796,520.8903700305569,529.3372408959174,43438327
2022-03-17,546.2311401367188,547.1696816146168,539.6613497914317,542.4769742251261,60959900
2022-03-18,545.2924194335938,546.2309606030148,540.5997135864889,546.2309606030148,46242430
2022-03-21,549.9851684570312,552.8007921863335,547.1695447277291,547.1695447277291,21400273
2022-03-22,547.1696166992188,549.9852407988717,541.5383684999128,541.5383684999128,20246949
2022-03-23,553.7393188476562,553.7393188476562,549.9851539741128,553.7393188476562,25902069
2022-03-24,554.6779174804688,555.6164587960026,549.046669587266,550.9237522183336,20060758
2022-03-25,561.2476196289062,561.2476196289062,558.4319961190622,560.3090784589582,26122381
2022-03-28,548.1080932617188,549.985175772889,544.3539282393782,545.2924694949634,26391576
2022-03-29,552.8008422851562,552.8008422851562,548.1081356443655,549.9852183006818,14892032
2022-03-30,563.1248779296875,563.1248779296875,560.3092535400391,562.1863364664714,41230239
2022-03-31,560.3092041015625,565.0019110035856,557.4935799603486,565.0019110035856,22700114
2022-04-01,552.8008422851562,552.8008422851562,548.1081356443655,549.0466769725236,29732696
2022-04-06,542.4769287109375,544.3540115092453,539.6613045134759,542.4769287109375,37645873
2022-04-07,531.2144775390625,537.7842678973194,531.2144775390625,535.9071849378174,42904743
2022-04-08,532.15283203125,534.9684554811507,531.2142908812831,532.15283203125,28024587
2022-04-11,523.7059936523438,531.2143233104418,523.7059936523438,528.398699688655,36820094
2022-04-12,522.7674560546875,529.3372445508865,518.074749985974,519.9518324134594,30671407
2022-04-13,537.7841796875,540.5998036649214,528.3987664294284,529.3373077552357,35865970
2022-04-14,537.7841796875,542.4768863165358,537.7841796875,541.5383449907287,19056590
2022-04-15,527.460205078125,531.2143702388234,526.5216637879504,527.460205078125,28253360
2022-04-18,526.5217895507812,531.2144971225351,523.7061650077289,524.6447065220797,15800959
2022-04-19,530.27587890625,534.0300444206306,528.3987961490598,531.2144202848451,16614705
2022-04-20,534.9684448242188,534.9684448242188,527.4601157740542,534.9684448242188,27606307
2022-04-21,530.27587890625,535.9071271778208,530.27587890625,535.9071271778208,18383650
2022-04-22,523.7059936523438,524.644534859606,522.7674524450815,523.7059936523438,29283846
2022-04-25,513.382080078125,518.0747864773766,512.4435387982746,516.1977039176759,43389591
2022-04-26,512.4434814453125,517.1361873193538,510.56639909569594,516.1976461445455,35825421
2022-04-27,493.6727294921875,499.3039773571174,493.6727294921875,497.4268947354741,55941533
2022-04-28,498.36541748046875,499.3039587563265,490.8570872736067,497.426876204611,45380836
2022-04-29,504.93524169921875,513.382113772254,502.11961767487367,513.382113772254,36664644
2022-05-03,498.36541748046875,506.81228896318856,497.426876204611,504.9352064114731,26317509
2022-05-04,501.1809997558594,503.99662334999346,497.4268349636807,500.2424585578147,16569622
2022-05-05,508.6894226074219,510.56650534767067,505.8737984970487,509.6279639775463,20374772
2022-05-06,495.5498352050781,498.3654592687434,493.672752495968,495.5498352050781,32467268
2022-05-09,488.04144287109375,491.795607816256,488.04144287109375,490.8570665799654,23709774
2022-05-10,486.16436767578125,487.10290892612056,473.96333142136973,474.90187267170904,41679907
2022-05-11,488.9800109863281,493.6727174257362,486.1643871226832,486.1643871226832,27157254
2022-05-12,473.96337890625,486.16441638304457,473.96337890625,484.28733369430694,32532963
2022-05-13,479.59466552734375,482.4102897867998,474.9019584282504,475.84049984806904,29074177
2022-05-16,488.04144287109375,491.795607816256,486.1643603985126,488.97998410738427,21163106
2022-05-17,497.42694091796875,500.24256511184404,488.04152693838444,488.98006833634287,24496974
2022-05-18,504.93524169921875,507.75086572356383,501.1810763334253,507.75086572356383,30568176
2022-05-19,489.9185791015625,494.6112857979376,488.04149642301246,490.8571204408375,29019751
2022-05-20,497.42694091796875,499.3040237138856,490.85715113225973,491.79569253021816,22651205
2022-05-23,495.5498352050781,501.1810833324086,495.5498352050781,500.24254197785353,17054170
2022-05-24,488.04144287109375,498.3653964702899,488.04144287109375,497.4268552339994,17802308
2022-05-25,491.7956237792969,496.4883301130688,488.04145871227934,489.9185412457881,22176476
2022-05-26,482.4102478027344,492.73420252224815,481.47170646459676,490.85711984597293,28327403
2022-05-27,497.42694091796875,497.42694091796875,489.9186097343013,491.79569253021816,27866643
2022-05-30,513.382080078125,513.382080078125,503.99666727962176,504.9352085594721,34476433
2022-05-31,525.5831298828125,525.5831298828125,506.8123038155692,508.6893864222935,72405873
2022-06-01,515.2592163085938,520.8904645742614,514.3206749309825,516.197757686205,29155176
2022-06-02,506.8124084472656,511.5051159328885,506.8124084472657,510.5665744357639,21420890
2022-06-06,506.8124084472656,510.5665744357639,504.9353254530165,507.75094994439024,17615003
2022-06-07,502.1195983886719,504.93522230487,499.30397447247367,502.1195983886718,19497532
2022-06-08,510.56640625,511.5049474379596,504.9351591222427,505.87370031020225,18835521
2022-06-09,507.7508239746094,508.6893652388878,503.9966589174958,504.9352001817742,16338602
2022-06-10,497.42694091796875,500.24256511184404,496.4883995200103,497.42694091796875,21357130
2022-06-13,484.2873229980469,487.10294696896574,483.34878167440723,486.1644056453261,32854092
2022-06-14,481.4717102050781,482.4102515505071,475.84046213250406,475.84046213250406,36304444
2022-06-15,477.7175598144531,483.3488080637394,476.7790184395721,476.7790184395721,35680283
2022-06-16,479.368896484375,486.91801296444385,478.42525692436635,485.97437340443525,26909199
2022-06-17,472.763427734375,474.65070688700723,470.87614858174277,471.3479683699008,43566737
2022-06-20,469.9325256347656,473.70708407359905,467.10160680564053,471.81980485418234,34209693
2022-06-21,476.53802490234375,476.53802490234375,470.87618698271194,472.7634662892559,33223685
2022-06-22,466.6297912597656,474.6507280154946,466.6297912597656,472.76344877885253,31034893
2022-06-23,458.1369934082031,465.6861096744557,457.6651736415623,464.2706503745333,43548940
2022-06-24,459.08062744140625,464.74246457326325,458.1369879194301,461.9115460073348,27911980
2022-06-27,470.4043273925781,477.4816241938707,467.57340867206113,468.04522845881394,37909718
2022-06-28,469.4606628417969,471.81976165004716,468.04520355684673,468.04520355684673,15274062
2022-06-29,463.3270568847656,470.40435408768974,463.3270568847656,468.0452550200484,30533789
2022-06-30,449.1724548339844,459.08067074943995,449.1724548339844,457.1933915274484,46311432
2022-07-01,427.9405212402344,447.2851313514247,426.99688172261534,444.9260325573771,61744377
2022-07-04,415.201416015625,426.0532712069425,415.201416015625,418.0323347611861,52445919
2022-07-05,420.8632507324219,426.0532683984046,408.59593624918983,424.16598924713816,50084244
2022-07-06,410.95501708984375,422.27869149874874,410.48319732280606,417.08867406133396,40549763
2022-07-07,431.715087890625,433.1305471951844,413.7859366995389,417.08867507684425,48151202
2022-07-08,440.6796569824219,443.9823953109839,435.48963960896725,443.5105755497608,37897895
2022-07-11,435.9615173339844,443.98245434121134,435.01787768607534,441.6233552214387,21941710
2022-07-12,424.1660461425781,432.18698361134767,424.1660461425781,432.18698361134767,23036423
2022-07-13,443.9823913574219,446.3414901425304,439.7360135442266,443.9823913574219,44035695
2022-07-14,448.22882080078125,450.58791985762747,436.90514532791946,439.7360641961349,31936258
2022-07-15,464.742431640625,466.15789082328683,450.1160200864531,453.8905779068845,51846909
2022-07-18,467.5733947753906,470.40431341177043,460.9679179571712,467.5733947753906,39179575
2022-07-19,463.3270568847656,465.2143361388787,459.08067856301113,460.02431819006773,19874865
2022-07-20,467.1015319824219,474.6506476508247,463.79879387749565,473.7070081922743,35436652
2022-07-21,472.763427734375,472.763427734375,466.15795070016213,468.04522985279436,22285593
2022-07-22,474.6506652832031,476.5379442704127,471.8197468023888,476.5379442704127,25216400
2022-07-25,471.3479309082031,474.6506691628152,469.93247165622654,471.819750658862,15245346
2022-07-26,467.1015319824219,471.34790954589846,463.32697414822053,471.34790954589846,18024265
2022-07-27,473.70703125,473.70703125,463.3269967006972,466.15791521414343,17166365
2022-07-28,472.763427734375,480.3125443449039,470.87614858174277,480.3125443449039,33844011
2022-07-29,480.3125305175781,481.2561700667286,475.5943327718259,479.3688909684277,29045617
2022-08-01,475.5943603515625,479.3689187670511,471.81980193607393,477.4816395593068,24117969
2022-08-02,464.27069091796875,468.0452493807164,460.9679522630645,466.1579701493426,39838155
2022-08-03,472.763427734375,472.763427734375,465.214311123846,466.15795070016213,27603474
2022-08-04,471.81976318359375,474.65068176269534,467.1015655517578,470.8761236572266,26027618
2022-08-05,486.9179992675781,486.9179992675781,478.4252434663995,480.31252253332804,32784279
2022-08-08,483.1434326171875,485.97435116767883,480.31251406669617,481.2561535835266,19333128
2022-08-09,481.2561340332031,482.19977351169956,475.5942971622242,478.42521559771365,21164373
2022-08-10,471.81976318359375,474.65068176269534,471.34794342041016,471.81976318359375,20861380
2022-08-11,485.0307312011719,485.0307312011719,481.25617298170755,484.0870916463058,23740033
2022-08-12,487.8616638183594,488.8053034002131,485.0307450727983,485.974384654652,19535923
2022-08-15,493.5234680175781,494.46710753577617,489.74890994478596,490.692549462984,21273166
2022-08-16,495.4107360839844,496.3543755812872,493.5234570893787,496.3543755812872,20720414
2022-08-17,497.2979736328125,497.2979736328125,491.63613712086396,494.46705537683823,27143102
2022-08-18,490.6924743652344,491.63611373901364,489.74883499145506,490.6924743652344,17831084
2022-08-19,489.7489318847656,493.52349012665206,487.8616527638224,489.7489318847656,14022812
2022-08-22,483.1434326171875,485.0307116508484,481.2561535835266,482.19979310035706,11494000
2022-08-23,475.5943603515625,477.4816395593068,473.70708114381824,474.65072074769034,19191108
2022-08-24,474.6506652832031,479.368862751227,474.6506652832031,475.5943047768079,14363212
2022-08-25,479.368896484375,481.2561756043922,475.5943382443405,476.5379778043491,9357138
2022-08-26,483.1434326171875,485.97435116767883,482.19979310035706,484.08707213401794,12914846
2022-08-29,470.4043273925781,473.707065899848,468.04522845881394,468.9888680323196,26590824
2022-08-30,468.045166015625,471.81972380607357,468.045166015625,469.4606251870432,24214535
2022-08-31,476.53802490234375,476.53802490234375,464.2707094098082,464.2707094098082,39357089
2022-09-01,462.8551940917969,467.573391788961,462.3833743220805,467.10157201924454,39168672
2022-09-02,457.6651916503906,461.91156971724996,457.6651916503906,460.4961103616302,29982959
2022-09-05,458.60882568359375,460.49610480163324,456.7215465655543,457.66518612457406,15903415
2022-09-06,461.439697265625,463.79879592240223,459.0805986088478,460.9678775342696,16700285
2022-09-07,445.8697204589844,451.05973836908896,445.3979006489749,450.11609874907,34678562
2022-09-08,448.22882080078125,448.22882080078125,445.3979019325658,446.3415415553043,27931552
2022-09-12,459.08062744140625,463.32700529029904,457.665168158442,457.665168158442,21597212
2022-09-13,465.21435546875,467.10163480128045,463.3270761362196,467.10163480128045,16507036
2022-09-14,452.9470520019531,455.30615123112995,449.17249323527017,451.53159246444704,22645714
2022-09-15,452.2351989746094,455.55696853685726,451.7606604657168,451.7606604657168,23104850
2022-09-16,447.9643249511719,447.9643249511719,445.1170940722449,446.5407095117084,39087513
2022-09-19,443.21893310546875,448.9133947727767,442.7443946331931,447.9643178282254,17182380
2022-09-20,452.2351989746094,453.65881450128705,446.0661983590061,446.54073686789866,19842582
2022-09-21,447.0152587890625,451.28610521061404,444.64256633264495,449.38795124548005,24154633
2022-09-22,440.8462829589844,444.1680525830025,435.62635926409865,438.47359037039996,29702508
2022-09-23,431.8299865722656,437.04990948687544,431.8299865722656,435.15175569974457,29757787
2022-09-26,423.76287841796875,430.8809558829962,420.4411089342893,420.4411089342893,32342267
2022-09-27,425.1864318847656,428.50820088386536,423.2882781709944,426.1355087416513,24961404
2022-09-28,415.6956787109375,426.1355245233126,415.6956787109375,424.2373707392444,34402652
2022-09-29,412.8485107421875,420.91566554979346,410.0012796336207,420.441127031699,41094780
2022-09-30,400.510498046875,405.73042159961864,400.510498046875,402.88319057084937,48266800
2022-10-03,395.76513671875,402.8832147172887,395.2905981855141,397.1887523184577,36044395
2022-10-04,407.1540222167969,410.0012531413899,405.25586826706825,407.6285607042291,40375000
2022-10-05,422.3392333984375,428.033694972349,419.4920026114817,421.86469493394486,46496536
2022-10-06,428.03369140625,428.03369140625,424.23738372193736,427.55915294571093,30331834
2022-10-07,415.6956787109375,425.66098607729555,414.7466018189034,425.66098607729555,31941781
2022-10-11,381.05438232421875,391.49422841529326,380.5798438655336,387.2233822871264,95793819
2022-10-12,377.2580871582031,379.6307795302673,375.3599332605518,376.7835486837903,53570085
2022-10-13,374.88543701171875,382.4780534575257,374.88543701171875,380.105360818211,38046284
2022-10-14,391.0196838378906,394.81599144796724,388.17245313033317,393.3923760941885,54504366
2022-10-17,376.7835388183594,382.95253882420155,375.83446189438365,379.63076959028655,41512192
2022-10-18,386.27435302734375,386.27435302734375,379.15627526885464,385.79981451011116,40093216
2022-10-19,375.35992431640625,384.3761551154097,375.35992431640625,383.4270781891988,46385177
2022-10-20,377.2580871582031,377.2580871582031,366.34370224670795,371.0890869908363,52938069
2022-10-21,369.6654968261719,378.2071899492413,369.6654968261719,375.3599589082182,35923505
2022-10-24,367.2928161621094,377.258125127748,367.2928161621094,374.8854325168817,46714078
2022-10-25,352.1075134277344,363.0218972671385,352.1075134277344,360.6492051281376,76416687
2022-10-26,356.8529357910156,359.7001666616886,351.1584740496696,351.63301252811516,58850484
2022-10-27,365.8691711425781,369.19094053038367,363.02194023874483,364.92009417463373,45684455
2022-10-28,360.17474365234375,362.5474362982749,355.90389688966775,360.17474365234375,40184472
2022-10-31,370.1399841308594,370.1399841308594,361.598292189378,366.3436766013121,38409054
2022-11-01,371.5636291503906,372.9872445877484,366.34370588007863,368.716398275675,41426496
2022-11-02,374.88543701171875,374.88543701171875,368.71643614950057,371.08912878881523,22535650
2022-11-03,364.4455261230469,367.2927567958832,363.97098767757416,365.3946030139923,39731333
2022-11-04,362.54742431640625,364.920116883922,359.2256547218842,361.59834728939995,28397417
2022-11-07,370.1399841308594,372.9872147780198,367.2927534836989,370.1399841308594,35387706
2022-11-08,378.6816711425781,379.15620957759387,373.9362867924205,374.885363662452,31838223
2022-11-09,395.76513671875,395.76513671875,382.9525963213804,382.9525963213804,52260831
2022-11-10,386.7489013671875,390.54520960146664,385.32528577933283,388.17251695504217,32044942
2022-11-11,419.0174255371094,419.4919639578762,412.8484260671406,419.0174255371094,80016195
2022-11-14,422.3392333984375,427.0846180433637,419.0174641469891,427.0846180433637,61933190
2022-11-15,455.5569763183594,462.20051555633546,438.4735897064209,441.32082080841064,113379796
2022-11-16,462.2004699707031,468.8440085534442,456.98054679854937,466.4713162024653,85726375
2022-11-17,460.30230712890625,460.30230712890625,450.81153790975355,457.92961482411806,45144984
2022-11-18,462.2004699707031,468.8440085534442,461.25139303031153,466.4713162024653,35859717
2022-11-21,457.4551086425781,464.5731860592158,456.0314931592506,462.67503208144575,29710180
2022-11-22,465.996826171875,465.996826171875,451.76067058617616,451.76067058617616,37343127
2022-11-23,466.9458923339844,470.7422004017403,463.62412277469787,469.31858487633184,33475337
2022-11-24,470.74212646484375,470.74212646484375,466.9458189933531,468.8439727290984,27396552
2022-11-25,472.64031982421875,472.64031982421875,468.844012034466,468.844012034466,39949969
2022-11-28,456.031494140625,465.0477255544355,456.031494140625,461.2514175907258,38926919
2022-11-29,462.2004699707031,463.1495469110947,448.9133928052209,449.3879312754167,38182197
2022-11-30,465.04766845703125,465.04766845703125,457.92959189901546,458.40413033621655,57111603
2022-12-01,473.1148681640625,482.13109935274576,473.1148681640625,480.23294541828614,41746878
2022-12-02,467.4203796386719,471.6912257470455,465.047687356242,465.047687356242,28319679
2022-12-05,464.0986022949219,472.16575591354524,464.0986022949219,466.47129453569346,28360444
2022-12-06,453.6587829589844,464.0986294287518,453.6587829589844,463.14955247695474,40561068
2022-12-07,450.8115539550781,460.7768619898746,450.8115539550781,452.70970786646797,36563503
2022-12-08,447.4897766113281,450.8115458968841,443.21893038704184,450.8115458968841,27238567
2022-12-09,456.9805603027344,459.82779120804736,451.7606369763272,453.65879091320255,25915337
2022-12-12,450.8115539550781,453.65878482216283,449.3879385215358,452.2351693886205,20973334
2022-12-13,447.4897766113281,451.76062283561436,447.015238141963,448.91339201942355,33272826
2022-12-14,456.031494140625,456.031494140625,447.96433971774195,447.96433971774195,30636639
2022-12-15,458.656494140625,459.6110341908656,452.9292538391812,454.3610639145421,24222008
2022-12-16,449.5883483886719,449.5883483886719,444.338378290715,445.2929183085253,47601400
2022-12-19,445.2928771972656,448.1564969863156,443.86106730274065,445.2928771972656,21075559
2022-12-20,436.7020568847656,445.77018702772796,434.31570684714393,443.86110699763066,31139235
2022-12-21,438.1337890625,441.9519484443083,436.22470937159585,439.0883289079521,36182644
2022-12-22,446.7247009277344,447.67924088698163,442.9065410907452,445.2928909888634,14047382
2022-12-23,434.3157043457031,437.6565943791316,434.3157043457031,436.7020543695806,24927413
2022-12-26,435.7474670410156,436.22473699396306,432.88384732333094,433.3611172762784,8793306
2022-12-27,436.2247619628906,441.4747317458138,436.2247619628906,437.17930192342214,10264001
2022-12-28,430.49749755859375,431.4520374644886,425.7247980291193,430.49749755859375,32578949
2022-12-29,425.7248229980469,429.0657128646235,422.3839331314703,423.81574307428883,23020759
2022-12-30,428.11114501953125,435.7474642172041,428.11114501953125,434.31565436764043,21683478
2023-01-03,432.4065856933594,432.88385565549333,422.86118645068035,425.72480622348405,14885824
2023-01-04,429.0657043457031,434.31567403180185,428.1111644027761,429.0657043457031,19188422
2023-01-05,437.65655517578125,438.61109509982873,434.31566544161495,438.133825137805,23549581
2023-01-06,437.65655517578125,438.61109509982873,434.31566544161495,434.31566544161495,20886011
2023-01-09,459.13372802734375,459.13372802734375,446.2474383633746,446.724708350929,46666263
2023-01-10,463.90643310546875,464.86097309128246,461.04281314802756,463.90643310546875,32646014
2023-01-11,462.4746398925781,465.81552996404156,460.08828984153286,464.86098994362345,21051115
2023-01-12,464.3836975097656,465.81550747125516,461.99734757394975,465.33823748409196,20963689
2023-01-13,477.2699890136719,485.860848815918,476.3154490356446,483.9517688598633,77606949
2023-01-16,482.0427551269531,484.90637545443997,480.13367490862856,482.9972952361154,34373918
2023-01-17,480.1336364746094,481.08817650736205,476.7927463599749,481.08817650736205,27770329
2023-01-30,518.315185546875,518.315185546875,509.7243261179213,517.3606456103246,124428936
2023-01-31,498.269775390625,513.5424121842074,497.31523559102607,512.5878723846084,72530854
2023-02-01,505.90618896484375,508.76980890238065,498.2698691314122,507.81526892320164,33710990
2023-02-02,515.4515380859375,517.3606178566262,512.5879184299044,513.5424583152488,43077053
2023-02-03,517.3606567382812,517.3606567382812,511.63341699579104,515.4515768241179,31635865
2023-02-06,502.0880432128906,508.7698232556477,502.0880432128906,507.81528324953956,30870136
2023-02-07,499.224365234375,503.9970647108031,498.26982533908944,500.1789051296606,23481767
2023-02-08,515.4515380859375,515.4515380859375,509.7242987738715,513.5424583152488,35096191
2023-02-09,515.4515380859375,515.4515380859375,511.6333785445602,515.4515380859375,18861972
2023-02-10,520.224365234375,521.178905354071,516.4062047555906,519.2698251146788,28495684
2023-02-13,516.4061279296875,519.2697478627541,513.5425079966209,519.2697478627541,22768977
2023-02-14,520.224365234375,521.178905354071,518.3152849949828,519.2698251146788,21883297
2023-02-15,501.13348388671875,507.815263671875,498.26986397879466,502.0880238560268,61796793
2023-02-16,503.99713134765625,506.86075141213155,500.1789712616891,503.99713134765625,29975138
2023-02-17,494.45166015625,500.1788994630791,492.54258038730694,500.1788994630791,28121975
2023-02-20,493.4971618652344,495.4062417950806,487.7699220756959,490.6335419704651,20065156
2023-02-21,492.5426330566406,493.4971730431845,489.679013097009,491.58809307009676,13504100
2023-02-22,483.9517517089844,485.86083159738274,482.042671820586,482.99721176478516,24575245
2023-02-23,494.45166015625,497.31527980966456,486.81534108047776,488.7244208494208,25376835
2023-02-24,487.7699279785156,501.13348764915986,487.7699279785156,500.1789476726853,41692491
2023-03-01,498.269775390625,498.269775390625,481.0880589978448,481.0880589978448,39560848
2023-03-02,495.40625,496.3607899807322,491.5880900770713,495.40625,16558784
2023-03-03,492.5426330566406,501.1334929355355,492.5426330566406,500.17895294899165,23253895
2023-03-06,497.3153076171875,500.1789274307222,493.49714786580796,496.36076767934264,21922085
2023-03-07,500.17889404296875,502.08797379122433,495.4061946723297,497.31527442058535,24861078
2023-03-08,497.3153076171875,499.22438749287727,494.4516878036529,497.3153076171875,24512408
2023-03-09,498.269775390625,502.08793458902056,498.269775390625,501.1333947894217,21557577
2023-03-10,489.67901611328125,492.54263609055187,487.7699361284341,491.58809609812835,24045605
2023-03-13,492.5426330566406,494.45171302972835,485.86085315083346,489.679013097009,21466947
2023-03-14,486.8153991699219,490.6335591634114,486.8153991699219,487.76993916829423,20474770
2023-03-15,487.7699279785156,492.54262786088856,486.815388002041,491.58808788441394,23208597
2023-03-16,484.6507263183594,489.4492483611154,483.69102190980817,484.6507263183594,21965994
2023-03-17,497.12677001953125,497.12677001953125,492.32824907339676,495.20736164107745,33118483
2023-03-20,491.3686218261719,497.1268478631973,489.4492131471634,496.1671435236931,11837312
2023-03-21,496.1671447753906,496.1671447753906,491.36862306576404,494.24773609154,18284799
2023-03-22,511.5224609375,511.5224609375,502.8851210717636,502.8851210717636,42385987
2023-03-23,516.3209228515625,517.2806271691304,506.7238796758829,506.7238796758829,26728246
2023-03-24,517.2806396484375,517.2806396484375,513.4418222855548,514.4015266262755,21926240
2023-03-27,509.6030578613281,514.4015800634122,509.6030578613281,511.5224667421618,16111177
2023-03-28,503.8448181152344,508.6433401925224,502.8851136997768,503.8448181152344,17234120
2023-03-29,508.6433410644531,511.52245431576137,503.84481897893943,511.52245431576137,17280749
2023-03-30,513.4418334960938,515.3612422194436,509.60301604939394,514.4015378577686,19201564
2023-03-31,511.5224609375,516.3209830851314,510.56275650797375,516.3209830851314,23558838
2023-04-06,508.6433410644531,509.6030454815559,504.80452339604216,508.6433410644531,25423363
2023-04-07,509.6030578613281,513.4418756229953,507.6836489804945,513.4418756229953,8557482
2023-04-10,507.6834411621094,511.52225735237107,506.72373711454395,511.52225735237107,7435151
2023-04-11,502.885009765625,505.7641224169549,500.965601331405,500.965601331405,22675697
2023-04-12,499.04620361328125,502.8850205641526,496.1670909001277,501.92531632643477,23816473
2023-04-13,489.44921875,496.1671492034314,489.44921875,494.247740502451,25536889
2023-04-14,495.2073974609375,499.04621449551837,492.3282846850018,495.2073974609375,18072504
2023-04-17,499.04620361328125,499.04620361328125,493.28797818697416,498.0864993755634,14634287
2023-04-18,494.2477111816406,499.04623264942353,493.288006888084,497.12682406231033,15168888
2023-04-19,489.44921875,497.1268535539216,488.4895143995098,496.1671492034314,21123233
2023-04-20,492.3283386230469,495.20745171440973,489.449225531684,491.36863425925924,17221961
2023-04-21,490.408935546875,499.046274920499,489.44923117202785,499.046274920499,25016683
2023-04-24,486.5700988769531,489.4492118880593,483.69098586584687,484.6506902028823,16886512
2023-04-25,477.9327697753906,484.6507002742415,477.9327697753906,483.6909959172628,36898412
2023-04-26,471.6946716308594,478.4126018473721,471.21481947253704,477.9327496890498,31269245
2023-04-27,473.6141052246094,475.053661775444,469.2954355721053,471.2148443065515,29537148
2023-04-28,481.7715759277344,481.7715759277344,477.9327585896648,478.41261075692347,24824100
2023-05-02,480.8118896484375,481.7715940189933,476.4932199809366,479.85218527788174,15325791
2023-05-03,476.01336669921875,477.93277543590915,475.0536623308736,476.01336669921875,11369311
2023-05-04,477.9327697753906,479.3723263108587,476.0133610614332,476.9730654184119,13140291
2023-05-05,479.8521423339844,481.7715509033203,478.41258590698243,479.8521423339844,7488897
2023-05-08,483.69097900390625,488.48950062100846,481.77157035706534,488.48950062100846,11243634
2023-05-09,489.44921875,489.44921875,484.650696997549,486.5701056985294,16197743
2023-05-10,482.7312927246094,487.5298145210767,479.852179646729,487.5298145210767,18859212
2023-05-11,478.8924560546875,485.6103862999436,478.41260389431204,485.6103862999436,13382927
2023-05-12,476.01336669921875,479.85218417259955,475.0536623308736,476.01336669921875,18465362
2023-05-15,475.5334777832031,479.37229496006046,474.57377348898876,476.9730342245246,13315766
2023-05-16,484.6507263183594,487.529839544013,479.8522042756033,482.73131750125697,21140315
2023-05-17,498.0865783691406,500.00598714898314,485.61042130016403,487.5298300800066,41406763
2023-05-18,508.6433410644531,514.4015675670696,504.80452339604216,511.52245431576137,43096277
2023-05-19,510.5626220703125,513.4417346007841,507.68350953984077,513.4417346007841,32099068
2023-05-22,509.6030578613281,511.5224667421618,507.6836489804945,510.56276230174495,17208135
2023-05-23,508.6433410644531,509.6030454815559,503.84481897893943,508.6433410644531,19588873
2023-05-24,503.8448181152344,506.7239313616072,502.8851136997768,505.76422694614956,19086681
2023-05-25,521.1194458007812,523.0388544409315,515.3612198803306,520.1597414807062,63827245
2023-05-26,543.1926879882812,545.1120967797592,540.3135748010642,545.1120967797592,95808471
2023-05-29,545.112060546875,550.8702865385674,541.2732432190801,550.8702865385674,54657853
2023-05-30,543.1926879882812,545.1120967797592,540.3135748010642,543.1926879882812,40136130
2023-05-31,535.5150146484375,539.3538319577452,528.7970843571488,537.4344233030914,81176782
2023-06-01,528.797119140625,531.6762323119896,527.8374147501702,527.8374147501702,24477529
2023-06-02,539.3538818359375,541.2732906680939,534.5553597555465,536.4747685877029,30206141
2023-06-05,532.6359252929688,537.4344471424549,532.6359252929688,537.4344471424549,16827391
2023-06-06,537.4343872070312,539.3537957327707,530.7164573669434,531.6761616298131,20228086
2023-06-07,545.112060546875,545.112060546875,537.4344258912852,538.3941302232339,27604813
2023-06-08,536.4746704101562,545.1120085741838,532.6358534483662,539.3537831314987,23080195
2023-06-09,542.23291015625,543.1926144220133,538.394093093197,538.394093093197,19091713
2023-06-12,550.8703002929688,550.8703002929688,547.9911872252354,550.8703002929688,26392389
2023-06-13,569.1046142578125,570.0643184977076,565.265797298232,569.1046142578125,56174363
2023-06-14,566.2255859375,567.1852903204449,563.3464727886652,566.2255859375,23583314
2023-06-15,569.8411254882812,571.7695218520317,565.9843327607801,568.876927306406,27392154
2023-06-16,567.9127807617188,568.8769790312633,563.0917894139963,568.8769790312633,38128802
2023-06-19,562.1275634765625,564.055959920736,561.1633652544758,562.1275634765625,14346885
2023-06-20,562.1275634765625,564.055959920736,558.2707705882156,558.2707705882156,16221413
2023-06-21,560.19921875,564.0560119944062,557.3066238166954,561.1634170611015,21703937
2023-06-26,553.4497680664062,557.3065608752314,553.4497680664062,555.3781644708189,27142262
2023-06-27,551.5213623046875,554.4139568622295,548.6287677471454,549.5929659329928,21501718
2023-06-28,553.4497680664062,558.2707590774377,550.5571734597875,558.2707590774377,18175426
2023-06-29,552.4855346679688,559.2349216534413,549.5929402456234,557.3065253718777,16937929
2023-06-30,555.3782348632812,555.3782348632812,547.6646482679579,549.5930449167887,22654976
2023-07-03,558.270751953125,559.2349501430268,555.3781573834196,557.3065537632233,14785585
2023-07-04,564.055908203125,564.055908203125,559.2349175347222,564.055908203125,17219541
2023-07-05,561.1633911132812,567.912778978905,558.2707963137283,567.912778978905,14913592
2023-07-06,544.7720336914062,553.44981829888,544.7720336914062,552.4856200091607,28564891
2023-07-07,544.7720336914062,551.5214217194414,542.8436371119676,544.7720336914062,18796190
2023-07-10,544.7720336914062,552.4856200091607,544.7720336914062,546.7004302708449,18454982
2023-07-11,556.3424072265625,556.3424072265625,549.5930192706077,553.4498123882961,17850636
2023-07-12,557.3065185546875,557.3065185546875,551.5213297807634,553.449726038738,15588228
2023-07-13,564.055908203125,568.8768988715277,564.055908203125,565.9843044704861,25442137
2023-07-14,569.8411254882812,569.8411254882812,565.9843327607801,567.9127291245308,23121873
2023-07-17,569.8411254882812,569.8411254882812,565.9843327607801,566.9485309426555,13807834
2023-07-18,560.19921875,566.9486069277109,559.2350204388985,565.9844086166094,20932006
2023-07-19,560.19921875,565.9844086166094,558.2708221277969,563.0918136833046,22499123
2023-07-20,558.270751953125,563.0917429026339,557.3065537632233,559.2349501430268,15108109
2023-07-21,539.9509887695312,542.8435833522252,537.0583941868373,539.9509887695312,46711021
2023-07-24,538.0226440429688,542.8436354770455,537.0584457561533,537.0584457561533,25268835
2023-07-25,548.6288452148438,548.6288452148438,540.9152586388881,540.9152586388881,19590349
2023-07-26,545.7361450195312,550.5571356999158,542.8435506113005,548.628739427762,13314305
2023-07-27,548.6288452148438,549.5930435368382,545.7362502488604,549.5930435368382,12200358
2023-07-28,546.7003784179688,552.4855676075769,544.7719820214327,548.6287748145048,18540078
2023-07-31,544.7720336914062,554.4140165885993,539.9510422428098,554.4140165885993,24208467
2023-08-01,546.7003784179688,547.6645766162368,543.8077838231646,544.7719820214327,16259643
2023-08-02,540.9152221679688,548.62880822384,538.022627397017,546.7004117098721,25583234
2023-08-04,534.165771484375,539.9509603452166,532.2373751974278,536.0941677713222,26279173
2023-08-07,538.0226440429688,540.9152389034148,536.094247469338,538.0226440429688,14369551
2023-08-08,532.2374267578125,538.022616179093,531.2732285209324,538.022616179093,19010690
2023-08-09,534.165771484375,537.0583659147958,530.3089789104806,530.3089789104806,14389090
2023-08-10,531.2732543945312,534.1658492460441,530.3090561106936,532.2374526783689,17892615
2023-08-11,526.4521484375,538.0225253262363,526.4521484375,536.0941291781136,17608427
2023-08-14,521.6312255859375,523.5596219836674,517.7744327904777,520.6670273870726,20939030
2023-08-15,522.595458984375,525.4880537758014,520.6670624567573,523.5596572481837,14066307
2023-08-16,522.595458984375,523.5596572481837,516.8102694015221,521.6312607205662,28269840
2023-08-17,524.5238647460938,526.4522613076603,517.7744767806109,520.6670716229606,22843138
2023-08-18,519.7028198242188,524.5238107316791,519.7028198242188,520.6670180057108,17592345
2023-08-21,517.7744750976562,524.5238630412011,514.8818802647085,524.5238630412011,16633821
2023-08-22,521.6312255859375,524.5238201825324,518.7386309893427,524.5238201825324,14594304
2023-08-23,532.2374267578125,532.2374267578125,524.5238408627717,526.4522373365319,20636332
2023-08-24,543.8077392578125,543.8077392578125,538.0225505423039,542.843541138561,23280827
2023-08-25,526.4521484375,531.2731388078067,526.4521484375,529.344742659684,24144537
2023-08-28,529.3447875976562,533.2015802213185,527.4163912858251,527.4163912858251,8991985
2023-08-29,532.2374267578125,533.2016249946926,526.4522373365319,531.2732285209324,10516678
2023-08-30,535.1300659179688,539.9510575028153,534.1658676009994,538.0226608688766,15117416
2023-08-31,529.3447875976562,536.0941746890653,528.3805894417407,533.2015802213185,40431378
2023-09-01,528.3805541992188,533.2015446572409,523.5595637411967,523.5595637411967,13669766
2023-09-04,537.0582885742188,537.0582885742188,529.3447045372461,529.3447045372461,9531157
2023-09-05,532.2374267578125,535.1300214684528,530.3090302840523,533.2016249946926,12220686
2023-09-06,530.3089599609375,536.0941486150568,530.3089599609375,536.0941486150568,14067008
2023-09-07,522.595458984375,528.3806485672278,522.595458984375,526.4522520396102,20717005
2023-09-08,519.7028198242188,520.6670180057108,515.8460270982505,515.8460270982505,15283568
2023-09-11,516.8102416992188,520.6670345477204,516.8102416992188,519.702836335595,14631968
2023-09-12,524.5238647460938,525.488063026877,516.8102784998276,516.8102784998276,16028336
2023-09-13,521.6312255859375,528.3806129779922,521.6312255859375,525.4880183813973,16191392
2023-09-14,533.26611328125,533.26611328125,526.4790900213069,527.4486647727273,17144287
2023-09-15,541.022705078125,541.022705078125,530.3573829350078,532.2965324155746,42517441
2023-09-18,523.5704345703125,532.2966084798177,523.5704345703125,531.3270336009838,36684692
2023-09-19,521.6312255859375,526.4790994296729,521.6312255859375,522.6008003546846,18901683
2023-09-20,518.7224731445312,521.6311972930052,518.7224731445312,519.6920478606892,24635567
2023-09-21,510.9658508300781,514.8441495081053,509.9962761605713,513.8745748385985,32012694
2023-09-22,506.11798095703125,509.02670498552,506.11798095703125,507.0875556331942,29049309
2023-09-25,509.0267333984375,512.9050323195685,506.1180092075893,506.1180092075893,17116402
2023-09-26,503.2093200683594,508.05719405745725,503.2093200683594,505.1484696639985,26392692
2023-09-27,506.11798095703125,507.0875556331942,500.3005329000539,501.2701075762168,16846401
2023-09-28,507.0876159667969,509.0267655498439,504.17889159222636,507.0876159667969,19733331
2023-10-02,516.7833862304688,517.7529610639218,511.9355120632036,513.8746617301097,25427911
2023-10-03,512.9050903320312,516.7833896918197,511.9355154920841,511.9355154920841,14490129
2023-10-04,504.1788330078125,507.087557044396,503.2092583289513,505.1484076866737,28358964
2023-10-05,511.9354553222656,512.9050300482547,507.08758169231993,507.08758169231993,24945684
2023-10-06,515.813720703125,516.7832953661008,512.9049967141976,513.8745713771734,15336587
2023-10-11,527.4486083984375,527.4486083984375,523.5703098072725,525.509459102855,46639969
2023-10-12,533.26611328125,533.26611328125,527.4486647727273,528.4182395241478,34161176
2023-10-13,536.1748046875,537.1443793795208,531.326931227396,533.2660806114376,31123496
2023-10-16,528.418212890625,530.3573622957282,525.5094887829702,529.3877875931767,19875676
2023-10-17,534.2356567382812,535.2052314329061,531.3269326544067,533.2660820436564,18364998
2023-10-18,523.5704345703125,532.2966084798177,523.5704345703125,532.2966084798177,26418940
2023-10-19,529.3877563476562,531.326905638307,523.570308475704,523.570308475704,22881262
2023-10-20,539.0835571289062,539.0835571289062,529.3878096985302,532.296533927643,45984177
2023-10-23,527.4486083984375,536.1747802285587,526.4790337506462,535.2052055807675,22747367
2023-10-24,527.4486083984375,529.3877576940199,523.5703098072725,526.4790337506462,15007814
2023-10-25,527.4486083984375,534.2356309329762,527.4486083984375,527.4486083984375,16526355
2023-10-26,514.8441772460938,518.72247613307,513.8746025243497,513.8746025243497,28188348
2023-10-27,516.7833862304688,519.6921107308278,515.8138113970157,517.7529610639218,15679643
2023-10-30,515.813720703125,517.7528700290766,511.9354220512218,514.8441460401492,21404842
2023-10-31,512.9050903320312,518.722539371714,510.96594065213696,518.722539371714,25667058
2023-11-01,511.9354553222656,516.7833289522113,510.96588059627646,516.7833289522113,13603347
2023-11-02,530.357421875,530.357421875,518.72252413734,519.6920989488117,29401438
2023-11-03,532.2965087890625,532.2965087890625,528.4182100000711,530.3573593945669,15426176
2023-11-06,533.26611328125,539.0835617897727,533.26611328125,536.1748375355114,29215201
2023-11-07,538.114013671875,538.114013671875,533.266139674831,535.2052892736486,14777790
2023-11-08,539.0835571289062,540.0531318719438,533.2661086706806,533.2661086706806,15314834
2023-11-09,540.0531616210938,540.0531616210938,534.2357128424105,534.2357128424105,13165684
2023-11-10,540.0531616210938,540.0531616210938,537.1444372317521,538.1140120281993,12994933
2023-11-13,553.6271362304688,562.3533082551171,553.6271362304688,561.3837335857118,43866014
2023-11-14,554.5967407226562,558.4750396088286,553.6271660011131,558.4750396088286,21568576
2023-11-15,563.322998046875,565.2621477819761,557.5055488415716,565.2621477819761,50305088
2023-11-16,565.2620849609375,565.2620849609375,560.4142111619586,563.322935441346,28291435
2023-11-17,562.3533935546875,565.2621180041083,561.3838187382139,561.3838187382139,22031704
2023-11-20,559.444580078125,561.383729402486,557.5054307537641,558.4750054159446,22010114
2023-11-21,567.2012329101562,567.2012329101562,563.3229338817107,564.2925086388221,35921706
2023-11-22,559.444580078125,561.383729402486,556.5358560915836,558.4750054159446,21969125
2023-11-23,560.4141845703125,560.4141845703125,556.5358857151547,556.5358857151547,14486134
2023-11-24,557.5054931640625,560.4142174762228,556.5359183933424,559.4446427055027,10058969
2023-11-27,550.718505859375,559.4446793677101,550.718505859375,555.5663800306723,18528520
2023-11-28,557.5054931640625,558.4750679347826,547.8097454568614,547.8097454568614,26343906
2023-11-29,556.535888671875,561.3837622665777,552.6575897961128,560.4141875476372,24868842
2023-11-30,559.444580078125,559.444580078125,552.6575574428618,558.4750054159446,47192647
2023-12-01,561.3838500976562,561.3838500976562,555.5664008738464,555.5664008738464,28051165
2023-12-04,556.535888671875,564.2924864233994,553.6271645150533,564.2924864233994,26847171
2023-12-05,552.6576538085938,554.5968034710801,549.7489293148643,553.6272286398369,22229723
2023-12-06,552.6576538085938,557.5055279648095,550.7185041461074,550.7185041461074,21518089
2023-12-07,548.779296875,555.5663199812279,548.779296875,552.6575957928445,20840397
2023-12-08,552.6576538085938,559.4446776272957,552.6576538085938,556.5359531335663,33507214
2023-12-11,556.535888671875,557.5054633908155,552.6575897961128,554.596739233994,27378610
2023-12-12,560.4141845703125,563.322908711681,557.5054604289442,562.3533339978915,29403010
2023-12-13,559.444580078125,561.383729402486,558.4750054159446,558.4750054159446,22977731
2023-12-14,567.2417602539062,567.2417602539062,564.3178336546594,566.2671180541573,39409958
2023-12-15,570.1657104492188,571.1403526893029,565.2924992487981,570.1657104492188,54323262
2023-12-18,570.1657104492188,570.1657104492188,562.3685725285457,564.3178570087139,26122277
2023-12-19,570.1657104492188,573.0896371694712,565.2924992487981,573.0896371694712,28254292
2023-12-20,570.1657104492188,572.114994929387,568.2164259690504,572.114994929387,38121456
2023-12-21,562.3685302734375,564.3178146071409,560.4192459397341,562.3685302734375,24923414
2023-12-22,567.2417602539062,567.2417602539062,564.3178336546594,567.2417602539062,18690214
2023-12-25,566.2672119140625,570.165781359254,565.2925695527647,567.2418542753604,9548143
2023-12-26,571.1404418945312,571.1404418945312,567.2418723252853,568.2165147175967,16094308
2023-12-27,576.9881591796875,576.9881591796875,571.1403062150284,572.1149483758049,33401336
2023-12-28,577.962890625,577.962890625,574.0643213796375,576.9882483136594,25514849
2023-12-29,577.962890625,577.962890625,574.0643213796375,574.0643213796375,18416318
2024-01-02,577.962890625,577.962890625,574.0643213796375,575.0389636909781,26059058
2024-01-03,563.3432006835938,570.1656961936027,561.3939162521626,569.1910539778871,37106763
2024-01-04,565.2925415039062,566.267183816844,562.3686145650929,565.2925415039062,15309129
2024-01-05,561.3939819335938,565.292551252577,559.444697274102,563.3432665930853,18158971
2024-01-08,568.2164306640625,570.1657151603372,564.3178616715131,567.2417884159252,17761275
2024-01-09,571.1404418945312,574.0643690714656,568.2165147175967,573.0897266791542,22501510
2024-01-10,569.1910400390625,571.1403244227579,565.2924712716716,566.2671134635193,13037716
2024-01-11,571.1404418945312,574.0643690714656,568.2165147175967,571.1404418945312,23997409
2024-01-12,569.1910400390625,573.0896088064533,566.2671134635193,566.2671134635193,16496053
2024-01-15,571.1404418945312,575.0390114637772,570.1657995022198,575.0390114637772,21143076
2024-01-16,565.2925415039062,573.0896800074084,564.3178991909684,566.267183816844,27223860
2024-01-17,566.2672119140625,569.1911389979562,563.343284830169,568.2164966366582,42592335
2024-01-18,573.0897216796875,574.0643640634966,570.1657945282606,571.1404369120695,27209996
2024-01-19,610.1260375976562,611.1006798302403,598.4303308066469,609.1513953650722,161106401
2024-01-22,610.1260375976562,616.9485332257451,607.2021108999039,616.9485332257451,65168775
2024-01-23,612.0753173828125,613.0499596079444,606.2274640320213,613.0499596079444,41072439
2024-01-24,611.1006469726562,614.0245735131953,608.1767204321172,612.0752891528359,26635005
2024-01-25,625.72021484375,625.72021484375,616.9484361309871,618.8977202893789,52243347
2024-01-26,627.6695556640625,629.6188399984229,622.7963448281614,627.6695556640625,41153025
2024-01-29,631.568115234375,631.568115234375,627.6695466218171,629.618830928096,27825490
2024-01-30,625.72021484375,630.5934252397294,625.72021484375,625.72021484375,36161825
2024-01-31,612.0753173828125,620.8470974089993,610.1260329325488,617.9231707336037,41277950
2024-02-01,612.0753173828125,612.0753173828125,603.3035373566257,609.1513907074169,44946369
2024-02-02,618.8978271484375,618.8978271484375,612.0753314160925,616.9485426534818,26334815
2024-02-05,629.6188354492188,630.5934776093569,621.8216981681139,628.6441932890807,44017740
2024-02-15,679.3256225585938,691.021329116274,675.4270537060337,691.021329116274,112945296
2024-02-16,665.6806030273438,681.2748777688336,665.6806030273438,679.3255934261473,44232811
2024-02-19,660.807373046875,664.705941619423,656.9088044743271,656.9088044743271,34408673
2024-02-20,669.5791625976562,670.5538047557314,657.883456700754,657.883456700754,30166461
2024-02-21,663.7313842773438,665.6806688126663,660.8074574743598,660.8074574743598,30564485
2024-02-22,674.452392578125,677.3763191355447,667.6298972774792,677.3763191355447,33145643
2024-02-23,679.3256225585938,685.1734758374339,678.3509803454538,683.2241914111538,46448923
2024-02-26,680.30029296875,682.2495774758238,677.3763662081393,682.2495774758238,28798079
2024-02-27,680.30029296875,683.2242197293607,673.4777971939918,682.2495774758238,33006829
2024-02-29,672.5031127929688,680.3002503325973,670.5538284080616,673.4777549854223,54368302
2024-03-01,671.5285034179688,679.3256413386418,670.5538611778846,679.3256413386418,23390635
2024-03-04,706.61572265625,706.61572265625,692.9707293911638,695.8946565193966,88861397
2024-03-05,711.4888305664062,719.2859684356271,709.539546099101,716.3620417346693,64403889
2024-03-06,716.3619384765625,719.2858647560587,698.8183807995855,699.7930228927509,43687122
2024-03-07,740.72802734375,749.499806614926,734.8801744962993,735.8548166375411,71817344
2024-03-08,764.1194458007812,775.8151516038545,752.4237399977081,774.8405094535983,87139744
2024-03-11,746.575927734375,758.271634174078,741.7027167178321,748.5252121409922,64759810
2024-03-12,750.4744873046875,751.4491294959922,734.8802122438109,737.8041388177252,58110339
2024-03-13,759.2462768554688,765.0941300790025,757.2969924476241,765.0941300790025,36754557
2024-03-14,764.1194458007812,765.0940879510374,750.4744556971959,759.2462350495008,42010806
2024-03-15,733.9055786132812,757.2969914774496,733.9055786132812,751.4491382614075,73316437
2024-03-18,748.1036376953125,749.0828309383692,738.3117052647456,738.3117052647456,43589856
2024-03-19,746.145263671875,749.0828434501108,739.2909108559917,742.2284906342273,30152375
2024-03-20,742.2284545898438,752.9995799203033,736.3532953186841,748.1036138610035,41280325
2024-03-21,767.6875,767.6875,755.9371811224489,756.9163743622448,46026103
2024-03-22,768.666748046875,772.5835212853304,758.8748149507364,771.6043279757166,30660820
2024-03-25,763.7708129882812,771.6043597881611,762.7916196382963,766.7083930382362,19877101
2024-03-26,765.7291259765625,775.5210585338075,759.8539664422154,771.6042855109094,40990702
2024-03-27,762.7915649414062,768.6667246200308,762.7915649414062,768.6667246200308,18794479
2024-03-28,752.9995727539062,759.8539251716921,752.0203795513654,757.8955387666105,27190918
2024-03-29,759.8539428710938,760.8331360964431,752.020397068299,752.9995902936483,9802000
2024-04-01,753.9788208007812,766.7083333597556,752.999627527014,766.7083333597556,21041261
2024-04-02,773.5626220703125,773.5626220703125,766.708269722854,767.6874629153481,37974481
2024-04-03,763.7708129882812,768.6667797382062,761.8124262883113,766.7083930382362,30890544
2024-04-08,766.7083129882812,775.5210522180316,766.7083129882812,772.5834724747815,32202226
2024-04-09,801.9592895507812,802.938482822516,775.5210712139424,778.4586510291466,56857731
2024-04-10,798.0425415039062,801.9593147137414,793.1465749916124,798.0425415039062,27480849
2024-04-11,802.9385375976562,802.9385375976562,794.1257975508527,794.1257975508527,25200651
2024-04-12,800.9801635742188,808.8137104062405,800.0009702202161,805.8761303442324,31508936
2024-04-15,789.2297973632812,795.1049571451418,786.2922174723509,787.2714107693276,38913470
2024-04-16,771.6043090820312,786.2922083665877,768.66672922512,785.3130150809505,49508969
2024-04-17,787.271484375,791.1882579291045,776.5003571012127,781.3963240438433,34472074
2024-04-18,787.271484375,793.1466447061567,775.5211637126865,779.437937266791,43598591
2024-04-19,734.3949584960938,753.9788240559897,730.4781853841147,752.9996307779949,130968654
2024-04-22,726.5614624023438,741.2493625856796,724.6030757112323,724.6030757112323,46540798
2024-04-23,738.311767578125,745.1661208580281,736.3533809267242,745.1661208580281,30423647
2024-04-24,766.7083129882812,768.6666994837814,752.9996075197807,753.9788007675307,39457128
2024-04-25,750.06201171875,757.895557533045,749.0828184919632,753.9787846258976,28534926
2024-04-26,765.7291259765625,772.583478766634,765.7291259765625,771.6042855109094,32571247
2024-04-29,778.4586791992188,778.4586791992188,770.6251327418681,773.5627126633746,26765837
2024-04-30,773.5626220703125,785.3129403802413,773.5626220703125,780.4169744177709,39051972
2024-05-02,755.9371948242188,772.5834802024723,755.9371948242188,772.5834802024723,40527228
2024-05-03,763.7708129882812,771.6043597881611,756.9164595383864,771.6043597881611,29901556
2024-05-06,769.6459350585938,776.5002881698026,769.6459350585938,774.5419015666,32599878
2024-05-07,783.3546142578125,783.3546142578125,775.5210681152345,780.4170344543458,33890214
2024-05-08,785.31298828125,785.31298828125,775.5210557590399,777.4794422634819,21757193
2024-05-09,779.4378662109375,785.3130260064974,779.4378662109375,781.3962528094575,21923999
2024-05-10,785.31298828125,790.2089545423551,781.3962152723659,786.292181533471,25101318
2024-05-13,801.9592895507812,807.8344491811899,800.9800962790465,805.8760626377203,34812619
2024-05-14,807.83447265625,807.83447265625,794.1257664535985,799.0217329545455,28691846
2024-05-15,821.543212890625,826.4391795943832,819.5848262091217,820.5640195498734,39467772
2024-05-16,823.5015869140625,838.189486799569,819.5848136112608,834.2727134967672,43927195
2024-05-17,817.62646484375,830.3559786676647,816.6472714726797,830.3559786676647,26207289
2024-05-20,817.62646484375,820.5640449569611,804.8969510198353,816.6472714726797,28808661
2024-05-21,823.5015869140625,823.5015869140625,812.7304603313578,812.7304603313578,19705349
2024-05-22,846.0230102539062,847.0022035528112,825.4599509769016,827.4183375747116,36628342
2024-05-23,856.7941284179688,858.7525149972099,848.9605821010045,856.7941284179688,37266618
2024-05-24,848.9605712890625,853.8565376748126,840.1478317947124,840.1478317947124,34136382
2024-05-27,850.9190673828125,859.7318080116333,847.9814871732056,853.8566475924194,26726954
2024-05-28,847.002197265625,854.8357435987175,847.002197265625,848.9605838488981,25329216
2024-05-29,839.168701171875,849.9398280247228,838.1895078216161,843.0854745729106,33436835
2024-05-30,820.5640258789062,830.3559593619481,820.5640258789062,823.5016059238187,38065102
2024-05-31,803.9177856445312,828.3976207737801,803.9177856445312,820.5640735324205,77438401
2024-06-03,828.3975830078125,835.2519365315178,819.5848427630485,821.5432294841072,28345488
2024-06-04,821.543212890625,833.2935329796447,819.5848262091217,826.4391795943832,28223635
2024-06-05,836.2311401367188,839.1687202542951,817.6264660587356,823.5016262938882,31975446
2024-06-06,875.3988037109375,880.2947701746452,866.5860640762637,874.419610418196,62925136
2024-06-07,860.7108764648438,869.5236158143132,860.7108764648438,866.5860360311567,41075399
2024-06-11,864.6277465820312,876.3780670338822,864.6277465820312,873.4404869209194,48228488
2024-06-12,890.0867309570312,894.9826975739567,869.5236711659447,869.5236711659447,48106925
2024-06-13,903.3567504882812,919.084397939655,895.4929267625943,907.2886623511247,55857091
2024-06-14,906.3056640625,906.3056640625,889.5950390201328,900.4077964004881,38408123
2024-06-17,905.3226928710938,909.2546046750941,897.4588692630929,897.4588692630929,26292426
2024-06-18,926.9481811523438,933.829026611587,923.9992473840966,927.9311590750928,37876013
2024-06-19,964.3013916015625,967.2503255208334,936.7780083550348,936.7780083550348,72228052
2024-06-20,964.3013916015625,964.3013916015625,954.4716118706598,954.4716118706598,48225374
2024-06-21,953.488525390625,961.3523482804446,943.6587467783505,944.641724639578,88376132
2024-06-24,923.999267578125,943.658826462766,923.999267578125,941.6928705743019,66391994
2024-06-25,928.9141845703125,928.9141845703125,907.2886691623264,909.254625108507,57368432
2024-06-26,943.6588745117188,943.6588745117188,934.8120725631713,934.8120725631713,44967166
2024-06-27,943.6588745117188,944.6418525060018,932.8461165746053,934.8120725631713,39729446
2024-06-28,949.5567626953125,954.4716527713751,938.7440045279745,939.7269825431871,39138210
2024-07-01,951.5225830078125,960.3693838828851,948.5736493827883,951.5225830078125,19935737
2024-07-02,943.6588745117188,954.4716324488321,942.6758965174357,950.5397204717,25427569
2024-07-03,962.3353881835938,962.3353881835938,950.5396530883914,959.3864544097931,24070411
2024-07-04,987.892822265625,992.807711928638,980.028998804804,982.9779326026119,41893299
2024-07-05,987.892822265625,992.807711928638,982.9779326026119,987.892822265625,19998094
2024-07-08,1017.382080078125,1032.1267479053442,982.9778551479469,987.8927444236866,40146763
2024-07-09,1022.2969970703125,1037.041665297288,1007.5523288433369,1012.4672182523287,46373121
2024-07-10,1027.2119140625,1032.126803603469,997.7225768166867,1002.6374663576555,46206302
2024-07-11,1061.6162109375,1061.6162109375,1037.0417616102432,1046.8715413411458,41724336
2024-07-12,1022.2969970703125,1027.2118864793044,1007.5523288433369,1012.4672182523287,68983062
2024-07-15,1022.2969970703125,1027.2118864793044,1007.5523288433369,1022.2969970703125,38393309
2024-07-16,1037.0416259765625,1051.7862936444758,1017.3820690860116,1022.2969583086493,32125609
2024-07-17,1012.4672241210938,1027.2118924335368,1002.6374452461316,1017.3821135585748,54022399
2024-07-18,987.892822265625,987.892822265625,969.2162415461753,971.1821974113806,81990095
2024-07-19,953.488525390625,978.0629719213113,953.488525390625,971.1821268927191,92507621
2024-07-22,923.0162963867188,948.5737231237312,922.0333184352952,947.5907451723076,83062356
2024-07-23,962.3353881835938,962.3353881835938,939.7268959177892,946.6077413899907,47213266
2024-07-26,908.2716674804688,914.1695354511212,899.4248655244902,899.4248655244902,82081735
2024-07-29,927.93115234375,931.8630640062235,920.067329018803,925.9651965125132,40809258
2024-07-30,923.999267578125,932.8460690762134,910.2375763588764,914.1694881358045,41761392
2024-07-31,918.1014404296875,923.99930835536,912.203572504015,913.186550491627,39894991
2024-08-01,943.6588745117188,952.505676460266,931.8631385803222,952.505676460266,47382270
2024-08-02,887.6290283203125,912.2034753945183,887.6290283203125,902.3736965648359,76144485
2024-08-05,801.1270141601562,842.4120872825201,799.1610582971865,837.4971976250959,144057989
2024-08-06,865.0205688476562,879.7652376348323,825.7014520818537,853.2248338179155,102930842
2024-08-07,904.3396606445312,904.3396606445312,877.7992575603982,885.6630806964376,59158704
2024-08-08,880.7481689453125,889.5949697494507,871.9013681411743,885.6630582809448,38236391
2024-08-09,918.1014404296875,918.1014404296875,906.3057045783424,911.2205945164029,49494621
2024-08-12,923.999267578125,931.8630911319814,915.1524660800366,925.9652234665891,38331663
2024-08-13,924.9822998046875,928.9142118123589,921.0503877970161,928.9142118123589,25764381
2024-08-14,931.8631591796875,938.7440052917738,928.9142251316505,934.8120932277245,36780856
2024-08-15,926.9481811523438,933.829026611587,924.9822253068456,928.9141369978418,19476402
2024-08-16,952.505615234375,952.505615234375,941.6928579922924,946.6077476477844,44062316
2024-08-19,956.4375,958.4034558067831,947.5906988694758,952.5055883864337,21348863
2024-08-20,956.4375,960.3694116135663,951.5226104830421,960.3694116135663,24039959
2024-08-21,941.69287109375,947.5907387623956,939.7269152042015,944.6418049280728,29758188
2024-08-22,934.81201171875,947.5907248126972,931.8630779278392,941.6928572308755,24349754
2024-08-23,932.8460693359375,935.7950031694547,923.0162898908802,927.9311796134089,27592153
2024-08-26,933.8291015625,944.641859580592,928.9142115542763,940.7099475740131,25057581
2024-08-27,925.9652709960938,929.8971829748458,923.9993150067178,928.9142049801577,18693037
2024-08-28,947.5907592773438,947.5907592773438,926.9482219901817,928.9141779222923,31059233
2024-08-29,926.9481811523438,930.8800928433399,921.0503136158495,925.9652032295946,43530708
2024-08-30,927.93115234375,935.794975668697,924.9822185968949,927.93115234375,63834981
2024-09-02,931.8631591796875,938.7440052917738,926.9482690996259,933.8291152117122,18646835
2024-09-03,923.999267578125,935.7950029089096,923.0162896338929,931.8630911319814,19547575
2024-09-04,873.8673706054688,889.5950173205279,872.8843926857776,878.7822602039247,79709021
2024-09-05,886.6461181640625,899.4248316187552,884.6801622479559,891.5610079543289,30512026
2024-09-06,902.373779296875,902.373779296875,887.6291097005209,893.5269775390625,24458336
2024-09-09,883.6971435546875,884.6801214674291,875.8333202527548,876.8162981654964,35885268
2024-09-10,888.612060546875,895.4929061484548,885.6631267176266,891.5609943761235,33498628
2024-09-11,885.6631469726562,890.5780368004733,884.6801690070928,890.5780368004733,18029342
2024-09-12,928.1198120117188,932.0692580202792,916.2714739860372,924.1703660031582,39454846
2024-09-13,935.0313110351562,942.9302027862452,927.1324192840673,942.9302027862452,25347586
2024-09-16,935.0313110351562,939.9681183795868,931.0818651596118,939.9681183795868,13626239
2024-09-18,929.107177734375,936.0187082807519,921.2082856813729,933.056623760876,28424324
2024-09-19,947.8670654296875,947.8670654296875,924.1703887939453,928.1198348999023,32739630
2024-09-20,960.7026977539062,969.5889508677656,958.7279748397152,968.60158941067,60133709
2024-09-23,964.6521606445312,964.6521606445312,958.7279917971748,958.7279917971748,14497067
2024-09-24,974.5257568359375,974.5257568359375,958.7279735437642,963.6647808225683,26785975
2024-09-25,992.2982788085938,992.2982788085938,985.3867485084344,987.361471451337,39405222
2024-09-26,1002.1719360351562,1002.1719360351562,992.298320901805,997.2351284684806,38321585
2024-09-27,987.3614501953125,1012.0454864501953,987.3614501953125,1007.1086791992187,35783779
2024-09-30,944.9049682617188,977.4878982017781,944.9049682617188,965.6395600417565,61603217
2024-10-01,959.71533203125,964.6521392947852,954.7785247677148,954.7785247677148,26760355
2024-10-04,964.6521606445312,973.5384139155658,954.7785458989373,973.5384139155658,40934818
2024-10-07,992.2982788085938,997.2350861658504,976.5004952653723,980.4499411511777,39667071
2024-10-08,997.235107421875,997.235107421875,984.3994080194152,987.361492496906,30845902
2024-10-09,1007.1087646484375,1021.9191876579733,1007.1087646484375,1016.9823799881281,46975717
2024-10-11,1031.792724609375,1036.7295319041568,1007.1086881354665,1012.0454954302483,43058754
2024-10-14,1031.792724609375,1041.6663391989384,1021.9191100198117,1031.792724609375,36858874
2024-10-15,1056.476806640625,1061.4136141482916,1036.7295766099592,1036.7295766099592,42850176
2024-10-16,1031.792724609375,1056.4767610832835,1021.9191100198117,1026.8559173145934,52652149
2024-10-17,1021.9190673828125,1041.6662957380358,1016.9822602940067,1036.72948864923,54173771
2024-10-18,1071.2872314453125,1086.097653999856,1061.4136164089502,1081.160846481675,85011961
2024-10-21,1071.2872314453125,1081.160846481675,1066.3504239271315,1076.2240389634937,36491060
2024-10-22,1061.41357421875,1061.41357421875,1046.603152252907,1051.5399595748547,41197877
2024-10-23,1046.6031494140625,1056.4767640311763,1041.6663421055057,1046.6031494140625,31423466
2024-10-24,1046.6031494140625,1061.4135713397332,1041.6663421055057,1056.4767640311763,38236996
2024-10-25,1051.5399169921875,1056.4767241142165,1046.6031098701585,1051.5399169921875,22009575
2024-10-28,1036.7294921875,1066.3503348214285,1036.7294921875,1061.4135277157739,40142324
2024-10-29,1026.8558349609375,1026.8558349609375,1007.1086073655348,1021.9190280620868,45415773
2024-10-30,1016.9822387695312,1041.666273691122,1016.9822387695312,1026.8558527381674,38201984
2024-11-01,1012.0454711914062,1016.9822783679497,983.4119895674543,983.4119895674543,54480255
2024-11-04,1026.8558349609375,1031.792641859788,1012.0454142643855,1016.9822211632361,26747978
2024-11-05,1036.7294921875,1041.6662992931547,1016.9822637648809,1016.9822637648809,32385622
2024-11-06,1046.6031494140625,1066.3503786482902,1026.8559201798348,1036.7295347969487,55349259
2024-11-07,1051.5399169921875,1061.4135312362457,1036.7294956261003,1036.7294956261003,43975446
2024-11-08,1076.2239990234375,1076.2239990234375,1066.3503843534977,1071.2871916884676,37099479
2024-11-11,1071.2872314453125,1076.2240389634937,1056.476808890769,1066.3504239271315,34690205
2024-11-12,1036.7294921875,1051.5399135044643,1036.7294921875,1046.6031063988096,51099848
2024-11-13,1021.9190673828125,1036.72948864923,1021.9190673828125,1031.7926815604242,42331232
2024-11-14,1021.9190673828125,1026.8558744716183,1012.0454532052007,1016.9822602940067,44627940
2024-11-15,1021.9190673828125,1031.7926815604242,1016.9822602940067,1026.8558744716183,34791611
2024-11-18,1012.0454711914062,1021.9190855444931,1007.1086640148628,1016.9822783679497,31815076
2024-11-19,1026.8558349609375,1031.792641859788,1012.0454142643855,1016.9822211632361,24349599
2024-11-20,1012.0454711914062,1012.0454711914062,1012.0454711914062,1012.0454711914062,40203197
2024-11-21,997.235107421875,1012.0455298093286,997.235107421875,1007.108722346844,41429227
2024-11-22,1026.8558349609375,1036.7294487586387,1021.9190280620868,1021.9190280620868,25187973
2024-11-25,1016.9822387695312,1036.7294667068038,1016.9822387695312,1031.7926597224855,49566674
2024-11-26,997.235107421875,1007.108722346844,997.235107421875,1002.1719148843596,27312402
2024-11-27,987.3614501953125,1007.1086791992187,987.3614501953125,997.2350646972657,31276090
2024-11-28,992.2982788085938,992.2982788085938,979.4625796797263,992.2982788085938,33689956
2024-11-29,983.4120483398438,997.2351092602833,981.4373253512096,982.4246868455266,40094983
2024-12-02,1021.9190673828125,1026.8558744716183,1002.171839027589,1007.1086461163949,31168404
2024-12-03,1041.666259765625,1051.539873602266,1041.666259765625,1046.6030666839456,43414538
2024-12-04,1056.476806640625,1056.476806640625,1041.6663841176255,1051.5399991329584,33466290
2024-12-05,1061.41357421875,1066.3503815406978,1056.4767668968022,1056.4767668968022,31425359
2024-12-06,1051.5399169921875,1066.3503383582747,1046.6031098701585,1061.4135312362457,30765288
2024-12-09,1061.41357421875,1061.41357421875,1051.5399595748547,1056.4767668968022,22247131
2024-12-10,1051.5399169921875,1061.4135312362457,1046.6031098701585,1056.4767241142165,28506584
2024-12-11,1031.792724609375,1046.60314649372,1031.792724609375,1031.792724609375,25264194
2024-12-12,1050.624267578125,1055.5800424251916,1045.6684927310584,1050.624267578125,22791260
2024-12-13,1055.580078125,1060.5358531396714,1045.6685280956572,1050.6243031103286,20423659
2024-12-16,1075.4031982421875,1075.4031982421875,1065.491648027974,1075.4031982421875,39722392
2024-12-17,1065.4915771484375,1085.3146762581757,1065.4915771484375,1080.3589014807412,37880707
2024-12-18,1075.4031982421875,1080.3589733492945,1060.535872920867,1065.491648027974,41863190
2024-12-19,1060.535888671875,1060.535888671875,1045.668563129746,1055.5801134911653,42702851
2024-12-20,1025.8453369140625,1050.6242097863828,1025.8453369140625,1050.6242097863828,52030520
2024-12-23,1070.4473876953125,1070.4473876953125,1050.6242879231772,1055.580062866211,30728473
2024-12-24,1070.4473876953125,1085.314712524414,1070.4473876953125,1085.314712524414,26461906
2024-12-25,1075.4031982421875,1080.3589733492945,1070.4474231350807,1080.3589733492945,15481622
2024-12-26,1075.4031982421875,1080.3589733492945,1075.4031982421875,1075.4031982421875,14374900
2024-12-27,1080.35888671875,1085.314661428469,1070.447337299312,1070.447337299312,24948385
2024-12-30,1080.35888671875,1085.314661428469,1075.403112009031,1080.35888671875,23954634
2024-12-31,1065.4915771484375,1075.4031267033067,1065.4915771484375,1070.447351925872,28397820
2025-01-02,1055.580078125,1065.4916281543426,1045.6685280956572,1060.5358531396714,43177098
2025-01-03,1065.4915771484375,1075.4031267033067,1065.4915771484375,1070.447351925872,30415096
2025-01-06,1115.0494384765625,1115.0494384765625,1085.3147867838543,1090.2705620659722,69289786
2025-01-07,1120.005126953125,1149.739776341261,1120.005126953125,1139.8282265452156,48758688
2025-01-08,1095.226318359375,1120.0051943403564,1095.226318359375,1100.1820935555713,45211419
2025-01-09,1090.2705078125,1105.137832919034,1090.2705078125,1090.2705078125,27263215
2025-01-10,1090.2705078125,1100.1820578835227,1090.2705078125,1090.2705078125,22021522
2025-01-13,1065.4915771484375,1105.1377753679142,1060.5358023710028,1100.1820005904797,56690300
2025-01-14,1080.35888671875,1080.35888671875,1065.4915625895928,1075.403112009031,28695247
2025-01-15,1055.580078125,1075.4031781836854,1055.580078125,1075.4031781836854,35489482
2025-01-16,1095.226318359375,1105.1378687517677,1080.3589927707862,1085.3147679669826,47542962
2025-01-17,1110.0936279296875,1115.0494030543737,1085.3147523062569,1115.0494030543737,59214050
2025-01-20,1110.0936279296875,1124.9609533037458,1110.0936279296875,1115.0494030543737,29834528
2025-01-21,1110.0936279296875,1115.0494030543737,1100.1820776803152,1105.1378528050013,21904213
2025-01-22,1124.9609375,1139.8282626651983,1124.9609375,1129.9167125550662,42960405
2025-02-03,1060.535888671875,1065.4916638525847,1050.6243383104556,1055.5801134911653,97946226
2025-02-04,1085.314697265625,1090.2704721389841,1070.447372645548,1075.403147518907,53308108
2025-02-05,1100.1820068359375,1110.0935564470722,1095.2262320303703,1100.1820068359375,40385340
2025-02-06,1105.1378173828125,1110.0935923486547,1095.226267451128,1110.0935923486547,29971252
2025-02-07,1115.0494384765625,1115.0494384765625,1095.2263373480903,1100.1821126302084,27883220
2025-02-10,1095.226318359375,1115.04941914416,1085.3147679669826,1115.04941914416,28527108
2025-02-11,1100.1820068359375,1105.1377816415047,1090.270457224803,1100.1820068359375,18898928
2025-02-12,1090.2705078125,1105.137832919034,1090.2705078125,1100.1820578835227,24172954
2025-02-13,1080.35888671875,1085.314661428469,1070.447337299312,1080.35888671875,33210403
2025-02-14,1050.624267578125,1060.5358172722583,1050.624267578125,1055.5800424251916,64486940
2025-02-17,1075.4031982421875,1075.4031982421875,1055.5800978137602,1055.5800978137602,35491271
2025-02-18,1090.2705078125,1090.2705078125,1070.4474076704546,1075.403182705966,21616188
2025-02-19,1080.35888671875,1085.314661428469,1075.403112009031,1080.35888671875,26400293
2025-02-20,1070.4473876953125,1075.4031626383464,1060.5358378092449,1070.4473876953125,29643124
2025-02-21,1085.314697265625,1085.314697265625,1070.447372645548,1075.403147518907,28972910
2025-02-24,1065.4915771484375,1075.4031267033067,1065.4915771484375,1070.447351925872,30822970
2025-02-25,1045.66845703125,1050.6242317091233,1040.7126823533767,1045.66845703125,45158522
2025-02-26,1050.624267578125,1050.624267578125,1035.7569430369251,1035.7569430369251,36768449
2025-02-27,1030.8011474609375,1055.5800211979792,1030.8011474609375,1055.5800211979792,55283596
2025-03-03,1010.9781494140625,1010.9781494140625,991.1550484451593,991.1550484451593,65621663
2025-03-04,991.155029296875,1001.0665795898437,987.1904091796875,987.1904091796875,64569262
2025-03-05,1010.9781494140625,1020.8896998985141,1006.0223741718368,1010.9781494140625,41994320
2025-03-06,996.1107788085938,1015.9338788843867,996.1107788085938,1010.9781038654384,45187017
2025-03-07,996.1107788085938,1001.066553827542,991.1550037896455,996.1107788085938,40822280
2025-03-10,989.1726684570312,996.1107533059284,983.2257385865481,996.1107533059284,46849886
2025-03-11,962.4114990234375,970.340738974197,954.482259072678,960.4291890357476,50204233
2025-03-12,979.2611694335938,986.1992546421315,967.3673090761007,971.331929195265,34184887
2025-03-13,956.464599609375,996.1108006294527,956.464599609375,991.155025501943,37035693
2025-03-14,950.5177001953125,960.4292507708632,946.5530799650923,956.4646305406429,34333748
2025-03-17,961.4203491210938,976.2876741075024,959.4380391229059,968.3584341147512,31491061
2025-03-18,966.8971557617188,973.8675780998568,963.9098319025168,971.8760288603888,21575327
2025-03-19,947.9774169921875,962.9140359574005,945.9858677968257,960.9224867620387,35245036
2025-03-20,980.8380126953125,980.8380126953125,966.8971678448207,973.8675902700667,28715956
2025-03-21,967.8929443359375,982.8295638472946,965.9013950677567,980.8380145791136,39214916
2025-03-24,967.8929443359375,982.8295638472946,967.8929443359375,981.8337892132041,16121506
2025-03-25,985.81689453125,990.7957677359533,980.8380213265467,984.8211198903093,26167428
2025-03-26,975.859130859375,990.7957502092634,975.859130859375,990.7957502092634,21735917
2025-03-27,953.9520874023438,959.9267351313772,953.9520874023438,956.9394112668605,34563256
2025-03-28,947.9774169921875,950.9647407852301,942.0027694061023,942.0027694061023,33101234
2025-03-31,906.1549072265625,920.0957519531249,906.1549072265625,916.1126534598214,51064611
2025-04-01,940.01123046875,942.0027796858448,921.0915129063493,925.0746113405389,32197752
2025-04-02,938.0197143554688,947.9774607923633,934.0366157807109,944.9901368612949,24849656
2025-04-07,844.4168701171875,844.4168701171875,844.4168701171875,844.4168701171875,23820773
2025-04-08,812.5521240234375,839.4380398918601,793.6324054493624,793.6324054493624,116648736
2025-04-09,781.68310546875,822.5098663913217,776.7042321855096,805.5816972283042,107582838
2025-04-10,859.353515625,859.353515625,859.353515625,859.353515625,19416428
2025-04-11,885.24365234375,885.24365234375,832.4675965797244,844.4168922244094,76103586
2025-04-14,861.3450317382812,899.1844666585756,861.3450317382812,891.2182698332505,66326054
2025-04-15,873.2943725585938,875.2859218688756,861.3450766969027,870.307048593171,30562095
2025-04-16,851.3873291015625,865.3281742564419,848.4000051398026,863.336624948602,42128082
2025-04-17,843.4210815429688,852.3830528934844,838.4422085704601,845.4126307319723,33684502
2025-04-18,846.408447265625,854.3746444163603,846.408447265625,849.3957711971507,20101219
2025-04-21,831.4718017578125,843.4210971124159,828.4844779191617,840.4337732737649,18415705
2025-04-22,812.5521240234375,825.497194626752,812.5521240234375,822.5098706413718,28888527
2025-04-23,869.311279296875,869.311279296875,844.4169127648911,849.395786071288,37863656
2025-04-24,860.3493041992188,882.2563466672544,855.3704309110288,882.2563466672544,32238198
2025-04-25,884.2478637695312,897.1929338472384,882.256314526807,896.1971592258762,34640282
2025-04-28,893.2098388671875,894.2056134924575,889.2267403661075,894.2056134924575,21830091
2025-04-29,898.188720703125,898.188720703125,889.2267489887922,893.2098475284956,24362874
2025-04-30,904.1633911132812,904.1633911132812,895.2014191749337,897.1929684945665,35405654
2025-05-02,945.9859008789062,945.9859008789062,928.0619574938322,934.0366052888569,43873135
2025-05-05,934.03662109375,952.9563394314698,919.1000013534448,951.9605647821162,52770209
2025-05-06,916.1126708984375,926.0704173212465,912.1295723293139,912.1295723293139,37538894
2025-05-07,924.078857421875,928.0619559452451,907.1506886975518,921.0915335293473,36907620
2025-05-08,914.12109375,935.0323606004902,914.12109375,929.0577129289215,27985917
2025-05-09,944.9901123046875,944.9901123046875,930.0534930374901,934.0365915087427,36383573
2025-05-12,952.956298828125,957.9351718627547,947.9774257934953,949.9689750073471,23402547
2025-05-13,964.9056396484375,985.8169073807566,964.9056396484375,985.8169073807566,38047856
2025-05-14,994.7788696289062,994.7788696289062,983.8253485419012,985.8168978304476,40475123
2025-05-15,988.80419921875,995.7746215697382,988.80419921875,995.7746215697382,24662270
2025-05-16,993.7830810546875,993.7830810546875,984.8211093818496,986.8126586424802,16878650
2025-05-19,979.8422241210938,989.7999703011861,975.8591256490568,988.8041956831769,19906139
2025-05-20,973.8676147460938,989.8000092613672,973.8676147460938,986.8126852897534,20897857
2025-05-21,985.81689453125,994.7788662997159,978.8464720446655,981.8337959674874,26248757
2025-05-22,977.8507080078125,983.8253559182472,974.8633840525952,983.8253559182472,18747545
2025-05-23,979.8422241210938,988.8041956831769,970.8802525590106,988.8041956831769,22213030
2025-05-26,971.8760375976562,979.8422346271452,970.8802629689701,970.8802629689701,19329052
2025-05-27,960.9224853515625,970.8802313137548,956.9393869666856,966.8971329288779,26355315
2025-05-28,962.9140625,980.8380057523267,962.9140625,979.8422311271975,26471533
2025-05-29,962.9140625,981.833780377456,962.9140625,981.833780377456,48602590
2025-06-02,942.0028076171875,956.9394271882846,942.0028076171875,953.9521032740652,33676511
2025-06-03,945.9859008789062,960.9225203664679,945.9859008789062,955.9436472039473,26020787
2025-06-04,985.81689453125,985.81689453125,965.901401712437,969.8845002761996,37233567
2025-06-05,993.7830810546875,995.7746303153181,986.8126586424802,995.7746303153181,24414444
2025-06-06,990.7957763671875,992.787325666418,986.8126777687265,992.787325666418,13670307
2025-06-09,1000.7534790039062,1005.7323520337765,995.7746059740361,1000.7534790039062,21674308
2025-06-10,1040.58447265625,1045.5633457311603,1015.6901072816986,1020.6689803566089,44877640
2025-06-11,1060.5,1065.4788732394366,1050.5422535211267,1060.5,37178498
2025-06-12,1045.0,1060.0,1045.0,1055.0,25221606
2025-06-13,1030.0,1040.0,1025.0,1040.0,28393455
2025-06-16,1025.0,1030.0,1015.0,1030.0,28580673
2025-06-17,1045.0,1050.0,1035.0,1040.0,26517379
2025-06-18,1055.0,1055.0,1030.0,1040.0,37931721
2025-06-19,1035.0,1045.0,1030.0,1045.0,24002557
2025-06-20,1055.0,1055.0,1025.0,1030.0,57831332
2025-06-23,1020.0,1030.0,1015.0,1025.0,32143872
2025-06-24,1050.0,1050.0,1040.0,1045.0,28163537
2025-06-25,1070.0,1070.0,1055.0,1060.0,38783736
2025-06-26,1075.0,1080.0,1065.0,1075.0,36056692
2025-06-27,1080.0,1080.0,1060.0,1070.0,32549027
2025-06-30,1060.0,1080.0,1060.0,1075.0,32413717
2025-07-01,1085.0,1095.0,1075.0,1080.0,44299887
2025-07-02,1085.0,1085.0,1070.0,1075.0,23822731
2025-07-03,1090.0,1105.0,1090.0,1105.0,36973556
2025-07-04,1085.0,1100.0,1080.0,1095.0,20363322
2025-07-07,1080.0,1085.0,1070.0,1080.0,18829372
2025-07-08,1080.0,1080.0,1065.0,1070.0,27461252
2025-07-09,1090.0,1090.0,1065.0,1070.0,23618216
2025-07-10,1100.0,1100.0,1090.0,1095.0,22350503
2025-07-11,1100.0,1100.0,1090.0,1095.0,28249780
2025-07-14,1095.0,1100.0,1085.0,1100.0,25760632
2025-07-15,1110.0,1115.0,1090.0,1095.0,45416390
2025-07-16,1130.0,1130.0,1120.0,1120.0,31013743
2025-07-17,1130.0,1135.0,1115.0,1130.0,30648595
2025-07-18,1155.0,1160.0,1145.0,1155.0,46645034
2025-07-21,1150.0,1150.0,1135.0,1145.0,26749324
2025-07-22,1130.0,1160.0,1130.0,1145.0,50457506
2025-07-23,1145.0,1145.0,1135.0,1140.0,29747757
2025-07-24,1145.0,1155.0,1145.0,1150.0,15055463
2025-07-25,1145.0,1155.0,1140.0,1150.0,22476546
2025-07-28,1145.0,1160.0,1145.0,1155.0,20606376
2025-07-29,1135.0,1145.0,1125.0,1145.0,31763255
2025-07-30,1155.0,1160.0,1145.0,1150.0,34182363
2025-07-31,1160.0,1165.0,1155.0,1160.0,33230751
2025-08-01,1140.0,1150.0,1130.0,1145.0,43501714
