Price,Close,High,Low,Open,Volume
Ticker,2454.TW,2454.TW,2454.TW,2454.TW,2454.TW
Date,,,,,
2001-07-23,26.87542152404785,26.875421524047848,26.875421524047848,26.875421524047848,463095
2001-07-24,28.594629287719727,28.685704924731592,27.87329553014985,28.416116512273117,238341541
2001-07-25,30.587398529052734,30.587398529052734,28.594630145539192,28.594630145539192,94092605
2001-07-26,32.66759490966797,32.66759490966797,31.399801988231513,31.673031660298946,64114300
2001-07-27,32.5765266418457,34.02647677739485,32.39437254295134,33.48365580851464,60369077
2001-07-30,32.5765266418457,32.5765266418457,32.5765266418457,32.5765266418457,0
2001-07-31,34.8388786315918,34.8388786315918,32.394365550076415,32.57651960964972,77956786
2001-08-01,33.3925895690918,35.20320425474833,33.02827843948565,35.112128594333285,61392002
2001-08-02,34.38714599609375,34.56930010742961,33.30150398418174,33.30150398418174,61392002
2001-08-03,35.02104568481445,35.5638667379172,34.387148982790755,34.74781307942167,52895123
2001-08-06,36.10668182373047,36.10668182373047,34.38714329968647,34.656731702842016,48605439
2001-08-07,35.4727783203125,36.19775329743625,35.02103587202259,35.83344514520059,38953644
2001-08-08,36.10668182373047,36.10668182373047,35.02103989694716,35.47278239715528,35422904
2001-08-09,35.563865661621094,36.64950773497098,35.47278718614155,35.924532576651835,32073649
2001-08-10,35.20319366455078,35.654938989845746,34.92996393618619,35.563860527514564,24187224
2001-08-13,34.92995834350586,35.74600889952322,34.656725829574405,35.47277638559176,23774757
2001-08-14,35.4727783203125,35.4727783203125,33.93539407001075,35.11211432473859,27965449
2001-08-15,35.563865661621094,35.924532576651835,35.11212310042569,35.203198746590346,18742625
2001-08-16,34.47821807861328,35.56385997847637,34.47821807861328,35.2906274250155,26464060
2001-08-17,34.747802734375,34.747802734375,33.75323940250484,34.56929281804658,31694177
2001-08-20,36.37626647949219,37.01016301145041,34.3871397572076,34.3871397572076,70796311
2001-08-21,36.919090270996094,37.28339845603,36.01560529307654,36.64950187455327,44513739
2001-08-22,35.4727783203125,36.91908694721243,35.4727783203125,36.558420122324335,43045344
2001-08-23,35.290626525878906,36.10668000847987,34.747805589777386,35.746013160273186,41609948
2001-08-24,34.38714599609375,35.021042643060326,34.20498905544316,35.021042643060326,35785877
2001-08-27,34.92995834350586,35.02103396194033,34.38713747210594,34.838879895757366,22405355
2001-08-28,34.11391067504883,35.20319392754181,33.93539790609932,35.20319392754181,24649193
2001-08-29,34.656734466552734,35.381709584810295,33.66217092364122,33.935400676351605,77016358
2001-08-30,35.52008819580078,35.52008819580078,35.52008819580078,35.52008819580078,6212299
2001-08-31,36.66191101074219,37.2966560500022,36.282526427608346,36.66191101074219,46870035
2001-09-03,36.02716064453125,37.041292870316084,35.77545209683855,36.91726027213511,14385935
2001-09-04,37.04130172729492,37.04130172729492,36.40655668002819,36.6619114731979,19445003
2001-09-05,35.64777755737305,37.16897324402922,35.64777755737305,37.16897324402922,14478530
2001-09-06,34.378292083740234,35.52010328234982,33.998904690242014,35.52010328234982,14284920
2001-09-07,35.26474380493164,35.26474380493164,33.36416075317986,33.36416075317986,8535596
2001-09-10,35.392425537109375,35.52010718810878,34.378295863946654,34.88536211707247,7862178
2001-09-11,32.98476791381836,35.39241390399092,32.98476791381836,35.39241390399092,23317168
2001-09-12,32.98476791381836,32.98476791381836,32.98476791381836,32.98476791381836,0
2001-09-13,30.7011661529541,30.7011661529541,30.7011661529541,30.7011661529541,1346838
2001-09-14,28.669246673583984,29.811054896422938,28.669246673583984,28.669246673583984,32500935
2001-09-17,28.669246673583984,28.669246673583984,28.669246673583984,28.669246673583984,0
2001-09-18,28.669246673583984,28.669246673583984,28.669246673583984,28.669246673583984,0
2001-09-19,29.81106185913086,29.81106185913086,27.782799682473566,27.782799682473566,20640323
2001-09-20,28.79692268371582,29.431667606856497,28.79692268371582,28.79692268371582,11818520
2001-09-21,27.910472869873047,28.162181436058923,27.910472869873047,27.910472869873047,12534029
2001-09-24,29.55935287475586,29.811061488589875,28.16218676712712,28.289865583277063,19083039
2001-09-25,30.190448760986328,31.587612028233313,30.19044876098633,31.08054861783505,34066637
2001-09-26,32.22235870361328,32.22235870361328,30.445805086154387,31.208226165765875,26524331
2001-09-27,32.72941589355469,32.85709752416605,31.08054424573436,31.71528638232692,16069484
2001-09-28,31.966995239257812,33.23648235664367,31.459931895749648,32.98477377732807,20463550
2001-10-01,31.966995239257812,31.966995239257812,31.966995239257812,31.966995239257812,0
2001-10-02,30.066415786743164,31.966999090366652,29.81106099178765,31.966999090366652,13493653
2001-10-03,29.43167495727539,30.06641720585163,28.924608695658687,28.924608695658687,8990156
2001-10-04,30.318124771118164,31.459936074620504,30.19044878860673,31.459936074620504,17492086
2001-10-05,30.445798873901367,30.82518624352533,29.559348171905437,30.445798873901367,10177060
2001-10-08,30.190448760986328,30.31812474338096,29.811061332982693,29.811061332982693,7845341
2001-10-09,31.080549240112305,31.208225225063188,30.445804168433188,30.445804168433188,7550722
2001-10-10,31.080549240112305,31.0805492401123,31.0805492401123,31.0805492401123,0
2001-10-11,32.47406005859375,32.98477239872203,31.71528533439467,31.84296412769883,26566419
2001-10-12,32.22235870361328,33.1088095864833,31.71529243468958,32.984779783224774,24680844
2001-10-15,32.72941589355469,33.108803268189895,31.459931620369566,31.71528638232692,19714371
2001-10-16,32.72941589355469,32.85709752416605,32.222352554485035,32.60173992912024,7045655
2001-10-17,31.71527671813965,32.72940592034491,31.332243275376232,32.72940592034491,32930241
2001-10-18,32.35002517700195,32.601733706067876,31.20821425311286,31.332246842115246,12988589
2001-10-19,32.60174560546875,33.236487852577426,31.842970724086676,32.35003698453101,20766591
2001-10-22,34.633644104003906,34.633644104003906,32.98476980712809,33.10879957287437,28494086
2001-10-23,34.633644104003906,35.01303143629521,33.87122325498321,35.01303143629521,20581399
2001-10-24,35.392425537109375,35.647783172930374,34.378295863946654,34.63365349976765,23275079
2001-10-25,36.66191101074219,36.66191101074219,35.140715160607016,35.52010540991839,29159087
2001-10-26,39.20087814331055,39.20087814331055,37.42432513200344,37.42432513200344,61053947
2001-10-29,38.6901741027832,39.20088936224512,38.18311069483928,39.07321054737964,18089746
2001-10-30,36.917274475097656,38.18311573557474,36.7895984764659,37.8037282593227,21599946
2001-10-31,37.67604446411133,38.18311070528278,36.66191198176843,36.66191198176843,18603229
2001-11-01,40.087337493896484,40.21501630015459,38.81785030077043,39.07320791328664,32888152
2001-11-02,41.6085319519043,41.86388955626147,40.08733621304955,40.84975717496592,46482820
2001-11-05,42.1156005859375,43.764472389543485,41.6085343658717,41.99156796154102,35447148
2001-11-06,41.480857849121094,42.750345145506344,41.22914923431425,42.62266632886294,23232991
2001-11-07,41.863887786865234,42.49862991977536,40.722076651650276,41.991563750558974,20951779
2001-11-08,40.849769592285156,41.73622344086215,40.72209075129536,41.73622344086215,13089601
2001-11-09,41.3568115234375,42.498619546875915,39.95964596876141,40.59439077983391,28283641
2001-11-12,41.99156951904297,42.49863575791628,41.48085709484488,41.48085709484488,19133546
2001-11-13,41.863887786865234,42.49862991977536,41.48085139651869,41.863887786865234,17441579
2001-11-14,43.25740432739258,43.764467659567266,42.62265936634272,42.75033816212947,33317455
2001-11-15,45.289310455322266,45.66869780900945,43.385078484510565,43.385078484510565,32736630
2001-11-16,44.27518081665039,45.16163147773682,43.89214444681816,45.16163147773682,21743049
2001-11-19,45.668701171875,46.30344332015997,44.65456880887771,44.90627739062667,24790275
2001-11-20,44.654571533203125,46.81051235751556,44.39921675096304,46.30344614508138,21515770
2001-11-21,46.30344772338867,46.43112653540514,44.01983084666078,44.01983084666078,20606653
2001-11-22,48.331703186035156,49.473511534861416,45.41334432951168,46.30344409239108,40986027
2001-11-23,50.23593521118164,51.25006758871732,48.58706067626145,48.58706067626145,31154093
2001-11-26,53.026615142822266,53.661357264901326,50.99835616674328,51.50542232730722,40363113
2001-11-27,53.154300689697266,53.40600927961323,51.37774448780904,53.40600927961323,32004286
2001-11-28,51.37773895263672,53.02661333977759,50.99835443266475,53.02661333977759,16843919
2001-11-29,52.264198303222656,52.264198303222656,50.108257648135975,50.615323820769134,17643605
2001-11-30,51.37773895263672,52.26419528210764,50.99835443266475,52.26419528210764,15623343
2001-12-03,54.93084716796875,54.93084716796875,52.26419705231343,52.26419705231343,27736488
2001-12-04,55.18256378173828,55.944987642525945,53.91307368655266,54.54782156723427,18594810
2001-12-05,58.98737335205078,58.98737335205078,56.70375646835826,56.95911409316998,42736921
2001-12-06,63.04753112792969,63.04753112792969,61.7780470173827,63.04753112792969,24756605
2001-12-07,65.5865249633789,67.23539973455074,63.55461656529871,64.57239244053778,40464128
2001-12-10,62.41280746459961,65.58652434238114,62.288774831261804,64.69642446248001,27113575
2001-12-11,66.60063934326172,66.72831529539113,62.033400882259215,62.41279105341836,29352695
2001-12-12,68.12183380126953,69.77070816572753,66.60064105840546,66.60064105840546,33233278
2001-12-13,65.96590423583984,69.51901113077686,63.430578799993185,69.51901113077686,42837932
2001-12-14,64.69642639160156,65.71055893507996,63.682293848123166,63.93765149331783,32492516
2001-12-17,65.2034912109375,65.96590944471052,63.43058380866676,64.06168270338449,18392784
2001-12-18,63.809967041015625,66.60065000861405,63.55460942968776,66.47296836986148,23973754
2001-12-19,63.809967041015625,65.83822619279661,63.809967041015625,64.06167563417732,18948355
2001-12-20,64.5723876953125,65.71055276902558,63.55461189486662,64.06167811902445,18864178
2001-12-21,60.636260986328125,63.93765408191304,60.3845466834146,63.55462043170246,43275654
2001-12-24,61.526363372802734,62.16110568496228,60.512230747981796,61.526363372802734,18897848
2001-12-25,65.7105484008789,65.7105484008789,62.41279932009642,62.66815692435415,24916540
2001-12-26,66.60063934326172,69.13596429352815,66.60063934326172,67.87012349409765,35775439
2001-12-27,67.23538970947266,71.040204945923,65.96589973591958,66.98003210754932,40506216
2001-12-28,70.27778625488281,70.27778625488281,67.36307056266227,68.50487898497157,35118856
2001-12-31,74.59329986572266,74.59329986572266,70.78484158715484,72.18200741495126,37921967
2002-01-01,74.59329986572266,74.59329986572266,74.59329986572266,74.59329986572266,0
2002-01-02,75.73511505126953,75.98682363775164,72.43736596669379,74.46563073082805,37004432
2002-01-03,72.30967712402344,75.35206806240281,71.6749350768075,74.84500196164356,27290347
2002-01-04,73.1961441040039,74.59331012394132,72.94443550596804,73.1961441040039,22786850
2002-01-07,73.95857238769531,74.84502322846134,72.43737365317699,73.579182125591,21330578
2002-01-08,76.74923706054688,77.38397913498113,74.4656206666729,74.4656206666729,30808967
2002-01-09,75.60743713378906,77.383987599485,74.97268932374773,77.25631163358786,22626912
2002-01-10,76.74923706054688,76.74923706054688,73.83087292606228,74.4656206666729,26019267
2002-01-11,72.8167495727539,76.62155883649908,71.54725970147517,76.62155883649908,32004286
2002-01-14,74.72099304199219,75.22805930341684,71.04021553888836,71.04021553888836,27719653
2002-01-15,78.01873779296875,78.27044639893485,74.72098845312436,74.72098845312436,41937235
2002-01-16,82.9653549194336,83.47242110764836,80.17467204140496,82.45828873121883,44555154
2002-01-17,82.20293426513672,82.20293426513672,79.2845753072595,81.18880751618292,31061500
2002-01-18,86.51846313476562,87.9119800896555,81.3164818393169,82.45829020462627,34866323
2002-01-21,90.06792449951172,91.59277226717442,86.89785668338251,86.89785668338251,30135546
2002-01-22,95.14220428466797,95.2698745674796,88.80206472312553,90.06789982523304,35329299
2002-01-23,88.80207061767578,95.90462865946319,88.54671303657354,93.87636974775894,45775727
2002-01-24,89.68852233886719,90.70265463974685,86.26309755933042,88.80207166313012,35649174
2002-01-25,90.19558715820312,94.76282013018238,90.06790553494484,93.62101188718756,46735351
2002-01-28,87.78430938720703,90.5749926627109,87.6602824191136,89.18147553424336,24899705
2002-01-29,88.16732025146484,89.18145251052097,86.89783608500775,87.14954464095842,22130264
2002-01-30,86.51846313476562,88.03965606041429,86.26310552707085,86.89784769510493,21372667
2002-01-31,83.09300994873047,86.64246670560465,81.56816841646953,86.51843978643069,60220588
2002-02-01,82.45828247070312,84.3588654446089,82.45828247070312,84.23483283742044,31036247
2002-02-04,83.60011291503906,85.6283780521741,82.45830435380458,82.45830435380458,25564707
2002-02-05,86.51846313476562,86.51846313476562,83.60009856993562,83.60009856993562,29487379
2002-02-06,90.06792449951172,90.57499074923538,88.2913737824108,88.80208905062617,37703106
2002-02-07,90.06792449951172,90.06792449951172,90.06792449951172,90.06792449951172,0
2002-02-08,90.06792449951172,90.06792449951172,90.06792449951172,90.06792449951172,0
2002-02-11,90.06792449951172,90.06792449951172,90.06792449951172,90.06792449951172,0
2002-02-12,90.06792449951172,90.06792449951172,90.06792449951172,90.06792449951172,0
2002-02-13,90.06792449951172,90.06792449951172,90.06792449951172,90.06792449951172,0
2002-02-14,90.06792449951172,90.06792449951172,90.06792449951172,90.06792449951172,0
2002-02-15,90.06792449951172,90.06792449951172,90.06792449951172,90.06792449951172,0
2002-02-18,87.66028594970703,92.22387114507653,87.66028594970703,92.22387114507653,26103444
2002-02-19,86.8978500366211,89.56085706551268,86.8978500366211,88.16733440689629,22652166
2002-02-20,86.8978500366211,88.54672464363568,86.8978500366211,86.8978500366211,30590106
2002-02-21,83.34474182128906,88.03965696785377,83.2170658492143,87.911980995779,38940514
2002-02-22,82.83766174316406,83.09301362707487,79.91929783671,80.55404552772372,27315601
2002-02-25,80.17467498779297,83.47242417522737,80.04699901462352,83.47242417522737,19318738
2002-02-26,82.33060455322266,84.3588634376587,81.82353841556952,82.45828050896897,31953782
2002-02-27,86.39080047607422,86.64250912094984,82.58598998396987,82.58598998396987,35447148
2002-02-28,86.39080047607422,86.39080047607422,86.39080047607422,86.39080047607422,0
2002-03-01,86.13542938232422,87.78430405004484,84.4865547146036,86.01140242177145,27812246
2002-03-04,90.32325744628906,90.70264760835211,88.2913496504455,89.8161913351577,51878596
2002-03-05,91.97212982177734,93.87636162906976,90.95800328671801,91.59274533375678,46508071
2002-03-06,91.97212982177734,91.97212982177734,89.94387108548257,89.94387108548257,29007569
2002-03-07,90.06792449951172,93.36567396578364,89.43318226582309,92.35154713251409,30716371
2002-03-08,88.80207061767578,91.33739567385022,88.80207061767578,90.70265357191721,17744616
2002-03-11,92.35152435302734,92.60687625797198,89.56084182483065,89.56084182483065,27113575
2002-03-12,91.97212982177734,92.85858041041563,90.83032167412085,92.60687186881611,13931375
2002-03-13,92.8586196899414,95.64930893251969,91.3374264107942,91.71681105929581,41171218
2002-03-14,94.3834228515625,94.3834228515625,92.22383359686837,92.35151520286642,23931665
2002-03-15,92.73455810546875,96.6670431789667,92.60687648650496,95.52524064055223,39967480
2002-03-18,92.35152435302734,93.74868445974512,92.09981579949795,93.49333255480049,17677274
2002-03-19,89.18148040771484,90.70267927215096,88.92612275425806,90.70267927215096,30413333
2002-03-20,90.32325744628906,90.70264760835211,87.27721742818277,88.67438316382666,30329153
2002-03-21,89.43318176269531,91.84448036609729,89.43318176269531,90.32328162548414,22172353
2002-03-22,90.83033752441406,91.59276131709629,90.06791373173184,90.95801915929223,22997292
2002-03-25,90.19558715820312,91.33739540119794,90.06790553494484,91.20971944411625,16296763
2002-03-26,96.41168212890625,96.41168212890625,91.08567513565328,91.08567513565328,73301773
2002-03-27,93.36566162109375,98.56763710063292,93.36566162109375,98.31593418447456,45295917
2002-03-28,97.93290710449219,98.18825905557526,93.62102542324908,94.00040999780015,37492661
2002-03-29,96.28402709960938,97.42584117725575,94.76283411246385,97.42584117725575,25522619
2002-04-01,96.03227996826172,97.0464119370676,95.01814799945582,96.15995021924581,11380798
2002-04-02,97.55350494384766,99.33006676220776,96.91876845890377,96.91876845890377,29579975
2002-04-03,94.50747680664062,98.43997393798979,93.87638362912303,97.93290771854043,37947221
2002-04-04,90.45094299316406,94.50746072618713,90.06790379695711,94.50746072618713,43713379
2002-04-05,90.45094299316406,90.45094299316406,90.45094299316406,90.45094299316406,0
2002-04-08,88.92608642578125,91.3373842403848,88.80205950157817,90.45093368604823,20034244
2002-04-09,89.68852233886719,90.83033059871278,88.80207166313012,90.45094607341554,17643605
2002-04-10,90.06792449951172,90.83034838334306,89.18147365020711,89.18147365020711,12761309
2002-04-11,90.83033752441406,91.97214587132113,90.70266155571301,90.95801915929223,18131834
2002-04-12,92.73455810546875,93.11394261240669,89.4331604268829,90.45094169628702,20253108
2002-04-15,90.06792449951172,93.74870758385627,90.06792449951172,92.73458075058672,28797123
2002-04-16,90.70267486572266,91.97215936761911,90.32328458964773,90.70267486572266,13695679
2002-04-17,92.22386169433594,93.11396152557198,91.46508686016247,92.60689529667572,29116999
2002-04-18,89.68852233886719,92.09982048370095,89.18145618842736,92.09982048370095,29184341
2002-04-19,88.67440795898438,90.57499131970684,87.5325994683806,89.68854046481906,32181059
2002-04-22,83.47241973876953,87.78429544455417,82.70999595992598,87.53258686359914,56491524
2002-04-23,83.72777557373047,85.24896841520275,81.3164773396068,82.83767584725598,32829226
2002-04-24,83.97949981689453,84.74191805573784,82.5859826791365,83.47243355307806,19537599
2002-04-25,81.69586944580078,83.72777752167455,81.69586944580078,82.83767777449171,20084751
2002-04-26,80.55406188964844,81.06112240934767,79.28457191594154,80.55406188964844,26010848
2002-04-29,80.0469970703125,81.44416303576003,79.03286468124689,79.91931543406709,18081327
2002-04-30,82.83766174316406,82.96533768511947,80.30233132875212,81.3164634945169,31751756
2002-05-01,82.83766174316406,82.83766174316406,82.83766174316406,82.83766174316406,0
2002-05-02,77.76336669921875,83.97947971717515,77.25630622294051,83.60008953167568,33309039
2002-05-03,79.53993225097656,79.91931681582328,77.38399146550219,77.38399146550219,45312751
2002-05-06,74.08624267578125,78.39812426853368,74.08624267578125,78.01873403559125,35312464
2002-05-07,76.2421875,77.00096233979332,73.95857061005997,74.08624658972634,35413475
2002-05-08,71.6749496459961,77.38399154633471,70.91252583117138,77.38399154633471,52324737
2002-05-09,71.16787719726562,74.21026848709795,69.13596920826177,74.21026848709795,63141548
2002-05-10,74.72099304199219,74.84502567650537,69.89840136294995,71.16789152579953,50270808
2002-05-13,71.54727172851562,73.83088860741982,71.04021116449182,73.57918000149473,25556291
2002-05-14,69.39132690429688,72.56140008527382,69.13597496063934,72.05433388374912,40329444
2002-05-15,70.78485870361328,71.6749586020686,69.7707261692347,69.7707261692347,49799414
2002-05-16,67.74246978759766,69.77072928062607,65.83823726984545,69.77072928062607,70380814
2002-05-17,67.23538970947266,69.13597281868194,66.98003210754932,67.23538970947266,47745482
2002-05-20,66.47296142578125,67.61476968805698,64.31702086046745,66.09357689967656,36120569
2002-05-21,66.34529876708984,67.61478324310261,66.09359014976164,66.4729747519233,28426744
2002-05-22,67.48709869384766,67.99416488267157,66.72832391963851,67.23539010846243,30522764
2002-05-23,66.09357452392578,67.48709130297821,64.95176630269265,67.48709130297821,21541023
2002-05-24,69.13597106933594,69.26364703397849,66.47296423977046,66.72832183523249,45127560
2002-05-27,67.99414825439453,68.88424779761004,67.48708218957593,68.24950012920866,16322017
2002-05-28,67.10769653320312,69.01192833292497,66.60063610077742,68.12182873040673,20202601
2002-05-29,66.22126770019531,66.85236660078341,65.96591005831344,66.72833396535628,9074333
2002-05-30,63.554595947265625,67.10769631075229,63.30288740750119,66.98002036526206,42299196
2002-05-31,62.16109848022461,63.43058295740501,62.03341682909589,62.79584071881481,20463550
2002-06-03,61.526363372802734,63.682298956015195,60.8916153944647,60.8916153944647,28595097
2002-06-04,63.68228530883789,63.68228530883789,61.0192839838988,61.0192839838988,30101876
2002-06-05,63.68228530883789,64.5723850959248,63.04754313270423,64.31702748497155,19335573
2002-06-06,62.668148040771484,64.06166477936571,62.668148040771484,63.68227461173652,11650166
2002-06-07,58.48030090332031,62.1610831057078,58.356268301388894,61.526341024110565,39159375
2002-06-10,59.11504364013672,60.12917590782693,58.100911372446504,58.98736201917275,25084897
2002-06-11,55.05487823486328,59.877468818849586,55.05487823486328,59.37040267256342,32273655
2002-06-12,53.154300689697266,54.547817646444265,52.264200912782194,53.913069811387075,34226575
2002-06-13,56.7037467956543,56.83142841936861,53.40600367814958,53.913064156740624,52324737
2002-06-14,56.7037467956543,56.7037467956543,55.18255402752795,55.944977753547626,19722787
2002-06-17,56.57972717285156,57.97324416365249,56.57972717285156,57.33850197926105,20749753
2002-06-18,57.086795806884766,58.228604250095515,56.83143818176788,57.97324662497863,23594955
2002-06-19,55.437904357910156,56.959096927075706,54.54780479077124,56.70373937922257,20783426
2002-06-20,56.831424713134766,56.83142471313477,54.040742256214095,54.93084188172407,19259812
2002-06-21,58.86334991455078,60.512224686360426,55.5619513523542,55.817308992451196,52711955
2002-06-24,59.49808883666992,59.74979744411695,58.10092276449364,58.86334662358125,34184483
2002-06-25,58.86334991455078,60.12919105930389,58.10092601283708,59.87748243778418,28704528
2002-06-26,54.80317306518555,57.33850421579006,54.80317306518555,56.959113964698254,33569989
2002-06-27,54.0407600402832,55.81731085844309,54.0407600402832,54.803178301306886,20236270
2002-06-28,54.296104431152344,55.56193964295924,54.16842280492314,55.56193964295924,22963623
2002-07-01,50.61532974243164,54.040755072645105,50.61532974243164,54.040755072645105,19714371
2002-07-02,49.3494873046875,50.61532834033187,48.45938749273613,48.45938749273613,17138538
2002-07-03,51.25006103515625,51.884803111373614,46.43111684831958,48.58705446323024,32374669
2002-07-04,52.264198303222656,53.02661640496393,50.363615243421016,51.505423553241386,30733206
2002-07-05,51.37773895263672,52.26419528210764,49.47350698497167,51.75712913878529,35657590
2002-07-08,54.93084716796875,54.93084716796875,52.140164442488015,52.26419705231343,41768878
2002-07-09,57.33849334716797,57.46616930199585,54.54781076748452,55.31022881114582,53528475
2002-07-10,55.56193923950195,57.21446266962838,55.182554713730916,56.07265440835682,22433305
2002-07-11,51.75713348388672,54.040750163237334,51.75713348388672,54.040750163237334,48376814
2002-07-12,53.4060173034668,54.040759567712044,51.88481848106494,51.88481848106494,53520059
2002-07-15,53.4060173034668,54.8031778220686,52.012500137354294,53.40601730346679,39218301
2002-07-16,52.264198303222656,54.67549088741745,52.264198303222656,54.040748750230236,27635473
2002-07-17,49.47351837158203,52.01249869028052,48.83877612499636,51.75714105098434,41979323
2002-07-18,48.966453552246094,50.615328176597636,48.587063311517625,49.85655336131811,29680989
2002-07-19,47.82464599609375,48.459388199212334,46.93819235639305,47.69696435210034,24950212
2002-07-22,47.82464599609375,48.71474582102165,46.43112613109037,46.55515875676783,34740058
2002-07-23,49.09412384033203,49.09412384033203,47.82463960377615,48.079991525277215,30733206
2002-07-24,46.5551643371582,48.20768537419075,46.43113169661342,47.95232772177268,29159087
2002-07-25,46.93817901611328,48.966440507783915,46.93817901611328,48.45937442659427,40775585
2002-07-26,44.14750289916992,45.16163237024213,43.76446652176795,44.39921146631555,33772015
2002-07-29,47.18989562988281,47.18989562988281,44.3992128629396,44.654567622818355,53511641
2002-07-30,50.48764419555664,50.48764419555664,49.34948485846215,49.34948485846215,63806550
2002-07-31,50.743011474609375,51.50543541816145,49.98058753105731,50.48765382049951,43065212
2002-08-01,50.61532974243164,51.122395974388226,49.728873258009784,50.48764809676275,24217868
2002-08-02,53.026615142822266,53.026615142822266,49.601190294893264,49.72886625640838,36027973
2002-08-05,49.3494873046875,51.25007053419672,49.34948730468751,50.487646698199896,28973896
2002-08-06,49.09412384033203,49.98057452845956,46.93818608256024,46.93818608256024,38443866
2002-08-07,51.62944412231445,52.264191847271164,50.99835108102014,51.250059627275874,38494373
2002-08-08,53.154300689697266,54.93085122540829,51.37774448780904,52.01249232286623,67367258
2002-08-09,55.18256378173828,55.5619483698526,54.168431312942346,55.18256378173828,50775872
2002-08-12,54.0407600402832,55.437926237280884,53.91307838287731,55.05489259741941,21995580
2002-08-13,53.7890510559082,54.16843567457047,53.406017418570706,53.91307802761945,18830506
2002-08-14,57.46617126464844,57.466171264648445,53.661356287007386,53.789037912372486,58132987
2002-08-15,57.46617126464844,59.11504567780724,57.466171264648445,58.7356554856722,70439737
2002-08-16,57.72152328491211,58.86333143667843,56.70374206259458,57.59384167185537,39942226
2002-08-19,53.7890510559082,57.721542953655316,53.7890510559082,57.721542953655316,46937377
2002-08-20,53.281986236572266,54.16843715468296,52.64724395361512,53.78905252565429,37038101
2002-08-21,54.0407600402832,54.16843603151099,53.28198513178069,53.40601777048731,29655736
2002-08-22,55.81730270385742,57.08679272416215,54.547818349729965,55.182560526793694,43957494
2002-08-23,55.81730270385742,57.46617728989846,55.81730270385742,56.83143511283474,38039813
2002-08-26,55.94497299194336,56.83142358231651,54.93084078872316,55.43790689033326,26776864
2002-08-27,55.437904357910156,57.338487064684216,54.29609626017724,56.196678966951296,35304045
2002-08-28,55.05487823486328,55.18255419278334,53.28197123173537,55.18255419278334,53107588
2002-08-29,54.707313537597656,56.135771414373075,53.45511785927055,56.135771414373075,59572768
2002-08-30,53.45513153076172,54.527392086295315,52.919004104857905,54.527392086295315,14267227
2002-09-02,52.919010162353516,53.09527242605829,51.31061629308166,53.09527242605829,11913694
2002-09-03,53.99126434326172,54.8835894505034,53.09526603651948,53.63506665877478,20859701
2002-09-04,54.17120361328125,55.419720789510805,53.27520524322299,53.27520524322299,21190398
2002-09-05,55.06352615356445,56.49198442000143,54.88359070744982,55.06352615356445,32038989
2002-09-06,55.06352615356445,55.06352615356445,55.06352615356445,55.06352615356445,0
2002-09-09,58.81643295288086,58.81643295288087,55.59965136041761,56.491982156060885,37403158
2002-09-10,61.67702102661133,62.213148426736964,58.10404184522805,59.35256458425845,44218962
2002-09-11,61.67702102661133,62.213148426736964,60.42849828758093,61.32082335715894,23939051
2002-09-12,63.465362548828125,63.825233520734095,61.14090544048574,61.14090544048574,42797391
2002-09-13,61.14088821411133,63.289082431647444,60.42849857553755,62.57301959371065,32773396
2002-09-16,58.46025085449219,61.140899782549916,58.10405311594644,61.140899782549916,21211872
2002-09-17,62.21316146850586,62.21316146850585,58.99637928223968,58.99637928223968,35676661
2002-09-18,59.71243667602539,60.964626936321686,59.71243667602539,59.89236641038378,18875518
2002-09-19,61.14088821411133,62.57301959371065,60.60476081143092,60.96462597821797,28903808
2002-09-20,60.78470230102539,60.78470230102538,58.46025110168472,59.35257634812439,17703044
2002-09-23,59.35257339477539,61.140896998742356,59.176311133556936,61.140896998742356,14967275
2002-09-24,57.031795501708984,60.78470534557769,56.31572678566559,59.35257932094512,37111114
2002-09-25,53.095272064208984,56.13579181459988,53.095272064208984,55.24346660605615,31360417
2002-09-26,53.27519989013672,54.70732557693551,52.7390667796406,53.99126273353611,44824524
2002-09-27,53.45513153076172,54.88358977287446,53.27520179143705,54.527392086295315,24278340
2002-09-30,53.99126434326172,53.99126434326172,50.95074493804862,52.38287066754561,15332330
2002-10-01,53.635074615478516,53.99127235280699,52.55914070712893,52.7390761758159,14116911
2002-10-02,54.17120361328125,55.955853953877515,54.17120361328124,54.88359332887044,33220053
2002-10-03,52.73906326293945,54.17119455796785,52.739063262939446,53.27519633768559,13421157
2002-10-04,50.59454345703125,53.09526205233928,50.05841607450661,52.20293130833068,25498054
2002-10-07,47.197837829589844,49.342359276367304,47.197837829589844,48.80623176653637,25326262
2002-10-08,48.27008819580078,48.806221294322,46.48176487507834,47.19782770248399,31411953
2002-10-09,46.125572204589844,48.806226580060866,46.125572204589844,48.09015797137899,25021334
2002-10-10,46.125572204589844,46.125572204589844,46.125572204589844,46.125572204589844,0
2002-10-11,43.80111312866211,47.01789763223392,43.264982853377305,47.01789763223392,30157880
2002-10-14,43.44124221801758,44.69343812784425,42.90511197825251,44.337240466512945,19622806
2002-10-15,46.48176193237305,46.48176193237305,44.87336844236052,44.87336844236052,11419795
2002-10-16,49.698551177978516,49.698551177978516,49.698551177978516,49.698551177978516,7790712
2002-10-17,53.095272064208984,53.095272064208984,51.84674913074065,53.095272064208984,78547065
2002-10-18,56.13579559326172,56.315725364067816,52.55914241477033,55.24347032465302,81514752
2002-10-21,57.74418640136719,57.92412188383147,55.063537277218245,55.243472759682525,56845586
2002-10-22,56.13579559326172,58.81644459925264,55.77959784436042,58.4602525540783,47680545
2002-10-23,59.892372131347656,59.892372131347656,55.599656418131886,55.599656418131886,72676113
2002-10-24,61.85696029663086,63.10915642811572,60.248572144488726,62.03689575877877,91521568
2002-10-25,59.892372131347656,60.96463275970869,58.816438303215,60.06863438684781,46881718
2002-10-28,58.10405349731445,61.32083565433328,58.10405349731445,60.78470244296672,43037898
2002-10-29,57.56789779663086,58.10403079855317,56.671899698053515,57.20803269997582,37158356
2002-10-30,57.208045959472656,58.816433930577354,56.67191283328714,57.74417338193225,40950639
2002-10-31,58.10405349731445,59.71244742768729,57.92411802683156,58.28031576771522,47577471
2002-11-01,57.031795501708984,58.64018380515926,56.85186002263375,58.2803185507359,32515709
2002-11-04,55.24346923828125,58.81644344261776,54.171208516225676,58.81644344261776,49492939
2002-11-05,56.13579559326172,56.13579559326172,54.707337101218656,55.59966236982736,48045602
2002-11-06,59.53250503540039,59.71244048496231,55.59965465380196,56.671915248137225,65783007
2002-11-07,57.924110412597656,60.428502462368925,57.92411041259766,59.892369321478085,42312083
2002-11-08,57.74418640136719,59.35258043883833,57.38799434049257,57.38799434049257,37553476
2002-11-11,54.707313537597656,57.38796709270018,54.707313537597656,57.38796709270018,36561384
2002-11-12,55.24346923828125,55.59966127645102,53.63507530333446,53.63507530333446,29346168
2002-11-13,53.45513153076172,55.419717198778265,52.73906866180727,55.24346065897573,43690705
2002-11-14,53.27519989013672,55.06352325080257,53.27519989013671,54.34746040740317,33061145
2002-11-15,53.635074615478516,54.70733532378262,53.45513914679154,54.70733532378262,41431654
2002-11-18,53.27519989013672,54.17119817016516,52.02300393624121,53.63506505966905,24617626
2002-11-19,52.919010162353516,53.99127084062588,52.559139235058794,53.27520788970565,23019971
2002-11-20,51.31062316894531,53.2752150288338,51.31062316894531,52.9190172537495,25064283
2002-11-21,50.95075225830078,52.55914046137307,50.774489990483445,52.2029427257101,32283791
2002-11-22,53.811336517333984,54.34746971969507,52.739075816338556,52.919011283799065,55222163
2002-11-25,52.73906326293945,53.635061483221705,52.02300046728794,53.635061483221705,22581904
2002-11-26,50.95075225830078,53.27520913272729,50.95075225830078,52.73907592921869,28336898
2002-11-27,49.878482818603516,50.238347987536265,49.34234970900068,50.05841825493277,22053647
2002-11-28,50.95075225830078,51.130682022419656,49.87849155501034,50.594554522637814,34456945
2002-11-29,52.20292663574219,52.38286204812819,51.48686388881932,51.66679930120532,34834887
2002-12-02,52.73906326293945,52.739063262939446,51.4868673925418,52.20293018819331,15839113
2002-12-03,53.45513153076172,54.527392086295315,52.73906866180727,52.73906866180727,42470989
2002-12-04,52.20292663574219,53.635057833312906,52.20292663574219,53.095257299879904,16066737
2002-12-05,52.919010162353516,53.45513764962639,52.38287697135402,52.38287697135402,20288497
2002-12-06,53.811336517333984,54.52739948342883,53.09527355123914,53.45513878243341,34633032
2002-12-09,53.635074615478516,55.599660563399766,53.635074615478516,55.24346852979807,33318832
2002-12-10,52.38287353515625,53.095268943128985,51.66681063120812,52.91900669098662,21753013
2002-12-11,52.023006439208984,53.0952670080648,51.66680874820429,52.382871626055405,20790986
2002-12-12,50.23834228515625,52.38286307269896,49.69854174116514,52.202927656793555,24518845
2002-12-13,50.05842590332031,50.95075111880864,49.69855497567741,50.05842590332031,30849339
2002-12-16,50.41461181640625,50.59454725841726,49.69854895158903,49.69854895158903,12300222
2002-12-17,50.59454345703125,51.84673935429773,50.59454345703125,51.48686849731435,24359940
2002-12-18,51.48687744140625,51.84674836090495,50.95074996574772,51.31061518151992,23621239
2002-12-19,52.919010162353516,54.17120630427324,51.48687855678643,51.48687855678643,47362732
2002-12-20,54.88359451293945,55.243465430121255,52.38287549931655,53.63507160604768,58967204
2002-12-23,53.635074615478516,55.419725094712796,53.635074615478516,55.24346852979807,25901763
2002-12-24,52.919010162353516,54.883596055250884,52.919010162353516,53.81133537697852,21156040
2002-12-25,52.023006439208984,53.0952670080648,52.023006439208984,52.73906931706011,13597244
2002-12-26,53.99126434326172,53.99126434326172,52.38287066754561,52.73906835203255,16599288
2002-12-27,52.38287353515625,53.63506959493475,52.02300833519449,53.63506959493475,20722268
2002-12-30,50.95075225830078,51.846750693773885,50.774489990483445,51.846750693773885,12600856
2002-12-31,50.95075225830078,51.48687975808262,50.774489990483445,50.774489990483445,12819890
2003-01-01,50.95075225830078,50.95075225830078,50.95075225830078,50.95075225830078,0
2003-01-02,51.31062316894531,52.023018719113914,50.95075789715358,51.130687681185755,11707544
2003-01-03,52.73906326293945,53.095260913054844,51.666802817172545,52.5591278383087,27383458
2003-01-06,52.559139251708984,53.27520790658268,52.20294152424401,53.09527244287832,23303426
2003-01-07,52.20292663574219,54.171190871574765,52.20292663574219,53.095257299879904,31506438
2003-01-08,52.20292663574219,52.73905967400405,51.310601675329465,52.20292663574219,23947641
2003-01-09,52.023006439208984,53.27520245335103,52.023006439208984,52.20293618076918,25399275
2003-01-10,52.38287353515625,53.81133184707712,52.38287353515625,53.27520439497299,31145678
2003-01-13,55.24346923828125,55.59966127645102,52.7390768521809,52.7390768521809,62570518
2003-01-14,53.99126434326172,55.41971687325815,53.81132890126798,55.41971687325815,31407659
2003-01-15,53.095272064208984,54.70733341871046,53.095272064208984,54.17120593509134,20778101
2003-01-16,51.84675216674805,53.095275173326556,51.66681669379042,52.73907742754396,25059988
2003-01-17,51.13067626953125,52.20293685217796,51.13067626953125,51.84674486031813,18617832
2003-01-20,51.48687744140625,51.48687744140625,50.59455224611204,50.95074996574772,11235119
2003-01-21,51.66680908203125,52.559134211366285,51.13067594227629,51.84674452848007,19670049
2003-01-22,50.59454345703125,52.20293130833068,50.2383457992728,51.84673935429773,17303631
2003-01-23,50.774478912353516,51.66680395310814,50.774478912353516,50.774478912353516,15585722
2003-01-24,50.774478912353516,52.02300161105482,50.774478912353516,51.84673938169492,19558385
2003-01-27,50.59454345703125,50.774478885522946,49.87848064601492,50.59454345703125,16277181
2003-01-28,50.23834228515625,50.9507375508419,50.23834228515625,50.59453991799907,13330968
2003-01-29,50.23834228515625,50.23834228515625,50.23834228515625,50.23834228515625,0
2003-01-30,50.23834228515625,50.23834228515625,50.23834228515625,50.23834228515625,0
2003-01-31,50.23834228515625,50.23834228515625,50.23834228515625,50.23834228515625,0
2003-02-03,50.23834228515625,50.23834228515625,50.23834228515625,50.23834228515625,0
2003-02-04,50.23834228515625,50.23834228515625,50.23834228515625,50.23834228515625,0
2003-02-05,50.23834228515625,50.23834228515625,50.23834228515625,50.23834228515625,0
2003-02-06,46.83796691894531,50.41461696433786,46.83796691894531,50.23835470382928,19090255
2003-02-07,46.661705017089844,47.01790274072081,45.05331401648402,46.837967278953215,20279908
2003-02-10,46.661705017089844,47.01790274072081,45.94564207365026,46.301836945417946,9195104
2003-02-11,46.661705017089844,47.37777081239271,46.48177240718554,47.37777081239271,11389732
2003-02-12,45.76569747924805,46.66169570565702,45.76569747924805,46.125565479107586,8563771
2003-02-13,45.76569747924805,46.301827705797486,45.58943525255815,45.58943525255815,12630919
2003-02-14,46.661705017089844,47.19783535062512,45.94564207365026,46.301836945417946,18746674
2003-02-17,47.91389846801758,48.27009619294173,47.197835521978305,48.27009619294173,14576452
2003-02-18,46.125572204589844,47.73396311875458,46.125572204589844,47.73396311875458,12858542
2003-02-19,45.76569747924805,46.83795793234692,45.58943525255815,46.83795793234692,12184264
2003-02-20,46.48176193237305,46.83795672387111,45.765696298437845,45.765696298437845,10814233
2003-02-21,46.30182647705078,47.01789211045856,46.30182647705078,46.837956689372525,5621853
2003-02-24,46.661705017089844,47.01790274072081,46.125574683554575,46.48177240718554,8422045
2003-02-25,45.58943557739258,46.301828035707864,45.58943557739258,46.301828035707864,7700523
2003-02-26,45.94564437866211,46.30183926829946,45.58944663716134,45.94564437866211,7077782
2003-02-27,45.76569747924805,45.94563290510917,45.40950267855973,45.76569747924805,4977638
2003-02-28,45.76569747924805,45.76569747924805,45.76569747924805,45.76569747924805,0
2003-03-03,48.62628936767578,48.806224813259234,46.48176822642185,46.837963066151886,27950368
2003-03-04,48.27008819580078,48.450023628410854,47.554022516532314,47.91389052988964,14692410
2003-03-05,47.017906188964844,47.91390180802012,46.837970714000974,47.73396918491974,8087053
2003-03-06,46.661705017089844,47.554030222392804,46.661705017089844,47.37777081239271,7331173
2003-03-07,46.661705017089844,47.9138982940647,45.94564207365026,46.301836945417946,7975388
2003-03-10,47.554039001464844,47.73397449645078,46.66171363142743,46.83797592583103,7949620
2003-03-11,47.554039001464844,48.09016943397652,46.83797592583103,46.83797592583103,6171584
2003-03-12,48.80622863769531,48.986158393651934,47.91389773900306,48.270095458507626,12901490
2003-03-13,47.73395919799805,48.986152304823015,47.19782893731296,48.626287133913415,13550001
2003-03-14,47.73395919799805,48.986152304823015,47.73395919799805,48.986152304823015,18441745
2003-03-17,47.197837829589844,48.09016308176026,47.197837829589844,47.37777330080816,5604674
2003-03-18,48.80622863769531,49.69855383266107,48.45003091819074,48.6262931780122,24351350
2003-03-19,48.09014892578125,48.80621739977302,47.91388670654523,48.09014892578125,9212283
2003-03-20,49.16242599487305,49.52229695333855,48.45003618219067,48.806233940395416,25691319
2003-03-21,48.98615646362305,49.34235416909361,48.450029009285,48.98615646362305,7825072
2003-03-24,48.98615646362305,49.522289621687364,48.80622671475556,49.16241871649986,9212283
2003-03-25,48.27008819580078,48.62628586171193,48.090152763190716,48.27008819580078,7511552
2003-03-26,47.73395919799805,48.626287133913415,47.73395919799805,48.27008945868313,8018335
2003-03-27,48.27008819580078,48.450023628410854,47.554022516532314,47.733957949142386,6059920
2003-03-28,48.45002365112305,48.45002365112305,47.91389055235051,48.270088218428626,5939668
2003-03-31,46.83796691894531,48.27009564668007,46.83796691894531,48.27009564668007,7387005
2003-04-01,47.017906188964844,47.19783881206523,46.48177581611033,46.66170843921071,6618240
2003-04-02,47.017906188964844,47.19783881206523,46.30184034114646,47.19783881206523,5458653
2003-04-03,47.73395919799805,48.450024896000826,47.73395919799805,48.27008945868313,14271522
2003-04-04,48.09014892578125,48.270084344033165,47.37775935453055,47.55401872190399,8967481
2003-04-07,50.59454345703125,50.774478885522946,48.0901516624983,48.27008709098999,33361779
2003-04-08,50.41461181640625,50.77448270042827,49.87848439360005,50.41461181640625,15276498
2003-04-09,51.13067626953125,51.48687396511719,49.878485943010176,50.238351134485015,16887038
2003-04-10,50.05842590332031,51.31061634272491,50.05842590332031,51.13068087890347,11570111
2003-04-11,50.41461181640625,50.95074494293838,49.69854895158903,50.05841983561106,14335945
2003-04-14,49.698551177978516,50.7744849750173,49.698551177978516,50.59454952494556,6717019
2003-04-15,49.878482818603516,50.4146102244806,49.69854738227426,49.878482818603516,5617558
2003-04-16,51.13067626953125,51.84674486031813,50.41461338247048,50.41461338247048,20593426
2003-04-17,51.48687744140625,51.48687744140625,50.59455224611204,51.13067972177057,10943075
2003-04-18,52.559139251708984,53.27520790658268,52.38287698794838,52.559139251708984,25197420
2003-04-21,53.45513153076172,53.45513153076172,52.20293553217749,52.559133218756635,16831206
2003-04-22,52.20292663574219,53.2751927122659,52.20292663574219,53.2751927122659,15701682
2003-04-23,53.095272064208984,54.34746819759487,52.91900980170546,53.27520752663007,20709383
2003-04-24,51.66680908203125,52.73906965781511,51.66680908203125,52.73906965781511,17488305
2003-04-25,49.698551177978516,51.66681012231889,49.342353477500495,50.950747225423584,18566293
2003-04-28,48.45002365112305,48.80622131720117,46.48176489686786,48.090152785734205,14430429
2003-04-29,50.95075225830078,50.95075225830078,48.98616061583878,49.16242288365611,23642712
2003-04-30,50.95075225830078,52.73907592921869,50.774489990483445,52.73907592921869,19932030
2003-05-01,50.95075225830078,50.95075225830078,50.95075225830078,50.95075225830078,0
2003-05-02,51.48687744140625,51.48687744140625,50.59455224611204,50.95074996574772,9547275
2003-05-05,51.13067626953125,51.66680941271766,50.77448427767143,51.31061171713173,7103550
2003-05-06,51.66680908203125,51.84674452848007,51.13067594227629,51.13067594227629,7971093
2003-05-07,51.84675216674805,52.202944208803736,51.4868812208328,52.202944208803736,7932441
2003-05-08,51.13067626953125,51.84674486031813,50.41461338247048,51.84674486031813,9542980
2003-05-09,51.48687744140625,51.6668129011556,51.13067972177057,51.13067972177057,4853091
2003-05-12,51.48687744140625,52.202940376814134,51.31061518151992,51.48687744140625,8611013
2003-05-13,52.20292663574219,52.559124261618045,52.02299692708118,52.20292663574219,10917306
2003-05-14,51.84675216674805,52.202944208803736,51.84675216674805,52.202944208803736,4578223
2003-05-15,51.48687744140625,51.84674836090495,51.31061518151992,51.6668129011556,4530981
2003-05-16,51.48687744140625,52.202940376814134,51.48687744140625,51.84674836090495,6884516
2003-05-19,51.31062316894531,51.31062316894531,50.95075789715358,51.130687681185755,3075055
2003-05-20,51.48687744140625,51.6668129011556,50.59455224611204,50.59455224611204,3865293
2003-05-21,51.13067626953125,51.48687396511719,51.13067626953125,51.13067626953125,4333423
2003-05-22,51.84675216674805,52.023014439573025,50.950753705819494,51.130683475050205,7683344
2003-05-23,52.73906326293945,53.27519633768559,52.02300046728794,52.20293018819331,21967752
2003-05-26,53.095272064208984,53.63507274774565,52.91900980170546,53.095272064208984,15027402
2003-05-27,52.73906326293945,53.27519633768559,52.5591278383087,53.27519633768559,9903740
2003-05-28,53.095272064208984,54.52739795628938,52.91900980170546,53.63507274774565,25051397
2003-05-29,53.095272064208984,53.45513728532457,52.55913887686329,53.095272064208984,15216372
2003-05-30,55.06352615356445,55.24346159967909,52.91900500597968,53.095267252509636,47474398
2003-06-02,58.81643295288086,58.81643295288087,55.77958679932125,55.77958679932125,64842451
2003-06-03,60.42850875854492,60.428508758544915,58.64017940643858,58.81644167203448,49767804
2003-06-04,60.42850875854492,60.428508758544915,60.428508758544915,60.428508758544915,0
2003-06-05,59.35257339477539,60.4285072578135,58.4602481927373,60.4285072578135,38236344
2003-06-06,58.46025085449219,58.99637835861301,57.74418217734267,58.99637835861301,20666436
2003-06-09,56.85185241699219,58.10404849875783,54.52739570846437,58.10404849875783,67329123
2003-06-10,56.85185241699219,57.56791533351357,55.24346432871209,55.77959179023001,33683888
2003-06-11,58.64017105102539,60.06862926844039,57.208045337877635,57.208045337877635,59697315
2003-06-12,58.99638748168945,60.06864835947005,58.816451984562725,60.06864835947005,28195170
2003-06-13,60.06863021850586,61.32082621524504,57.03178399943036,57.74417366781301,52752670
2003-06-16,60.06863021850586,62.03688908314441,60.06863021850587,61.140890772459535,38622874
2003-06-17,60.24856185913086,61.32082234541642,60.06862642770069,60.784689250410835,34697453
2003-06-18,60.78470230102539,62.21316075757966,60.60477253468949,60.60477253468949,33318832
2003-06-19,62.929229736328125,63.289094974434136,60.96463806033814,61.140900331163586,32047579
2003-06-20,60.42850875854492,62.57303013809839,60.06863782738911,62.39309467252048,32872175
2003-06-23,60.42850875854492,60.96463625156994,59.53251033436408,60.428508758544915,17849067
2003-06-24,60.42850875854492,61.140898517165844,60.06863782738911,60.06863782738911,13434041
2003-06-25,61.14088821411133,62.21314872319788,60.60476081143092,60.96462597821797,24527437
2003-06-26,61.67702102661133,62.393083861135906,61.50075879155789,61.67702102661133,23470923
2003-06-27,61.32083511352539,63.289094263778466,61.1408996446294,62.57303129197104,34340987
2003-06-30,62.0368766784668,62.0368766784668,60.604751229030875,61.32081395374884,13184945
2003-07-01,64.00148010253906,64.00148010253906,61.677023564537926,61.85695330261505,26618989
2003-07-02,62.929229736328125,64.7175534377658,62.929229736328125,64.18142022510749,26683412
2003-07-03,63.465362548828125,64.8974943319288,63.28910026327308,64.00149580628914,28311130
2003-07-04,64.53760528564453,64.8974761567652,63.46534477474672,63.82521564586738,13588654
2003-07-07,69.00659942626953,69.00659942626953,65.07374840112679,65.96975259589723,41569087
2003-07-08,69.54637145996094,70.79489399327674,68.83030874341944,70.43869638251377,33353189
2003-07-09,67.75807189941406,70.43872079486054,67.22193869808874,69.00659486543755,23243300
2003-07-10,67.75807189941406,68.6503971312251,67.3982009651883,67.75807189941406,20808165
2003-07-11,67.75807189941406,69.54639556304949,67.3982009651883,67.3982009651883,25850224
2003-07-14,69.18651580810547,69.90257862249265,68.29418505989624,68.47044728999275,23264773
2003-07-15,68.83036041259766,70.08255708464553,68.65042487277304,69.54642366666938,20370097
2003-07-16,69.00659942626953,69.72266243830755,68.65040166851502,69.18653490527484,15658734
2003-07-17,66.32592010498047,68.83031167578687,66.14599039628807,68.47044085095209,21061556
2003-07-18,66.32592010498047,67.04198285202827,65.78979277035006,67.04198285202827,17028766
2003-07-21,65.78981018066406,67.2219360537509,65.78981018066406,66.68580857724217,13962298
2003-07-22,65.78981018066406,66.50587311720747,65.25367700042882,65.78981018066406,12660982
2003-07-23,68.29419708251953,69.54639320611938,66.14600826118726,66.14600826118726,31506438
2003-07-24,72.94310760498047,72.94310760498047,69.1865250949783,69.1865250949783,44974840
2003-07-25,74.5514907836914,76.69601171428492,72.94309723388352,72.94309723388352,50313240
2003-07-28,73.8354263305664,77.58834101729403,73.65549659649174,76.51608049304696,35290131
2003-07-29,74.01536560058594,74.72775528611676,72.94310502082152,73.83543015346915,20430223
2003-07-30,73.29930114746094,74.55149714755568,73.11936570419324,73.83542857401147,18338672
2003-07-31,73.47924041748047,74.19163588389794,73.11937518799546,73.65550838781006,12330285
2003-08-01,75.0876235961914,75.62375671948551,74.19162529477465,74.72775271434286,21078735
2003-08-04,76.33984375,77.41210463235173,75.62378066279419,75.62378066279419,19515438
2003-08-05,72.40331268310547,76.69602869386108,72.40331268310547,76.33983095840011,29672572
2003-08-06,71.51097106933594,72.04710419250694,70.79490820900787,70.79490820900787,20580541
2003-08-07,70.08251953125,72.4033028904424,68.47045264337153,71.51097207246606,25274725
2003-08-08,69.00659942626953,71.33105644485991,68.47046618950971,70.25879567506738,18115343
2003-08-11,68.47045135498047,69.36645535562633,67.75806169754199,69.00658447558386,10857180
2003-08-12,70.43871307373047,70.79491076889835,69.18652274867905,69.54638793973153,12854248
2003-08-13,54.826202392578125,55.487184422199434,52.971093921976134,53.23494259833266,26683412
2003-08-14,54.42905807495117,54.82619709355831,53.76535543201755,54.82619709355831,22165312
2003-08-15,55.09003829956055,56.54801322990319,55.09003829956055,55.48717730561606,26868085
2003-08-18,55.22334671020508,56.5480317099183,54.295795142605805,56.5480317099183,51794937
2003-08-19,77.26763153076172,77.26763153076172,77.26763153076172,77.26763153076172,10019953
2003-08-20,77.51099395751953,78.98985631182306,77.26763583068457,77.75809131384109,33865652
2003-08-21,78.74275970458984,79.4803184208413,76.77344170295795,77.51100041920941,16130428
2003-08-22,82.18716430664062,83.41892312993319,79.48028860422751,79.48028860422751,28445638
2003-08-25,84.6469497680664,84.6469497680664,81.44961823990258,83.66229389470581,13707918
2003-08-26,82.18716430664062,84.15648156949345,82.18716430664062,84.15648156949345,14539772
2003-08-27,81.94007110595703,84.1564917360748,81.94007110595703,83.17183007805306,14565693
2003-08-28,80.46495056152344,83.17182046272063,80.21784746073033,82.6813651201199,12529654
2003-08-29,83.66228485107422,83.66228485107422,81.20251214040522,81.69670673050337,12553219
2003-09-01,84.6469497680664,85.631605641427,83.17183266486425,84.89405290511202,14146231
2003-09-02,87.11046600341797,87.11046600341797,84.15649262859624,84.89405116507994,16493333
2003-09-03,86.12580871582031,89.07604281261916,86.12580871582031,88.09512620466462,18331423
2003-09-04,86.12580871582031,87.11046455259952,84.89404975117571,86.12580871582031,13323803
2003-09-05,86.3691635131836,88.83268732989079,86.3691635131836,87.11046710319927,13606586
2003-09-08,90.55490112304688,90.79825921226576,86.6162660569252,86.6162660569252,20954238
2003-09-09,94.24642181396484,96.70620027625371,91.78290412321338,92.27711033109111,33005519
2003-09-10,94.24642181396484,95.47444143087797,92.52420761974464,93.99932452531131,15187816
2003-09-11,94.24642181396484,94.24642181396484,94.24642181396484,94.24642181396484,0
2003-09-12,93.01467895507812,95.23109378425684,92.76757582411841,93.99933480418763,10660928
2003-09-15,92.52421569824219,93.5051322968625,92.27711838801403,93.01467690519526,7609225
2003-09-16,94.48979949951172,94.48979949951172,91.78292318635614,91.78292318635614,10538388
2003-09-17,94.73690032958984,96.45911483924148,94.73690032958984,96.45911483924148,12091339
2003-09-18,94.73690032958984,95.2311008126973,93.50514125861181,94.73690032958984,7599799
2003-09-19,96.95331573486328,97.69088014115839,95.47445932368252,95.96865980889271,16926933
2003-09-22,93.75224304199219,96.70621657958729,93.75224304199219,95.96865800246177,8530627
2003-09-23,93.01467895507812,94.24643211986138,92.52421773731615,93.26177627075188,12468384
2003-09-24,92.76758575439453,93.999344866317,91.0453653722088,93.26178625392953,13832814
2003-09-25,91.53955841064453,92.0300137944883,91.04535216749986,91.04535216749986,7649287
2003-09-26,91.53955841064453,92.52421422234724,91.53955841064453,91.53955841064453,7050728
2003-09-29,92.76758575439453,93.26178625392953,91.2924685296196,92.03002714200706,7309947
2003-09-30,91.2924575805664,93.75223628012894,91.2924575805664,93.75223628012894,7274598
2003-10-01,91.2924575805664,91.7829129767209,89.8173405327079,91.2924575805664,7093145
2003-10-02,93.99932861328125,93.99932861328125,92.03001122947785,92.5242116435627,10592589
2003-10-03,93.75224304199219,94.48979580383141,93.26178179517738,94.48979580383141,8132375
2003-10-06,94.24642181396484,94.98398026674818,93.50512413271892,94.73688297809464,10488902
2003-10-07,94.9839859008789,96.45910289394456,93.99933010103557,94.48978547897221,13451056
2003-10-08,93.50513458251953,95.4744521007625,93.01467917886352,94.9839908818205,10295665
2003-10-09,93.50513458251953,93.75223771407376,92.27712064365326,93.50513458251953,8679088
2003-10-10,93.50513458251953,93.50513458251953,93.50513458251953,93.50513458251953,0
2003-10-13,92.277099609375,94.24641086343361,92.277099609375,93.99931360349042,8631958
2003-10-14,90.06072235107422,93.2617996470047,89.57026682566456,93.2617996470047,15131261
2003-10-15,88.09513854980469,91.04536724474553,87.35383487761244,90.55491177968163,15828793
2003-10-16,89.0760498046875,89.8173476159004,86.86337405840328,87.35382949323615,12918480
2003-10-17,90.30778503417969,90.55488813214407,88.83267397956367,89.32312931654988,11617678
2003-10-20,91.53955841064453,91.53955841064453,89.32313785038106,90.30779366208375,7430130
2003-10-21,91.53955841064453,92.7675722999044,90.55489678365609,92.0300137944883,10201405
2003-10-22,92.03001403808594,92.52421446725299,90.79825510155051,91.53955865294397,9225804
2003-10-23,92.52421569824219,92.52421569824219,91.04535361980481,91.2924567453188,10724554
2003-10-24,91.2924575805664,94.24643090510672,91.2924575805664,92.52421654475933,9583994
2003-10-27,90.06072235107422,92.0300403581926,90.06072235107422,91.29248163988632,5021759
2003-10-28,89.81734466552734,91.29246178126131,89.57024734166862,90.55490322339432,9713605
2003-10-29,90.30778503417969,91.53954966505906,90.30778503417969,91.53954966505906,7590373
2003-10-30,89.32315063476562,91.53957151225455,88.58559202378638,90.79826785672412,8997220
2003-10-31,86.12580871582031,89.32314012519866,85.3882501916206,89.32314012519866,18856929
2003-11-03,83.90938568115234,85.8787031132482,83.66228837569328,85.8787031132482,11957018
2003-11-04,81.94007110595703,85.87870610747214,81.69671302073002,84.64694713537611,16703064
2003-11-05,83.66228485107422,84.15648525645784,81.44960943545429,81.94006479699306,15824080
2003-11-06,82.92472839355469,84.1564873007327,82.18716990376508,83.6622868833443,11834479
2003-11-07,83.41893768310547,83.90939310872128,81.94007550230354,83.66229578138942,11462148
2003-11-10,83.17182922363281,83.66229043318155,82.43427070254819,83.17182922363281,8186574
2003-11-11,82.43426513671875,82.68136824685648,81.6967066654329,82.68136824685648,8648454
2003-11-12,81.94007110595703,82.43427154939154,80.4649598639199,82.43427154939154,9390760
2003-11-13,81.94007110595703,83.17183007805306,81.94007110595703,82.92473276397877,5872465
2003-11-14,84.15647888183594,84.64693420622406,81.94005859025889,82.18716168187606,13922362
2003-11-17,82.43426513671875,83.6622847844382,82.43426513671875,83.6622847844382,5231488
2003-11-18,82.6813735961914,83.66229019723664,81.94007003310269,82.18717315922754,6164674
2003-11-19,82.43426513671875,83.1718236080046,81.94006473172875,82.43426513671875,5926665
2003-11-20,81.94007110595703,83.66229129264029,81.69671302073002,82.43427154939154,7906147
2003-11-21,81.44961547851562,81.44961547851562,80.21785650986975,81.20251816513345,6336701
2003-11-24,80.21785736083984,81.69671365855595,80.21785736083984,81.44961634255252,4420844
2003-11-25,79.9745101928711,81.4496274631129,79.72741284313072,81.20253011337252,7276955
2003-11-26,80.46495056152344,81.20250900491726,79.97448940363746,79.97448940363746,3652616
2003-11-27,78.9898452758789,80.95541779394854,78.9898452758789,80.46496237931522,4592871
2003-11-28,74.31367492675781,79.727428854224,74.06657171210668,79.23322824020967,17796492
2003-12-01,73.32898712158203,74.06654564524646,71.85387588953904,73.57609024926808,12468384
2003-12-02,77.26763153076172,78.25229330233904,73.819457346175,73.819457346175,18036858
2003-12-03,75.78877258300781,78.00518758059712,75.54541447771439,77.75808443086169,11184076
2003-12-04,79.9745101928711,80.21786831322447,76.03587462285246,76.77343325797337,18357346
2003-12-05,82.18716430664062,82.43426159086415,79.23319132000398,80.21784704378778,15428183
2003-12-08,79.9745101928711,81.20253011337252,79.9745101928711,80.95542694834538,5815908
2003-12-09,79.9745101928711,80.95542694834538,79.2332123283632,80.95542694834538,4809670
2003-12-10,78.74275970458984,79.72742161304949,77.7580977961302,78.74275970458984,5969082
2003-12-11,77.75806427001953,79.23318688179704,77.26760895744061,78.74272575393324,7420703
2003-12-12,77.75806427001953,78.98982883960065,77.75806427001953,78.74272575393324,5865395
2003-12-15,81.44961547851562,81.44961547851562,78.49563632801042,78.98984258534658,7844877
2003-12-16,79.48028564453125,80.21784405662623,78.98983032274337,79.23318836950915,5420011
2003-12-17,77.02051544189453,79.97448840707537,75.78875662754868,79.48028802693264,10550172
2003-12-18,76.77339935302734,77.51095766242508,76.03584104362962,76.28294409953021,6211805
2003-12-19,76.28295135498047,77.758062298793,76.28295135498047,77.26760699864751,3881199
2003-12-22,77.26763153076172,77.51098964405388,75.78877507404306,76.28297557447098,4081504
2003-12-23,77.51099395751953,77.75809131384109,77.020538474363,77.26763583068457,3023423
2003-12-24,77.51099395751953,78.74275314021459,77.51099395751953,77.51099395751953,3970748
2003-12-25,77.02051544189453,77.75806806081246,76.77341234418057,77.51097077838368,2281117
2003-12-26,77.26763153076172,77.51098964405388,77.02053418819105,77.02053418819105,2071386
2003-12-29,76.77339935302734,77.51095766242508,76.52630211241095,77.26759964954435,1776820
2003-12-30,78.74275970458984,78.74275970458984,77.51100041920941,77.51100041920941,7719981
2003-12-31,78.4956283569336,79.97449030407202,78.4956283569336,78.98983456408408,4703627
2004-01-01,78.4956283569336,78.4956283569336,78.4956283569336,78.4956283569336,0
2004-01-02,80.46495056152344,80.46495056152344,78.98983367473578,79.23319173182864,6909337
2004-01-05,80.95540618896484,81.44960657700464,80.21784774297593,81.20250929062738,6716101
2004-01-06,79.48028564453125,81.9400581558383,78.98983032274337,81.69670010907252,8648454
2004-01-07,80.46495056152344,81.20250900491726,78.25227523134195,79.72739211812961,10298023
2004-01-08,80.95540618896484,82.68136541103337,80.46495084463847,80.95540618896484,11504564
2004-01-09,81.2025146484375,82.1871704457721,81.2025146484375,81.69670925379941,10778755
2004-01-12,81.2025146484375,81.9400673278055,80.71205345646482,81.2025146484375,5078314
2004-01-13,83.17182922363281,84.15649087153916,81.69671218146357,81.69671218146357,15576644
2004-01-14,85.38825988769531,86.12581849564687,82.92474167866678,83.41894217522949,17735223
2004-01-15,85.14115905761719,86.3691672519802,84.89405591181986,86.1258149658515,11224138
2004-01-16,86.12580871582031,86.61626411215464,85.87870558795493,85.87870558795493,12847786
2004-01-19,86.12580871582031,86.12580871582031,86.12580871582031,86.12580871582031,0
2004-01-20,86.12580871582031,86.12580871582031,86.12580871582031,86.12580871582031,0
2004-01-21,86.12580871582031,86.12580871582031,86.12580871582031,86.12580871582031,0
2004-01-22,86.12580871582031,86.12580871582031,86.12580871582031,86.12580871582031,0
2004-01-23,86.12580871582031,86.12580871582031,86.12580871582031,86.12580871582031,0
2004-01-26,86.12580871582031,86.12580871582031,86.12580871582031,86.12580871582031,0
2004-01-27,85.14115905761719,87.11047087408583,85.14115905761719,87.11047087408583,9237585
2004-01-28,85.14115905761719,85.14115905761719,82.9247382800649,85.14115905761719,11273625
2004-01-29,89.32315063476562,89.57025379170463,84.15650112864625,84.15650112864625,35555281
2004-01-30,91.53955841064453,92.52421422234724,89.32313785038106,90.79825486121327,26355399
2004-02-02,90.06072235107422,91.78293716529599,90.06072235107422,91.53958483278294,12331706
2004-02-03,90.55490112304688,91.5395627972203,89.57024526415947,90.06070067150586,10415850
2004-02-04,91.78292846679688,92.76759028468089,90.30781116998489,90.79827246419973,13198907
2004-02-05,91.04534912109375,92.03001071513509,90.79825182307509,91.04534912109375,5754638
2004-02-06,89.81734466552734,92.03002033912828,89.32314420252375,91.04535864211643,8844046
2004-02-09,89.81734466552734,91.04535864211643,89.32314420252375,90.06070276039073,7079006
2004-02-10,88.33849334716797,90.3078052226712,88.33849334716797,89.81734977604269,5735786
2004-02-11,87.84801483154297,89.0760344521032,87.11045637656916,88.3384759971294,7583304
2004-02-12,90.55490112304688,91.04535653039326,88.09512818263964,88.09512818263964,22156068
2004-02-13,90.55490112304688,91.5395627972203,90.06070067150586,91.04535653039326,5384664
2004-02-16,89.57024383544922,90.55489967863065,88.8326853064539,90.55489967863065,4484470
2004-02-17,89.57024383544922,90.55489967863065,89.57024383544922,89.57024383544922,5674516
2004-02-18,91.53955841064453,92.27711691606063,90.55489678365609,90.55489678365609,12140827
2004-02-19,93.50513458251953,94.48979043399804,92.27712064365326,92.27712064365326,19043095
2004-02-20,92.52421569824219,94.2464300428328,92.52421569824219,93.5051322968625,7307590
2004-02-23,93.01467895507812,93.99933480418763,92.03001729068268,93.26177627075188,7003597
2004-02-24,92.277099609375,93.50511326831938,92.277099609375,93.01465797646111,4592871
2004-02-25,91.78292846679688,93.01469345415892,91.78292846679688,92.27713480575292,4731906
2004-02-26,91.78292846679688,93.01469345415892,91.78292846679688,93.01469345415892,5507203
2004-02-27,93.01467895507812,94.24643211986138,92.2771204216424,92.2771204216424,7253390
2004-03-01,94.73690032958984,95.96865940056786,93.50514125861181,93.50514125861181,11601183
2004-03-02,95.9686508178711,97.4437678616891,95.2310922959621,96.2120089008701,27095349
2004-03-03,94.24642181396484,95.96864182347038,94.24642181396484,95.96864182347038,12098410
2004-03-04,95.7215347290039,96.70619624467662,94.24641788493328,94.24641788493328,6833928
2004-03-05,93.99932861328125,96.70620448194393,93.50512819919639,95.96864599708465,7248677
2004-03-08,92.52421569824219,95.23109168552801,92.52421569824219,94.73689124978587,6909337
2004-03-09,90.79824829101562,92.5242075272585,90.55489023106794,91.78290403146823,10484188
2004-03-10,88.33849334716797,90.79826648458621,88.09513523845776,90.79826648458621,12277505
2004-03-11,88.83269500732422,89.32315046040709,87.60093590015792,87.60093590015792,6678396
2004-03-12,87.60092163085938,88.58557742117861,87.35381851465331,87.60092163085938,6998884
2004-03-15,84.40359497070312,88.0951268474621,84.40359497070312,87.84802371779371,12065418
2004-03-16,84.15647888183594,85.14114038945839,83.66227851388663,84.4035819734531,9598133
2004-03-17,83.41893768310547,85.3882552895232,83.41893768310547,85.14115796219134,6218874
2004-03-18,86.3691635131836,86.3691635131836,83.41893514528776,83.41893514528776,10175483
2004-03-19,86.86337280273438,87.11047013113794,85.38825565986872,86.36916651535473,8047539
2004-03-22,80.95540618896484,80.95540618896484,80.95540618896484,80.95540618896484,1567090
2004-03-23,77.75806427001953,80.71204290647577,75.29829180489808,75.29829180489808,19620444
2004-03-24,78.00517272949219,79.72739273029659,77.02051699303007,78.74273117854918,8973655
2004-03-25,77.51099395751953,79.4803117949796,77.51099395751953,78.74275314021459,8031043
2004-03-26,79.48028564453125,80.46494714693334,78.25227191064837,78.98983032274337,12975037
2004-03-29,84.89404296875,84.89404296875,82.43426446480416,83.66228410251412,9965752
2004-03-30,85.63162231445312,85.87872549961132,84.15651073932338,84.89406943453187,7755330
2004-03-31,83.41893768310547,86.36916614075481,82.92473721315552,86.1258138577571,6463952
2004-04-01,84.15647888183594,84.89403729784122,83.17181737421348,83.41892046583064,5860682
2004-04-02,82.6813735961914,85.14115227932992,82.43427047006655,84.6469460270802,8342106
2004-04-05,82.6813735961914,83.90938750807565,81.20251732938398,83.66229019723664,7983914
2004-04-06,83.17182922363281,83.90938774471743,82.43427070254819,83.66229043318155,9492090
2004-04-07,83.90938568115234,84.15648880189713,82.43426867526033,83.66228837569328,4640001
2004-04-08,84.40359497070312,85.63160308491162,83.66229139698385,83.90938871136633,8269052
2004-04-09,83.17182922363281,84.4035939983609,83.17182922363281,84.4035939983609,4465618
2004-04-12,83.90938568115234,85.38824773104699,83.41893029895112,84.15648880189713,8408087
2004-04-13,84.89404296875,85.63159561873866,83.66228410251412,84.40358761159953,9857353
2004-04-14,85.14115905761719,85.38825638812818,83.90939418829923,84.40360047989387,8865254
2004-04-15,85.14115905761719,87.60093212129814,85.14115905761719,85.63160867425688,19410713
2004-04-16,85.63162231445312,86.1258286847695,84.64696624937368,85.14117261969007,6899911
2004-04-19,85.14115905761719,87.35382897550083,84.64695276602255,86.1258149658515,8695585
2004-04-20,83.41893768310547,85.63160757252092,82.92473721315552,85.63160757252092,8768637
2004-04-21,82.92472839355469,84.1564873007327,82.92472839355469,83.4189288109431,4095643
2004-04-22,83.66228485107422,85.63159638491898,83.17182367424998,84.15648525645784,10470049
2004-04-23,83.90938568115234,84.89404730484313,82.68137179600511,84.89404730484313,8285549
2004-04-26,83.90938568115234,84.64694418409834,83.17182717820634,83.90938568115234,4965202
2004-04-27,79.23320770263672,83.17183722742683,78.49564329528891,83.17183722742683,13045733
2004-04-28,78.25228118896484,79.72739818805837,76.77341914588595,78.74273656890567,8049895
2004-04-29,79.48028564453125,80.46494714693334,76.28295472112922,76.28295472112922,10224971
2004-04-30,78.00517272949219,78.74273117854918,74.31364125576356,78.25227583218262,12671046
2004-05-03,76.28295135498047,78.00516537819615,75.54539297543184,78.00516537819615,7123781
2004-05-04,78.74275970458984,78.74275970458984,76.52634432603716,77.02054489516614,6511083
2004-05-05,73.32898712158203,78.49563601605504,73.32898712158203,78.2522837477627,10908364
2004-05-06,72.3443374633789,75.54541418790134,72.0972401298778,75.05121370561277,7491400
2004-05-07,71.35964965820312,73.32896061857168,71.1125466198266,72.34430513838741,11113382
2004-05-10,68.40943145751953,70.1316455680837,68.40943145751953,70.1316455680837,8111165
2004-05-11,69.14698791503906,69.39034014122798,67.91522916440033,68.89988483010539,8264339
2004-05-12,72.09725189208984,72.59145245500413,69.88457577116041,70.37503128903609,7889652
2004-05-13,71.60676574707031,72.59142730196082,70.869207295659,71.60676574707031,4225252
2004-05-14,70.86921691894531,72.09723670032609,69.63745790860114,72.09723670032609,4083860
2004-05-17,70.13165283203125,70.86921132538117,68.89989391890732,68.89989391890732,6664257
2004-05-18,71.11257934570312,72.34433843111717,70.3750207491885,71.11257934570312,7107285
2004-05-19,76.0358657836914,76.0358657836914,72.34433380784009,72.83853426515687,10630292
2004-05-20,75.78877258300781,77.51098709641265,74.56075273850104,75.78877258300781,9690039
2004-05-21,77.75806427001953,78.49562266826584,75.54539489056549,76.0358502031444,9727744
2004-05-24,77.75806427001953,78.74272575393324,77.02051168705812,77.26760895744061,3812860
2004-05-25,78.00517272949219,79.23319234020103,77.2676142804352,77.2676142804352,3046988
2004-05-26,77.75806427001953,80.21784255042586,77.75806427001953,79.97448450822947,6598276
2004-05-27,76.77339935302734,78.25226101484267,76.52630211241095,77.75805490304148,2351813
2004-05-28,78.74275970458984,78.74275970458984,76.77344170295795,77.51100041920941,3650260
2004-05-31,76.28295135498047,78.2522684575993,76.28295135498047,78.2522684575993,2573326
2004-06-01,77.02051544189453,77.26761272432331,75.78875662754868,76.5263150617518,3200162
2004-06-02,75.29829406738281,76.77341090819822,75.29829406738281,76.0358524877905,2149151
2004-06-03,71.35964965820312,76.03583565131557,71.1125466198266,75.05118017113128,8365670
2004-06-04,71.8538818359375,72.34433727250442,70.86922010309954,71.8538818359375,6864562
2004-06-07,73.81945037841797,73.81945037841797,72.3443332902129,72.83853374399364,4048513
2004-06-08,71.35964965820312,73.81942165257047,70.6220914011116,73.81942165257047,12272792
2004-06-09,70.86921691894531,71.35967814876217,70.13165836738138,70.13165836738138,3782225
2004-06-10,68.89988708496094,70.37500392534893,68.65278399194042,70.13164587591088,7324085
2004-06-11,64.96126556396484,68.40944534388692,64.71790746619592,67.91524487498287,9093837
2004-06-14,64.96126556396484,66.19302459954184,64.22370699729188,64.96126556396484,5271550
2004-06-15,65.2083740234375,65.70257453264082,64.22371223437577,64.22371223437577,5620316
2004-06-16,61.51683807373047,65.94593503974686,60.77927942018895,65.94593503974686,10335727
2004-06-17,65.70257568359375,65.70257568359375,61.51683692235099,61.51683692235099,12004148
2004-06-18,62.748600006103516,64.71791192886245,62.501496846969225,64.71791192886245,5149010
2004-06-21,61.51683807373047,64.22371456146524,61.026382591387524,64.22371456146524,6793867
2004-06-22,61.51683807373047,61.51683807373047,61.51683807373047,61.51683807373047,0
2004-06-23,63.73325729370117,63.97661541331503,61.7639395146763,61.7639395146763,6027995
2004-06-24,64.96126556396484,64.96126556396484,63.23905110381003,64.47081013938701,5285690
2004-06-25,65.4554672241211,65.94592847291126,64.47081131271905,64.47081131271905,4293591
2004-06-28,64.71791076660156,65.45546937088764,63.97661293308481,65.45546937088764,2660517
2004-06-29,64.96126556396484,64.96126556396484,64.22370699729188,64.71790746619592,2575684
2004-06-30,65.94590759277344,66.68346593933997,64.47079089964039,65.94590759277344,5481281
2004-07-01,65.94590759277344,66.68346593933997,65.70254956762884,66.44010791419535,3183667
2004-07-02,64.96126556396484,65.20836870605997,64.47081013938701,65.20836870605997,2233986
2004-07-05,63.73325729370117,64.47081592658076,62.74860131183211,63.97661541331503,2066673
2004-07-06,64.71791076660156,64.71791076660156,63.73325482290541,63.73325482290541,1684915
2004-07-07,64.71791076660156,65.70257252558423,63.73325482290541,63.73325482290541,3004570
2004-07-08,64.22370147705078,65.45546040675399,63.97660417148071,64.71790190347664,2578039
2004-07-09,64.4708023071289,64.9612576721236,62.99568535298809,63.97660189826298,3431103
2004-07-12,64.4708023071289,65.20836078419931,63.7332438300585,64.71789960391911,2891458
2004-07-13,61.51683807373047,63.733259079122305,61.2734857625861,63.733259079122305,5302185
2004-07-14,60.77925491333008,62.011019412607844,60.53215765705072,61.51681326948001,4397279
2004-07-15,59.54750442504883,60.77926327857291,59.54750442504883,59.79460753062233,4121565
2004-07-16,56.10308074951172,60.041716112600625,55.859728457230446,59.05706017947163,4981697
2004-07-19,53.152854919433594,56.10308364171926,52.90575175465028,54.6279721882198,7613938
2004-07-20,53.152854919433594,54.6279721882198,52.41155124037042,53.152854919433594,7703486
2004-07-21,56.84062957763672,56.84062957763672,54.38085687448614,55.11841534410507,9918623
2004-07-22,59.05704879760742,59.79460725183102,55.365517298019554,55.61261458715561,11396165
2004-07-23,59.05704879760742,60.53216570605461,58.80995150847137,58.80995150847137,8306757
2004-07-26,58.072391510009766,58.56659189042563,56.840626879698,57.82528841215925,4029660
2004-07-27,57.58193588256836,58.319494387942925,56.103073827804266,56.84063233317883,5818264
2004-07-28,56.84062957763672,58.80995273603308,56.35017421759706,58.07239426641416,10300379
2004-07-29,58.197994232177734,58.79705597080627,57.29746854731347,57.5989324935492,12662194
2004-07-30,58.797061920166016,59.99905767623399,58.49946409766087,59.3999958769896,5182138
2004-08-02,58.197994232177734,58.79705597080627,57.5989324935492,58.79705597080627,4114283
2004-08-03,58.197994232177734,58.79705597080627,57.5989324935492,58.197994232177734,4212283
2004-08-04,56.99985885620117,57.896518200044895,56.09933335932159,57.896518200044895,5837720
2004-08-05,60.899574279785156,60.89957427978515,56.3969400746893,56.99986793735739,9032838
2004-08-06,61.80009841918945,65.09687681887989,59.69758325821876,59.99904718223112,13500257
2004-08-09,62.99824142456055,62.99824142456054,60.59812197115704,60.89958596031182,5351102
2004-08-10,61.498626708984375,64.49780695850139,61.197162823139635,63.299683721259264,7057643
2004-08-11,61.197166442871094,62.399155904277734,60.59810478881633,62.097692000601796,6638611
2004-08-12,61.498626708984375,61.80009059482912,59.99903958589751,61.197162823139635,2740602
2004-08-13,61.498626708984375,62.399152213450186,60.89956509036332,61.197162823139635,2617258
2004-08-16,61.197166442871094,61.49863034654703,60.89956869249227,61.49863034654703,1652472
2004-08-17,61.197166442871094,62.399155904277734,61.197166442871094,61.49863034654703,2754119
2004-08-18,63.2996826171875,63.2996826171875,59.999038539395514,61.498625636326615,6930920
2004-08-19,67.49697875976562,67.49697875976562,63.89873734200109,64.49779888564068,13349878
2004-08-20,68.69898986816406,69.5995155465746,67.49700024567828,68.09992813382877,11111100
2004-08-23,68.69898986816406,69.5995155465746,68.09992813382877,69.29805160249934,5079069
2004-08-24,68.69898986816406,68.69898986816406,68.69898986816406,68.69898986816406,0
2004-08-25,68.69898986816406,68.69898986816406,68.69898986816406,68.69898986816406,0
2004-08-26,69.89710998535156,70.79763562058297,68.99658435012016,68.99658435012016,11754855
2004-08-27,71.39669036865234,72.59867971530292,69.29803569983078,69.89709729669207,10345691
2004-08-30,70.49615478515625,71.69814395939738,69.8970872708802,71.39668012774374,6153683
2004-08-31,71.99962615966797,73.79681115096915,69.89710510309986,70.49617277021065,11082375
2004-09-01,73.49921417236328,74.09827584246007,72.29722467876907,73.49921417236328,6957954
2004-09-02,74.69732666015625,74.69732666015625,72.89627575813093,73.49920349403199,5462619
2004-09-03,70.19856262207031,74.6973299242212,69.89709874094665,74.6973299242212,8056223
2004-09-06,68.99658203125,69.8971076362161,67.79845866029511,69.29804595073867,5273379
2004-09-07,72.59869384765625,72.59869384765625,69.59951312324618,69.59951312324618,6876852
2004-09-08,71.69816589355469,72.89628928195654,71.39670196967613,72.59869151163417,3712147
2004-09-09,71.69816589355469,71.99962981743325,71.09910419935376,71.69816589355469,2357052
2004-09-10,71.99962615966797,72.89628557863867,71.39669834254113,72.59868782343503,2395914
2004-09-13,73.19776153564453,73.4992254938293,71.9996380108978,73.4992254938293,4519798
2004-09-14,73.19776153564453,73.7968232980179,72.59869977327116,73.4992254938293,3157944
2004-09-15,73.19776153564453,74.39975121438744,72.59869977327116,73.19776153564453,3524597
2004-09-16,74.39974975585938,74.69734755421389,72.89629614840533,73.19776010068021,5229448
2004-09-17,72.29722595214844,74.69733882820968,72.29722595214844,74.39974106461997,5607928
2004-09-20,71.69816589355469,72.89628928195654,70.19857257793025,72.59869151163417,5212551
2004-09-21,71.69816589355469,72.29722758775561,70.19857257793025,71.69816589355469,5903616
2004-09-22,70.49615478515625,71.99960779105103,70.19855110253386,71.39668012774374,2840290
2004-09-23,69.89710998535156,71.09910555354752,69.59951220936098,69.59951220936098,2782843
2004-09-24,66.59647369384766,69.59952090782359,66.59647369384766,68.99659297322957,6647059
2004-09-27,63.89874267578125,65.99739132999125,63.59727880250529,65.39832973634657,4791830
2004-09-28,63.89874267578125,63.89874267578126,63.89874267578126,63.89874267578126,0
2004-09-29,65.3983383178711,66.59646166237737,63.29968938827784,63.59728714769713,7454710
2004-09-30,68.39751434326172,68.69897823629415,66.29885954817304,66.89792118107731,8904425
2004-10-01,68.39751434326172,68.996575976166,66.89792118107731,68.69897823629415,6816023
2004-10-04,71.69816589355469,71.69816589355469,69.59951088372932,69.59951088372932,7726742
2004-10-05,69.89710998535156,71.69816725915851,69.59951220936098,71.69816725915851,6603129
2004-10-06,71.0990982055664,71.69815984926531,69.8971027615948,70.19856666005938,4923623
2004-10-07,71.0990982055664,72.29722149296421,70.79762830375829,71.9996237477299,4590762
2004-10-08,69.89710998535156,70.79763562058297,69.89710998535156,70.4961776943067,2934912
2004-10-11,69.5995101928711,69.89710796023945,68.99658235109875,69.89710796023945,2990669
2004-10-12,67.49697875976562,69.59949339138095,67.1993810642381,69.59949339138095,3387735
2004-10-13,67.19938659667969,68.39750978259883,66.89791672040548,67.49698431670807,3526286
2004-10-14,65.99739837646484,66.89792393953367,65.69980062432192,66.59646003407072,3882802
2004-10-15,65.99739837646484,67.19939384834028,65.69980062432192,65.99739837646484,4751279
2004-10-18,65.99739837646484,67.19939384834028,65.39833671885899,66.59646003407072,2811568
2004-10-19,66.89791870117188,67.79845019706931,65.99739320861764,67.19938858637225,4555280
2004-10-20,65.6998062133789,67.49699734242652,65.6998062133789,66.89792963051454,2546293
2004-10-21,65.3983383178711,66.29886390295808,64.79927664561795,65.3983383178711,3139358
2004-10-22,65.99739837646484,66.89792393953367,65.69980062432192,65.99739837646484,3046427
2004-10-25,65.99739837646484,65.99739837646484,65.99739837646484,65.99739837646484,0
2004-10-26,66.29885864257812,67.19939015955764,65.09686924002729,65.69979701785661,5482894
2004-10-27,64.49781799316406,65.99740537280908,62.99823061351905,65.99740537280908,6625095
2004-10-28,65.09688568115234,65.99741142222884,65.09688568115234,65.99741142222884,4085559
2004-10-29,67.19938659667969,67.49698431670807,65.39832966155512,65.39832966155512,4573866
2004-11-01,66.29885864257812,67.49698789536451,66.29885864257812,67.49698789536451,2493914
2004-11-02,67.49697875976562,67.49697875976562,66.29884966914395,67.1993810642381,2863946
2004-11-03,70.19856262207031,70.19856262207031,67.19938842286518,67.49698615098097,7708156
2004-11-04,70.19856262207031,70.49616635352928,69.2980371317072,70.19856262207031,5019932
2004-11-05,69.89710998535156,72.59869289438991,69.59951220936098,71.09910555354752,10291622
2004-11-08,68.69898986816406,69.89711333683464,66.89793250799855,69.89711333683464,4239316
2004-11-09,70.19856262207031,70.19856262207031,67.79845003210464,69.2980371317072,4183559
2004-11-10,68.99658203125,71.09910316401483,68.99658203125,71.09910316401483,2845359
2004-11-11,68.69898986816406,69.29805160249934,68.39752592408881,68.69898986816406,1843400
2004-11-12,69.89710998535156,70.19857391497197,68.69898657412958,68.99658435012016,3553321
2004-11-15,70.49615478515625,71.09908244846353,70.19855110253386,70.49615478515625,3876042
2004-11-16,70.797607421875,71.09907723476404,70.19854595487037,70.49614961566947,3293115
2004-11-17,73.19776153564453,73.4992254938293,70.49618437397014,70.79764232881018,10416656
2004-11-18,72.59869384765625,74.09828120818916,71.69816820060038,74.09828120818916,7966672
2004-11-19,71.99962615966797,73.19774948720209,71.99962615966797,72.59868782343503,3088669
2004-11-22,68.99658203125,71.69816484949227,68.99658203125,71.3967009300036,5952615
2004-11-23,69.29804992675781,69.8971116466068,68.39752427012348,69.29804992675781,4467418
2004-11-24,67.49697875976562,69.2980295432689,66.29884966914395,69.2980295432689,8956803
2004-11-25,65.6998062133789,67.19939956496708,65.6998062133789,67.19939956496708,6256752
2004-11-26,64.79927062988281,66.59645547979794,64.4978067450358,65.09686836167418,6587922
2004-11-29,63.59729766845703,65.09688517387058,63.29969985980679,64.49782340251599,4259592
2004-11-30,62.09769058227539,62.99822212278136,61.498628941903334,62.69675222264744,7689571
2004-12-01,62.69675827026367,63.29969212534593,60.89957317579428,61.197170948081656,5991477
2004-12-02,62.69675827026367,63.89875382350239,61.800098799819835,63.89875382350239,5339275
2004-12-03,62.69675827026367,63.29969212534593,61.800098799819835,62.69675827026367,3365770
2004-12-06,63.59729766845703,63.59729766845703,62.09770415969868,62.69676593105327,3517839
2004-12-07,62.69675827026367,64.19635159578976,62.399160497976304,63.29969212534593,5428826
2004-12-08,62.69675827026367,62.998228199476834,61.800098799819835,62.399160497976304,2916325
2004-12-09,63.59729766845703,64.19635943981163,62.69676593105327,62.69676593105327,5052036
2004-12-10,62.69675827026367,63.89875382350239,62.69675827026367,63.5972898976333,2772706
2004-12-13,62.69675827026367,64.49781552165885,61.49863487395074,62.69675827026367,6184097
2004-12-14,62.99824142456055,63.299705413715316,62.399173597299004,62.99824142456054,3578665
2004-12-15,63.2996826171875,63.89874422535974,62.6967488526711,63.2996826171875,6658888
2004-12-16,64.49781799316406,64.79928193058501,63.299694550939996,63.59729233463108,5295344
2004-12-17,64.19635009765625,65.39833961950039,64.19635009765625,64.79927793532407,3700320
2004-12-20,65.09688568115234,65.09688568115234,62.998236388030016,63.299700353083594,3090358
2004-12-21,64.49781799316406,65.0968797142761,64.49781799316406,64.79928193058501,1938020
2004-12-22,63.59729766845703,65.39834913657494,63.59729766845703,64.49782340251599,2847050
2004-12-23,63.2996826171875,64.19634195294536,62.399151125085474,63.597280344773125,3065014
2004-12-24,63.59729766845703,63.898761631161385,62.99823589710243,63.29969985980679,1659230
2004-12-27,62.399166107177734,63.59729561453729,62.399166107177734,63.59729561453729,1290887
2004-12-28,63.2996826171875,63.2996826171875,62.399151125085474,62.399151125085474,1878883
2004-12-29,63.59729766845703,64.49782340251599,63.59729766845703,63.898761631161385,3134289
2004-12-30,64.79927062988281,65.09686836167418,63.597281243550434,63.89874512839744,4705659
2004-12-31,64.79927062988281,65.39833224652118,64.1963428601888,64.79927062988281,2221881
2005-01-03,64.49781799316406,65.39834365169705,64.49781799316406,65.39834365169705,1865367
2005-01-04,62.99824142456055,64.19636507239296,62.99824142456054,63.898767237631525,2569948
2005-01-05,61.197166442871094,62.69675365465656,60.89956869249227,62.399155904277734,5580894
2005-01-06,59.69758605957031,61.197173442885486,59.399988275150875,60.899575658466055,5601170
2005-01-07,59.99905776977539,60.2966555927445,57.297474434267485,59.697593792566146,6826161
2005-01-10,58.797061920166016,59.69759369949474,57.89653614418237,59.69759369949474,6461198
2005-01-11,59.69758605957031,59.99904999772908,58.19799267291082,58.49945661106959,4470798
2005-01-12,57.598941802978516,59.399999467147474,57.59894180297852,58.79706547388234,4023042
2005-01-13,56.99985885620117,58.49944596665519,56.698394972896025,57.896518200044895,4954036
2005-01-14,55.19881057739258,56.69839776160371,54.897340675916425,56.69839776160371,9100424
2005-01-17,56.09933853149414,56.39693628920095,54.8973430371462,55.79787462039502,7069471
2005-01-18,53.99681091308594,55.79786785796032,53.699213191446546,55.79786785796032,8500599
2005-01-19,52.49723815917969,54.89735135129024,52.199640356402014,53.99682563500156,11055342
2005-01-20,53.39775848388672,54.29828410924917,51.898171159478466,51.898171159478466,21220242
2005-01-21,53.99681091308594,54.89733638385161,53.699213191446546,53.99681091308594,13848323
2005-01-24,52.798702239990234,54.298289719335514,52.49723828252642,54.298289719335514,6981609
2005-01-25,53.39775848388672,53.99682018293253,52.49723285852428,52.49723285852428,5395033
2005-01-26,53.39775848388672,54.599748035565796,53.39775848388672,53.99682018293253,7758846
2005-01-27,51.89817428588867,53.69922564511112,51.29911255075464,53.69922564511112,10246002
2005-01-28,52.49723815917969,53.699227832223876,51.596712442891004,51.89817639964651,15250729
2005-01-31,56.09933853149414,56.09933853149414,52.798694119629296,52.798694119629296,22191788
2005-02-01,56.09933853149414,57.297461869106,55.50027686268821,56.69840020030007,20437936
2005-02-02,57.297454833984375,57.89651642923606,56.099331643481015,56.39692936464805,14483630
2005-02-03,57.598941802978516,57.89653964347058,56.99987996752661,57.89653964347058,11553787
2005-02-04,57.598941802978516,57.59894180297852,57.59894180297852,57.59894180297852,0
2005-02-07,57.598941802978516,57.59894180297852,57.59894180297852,57.59894180297852,0
2005-02-08,57.598941802978516,57.59894180297852,57.59894180297852,57.59894180297852,0
2005-02-09,57.598941802978516,57.59894180297852,57.59894180297852,57.59894180297852,0
2005-02-10,57.598941802978516,57.59894180297852,57.59894180297852,57.59894180297852,0
2005-02-11,57.598941802978516,57.59894180297852,57.59894180297852,57.59894180297852,0
2005-02-14,58.49945831298828,60.2966495363527,58.19799436605905,59.098526056339416,15512624
2005-02-15,60.598106384277344,60.598106384277344,57.89652363661283,58.79704921805307,14338321
2005-02-16,63.2996826171875,64.19634195294536,59.6975746588089,61.19716175574,19015256
2005-02-17,62.09769058227539,63.89874765994384,62.09769058227538,62.99822212278136,8585082
2005-02-18,63.89874267578125,64.19634039614998,61.80008801822824,62.09768573859696,9615765
2005-02-21,63.89874267578125,65.69979360962253,63.89874267578126,64.79926814270189,9957072
2005-02-22,62.09769058227539,64.19634540352546,62.09769058227538,63.89874765994384,4829003
2005-02-23,64.49781799316406,65.0968797142761,60.899575509417694,60.899575509417694,11035066
2005-02-24,68.99658203125,68.99658203125,64.19635023708673,64.4978141565754,28647919
2005-02-25,69.89710998535156,71.69816725915851,68.69898657412958,70.4961776943067,25518697
2005-02-28,69.89710998535156,69.89710998535156,69.89710998535156,69.89710998535156,0
2005-03-01,72.59869384765625,73.04702359434388,69.14731722287794,69.89711090314441,20385558
2005-03-02,71.0990982055664,72.89628313666311,71.0990982055664,72.5986853914288,10409897
2005-03-03,70.34929656982422,72.29721939702533,69.44877105376749,71.3966938809686,12227955
2005-03-04,68.99658203125,70.9483712042705,68.99658203125,69.8971076362161,7422606
2005-03-07,67.79844665527344,69.74636332653391,67.79844665527344,69.29803368018621,9397801
2005-03-08,68.69898986816406,70.19857728090989,67.94919616179115,68.54825789612643,10193623
2005-03-09,69.89710998535156,70.04784795350591,68.39752264450915,68.69898657412958,8514117
2005-03-10,68.69898986816406,70.19857728090989,68.09992813382877,69.89711333683464,6902196
2005-03-11,69.74637603759766,70.7976336077512,68.99658238849368,69.29804630954322,10871171
2005-03-14,68.99658203125,70.19857155570477,68.5482523055169,68.5482523055169,8438082
2005-03-15,66.74720001220703,69.5995087405537,65.99740037581135,68.99658091136253,12070818
2005-03-16,67.04866790771484,67.49699765278999,66.44960019304823,66.74720397522029,7476674
2005-03-17,66.44960021972656,66.8979299649817,66.14814229045518,66.29886825341877,3877733
2005-03-18,66.89791870117188,67.19938858637225,65.69979547977775,66.4495890314034,5177069
2005-03-21,70.49615478515625,71.09908244846353,67.04864547966434,67.19937739549117,15916448
2005-03-22,67.64774322509766,70.49619254538487,67.4970112285335,70.49619254538487,10001003
2005-03-23,68.24678039550781,68.54824427970026,66.59645533520057,66.89791921939302,5342655
2005-03-24,68.09992980957031,69.44878528346993,67.94919783382362,68.54825958290007,6584542
2005-03-25,68.99658203125,69.14731399099433,67.49699474080644,68.39752034577256,4264661
2005-03-28,68.54826354980469,69.59952128695778,68.54826354980469,69.59952128695778,3609079
2005-03-29,66.44960021972656,68.69898725668291,65.99740432080318,68.54825529037512,7383745
2005-03-30,65.84666442871094,67.0486598641683,64.95000504612914,65.99739637687553,6114821
2005-03-31,67.19938659667969,67.79844818963926,66.74719078728289,67.19938659667969,7082988
2005-04-01,68.99658203125,68.99658203125,67.19939697481767,67.64772670055078,7892328
2005-04-04,68.39751434326172,69.59950376223087,67.79845271035744,68.39751434326172,7054264
2005-04-05,68.39751434326172,68.39751434326172,68.39751434326172,68.39751434326172,0
2005-04-06,68.09992980957031,69.746383081053,68.09992980957031,68.39752760715338,4996276
2005-04-07,67.79844665527344,68.84970403383849,67.49698278916475,68.39750823467548,4545142
2005-04-08,69.89710998535156,70.6469096591169,68.24679067969895,68.54825460931937,9803315
2005-04-11,69.89710998535156,71.3967033295381,69.29804827974057,69.89710998535156,6912334
2005-04-12,71.0990982055664,71.54742790003301,69.29804111789589,69.8971027615948,7676053
2005-04-13,71.39669036865234,71.54742230609966,70.49616489689642,71.24981858078996,6787301
2005-04-14,75.59788513183594,76.04621494114781,70.1985846423002,70.1985846423002,29381223
2005-04-15,75.59788513183594,75.89934910752427,74.09829155849046,74.9988233346799,19454564
2005-04-18,72.59869384765625,74.69734292166622,71.39670426702155,74.09828120818916,12893675
2005-04-19,73.49921417236328,74.54661156002629,72.59868859051778,73.49921417236328,14786076
2005-04-20,71.54742431640625,74.09826886589919,71.24982058273461,73.79680498253414,11185444
2005-04-21,72.1465072631836,72.74943520819413,70.19858390109381,70.34931588734644,8978769
2005-04-22,72.59869384765625,74.399745141768,72.44796188086684,72.89629162755448,15075006
2005-04-25,72.89627838134766,73.0470103207471,71.9996190509071,72.59868065552683,4367729
2005-04-26,70.9483871459961,73.04703659347247,69.89712334172832,72.89630459985945,7159022
2005-04-27,71.24982452392578,71.84889217409994,70.34929897705464,70.9483666272288,7174229
2005-04-28,70.64690399169922,71.24982579922846,68.99657881509442,70.49617203898099,7794328
2005-04-29,70.9483871459961,71.54744896607954,70.04786133868662,70.64692315877006,4976001
2005-05-02,70.9483871459961,70.9483871459961,70.9483871459961,70.9483871459961,0
2005-05-03,73.49921417236328,74.39973975420878,72.44795663464343,72.44795663464343,15647795
2005-05-04,74.5466079711914,74.6973339164657,72.74941704407792,73.94754032659124,10786688
2005-05-05,77.99798583984375,78.59704753995821,75.59787288579152,75.59787288579152,28495850
2005-05-06,81.59623718261719,82.64750089211957,77.99799442876355,81.59623718261719,28656366
2005-05-09,81.14788055419922,81.74694212212113,79.7990254881896,81.59621019195535,13834806
2005-05-10,80.09663391113281,81.59622110792347,79.49757226306825,81.59622110792347,8520875
2005-05-11,80.3980941772461,81.89768130624506,78.89850704824711,78.89850704824711,15426451
2005-05-12,80.6995620727539,80.6995620727539,79.04923691492075,79.79903652000726,9652937
2005-05-13,80.6995620727539,82.4967470249715,80.09663426873901,80.6995620727539,11942405
2005-05-16,80.99714660644531,81.74694008585612,80.09662120062335,80.99714660644531,9210250
2005-05-17,80.8464126586914,82.4967315026625,80.39808304331214,81.5962061193557,9215319
2005-05-18,80.09663391113281,80.54882976212508,79.19610235906316,80.09663391113281,11481132
2005-05-19,81.89768981933594,81.89768981933594,80.9971642177121,81.44936009526678,10612655
2005-05-20,81.74697875976562,82.79823658934129,81.44938091879685,81.897710757487,13027157
2005-05-23,78.44631958007812,81.74695807695754,78.44631958007812,81.59622611737288,13468154
2005-05-24,76.94672393798828,78.59704313602857,76.79599198300686,77.99798146948058,15201729
2005-05-25,76.94672393798828,78.29944537944344,75.89933255987373,77.39891980293258,16088792
2005-05-26,76.64912414550781,77.69651549580237,75.89933054389383,77.09745384516619,11834268
2005-05-27,79.4975814819336,80.09664319946782,77.09746245474565,77.09746245474565,16098929
2005-05-30,80.54884338378906,80.6995753596102,79.34685373113227,80.09664745632567,7272228
2005-05-31,81.29862213134766,81.29862213134766,79.49757106112601,80.24736464818503,10457208
2005-06-01,80.3980941772461,81.59621741921181,80.09663029021283,81.14788774174558,7529054
2005-06-02,80.99714660644531,81.44934238567875,80.24735312703449,81.2986104592676,7576365
2005-06-03,80.99714660644531,81.89767201226728,80.39808505344564,80.99714660644531,9642800
2005-06-06,80.99714660644531,80.99714660644531,80.09662120062335,80.84641468003416,3392804
2005-06-07,80.24736785888672,80.99716147594502,80.09663590480412,80.99716147594502,3732423
2005-06-08,83.8494873046875,83.8494873046875,80.24738428289164,80.24738428289164,15125695
2005-06-09,82.49675750732422,84.89687657186857,82.49675750732422,83.849479084964,10095623
2005-06-10,86.54718780517578,86.69791374737233,83.54800750357627,83.99633718706046,15215246
2005-06-13,86.69792175292969,86.69792175292969,85.19833446533197,86.54719579681534,6336165
2005-06-14,83.69874572753906,88.7965751896899,83.69874572753906,86.69792025076973,17301956
2005-06-15,86.24571990966797,86.24571990966797,84.44853498094231,85.1983285728843,13643877
2005-06-16,86.39646911621094,86.54720709869747,85.19834559107123,86.24573713706911,8037637
2005-06-17,85.49593353271484,87.7491744903553,85.0475978291424,86.99938689113087,11124617
2005-06-20,84.29779052734375,85.4959196387763,84.29779052734375,84.74612015471455,5597790
2005-06-21,83.69874572753906,84.74613711861446,83.24654985699912,84.29780740150008,5454170
2005-06-22,85.34906005859375,85.49593185694822,83.99633867786139,84.29780257429174,8127188
2005-06-23,84.74613952636719,85.79739710073581,84.59927371877346,85.79739710073581,6511888
2005-06-24,83.39727783203125,84.44853532633977,83.39727783203125,84.14707142703992,8581702
2005-06-27,82.49675750732422,83.09582523752684,81.89769578046595,82.64749548082489,10012832
2005-06-28,83.09580993652344,83.39727382132543,82.49674231663126,82.49674231663126,6489922
2005-06-29,82.49675750732422,84.29781484501032,82.19915972077857,83.9963509046977,10215589
2005-06-30,82.34602355957031,83.0958171839152,82.19915175407137,82.64748747066517,3631045
2005-07-01,84.8968734741211,85.34906936809013,82.49675449715313,82.49675449715313,7431054
2005-07-04,85.49593353271484,86.09885533404965,84.89686587797281,85.34906173148161,7975119
2005-07-05,86.84864807128906,87.14624579681194,85.49592677102645,85.49592677102645,10739378
2005-07-06,85.7973861694336,87.44771122786221,85.64665422750895,86.99938155513112,5834340
2005-07-07,86.09886169433594,86.54719743102778,85.49593984846217,85.49593984846217,5226069
2005-07-08,87.1462631225586,88.04678878411116,86.3964634268776,86.3964634268776,10093934
2005-07-11,89.5463638305664,90.44689537138282,88.34824054940925,88.34824054940925,15490658
2005-07-12,89.99856567382812,90.44690139918218,89.39564384320141,89.69710175684283,14061218
2005-07-13,91.79576873779297,93.89828412504353,90.89910317302547,90.89910317302547,17820678
2005-07-14,93.59680938720703,93.89827330893846,92.24795404647291,92.99774769727283,10686999
2005-07-15,91.79576873779297,93.74755214681507,91.79576873779297,93.5968201685866,11013100
2005-07-18,91.79576873779297,91.79576873779297,91.79576873779297,91.79576873779297,0
2005-07-19,94.19586181640625,95.09638733953797,90.59761987368456,91.49815140015967,12352988
2005-07-20,92.398681640625,94.94566624420233,92.398681640625,94.49733053297797,12260058
2005-07-21,94.79878997802734,97.34577446171123,92.99773892459316,92.99773892459316,19388667
2005-07-22,91.64888000488281,95.69545775347578,91.49815405780153,94.49732845325511,12305678
2005-07-25,97.9487075805664,97.9487075805664,92.84701203248095,92.84701203248095,21277689
2005-07-26,94.79878997802734,101.09860851522643,94.64806403472392,99.74589315191224,30957662
2005-07-27,93.74754333496094,96.14766230243856,93.74754333496094,94.79880092977265,14955041
2005-07-28,99.44828796386719,99.8966176170673,94.79878287832435,94.79878287832435,24023362
2005-07-29,100.94790649414062,104.24854529359898,100.0473748042302,100.79716251404896,29933737
2005-08-01,101.3962173461914,103.04654864018072,101.09861957351008,101.69769327914771,13493498
2005-08-02,97.9487075805664,103.19727493347378,96.44912033878929,102.89581102376859,19059187
2005-08-03,104.69686889648438,104.69686889648438,99.29756924210513,100.04736891447237,19076083
2005-08-04,111.89722442626953,111.89722442626953,110.39763702646528,111.89722442626953,26086417
2005-08-05,111.89722442626953,111.89722442626953,111.89722442626953,111.89722442626953,0
2005-08-08,111.89722442626953,112.49628615543487,107.09698627869442,110.99669875563062,25422388
2005-08-09,110.84596252441406,111.59575619549709,105.59739482014456,111.59575619549709,27426305
2005-08-10,103.86270904541016,110.63050918892006,103.86270904541016,109.9529302850994,25912999
2005-08-11,103.86270904541016,106.23222259817706,98.45005439999659,103.86270904541016,20150055
2005-08-12,98.45005798339844,104.54027944476059,98.45005798339844,103.86271282582273,14648238
2005-08-15,94.0517807006836,98.78685647157175,92.69663519420317,98.4500550090931,16247117
2005-08-16,96.42131042480469,96.42131042480469,93.88140787114313,94.05179045681167,10915661
2005-08-17,99.63482666015625,100.47881838168352,95.40297087617581,95.40297087617581,14061749
2005-08-18,97.26530456542969,100.1420146603874,97.26530456542969,99.63482444208151,11268949
2005-08-19,95.74371337890625,97.43566625009643,94.38856807469523,97.43566625009643,10830480
2005-08-22,97.77249145507812,99.29406215397685,97.43568996091048,97.77249145507812,8544572
2005-08-23,100.14202880859375,101.66359352370732,97.77250244239899,98.45007533553391,11788410
2005-08-24,100.14202880859375,101.32678583691734,99.46445591545883,99.46445591545883,9387998
2005-08-25,101.66356658935547,103.52590217218781,98.95723940814837,100.14200227735927,14818599
2005-08-26,99.8012466430664,104.54028655286342,99.8012466430664,103.52591839230085,12658368
2005-08-29,99.12763214111328,101.15638681694,98.78686083529877,99.80124125059852,7625741
2005-08-30,96.42131042480469,100.81959134422677,95.40297242994176,100.81959134422677,10865390
2005-08-31,93.7149658203125,99.12762007972056,93.37420071073352,97.26529068710167,16713514
2005-09-01,93.7149658203125,93.7149658203125,93.7149658203125,93.7149658203125,0
2005-09-02,97.94287109375,98.10929615366051,95.40296864096202,96.08054143757768,14486255
2005-09-05,95.91410827636719,99.46443334571677,95.74372571185668,99.46443334571677,10087595
2005-09-06,100.14202880859375,100.14202880859375,95.40298223097801,97.09492954926405,14354994
2005-09-07,102.84834289550781,103.69232844937552,98.78686360166107,100.14201536072413,21554834
2005-09-08,104.3698959350586,104.54027234185178,102.1707527090614,103.52590431918053,13856479
2005-09-09,105.0474624633789,105.72504134553706,103.86270572487265,104.54027229748623,11874987
2005-09-12,106.23223876953125,107.41304436172364,105.38428332446148,106.5690525907431,12913909
2005-09-13,104.87709045410156,106.56903742944297,104.70670173069178,106.23222365614875,9632368
2005-09-14,104.03311157226562,106.06186026036569,103.52592132285395,104.7067145824422,10393406
2005-09-15,102.84834289550781,104.36990740629354,102.50757158015055,103.86271718444064,8378401
2005-09-16,101.66356658935547,103.35551345938366,101.15637643376601,102.84832945856637,8002768
2005-09-19,104.03311157226562,104.87710332676558,102.17076949015714,102.17076949015714,8948132
2005-09-20,108.09059143066406,109.95292705617808,104.03309471204588,104.03309471204588,19753477
2005-09-21,107.58341979980469,110.28974719967563,107.58341979980469,108.26098641339948,16621352
2005-09-22,107.24662017822266,108.93856740831475,106.90585498964033,107.58343400222978,9160385
2005-09-23,103.18514251708984,107.24660942797432,101.49318930182325,106.90584427354982,17274867
2005-09-26,101.4931869506836,104.54027952038398,100.81958400488861,104.19951437385346,10260748
2005-09-27,103.86270904541016,103.86270904541016,99.29405219727175,101.49318318309827,10908678
2005-09-28,103.52592468261719,106.06186370242865,103.18515333768455,103.86272619863581,14470895
2005-09-29,103.01681518554688,104.03176208815489,101.83271046583752,102.84765736844554,12562851
2005-09-30,105.8924560546875,106.90740267251482,103.86257512857804,103.86257512857804,16914603
2005-10-03,108.93727111816406,109.95221761971347,106.2307594235761,106.56907492409256,17004022
2005-10-04,108.5989761352539,109.95223839299163,107.07656840484505,109.6139228285572,14848415
2005-10-05,110.96717071533203,113.67368257075069,108.26065885991338,108.76811983129949,24982632
2005-10-06,109.27558898925781,110.29053551282502,108.59895797354633,109.27558898925781,10385783
2005-10-07,107.9223403930664,109.61390564044498,107.2457093702973,109.10643237336816,9603660
2005-10-10,93.43926239013672,93.43926239013672,93.43926239013672,93.43926239013672,0
2005-10-11,107.24571990966797,109.10644309559788,107.07656213735204,108.42982431587951,8244483
2005-10-12,106.23075103759766,108.09148614354963,105.72327782688349,106.5690665114071,7822422
2005-10-13,104.20087432861328,107.07655630124789,102.00183571790798,105.89245195957481,13567927
2005-10-14,103.1859359741211,105.8924540831643,103.1859359741211,105.55413855018733,6563395
2005-10-17,96.08133697509766,104.20087921023726,96.08133697509766,103.86257597774075,17203130
2005-10-18,97.43461608886719,97.77293171111884,94.72809726562808,97.09630046661553,16264821
2005-10-19,95.7430419921875,95.7430419921875,93.5439966514823,95.4047263774984,11355091
2005-10-20,97.77290344238281,98.78785001568983,95.06638540166975,96.41964749941243,12415011
2005-10-21,97.09628295898438,98.78786076523075,95.06639574626172,95.404711307511,11697270
2005-10-24,95.40470123291016,98.28037704508873,95.40470123291016,98.1112192823269,5480822
2005-10-25,95.7430419921875,98.44956075492635,95.7430419921875,97.6037717182036,6972340
2005-10-26,93.88229370117188,96.41965415480921,89.65336166336725,95.40470751144518,15023677
2005-10-27,93.54397583007812,95.40470514192542,91.00661543945998,93.03650252099999,9651350
2005-10-28,91.68324279785156,93.54397203419303,90.83745398370893,91.8524005606801,8672504
2005-10-31,97.94204711914062,97.94204711914062,93.37480050563873,94.05143145720092,11006951
2005-11-01,98.78784942626953,101.1560457736447,98.78784942626953,99.80278983874857,16372124
2005-11-02,105.04666137695312,105.04666137695312,100.31026255425563,101.15604520073593,19466041
2005-11-03,103.01681518554688,108.59899853079374,103.01681518554688,107.92237957193701,19615074
2005-11-04,106.56908416748047,107.92234628692302,104.53919098831665,106.56908416748047,14593271
2005-11-07,107.24571990966797,107.24571990966797,104.53919555261304,106.56908882040425,9586968
2005-11-08,104.37003326416016,107.5840307990918,104.20087549916374,107.5840307990918,9439128
2005-11-09,107.41487121582031,107.92234450221922,103.52425499630662,104.20087373529388,12376858
2005-11-10,107.41487121582031,109.27559428973836,106.9073979294214,108.26066002648516,12965835
2005-11-11,107.9223403930664,110.79800993029089,107.58402488168186,109.27559012906043,11700847
2005-11-14,108.42982482910156,110.29054802383868,107.92235150975178,107.92235150975178,9100526
2005-11-15,106.39994812011719,108.42984171360781,105.72331692228697,108.42984171360781,7476667
2005-11-16,107.24571990966797,108.59896977865009,106.3999310480883,106.3999310480883,8307672
2005-11-17,105.21581268310547,107.24570568159483,103.01677424428573,107.24570568159483,17399853
2005-11-18,109.27558898925781,110.96716652853648,106.56907723595594,106.56907723595594,22971288
2005-11-21,111.98213195800781,113.33538190835544,109.10644965573363,109.95223856816722,18345316
2005-11-22,108.5989761352539,111.64381621516378,108.5989761352539,111.64381621516378,9690695
2005-11-23,110.96717071533203,110.96717071533203,109.10643535191988,109.61390863285047,9098141
2005-11-24,110.12138366699219,111.13633024501205,108.76812156296572,110.96717248200873,7588739
2005-11-25,114.35033416748047,115.53443870250516,110.6288750812353,111.13634845338872,17869604
2005-11-28,120.10166931152344,120.43998484385803,115.53442193455133,117.39514505284669,20210012
2005-11-29,117.3951644897461,119.42505801983935,117.3951644897461,118.41011125479272,9437936
2005-11-30,118.57923126220703,120.94743962598986,117.73344256085602,118.07175804139642,13384319
2005-12-01,118.24091339111328,119.42501754906489,116.88766380585422,118.07175565426304,9269827
2005-12-02,121.793212890625,122.97731704211326,119.76333236904497,121.11659425646013,14842454
2005-12-05,127.20628356933594,128.05207248460005,122.46987795340314,123.48482465172005,15857068
2005-12-06,126.19132232666016,126.19132232666017,123.82312594641665,123.82312594641665,8566393
2005-12-07,117.3951644897461,126.19134516772303,117.3951644897461,125.17641071222334,19783182
2005-12-08,116.38024139404297,117.2260181379239,113.84287423375568,116.7185570154146,12592658
2005-12-09,118.07180786132812,119.08675473120215,116.38024205441963,116.38024205441963,12676116
2005-12-12,114.68864440917969,116.04190667191627,110.29055436483193,115.02695997486384,11693693
2005-12-13,115.19611358642578,118.24094125778299,113.67369359597434,114.6886402562753,10931838
2005-12-14,117.3951644897461,117.73348007809497,114.85780988667646,117.05684890139722,9740770
2005-12-15,116.8876953125,118.74841860986085,116.88769531250001,118.74841860986085,5529705
2005-12-16,120.27083587646484,124.4997680304826,118.41010031249688,118.41010031249688,17823106
2005-12-19,121.45490264892578,122.63900685140456,119.59417978314524,121.11659947204652,10357169
2005-12-20,120.10166931152344,121.11661590852722,119.76335377918885,121.11661590852722,5399748
2005-12-21,120.10166931152344,120.43998484385803,118.07177611751587,120.27082707769074,8438821
2005-12-22,103.3982925415039,105.7415990278796,103.3982925415039,104.56995193946413,10822323
2005-12-23,122.63905334472656,122.63905334472656,118.41012047077047,120.44001415885239,11940491
2005-12-26,109.8423843383789,111.16049048853033,108.08491357469225,108.08491357469225,20094076
2005-12-27,126.19132232666016,128.897846543561,124.49975700064186,127.20626890799798,14359588
2005-12-28,127.8829116821289,127.8829116821289,123.48482173614417,124.49976841049738,9733616
2005-12-29,133.465087890625,136.34075743313457,127.37542098405537,127.88289425206486,25277120
2005-12-30,130.92774963378906,136.5099444696963,130.92774963378906,133.46511651808638,19505386
2006-01-02,134.81834411621094,134.98750188035353,128.55953146202467,128.55953146202467,16450813
2006-01-03,135.32582092285156,140.23138390083213,133.97255877456863,134.81834761724545,19948907
2006-01-04,131.2660369873047,137.355703890382,130.58940596368006,137.01738837856968,20680955
2006-01-05,132.95762634277344,136.67908499334382,131.09689086271564,132.61931080094476,18491964
2006-01-06,125.17639923095703,136.34077569382478,125.17639923095703,133.9725667925964,33435760
2006-01-09,123.48480224609375,126.86794498375168,121.79322472249284,125.85299846959113,19402851
2006-01-10,120.77830505371094,124.49976374397171,120.27083173555556,123.48481710766094,13417702
2006-01-11,122.30071258544922,122.63902813057304,119.42504276144201,120.43998939681352,17780184
2006-01-12,118.41009521484375,123.31565827184309,117.90262190106327,122.63902718680245,15235900
2006-01-13,117.3951644897461,120.60916257906044,117.3951644897461,119.08674243149048,10451357
2006-01-16,117.3951644897461,119.76337360818825,116.54938782842085,117.56432228392053,13579850
2006-01-17,118.57923126220703,122.13153149833825,118.41007352193682,119.08670448301763,20952790
2006-01-18,113.50452423095703,117.05682486979083,110.45969687046298,116.7185216604421,25206777
2006-01-19,110.12138366699219,113.8428421435203,108.93727932596903,112.99705332850375,20028788
2006-01-20,109.95222473144531,112.65874891063555,109.95222473144531,111.30548682104043,12539006
2006-01-23,110.62883758544922,111.47462625237242,107.58401069406821,107.92232616083749,11446895
2006-01-24,111.30548858642578,113.16621167958694,111.13633082254343,111.64380411419049,8735694
2006-01-25,108.09150695800781,111.30549226855045,107.5840336495729,111.30549226855045,13117252
2006-02-03,111.30548858642578,113.16621167958694,110.79801529477872,111.9821196419552,13492815
2006-02-06,113.33536529541016,113.33536529541016,106.73823736454182,108.26065718376265,10326170
2006-02-07,113.67367553710938,115.70356853523062,111.98211034821873,112.99704453773562,11663887
2006-02-08,113.33536529541016,115.5344161453958,113.33536529541016,115.02694287232218,8870420
2006-02-09,112.15129089355469,115.70359205275187,112.15129089355469,115.36527648430013,7830768
2006-02-10,108.42982482910156,112.99706008415878,107.75319373663518,112.82790231104218,10619466
2006-02-13,110.96717071533203,110.96717071533203,106.23076573619103,108.26065885991338,9654927
2006-02-14,112.4896011352539,113.33537770678676,110.1213922682341,110.6288655968812,8362516
2006-02-15,116.38024139404297,118.07180719135299,110.79804595095911,111.6438350043882,26501572
2006-02-16,116.71853637695312,118.9175752174811,116.71853637695312,118.07178631360651,12140791
2006-02-17,115.02696228027344,117.73347455044531,114.68864670780866,117.39515897798053,8553278
2006-02-20,115.02696228027344,115.703593425203,113.50454220418192,114.35033113534388,5601241
2006-02-21,114.01203155517578,116.54939870457432,114.01203155517578,115.53445184481491,7301404
2006-02-22,110.96717071533203,115.53441793416285,110.62885519471165,115.19610241354245,10733923
2006-02-23,107.9223403930664,111.47464095305999,107.9223403930664,111.3054831973677,11682963
2006-02-24,110.96717071533203,110.96717071533203,107.7531855789828,107.7531855789828,6842384
2006-02-27,113.50452423095703,114.35031302818994,109.44475031378349,109.95222359212323,8364901
2006-03-01,118.24091339111328,118.9175443385142,112.32041722044077,113.33535133199938,18911640
2006-03-02,115.36528778076172,120.44000949490385,115.36528778076173,120.10169389332454,11629311
2006-03-03,115.53440856933594,118.91755119176932,115.02693532953941,116.04188180913248,11344361
2006-03-06,118.57923126220703,119.76333544409844,116.04187746769702,116.04187746769702,13483276
2006-03-07,115.7035903930664,117.90262924691294,115.7035903930664,117.73347146511351,8536587
2006-03-08,113.33536529541016,116.71852044923422,112.32043105880723,115.5344161453958,12163444
2006-03-09,114.01203155517578,115.53445184481491,113.67371593525597,114.35034717509559,7089182
2006-03-10,112.827880859375,114.68861600988087,111.81294672318761,114.01198504606056,9809921
2006-03-13,116.04190826416016,116.04190826416016,112.8279103460606,114.35033041252882,7874882
2006-03-14,113.50452423095703,116.04189062265576,112.48958998382197,115.36525958486943,7173833
2006-03-15,119.4250717163086,119.4250717163086,114.68866524576835,115.02698087291753,17354547
2006-03-16,121.11661529541016,126.02216587033905,119.08672211167833,119.76335317292227,29894746
2006-03-17,124.66893005371094,125.00724562231487,122.13156328918139,122.46987885778533,15916681
2006-03-20,124.83806610107422,128.559524398187,124.83806610107423,126.19131583031445,17526233
2006-03-21,119.76336669921875,126.52965345676544,118.41010442389091,125.51470675026957,14304744
2006-03-22,119.93253326416016,120.94748004496252,117.73348190575501,118.41011309295659,9384284
2006-03-23,120.44001770019531,122.80821476304263,119.9325442632534,121.11664894945119,12385204
2006-03-24,120.77830505371094,123.48481710766094,119.76335841740017,122.13155492591325,12735729
2006-03-27,121.793212890625,122.80815930618635,121.11659425646013,122.80815930618635,6966379
2006-03-28,121.9624252319336,123.48484553689822,121.11664848316815,122.46989866692181,8264751
2006-03-29,126.3604965209961,127.20628544875638,122.80819533394924,122.80819533394924,15737842
2006-03-30,124.83806610107422,128.2212088884909,124.49975059137815,127.54457786909876,15108328
2006-03-31,127.037109375,128.22121370340128,125.85300504659872,126.86795161379982,14054369
2006-04-03,127.037109375,128.22121370340128,126.86795161379982,127.8828981810009,7402747
2006-04-04,127.20628356933594,130.92774248695181,127.20628356933594,127.88291470154722,14187903
2006-04-06,128.55953979492188,129.23617089534972,127.37543536917318,128.8978553451358,11903531
2006-04-07,126.86796569824219,128.8978590579961,126.3604923583037,128.5595434980371,7817653
2006-04-10,126.19132232666016,128.5595310164484,125.68384903599126,126.86795338088537,5619124
2006-04-11,127.54460906982422,127.71376686605264,125.51471551508304,127.20629347736735,6361903
2006-04-12,129.23619079589844,129.23619079589844,127.20629718203998,127.54461278434972,6744619
2006-04-13,125.85298156738281,130.25107022853265,125.85298156738281,130.25107022853265,7544626
2006-04-14,127.8829116821289,128.22122724024663,125.85301833342248,126.19133389154022,5933881
2006-04-17,123.48480224609375,127.71373374555215,123.48480224609375,127.71373374555215,7213177
2006-04-18,123.9922866821289,125.1763910554066,122.13155123840684,122.46986677362904,5130298
2006-04-19,123.82312774658203,126.19132416125485,121.7932345543954,125.34554764072199,9647774
2006-04-20,125.17639923095703,126.19133359336622,123.48482144436532,125.17639923095703,11166714
2006-04-21,131.4352264404297,133.63427779753792,125.51471586545472,126.19134705225724,24480690
2006-04-24,131.94268798828125,133.9725690569538,131.09689908069018,131.2660568622084,16181363
2006-04-25,130.5894012451172,134.6491749306296,130.25108574552917,133.97254393145357,14031716
2006-04-26,124.499755859375,129.91277962446705,123.82312481135236,128.55952983796632,25070859
2006-04-27,124.3305892944336,126.69878548529371,124.16143154440475,125.51468123509179,11892801
2006-04-28,126.02214813232422,126.19130587382573,124.33058302685234,125.51467490781972,6097221
2006-05-02,125.17639923095703,127.88291137995793,124.66892589497952,127.20628026532125,8130026
2006-05-03,127.37544250488281,129.40533591988313,125.85302244363257,126.02218022821593,9451051
2006-05-04,128.22122192382812,130.58941842291424,128.05206415178301,128.05206415178301,10026913
2006-05-05,129.23619079589844,131.6043877025192,128.72871739243382,130.2511252932802,19704493
2006-05-08,138.2014923095703,138.2014923095703,130.08193235678988,131.60435215597573,30098622
2006-05-09,136.34075927734375,140.90800644166367,136.34075927734375,139.216428858751,24367425
2006-05-10,136.50994873046875,139.38561897954813,134.98752855237234,138.3706721941505,14384626
2006-05-11,140.2313995361328,141.41550404790382,135.3258360111994,135.3258360111994,11367014
2006-05-12,135.32582092285156,138.03234521941744,135.32582092285156,135.49497869138693,10584891
2006-05-15,131.94268798828125,133.9725690569538,131.94268798828125,133.9725690569538,8770270
2006-05-16,132.11183166503906,135.15665909774359,132.11183166503906,133.63425153616367,7104681
2006-05-17,131.6043701171875,133.63426345980614,130.75858122442972,133.63426345980614,7101105
2006-05-18,110.86756896972656,113.65023984582606,110.86756896972656,112.18567493108486,14565176
2006-05-19,109.40302276611328,111.59987051395052,109.2565637876816,110.42821099604305,13752710
2006-05-22,121.793212890625,127.20624813074289,121.793212890625,126.8679326588891,9855227
2006-05-23,117.05683135986328,120.60914450519515,116.71852813175772,120.10167119871916,11914261
2006-05-24,121.793212890625,123.31563251396705,117.73343953792225,119.2558591612643,11488624
2006-05-25,120.10166931152344,123.48481232532447,118.74840718218506,122.80818126065527,9719309
2006-05-26,118.41009521484375,123.48481604310325,117.73346412980311,121.79323833050165,8418553
2006-05-29,103.3982925415039,104.56995193946413,101.78727471754645,103.98412839525639,5184635
2006-05-30,119.4250717163086,120.77833422490534,117.56433576698807,120.10170297060696,4488861
2006-06-01,125.34555053710938,127.88290477642896,122.46986844839596,123.8231306077905,12497277
2006-06-02,126.69879150390625,128.89784235874345,125.85300271358425,127.20626477809945,11712769
2006-06-05,121.45490264892578,128.8978310406777,120.43996849920151,128.55951555425517,11910685
2006-06-06,126.69879150390625,126.69879150390625,121.79322882958296,123.48480641022697,7682928
2006-06-07,118.7484130859375,124.83808066117209,118.0717819876286,123.14650291539984,12554505
2006-06-08,110.62883758544922,117.56428003513442,110.45967985206457,117.39512230174978,16527118
2006-06-09,112.65876770019531,114.0120177059449,106.90741516973316,111.64382096372319,14347666
2006-06-12,110.96717071533203,112.9970515295099,109.44475087254027,111.13632847564223,6403632
2006-06-13,104.20087432861328,107.58402959053636,103.52425558577336,107.58402959053636,13619194
2006-06-14,102.34016418457031,103.52426867596827,100.4794347100038,101.83269083111405,20868140
2006-06-15,102.1709976196289,105.55414070904774,101.66352430978431,103.18593808454553,13669269
2006-06-16,104.20087432861328,107.4148718274402,103.35509782267721,104.8775053809979,16906257
2006-06-19,101.32520294189453,105.21581911737864,100.9868935762295,103.69341158495541,7969070
2006-06-20,96.75794982910156,102.50930101650303,94.72806298495159,101.49435451704211,14117559
2006-06-21,94.72806549072266,99.12615479518227,93.37480961041662,97.6037411604915,13590580
2006-06-22,101.32520294189453,101.32520294189453,97.43458676641042,98.7878488481595,9113641
2006-06-23,103.35511016845703,104.8775179086295,100.47943400709492,101.49437455213426,10075795
2006-06-26,103.5242691040039,104.53920350556658,101.83269125215561,101.83269125215561,7418246
2006-06-27,101.494384765625,103.35512056919565,100.98691751942489,102.84764716822184,13100561
2006-06-28,99.12616729736328,100.31027172740048,96.9271223677813,99.80279840024168,10113948
2006-06-29,100.14112091064453,102.17100820556696,100.14112091064453,101.15606148071913,11288324
2006-06-30,101.494384765625,103.18595661409735,101.494384765625,103.18595661409735,10190252
2006-07-03,100.98689270019531,103.35509516794043,100.81773494144407,101.8326753391793,5869499
2006-07-04,103.69342803955078,105.55415138768024,101.49437680775202,101.8326923818749,9405745
2006-07-05,101.8326644897461,104.0317151192214,101.8326644897461,103.5242418970348,4623587
2006-07-06,102.1709976196289,102.67847092947352,100.47942607491949,101.49436653983611,6462053
2006-07-07,104.03174591064453,104.7083647642833,101.6635368394954,102.17101021188451,9143447
2006-07-10,105.04666137695312,105.21581913720362,102.84762280324101,103.18593216896979,6559818
2006-07-11,102.50931549072266,105.21582756189835,102.50931549072266,104.70835424051313,6778002
2006-07-12,101.8326644897461,104.8774915133227,101.8326644897461,103.18592026080553,6917496
2006-07-13,101.32520294189453,102.67846502364361,100.9868935762295,101.32520294189453,4769043
2006-07-14,97.43461608886719,99.63366147872883,97.43461608886719,98.78787857787378,8424514
2006-07-17,93.88229370117188,97.43459464340049,92.69818928391385,96.75796354782447,8046567
2006-07-18,95.23553466796875,96.25048115073285,94.38975208710376,94.38975208710376,3539822
2006-07-19,94.05144500732422,96.75795689396105,94.05144500732422,96.41964752421069,4418518
2006-07-20,97.77290344238281,98.11121896681848,96.58880526163027,97.43458791794714,5802733
2006-07-21,96.75794982910156,96.75794982910156,95.74300948441251,96.41964048405312,4445940
2006-07-24,96.75794982910156,96.75794982910156,94.72806298495159,95.91216723432267,2465595
2006-07-25,98.78784942626953,100.14110536116567,98.44953390385243,98.44953390385243,5825386
2006-07-26,84.06600952148438,86.26285668537369,84.06600952148438,85.53060507126743,5457293
2006-07-27,87.58100891113281,88.1668016901833,84.0660245102486,84.0660245102486,9358507
2006-07-28,101.494384765625,103.86259397016946,100.31028631812647,100.81775971910028,8593815
2006-07-31,100.98689270019531,103.6934106854429,100.81773494144407,103.52425292669167,7111835
2006-08-01,99.80279541015625,101.6635247325517,98.44953939971573,100.47942649276283,11045103
2006-08-02,101.37043762207031,102.33038772636856,99.45054376394621,100.21850003710138,10944953
2006-08-03,99.83452606201172,102.71437023607048,99.83452606201172,101.1784575768877,8900768
2006-08-04,102.9063720703125,104.82626621857564,99.83453381252347,99.83453381252347,11479303
2006-08-07,105.59422302246094,106.17019190424908,102.1384097317321,102.90637247443185,9608537
2006-08-08,107.51410675048828,108.28206946406426,106.36217538107053,108.28206946406426,6346078
2006-08-09,109.43401336669922,109.43401336669922,106.93815028275012,107.51411282476286,7540507
2006-08-10,109.43401336669922,110.96992617968014,109.05003833869073,109.05003833869073,6892351
2006-08-11,109.24199676513672,110.393934243386,108.28204674977171,109.81795915378957,4834075
2006-08-14,109.62598419189453,111.16189677105724,109.43399670711732,109.81797167667175,4103544
2006-08-15,110.7779312133789,110.7779312133789,109.05003100263372,109.81798100698887,4474229
2006-08-16,112.88980865478516,114.04174625540203,112.12184602072558,112.69782117150649,8682909
2006-08-17,115.19369506835938,118.26552050170291,113.84976985365331,114.23374485758471,15294537
2006-08-18,115.5776596069336,118.26550979296555,115.5776596069336,117.49755985463928,6503240
2006-08-21,108.8580551147461,115.96165691758856,108.66605489222823,115.57768187444772,7587
2006-08-22,112.5058364868164,113.65777411608781,109.43399857511096,109.43399857511096,5419
2006-08-23,113.27378845214844,113.46577594361482,109.4340005199844,112.12185080240468,6074026
2006-08-24,113.46577453613281,115.96163729612688,112.5058370907084,112.69782457979329,5619883
2006-08-25,111.3539047241211,115.19369279033963,111.3539047241211,114.61771759488661,4461222
2006-08-28,111.3539047241211,111.3539047241211,109.62599183870792,111.3539047241211,3796808
2006-08-29,111.3539047241211,113.08180490858837,111.3539047241211,113.08180490858837,3087955
2006-08-30,115.001708984375,115.38568399304084,112.50584602615436,112.8898210348202,5945045
2006-08-31,115.19369506835938,117.88154549777151,115.19369506835938,117.11358278896255,9009155
2006-09-01,121.33734130859375,122.10529120679061,116.34561616653679,116.34561616653679,14703826
2006-09-04,119.5820083618164,121.41047423301735,117.20498875821778,117.38783153505494,14119998
2006-09-05,123.44923400878906,126.13709714241826,122.87327150219106,125.94509693927276,6295136
2006-09-06,123.44923400878906,125.75310943707342,122.10530879244756,122.87327150219106,7049512
2006-09-07,126.71305084228516,126.71305084228516,122.68127547347454,122.68127547347454,11130296
2006-09-08,122.50758361816406,122.50758361816408,119.76489026579735,121.04481552369478,10925444
2006-09-11,125.56110382080078,130.16885401263238,125.17712887179626,128.82492899017222,9439453
2006-09-12,123.25724029541016,126.13709078611723,122.87326531036075,125.5611156075976,6367756
2006-09-13,121.7213134765625,125.94507592297231,120.56937595464272,125.94507592297231,7153564
2006-09-14,119.03350830078125,122.87329725229694,118.07355788766513,122.87329725229694,6641976
2006-09-15,122.10531616210938,122.10531616210938,118.84150302584102,118.84150302584102,6037174
2006-09-18,125.94506072998047,127.09699811293986,123.64119866500423,124.40914845301548,10479972
2006-09-19,123.25724029541016,125.5611156075976,123.25724029541016,125.17714062254821,6559601
2006-09-20,124.4091796875,124.79316737885306,122.10530434316445,123.25724201533222,7542675
2006-09-21,122.29727935791016,126.71302894121483,122.29727935791016,125.94506641758036,7091783
2006-09-22,122.4892807006836,123.83320574370275,122.1052930448606,122.29729322324437,5404192
2006-09-25,120.95335388183594,122.87325403276098,119.60942885656615,122.1052914322021,4629223
2006-09-26,119.80140686035156,122.29728193961593,119.80140686035156,121.91329431922114,5282799
2006-09-27,122.10531616210938,122.6812914044165,120.7613908646553,121.7213411345359,6031755
2006-09-28,119.60945129394531,122.6812895714786,119.03348876119037,122.6812895714786,5765122
2006-09-29,120.56940460205078,121.52935488189306,119.99344205471365,119.99344205471365,3207181
2006-10-02,122.4892807006836,122.4892807006836,119.99341809208451,120.95335547928067,5515831
2006-10-03,122.29727935791016,122.87324172492869,121.33732937860286,122.10527920129422,4428706
2006-10-04,124.02521514892578,124.98516540678666,122.8732773796821,122.8732773796821,8773955
2006-10-05,128.0570068359375,129.20894474771623,125.75313101238007,126.71308138902039,14320135
2006-10-09,121.9590072631836,121.95900726318361,121.95900726318361,121.95900726318361,0
2006-10-11,131.7047882080078,132.85672594574788,128.82495021413084,129.40091273252767,13608030
2006-10-12,128.44097900390625,132.08877983123895,128.44097900390625,131.7047921066614,10472384
2006-10-13,127.67302703857422,130.936853117929,127.28905198251408,130.936853117929,8032585
2006-10-16,129.40089416503906,129.9768693017367,127.86498163541961,129.40089416503906,6930286
2006-10-17,123.25724029541016,128.63295359082937,123.25724029541016,126.71305326369134,7048428
2006-10-18,119.41744995117188,122.10530019459412,118.26551231814157,121.72132521723245,8809723
2006-10-19,118.84148406982422,121.1453592696753,117.88153395306212,119.03347155298766,5222102
2006-10-20,119.80140686035156,120.7613568599235,119.60941940062585,120.56936940019779,3307981
2006-10-23,122.4892807006836,122.4892807006836,119.80141791370075,121.33734313510367,4081867
2006-10-24,125.36911010742188,126.71303506300286,122.87324766120808,122.87324766120808,9772202
2006-10-25,124.7931900024414,127.48104082446116,124.7931900024414,126.32910294346011,4821068
2006-10-26,120.31339263916016,121.22764482276654,120.31339263916016,120.67910367335936,6538195
2006-10-27,126.13706970214844,127.09700700431722,125.17711969903625,126.7130320834497,2279385
2006-10-30,125.17713165283203,125.56110661036726,124.21718155804938,124.79315669529682,3280884
2006-10-31,124.60115814208984,126.71304583799072,123.64122073572108,126.71304583799072,3893273
2006-11-01,125.36911010742188,126.3290601331065,124.79314771257732,124.79314771257732,3466227
2006-11-02,125.36911010742188,126.13707266815831,123.8331976868927,124.60114754668544,3180084
2006-11-03,125.94506072998047,127.09699811293986,125.36909838897205,125.36909838897205,6798054
2006-11-06,122.29727935791016,124.02517915990884,122.10527920129422,122.87324172492869,5402025
2006-11-07,122.87328338623047,123.83323369101763,122.87328338623047,123.25725842776637,3685169
2006-11-08,122.87328338623047,124.60118377408945,122.10532060221125,122.87328338623047,6256117
2006-11-09,120.95335388183594,124.4091665329344,120.95335388183594,124.21717905803078,5033508
2006-11-10,120.95335388183594,121.91330395729847,120.1854039822214,121.72131648239483,3497659
2006-11-13,118.64950561523438,121.91331847926081,118.45750541651587,121.91331847926081,4214099
2006-11-14,119.03350830078125,119.41748338564818,118.07355788766513,118.64953321591433,4838410
2006-11-15,121.7213134765625,121.91330094672512,120.56937595464272,120.56937595464272,5046514
2006-11-16,123.83319091796875,125.75307816345014,123.25721585366423,123.64120346351491,6560685
2006-11-17,124.02521514892578,125.75311545231794,124.02521514892578,125.75311545231794,4573945
2006-11-20,125.75311279296875,126.52107552320639,124.79317525635481,125.94510030029153,5720683
2006-11-21,127.0970230102539,128.0569731342572,124.98514797858064,125.75309791702728,6271291
2006-11-22,125.56110382080078,127.48100396771206,125.56110382080078,127.48100396771206,2349837
2006-11-23,124.4091796875,126.3290800414282,124.02520469709263,125.94509235007513,3324239
2006-11-24,124.4091796875,124.98515487405673,122.87326702492486,124.79316737885306,2747619
2006-11-27,128.0570068359375,130.16889512435654,126.3291063187436,127.8650193007991,8242857
2006-11-28,126.52107238769531,127.48102260146577,125.56112217392487,127.48102260146577,3400110
2006-11-29,125.56110382080078,127.86497891671658,124.79315392279173,127.86497891671658,4764707
2006-11-30,127.0970230102539,127.09702301025389,125.1771354631923,126.52106055641892,2925374
2006-12-01,127.86500549316406,129.78490603912226,127.09704273459138,127.09704273459138,7033254
2006-12-04,129.59288024902344,129.97686790300452,126.32906774632336,128.44095538991363,4750617
2006-12-05,133.24069213867188,134.584629994534,129.97687934856555,130.5528418288388,13161474
2006-12-06,134.58462524414062,135.5445626773801,132.4727374891235,134.3926250565476,7872172
2006-12-07,130.7448272705078,134.0086527103411,130.16886479927302,134.0086527103411,5282799
2006-12-08,129.0169219970703,130.55283455989445,127.864984399716,130.55283455989445,3032677
2006-12-11,128.63296508789062,129.01694010725924,127.09703960852278,128.63296508789062,2308650
2006-12-12,125.17713165283203,128.248956715003,122.87325650573149,128.248956715003,4885017
2006-12-13,125.17713165283203,125.75309408913486,120.37739387986335,124.60115651558459,5850748
2006-12-14,127.28903198242188,128.44096967055373,123.8332189180263,125.75310659761548,5953716
2006-12-15,128.824951171875,129.01693867943462,127.6730134255709,128.6329636643154,3882434
2006-12-18,129.0169219970703,131.32079719177895,128.2489593651858,128.2489593651858,4646565
2006-12-19,127.0970230102539,130.9368235062671,127.09702301025389,129.0169232582605,3634227
2006-12-20,129.0169219970703,129.20890947980521,127.67299691698108,128.0569718824509,3451052
2006-12-21,127.28903198242188,129.0169321641467,126.90504428574734,128.63295716841807,2257708
2006-12-22,128.24896240234375,128.44096259057042,126.90503729042804,126.90503729042804,1631229
2006-12-25,127.0970230102539,128.24896061886886,127.09702301025389,128.24896061886886,1546687
2006-12-26,129.0169219970703,129.7848846289548,127.864984399716,127.864984399716,3096626
2006-12-27,128.824951171875,131.70478918716202,128.44097615675582,129.4009136945538,3831492
2006-12-28,130.5527801513672,130.93676765775317,129.40084303408844,130.5527801513672,2931877
2006-12-29,129.40089416503906,130.9368193956031,129.01691920787033,130.55283173748978,3354588
2007-01-02,138.42442321777344,138.42442321777344,129.784896779266,129.784896779266,12744183
2007-01-03,143.6081085205078,145.71999601813187,139.19234606201087,139.38433352525968,18152712
2007-01-04,145.5280303955078,147.4479308855779,143.60814260638432,143.9921176240197,9593363
2007-01-05,143.2241668701172,147.06395513004455,142.8401791534619,146.29599239768046,6591034
2007-01-08,137.8484344482422,142.07220985192856,137.8484344482422,142.07220985192856,7234855
2007-01-09,137.65646362304688,139.76835158043136,137.46447611800215,138.23242613818098,5153818
2007-01-10,138.6164093017578,138.6164093017578,134.3926335255543,135.92855891741698,6104375
2007-01-11,136.31253051757812,142.8401688169948,134.00865518814973,139.7683435117207,12409266
2007-01-12,136.31253051757812,139.38435582285223,135.92855552965526,137.4644681822923,7382261
2007-01-15,140.15232849121094,141.11227873039928,135.92856522010732,137.65646548988911,5455134
2007-01-16,140.92025756835938,144.37606998355693,140.92025756835938,140.92025756835938,7872172
2007-01-17,142.45619201660156,143.03215449115788,139.0003790664273,140.1523167164854,4478564
2007-01-18,146.48797607421875,146.6799635770518,142.26421290905296,143.60813812983054,8454212
2007-01-19,145.33604431152344,148.21589507486183,145.14405680082356,145.5280318222233,5616632
2007-01-22,145.91200256347656,146.48796502854628,144.9520524207485,146.10399005183314,4696423
2007-01-23,143.03216552734375,146.29599123783203,142.84017802101147,145.5280285115564,5894103
2007-01-24,144.76004028320312,146.8719276974117,144.76004028320312,145.52799010586583,5681664
2007-01-25,143.99209594726562,146.10398362822713,142.45618340699573,145.5280084875355,3665659
2007-01-26,142.0722198486328,144.18409499813018,141.49624466171846,142.0722198486328,4914282
2007-01-29,139.00039672851562,142.07223508597554,138.0404464480002,142.07223508597554,6410027
2007-01-30,141.30426025390625,142.07222295292354,139.0003848578004,140.9202852548706,7529668
2007-01-31,137.8484344482422,141.30424722372788,135.92854692915776,141.30424722372788,6256117
2007-02-01,137.8484344482422,139.38434700369868,135.35257178277107,139.00037204007074,2938380
2007-02-02,138.42442321777344,141.11227362958533,138.23242301611882,139.0003857198991,4926204
2007-02-05,137.8484344482422,138.42440959462888,136.88848433822756,138.42440959462888,3305813
2007-02-06,139.00039672851562,139.1923842444293,137.46448390025918,139.00039672851562,3701427
2007-02-07,142.8401641845703,143.9921018119262,140.15231395438826,140.92027660627394,7494984
2007-02-08,142.8401641845703,143.9921018119262,141.30425158174418,143.22415186098576,3485736
2007-02-09,139.76832580566406,143.22413836201923,139.76832580566406,142.84015072179488,4315983
2007-02-12,136.50450134277344,139.19235133190736,135.1605763482065,138.6163889203547,5985149
2007-02-13,135.7365264892578,137.8484138759257,135.3525515829338,136.50448900284874,3109632
2007-02-14,139.3843536376953,139.57635382959234,136.31252838057884,136.69650336248205,5982981
2007-02-26,140.92025756835938,142.8401448872846,140.92025756835938,141.68820741555206,6195420
2007-02-27,135.30686950683594,136.2210833998643,133.84405107233118,134.75831576913245,4596652
2007-03-01,138.23245239257812,141.11230361805602,136.69653935955918,140.1523532095634,9612873
2007-03-02,136.12057495117188,138.0404630420482,135.35261209425218,137.4645004250699,5315315
2007-03-05,125.36911010742188,132.85669744606327,124.9851351775255,132.85669744606327,8647142
2007-03-06,127.67302703857422,128.44098985164237,125.17716377228759,126.32910164141586,5692503
2007-03-07,127.48101806640625,130.1688684085879,127.48101806640625,130.1688684085879,4822152
2007-03-08,131.7047882080078,131.8967757141401,127.67301247639077,127.67301247639077,5997071
2007-03-09,130.5527801513672,133.24062919137106,130.1688053459208,132.85665438592468,3199594
2007-03-12,129.7848663330078,131.70475359065267,129.7848663330078,131.32077867931233,2631644
2007-03-13,136.31253051757812,136.31253051757812,129.78489221816145,129.78489221816145,7901437
2007-03-14,134.0086669921875,135.16060475836915,132.85672922600585,132.85672922600585,5482231
2007-03-15,138.23245239257812,139.76837812654583,136.12057673503287,136.31256427654162,6212762
2007-03-16,136.31253051757812,140.5362934875664,136.31253051757812,139.57635601775928,4226022
2007-03-19,135.92857360839844,137.84846150430687,135.5445858684589,137.46448646531465,1505500
2007-03-20,135.7365264892578,138.2323887822497,135.3525515829338,137.08046406327767,2816987
2007-03-21,139.00039672851562,139.5763719772037,135.92857107200277,137.08050886843185,3205013
2007-03-22,143.2241668701172,145.1440546496076,142.07222912204435,143.2241668701172,11241935
2007-03-23,144.18409729003906,144.37609748935964,141.3042594125274,143.22415979816577,5016166
2007-03-26,143.41615295410156,144.3761031847894,142.4562027234137,144.18410297789472,3609298
2007-03-27,143.99209594726562,146.67994606797407,143.99209594726562,143.99209594726562,6997486
2007-03-28,140.53628540039062,145.1440357940939,140.53628540039062,143.9920981956681,4591287
2007-03-29,143.99209594726562,144.7600585678729,138.80838318576434,138.80838318576434,4823236
2007-03-30,145.91200256347656,146.67995251690283,143.4161398129507,145.14403990910503,4860088
2007-04-02,144.37608337402344,147.831883408793,144.37608337402344,147.63989592918855,3326407
2007-04-03,148.2158966064453,148.2158966064453,144.18410803629857,144.37610824992922,6141226
2007-04-04,147.83189392089844,149.5598067620972,147.06394394787281,148.5998565948696,4895856
2007-04-09,148.79185485839844,148.98384236555182,146.67996687781823,147.83190462168503,3171413
2007-04-10,150.51976013183594,150.51976013183594,148.2158847618499,149.7517974415253,2754122
2007-04-11,151.09571838378906,151.6716808596499,149.36781825526103,151.6716808596499,4568526
2007-04-12,152.63160705566406,153.5915570656558,149.75176972663235,150.13574465025164,5415031
2007-04-13,149.36782836914062,153.20761657104615,149.36782836914062,152.82362886019317,2753038
2007-04-16,149.75181579589844,154.3595671006208,149.17584053233443,151.67170370556784,5411779
2007-04-17,147.44790649414062,150.90371918402414,145.14403136755163,149.75178162072964,4880682
2007-04-18,150.51976013183594,151.0957226238595,146.67995938122866,147.44792207153927,3273297
2007-04-19,146.67994689941406,150.5197473232713,146.67994689941406,149.7517846983109,4466642
2007-04-20,148.9838104248047,149.36779805773455,147.4478979959165,147.8318729279026,1799229
2007-04-23,153.591552734375,154.35951526090054,150.1357404164247,151.4796653121371,6114129
2007-04-24,157.04736328125,157.815313098172,152.82358848440708,153.59155100227207,6539008
2007-04-25,157.23941040039062,158.7753233179838,156.08747253695878,156.6634351182008,4507829
2007-04-26,155.89547729492188,159.3512907141961,155.89547729492188,159.3512907141961,3246200
2007-04-27,155.89547729492188,158.19935290777136,155.70348977734227,156.27945233008106,3358923
2007-04-30,160.503173828125,160.503173828125,155.89542417254657,155.89542417254657,7739940
2007-05-02,165.4949493408203,165.87892436335628,158.96729775202806,160.8871982666015,7258700
2007-05-03,165.68695068359375,167.030876075607,161.84716203484908,166.64690102101687,6161820
2007-05-04,177.01426696777344,177.20625442767792,170.10264220555203,170.10264220555203,11800129
2007-05-07,180.4700927734375,184.30988035998584,178.5501926296912,179.7021301757501,7313977
2007-05-08,181.6220703125,182.19803286188372,176.8223315971807,176.8223315971807,3909531
2007-05-09,175.09439086914062,182.0060165748745,173.9424659524634,181.62204160264878,7186080
2007-05-10,180.4700927734375,181.2380553711249,176.63030518688916,176.63030518688916,5439960
2007-05-11,181.23806762695312,182.38999254996415,177.97424224225304,179.70214232771477,3525840
2007-05-14,191.79750061035156,191.98948811712103,181.04608592274292,182.58201137879163,9926112
2007-05-15,184.5018768310547,190.64553980930492,183.15795174527605,190.06957735866192,6816479
2007-05-16,180.66209411621094,185.84580712093347,179.31816899279937,184.5018819975219,7875424
2007-05-17,178.9341583251953,185.0778202500826,178.9341583251953,181.81399548653715,6251781
2007-05-18,181.04611206054688,182.39003750290348,180.0861743881124,181.6220873649559,6726518
2007-05-21,182.38999938964844,185.46183740237493,182.38999938964844,182.38999938964844,6236607
2007-05-22,189.3016357421875,190.06959846259207,183.54194709151915,185.26986003719284,7281461
2007-05-23,186.61378479003906,193.52539845203728,186.229809781302,191.41352320303727,6850080
2007-05-24,198.90106201171875,199.66902453682764,189.68556251418462,190.83749995137637,14584600
2007-05-25,202.35691833496094,203.50885602269366,195.06131721296893,196.9812048918929,8065102
2007-05-28,196.59716796875,204.27674166729383,195.82920551851885,203.50879191800456,6209510
2007-05-29,198.90106201171875,202.74084923537694,195.82922461222634,198.5170870996359,7066854
2007-05-30,199.28504943847656,201.58892445753852,197.7491369927499,198.90107450228086,4720268
2007-05-31,200.82098388671875,204.27679679394035,199.28507127271314,201.58894654419421,6988815
2007-06-01,203.89285278320312,205.81275336801625,201.58897716180627,201.97295219839,8449877
2007-06-04,205.42874145507812,207.3486418139522,203.8928287885463,205.42874145507812,5844245
2007-06-05,199.66905212402344,204.66077747455316,198.9010894928093,204.66077747455316,9629131
2007-06-06,198.90106201171875,203.89278667256872,195.44524970014345,201.5889117981852,7694417
2007-06-07,201.58892822265625,201.9729031660235,196.59720315510515,198.90107821719707,8565851
2007-06-08,198.90106201171875,200.43697436099342,197.749124574527,197.749124574527,5472476
2007-06-11,200.05303955078125,201.58895220793912,198.90110188267644,200.82098952888737,5854000
2007-06-12,193.90940856933594,200.0530729238043,192.3734956559558,199.66909787069622,9021078
2007-06-13,188.14968872070312,195.8292647417247,186.80576355207162,192.75743941369436,9099117
2007-06-14,194.2933349609375,196.5972101044673,191.2215099035275,191.2215099035275,10933031
2007-06-15,201.58892822265625,202.7408657537022,195.4452656240592,195.82924056742647,11426193
2007-06-20,196.98121643066406,201.58896745150795,191.41352786459987,201.58896745150795,17431936
2007-06-21,190.2615966796875,194.67734764302975,188.91767136902274,194.67734764302975,17486129
2007-06-22,193.90940856933594,194.29338362244403,187.38176916175945,188.53369432108374,7622881
2007-06-25,187.23538208007812,189.4295460192463,183.94414887226793,183.94414887226793,10488426
2007-06-26,195.4452667236328,198.90107933621303,194.67730413163358,198.51710439068555,4474229
2007-06-27,193.90940856933594,196.59725934298814,191.60553284879182,195.44532148271608,4170744
2007-06-28,194.2933349609375,197.3651727192921,193.5253723461127,196.5972101044673,4017918
2007-06-29,196.59716796875,199.66900506873264,194.29329331899848,196.59716796875,8151811
2007-07-02,196.98121643066406,198.13315418587504,195.82927867545308,197.7491791677869,2928625
2007-07-03,198.51710510253906,203.50883021607316,198.51710510253906,199.28505499634784,6145562
2007-07-04,210.80445861816406,212.34037131222811,200.43701935610326,200.43701935610326,12895925
2007-07-05,221.17189025878906,224.6276907245638,213.10833890405297,213.10833890405297,11644052
2007-07-06,227.3155517578125,228.4674767040049,217.71607559864592,223.0917761513254,10883173
2007-07-09,238.83489990234375,238.83489990234375,227.69952395129303,229.6193988381014,7996818
2007-07-10,225.26768493652344,228.92461748212168,221.61072698903342,228.1932208122453,6543885
2007-07-11,229.61944580078125,235.76312290076888,229.23547074488746,234.22719727529804,7476558
2007-07-12,221.17189025878906,233.45921749538843,221.17189025878906,230.38739203671173,11852155
2007-07-13,226.1636199951172,228.8514704923357,222.70781947066277,225.01169495426336,8216844
2007-07-16,217.3320770263672,225.77962830976003,216.94810204110226,225.77962830976003,6604040
2007-07-17,224.62767028808594,224.62767028808594,213.4922944877623,217.7160699853493,6026336
2007-07-18,220.78787231445312,230.00337230021162,220.78787231445312,224.62764704059413,5929871
2007-07-19,230.00341796875,230.00341796875,223.09179160708683,223.09179160708683,5785716
2007-07-20,235.37908935546875,236.14703927642825,231.53928894689244,231.53928894689244,4599958
2007-07-23,237.68296813964844,240.3708183058264,232.30726780729253,234.99511797347049,5534257
2007-07-24,241.13880920410156,241.13880920410156,232.30730727258324,238.83493361285892,10840901
2007-07-25,247.12515258789062,251.66335453917156,241.34928518853508,245.4749233260632,10269958
2007-07-26,240.52413940429688,255.78897336765237,240.11157562168776,251.6633355415612,7671759
2007-07-27,230.62265014648438,237.63620892999606,230.62265014648438,233.09803300884744,8240534
2007-07-30,228.97235107421875,235.98590851517065,226.9095324171215,227.32209614854096,7909179
2007-07-31,244.6497344970703,244.6497344970703,231.8602854633208,235.16079514768902,10359765
2007-08-01,234.74830627441406,253.72619102328682,234.7483062744141,246.71263170127358,11876155
2007-08-02,243.4120635986328,250.42562126772762,235.160814695019,250.42562126772762,10256539
2007-08-03,247.53768920898438,254.96383704075333,244.64976882314406,253.72614573545852,14316419
2007-08-06,237.22361755371094,240.9366914157884,236.39849002880484,237.636181316164,5809561
2007-08-07,226.9095458984375,241.76181511877274,225.67185463064456,240.93668760691077,11490090
2007-08-08,239.28640747070312,242.58691717177112,229.3849043606766,229.3849043606766,9252149
2007-08-09,236.39849853515625,239.69900875354324,231.03519542345893,239.28644497624487,11073057
2007-08-10,226.0843963623047,229.79746980397024,222.78391262955742,222.78391262955742,8481051
2007-08-13,218.6582794189453,229.38491022863997,218.6582794189453,226.9095278895155,6942983
2007-08-14,211.23220825195312,218.65834448244232,208.344274326903,218.65834448244232,7486984
2007-08-15,200.50550842285156,208.7567696362816,196.7924480249318,206.6939510837769,13636159
2007-08-16,201.33067321777344,205.04373430496545,195.96735698223338,196.7924845564074,15654228
2007-08-17,205.8688507080078,209.58191159371674,203.39348111639865,206.28141447270772,15634616
2007-08-20,209.16934204101562,219.4834092390713,209.16934204101562,219.4834092390713,14048031
2007-08-21,201.12442016601562,210.81964455969964,199.2678828578916,209.16940217129343,8567761
2007-08-22,208.34422302246094,208.34422302246094,202.1557798537133,202.1557798537133,7362081
2007-08-23,218.6582794189453,222.37135292763205,215.357769633446,216.59546080300825,8865052
2007-08-24,217.00808715820312,222.37141710758237,216.59552331594318,220.7211617385426,7852404
2007-08-27,218.6582794189453,225.25927299676582,217.4205882493831,225.25927299676582,8100147
2007-08-28,222.78395080566406,223.6090783785386,218.24574915485414,218.24574915485414,5882852
2007-08-29,221.9588623046875,221.9588623046875,217.42065985500798,217.42065985500798,5882852
2007-08-30,230.62265014648438,232.68546919845357,222.3713999317912,225.6718844217583,8256018
2007-08-31,231.03518676757812,235.1608243859922,229.3849317202125,233.09800557678517,9831248
2007-09-03,229.3849334716797,235.98592771836354,229.3849334716797,232.27287982662045,5625819
2007-09-04,232.6854705810547,236.8110827163236,231.03521532967363,231.86034295536416,8124921
2007-09-05,237.63621520996094,242.58698106551992,235.98595992477462,236.81108756736776,10766475
2007-09-06,247.53768920898438,247.53768920898438,235.57336591764866,238.87387606510154,9511247
2007-09-07,243.4120635986328,249.18793003320863,242.17437236411382,247.95023879868964,7296016
2007-09-10,247.53768920898438,252.07589066173207,243.41207751784924,244.23720505471246,11280541
2007-09-11,247.53768920898438,257.43921965134297,246.3000238968705,255.37640080918496,13110739
2007-09-12,243.4120635986328,251.25074875740697,243.4120635986328,251.25074875740697,7772920
2007-09-13,243.8246612548828,246.71260787041936,241.34927844156576,246.71260787041936,6426853
2007-09-14,245.8874969482422,248.77541776652689,245.47493311803225,245.47493311803225,7421952
2007-09-17,235.16079711914062,247.5376565529272,233.92310597712645,247.12509283892246,7727501
2007-09-18,235.16079711914062,235.16079711914062,235.16079711914062,235.16079711914062,0
2007-09-19,231.03518676757812,242.17438234411563,228.97236795837108,242.17438234411563,11901962
2007-09-20,228.147216796875,238.8738475002093,226.90952563958513,235.1608000215176,9699118
2007-09-21,236.39849853515625,237.223626089753,229.38494031426544,229.7975040915638,6532143
2007-09-26,239.28640747070312,240.11153489597012,233.09797777437808,235.98589776963513,6455756
2007-09-27,242.5869598388672,246.30003390563795,241.34926848327694,243.4120874092607,6773692
2007-09-28,242.5869598388672,245.47490633524444,242.17439605367045,244.64977876485096,5032269
2007-10-01,243.8246612548828,250.4256560972118,243.4120974526633,247.53770948167525,4839236
2007-10-02,251.66336059570312,253.726179714111,246.3000568810271,247.53772235888738,11861704
2007-10-03,255.7889404296875,257.85175907710374,252.90099432330473,254.55124924123774,12623512
2007-10-04,249.18797302246094,255.37643026267224,249.18797302246094,253.7261749986159,7898856
2007-10-05,239.69908142089844,253.72622810834207,239.69908142089844,250.83828079174114,12427382
2007-10-08,243.4120635986328,245.06231857799148,241.3492448744345,242.17437236411382,6522853
2007-10-09,245.06239318847656,245.4749570589234,237.22367964998696,245.4749570589234,6078981
2007-10-11,247.12515258789062,250.42566309791312,244.23723188480477,245.0623595123104,9451376
2007-10-12,235.16079711914062,244.64973654807167,235.16079711914062,243.4120454060575,8451115
2007-10-15,236.8111114501953,238.46136690181288,232.27293495143394,237.2236753130997,4243622
2007-10-16,248.77540588378906,249.6005335047968,239.69902804588773,242.99953852991862,12732932
2007-10-17,252.48843383789062,255.78894371616286,248.77536022483437,249.60048769440243,13099384
2007-10-18,252.48843383789062,257.02663492051494,252.48843383789062,255.78894371616286,6822208
2007-10-19,250.42559814453125,256.20149003896614,249.18790702429519,253.72610779849404,7001822
2007-10-22,243.4120635986328,244.6497548331518,239.69898989507584,239.69898989507584,7253693
2007-10-23,255.7889404296875,257.85175907710374,246.71256437423452,247.5376658400225,13325449
2007-10-24,252.48843383789062,270.22862244724615,252.48843383789062,259.9145550708243,18415525
2007-10-25,264.0401916503906,264.0401916503906,254.96381550473023,259.0894268473875,11276412
2007-10-26,263.21514892578125,267.7533514562827,259.089510261689,267.7533514562827,9322343
2007-10-29,263.21514892578125,267.7533514562827,263.21514892578125,266.92822372346427,6180143
2007-10-30,264.0401916503906,270.6411853945494,264.0401916503906,267.3407015190594,7655243
2007-10-31,261.15228271484375,268.5784309771577,257.0266707845185,268.5784309771577,10104797
2007-11-01,262.8025207519531,266.92815840650746,260.3271381592205,264.0402120483194,8254986
2007-11-02,244.6497344970703,244.6497344970703,244.6497344970703,244.6497344970703,2894458
2007-11-05,227.73471069335938,227.73471069335938,227.73471069335938,227.73471069335938,3638717
2007-11-06,215.35777282714844,221.13366503742728,212.05727598929263,212.05727598929263,48500754
2007-11-07,214.94528198242188,218.6583435841154,208.75683731520405,215.7703966743371,24729862
2007-11-08,209.16934204101562,212.8824025932707,206.69395967511946,210.40702022737452,17838491
2007-11-09,206.28143310546875,213.29500474229118,204.63117789760662,210.4070581285325,18994623
2007-11-12,206.6940155029297,207.51914318109442,201.33069859145158,201.74326243053395,13735256
2007-11-13,206.6940155029297,210.81964089716067,206.28145166384732,206.6940155029297,9282085
2007-11-14,217.4206085205078,218.6582998054657,211.6447288539612,214.53267518552965,12560544
2007-11-15,209.58193969726562,216.18294782102544,209.58193969726562,215.77038400100344,10126474
2007-11-16,206.28143310546875,207.51912451136533,204.2186140956411,204.2186140956411,9572150
2007-11-19,204.63116455078125,209.5819168548691,204.63116455078125,207.51911097617705,4561558
2007-11-20,206.28143310546875,206.28143310546875,196.37992785147915,201.33068047847394,12040285
2007-11-21,195.96734619140625,204.2185954856141,195.96734619140625,204.2185954856141,14349451
2007-11-22,186.06585693359375,195.14223449282647,185.65329313575668,193.90454309931528,21968565
2007-11-23,180.28994750976562,188.9537598655223,179.87738377886396,186.89094121101388,14525968
2007-11-26,186.47840881347656,188.95377844570513,180.2899652380193,184.4155899561273,16762876
2007-11-27,182.14646911621094,183.59044215703705,174.1015024533581,174.1015024533581,13289320
2007-11-28,177.81459045410156,186.47841704061244,177.81459045410156,182.76534293356872,8990988
2007-11-29,167.0879364013672,176.7831582170965,166.2628089282686,175.339185139174,38139957
2007-11-30,173.27639770507812,175.1329217185173,167.9130815615822,168.73820912159556,20623530
2007-12-03,175.7517547607422,178.84598288847158,174.51407650624034,176.1643185111061,10470217
2007-12-04,177.40200805664062,178.22713554943562,175.13290745145437,175.75175307105062,7440532
2007-12-05,181.52767944335938,182.97165292897344,175.33923464446366,175.33923464446366,10801572
2007-12-06,176.37057495117188,184.41555392647933,175.3391657240058,184.41555392647933,9930345
2007-12-07,176.7831573486328,179.46482162302925,175.33918427780395,178.0208485522004,8024792
2007-12-10,175.13291931152344,176.78317440886934,174.10152287227294,176.16432874736464,6090336
2007-12-11,169.97589111328125,174.5140927907598,167.50052137670227,173.48268331860558,11246477
2007-12-12,162.96234130859375,168.32565785066305,161.72464987659504,165.43771117599937,13069448
2007-12-13,158.836669921875,165.85024023709963,158.836669921875,160.8994885429967,16849586
2007-12-14,152.8545379638672,162.54977432891727,148.52263103291673,162.1372105262942,22585857
2007-12-17,152.6482696533203,156.1550622878372,152.6482696533203,153.47339733203017,12642093
2007-12-18,156.77391052246094,160.07440829282527,147.6975189099214,153.47339975550366,15871003
2007-12-19,166.26284790039062,167.70682131678146,159.66183956491074,160.8995310646743,13912805
2007-12-20,161.31207275390625,167.50051640661655,160.07438142404604,167.0879526299965,8766987
2007-12-21,166.67538452148438,168.32563958507453,161.7246323273043,164.61256569199668,7802856
2007-12-24,176.576904296875,177.40203190057224,173.2764068786775,174.10153448237477,8680277
2007-12-25,174.51409912109375,176.98946894746445,173.68897151343964,176.16434133981033,5015753
2007-12-26,162.34347534179688,162.34347534179688,162.34347534179688,162.34347534179688,2486715
2007-12-27,165.2314453125,168.32567419290635,162.34351135404714,162.34351135404714,14871775
2007-12-28,166.05654907226562,169.97589209243813,160.07438709590167,165.23142148978906,15677970
2007-12-31,173.68893432617188,173.68893432617188,164.81882743959565,166.8816460170759,12163124
2008-01-02,169.15077209472656,176.98945788427994,169.15077209472656,173.68896065656128,13483385
2008-01-03,160.89947509765625,163.78740792931143,159.6617840284092,161.5183206322798,15271260
2008-01-04,151.4105987548828,160.48697768447218,149.96662524444116,158.63044031390433,21960307
2008-01-07,140.8902130126953,142.7467501156929,140.8902130126953,141.92162251436062,15401325
2008-01-08,133.46408081054688,138.2085511738311,132.2263894992752,135.32060478086385,25242895
2008-01-09,139.23997497558594,139.65253878860457,132.0201212443516,132.0201212443516,17927266
2008-01-10,141.509033203125,147.49119423775707,141.09646947683387,141.509033203125,17810620
2008-01-11,143.57188415527344,146.666099802433,142.74675651693968,145.63470325110785,9960280
2008-01-14,138.0022735595703,147.69749647140245,136.558300318398,146.87236890501828,14884162
2008-01-15,139.03370666503906,144.60330568884416,136.97088739822487,138.4148608849948,12834093
2008-01-16,132.43267822265625,137.79599451851146,132.43267822265625,134.90806097301615,15201066
2008-01-17,133.67039489746094,137.79602059898812,132.8452671578368,136.97089285936394,13212933
2008-01-18,134.4955291748047,134.4955291748047,128.71964771326822,132.02014583560577,14937840
2008-01-21,135.73316955566406,139.23996163021616,133.67036368487112,134.08292745834785,13169578
2008-01-22,126.24421691894531,129.3384319332361,126.24421691894531,126.24421691894531,12455253
2008-01-23,121.2934799194336,129.95729341538333,120.88091613423684,128.7196150563841,16780425
2008-01-24,122.11859893798828,127.06935101706225,120.26206203461425,124.59396847923021,14569323
2008-01-25,130.57614135742188,130.57614135742188,128.71961728843462,128.71961728843462,4855752
2008-01-28,137.7959747314453,139.65251152762244,135.1143104703006,139.23994779513862,24143538
2008-01-29,138.62112426757812,140.06509756117993,135.73317768037452,140.06509756117993,9201569
2008-01-30,139.03370666503906,140.27139822512757,135.52691391145498,136.97088739822487,9760022
2008-01-31,129.3384552001953,129.3384552001953,129.3384552001953,129.3384552001953,3369297
2008-02-01,122.11859893798828,124.80025035738288,120.46834391276691,120.46834391276691,28705097
2008-02-12,113.66104888916016,119.64321004104171,113.66104888916016,119.64321004104171,21274886
2008-02-13,117.58039855957031,119.84948599000751,115.93014370355142,117.58039855957031,12114608
2008-02-14,125.62541198730469,125.62541198730469,125.62541198730469,125.62541198730469,4226074
2008-02-15,134.28919982910156,134.28919982910156,128.307038534187,128.9258841505495,20397465
2008-02-18,138.62112426757812,139.446251863922,136.55830527671841,136.97086907489035,16937328
2008-02-19,137.7959747314453,140.06507526010623,135.7331560690263,139.85879339386432,8774213
2008-02-20,135.73316955566406,139.0336797434778,135.73316955566406,136.76457898935584,9378085
2008-02-21,142.33416748046875,142.33416748046875,137.38341552418154,137.38341552418154,11979381
2008-02-22,142.12789916992188,142.12789916992188,139.65252945386214,140.6839259208756,7388919
2008-02-25,140.6839141845703,146.25352482339966,140.6839141845703,144.39698794378987,10076926
2008-02-26,142.33416748046875,143.77814059172454,141.5090399883226,143.571858718688,9282085
2008-02-27,146.87237548828125,148.72891259586123,143.9844418730817,144.39700567476615,14708678
2008-02-29,146.87237548828125,147.90378499249235,144.80956947645058,144.80956947645058,7034854
2008-03-03,140.06509399414062,143.15930940503836,136.97086558665183,141.9216180420428,8392277
2008-03-04,147.697509765625,147.697509765625,141.3027835471506,142.33419309796778,8234341
2008-03-05,145.63467407226562,151.8231171232825,144.39698286274435,149.34773470423994,12508931
2008-03-06,155.12362670898438,155.32990859411325,147.2849280706769,147.6974918409347,13588675
2008-03-07,155.94876098632812,159.24925829437802,152.6482506816871,153.47337825784734,14525968
2008-03-10,151.8231658935547,157.5990470634552,151.8231658935547,154.71109998020813,12269447
2008-03-11,156.361328125,156.5676100234604,148.52262898009698,148.52262898009698,10954347
2008-03-12,156.77391052246094,162.96235521391287,156.77391052246094,162.96235521391287,11454993
2008-03-13,152.0294189453125,160.4869506605752,151.82313704998455,157.18645333191952,10442346
2008-03-14,152.2356719970703,155.1236182310404,152.02940311980512,154.2984907356204,7481823
2008-03-17,144.39700317382812,148.72891001989512,143.57187558475033,148.5226281226257,11278477
2008-03-18,147.697509765625,147.697509765625,144.39701219960216,145.2221398402559,7721307
2008-03-19,154.2985076904297,155.53619906956118,150.79172844614837,150.99801034267028,9423505
2008-03-20,156.361328125,156.77389192192075,150.58544796470076,155.94876432807925,12079511
2008-03-21,163.78746032714844,163.78746032714844,158.21786173033422,159.24927128466874,15779132
2008-03-24,167.91310119628906,175.1329421974672,166.26284588329185,175.1329421974672,15227905
2008-03-25,169.15077209472656,172.45126932244523,168.9444902057072,169.56332287617445,10309184
2008-03-26,162.96234130859375,170.80102771806867,162.96234130859375,169.15078547199553,11586090
2008-03-27,165.8502960205078,166.8817056779812,162.54979811318648,163.3749258391652,8410857
2008-03-28,166.67538452148438,168.32563958507453,164.20000192609913,165.02512945789422,10540410
2008-03-31,165.02517700195312,167.70684225287985,164.4063311748162,166.67543254098496,7266080
2008-04-01,165.02517700195312,170.38849450721244,165.02517700195312,167.08799642574292,8096018
2008-04-02,172.0386962890625,172.45126004490606,167.08794421552986,169.15076299474765,13937579
2008-04-03,170.38844299316406,172.45126179329566,169.35704658968848,171.2135705132167,7217564
2008-04-07,166.05654907226562,168.11936802845705,163.5811663248359,167.08795855036135,13313062
2008-04-08,168.11936950683594,168.11936950683594,162.7560531701664,162.96233506759953,10189442
2008-04-09,167.50048828125,169.15074311063245,165.43766974452194,168.73817940328684,5764142
2008-04-10,169.97589111328125,170.38845490214294,167.50052137670227,167.91308516556393,4434590
2008-04-11,171.2135772705078,174.7203693691342,171.2135772705078,172.45126859943477,11452929
2008-04-14,171.62612915039062,174.51407538437283,171.21356540267888,171.62612915039062,6777821
2008-04-15,178.8460235595703,183.38421284900616,174.92668003641114,175.3392308840027,16330359
2008-04-16,173.48268127441406,182.35277663723943,173.2763993824139,180.70253449782905,17091135
2008-04-17,162.96234130859375,176.98947188147045,161.5183679712619,175.33921663880548,33692979
2008-04-18,153.473388671875,157.59902683262388,152.6482610397252,153.88595248794988,29611421
2008-04-21,159.66183471679688,159.66183471679688,155.5362095061183,155.5362095061183,15450873
2008-04-22,161.31207275390625,162.96232786038652,158.21784442925573,160.48694520066613,10762346
2008-04-23,163.78746032714844,166.6754070792851,161.31209039333777,162.962345680273,11921575
2008-04-24,160.89947509765625,166.2627900678056,160.89947509765625,165.02509899855852,9569053
2008-04-25,161.31207275390625,163.3748916370066,161.31207275390625,162.96232786038652,5940658
2008-04-28,164.20001220703125,164.4062941028958,159.24925970287342,161.31207866151885,9732151
2008-04-29,165.02517700195312,167.2942783681219,163.78748534767925,164.2000492324372,11560284
2008-04-30,162.96234130859375,167.08796641866434,162.54977749792752,165.85027498666562,7395113
2008-05-02,172.24497985839844,172.45126173834586,169.56331541908185,169.9758791789767,17187135
2008-05-05,169.97589111328125,173.0701195297439,168.7382127432873,172.6575557408822,9393569
2008-05-06,169.97589111328125,171.00730058543547,167.91308516556393,169.97589111328125,5940658
2008-05-07,171.83242797851562,174.72037449744417,171.41986419009726,171.41986419009726,11716155
2008-05-08,171.00732421875,173.68898921695867,170.3884784499326,170.3884784499326,7664533
2008-05-09,165.43772888183594,172.24501948978175,165.43772888183594,171.21360985273037,8587374
2008-05-12,164.20001220703125,166.67539495740576,162.34348814084157,165.8502673739476,7254726
2008-05-13,169.15077209472656,171.00729609930985,165.02513431433974,165.02513431433974,8685439
2008-05-14,167.91310119628906,172.03872648218976,167.91310119628906,170.80103499744186,7426081
2008-05-15,170.38844299316406,170.5947248731772,167.91307342959635,168.94448282966215,7299113
2008-05-16,172.0386962890625,174.51407882412386,171.21356877737537,172.45126004490606,11004928
2008-05-19,172.45130920410156,173.27643695100068,171.0073356470281,172.86387307755112,4529558
2008-05-20,169.15077209472656,175.7517665501639,169.15077209472656,173.2763968785226,11980414
2008-05-21,168.32566833496094,170.59475643836538,167.91310449859782,168.32566833496094,6234852
2008-05-22,166.05654907226562,166.8816766547422,164.61257580293162,165.0251395941699,7177306
2008-05-23,156.77391052246094,164.81887952373341,156.77391052246094,163.37491905978254,14525968
2008-05-26,152.0294189453125,156.3613257506078,150.17288188736114,153.88594300667265,11304283
2008-05-27,158.0115203857422,158.0115203857422,153.47333305023534,153.88589671678938,6222465
2008-05-28,154.91737365722656,157.59903866301627,154.71109173370428,157.1864748159717,5742464
2008-05-29,156.77391052246094,158.2178709864118,155.32993706191712,157.59903821420025,4091880
2008-05-30,156.77391052246094,158.42415290934665,150.99802967687864,157.59903821420025,9859119
2008-06-02,151.8231658935547,155.32994578376108,149.3477826793429,154.91738191472578,11779123
2008-06-03,148.93516540527344,150.17285656856916,147.6974742419777,148.52260168417484,7753307
2008-06-04,150.58541870117188,151.61682799303819,148.52260011743923,148.93516383418577,7397178
2008-06-05,152.6482696533203,152.6482696533203,148.52264425636375,150.5854634531384,6827370
2008-06-06,153.8859405517578,156.36132325620363,153.67965865972067,153.8859405517578,7691372
2008-06-09,152.6482696533203,153.06083349267524,148.93520809571868,149.76033577442854,5022979
2008-06-10,148.52259826660156,153.6796316650791,148.52259826660156,151.41054424783866,7353823
2008-06-11,145.42840576171875,149.76031240229997,144.8095600992656,148.52262107739372,8225050
2008-06-12,135.73316955566406,142.74674070817758,135.32060578218733,142.33417693470088,16223004
2008-06-13,134.4955291748047,139.44628285660818,134.4955291748047,139.44628285660818,7504533
2008-06-16,132.43267822265625,137.79599451851146,129.13216788884307,136.14573935160487,8199244
2008-06-17,139.8588104248047,139.8588104248047,130.36985641877408,134.08293046327816,7407500
2008-06-18,140.6839141845703,142.7467329396923,138.20854467501388,139.03367217706267,7895759
2008-06-19,136.55831909179688,139.03370213125348,136.55831909179688,137.38344677161575,6637434
2008-06-20,137.58973693847656,141.92164452058043,137.38345500615765,138.20858273543334,7883372
2008-06-23,138.41481018066406,138.62109203178,132.22636764377472,134.08290430381803,7097822
2008-06-24,131.60757446289062,139.85883879448156,131.60757446289062,138.62114719525388,7341435
2008-06-25,137.38340759277344,137.38340759277344,130.3698373110277,132.43265592230264,8592535
2008-06-26,142.5404510498047,144.39698792922724,138.20854466107536,138.20854466107536,13033319
2008-06-27,142.9530029296875,143.77813036313287,137.38340575052018,138.41481504232686,16591521
2008-06-30,144.39700317382812,146.0472583519837,139.44625063595277,144.39700317382812,9408021
2008-07-01,139.44622802734375,144.39697976254692,139.44622802734375,143.77813417107288,7250597
2008-07-02,132.84524536132812,141.50905921268418,132.84524536132812,137.38343418806662,12948674
2008-07-03,136.35198974609375,138.41480822815444,128.71958735564567,129.1321380554696,10722088
2008-07-04,133.25779724121094,137.58970377932422,132.0201059455813,137.58970377932422,9181956
2008-07-07,131.40126037597656,132.84523355507056,128.71960889710664,130.36985096233798,9548408
2008-07-08,122.53119659423828,129.75103833387027,122.32491465901488,129.33847446342344,13295513
2008-07-09,125.41912078857422,128.9259134105009,123.7688654370793,123.7688654370793,9664021
2008-07-10,124.38770294189453,126.65680389966577,123.76885722613875,125.4191124681542,7833824
2008-07-11,126.65677642822266,127.68818573077299,123.9751122415918,124.18139410210186,6050078
2008-07-14,126.65677642822266,129.9572731997947,124.593957823122,125.00652154414213,10206990
2008-07-15,118.81810760498047,125.62539765978192,118.81810760498047,124.59398810654046,15496293
2008-07-16,119.92240905761719,124.38048171929132,118.13916886907505,121.03692374682558,20743323
2008-07-17,128.1698760986328,128.1698760986328,124.38050055282879,127.50116440288419,11869972
2008-07-18,135.5257110595703,137.08602899228882,132.18213886341448,133.29666756374706,21738790
2008-07-21,144.21896362304688,144.88767528597455,139.0921788422155,139.53798198255328,14398499
2008-07-22,144.8876495361328,146.22507262429752,140.87538027163865,142.65862032575131,10179518
2008-07-23,145.33348083496094,148.00832727508543,142.4357258898791,147.11670716009695,11721776
2008-07-24,145.779296875,148.45414355246305,142.88154167280098,145.3334937303702,10013947
2008-07-25,144.66476440429688,144.66476440429688,140.8753894704991,143.10443273127188,8280568
2008-07-28,144.95413208007812,144.95413208007812,144.95413208007812,144.95413208007812,0
2008-07-29,142.65863037109375,142.65863037109375,140.42958709891406,140.8753901914138,7767504
2008-07-30,141.9899139404297,144.44185172286865,140.87538538990646,144.44185172286865,12207245
2008-07-31,142.65863037109375,145.77927982827285,140.8753901914138,143.10443346359347,12536342
2008-08-01,144.8876495361328,144.8876495361328,138.64633715641762,141.09828875461264,7788966
2008-08-04,143.7731475830078,145.77928239179516,142.65863287973954,144.88766228627608,4345714
2008-08-05,145.779296875,146.44800854436576,143.10445019753695,145.779296875,10424808
2008-08-06,154.6954345703125,154.6954345703125,149.3457419945618,150.2373620588003,13014657
2008-08-07,155.45152282714844,156.7916295937625,153.21803008924505,154.78147639626144,12896816
2008-08-08,160.490966796875,163.8345390337748,154.0267447516687,155.14127346558269,15647432
2008-08-11,164.9490509033203,166.06356569253063,162.05129576556328,164.05743072904696,15337754
2008-08-12,167.17808532714844,169.40712868961833,163.1658017127662,166.06355669349296,15038296
2008-08-13,164.2803192138672,166.50936242528462,161.38256442950853,166.28645393269085,12075402
2008-08-14,162.7200164794922,164.05743986294232,160.93678993650622,162.7200164794922,6651436
2008-08-15,158.70773315429688,165.84066654379802,158.70773315429688,163.61162312147374,8956136
2008-08-18,156.9244842529297,162.27419095424045,156.9244842529297,159.59934455600543,8055719
2008-08-19,157.8161163330078,158.70773650171162,153.8038464311034,153.8038464311034,7898325
2008-08-20,161.15968322753906,161.38259175787996,154.0267493050552,157.81612479663804,7401613
2008-08-21,157.8161163330078,161.6054916213676,157.8161163330078,160.49096293427743,5249197
2008-08-22,159.59934997558594,160.93677322011888,156.47868646844827,158.93062444847828,7793055
2008-08-25,162.7200164794922,162.9429250116814,160.49097287212774,162.7200164794922,6533901
2008-08-26,161.15968322753906,162.72001513024037,160.04516838551956,160.04516838551956,4613488
2008-08-27,168.5155029296875,168.5155029296875,161.8283730658485,161.8283730658485,14649921
2008-08-28,165.3948516845703,168.51551529770103,164.50324542782582,167.62389513611487,9225955
2008-08-29,163.388671875,168.51546901499557,162.71996041368212,166.9551376369746,7833936
2008-09-01,156.9244842529297,162.49708555086622,154.69544095278692,161.82837395130747,10113085
2008-09-02,156.2557830810547,159.82224981832206,152.91222486012953,157.81611488576698,11451958
2008-09-03,151.5748291015625,153.35805584165422,149.12287669098671,151.5748291015625,15005591
2008-09-04,151.5748291015625,153.80387295531025,150.23740557028268,151.5748291015625,8771147
2008-09-05,152.02061462402344,158.26192834548507,145.77930090256183,148.8999647157139,27262917
2008-09-08,161.38259887695312,162.27421913280628,156.9245115025304,159.59937227008993,14095975
2008-09-09,153.8038330078125,158.70772265043178,151.57478973301457,157.81610255954448,13233373
2008-09-10,156.0329132080078,156.4787164065311,153.35805230233655,153.80386940570367,13190448
2008-09-11,149.56866455078125,155.14126614279363,149.56866455078125,153.80384287309798,12943114
2008-09-12,148.89996337890625,152.9122334699293,143.5502560193664,151.57481010625494,14284031
2008-09-15,143.32733154296875,148.899932365893,143.32733154296875,144.8876492057095,8424675
2008-09-16,140.6524658203125,143.55022035665453,138.2005282310009,139.98375430460578,13562470
2008-09-17,143.99609375,149.7915911896739,142.65867019431798,146.22512373957375,8150769
2008-09-18,145.110595703125,145.110595703125,137.30894972624836,138.42347852571254,12932894
2008-09-19,155.14126586914062,155.14126586914062,150.90608755429432,152.46641933446747,16211598
2008-09-22,155.14126586914062,158.70773255031864,153.80384260180404,158.70773255031864,8845756
2008-09-23,156.2557830810547,156.4786915973969,154.91835979268464,155.14126830902686,9316916
2008-09-24,155.14126586914062,157.81611240381378,155.14126586914062,156.25578062364065,9554029
2008-09-25,156.2557830810547,156.4786915973969,153.13513337647177,153.35802798797235,5660057
2008-09-26,150.68319702148438,156.92451098207016,150.68319702148438,156.92451098207016,9876994
2008-09-29,150.98455810546875,150.98455810546875,150.98455810546875,150.98455810546875,0
2008-09-30,144.8876495361328,145.33346650208074,140.2066687275563,140.2066687275563,8454314
2008-10-01,144.8876495361328,148.8999327054665,143.99604341391603,148.8999327054665,3919523
2008-10-02,138.20054626464844,145.5563738972766,134.85698824981748,135.079882847579,11292519
2008-10-03,142.43572998046875,147.78542301435473,128.83857497955344,147.78542301435473,9649079
2008-10-06,132.6279296875,137.30891036999984,132.6279296875,132.6279296875,7827804
2008-10-07,133.29666137695312,141.7670179250355,127.27824282708339,141.7670179250355,6275325
2008-10-08,124.38050079345703,131.2905402026847,124.15760616433808,124.15760616433808,7088869
2008-10-09,125.71793365478516,133.07376206260426,123.04307305619051,133.07376206260426,7099089
2008-10-13,123.2659683227539,125.71792013150242,121.48274202035196,121.48274202035196,8036300
2008-10-14,131.73635864257812,131.73635864257812,131.73635864257812,131.73635864257812,4678899
2008-10-15,136.4173583984375,140.87544673205963,130.1760430742742,140.87544673205963,7710269
2008-10-16,131.73635864257812,145.7793198138023,131.73635864257812,145.7793198138023,7941250
2008-10-17,131.73635864257812,140.8754288318644,131.51345008276684,140.8754288318644,5573184
2008-10-20,135.74856567382812,140.8753628129899,127.72402813931879,140.8753628129899,6340736
2008-10-21,137.08602905273438,145.11058286026793,136.64022591530994,145.11058286026793,8587180
2008-10-22,135.9715118408203,146.67091209247823,134.63408854746828,146.67091209247823,4770882
2008-10-23,133.74246215820312,133.74246215820312,131.29052420280394,131.29052420280394,6669833
2008-10-24,129.0615234375,143.10448590281152,129.0615234375,143.10448590281152,5310519
2008-10-27,120.14532470703125,137.97764422457882,120.14532470703125,137.97764422457882,7183919
2008-10-28,122.59725952148438,128.3927694701369,111.89785974816611,128.3927694701369,11495905
2008-10-29,123.93468475341797,131.06761805064448,122.59726149829316,131.06761805064448,13964132
2008-10-30,131.513427734375,132.18213939532873,115.46433396664322,115.46433396664322,12889968
2008-10-31,131.95924377441406,135.07989353351184,122.3743581672008,122.3743581672008,11721776
2008-11-03,131.95924377441406,132.8508500456752,122.82017520767326,122.82017520767326,9497817
2008-11-04,128.8385772705078,141.0983092309491,127.94695711405862,141.0983092309491,6125085
2008-11-05,124.8263168334961,137.7547614096452,123.48889345042447,137.7547614096452,11862818
2008-11-06,116.13302612304688,118.58497773796647,116.13302612304688,116.13302612304688,8333714
2008-11-07,111.00623321533203,124.15757631802143,108.10847858979406,124.15757631802143,16092019
2008-11-10,111.67496490478516,114.12690996447421,103.4275095481469,103.4275095481469,7403657
2008-11-11,105.65653228759766,110.56042144380028,103.8732992351222,103.8732992351222,8739464
2008-11-12,106.10235595703125,108.10849079234106,98.30071121648801,98.30071121648801,7936140
2008-11-13,98.74652862548828,113.45819908435324,98.74652862548828,113.45819908435324,9722666
2008-11-14,98.52362823486328,101.8671937709731,91.83650411506522,91.83650411506522,7164500
2008-11-17,97.40909576416016,105.21073336907837,91.83648754290384,105.21073336907837,5784746
2008-11-18,90.72199249267578,104.09624121441816,90.72199249267578,104.09624121441816,7642815120
2008-11-19,90.49906921386719,91.3906893581488,84.48065757343866,84.48065757343866,9511104240
2008-11-20,84.25775146484375,87.37840789651644,84.25775146484375,84.25775146484375,7369930440
2008-11-21,89.6074447631836,90.05324782689031,80.24546918662541,90.05324782689031,9632727000
2008-11-24,85.37227630615234,87.82422123375466,83.36613449089911,83.36613449089911,7998485
2008-11-25,91.16778564453125,91.16778564453125,87.60131878452333,91.16778564453125,8268303
2008-11-26,93.84264373779297,97.40911076775988,90.94488840689218,97.40911076775988,8895836
2008-11-27,99.19235229492188,100.30686724844183,95.84878657709618,100.30686724844183,8630105760
2008-11-28,98.96943664550781,100.30686005576709,98.07782335614212,99.19234518216533,4403970
2008-12-01,100.0839614868164,105.8794723757731,98.07782631098755,105.8794723757731,8887659
2008-12-02,93.17393493652344,106.99398641693504,93.17393493652344,106.99398641693504,10300119
2008-12-03,86.709716796875,99.63815562763594,86.709716796875,99.63815562763594,13968220
2008-12-04,86.93260955810547,92.72812010644242,86.93260955810547,92.72812010644242,8683251840
2008-12-05,80.91419219970703,92.95101567373734,80.91419219970703,92.95101567373734,6877307
2008-12-08,85.59516906738281,86.48678910530778,78.9080465926251,80.91418124932645,21424002
2008-12-09,86.04100036621094,89.1616573659169,79.79968636679901,79.79968636679901,15977551320
2008-12-10,92.05941009521484,92.05941009521484,80.02258562386493,92.05941009521484,13215999240
2008-12-11,93.61972045898438,98.30070856765968,92.0593957243728,98.30070856765968,16288251480
2008-12-12,93.39683532714844,100.08395939239382,89.16165652074565,100.08395939239382,14291185320
2008-12-15,99.86104583740234,99.86104583740234,97.18619236044206,99.86104583740234,9101266
2008-12-16,100.97554016113281,106.7710490618109,96.96327118597345,106.7710490618109,9952625
2008-12-17,102.09007263183594,107.88558215659747,94.06552686498307,94.06552686498307,20551180
2008-12-18,105.65653228759766,105.65653228759766,94.95713397274488,94.95713397274488,8100689
2008-12-19,104.76493835449219,113.01238664377249,104.76493835449219,113.01238664377249,5930898120
2008-12-22,105.65653228759766,111.89784449505198,103.65039771072011,111.89784449505198,11295586
2008-12-23,98.30072021484375,105.65655557007982,98.30072021484375,105.65655557007982,6434763
2008-12-24,98.30072021484375,104.98784389709664,93.8426400774822,104.98784389709664,6224223600
2008-12-25,95.84876251220703,98.30070730869706,91.61358450441332,91.61358450441332,2987422920
2008-12-26,97.40909576416016,102.5358869848116,94.95714397535518,102.5358869848116,4614510600
2008-12-29,95.40296173095703,95.84877181515772,90.7219801803229,90.7219801803229,3909303000
2008-12-30,98.96943664550781,100.97557176089673,88.93875411614184,88.93875411614184,7081715160
2008-12-31,98.30072021484375,105.87946409602162,97.40910696833988,105.87946409602162,4066697160
2009-01-02,98.30072021484375,98.30072021484375,98.30072021484375,98.30072021484375,0
2009-01-05,104.98784637451172,104.98784637451172,91.61359869441168,98.3007225344617,11260836720
2009-01-06,107.88558197021484,107.88558197021484,104.54201718422412,104.76492567474219,9183029
2009-01-07,114.7956314086914,115.24144153548583,111.45207283878699,115.24144153548583,12996260
2009-01-08,108.33141326904297,113.01239515512418,106.99398292059838,106.99398292059838,13176139
2009-01-09,110.56043243408203,112.78947570935975,100.75265314673254,100.75265314673254,9799319
2009-01-12,111.89786529541016,117.24757239969712,109.66882877978162,117.24757239969712,6566607
2009-01-13,117.69337463378906,119.69950956828134,110.11463107167238,119.69950956828134,9333269
2009-01-14,110.56043243408203,125.71791836306615,110.56043243408203,125.71791836306615,13004436
2009-01-15,104.76493835449219,118.13917825988558,103.87331818934678,118.13917825988558,9882104
2009-01-16,107.21688079833984,111.89786221916707,105.65654902311697,111.89786221916707,6388772
2009-01-19,111.45205688476562,111.45205688476562,105.87945543101146,105.87945543101146,8110909440
2009-01-20,108.7771987915039,119.25369658361168,107.43977561238128,119.25369658361168,7019370
2009-01-21,106.99398040771484,116.35595786484262,106.32526872540875,116.35595786484262,7252395
2009-02-02,112.34369659423828,114.34983192286437,107.66270720835522,114.34983192286437,12135702
2009-02-03,111.45205688476562,120.14532182694586,110.78334526650877,120.14532182694586,11702358
2009-02-04,109.66883850097656,114.12691887982484,103.65042616569959,103.65042616569959,7786922
2009-02-05,109.66883850097656,117.24758279268227,109.66883850097656,117.24758279268227,7330070
2009-02-06,113.90398406982422,117.24754859299948,111.0062295402229,117.24754859299948,11325225
2009-02-09,121.70565795898438,121.70565795898438,106.10237293374382,106.10237293374382,17824377
2009-02-10,122.59725952148438,130.1759958132694,120.14532156157205,130.1759958132694,8073093
2009-02-11,126.1636962890625,131.06758495450995,119.47656779717715,131.06758495450995,8762970
2009-02-12,121.4827651977539,126.16374730136789,117.47048091838423,117.47048091838423,9944449
2009-02-13,129.73019409179688,129.95310260138893,113.01238263616074,113.01238263616074,12657965
2009-02-16,129.28440856933594,130.62183199919068,127.50116805963422,129.7302117443398,9209602
2009-02-17,123.04306030273438,138.20054650432297,120.36821388623075,120.36821388623075,10210179
2009-02-18,125.94078063964844,125.94078063964844,114.57267953869957,114.57267953869957,8770125
2009-02-19,128.3927764892578,134.63408988869034,122.82017474316298,134.63408988869034,9295453
2009-02-20,125.27210998535156,137.30893337625866,125.27210998535156,137.30893337625866,6644282
2009-02-23,129.95309448242188,133.96536397536062,124.15758483383901,125.27209950248633,6834381
2009-02-24,130.1759796142578,131.51340268138944,121.03691271896552,121.03691271896552,9394591
2009-02-25,129.73019409179688,139.09217073172772,129.73019409179688,139.09217073172772,8095578
2009-02-26,130.1759796142578,132.85082574852106,120.81401814433649,120.81401814433649,4581805
2009-02-27,135.5257110595703,135.5257110595703,121.25984381017513,121.25984381017513,10666009
2009-03-02,129.73019409179688,144.8876668375504,129.0614824678619,144.8876668375504,10043587
2009-03-03,131.29052734375,131.51342195103808,120.8140358462865,120.8140358462865,9461024
2009-03-04,133.96539306640625,135.97152824851477,122.15147661298269,122.15147661298269,15820157
2009-03-05,132.85086059570312,143.3273672109857,131.95925425363723,143.3273672109857,15776209
2009-03-06,132.85086059570312,135.3028127984918,123.71179130320536,123.71179130320536,9366996
2009-03-09,130.1759796142578,141.98990654865267,129.28437350606296,141.98990654865267,8229466
2009-03-10,130.62181091308594,139.09216720470297,128.39276758821185,139.09216720470297,6827227
2009-03-11,133.29666137695312,139.76088304335937,131.73632961181346,139.76088304335937,8136460
2009-03-12,135.07989501953125,142.4357372198298,133.96538021577305,142.4357372198298,7841090
2009-03-13,136.4173583984375,144.4419146179881,125.71796864549817,144.4419146179881,15299938
2009-03-16,136.1944122314453,145.779283230165,135.30279212079856,145.779283230165,5811319
2009-03-17,138.4234619140625,145.55638141236136,135.0798898217619,145.55638141236136,7742975
2009-03-18,136.64024353027344,139.76090760907044,128.8385972381246,128.8385972381246,8380728
2009-03-19,137.30889892578125,139.31503333679115,127.27821296589376,127.27821296589376,9326115
2009-03-20,134.18829345703125,146.89382940989125,134.18829345703125,146.89382940989125,6083182
2009-03-23,137.30889892578125,143.55021061720248,134.41114458604318,143.55021061720248,6546166
2009-03-24,143.1044464111328,145.33348988498776,137.3089361600783,137.3089361600783,18989503
2009-03-25,151.35189819335938,152.46642690806377,133.29666928260113,133.29666928260113,14210444
2009-03-26,148.67703247070312,161.82836950381744,148.23122938486276,161.82836950381744,8886637
2009-03-27,144.44186401367188,151.35188877650933,143.9960608984325,148.67704227539048,12603797
2009-03-30,139.7608642578125,144.4418450192099,139.7608642578125,144.4418450192099,8003595
2009-03-31,142.21279907226562,143.77313059636228,139.760861452833,139.760861452833,8220267
2009-04-02,142.21279907226562,143.77313059636228,130.84468926076025,130.84468926076025,8604554
2009-04-03,142.8815155029297,143.77313553372423,132.40502533182274,132.40502533182274,11649211
2009-04-06,135.30279541015625,143.99606041441274,133.07375203176935,133.07375203176935,15139478
2009-04-07,135.74856567382812,144.6647370297334,132.62791682313156,144.6647370297334,12795940
2009-04-08,130.84469604492188,135.30278237210538,126.3866236225782,126.3866236225782,18271009
2009-04-09,139.98379516601562,139.98379516601562,121.7056565281735,121.7056565281735,16713420
2009-04-10,137.75474548339844,142.65863528932155,130.39890382209325,130.39890382209325,13292652
2009-04-13,139.09217834472656,139.98378462221308,128.16986934951774,128.16986934951774,8797720
2009-04-14,144.21896362304688,148.67705064579263,138.20055865669795,148.67705064579263,19797936
2009-04-15,141.32122802734375,145.77931566771153,134.18830726953684,134.18830726953684,12917563
2009-04-16,143.99609375,151.12902865020033,131.5134507222272,151.12902865020033,13756658
2009-04-17,138.64634704589844,147.1167031450152,133.96536590343305,133.96536590343305,16608150
2009-04-20,142.43572998046875,143.55024472758123,129.06148349091248,129.06148349091248,9925030
2009-04-21,141.76705932617188,142.88157439541268,132.6279884819231,142.43577114868543,13348864
2009-04-22,139.5379638671875,151.5747861420599,139.5379638671875,151.5747861420599,9717556
2009-04-23,138.64634704589844,139.98377022945996,129.95309635274845,129.95309635274845,8499284
2009-04-24,140.42962646484375,144.2189885754455,129.06151232334963,129.06151232334963,14506835
2009-04-27,141.76705932617188,144.66481519201238,140.4296356811448,140.4296356811448,18373213
2009-04-28,146.22508239746094,148.4541256616633,131.95923053527875,131.95923053527875,19944088
2009-04-29,143.55026245117188,148.00834979972706,136.19443362138318,136.19443362138318,11428451
2009-04-30,153.58091735839844,153.58091735839844,133.51955662892289,133.51955662892289,8162011
2009-05-04,164.2803192138672,164.2803192138672,142.881521070068,142.881521070068,4222047
2009-05-05,175.64845275878906,175.64845275878906,152.91222850488333,152.91222850488333,37313658
2009-05-06,180.55233764648438,180.55233764648438,172.9736010840361,175.64844764668354,26258251
2009-05-07,177.65460205078125,179.21493401838325,168.06972951524284,168.06972951524284,13192492
2009-05-08,178.3232421875,189.91425911734018,173.1964451681601,189.91425911734018,14492527
2009-05-11,178.54620361328125,190.80592172139,165.84066847261764,190.80592172139,12963555
2009-05-12,169.63003540039062,175.42554577551815,166.06356854683847,166.06356854683847,17671071
2009-05-13,169.85292053222656,171.63614676099957,167.84678581054186,169.63001203931486,12810249
2009-05-14,169.85292053222656,172.52776682780615,158.0390067901899,158.0390067901899,10750838
2009-05-15,170.7445526123047,173.86520220843062,158.03901790952347,158.03901790952347,9188139
2009-05-18,174.97970581054688,176.98584038634266,170.7445281822538,170.7445281822538,10072204
2009-05-19,176.98585510253906,181.66683616861482,174.97972035993516,174.97972035993516,15556470
2009-05-20,179.66070556640625,182.78136895226797,176.09423908463884,176.98585918129086,14064292
2009-05-21,179.66070556640625,181.88974885561595,178.32328237384854,179.66070556640625,10591400
2009-05-22,185.67913818359375,189.91431658885597,179.2149163169027,179.66071944725178,17905118
2009-05-25,178.76910400390625,189.02270141635972,172.75069901342954,172.75069901342954,18910806
2009-05-26,176.09425354003906,181.6668552680923,173.8652100678494,178.76910014472992,13973330
2009-05-27,178.3232421875,184.7874620980003,176.09419940062014,176.09419940062014,16489593
2009-06-01,181.44398498535156,190.80594935718068,178.32332092484612,178.32332092484612,11630815
2009-06-02,181.44398498535156,185.45625543042118,179.2149412142539,181.44398498535156,12022256
2009-06-03,181.88980102539062,193.9266271156624,181.66689246108265,193.9266271156624,9452847
2009-06-04,178.76910400390625,194.59530326471145,177.4316806726892,194.59530326471145,12561893
2009-06-05,181.44398498535156,191.2517664543064,180.55236469594377,191.2517664543064,9445693
2009-06-08,176.98585510253906,185.01039407295463,168.96130222728317,168.96130222728317,10259237
2009-06-09,170.2987060546875,189.24555056799613,167.62386003489593,189.24555056799613,13191470
2009-06-10,173.41943359375,182.11270030018443,170.29876947200106,170.29876947200106,7811451
2009-06-11,173.41943359375,175.64847740859298,170.744586577876,172.97363039271897,9300564
2009-06-12,169.40716552734375,174.75685963669392,168.96134841500182,172.97363290185856,7825760
2009-06-15,164.2803192138672,165.8406508523434,158.48480964514988,164.9490307868084,14427116
2009-06-16,156.47869873046875,161.60549750615323,156.03289558230404,158.2619252279699,14820602
2009-06-17,157.37030029296875,161.38256986577161,157.37030029296875,158.70772348390304,8928541
2009-06-18,164.05740356445312,164.50322053019244,159.82222581896693,161.38255738937542,13769944
2009-06-19,168.96128845214844,169.40710540627393,162.71997623794454,164.94901929405432,8616819
2009-06-22,169.85292053222656,170.74454059903314,166.28645416984037,169.40711745124335,7576382
2009-06-23,167.17808532714844,168.51550856366217,167.17808532714844,168.51550856366217,4848557
2009-06-24,172.3048858642578,176.54006413542368,168.06970759309195,168.06970759309195,9524390
2009-06-25,174.5338897705078,176.54003826164129,173.41937519084632,174.75679824837582,6214003
2009-06-26,173.86521911621094,175.64845954870347,172.5277957442628,175.42555101843126,5684586
2009-06-29,169.63003540039062,174.75683410952976,169.63003540039062,174.75683410952976,6697428
2009-06-30,174.75682067871094,175.20262378682727,172.08197422033086,173.41939744952091,7477244
2009-07-01,177.87747192382812,178.7690780787772,174.08809709835438,175.87132331309257,7539589
2009-07-02,180.77520751953125,183.2271591363274,179.66069290588553,180.5523129397059,9932184
2009-07-03,181.88980102539062,183.6730278253205,180.55237744923204,180.55237744923204,6923298
2009-07-06,185.01039123535156,185.90201129778038,181.66683338229367,184.11878507776288,6053542
2009-07-07,194.37240600585938,197.04725282331117,187.01657725786694,187.239471889426,16623480
2009-07-08,198.38470458984375,199.4992195433637,192.14337635463156,194.37242016651535,12229730
2009-07-09,194.37240600585938,199.72211354560585,194.37240600585938,198.38469013687995,9777856
2009-07-10,189.69139099121094,195.70979528080656,189.0226794034781,194.37237210534087,8274435
2009-07-13,191.69752502441406,192.589145106276,187.23943851994477,191.2517219359033,7083759
2009-07-14,196.6014404296875,198.38468082753747,190.80592999393846,193.48077668587118,9195293
2009-07-15,198.83050537109375,202.3969726457455,196.6014615863309,198.38470217607866,10130460
2009-07-16,199.49916076660156,203.28853552085675,198.3846461414417,200.61367539176143,12865439
2009-07-17,205.44493103027344,208.44244853199666,202.9085766925815,203.6003070838017,13119240
2009-07-20,204.2921142578125,210.28715151448193,204.2921142578125,209.8259881771233,10068420
2009-07-21,208.44252014160156,209.36483243169417,201.98633411095332,205.67558327132375,8561880
2009-07-22,208.44252014160156,211.20944265704767,207.2896261902779,209.36483243169417,7425600
2009-07-23,206.59786987304688,209.82595530957516,206.59786987304688,209.82595530957516,4704240
2009-07-24,203.1392059326172,209.59539171616524,201.9863263802498,208.44251216379786,8029440
2009-07-27,207.52015686035156,209.3647809872819,203.83090860649088,203.83090860649088,6258720
2009-07-28,213.5152130126953,214.89867415672347,208.9036519412173,209.8259641555129,9569640
2009-07-29,220.2019805908203,220.2019805908203,215.82098679812344,216.7432990142443,13571100
2009-07-30,223.1995086669922,223.6606720023445,214.20696717594305,219.9714227388544,17189040
2009-07-31,217.4350128173828,222.96887096712453,216.28211912355692,222.73830371222215,8487420
2009-08-03,219.04904174804688,219.74077217937608,214.43748161447274,218.58787855727567,7205280
2009-08-04,208.9036407470703,223.43005375511746,206.82843478739792,222.2771599603184,12488880
2009-08-05,218.587890625,223.43003262128303,213.51518137542988,218.12674176359744,19757400
2009-08-06,218.12677001953125,222.27716772910642,215.35983342820438,219.97139441374915,11641260
2009-08-07,218.12677001953125,218.12677001953125,218.12677001953125,218.12677001953125,0
2009-08-10,228.27218627929688,229.65564728900975,218.12675290702896,220.43252604149347,12974400
2009-08-11,230.5779571533203,231.50026926903016,226.4275598100404,229.42506341997574,8749560
2009-08-12,230.1168212890625,231.50028236346603,225.04409718831343,230.57797019558708,7311360
2009-08-13,230.1168212890625,230.3473885649099,227.34988478542567,229.65565802770814,5932320
2009-08-14,222.96888732910156,234.7283636755439,222.96888732910156,230.57796616996464,6203640
2009-08-17,221.81602478027344,225.73584095740327,221.35486149188722,225.04411037965454,5266260
2009-08-18,218.12677001953125,220.8937066108581,214.43752123109545,218.5879189406706,7258320
2009-08-19,217.66563415527344,220.89373442910053,217.2044851760593,220.89373442910053,5506980
2009-08-20,219.97134399414062,220.66307439471333,213.97630890963868,218.1267200227288,6482100
2009-08-21,212.59288024902344,223.43004413076133,212.13171700903675,222.27715038562374,7854000
2009-08-24,212.823486328125,216.743302544358,210.74828021934644,214.89867808207276,10062300
2009-08-25,215.82098388671875,217.66560829407663,213.05404727568197,213.7457921945639,7194060
2009-08-26,210.74826049804688,217.20444551189132,208.2119056884582,217.20444551189132,9115740
2009-08-27,213.2845916748047,214.66806691617688,207.9813010183382,209.3647762597104,6045540
2009-08-28,218.587890625,219.04905384123094,212.3622876896809,214.43749345306338,7510260
2009-08-31,220.4325408935547,222.277165267343,219.04907979062847,219.74081034209158,6107760
2009-09-01,235.65065002441406,235.65065002441406,220.89367156665693,220.89367156665693,14920560
2009-09-02,232.42257690429688,236.572974167569,232.42257690429688,234.26720110015754,8948460
2009-09-03,238.4176025390625,238.87876577351878,233.34489308901692,234.72835408272792,11766720
2009-09-04,243.95147705078125,245.33493805485446,239.8010796837325,242.10685280879756,10905840
2009-09-07,238.87879943847656,242.56804841473343,236.57301165090055,241.64572181583824,10002120
2009-09-08,234.2671661376953,239.80103789939204,233.34485417741254,237.95641397882648,11968680
2009-09-09,228.27218627929688,236.57298104723242,228.27218627929688,232.883746903055,13390560
2009-09-10,230.5779571533203,236.5729787280199,228.7333329219006,236.11182984757946,8231400
2009-09-11,226.88870239257812,228.96390818402966,225.0440782123609,225.0440782123609,5694660
2009-09-14,231.500244140625,231.96140732583703,227.34984724785372,228.2721592634504,6229140
2009-09-15,233.3449249267578,233.3449249267578,230.57798820698414,231.96146374428642,4561440
2009-09-16,235.18951416015625,236.11182626185936,231.96142898160963,234.2672020584531,5918040
2009-09-17,236.11184692382812,238.41762020244806,235.18953474141415,237.95647128865608,6019020
2009-09-18,237.4952850341797,237.95644825816825,234.7283487547342,237.03413616501976,4866420
2009-09-21,231.96142578125,236.5729718713117,230.57795047036865,235.1895109152589,3468000
2009-09-22,231.0391387939453,234.72837319585264,231.0391387939453,234.72837319585264,2973300
2009-09-23,233.80609130859375,236.11186476140833,231.96146680440967,233.34492800513218,5497800
2009-09-24,233.80609130859375,234.7283892058547,231.96146680440967,232.42261575304013,2843760
2009-09-25,234.7283477783203,235.6506598676322,231.50026264314295,232.8837379545251,4394160
2009-09-28,234.2671661376953,238.41756278155458,233.8060173349672,236.11179005826088,3703620
2009-09-29,238.87879943847656,238.87879943847656,235.65069940683634,235.65069940683634,5191800
2009-09-30,247.1795654296875,247.1795654296875,239.3399194793087,239.8010827230641,10939500
2009-10-01,247.1795654296875,249.02418969505064,243.02918236486423,249.02418969505064,5866020
2009-10-02,241.6457061767578,244.41265708470698,239.80109616284176,241.6457061767578,4093260
2009-10-05,243.49032592773438,243.49032592773438,239.8010916150382,241.64570159397138,2952900
2009-10-06,244.4126434326172,245.33494121064368,241.18455814503682,244.4126434326172,5671200
2009-10-07,236.572998046875,243.49033230216287,233.80607582862393,243.49033230216287,11960520
2009-10-08,226.19700622558594,236.57300804712492,226.19700622558594,235.18954687951867,13772040
2009-10-09,232.42257690429688,232.42257690429688,225.50524334723383,225.96639221878465,10609020
2009-10-12,231.500244140625,234.26718018741497,228.2721592634504,233.80603135703035,3346620
2009-10-13,231.500244140625,234.26718018741497,228.2721592634504,229.88620170203768,4614480
2009-10-14,234.2671661376953,235.1894780979781,231.9613934144016,233.34485417741254,5773200
2009-10-15,236.11184692382812,237.0341591062421,234.26722255900017,237.0341591062421,6011880
2009-10-16,243.02919006347656,243.4903246121812,235.65067841346024,236.57299057535857,9153480
2009-10-19,238.87879943847656,244.41267290286183,237.95648719441235,244.41267290286183,5104080
2009-10-20,239.80108642578125,241.6456963647974,239.33992317490512,239.80108642578125,3867840
2009-10-21,237.95648193359375,238.87879415726718,231.9614596571317,238.87879415726718,13626180
2009-10-22,227.58047485351562,233.8060933763181,227.34990755457684,230.57799328803188,12610260
2009-10-23,219.2796630859375,226.88872791929,219.2796630859375,225.96641572541424,15013380
2009-10-26,215.3598175048828,222.7383145362015,213.05403000518115,219.51021490758498,10486620
2009-10-27,216.97384643554688,219.04905218322187,215.3598039006122,215.3598039006122,9301380
2009-10-28,216.7433319091797,221.35489368967637,215.59045223018006,216.7433319091797,8902560
2009-10-29,217.4350128173828,218.12674329174698,213.05401965181005,214.43749495536684,10284660
2009-10-30,214.43753051757812,219.74082229191268,214.43753051757812,218.81851005486183,6903360
2009-11-02,224.3523406982422,225.04407115542523,214.4374896291917,214.4374896291917,10816080
2009-11-03,223.66062927246094,226.42756569146127,223.66062927246094,224.58294141212772,7621440
2009-11-04,225.73587036132812,226.88876437763685,224.81355801924764,225.96645203555636,3353760
2009-11-05,221.3548583984375,225.73583780272907,219.7408156213033,225.73583780272907,5137740
2009-11-06,220.2019805908203,223.430066169828,219.5102356626068,221.81602338032414,3883140
2009-11-09,223.66062927246094,223.66062927246094,221.12427447708464,223.19946602521287,2645880
2009-11-10,231.96142578125,231.96142578125,225.96639002547843,226.88870211445646,9984780
2009-11-11,237.4952850341797,238.87876035131674,230.5779515129803,232.88373892326584,9248340
2009-11-12,234.7283477783203,237.495284046256,233.80605004383696,237.495284046256,5898660
2009-11-13,234.2671661376953,236.572938860989,231.9613934144016,232.8837053746844,5196900
2009-11-16,239.80108642578125,239.80108642578125,234.7283624402911,236.11183783809005,6209760
2009-11-17,232.88377380371094,242.10688176176924,232.88377380371094,240.72342059225127,6505560
2009-11-18,234.7283477783203,237.03413517901433,233.34488682176675,233.34488682176675,4339080
2009-11-19,239.80108642578125,242.56802286654965,234.7283624402911,234.7283624402911,9232020
2009-11-20,243.95147705078125,250.8688107808055,235.6506679618547,239.33991644582204,17592960
2009-11-23,242.10684204101562,245.3349271435024,240.26221788107225,243.95146620095903,8661840
2009-11-24,237.4952850341797,243.4903064622306,236.5729729410312,243.02917194789927,7359300
2009-11-25,235.65065002441406,239.80106143036758,234.7283379736275,235.18950117643476,6168960
2009-11-26,238.4176025390625,240.26222676722978,236.11182943126786,236.11182943126786,4195260
2009-11-27,232.42257690429688,236.572974167569,232.42257690429688,233.80605222860672,6027180
2009-11-30,233.80609130859375,236.5730137100388,233.80609130859375,235.1895525093163,3469020
2009-12-01,235.18951416015625,236.11182626185936,231.50026575334368,232.88374108331277,3949440
2009-12-02,235.18951416015625,239.80107466867193,234.7283509318903,237.4952872369997,4902120
2009-12-03,233.3449249267578,237.49532282900284,232.88377598421098,235.65069834915374,3410880
2009-12-04,231.96142578125,237.49528396028973,231.96142578125,237.49528396028973,4429860
2009-12-07,243.95147705078125,244.41264028869168,235.18951907877332,235.6506679618547,10603920
2009-12-08,244.87379455566406,245.33492906702278,240.72338298583637,243.4903048926168,6709560
2009-12-09,243.49032592773438,244.87381571030124,242.10686485482702,242.10686485482702,4958220
2009-12-10,238.87879943847656,245.3349707920951,236.11186270628392,243.49034630396667,6055740
2009-12-11,239.80108642578125,240.72339857270407,236.57298673413672,240.72339857270407,4029000
2009-12-14,242.10684204101562,242.5680052584157,239.33990580110054,239.80106901850058,2797860
2009-12-15,241.1846160888672,246.25732686086147,241.1846160888672,244.4127021519849,3995340
2009-12-16,242.10684204101562,243.490302983559,240.26221788107225,242.5680052584157,3396600
2009-12-17,243.49032592773438,244.87381571030124,241.64570159397138,243.49032592773438,4994940
2009-12-18,243.95147705078125,244.41264028869168,241.64568957088713,243.4903138128708,3995340
2009-12-21,243.49032592773438,245.33495026149734,241.64570159397138,245.33495026149734,4086120
2009-12-22,247.1795654296875,249.02418969505064,243.95148014271658,244.41264338647198,6451500
2009-12-23,249.0242156982422,249.4853789901524,245.7961300741935,247.17959124026274,3542460
2009-12-24,251.3299560546875,252.25228246458428,248.1018710393608,250.8687928497391,3947400
2009-12-25,251.3299560546875,253.17458016482504,250.40765835444674,253.17458016482504,2035920
2009-12-28,251.3299560546875,251.79111925963588,249.48533194454993,250.40765835444674,2445960
2009-12-29,249.94656372070312,251.33002500543586,249.02423705777204,250.40772705216867,2250120
2009-12-30,255.94155883789062,256.4026933839068,249.48535938741287,249.94652264308826,7350120
2009-12-31,257.3250427246094,257.3250427246094,255.0192549513269,255.9415815445046,3039600
2010-01-04,261.4754333496094,261.4754333496094,256.8638863877561,257.3250496968402,4473720
2010-01-05,261.9365539550781,264.70350464882307,258.2473055031901,262.85888042287905,5757900
2010-01-06,265.16473388671875,265.16473388671875,259.16972454329886,261.9366475156976,5451900
2010-01-07,258.7084655761719,265.16463593326506,258.24730234790593,265.16463593326506,4554300
2010-01-08,253.63575744628906,258.24730362274084,251.32997000323437,258.24730362274084,7581660
2010-01-11,257.3250427246094,257.7861773115365,251.79116929452846,253.6357937712221,3232380
2010-01-12,257.3250427246094,257.7861773115365,255.9415815445046,256.86387942802054,2768280
2010-01-13,252.25230407714844,255.94155261351233,250.4076798089665,255.94155261351233,5869080
2010-01-14,264.24237060546875,266.5481583200309,252.71346074231892,253.63578731200818,7071660
2010-01-15,269.3150939941406,272.08204513105875,264.24238373773017,265.62584495135803,7899900
2010-01-18,270.2374267578125,272.08205132117064,267.0093122396884,268.39280219445436,3129360
2010-01-19,262.85888671875,271.1596815794859,262.397723473804,271.1596815794859,3589380
2010-01-20,265.6258544921875,267.93164240416223,263.78122990454045,265.16469116785987,4033080
2010-01-21,253.63575744628906,260.55309106579557,252.71343098520413,260.0919278352531,7060440
2010-01-22,241.1846160888672,248.10195156973805,236.57303996184302,245.3350001515905,12157380
2010-01-25,242.56800842285156,244.41263260685912,238.87876005483645,238.87876005483645,4003500
2010-01-26,237.95648193359375,243.49034092080373,235.18954526257343,242.56804305196093,6191400
2010-01-27,240.7234344482422,245.79614483489996,239.33995884426088,241.6457323777876,5194860
2010-01-28,241.1846160888672,243.9515387973494,238.8788280253551,243.02924079774377,5024520
2010-01-29,239.80108642578125,239.80108642578125,230.57796495655325,235.65067458721393,7769340
2010-02-01,232.88377380371094,242.10688176176924,232.88377380371094,242.10688176176924,3831120
2010-02-02,229.65565490722656,237.4953010502603,228.27219385162104,237.4953010502603,7111440
2010-02-03,234.7283477783203,235.6506598676322,230.57795055383107,233.34488682176675,5626320
2010-02-04,237.4952850341797,237.4952850341797,233.80605101641433,235.18951197872275,3196680
2010-02-05,235.65065002441406,235.65065002441406,230.5779409225019,232.8837282268823,6535140
2010-02-08,233.3449249267578,236.5730105890783,232.88377598421098,236.5730105890783,2867220
2010-02-09,236.11184692382812,240.72340783589803,233.3449103765862,233.3449103765862,4499220
2010-02-10,238.87879943847656,242.10688511528582,237.49532389496477,242.10688511528582,3344580
2010-02-22,243.95147705078125,246.7184277685858,243.4903138128708,244.41264028869168,5473320
2010-02-23,246.25726318359375,246.25726318359375,241.184553723302,244.87380218708836,4087140
2010-02-24,243.49032592773438,244.87381571030124,242.10686485482702,244.41265244944563,3353760
2010-02-25,233.80609130859375,241.1845893253301,232.42261575304013,241.1845893253301,9456420
2010-02-26,232.88377380371094,233.80608603499985,228.73336158549546,233.80608603499985,9937860
2010-03-01,238.87879943847656,241.64572181583824,229.65567699783443,232.88377702947466,7923360
2010-03-02,237.95648193359375,241.1845818938661,237.4953186443417,241.1845818938661,3777060
2010-03-03,242.10684204101562,242.10684204101562,238.41759372112884,240.7233810984723,4537980
2010-03-04,237.0341339111328,242.56800641740384,237.0341339111328,242.56800641740384,2937600
2010-03-05,234.7283477783203,240.2622203141917,234.26719891107865,238.4175961355679,6063900
2010-03-08,243.49032592773438,243.49032592773438,237.49530402041958,237.9564672812752,7593900
2010-03-09,245.33494567871094,246.71843543543463,242.10686033234032,243.490321379405,4328880
2010-03-10,248.10191345214844,248.10191345214844,245.33496245910644,246.7184523104579,4581840
2010-03-11,251.7911376953125,251.7911376953125,247.6407259662036,250.40767668882893,5335620
2010-03-12,248.10191345214844,251.79116230309714,247.1795868845808,251.79116230309714,3330300
2010-03-15,244.4126434326172,248.56305520788248,243.49031694493223,247.1795654763551,3939240
2010-03-16,245.33494567871094,247.17956997801687,244.8738111361287,246.71843543543463,3311940
2010-03-17,252.25230407714844,252.71343861195007,247.64072905186435,248.10189229632445,5627340
2010-03-18,249.4853515625,252.25230230010985,249.02418832128862,251.7911390588985,5307060
2010-03-19,248.5630645751953,251.79114998442884,248.10190131397349,250.86882346198524,4196280
2010-03-22,244.4126434326172,248.56305520788248,243.49031694493223,248.10189196404002,3078360
2010-03-23,239.33993530273438,246.71844720683006,237.95647418966217,245.33495738409752,9111660
2010-03-24,239.80108642578125,242.10685961567353,239.80108642578125,241.18456182358017,3226260
2010-03-25,246.7184295654297,248.10189057957862,239.8010814301975,241.1845567991756,5136720
2010-03-26,258.2473449707031,258.2473449707031,245.7961367200979,245.7961367200979,12110460
2010-03-29,257.3250427246094,259.169667201303,254.55809165473804,258.24734060812534,5936400
2010-03-30,253.63575744628906,256.40267941022864,252.2522964643193,256.40267941022864,3957600
2010-03-31,254.09695434570312,257.3250399679195,252.71346447075774,253.63579105405466,5877240
2010-04-01,261.01422119140625,261.4753556538045,255.94151242779333,255.94151242779333,6416820
2010-04-02,258.2473449707031,262.8589205951715,257.3250470716068,262.8589205951715,2535720
2010-04-06,262.85888671875,265.1646455241631,260.5530992036784,262.397723473804,3971880
2010-04-07,261.4754333496094,265.164682402957,260.55313544110373,262.3977599677776,3256860
2010-04-08,253.63575744628906,260.0919278352531,252.71343098520413,256.8638426407711,5008200
2010-04-09,256.8638610839844,256.8638610839844,252.25231457641658,254.55807347537063,3070200
2010-04-12,253.63575744628906,259.1696300838258,251.79113323377683,258.7084668532833,3139560
2010-04-13,250.8688201904297,253.63577101201744,249.02419587925758,253.63577101201744,3835200
2010-04-14,254.09695434570312,255.94157880263555,251.79116659712224,253.63579105405466,3118140
2010-04-15,255.4803924560547,257.786151286899,254.0969314156163,257.786151286899,2958000
2010-04-16,251.7911376953125,255.01922294699358,251.3299744565986,255.01922294699358,1874760
2010-04-19,244.87379455566406,251.32996481125645,244.4126313346483,249.0241774158347,4602240
2010-04-20,242.10684204101562,247.64071452084585,242.10684204101562,246.71841679570255,8552700
2010-04-21,253.63575744628906,253.63575744628906,243.9514731531854,244.87379961427033,7845840
2010-04-22,258.2473449707031,259.63080617417876,252.25233685242128,253.17463475151763,8928060
2010-04-23,259.63079833984375,263.32004724423086,257.3250393068478,260.5531249207712,5958840
2010-04-26,267.0093078613281,267.0093078613281,262.8589241940767,262.8589241940767,6658560
2010-04-27,265.6258544921875,267.0093157555069,264.2423932288681,267.0093157555069,4508400
2010-04-28,262.397705078125,262.8588682907407,259.63075451208744,259.63075451208744,3180360
2010-04-29,253.63575744628906,261.93655204776536,253.1745942157466,259.63076460471063,6692220
2010-04-30,246.25726318359375,251.79113587927327,244.4126389517006,251.3299726438855,11397480
2010-05-03,248.10191345214844,251.32999901931333,246.25728902667407,246.25728902667407,5283600
2010-05-04,249.0242156982422,250.40770557397286,244.8738322000345,249.4853789901524,3649560
2010-05-05,246.7184295654297,248.10189057957862,240.72339355790652,244.41264206874257,7049220
2010-05-06,241.6457061767578,246.25728145345306,239.80109616284176,245.79611818385152,4947000
2010-05-07,243.95147705078125,245.79610129276492,235.18951907877332,235.18951907877332,5917020
2010-05-10,245.79605102539062,245.79605102539062,242.56796643950435,245.33488788179196,3116100
2010-05-11,241.6457061767578,248.10190582219917,241.6457061767578,247.1795792829961,3463920
2010-05-12,240.7234344482422,244.41268358575022,240.7234344482422,242.56805901699622,2187900
2010-05-13,243.02919006347656,245.79611219434187,239.33992706105357,242.56802680511257,4347240
2010-05-14,242.10684204101562,246.2572535783025,241.64567882361558,242.5680052584157,3016140
2010-05-17,239.80108642578125,243.49032065864301,238.87877427885846,240.72339857270407,3037560
2010-05-18,237.95648193359375,240.72341860461407,237.95648193359375,238.87879415726718,3428220
2010-05-19,237.4952850341797,238.41759712732818,231.50026360612878,236.5729729410312,6257700
2010-05-20,231.96142578125,238.4175960492678,231.96142578125,236.11182300423692,4249320
2010-05-21,227.3498992919922,231.03914819890872,226.8887360012123,227.3498992919922,8536380
2010-05-24,230.1168212890625,231.03913345694144,228.7333458598292,228.7333458598292,3645480
2010-05-25,226.65817260742188,229.42510951041623,222.73835609430373,228.27222990029247,4968420
2010-05-26,232.88377380371094,233.34492274194,226.88873712291763,228.2722126472664,4842960
2010-05-27,235.65065002441406,236.11181322722132,230.5779409225019,231.03910412530917,4007580
2010-05-28,237.0341339111328,240.26221902904334,237.0341339111328,237.95644599551133,4363560
2010-05-31,241.1846160888672,241.1846160888672,236.1118909620402,239.3399770251579,2490840
2010-06-01,237.95648193359375,240.262255315362,237.03416970992032,239.33994309168858,2370480
2010-06-02,237.95648193359375,239.33994309168858,235.18954526257343,235.18954526257343,3397620
2010-06-03,246.7184295654297,246.7184295654297,243.49031558620442,243.49031558620442,5715060
2010-06-04,243.02919006347656,247.17957325977454,242.10686354674854,245.79611219434187,3738300
2010-06-07,239.80108642578125,241.18456182358017,230.57796495655325,236.57298673413672,5101020
2010-06-08,237.4952850341797,238.87876035131674,235.6506608478827,238.87876035131674,2201160
2010-06-09,237.95648193359375,239.80110638094064,236.11185748624686,236.57300642066826,4513500
2010-06-10,237.4952850341797,237.4952850341797,233.80605101641433,237.4952850341797,2990640
2010-06-11,240.26226806640625,243.49035384316687,238.87880683488928,239.80111910751106,4818480
2010-06-14,238.4176025390625,242.10685099539705,235.1895173171842,240.72339000168606,6008820
2010-06-15,237.95648193359375,238.87879415726718,234.2672330389,235.65069419699483,10201020
2010-06-17,231.0391387939453,237.0341608462286,231.0391387939453,235.65068538503698,11479080
2010-06-18,228.73333740234375,232.88374918175114,228.2721885128703,230.5779616698961,11977860
2010-06-21,233.80609130859375,234.7283892058547,230.57799124885605,230.57799124885605,6656520
2010-06-22,233.80609130859375,233.80609130859375,229.88626064849478,231.96146680440967,4472700
2010-06-23,233.3449249267578,233.80608822413552,230.57798820698414,230.57798820698414,4238100
2010-06-24,230.1168212890625,232.88375779269933,229.8862396583853,231.03913345694144,5302980
2010-06-25,222.2771759033203,226.88873705845464,222.04660861168668,225.96642482742777,9354420
2010-06-28,214.43753051757812,222.27717735509472,212.8234876914469,221.81602841398475,11980920
2010-06-29,213.05404663085938,216.74329543440933,213.05404663085938,214.43752210960577,13275300
2010-06-30,208.6730499267578,213.97634105250413,208.6730499267578,208.9036315465283,10292820
2010-07-01,203.8308868408203,209.36475863068802,203.8308868408203,208.6730138908346,5321340
2010-07-02,196.2218475341797,201.52513877093733,195.53011701521768,199.68051448381908,17362440
2010-07-05,202.9086151123047,203.36976400882546,197.8358911215994,197.8358911215994,7123680
2010-07-06,208.9036407470703,209.59537128201785,201.06399452306206,201.98630668793535,10524360
2010-07-07,206.59786987304688,212.13172857069108,206.36728824048632,210.28711857469628,9479880
2010-07-08,209.3647918701172,213.5151891940351,208.90362863699914,210.7482528598135,8432340
2010-07-09,217.4350128173828,218.12674329174698,208.90362245079666,209.3647856702584,10722240
2010-07-12,215.82098388671875,219.97139598068912,214.43752275861553,218.58792049775556,7627560
2010-07-13,213.2845916748047,219.04904553000455,211.67054918889363,219.04904553000455,7686720
2010-07-14,219.04904174804688,221.35481463742013,216.28210566790239,216.28210566790239,8422140
2010-07-15,213.5152130126953,218.12677408417335,213.05404972813227,216.74329858531468,8031480
2010-07-16,216.28216552734375,216.51274718654642,213.97637764498037,215.35985324536472,8648580
2010-07-19,213.9763641357422,216.2821518725314,212.59290297753319,214.4375274250323,5231580
2010-07-20,215.82098388671875,217.20445936965234,215.5904166019218,216.7432960903977,5297880
2010-07-21,213.05404663085938,218.12677091315572,211.67058550694327,217.66560763529685,6089400
2010-07-22,208.9036407470703,214.89866264133192,208.44249184204853,213.05403831158532,6315840
2010-07-23,216.7433319091797,217.66564426527904,211.2094577725837,212.13177012868303,5981280
2010-07-26,221.3548583984375,221.58544003940824,218.12677284416912,219.04908505322157,7296060
2010-07-27,222.7383270263672,225.04410030053708,218.12676612319737,222.5077453925012,14807340
2010-07-28,219.49012756347656,230.91155954076154,219.49012756347656,228.42863954569958,20485000
2010-07-29,212.04139709472656,215.5174855716893,211.0482289584515,211.54481302658903,13756000
2010-07-30,215.26918029785156,217.00722442943746,213.0345521286697,213.53113616626567,8073000
2010-08-02,213.7794189453125,214.5242949695122,205.0891986629827,208.56528677591464,18290000
2010-08-03,217.50379943847656,222.22134759981338,216.0140473875281,216.0140473875281,12152000
2010-08-04,217.75210571289062,220.97990203474646,216.26235356434177,220.97990203474646,9547000
2010-08-05,217.50379943847656,220.48330354037353,217.25550742998516,219.49013550640785,6881000
2010-08-06,220.73159790039062,221.97305795607338,218.0003857778886,218.4969698001617,8662000
2010-08-09,229.91842651367188,231.90476281184615,221.47649724643122,221.47649724643122,11686000
2010-08-10,224.9525604248047,230.4149846293805,224.45597640620687,230.4149846293805,9273000
2010-08-11,225.94573974609375,229.17353602818082,224.45598761589974,224.95257165929775,8329000
2010-08-12,227.93211364746094,228.42869777305455,224.70431683110257,228.42869777305455,6118000
2010-08-13,228.4286346435547,230.4149705969769,227.1871746726658,227.93205065519913,7057000
2010-08-16,228.4286346435547,230.16667860279912,225.44913071342137,227.93205065519913,4735000
2010-08-17,226.44232177734375,230.9115781282124,226.44232177734375,229.1735339917635,5378000
2010-08-18,226.9388427734375,229.91834617965333,225.94567497136558,228.4285944765454,9330000
2010-08-19,227.4354705810547,229.1735145702112,226.44230258725094,226.9388865841528,4850000
2010-08-20,224.9525604248047,229.173524582886,224.9525604248047,226.9388964991959,4193000
2010-08-23,222.46963500976562,225.9457230567932,221.47646699632918,223.46280302320207,5737000
2010-08-24,221.97303771972656,226.4422935127412,221.97303771972656,224.9525415817363,4394000
2010-08-25,214.02769470214844,221.47645437855732,214.02769470214844,221.47645437855732,10350000
2010-08-26,217.50379943847656,220.2350115318821,215.02087935356246,215.02087935356246,4654000
2010-08-27,216.75894165039062,220.48332209111896,215.02089744471738,218.99356991482765,4907000
2010-08-30,216.26234436035156,216.75892838873355,212.53796414748675,216.01405234616058,6796000
2010-08-31,216.75894165039062,219.24186194420952,212.53797715089848,213.77943729780793,6175000
2010-09-01,217.25552368164062,218.745275844029,215.02089543805803,216.75893962751115,6681000
2010-09-02,220.97994995117188,221.2282420297687,219.2419054009941,220.97994995117188,5883000
2010-09-03,235.87747192382812,236.3740560752467,224.45603644120067,224.45603644120067,20499000
2010-09-06,236.87059020996094,240.3466785358933,235.8774221168374,238.6086343729271,10131000
2010-09-07,234.3876495361328,239.8500735719325,234.3876495361328,238.6086135637962,7445000
2010-09-08,231.9047393798828,238.11203968448353,231.9047393798828,234.88424352609115,6694000
2010-09-09,229.17356872558594,235.62916221081372,229.17356872558594,233.3945336966964,6864000
2010-09-10,235.87747192382812,236.3740560752467,228.42870965254934,231.40821456106084,8185000
2010-09-13,238.36038208007812,239.8501344680786,234.38770904541016,238.11209001541138,9083000
2010-09-14,240.84324645996094,247.54713063977428,240.59495445330117,240.59495445330117,14883000
2010-09-15,237.36720275878906,245.31254845782803,236.62232659950416,244.31938024544814,13665000
2010-09-16,235.87747192382812,238.11210060521177,233.64284324244448,237.36722437808388,8142000
2010-09-17,237.615478515625,242.5813192369547,235.8774342631596,238.36035462382446,12103000
2010-09-20,235.132568359375,237.11890473411103,234.88427631253302,236.37402859358502,6039000
2010-09-21,234.3876495361328,239.8500735719325,234.3876495361328,236.12569354752364,8613000
2010-09-23,230.91160583496094,234.38769452494958,230.4150217363911,234.38769452494958,10906000
2010-09-24,221.47650146484375,230.16672293487684,220.97991738084184,228.42867864087023,16983000
2010-09-27,224.4559783935547,225.94573046253848,221.72476626708445,223.46281034756552,8366000
2010-09-28,225.69747924804688,229.9184442064812,225.4491871916684,225.4491871916684,8039000
2010-09-29,222.96624755859375,227.68379622631454,222.46966348830736,227.43550419117136,8730000
2010-09-30,218.00042724609375,224.45602076363184,217.50384312936004,223.95943664689813,9330000
2010-10-01,222.96624755859375,222.96624755859375,213.77944225829535,217.00723871515694,13519000
2010-10-04,212.5379180908203,222.96618042705217,210.05499848695558,222.96618042705217,14210000
2010-10-05,206.33067321777344,211.048221702897,204.5926290390437,210.05505360076572,14606000
2010-10-06,204.8409423828125,210.55165956439393,204.8409423828125,210.55165956439393,11775000
2010-10-07,205.83407592773438,208.06870401380147,204.59261587991932,204.84090788948234,9262000
2010-10-08,203.5994415283203,206.57894555068597,199.3784774966356,205.83406954509456,19491000
2010-10-11,203.5994415283203,205.83406954509456,202.8545655227289,203.5994415283203,6431000
2010-10-12,199.1302032470703,205.0892118230425,199.1302032470703,203.59945967904946,9605000
2010-10-13,201.1165313720703,202.10969942822868,199.13019525975358,199.13019525975358,9171000
2010-10-14,200.61996459960938,204.59263716593827,200.61996459960938,203.10288495356494,8909000
2010-10-15,193.66773986816406,200.12333119710289,193.66773986816406,199.13016330034307,13179000
2010-10-18,186.7156219482422,194.9092596135241,186.7156219482422,193.66779936120867,13515000
2010-10-19,188.95021057128906,192.67459054312786,184.72924660320507,186.71558258818575,10475000
2010-10-20,194.9092254638672,195.65410148474822,187.95704926897767,188.70192528985868,11696000
2010-10-21,192.17799377441406,196.15066548034508,191.68140981117267,195.65408151710372,9394000
2010-10-22,192.17799377441406,194.90920557224163,189.94336593982786,194.90920557224163,7115000
2010-10-25,196.1506805419922,196.89555654405038,193.1711765337594,193.66776053513152,6555000
2010-10-26,195.1575469970703,196.89559130874906,193.6677947299171,196.6472992642235,4251000
2010-10-27,190.1916961669922,194.66095273488497,189.9434041354426,194.16436867178578,8070000
2010-10-28,194.16433715820312,194.66092114070491,191.18483326319233,191.18483326319233,8551000
2010-10-29,191.18484497070312,194.16434904816862,190.93655296424765,193.41947302880226,7773000
2010-11-01,195.40579223632812,198.13700407190578,188.70190863991027,188.70190863991027,14480000
2010-11-02,192.42633056640625,194.1643748424899,188.7019499747984,192.67462260584676,15110000
2010-11-03,195.1575469970703,197.1438833532746,191.18487428466176,193.6677947299171,12761000
2010-11-04,199.62677001953125,202.60627404967352,196.64726598938898,197.1438499944127,12531000
2010-11-05,196.64727783203125,202.60628625118372,196.64727783203125,202.60628625118372,14783000
2010-11-08,191.18484497070312,195.15751707399045,191.18484497070312,194.16434904816862,10535000
2010-11-09,189.94338989257812,194.1643541124132,189.69509787964665,191.1848499572355,5944000
2010-11-10,189.1985321044922,191.18486839955247,188.95024006760966,190.93657636266994,6441000
2010-11-11,189.6951141357422,192.17803447783305,189.19853006732401,189.19853006732401,6418000
2010-11-12,187.70877075195312,189.44681492558232,186.96389467754062,189.19852290077816,6472000
2010-11-15,188.70191955566406,190.68825555098687,187.7087515580027,187.7087515580027,4345000
2010-11-16,191.18484497070312,195.15751707399045,189.69509293197038,189.69509293197038,8713000
2010-11-17,190.1916961669922,192.17803241938898,189.1985280407938,190.1916961669922,5527000
2010-11-18,188.95021057128906,192.1780065468827,188.70191857316647,191.18483855439234,5974000
2010-11-19,189.94338989257812,192.67460203482435,189.1985138537837,189.69509787964665,8332000
2010-11-22,196.64727783203125,196.64727783203125,189.44680932555536,190.6882694128788,11640000
2010-11-23,198.136962890625,203.59938542645676,197.64037902373119,197.64037902373119,24076000
2010-11-24,198.63363647460938,201.11655693054198,198.13705238342285,198.13705238342285,11953000
2010-11-25,197.14385986328125,200.6199480724575,196.15069180351662,200.12336404257516,9656000
2010-11-26,197.64044189453125,201.6131140934163,197.64044189453125,199.62677799397377,9955000
2010-11-29,196.1506805419922,200.3716445536553,196.1506805419922,199.13018455022498,7542000
2010-11-30,193.91604614257812,199.37846997758032,193.91604614257812,196.64725806007922,9676000
2010-12-01,194.4126434326172,196.3989795085571,193.66776740413974,194.4126434326172,6326000
2010-12-02,196.1506805419922,199.6267685515971,195.65409654062006,196.1506805419922,10327000
2010-12-03,209.8068084716797,209.8068084716797,199.62683314938516,199.62683314938516,32478000
2010-12-06,210.30332946777344,215.2691695968826,210.05503746131797,213.5311255516944,20834000
2010-12-07,208.31703186035156,209.55849212173624,206.0824033898591,208.0687398080746,9521000
2010-12-08,210.55165100097656,214.77261570264707,208.56531467077866,208.56531467077866,12823000
2010-12-09,211.5447998046875,214.27601200873863,211.2965077861374,213.53113595308832,9378000
2010-12-10,207.57212829589844,213.0345527247379,206.57896021792763,211.54480060778167,9511000
2010-12-13,212.5379180908203,213.28279397197974,207.82037084347735,209.0618306454097,8236000
2010-12-14,214.02769470214844,216.75890658349834,212.0413587884394,214.02769470214844,13701000
2010-12-15,212.04139709472656,215.76577760575805,210.05506082217642,215.02090150355176,7851000
2010-12-16,209.31015014648438,212.53794605621664,209.06185815342803,212.53794605621664,5917000
2010-12-17,214.52432250976562,216.5106588293005,210.79994191063776,211.54481803046332,11390000
2010-12-20,213.5311737060547,217.0072625803393,212.5380054562591,217.0072625803393,6283000
2010-12-21,215.51747131347656,216.01405534876108,213.7794271899808,216.01405534876108,4542000
2010-12-22,212.78627014160156,216.51065059915584,212.53797811109794,215.51748247714136,8850000
2010-12-23,214.2760009765625,215.02087699386226,211.54478891313008,213.53112495926274,5094000
2010-12-24,210.30332946777344,216.01404561624898,210.30332946777344,215.2691695968826,6628000
2010-12-27,205.0892333984375,210.55165850105934,204.59264929819915,210.05507440082098,8338000
2010-12-28,205.5858154296875,207.82044385827106,204.09606314396513,205.3375233820671,6069000
2010-12-29,203.5994415283203,207.32382155627738,203.5994415283203,206.08236154695837,6224000
2010-12-30,202.35800170898438,205.58579805526264,202.10970968234759,204.59262994871548,5644000
2010-12-31,207.32382202148438,209.3101580408519,203.10285798032842,203.5994419851703,6645000
2011-01-03,206.0823516845703,209.8067315342915,205.5857677046075,209.31014755432867,4683000
2011-01-04,207.57212829589844,210.30334051031815,207.57212829589844,209.06188041285466,6853000
2011-01-05,208.56529235839844,210.55162847609748,207.57212429954893,209.3101684025356,8747000
2011-01-06,204.0960235595703,209.31015554831848,202.35797956332095,209.06186354885426,7931000
2011-01-07,193.66773986816406,203.10283488738233,191.18482012626453,203.10283488738233,21146000
2011-01-10,191.18484497070312,191.43313697715857,187.7087568803267,191.18484497070312,6816000
2011-01-11,197.64044189453125,199.13019396911315,193.17118567078558,193.6677696956462,8594000
2011-01-12,206.0823516845703,206.57893566453313,201.61309586490495,202.6062638248306,12198000
2011-01-13,204.0960235595703,207.3238195526049,203.84773156010613,206.08235955528392,5819000
2011-01-14,201.3647918701172,204.34429557226443,200.37162396940144,204.09600359708548,5549000
2011-01-17,197.3921356201172,201.11651553747788,197.3921356201172,201.11651553747788,6723000
2011-01-18,198.63363647460938,201.11655693054198,196.15071601867675,196.39900806427002,3866000
2011-01-19,199.3784942626953,201.61312246738305,197.88874212623682,200.8682463991538,4709000
2011-01-20,197.64044189453125,200.37165403126474,197.39214988210094,197.64044189453125,3002000
2011-01-21,196.39898681640625,197.14386287259995,193.66777461036267,194.16435864782514,3627000
2011-01-24,195.6540985107422,199.87506256490795,195.6540985107422,196.64726652348708,3226000
2011-01-25,196.64727783203125,199.6267820416075,196.64727783203125,198.63361397174876,3492000
2011-01-26,199.1302032470703,199.87507931906683,197.64045110307725,198.63361919907263,2950000
2011-01-27,201.6130828857422,204.34429459971162,199.62674709376444,200.12333104175886,7551000
2011-01-28,196.64727783203125,200.61995011146624,196.64727783203125,200.61995011146624,9783000
2011-02-08,182.99119567871094,188.7019114190235,182.99119567871094,188.7019114190235,20341000
2011-02-09,171.56979370117188,179.51513870614656,171.32150166976643,179.2668466747411,23307000
2011-02-10,175.54248046875,177.28052482982673,171.81809969501413,171.81809969501413,11903000
2011-02-11,171.32147216796875,175.7907279636549,168.83855228147644,175.7907279636549,10932000
2011-02-14,172.811279296875,175.04590790847251,172.811279296875,173.8044475686961,5979000
2011-02-15,174.54928588867188,177.03220602933578,172.066365748008,173.8044098464727,6696000
2011-02-16,172.811279296875,175.54249204438307,172.56298722891972,174.54932377256196,4949000
2011-02-17,168.3419952392578,174.30100392029348,168.3419952392578,173.80441986354052,7439000
2011-02-18,170.32835388183594,171.3215221260449,169.33518563762698,169.83176975973146,4519000
2011-02-21,168.3419952392578,171.32149957977566,168.3419952392578,170.82491552302267,4845000
2011-02-22,164.61758422851562,166.10733612198635,161.63808044157417,165.362460175251,8531000
2011-02-23,165.85906982421875,169.83174215533776,164.61760972074407,164.61760972074407,8717000
2011-02-24,165.85906982421875,169.58345013464282,165.85906982421875,166.8522379069985,4803000
2011-02-25,165.85906982421875,168.59028205186306,162.8795655758795,167.34882194838838,9043000
2011-03-01,162.8795623779297,168.34198672597,162.8795623779297,165.85906656776984,8099000
2011-03-02,171.56979370117188,173.80442198382102,164.8659088532245,164.8659088532245,14048000
2011-03-03,169.08685302734375,170.8248970379038,167.3488090167837,170.8248970379038,8817000
2011-03-04,166.6039276123047,170.82489150114102,166.35563561884373,170.82489150114102,5485000
2011-03-07,164.86590576171875,165.85907386871705,163.12786157447172,164.3693217082196,5139000
2011-03-08,169.33514404296875,170.82489604334677,164.86588804183467,164.86588804183467,6311000
2011-03-09,170.32835388183594,173.55615067551503,170.32835388183594,172.81127449235834,6942000
2011-03-10,172.811279296875,172.811279296875,169.33519034550108,171.07323482118804,6148000
2011-03-11,171.32147216796875,172.31464012256566,169.83172023607338,171.8180561452672,4755000
2011-03-14,166.85223388671875,169.33515403384254,164.86589776901974,169.33515403384254,5175000
2011-03-15,158.16204833984375,169.3351914721718,155.18254350455626,166.8522707760989,11527000
2011-03-16,163.12789916992188,163.12789916992188,159.4035179103346,161.88643875005945,6099000
2011-03-17,170.8249053955078,173.80440955938295,161.38980887656987,163.37614498581996,14017000
2011-03-18,172.06639099121094,173.80443534465752,169.3351784357949,173.80443534465752,8207000
2011-03-21,169.33514404296875,172.06635604366178,169.33514404296875,172.06635604366178,3674000
2011-03-22,172.811279296875,176.28736824824892,170.82494275323276,170.82494275323276,7441000
2011-03-23,172.811279296875,174.79761584051724,172.31469516096445,173.8044475686961,5213000
2011-03-24,170.08004760742188,174.54930433287237,170.08004760742188,173.80442821196397,5383000
2011-03-25,170.32835388183594,172.81127449235834,170.32835388183594,171.81810624814938,4042000
2011-03-28,169.08685302734375,171.321481040921,169.08685302734375,169.33514502885234,2466000
2011-03-29,169.33514404296875,172.3146480437248,169.08685204290575,169.08685204290575,4663000
2011-03-30,166.6039276123047,170.08001552075814,166.6039276123047,169.33513954037525,5304000
2011-03-31,167.8453826904297,167.8453826904297,164.86587885568832,166.60392275928746,5177000
2011-04-01,170.32835388183594,170.32835388183594,167.34884914920906,168.59030945447026,3759000
2011-04-06,173.5561065673828,175.29415055303616,171.32147858582852,172.31464657763044,13675000
2011-04-07,174.30099487304688,174.79757890402422,172.06636673364883,174.79757890402422,5727000
2011-04-08,173.80438232421875,174.79755022321427,172.56292245047433,174.3009662737165,4402000
2011-04-11,175.79078674316406,175.79078674316406,171.8181135964259,173.80445016979496,3932000
2011-04-12,171.8180694580078,174.79757355265534,171.8180694580078,174.30098953688076,3186000
2011-04-13,172.56292724609375,172.8112192277428,169.58342346630508,171.32146733784847,2925000
2011-04-14,168.3419952392578,171.81808363652863,167.34882712575188,171.81808363652863,6957000
2011-04-15,166.85223388671875,170.0800300779797,166.85223388671875,167.34881791614353,4190000
2011-04-18,158.90689086914062,167.59711146354675,158.65859885215758,166.85223541259765,9125000
2011-04-19,153.4444580078125,156.92054605329693,152.94787400131472,156.42396204679915,10853000
2011-04-20,152.9478759765625,154.93421202820616,150.71324791846337,153.94104400238433,7843000
2011-04-21,156.17568969726562,157.16885783524506,154.4376454558016,155.92739766277077,5377000
2011-04-22,154.43763732910156,156.9205575433958,154.43763732910156,155.43080541481925,3480000
2011-04-25,151.7064208984375,155.92738514602087,151.7064208984375,154.93421708776594,2958000
2011-04-26,155.43081665039062,155.67910868976824,149.47180770532773,150.71326790221585,5446000
2011-04-27,159.15516662597656,163.37613048345176,157.91370666789564,157.91370666789564,11045000
2011-04-28,156.17568969726562,160.64494631817306,155.92739766277077,159.40348614569876,6056000
2011-04-29,157.16885375976562,159.40348201227414,154.43764145114412,155.92739361948313,5738000
2011-05-03,167.5971221923828,168.09370625813804,159.4034851074219,160.1483612060547,16655000
2011-05-04,170.8249053955078,172.3146574774454,168.83856928625772,170.3283213681953,11869000
2011-05-05,172.56292724609375,173.05951120939184,169.08683950300696,172.3146352644447,9219000
2011-05-06,172.56292724609375,172.56292724609375,169.58342346630508,172.56292724609375,7244000
2011-05-09,178.77024841308594,180.01170847151013,172.81124013264974,173.05953214433458,16713000
2011-05-10,175.0458526611328,177.77706454662567,175.0458526611328,177.77706454662567,6541000
2011-05-11,173.80438232421875,178.02534589494977,173.80438232421875,175.79071812220982,6371000
2011-05-12,175.0458526611328,175.79072862990358,172.56293276523022,172.81122475482047,4597000
2011-05-13,175.0458526611328,179.76340046334775,173.307808734001,174.79756067154256,8588000
2011-05-16,171.56979370117188,177.28051042349742,171.56979370117188,176.2873422978756,5387000
2011-05-17,166.1073760986328,171.0732169386517,166.1073760986328,169.831756728647,11825000
2011-05-18,168.83859252929688,168.83859252929688,166.85225614659927,166.85225614659927,4082000
2011-05-19,163.8727264404297,169.8317346746271,163.127850411155,168.83856663559422,6583000
2011-05-20,157.9137420654297,163.8727511999742,157.9137420654297,163.37616710542883,8599000
2011-05-23,153.9410400390625,156.17566803962953,153.9410400390625,155.18250003937752,9343000
2011-05-24,155.9273681640625,160.39662393946557,155.9273681640625,155.9273681640625,7568000
2011-05-25,153.9410400390625,157.66542004000755,153.9410400390625,155.43079203944052,4869000
2011-05-26,152.6995849609375,156.1756730738694,151.70641692867125,155.92738106580285,7317000
2011-05-27,153.69277954101562,155.67911594865396,152.69961133719644,152.69961133719644,8517000
2011-05-30,157.4171600341797,158.41032823628808,154.9342395289087,156.1756997815442,6163000
2011-05-31,158.90689086914062,159.90005893707274,157.91372280120848,158.90689086914062,7316000
2011-06-01,163.8727264404297,164.36931045994615,159.90005428429805,159.90005428429805,8644000
2011-06-02,159.15516662597656,163.37613048345176,158.90687463436038,162.38296251698702,7074000
2011-06-03,158.6585693359375,160.8931970730634,158.41027736514573,160.14832116068808,3474000
2011-06-07,155.67909240722656,158.41030455472176,153.94104831336597,156.6722604608612,7157000
2011-06-08,156.9205780029297,157.9137462181381,154.93424157251286,156.17570184152336,6681000
2011-06-09,155.18252563476562,157.16886196289062,153.94106542968748,155.9274017578125,4867000
2011-06-10,151.95472717285156,155.43081570294947,151.95472717285156,155.43081570294947,10147000
2011-06-13,149.96836853027344,151.70641253641898,149.7200765293955,150.9615365337852,7611000
2011-06-14,150.96156311035156,151.45814719953034,150.2166869765834,150.46497902117278,5334000
2011-06-15,150.96156311035156,154.4376517346031,150.71327106576217,151.95473128870916,8962000
2011-06-16,147.73374938964844,149.4717935001149,147.73374938964844,149.4717935001149,8840000
2011-06-17,149.7200927734375,149.96838480125416,147.982048578721,148.97521668998758,6249000
2011-06-20,146.4923095703125,151.45815057269598,146.4923095703125,151.45815057269598,5197000
2011-06-21,154.9342041015625,154.9342041015625,148.9751962515024,149.72007223275992,12779000
2011-06-22,159.40345764160156,159.90004162179346,156.42395376045013,158.41028968121776,12835000
2011-06-23,157.9137420654297,159.15520230179314,156.67228182906624,158.90691025452045,7518000
2011-06-24,154.43763732910156,158.41030967197233,154.43763732910156,158.41030967197233,9178000
2011-06-27,154.43763732910156,154.68592935053098,150.9615490290896,151.45813307194848,5842000
2011-06-28,153.4444580078125,155.92737804030136,153.4444580078125,154.93421002730582,4312000
2011-06-29,157.4171600341797,157.91374413523388,154.68594747838162,154.9342395289087,7352000
2011-06-30,154.9342041015625,158.41029201409756,154.4376201140575,157.66541603284006,6422000
2011-07-01,155.67909240722656,157.16884448767848,155.43080039381792,156.42396844745252,5073000
2011-07-04,155.9273681640625,156.92053611415207,152.451280338749,156.42395213910729,6528000
2011-07-05,153.4444580078125,155.67908603705249,153.4444580078125,154.43762602080804,4247000
2011-07-06,153.4444580078125,154.68591802405695,153.1961660045636,153.4444580078125,5337000
2011-07-07,151.2098388671875,154.18934308131927,151.2098388671875,153.94105106347496,13152000
2011-07-08,153.3357696533203,156.5247284676008,152.8042765176069,154.66450249260384,15273000
2011-07-11,146.16061401367188,153.3357714288885,146.16061401367188,153.3357714288885,9955000
2011-07-12,139.25120544433594,142.7059109229168,138.71971229378502,141.90867119709043,14323000
2011-07-13,131.27879333496094,141.37716205303485,129.68431406368612,139.78268278176003,24311000
2011-07-14,137.12522888183594,137.65672201703686,134.73350977343182,137.12522888183594,16285000
2011-07-15,139.78269958496094,142.70591193369586,136.06224750475286,138.98545985348778,11987000
2011-07-18,133.40476989746094,138.7197009690729,133.40476989746094,138.7197009690729,9268000
2011-07-19,137.92245483398438,138.45394791619626,134.4677497996071,134.4677497996071,8394000
2011-07-20,144.56613159179688,145.89486441892737,140.04843997955322,141.11142624125762,16383000
2011-07-21,144.03463745117188,145.09762370542407,142.70590463335665,144.566130578298,6328000
2011-07-22,147.2235870361328,151.47553178807888,146.1606008481463,149.34955941210586,16246000
2011-07-25,143.76890563964844,147.48935791128446,143.5031590488173,147.2236113204533,8079000
2011-07-26,149.34957885742188,149.34957885742188,145.36338013346932,146.16061987825984,11211000
2011-07-27,147.2235870361328,150.94403869408563,146.69209394213956,149.6153059591025,10495000
2011-07-28,141.37718200683594,144.83188758219094,141.37718200683594,142.4401683377144,15781000
2011-07-29,137.39097595214844,141.64292104931357,135.5307499721387,139.78269506930383,12267000
2011-08-01,135.53076171875,139.78270718443628,135.2650151271446,138.7197208180147,11313000
2011-08-02,137.39097595214844,138.71970879501254,132.34179114926485,133.40477742355614,14410000
2011-08-03,133.67050170898438,135.79647390316305,132.87326213616737,134.20199475752904,13505000
2011-08-04,126.22960662841797,135.26498899760998,126.22960662841797,133.93625629625822,15531000
2011-08-05,119.0544662475586,123.30641147068569,117.45998678888594,117.45998678888594,25219000
2011-08-08,122.77491760253906,124.90089020171723,119.58595870377182,123.83790390212815,17407000
2011-08-09,131.27879333496094,131.27879333496094,117.45997298391242,117.45997298391242,23417000
2011-08-10,136.06224060058594,138.71970623731613,134.46776121854782,135.5307474732399,21384000
2011-08-11,140.31417846679688,140.57992501692337,134.20200781388715,134.20200781388715,19309000
2011-08-12,136.59371948242188,144.30036902520445,136.32797294646386,142.97163634541434,16051000
2011-08-15,141.6429443359375,142.1744375604626,138.7197316010495,140.84570449914986,8661000
2011-08-16,139.51693725585938,143.50313546316963,139.51693725585938,142.9716423688616,8406000
2011-08-17,136.06224060058594,140.8456787467003,135.79649403691292,139.5169459283352,10503000
2011-08-18,134.99928283691406,138.71973551352193,134.46778959739865,134.46778959739865,10752000
2011-08-19,133.93626403808594,136.59372959439716,130.74730537051246,132.87327781556144,12974000
2011-08-22,142.97161865234375,143.237365155415,135.53071656634816,138.18818159706086,18708000
2011-08-23,144.56613159179688,145.09762472264907,140.31418654497932,143.50314533009248,16287000
2011-08-24,148.8180694580078,150.4125487736293,145.89485737936837,145.89485737936837,27358000
2011-08-25,149.34957885742188,154.93025707095543,149.34957885742188,151.47555151019657,23090000
2011-08-26,155.46176147460938,155.46176147460938,149.88108285757212,151.4755624624399,18647000
2011-08-29,153.60150146484375,155.4617272611308,152.8042618378636,155.4617272611308,11870000
2011-08-30,154.13302612304688,158.38497167126886,153.33578633275525,154.66451931657463,16937000
2011-08-31,154.9302215576172,156.2589541610273,152.272756350797,155.72746111966325,12071000
2011-09-01,154.13302612304688,159.7137046550882,154.13302612304688,156.52474549392173,14672000
2011-09-02,155.99322509765625,157.32195784976574,153.0700130430153,154.13299924470292,12917000
2011-09-05,151.47555541992188,154.66451448139392,151.47555541992188,152.8042883622019,12593000
2011-09-06,145.62911987304688,149.34957184060647,145.3633733039355,148.81807870238367,19095000
2011-09-07,150.14678955078125,150.94402914131638,148.02081730935427,148.8180568998894,15492000
2011-09-08,150.67828369140625,151.7412698197407,149.3495510309882,151.4755232876571,11070000
2011-09-09,150.14678955078125,153.6014944431001,149.6152964904245,150.41253608095963,11854000
2011-09-13,150.67828369140625,152.27276288390792,149.3495510309882,149.88104409515543,8302000
2011-09-14,148.55230712890625,154.66447718966626,142.44013706814624,152.8042515190002,17942000
2011-09-15,157.58770751953125,158.1192006308956,152.53852296156987,154.13300229566295,19912000
2011-09-16,165.29440307617188,165.82589633365154,160.510963758855,162.105443531294,25158000
2011-09-19,164.4971466064453,167.15461262593553,163.1684135967002,164.2314000044963,10686000
2011-09-20,173.53253173828125,174.59551815015436,166.35737345813794,166.35737345813794,23738000
2011-09-21,180.1761474609375,181.239133581651,175.9242029780835,178.58166827986727,32642000
2011-09-22,184.95962524414062,184.95962524414062,175.92424125232918,179.11320030826263,22362000
2011-09-23,172.20379638671875,180.17619436758534,172.20379638671875,179.91044776822312,25583000
2011-09-26,162.63690185546875,162.63690185546878,162.63690185546878,162.63690185546878,37780000
2011-09-27,173.79824829101562,173.79824829101562,170.077796492737,173.26675517697583,15601000
2011-09-28,176.98716735839844,178.58164634360924,171.40649091016064,178.58164634360924,15246000
2011-09-29,174.59548950195312,178.31594133304498,173.5325032644983,174.86123606131684,9994000
2011-09-30,179.37892150878906,179.37892150878903,175.65846980342158,175.92421635380495,10018000
2011-10-03,172.7352752685547,177.25296708327073,170.0778094951923,176.455727351262,11813000
2011-10-04,173.79824829101562,173.79824829101562,165.56010502339868,166.3573446944584,12469000
2011-10-05,174.59548950195312,176.98720853622646,171.4065307895887,174.86123606131684,8725000
2011-10-06,175.39273071289062,179.1131825764974,175.39273071289062,179.1131825764974,9089000
2011-10-07,165.02859497070312,165.82583455993358,165.02859497070312,165.82583455993358,31041000
2011-10-11,170.07778930664062,170.07778930664062,166.6230842113495,167.42032384872437,12893000
2011-10-12,174.86122131347656,176.45570053517997,168.7490509636134,170.07778364836625,13089000
2011-10-13,178.58168029785156,179.37891994203838,174.32973552885508,176.4557079133533,16885000
2011-10-14,178.84742736816406,182.8336256007383,178.58168081932578,180.44190666119377,14359000
2011-10-17,178.58168029785156,182.03638542266117,176.98720100947787,181.77063887459892,8574000
2011-10-18,180.1761474609375,182.03637317218613,175.3927099177268,175.3927099177268,12517000
2011-10-19,174.32974243164062,181.77064607201555,173.26675619730136,181.77064607201555,12296000
2011-10-20,173.53253173828125,176.9872375768688,172.20379872343992,174.32977154718608,9530000
2011-10-21,176.4556884765625,176.4556884765625,170.07777202560243,174.32971632624248,8852000
2011-10-24,182.83364868164062,183.36514184641283,179.11319652823514,180.70767602255177,16472000
2011-10-25,180.1761474609375,183.36510582307798,180.1761474609375,182.3021197023645,13182000
2011-10-26,179.64471435546875,180.44195421207587,177.25299478564742,177.51874140451645,8497000
2011-10-27,173.79824829101562,179.11317943141367,173.26675517697583,178.05019320333406,15423000
2011-10-28,172.20379638671875,177.25298177460093,171.14080998926985,176.45574197651428,15284000
2011-10-31,169.01487731933594,171.14085061895022,167.42039734462523,170.0778639691431,16681000
2011-11-01,169.81204223632812,173.26674732094827,169.0148026014158,169.0148026014158,11985000
2011-11-02,173.2667694091797,173.2667694091797,166.88885151681725,167.42034467451413,9925000
2011-11-03,165.29440307617188,173.00105530962685,165.29440307617188,172.46956205214718,13078000
2011-11-04,170.6092987060547,171.14079184844115,168.2175795653156,170.07780556366822,9913000
2011-11-07,168.74903869628906,171.67225039024052,168.74903869628906,170.60926431971274,4643000
2011-11-08,168.48333740234375,171.14080329197063,167.95184422441838,170.60931011404526,5118000
2011-11-09,169.01487731933594,172.73533059366096,169.01487731933594,170.60935729404667,6665000
2011-11-10,164.4971466064453,167.42035922788455,163.1684135967002,165.29438641229237,9961000
2011-11-11,166.09164428710938,168.48336396484376,163.16843134765625,165.82589765625,10109000
2011-11-14,170.6092987060547,171.6722849908276,168.2175795653156,168.48332613650882,7300000
2011-11-15,167.42031860351562,171.67226320297,167.15457206604972,170.0777839781746,6199000
2011-11-16,162.63690185546875,168.7490730036318,162.63690185546878,167.68608671699477,11517000
2011-11-17,163.9656219482422,163.9656219482422,158.38494437788063,159.97942368369823,11385000
2011-11-18,163.6999053955078,165.82587819285206,161.30818599849553,162.9026655965037,7458000
2011-11-21,159.9794464111328,165.82587136303468,159.9794464111328,163.69989865325218,9345000
2011-11-22,153.60150146484375,162.10539081929878,153.60150146484375,161.04240464999188,15431000
2011-11-23,150.9440460205078,155.195990978832,150.9440460205078,151.7412857001936,10421000
2011-11-24,145.3633575439453,150.94403489023938,142.44014560064844,150.94403489023938,17250000
2011-11-25,145.3633575439453,153.0700072126371,144.30037138274645,149.88104872904051,12793000
2011-11-28,149.34957885742188,150.94405834700288,145.62912671506615,146.42636645985667,8627000
2011-11-29,150.14678955078125,151.47552220167313,148.28656383953265,150.41253608095963,7686000
2011-11-30,148.55230712890625,152.5385049946193,147.75506755576365,150.41253279957235,9506000
2011-12-01,152.8042449951172,155.19596361243208,152.27275196904722,154.66447058636209,9581000
2011-12-02,153.60150146484375,154.39874109182392,151.7412756685567,152.8042618378636,4254000
2011-12-05,149.0838165283203,153.60150793826944,149.0838165283203,153.07001483121658,5000000
2011-12-06,139.25120544433594,148.0208424284258,138.71971229378502,146.69210955204855,12792000
2011-12-07,140.04843139648438,141.642910691321,134.46775386455613,137.65671245422942,15561000
2011-12-08,136.59371948242188,139.25118484200206,134.99924026667378,138.71969177008603,9243000
2011-12-09,138.18821716308594,138.98545687748833,131.81029944786658,132.87328573373648,10329000
2011-12-12,138.7197265625,141.90868579382183,138.1882333572797,140.84569938338123,5725000
2011-12-13,142.97161865234375,142.97161865234375,138.18818159706086,138.18818159706086,9172000
2011-12-14,142.1743927001953,144.03461839907638,141.111406586549,143.5031253422532,7036000
2011-12-15,136.32798767089844,141.37717239945025,136.32798767089844,140.84567927012898,10287000
2011-12-16,135.53076171875,138.18822763480392,135.53076171875,136.32800149356618,6472000
2011-12-19,129.4185791015625,134.4677639125064,129.15283253256544,133.9362707745123,8385000
2011-12-20,133.40476989746094,135.2649957725251,129.41857159375192,129.41857159375192,8076000
2011-12-21,142.70591735839844,142.70591735839844,140.84569124758133,142.44017077113884,10068000
2011-12-22,142.4401397705078,143.23737935877557,141.37715365281744,142.7058862999304,6939000
2011-12-23,149.61532592773438,152.0070451699184,145.3633806082961,146.16062035569075,13789000
2011-12-26,149.34957885742188,150.41256518380922,147.75509936784084,150.14681860221236,6778000
2011-12-27,148.2865753173828,149.6153080711228,147.22358911439082,148.8180684188788,5602000
2011-12-28,146.42636108398438,149.88106651790778,145.36337479662333,148.81808023054674,8480000
2011-12-29,147.4893341064453,147.4893341064453,144.30037553117083,145.62910827086853,5451000
2011-12-30,147.4893341064453,149.88105303790118,146.6920944626267,149.3495599420221,5381000
2012-01-02,134.99928283691406,148.81810706431472,134.99928283691406,148.55236044455702,10596000
2012-01-03,138.45396423339844,149.34957370282135,138.45396423339844,148.28658741312157,16202000
2012-01-04,138.7197265625,151.74131009039752,138.7197265625,149.88108387212642,15873000
2012-01-05,149.88108825683594,150.67832808798934,148.28660859452918,150.67832808798934,13977000
2012-01-06,148.02085876464844,149.61533839227482,147.48936555543963,149.61533839227482,10342000
2012-01-09,141.9086456298828,146.69208312302493,141.642899102486,146.16059006823136,11573000
2012-01-10,143.50314331054688,144.30038299560547,142.70590362548828,142.70590362548828,9138000
2012-01-11,145.89486694335938,147.22359979348104,143.76889438316468,144.56613409323768,7532000
2012-01-12,144.56613159179688,146.69210411520567,141.90866593753591,145.89486441892737,9214000
2012-01-13,144.56613159179688,145.89486441892737,142.97165219924028,145.89486441892737,12606000
2012-01-16,138.18821716308594,144.56613487830526,137.92247059161846,144.56613487830526,11933000
2012-01-17,139.78269958496094,141.37717904790728,136.3279940819106,138.18822012201463,12253000
2012-01-18,139.78269958496094,141.642925625065,138.71971327633005,139.78269958496094,9011000
2012-01-30,148.55230712890625,148.55230712890625,141.37715097062278,142.971630116908,17233000
2012-01-31,150.14678955078125,152.53850832238663,147.22357771881914,149.34954996024612,17012000
2012-02-01,153.07000732421875,154.66448656717935,147.4893299738566,149.88104883829752,12874000
2012-02-02,152.27281188964844,154.13303821290768,150.41258556638923,154.13303821290768,16478000
2012-02-03,155.46176147460938,158.91646728515624,152.0070556640625,152.0070556640625,18129000
2012-02-06,151.47555541992188,154.66451448139392,150.94406224300988,153.6015281275699,15976000
2012-02-07,151.47555541992188,153.6015281275699,149.08383612381786,149.88107588918587,10149000
2012-02-08,154.6645050048828,155.9932378657495,153.0700255718428,153.0700255718428,13012000
2012-02-09,155.46176147460938,158.38497408353365,153.8672818697416,154.66452167217548,14241000
2012-02-10,154.9302215576172,157.05619372307336,153.6014889542071,155.72746111966325,10118000
2012-02-13,165.5601043701172,165.5601043701172,154.66449557529407,155.19598868723665,27414000
2012-02-14,167.95179748535156,172.46948824049554,166.8888114253177,167.9517974853516,25707000
2012-02-15,168.74903869628906,171.67225039024052,168.21754566102516,170.60926431971274,11977000
2012-02-16,161.0424346923828,169.28057904133308,158.91646195716984,168.74908585752985,13059000
2012-02-17,161.0424346923828,166.35736653041525,159.97944832477634,163.69990061139904,15374000
2012-02-20,163.6999053955078,165.294384993516,161.0424393988275,162.9026655965037,7495000
2012-02-21,162.63690185546875,165.2943675720614,161.57391556883172,163.6998881421058,5680000
2012-02-22,166.3573455810547,167.68607837323563,161.57390752920327,161.57390752920327,12599000
2012-02-23,161.5738983154297,166.35733609450492,161.5738983154297,164.76285683481316,10805000
2012-02-24,160.51092529296875,162.63689781340543,159.44793903275044,161.5739115531871,6862000
2012-02-29,159.9794464111328,165.29437818558904,159.4479532336872,164.76288500814343,14707000
2012-03-01,161.30816650390625,162.90264590921672,159.97943366614757,160.51092680125106,8453000
2012-03-02,167.42031860351562,168.21755821591333,162.90262746659536,163.16837400406126,19523000
2012-03-05,163.6999053955078,169.81207718787255,163.6999053955078,168.48334418953237,11543000
2012-03-06,166.88885498046875,166.88885498046872,162.63690963064786,164.7628823055583,12704000
2012-03-07,168.74903869628906,171.1407573549766,164.7628409318098,165.8258270023376,18935000
2012-03-08,165.82582092285156,170.6092580648569,165.82582092285156,169.54627203330014,12788000
2012-03-09,164.76284790039062,167.4203131891066,164.76284790039062,165.825834015877,11079000
2012-03-12,161.0424346923828,166.09161993851362,161.0424346923828,164.76288697900551,8555000
2012-03-13,161.30816650390625,163.43413904432018,161.04241993635452,162.1054062065615,7582000
2012-03-14,162.63690185546875,165.2943675720614,162.37115528380951,162.63690185546878,9772000
2012-03-15,166.6230926513672,167.95182544763009,164.7628667365991,164.7628667365991,16734000
2012-03-16,164.23135375976562,166.6230725038399,163.6998607055269,166.35732597672052,9426000
2012-03-19,163.1684112548828,165.29438403996272,162.10542486234286,164.76289084369276,6631000
2012-03-20,161.5738983154297,165.82584300794102,161.0424052288658,164.76285683481316,8234000
2012-03-21,160.77670288085938,162.90267581151537,159.18222318286738,161.83968934618738,8054000
2012-03-22,159.44793701171875,161.30816294352215,158.91644388834635,159.97943013509115,9373000
2012-03-23,157.3219451904297,159.97941048080855,156.25895907427812,159.4479174227328,11910000
2012-03-26,157.3219451904297,159.4479174227328,156.79045213235392,157.3219451904297,7129000
2012-03-27,156.7904815673828,158.91645419880496,156.7904815673828,158.91645419880496,5087000
2012-03-28,152.27281188964844,158.1192374770346,152.27281188964847,157.05625100660075,16865000
2012-03-29,145.62911987304688,150.67830468616347,142.4401610437101,150.67830468616347,24306000
2012-03-30,150.14678955078125,150.14678955078125,146.16059159810564,146.95783118864077,12545000
2012-04-02,146.95785522460938,150.14681410832603,146.42636207732326,150.14681410832603,6181000
2012-04-03,147.2235870361328,149.34955941210586,144.03462847217327,147.7550801301261,9414000
2012-04-05,145.89486694335938,146.69210665343238,142.97165467309168,144.034640953189,5914000
2012-04-06,148.2865753173828,148.2865753173828,146.6920960128948,147.22358911439082,5692000
2012-04-09,145.0976104736328,147.4893293275938,144.8318639343038,145.3633570129618,3546000
2012-04-10,146.42636108398438,148.02084051502595,145.09762822478305,146.69210765582463,3985000
2012-04-11,147.2235870361328,147.2235870361328,144.83186811316315,144.83186811316315,2783000
2012-04-12,147.75509643554688,149.0838293171615,145.62912382496347,147.22360328290102,6874000
2012-04-13,148.55230712890625,149.8810397508106,147.75506755576365,148.81805365328714,7282000
2012-04-16,149.88108825683594,152.80430097106503,147.22362215299134,147.75511537376025,8797000
2012-04-17,145.62911987304688,152.00703753172047,145.6291198730469,151.47554439349767,9857000
2012-04-18,147.4893341064453,149.3495599420221,146.6920944626267,148.818066846143,6917000
2012-04-19,146.95785522460938,147.75509494553853,145.36337578275104,147.75509494553853,5519000
2012-04-20,138.18821716308594,146.95785402151253,138.18821716308594,146.95785402151253,18277000
2012-04-23,138.45396423339844,140.04844366794813,136.0622450815739,138.1882176609735,8278000
2012-04-24,137.12522888183594,139.25120142263958,136.59373574663502,138.18821515223775,7208000
2012-04-25,139.78269958496094,140.04844616211867,137.65672696769917,138.18822012201463,7584000
2012-04-26,136.59371948242188,140.84566405775018,136.59371948242188,140.84566405775018,7557000
2012-04-27,127.8240966796875,138.45395918943282,127.29260355420024,137.12522637571465,18681000
2012-04-30,134.46775817871094,134.46775817871094,124.90088210275522,124.90088210275522,11718000
2012-05-02,141.9086456298828,142.97163173946996,132.34177064359858,135.79647549975678,20470000
2012-05-03,141.11141967773438,141.9086593369306,139.25119380627646,140.84567312466896,9581000
2012-05-04,144.03463745117188,144.30038401473493,140.04843899772618,140.57993212485226,10502000
2012-05-07,145.3633575439453,145.3633575439453,141.37715943944957,141.908652520049,8885000
2012-05-08,140.84568786621094,146.69211264556307,140.84568786621094,146.69211264556307,8703000
2012-05-09,140.84568786621094,142.97166051324808,138.45396863829413,139.25120838093306,5789000
2012-05-10,140.31417846679688,142.44015086780894,139.25119226629084,140.8456715670499,4252000
2012-05-11,139.78269958496094,141.9086722022227,139.78269958496094,141.11143247074955,5169000
2012-05-14,140.31417846679688,140.8456715670499,138.98544571616432,140.04843191667035,3544000
2012-05-15,142.97161865234375,142.97161865234375,138.45392810013215,138.45392810013215,6998000
2012-05-16,139.25120544433594,142.97165749819223,139.25120544433594,142.97165749819223,5931000
2012-05-17,144.83189392089844,146.69212008135034,140.57994841129408,141.90868138304543,9865000
2012-05-18,139.25120544433594,142.97165749819223,138.71971229378502,142.44016434764134,7114000
2012-05-21,139.25120544433594,142.44016434764134,139.25120544433594,140.31419174543774,3851000
2012-05-22,139.51693725585938,141.6429096330915,139.25119070870537,141.3771630859375,5561000
2012-05-23,134.46775817871094,138.18820998602706,133.93626506338006,138.18820998602706,7652000
2012-05-24,136.32798767089844,137.12522736488032,135.26500141225597,135.5307479769166,4533000
2012-05-25,135.26499938964844,137.6567184358308,135.26499938964844,136.32798563239615,4538000
2012-05-28,137.65670776367188,137.65670776367188,132.34177696198572,135.79648198308172,6343000
2012-05-29,144.83189392089844,145.0976405152487,138.71972225084218,139.25121543954273,12274000
2012-05-30,141.9086456298828,144.56611090385064,141.9086456298828,144.56611090385064,8598000
2012-05-31,140.31417846679688,144.034630168568,138.7196991660378,139.25119226629084,11705000
2012-06-01,136.85946655273438,142.1743972926464,136.06222694174758,139.782678459686,7941000
2012-06-04,130.21583557128906,132.34180839694278,128.08986274563537,130.4815821744958,10192000
2012-06-05,134.99928283691406,135.26502945667178,133.40480311836785,134.73353621715637,7086000
2012-06-06,136.85946655273438,137.6567061637212,134.2020011827784,135.53073386775637,5552000
2012-06-07,138.45396423339844,140.845683385223,138.45396423339844,140.31419024037308,7412000
2012-06-08,134.99928283691406,139.25122875303734,134.46778959739865,138.71973551352193,7077000
2012-06-11,137.12522888183594,139.25120142263958,136.0622426114341,138.18821515223775,3711000
2012-06-12,135.53076171875,135.7965083103554,133.93628216911765,133.93628216911765,3132000
2012-06-13,137.12522888183594,137.9224685846373,136.0622426114341,137.65672201703686,3492000
2012-06-14,138.7197265625,140.84569938338123,136.85950034422893,138.1882333572797,7635000
2012-06-15,140.84568786621094,142.97166051324808,139.25120838093306,139.78270154269237,9881000
2012-06-18,146.95785522460938,148.0208415191816,144.03464291453577,144.56613606182188,12323000
2012-06-19,145.89486694335938,147.48934636350538,144.30038752321335,146.9578532234567,6582000
2012-06-20,146.6920928955078,147.75507907591003,145.89485326020613,147.4893325308095,7187000
2012-06-21,144.03463745117188,146.69210308680238,143.76889088760885,146.16060995967626,4944000
2012-06-22,145.62911987304688,145.6291198730469,141.9086679054873,142.9716541819329,6090000
2012-06-25,149.0838165283203,153.07001483121658,147.75508376068822,147.75508376068822,19018000
2012-06-26,145.89486694335938,150.1468120637487,145.09762723328637,149.08382578365138,14172000
2012-06-27,144.56613159179688,146.69210411520567,144.03463846094468,146.69210411520567,8048000
2012-06-28,144.56613159179688,147.22359724605786,143.50314533009248,147.22359724605786,8759000
2012-06-29,145.0976104736328,145.3633570129618,143.76887777698784,145.0976104736328,6506000
2012-07-02,142.97161865234375,146.160576689199,142.97161865234375,145.62908368305645,6282000
2012-07-03,145.3633575439453,145.3633575439453,143.76887830214702,144.03462484244673,5525000
2012-07-04,145.89486694335938,146.69210665343238,144.83188066326204,145.62912037333504,8376000
2012-07-05,145.62911987304688,146.69210614949247,145.3633733039355,145.89486644215827,4092000
2012-07-06,145.0976104736328,147.4893293275938,144.5661173949748,146.16059663094882,5573000
2012-07-09,146.16061401367188,146.6921071555398,145.09762772993608,145.09762772993608,3554000
2012-07-10,140.84568786621094,146.69211264556307,140.31419470445164,146.69211264556307,7602000
2012-07-11,140.57992553710938,141.11141863932906,138.71969967934044,138.71969967934044,3032000
2012-07-12,136.06224060058594,140.8456787467003,135.26500090956688,140.8456787467003,6632000
2012-07-13,131.81028747558594,136.0622322328629,131.81028747558594,136.0622322328629,10841000
2012-07-16,134.29197692871094,135.39499111293034,133.4647162905464,135.11923756687548,9097000
2012-07-17,138.1525115966797,138.1525115966797,134.56771588658623,135.1192229189083,7708000
2012-07-18,135.6707305908203,138.7040192828915,135.1192235558983,138.7040192828915,6525000
2012-07-19,136.77374267578125,137.8767567296182,136.497989162322,137.8767567296182,4336000
2012-07-20,137.87677001953125,138.1525235595703,137.04950939941406,137.6010164794922,3603000
2012-07-23,134.29197692871094,135.67074465898517,134.01622338265608,135.67074465898517,4767000
2012-07-24,134.29197692871094,134.84348402082063,132.36170210632702,134.01622338265608,6101000
2012-07-25,132.91319274902344,134.01620679673317,132.36168572516857,132.36168572516857,6880000
2012-07-26,130.43141174316406,134.56771444115026,129.8799047167659,134.01620741475207,7374000
2012-07-27,132.36166381835938,133.46467768351238,131.53440341949462,132.91317075093588,9297000
2012-07-30,136.22225952148438,136.77376664505314,134.56773815077807,134.56773815077807,11363000
2012-07-31,140.63430786132812,140.63430786132812,134.29197633032706,136.22225114410998,21326000
2012-08-01,150.28567504882812,150.28567504882812,146.7008791302322,148.35540032343033,26785000
2012-08-02,150.28567504882812,150.28567504882812,150.28567504882812,150.28567504882812,0
2012-08-03,153.87046813964844,154.69772872104437,151.66443992259252,153.8704681396484,22962000
2012-08-06,151.66444396972656,156.35225405606357,151.66444396972656,156.07650052157317,11295000
2012-08-07,154.97348022460938,155.2492337481407,152.21594498929605,153.3189590834214,12396000
2012-08-08,155.52499389648438,159.10978985509126,155.52499389648438,156.62800803759418,17574000
2012-08-09,155.52499389648438,156.90376157287164,153.87047268481965,156.62800803759418,13200000
2012-08-10,156.62799072265625,159.38552577059033,155.800730208276,156.62799072265625,13813000
2012-08-13,161.86729431152344,163.24606172473912,157.45523858923318,158.8340060024489,19765000
2012-08-14,160.48854064941406,163.24607571211877,159.3855266243322,163.24607571211877,11781000
2012-08-15,156.90379333496094,161.04009720143617,156.6280397438626,159.9370828370428,14278000
2012-08-16,161.04005432128906,161.3158078389625,156.62799803851402,157.7310121092078,11713000
2012-08-17,162.41880798339844,164.07332894757567,160.21278003116214,160.48853352519168,11639000
2012-08-20,164.34912109375,165.1763817703964,162.69459974045722,163.24610685822148,10003000
2012-08-21,165.4521026611328,168.76114471435545,164.62484214782714,167.10662368774413,16527000
2012-08-22,166.83090209960938,167.93391632836713,164.6248736420939,167.6581627711777,10160000
2012-08-23,172.07017517089844,172.07017517089844,165.72784499633008,167.65811939728567,21885000
2012-08-24,175.37928771972656,176.48230210790092,170.41572297294184,170.96723016702902,24626000
2012-08-27,175.9307403564453,175.9307403564453,172.6216982180796,175.37923333338435,10248000
2012-08-28,173.7247314453125,175.6550062391493,172.62171727740574,175.6550062391493,10274000
2012-08-29,176.48228454589844,177.03379168510438,171.794473862648,174.82776312828065,14630000
2012-08-30,174.55197143554688,177.5852600386922,174.55197143554685,176.48224600118482,10775000
2012-08-31,176.48228454589844,176.48228454589844,174.00050241947176,175.3792702674866,7547000
2012-09-03,176.48228454589844,177.5852988243103,175.3792702674866,176.48228454589844,6244000
2012-09-04,179.23980712890625,180.34282132662258,176.4822716346154,176.4822716346154,9412000
2012-09-05,177.03378295898438,179.79131851909315,176.7580294029735,178.41255073903878,8343000
2012-09-06,173.1732177734375,178.13678134019207,173.1732177734375,177.0337672142466,10559000
2012-09-07,177.5852508544922,178.4125113398392,173.72470192287278,176.4822368740295,16504000
2012-09-10,185.85787963867188,185.8578796386719,178.41253431190017,178.68828784252133,20005000
2012-09-11,186.96084594726562,187.51235286746405,184.75481826647191,186.40933902706718,10049000
2012-09-12,185.58212280273438,187.78815100841322,183.92760164847522,187.51239748270336,10102000
2012-09-13,184.47911071777344,186.40938541885626,183.6518501315951,184.20335718904732,7488000
2012-09-14,186.96084594726562,189.99413400835695,185.85783210686876,187.51235286746405,11760000
2012-09-17,182.82460021972656,186.96090339211855,181.17007895076975,186.96090339211855,11657000
2012-09-18,182.54884338378906,185.85788586204507,180.8943221446611,181.99733630407974,10608000
2012-09-19,180.0670928955078,181.72161442287847,178.41257136813715,181.44586083498336,13736000
2012-09-20,179.23980712890625,181.44583552433895,179.23980712890625,179.79131422776442,11042000
2012-09-21,177.30950927734375,179.23978387289802,174.82772765448823,179.23978387289802,13073000
2012-09-24,181.99734497070312,182.82460562966085,177.03378101695665,177.30953456994257,12987000
2012-09-25,179.79129028320312,184.7548535118805,179.79129028320312,184.4790999991762,7844000
2012-09-26,177.5852508544922,181.99730677634292,177.5852508544922,181.1700462909959,9349000
2012-09-27,179.23980712890625,179.23980712890625,177.03377873347355,178.1367929311899,6734000
2012-09-28,170.6914520263672,177.58529096119625,167.1066557802561,177.58529096119625,30406000
2012-10-01,172.34596252441406,172.34596252441406,168.4854129638672,169.58842712402344,11248000
2012-10-02,177.5852508544922,177.5852508544922,171.7944274570631,172.62168794241012,11063000
2012-10-03,177.30950927734375,178.1367698182956,175.10348116813884,177.03375576369314,6193000
2012-10-04,175.6549835205078,177.30950455837757,172.6216949510799,176.4822440394427,7258000
2012-10-05,179.23980712890625,182.2730961726262,178.96405357947717,179.79131422776442,15599000
2012-10-08,180.34280395507812,181.99732509228068,179.79129690934394,181.99732509228068,9280000
2012-10-09,178.68829345703125,181.99733592845774,175.37925098560473,180.89432177131556,10484000
2012-10-11,179.51556396484375,180.8943317372312,176.4822748655914,176.4822748655914,17480000
2012-10-12,176.48228454589844,179.2398202419281,175.3792702674866,179.2398202419281,9180000
2012-10-15,173.7247314453125,176.20651332310268,173.44897790333582,175.3792526971726,5977000
2012-10-16,175.10348510742188,177.0337597464013,174.82773158756765,175.37923862727607,9903000
2012-10-17,174.82772827148438,177.0337563884747,174.82772827148438,176.48224935922713,6422000
2012-10-18,176.48228454589844,177.30954525470733,175.65502383708954,177.03379168510438,5403000
2012-10-19,178.41250610351562,178.41250610351562,175.37921774626884,176.48223169435857,4476000
2012-10-22,179.79129028320312,179.79129028320312,175.65498759263863,176.48224813075154,5534000
2012-10-23,177.86099243164062,180.61852719802266,177.86099243164065,180.34277372138448,3767000
2012-10-24,180.0670928955078,180.61860007129803,176.48229625287138,176.7580498407665,5700000
2012-10-25,177.03378295898438,180.06707207510405,176.4822758469626,180.06707207510405,6031000
2012-10-26,175.6549835205078,179.23977910255897,175.6549835205078,179.23977910255897,7021000
2012-10-29,181.7216033935547,182.8246176781893,176.75803911269887,177.0337926838575,16712000
2012-10-30,179.23980712890625,182.2730961726262,178.68830003004808,181.9973426231971,13314000
2012-10-31,178.96400451660156,179.239757990433,176.48222325211864,179.239757990433,8665000
2012-11-01,180.0670928955078,180.61860007129803,176.48229625287138,178.41257136813715,6188000
2012-11-02,179.23980712890625,181.17008197490986,177.30953228290264,180.89432842548075,5797000
2012-11-05,175.37928771972656,179.23983807833687,174.55202692859575,178.6883308842497,6819000
2012-11-06,170.96717834472656,176.48224861391128,168.76115023705268,176.48224861391128,13839000
2012-11-07,173.7247314453125,174.00048498728918,168.20966060577877,170.96719602554563,10004000
2012-11-08,174.82772827148438,175.93074232997955,171.51868609599887,172.62170015449402,10393000
2012-11-09,179.23980712890625,179.79131422776442,174.2762432391827,174.82775033804086,10157000
2012-11-12,177.5852508544922,180.89429279588023,177.03374386426086,180.89429279588023,4651000
2012-11-13,176.48228454589844,180.61858808994293,176.48228454589844,178.68831310272216,7471000
2012-11-14,175.37928771972656,176.75805570494452,171.51873736111622,176.75805570494452,8827000
2012-11-15,175.37928771972656,176.20654851085735,172.89750534633419,174.82778052563935,6274000
2012-11-16,173.7247314453125,176.75802040705605,173.7247314453125,174.55199207124255,5718000
2012-11-19,172.07017517089844,175.65497048695883,171.51866819919684,173.72469608600323,4647000
2012-11-20,169.8642120361328,173.7247623096813,169.03695126322958,173.17325512774582,6555000
2012-11-21,171.24288940429688,171.51864284939236,167.1065877278646,168.20960150824652,5960000
2012-11-22,172.62171936035156,173.72473354156787,171.51870517913525,173.1732264509597,3517000
2012-11-23,176.48228454589844,177.03379168510438,173.72474884986877,174.2762559890747,6770000
2012-11-26,179.23980712890625,179.79131422776442,177.58528583233172,177.58528583233172,7733000
2012-11-27,178.96400451660156,180.6185253595902,178.4124975689387,180.0670184119273,4816000
2012-11-28,178.68829345703125,178.96404699631677,176.75801868203243,177.58527929988907,3788000
2012-11-29,180.61856079101562,181.72157490271647,179.23979315138953,180.3428072630904,8199000
2012-11-30,182.27305603027344,184.47908393986827,181.17004207547603,181.99730254157407,13965000
2012-12-03,184.75489807128906,186.40941954655432,183.65188375444552,184.2033909128673,10802000
2012-12-04,183.1002960205078,184.75481676768106,181.44577527333456,184.75481676768106,8497000
2012-12-05,181.99734497070312,182.54885207667493,180.06707009980173,181.4458378647313,7404000
2012-12-06,178.41250610351562,183.37606886991946,177.86099912947077,183.10031538289704,12452000
2012-12-07,178.41250610351562,179.79127353862782,175.93072472031372,178.1367526164932,11081000
2012-12-10,175.37928771972656,178.1368236901625,174.55202692859575,178.1368236901625,9052000
2012-12-11,177.5852508544922,177.86100434960787,175.65497638868248,175.65497638868248,7240000
2012-12-12,187.78814697265625,188.0639004924399,179.51554137914718,179.7912948989308,21100000
2012-12-13,187.23663330078125,193.57896403114643,186.68512628074947,188.8911543608765,23230000
2012-12-14,187.23663330078125,188.8911543608765,185.03060522065422,186.4093727707336,10956000
2012-12-17,186.409423828125,189.1669596835706,185.30640948594672,189.1669596835706,8716000
2012-12-18,185.03060913085938,187.78814428929243,183.10033451995622,187.5123907734491,7202000
2012-12-19,180.34280395507812,183.92759975235032,179.79129690934394,183.65184622948323,13502000
2012-12-20,178.1367645263672,181.72156009733123,177.86101102090842,178.96402504274351,9180000
2012-12-21,177.03378295898438,180.06707207510405,176.4822758469626,178.68830429504965,6691000
2012-12-24,175.10348510742188,176.7580062265471,173.72471750815083,174.55197806771343,4295000
2012-12-25,177.5852508544922,178.13675784472352,175.65497638868248,176.4822368740295,4040000
2012-12-26,177.30950927734375,178.9640303592474,177.30950927734375,178.6882768455968,4038000
2012-12-27,178.68829345703125,179.51555407488786,177.03377222131797,177.58527929988907,5380000
2012-12-28,178.41250610351562,179.51552005160536,175.93072472031372,178.9640130775605,8646000
2013-01-02,179.23980712890625,179.23980712890625,177.58528583233172,178.96405357947717,7899000
2013-01-03,179.79129028320312,181.44581135942892,179.5155367704988,180.34279730861172,10614000
2013-01-04,168.48541259765625,173.17322276813115,167.93390551877687,169.86418029485475,24953000
2013-01-07,166.2793731689453,166.83088021096503,162.69457739581713,166.2793731689453,15684000
2013-01-08,166.83090209960938,167.10665565679884,164.90062719928332,165.4521343136622,10876000
2013-01-09,172.07017517089844,172.07017517089844,166.83085893973328,167.38236591143487,11564000
2013-01-10,173.1732177734375,174.82773896235568,170.96718952154657,174.82773896235568,12989000
2013-01-11,172.34596252441406,174.00048376464844,170.96719482421875,174.00048376464844,4408000
2013-01-14,172.07017517089844,172.07017517089844,169.03688682653964,172.07017517089844,4922000
2013-01-15,171.79443359375,173.17320111857944,171.5186800887841,173.17320111857944,4592000
2013-01-16,170.6914520263672,173.17323404290565,166.00364155068345,173.17323404290565,10406000
2013-01-17,169.3126678466797,171.2429425615441,168.76116078528983,168.76116078528983,6855000
2013-01-18,170.4156494140625,170.96715637009507,167.6581146338997,170.13989593604623,5456000
2013-01-21,174.55197143554688,175.65498547305427,170.9671758136478,172.0701898511552,7654000
2013-01-22,175.6549835205078,176.4822440394427,174.00046248263803,175.93073702681943,6246000
2013-01-23,175.10348510742188,175.6549921471303,174.27622454785924,175.6549921471303,6051000
2013-01-24,175.9307403564453,176.2064938679758,172.89745172961005,174.27621928726245,5227000
2013-01-25,177.5852508544922,178.68826483495488,175.10346939845115,176.4822368740295,6957000
2013-01-28,179.23980712890625,179.79131422776442,177.8610393817608,179.23980712890625,6456000
2013-01-29,179.23980712890625,180.89432842548075,178.412546480619,180.89432842548075,5494000
2013-01-30,179.23980712890625,180.34282132662258,178.412546480619,179.79131422776442,7943000
2013-01-31,178.1367645263672,179.23977854820228,175.37922947177947,179.23977854820228,9457000
2013-02-01,178.96400451660156,179.239757990433,177.30948367361296,177.86099062127582,6203000
2013-02-04,179.23980712890625,179.79131422776442,176.75802518404447,178.96405357947717,7545000
2013-02-05,179.79129028320312,180.0670437959074,178.13676920697733,178.96402974509022,9665000
2013-02-06,179.23980712890625,180.61857487605167,178.68830003004808,180.34282132662258,6058000
2013-02-18,179.23980712890625,181.44583552433895,178.68830003004808,180.89432842548075,5878000
2013-02-19,178.68829345703125,179.7913076141734,177.58527929988907,179.2398005356023,4416000
2013-02-20,179.79129028320312,180.89430433402032,179.23978325779453,180.34279730861172,5678000
2013-02-21,179.79129028320312,180.34279730861172,179.23978325779453,179.79129028320312,4398000
2013-02-22,180.34280395507812,180.34280395507812,178.96403634074267,179.79129690934394,3928000
2013-02-25,185.58212280273438,187.2366439569935,179.5155452371175,180.8943128656668,12155000
2013-02-26,181.99734497070312,185.58214115952,181.99734497070312,185.03063405354817,6866000
2013-02-27,183.92759704589844,185.03061112113622,182.82458297066066,183.1003364894701,6696000
2013-03-01,186.6851348876953,187.51239545588302,185.58212079677836,186.40938136496607,8501000
2013-03-04,188.33963012695312,188.89113709657818,186.96086270289052,187.78812315732807,11957000
2013-03-05,191.64869689941406,194.1304785858813,188.61540817150967,189.718422254384,16143000
2013-03-06,190.82139587402344,194.68194434546322,190.82139587402347,193.30317703423475,9676000
2013-03-07,190.82139587402344,192.20016318525194,189.71838202504065,190.82139587402347,5970000
2013-03-08,191.92449951171875,194.9577890154959,191.09723873796133,191.09723873796133,6786000
2013-03-11,193.02749633789062,194.13051060267856,192.47598920549666,194.13051060267856,9062000
2013-03-12,195.78500366210938,198.54253892495598,192.47596134669345,193.02746839926277,13112000
2013-03-13,194.4062042236328,198.26675295998862,194.13045074246452,197.4394925164838,5903000
2013-03-14,189.16693115234375,195.23350911932855,189.16693115234375,194.40624848746697,7212000
2013-03-15,188.33963012695312,191.92442542951594,188.33963012695312,191.92442542951594,6163000
2013-03-18,186.6851348876953,188.33965602407076,186.6851348876953,188.06390250134152,6392000
2013-03-19,187.51239013671875,189.9941717708812,186.96088310690487,189.44266474106732,7260000
2013-03-20,186.96084594726562,191.372901308853,186.40933902706718,187.51235286746405,7925000
2013-03-21,183.1002960205078,188.615365177752,183.1002960205078,188.615365177752,10937000
2013-03-22,183.65184020996094,185.85786832059108,183.65184020996094,184.20334723761846,6201000
2013-03-25,186.6851348876953,186.96088841042456,183.1003390922152,185.03061375131986,5198000
2013-03-26,187.51239013671875,188.6154041963465,186.409376077091,187.51239013671875,5158000
2013-03-27,188.8911590576172,189.44266609136204,188.06389850699986,188.3396520238723,5664000
2013-03-28,187.51239013671875,190.26992528578813,186.96088310690487,190.26992528578813,5660000
2013-03-29,188.6154022216797,189.99416978177968,187.78814168561968,189.99416978177968,3555000
2013-04-01,188.06390380859375,189.71842495646993,187.78815028394772,188.6154108578858,3338000
2013-04-02,191.92449951171875,193.57902105923355,188.33970282543663,188.89121000794157,8420000
2013-04-03,196.3365020751953,197.7152696459481,192.47595287708754,193.02745990538864,12078000
2013-04-08,193.02749633789062,194.13051060267856,190.82146780831474,193.5790034702846,10124000
2013-04-09,192.751708984375,194.9577371272577,192.47595546651468,193.578969537956,6903000
2013-04-10,194.4062042236328,194.95771118596934,192.4759298554549,194.68195770480108,7309000
2013-04-11,193.57894897460938,195.5092233945841,192.75168850890591,195.2334699060163,5133000
2013-04-12,190.5457000732422,193.5789890758553,190.5457000732422,193.5789890758553,4285000
2013-04-15,186.13363647460938,192.47596779152198,185.8578829390914,190.26993950737847,6059000
2013-04-16,187.78814697265625,188.61540753200717,185.0306117748199,185.30636529460352,4887000
2013-04-17,191.37294006347656,191.9244470953598,186.68513029246924,188.06389787217728,4595000
2013-04-18,190.82139587402344,193.02742357198903,189.44262856279497,190.82139587402347,3336000
2013-04-19,197.43951416015625,197.43951416015625,192.47595095501265,192.47595095501265,14659000
2013-04-22,200.1970672607422,202.40309555011675,199.0940531160549,199.0940531160549,13071000
2013-04-23,201.30007934570312,201.30007934570312,197.43952987879922,201.30007934570312,5330000
2013-04-24,201.30007934570312,202.9546005458048,200.197065212302,202.9546005458048,6322000
2013-04-25,199.6455535888672,200.748567697093,198.81829300769786,200.748567697093,4791000
2013-04-26,195.78500366210938,199.64555303009465,195.78500366210938,199.09404597752533,6500000
2013-04-29,199.36978149414062,199.36978149414065,196.0607394776404,196.88799998176546,4349000
2013-04-30,198.5425262451172,201.5758148405287,198.54252624511716,200.19704729715983,5423000
2013-05-02,201.8515625,201.8515625,195.23347848360655,199.6455344945355,7608000
2013-05-03,202.12734985351562,202.95461049411665,200.4728285723136,202.67885694724964,5917000
2013-05-06,205.43637084960938,205.98787788544726,203.50609622417682,203.50609622417682,7906000
2013-05-07,204.6090850830078,209.57264779391633,203.23031766331098,207.09086643846206,14252000
2013-05-08,207.36663818359375,209.29691274115382,205.98787064247944,205.98787064247944,10314000
2013-05-09,206.81515502929688,209.5726904296875,206.26364794921875,209.5726904296875,5609000
2013-05-10,203.50607299804688,206.81511483541348,202.67881253870522,206.81511483541348,6830000
2013-05-13,203.50607299804688,204.0575799709413,202.1273055658108,202.1273055658108,3754000
2013-05-14,202.40309143066406,205.16062673625893,202.40309143066406,204.33336614458048,2868000
2013-05-15,202.6788330078125,204.33335409359057,201.85157246492346,202.40307949351615,4185000
2013-05-16,206.2636260986328,208.46965418524923,204.05759801201643,204.05759801201643,7909000
2013-05-17,209.0211639404297,210.6756850270294,207.91814988269655,207.91814988269655,9423000
2013-05-20,208.74542236328125,211.50295766530613,208.74542236328128,209.57268295388872,4775000
2013-05-21,208.19393920898438,210.95147482764642,207.36667852338576,209.5727070183154,4778000
2013-05-22,210.67568969726562,212.3302108205426,209.57267561508098,210.9514432178118,7835000
2013-05-23,204.05758666992188,209.02114958891997,204.05758666992188,207.9181356069204,10652000
2013-05-24,200.1970672607422,205.16063091183497,197.9910389713676,204.0576167671477,9839000
2013-05-27,198.5425262451172,199.92129378848605,197.43951221042207,199.92129378848605,5089000
2013-05-28,200.1970672607422,201.30008140542947,198.54254604371127,198.54254604371127,4459000
2013-05-29,200.7485809326172,201.57584156832854,199.92132029690586,201.57584156832854,4188000
2013-05-30,199.36978149414062,201.02430250239078,197.99101398726555,200.74854900101576,4781000
2013-05-31,205.16065979003906,205.16065979003906,200.19709544028004,201.85161689019972,9805000
2013-06-03,202.95455932617188,203.78181975820792,201.30003846209982,202.95455932617188,4472000
2013-06-04,203.50607299804688,205.71210088962462,203.50607299804688,204.33333345738853,4964000
2013-06-05,201.02427673339844,205.7120856558508,201.02427673339844,204.60907179174436,4757000
2013-06-06,202.12734985351562,203.23036404098366,200.4728285723136,201.0243356660476,4591000
2013-06-07,204.05758666992188,205.43635414742135,202.1273122014226,205.16060065192144,7080000
2013-06-10,207.36663818359375,207.91814520003948,205.16061011781085,206.81513116714802,6216000
2013-06-11,202.12734985351562,205.98789950965372,201.85159630664862,205.98789950965372,8348000
2013-06-13,199.0940704345703,201.0243453556811,198.54256331425293,199.92133111504634,5936000
2013-06-14,194.13047790527344,201.02431589906865,193.5789708657698,200.74856237931684,6777000
2013-06-17,195.23345947265625,196.61222684181342,193.02743168200476,194.6819525249934,6028000
2013-06-18,196.060791015625,196.61229816334827,193.57900885087022,195.23353029404007,4694000
2013-06-19,193.85470581054688,197.43950122382867,193.85470581054688,197.1637477304993,5578000
2013-06-20,188.8911590576172,191.92444774321393,188.3396520238723,190.8214336757242,8083000
2013-06-21,181.99734497070312,185.58214115952,176.75802746397076,183.6518662886186,16306000
2013-06-24,170.4156494140625,179.23976071058354,170.13989593604623,179.23976071058354,13220000
2013-06-25,173.1732177734375,176.4822601512739,166.55513301776472,170.41568245857385,15348000
2013-06-26,180.89431762695312,182.5488388247606,177.03376816540228,178.13678229727395,13416000
2013-06-27,180.89431762695312,183.10034589069645,178.68828936320978,181.99733175882477,11882000
2013-06-28,192.2001953125,192.2001953125,181.44580848726687,181.44580848726687,13758000
2013-07-01,190.2699432373047,191.09720386007558,187.23665428714475,188.6154219917629,8110000
2013-07-02,188.33963012695312,191.92442542951594,186.685109218078,191.92442542951594,5872000
2013-07-03,185.03060913085938,192.47595405862867,185.03060913085935,192.20020054278535,8213000
2013-07-04,181.99734497070312,187.2366624774355,181.99734497070312,185.03063405354817,5709000
2013-07-05,190.5457000732422,191.3729607103185,184.20336852232387,185.30638270509226,9011000
2013-07-08,192.4759979248047,193.02750508218236,189.44270855922753,192.4759979248047,9452000
2013-07-09,194.95774841308594,195.50925548073255,193.0274736763227,194.13048781161598,5136000
2013-07-10,193.85470581054688,195.78498026385245,192.47593834390003,195.78498026385245,5279000
2013-07-11,193.02749633789062,196.33653913225447,193.02749633789062,195.5092784336635,7091000
2013-07-12,198.5425262451172,198.54252624511716,192.75170256296792,193.57896308898924,10846000
2013-07-15,197.43951416015625,199.09403522853745,196.61225362596565,198.5425282057437,7165000
2013-07-16,197.72238159179688,200.8338926039711,197.7223815917969,199.1367047791488,7279000
2013-07-17,192.34796142578125,196.3080665139591,192.34796142578125,194.61087861902573,7593000
2013-07-18,187.25640869140625,190.9336493454671,185.55922069722433,190.6507846797701,7742000
2013-07-19,182.4476776123047,185.8420530097429,178.2047083655069,182.73054222875788,11123000
2013-07-22,186.9735107421875,188.38783381890602,183.57913535806307,186.12491689615638,5415000
2013-07-23,194.32803344726562,197.156680222335,188.95360457463383,188.95360457463383,8789000
2013-07-24,196.02523803710938,196.8738321411661,194.6109145303481,196.8738321411661,5539000
2013-07-25,200.8339080810547,201.39963739959288,194.3280209178656,196.02520887348012,8415000
2013-07-26,202.5310821533203,205.64259319198865,200.55102967416775,202.53108215332034,7524000
2013-07-29,204.22830200195312,205.92549010723252,202.81397858088695,204.51116668616635,6120000
2013-07-30,201.11680603027344,204.22831779726783,199.13675308764064,204.22831779726783,5946000
2013-07-31,203.66253662109375,204.22826588948567,200.26816101074218,201.96534881591796,6499000
2013-08-01,204.79400634765625,207.0569235448679,201.1167659021873,205.64260029661062,6824000
2013-08-02,205.3597412109375,207.05692915482953,203.66255326704544,207.05692915482953,6256000
2013-08-05,202.81393432617188,206.49117441855714,201.96534045869836,206.49117441855714,4965000
2013-08-06,198.5709686279297,200.8338856493306,196.873780861879,200.8338856493306,5465000
2013-08-07,198.0052947998047,202.24826540265764,197.43956538609095,199.13675362723214,5974000
2013-08-08,200.2681427001953,202.5310595668642,199.7024134835281,201.96533035019698,5014000
2013-08-09,198.5709686279297,199.98529176630524,197.1566454895541,199.98529176630524,3974000
2013-08-12,199.4195556640625,200.83387875387854,198.57096181017286,200.83387875387854,2631000
2013-08-13,207.05691528320312,207.05691528320315,201.3996225159025,202.53108106936264,10176000
2013-08-14,205.3597412109375,207.05692915482953,204.22828258167613,207.05692915482953,5124000
2013-08-15,203.66253662109375,207.0569122314453,202.53107808430988,203.66253662109375,5612000
2013-08-16,203.66253662109375,205.92545369466146,203.0968073527018,203.66253662109375,3843000
2013-08-19,212.14849853515625,214.41141585286456,205.92547591145834,206.49120524088542,11064000
2013-08-20,209.31982421875,216.10857527449323,208.47123033678207,212.14847049197635,8948000
2013-08-22,208.1883544921875,210.73413600092348,207.62262526802394,210.73413600092348,6374000
2013-08-23,207.62266540527344,211.5827707399789,207.62266540527344,211.01704140644955,4123000
2013-08-26,207.905517578125,212.9970812739158,207.90551757812497,212.14848732461732,5709000
2013-08-27,207.905517578125,212.4313519743835,207.90551757812497,209.60270547672192,7217000
2013-08-28,207.05691528320312,211.01702022031358,207.05691528320315,207.05691528320315,7159000
2013-08-29,205.64263916015625,208.47128619124507,203.09685683217631,208.18842148813619,10285000
2013-08-30,207.62266540527344,207.62266540527344,203.66256007056793,206.49120673821471,6695000
2013-09-02,202.5310821533203,207.05691639138334,202.53108215332034,207.05691639138334,5924000
2013-09-03,205.64263916015625,206.20836856637402,203.94545094150297,204.79404505082962,6067000
2013-09-04,206.4912109375,207.05694028253424,204.79402290239724,205.07688757491437,4016000
2013-09-05,207.905517578125,207.90551757812497,204.79400643069727,205.64260037999574,4963000
2013-09-06,209.03695678710938,210.45127990474884,206.7740397988863,207.05690442241416,7127000
2013-09-09,209.31982421875,210.45128272804052,207.05690720016892,210.45128272804052,5659000
2013-09-10,208.75408935546875,210.73414169352873,206.4911723976859,210.45127707380587,5597000
2013-09-11,209.31982421875,209.31982421875,206.208313318201,208.75409496410472,5083000
2013-09-12,211.58274841308594,212.14847768691774,208.75410204392705,210.45128986542238,6276000
2013-09-13,209.6027374267578,212.43138435559393,209.6027374267578,211.86565496982672,4304000
2013-09-16,209.31982421875,209.31982421875,206.77404257284627,208.75409496410472,4466000
2013-09-17,210.4513397216797,210.73420442560666,208.18842209026377,209.31988090597173,4503000
2013-09-18,209.31982421875,210.45128272804052,209.31982421875,210.45128272804052,3842000
2013-09-23,209.8855438232422,211.29986689482735,208.47122075165697,210.45127305187626,4378000
2013-09-24,209.03695678710938,211.58273839886039,208.4712275400536,211.58273839886039,4463000
2013-09-25,210.16845703125,210.16845703124997,206.77408087462146,207.62267491377858,3696000
2013-09-26,210.4513397216797,210.4513397216797,207.6226926824098,207.6226926824098,5994000
2013-09-27,209.6027374267578,211.29992558405948,209.6027374267578,210.45133150540863,6506000
2013-09-30,206.77406311035156,208.7541156982756,204.2282812115921,208.4712510428579,5571000
2013-10-01,206.77406311035156,208.4712510428579,206.49119845493385,206.77406311035156,4476000
2013-10-02,208.1883544921875,210.16840677675992,208.1883544921875,208.75408371635106,5248000
2013-10-03,212.71420288085938,213.8456614068214,209.03696267148283,209.60269193446385,13404000
2013-10-04,214.6942901611328,214.69429016113284,212.99710209661794,213.2799667740371,8802000
2013-10-07,211.01705932617188,216.10862376031542,211.01705932617185,214.9771649971724,6433000
2013-10-08,214.12855529785156,215.54287864856394,211.58277326656932,211.86563793671178,7698000
2013-10-09,216.1085968017578,216.1085968017578,212.99708559126128,215.54286749075843,8347000
2013-10-11,217.52293395996094,219.22012200126102,216.9572046128609,218.65439265416097,8483000
2013-10-14,217.52293395996094,218.937257327711,214.9771518980108,218.937257327711,6041000
2013-10-15,222.8973388671875,222.8973388671875,218.08863993223548,219.50296314839784,10988000
2013-10-16,220.35154724121094,224.87738133088922,219.78581798000116,223.46305817786475,8562000
2013-10-17,222.8973388671875,224.0287974401174,220.63442172132773,222.8973388671875,6192000
2013-10-18,223.4630889892578,224.31168299807777,222.3316303108312,224.31168299807777,3492000
2013-10-21,221.48304748535156,224.59455900813427,220.35158874979422,224.59455900813427,4853000
2013-10-22,221.48304748535156,221.48304748535156,217.80580659479017,219.5029946981262,5924000
2013-10-23,224.02880859375,224.59453790838066,221.4830266779119,222.33162064985794,6210000
2013-10-24,222.8973388671875,223.46306815365244,221.48301565102514,223.46306815365244,4751000
2013-10-25,219.7858123779297,222.89732323527488,219.50294775453466,221.20013549490477,3099000
2013-10-28,221.2001495361328,222.61447274288557,219.22009704667892,219.78582632938003,2970000
2013-10-29,223.4630889892578,224.02881832847112,220.63444229319126,221.48303630201121,4223000
2013-10-30,223.4630889892578,225.4431416765044,222.04876564122455,224.59454766768442,4069000
2013-10-31,227.42323303222656,227.42323303222656,222.89739754899819,224.31172113750705,7758000
2013-11-01,228.8374786376953,233.36331257861386,228.27174939508046,229.1203432590027,6689000
2013-11-04,244.67791748046875,244.67791748046875,233.9290609899973,234.2119256344834,21695000
2013-11-05,243.26358032226562,253.7295715686887,243.26358032226562,247.2236851182095,14893000
2013-11-06,244.39505004882812,247.22369646143034,240.71780971244533,244.9607793313486,6275000
2013-11-07,242.98074340820312,247.223713316379,242.41501408711304,246.94084865583392,3883000
2013-11-08,242.13214111328125,246.09224622494708,241.56641181161473,242.9807350657811,3750000
2013-11-11,241.00071716308594,245.52655222718147,241.00071716308597,241.00071716308597,4061000
2013-11-12,234.7776641845703,242.1321452313159,231.9490176281297,241.00068660873964,6620000
2013-11-13,233.3633270263672,238.73775516394414,233.3633270263672,235.34337949810606,7246000
2013-11-14,232.2318878173828,236.47485775314496,231.94902315499866,231.94902315499866,7198000
2013-11-15,232.2318878173828,235.90912842837668,232.2318878173828,233.08048180453522,6127000
2013-11-18,234.21192932128906,234.49479397022782,231.94901212977902,231.94901212977902,6486000
2013-11-19,244.1121826171875,244.3950472552144,235.3433788383546,236.47483739046208,9532000
2013-11-20,237.04058837890625,244.39506964125894,236.7577237149696,244.39506964125894,9138000
2013-11-21,234.7776641845703,239.8692279861634,233.36334090635,239.8692279861634,7419000
2013-11-22,239.8692626953125,240.71785678503647,235.62629224669257,235.62629224669257,5893000
2013-11-25,242.13214111328125,244.39505831994745,241.28354716078144,243.26359971661435,5739000
2013-11-26,244.1121826171875,245.52650580732185,239.8692130467845,242.98072406508004,5966000
2013-11-27,242.4149932861328,246.0922335576844,242.4149932861328,246.0922335576844,2893000
2013-11-28,246.09226989746094,246.94086393159012,240.71784101464283,240.71784101464283,4981000
2013-11-29,246.65797424316406,247.78943284060978,245.24365099635693,247.78943284060978,5904000
2013-12-02,243.26358032226562,247.2236851182095,242.4149864374205,247.2236851182095,4370000
2013-12-03,245.8094024658203,246.09226714069464,242.98075571707668,243.82934974169976,3206000
2013-12-04,246.09226989746094,246.09226989746094,242.9807584389873,245.5265405413748,3346000
2013-12-05,243.5465087890625,246.09229111089937,243.54650878906247,246.09229111089937,2445000
2013-12-06,243.26358032226562,245.24363272023757,242.13212180913882,243.26358032226562,3903000
2013-12-09,242.13214111328125,246.09224622494708,242.13214111328125,246.09224622494708,3757000
2013-12-10,242.98074340820312,244.11220205038336,241.00069078438776,244.11220205038336,2985000
2013-12-11,243.26358032226562,244.39503883539246,241.5663925525754,242.98071569398394,3681000
2013-12-12,238.17201232910156,242.13211704716264,233.0804491201659,241.00065855628804,6519000
2013-12-13,235.90911865234375,238.17203585764202,233.08047214572093,238.17203585764202,5577000
2013-12-16,235.90911865234375,237.60630655631743,233.08047214572093,237.60630655631743,4902000
2013-12-17,239.58636474609375,240.43495871803975,237.04058283025566,237.60631214488635,5343000
2013-12-18,236.47488403320312,241.56644852195632,236.47488403320315,241.2835838281367,4951000
2013-12-19,242.69789123535156,242.69789123535153,239.3035151341578,240.43497383455573,4724000
2013-12-20,244.67791748046875,245.52651141392704,242.13213568009394,243.2635942580383,5984000
2013-12-23,244.1121826171875,246.9408289974562,244.11218261718753,246.0922350833756,4279000
2013-12-24,241.84930419921875,245.52654508177994,241.84930419921875,245.52654508177994,2764000
2013-12-25,243.26358032226562,244.11217420711074,242.13212180913882,243.82930957882903,1856000
2013-12-26,242.4149932861328,243.5464518312256,242.1321286498596,242.9807225586792,1384000
2013-12-27,246.65797424316406,247.22370354188692,243.26359845082695,244.96078634699552,5866000
2013-12-30,251.4667205810547,252.31531468875227,246.94088534000082,247.7894794476984,7132000
2013-12-31,250.9009246826172,252.88097707582838,249.48660154460921,252.3152478206252,4191000
2014-01-02,249.4866485595703,253.16388941135537,249.48664855957034,251.74956600682268,3756000
2014-01-03,246.37510681152344,250.6180765040296,244.96078358068806,250.6180765040296,3771000
2014-01-06,244.1121826171875,247.7894229115368,244.11218261718753,246.37509972140248,3237000
2014-01-07,236.7577362060547,243.54648849870142,236.7577362060547,243.26362381984114,11988000
2014-01-08,230.25186157226562,236.75774955280875,227.42321462420338,236.75774955280875,15774000
2014-01-09,233.0805206298828,234.77770888689653,230.53473824436227,231.38333237286912,8776000
2014-01-10,235.90911865234375,237.04057725499288,233.64620144704548,234.77766004969462,7060000
2014-01-13,235.06057739257812,238.7378186754945,235.06057739257812,237.60635981921254,4955000
2014-01-14,235.06057739257812,235.9091715347896,233.64625382222567,234.77771267850764,5648000
2014-01-15,237.04058837890625,237.60631770677952,233.36334774772988,234.77767106741308,10755000
2014-01-16,236.47488403320312,239.30353097139934,235.9091546455639,237.60634280848163,5624000
2014-01-17,234.7776641845703,237.6063107410109,234.7776641845703,236.47485211843465,2498000
2014-01-20,231.9490509033203,235.90915665045017,230.25186272597895,234.77769786555592,5266000
2014-01-21,219.5030059814453,227.42321753747686,218.37154718772652,227.42321753747686,17256000
2014-01-22,225.72596740722656,226.8574258904708,217.24002878289474,217.80575802451685,10317000
2014-01-23,227.42323303222656,229.403286056139,226.29177416141948,226.29177416141948,5624000
2014-01-24,230.53469848632812,230.53469848632812,226.85745789697566,228.5546458612922,3889000
2014-01-27,226.5745849609375,229.96896076559574,224.311667757832,228.27177286326662,7984000
2014-02-05,226.85745239257812,229.1203696234268,220.35156535388822,220.6344300077443,12088000
2014-02-06,230.53469848632812,231.94902178992524,228.27178120057275,231.3832924684864,7293000
2014-02-07,231.66610717773438,233.36329477610604,229.12032578017684,233.36329477610604,5837000
2014-02-10,231.9490509033203,234.49483316933237,230.5347274222025,234.2119684731088,2863000
2014-02-11,237.04058837890625,237.60631770677952,230.8175657723001,231.94902442804667,5554000
2014-02-12,245.52655029296875,246.94087373935682,240.4349858859717,240.4349858859717,13075000
2014-02-13,242.69789123535156,245.5265379863463,242.13216188515258,245.5265379863463,4879000
2014-02-14,244.1121826171875,247.50655827350994,242.4149947890263,245.52650580732185,5243000
2014-02-17,242.69789123535156,245.8094026614458,242.41502656025207,245.8094026614458,3494000
2014-02-18,245.24365234375,245.5265169946655,242.9807351364259,245.5265169946655,2678000
2014-02-19,246.09226989746094,246.09226989746094,243.82935247311647,246.09226989746094,2648000
2014-02-20,246.09226989746094,247.22372860963316,244.67794650724562,246.09226989746094,3914000
2014-02-21,246.65797424316406,247.22370354188692,245.24365099635693,247.22370354188692,3931000
2014-02-24,246.65797424316406,247.50656819124836,246.09224494444123,246.65797424316406,2858000
2014-02-25,252.0324249267578,252.88101895008026,247.78945481014574,247.78945481014574,9653000
2014-02-26,252.0324249267578,254.01247764784347,251.18383090343542,251.74956025231702,8131000
2014-02-27,251.74954223632812,257.40683532029055,250.61808361953567,253.44673016151688,9991000
2014-03-03,254.57818603515625,256.2753739420573,250.61808091905382,256.2753739420573,8013000
2014-03-04,251.74954223632812,256.84110601189434,251.74954223632815,255.70964739510185,4573000
2014-03-05,254.8610382080078,256.2753613945117,253.1638503842031,254.57817357070704,5231000
2014-03-06,263.064208984375,263.064208984375,255.14399624075938,255.4268609816028,10955000
2014-03-07,267.5899658203125,272.39866499467325,263.3469959605824,266.4585071910511,13983000
2014-03-10,267.02423095703125,270.9843360771567,266.17563700271864,269.85287747140654,4745000
2014-03-11,268.43853759765625,270.7014546690801,267.3070790619443,268.15567296372825,3695000
2014-03-12,257.9725341796875,265.044149699964,257.9725341796875,260.235451146176,7823000
2014-03-13,255.7096405029297,261.0840687878364,255.1439112097816,257.97255767552195,9183000
2014-03-14,260.2354736328125,261.08406756857164,253.44672214673912,254.57818072775135,5808000
2014-03-17,256.275390625,259.1040373206402,254.01247326848787,257.9725786423841,4471000
2014-03-18,256.275390625,258.82117265107615,254.01247326848787,257.4068493032561,4554000
2014-03-19,248.9208984375,253.44673295454544,248.07230446555394,253.44673295454544,8919000
2014-03-20,250.9009246826172,252.88097707582838,248.0722784066012,248.35514303420283,6015000
2014-03-21,250.33523559570312,254.01247634456658,250.33523559570315,254.01247634456658,4530000
2014-03-24,251.18374633789062,251.46661091709996,244.96072559528523,250.05228802105327,5351000
2014-03-25,255.14393615722656,255.14393615722656,247.22372527873173,247.78945462719562,3920000
2014-03-26,258.82110595703125,259.9525643437287,256.8410537803108,257.9725121670082,5185000
2014-03-27,255.7096405029297,258.8211516152441,255.42677585635565,256.27536979607777,3561000
2014-03-28,251.74954223632812,257.9725646286868,250.61808361953567,254.57818877830937,4775000
2014-03-31,254.29530334472656,255.42676186906348,251.46665703388422,251.74952166496846,4268000
2014-04-01,262.2155456542969,262.2155456542969,253.72960566548468,254.01247033177845,5687000
2014-04-02,264.195556640625,267.58993210067587,262.78123353227045,263.6298273972832,6507000
2014-04-03,259.1040344238281,267.0242450830718,258.2554404246235,265.8927864174656,5591000
2014-04-07,260.8011779785156,261.6497718331095,255.70961485095242,256.84107332374424,9042000
2014-04-08,260.2354736328125,264.1955786663553,257.97255647078805,263.06412008534306,10188000
2014-04-09,261.0840759277344,262.49839919928223,260.2354819648057,260.80121127342477,5257000
2014-04-10,265.6098937988281,265.6098937988281,261.64978888595954,262.21551815922646,5112000
2014-04-11,263.064208984375,263.34707372521837,261.9327500210013,263.064208984375,3835000
2014-04-14,260.2354736328125,263.06412008534306,258.53828576129416,261.93266150433084,4942000
2014-04-15,258.2554626464844,261.3669742446348,256.2754098112977,260.235515481671,4661000
2014-04-16,255.7096405029297,259.95261020154027,255.7096405029297,259.3868809083922,4250000
2014-04-17,261.0840759277344,264.7613164337588,257.40683542170996,258.5382940389482,6390000
2014-04-18,258.5382995605469,263.6298634468596,258.5382995605469,263.6298634468596,2073000
2014-04-21,265.3270263671875,267.02421416910977,259.1040044268057,259.6697336941131,3822000
2014-04-22,265.89276123046875,268.72140762653754,265.89276123046875,266.4584905096825,5527000
2014-04-23,267.30712890625,269.28718171296293,264.7613467261905,268.1557229662698,4775000
2014-04-24,269.8529052734375,269.8529052734375,263.62988230067475,267.5899878287965,5457000
2014-04-25,265.3270263671875,275.79301781237507,264.76129709988004,271.5500483075693,11563000
2014-04-28,274.6615295410156,277.2073109682753,264.76126843500583,265.3269976410635,11030000
2014-04-29,273.5301513671875,277.49025697126257,272.11582793716065,276.07593354123577,7493000
2014-04-30,267.02423095703125,275.51017050015724,267.02423095703125,275.51017050015724,7464000
2014-05-02,285.69329833984375,285.69329833984375,282.86465182162743,285.69329833984375,20815000
2014-05-05,290.2191162109375,299.8365138241654,289.08765766820477,293.0477625677692,15410000
2014-05-06,287.95623779296875,293.613531266308,286.25904975096694,290.78488452963836,8027000
2014-05-07,293.0477600097656,293.0477600097656,286.25900881262817,286.8247380790563,7455000
2014-05-08,289.6534118652344,299.27081030607224,289.0876825451851,297.0078930258751,8663000
2014-05-09,286.259033203125,292.4820556640625,286.259033203125,289.65340909090907,4004000
2014-05-12,279.18743896484375,286.2590559599006,278.90457428504146,286.2590559599006,8660000
2014-05-13,278.05596923828125,283.996127278977,276.0759165580493,280.60175125572226,9360000
2014-05-14,285.1275634765625,285.1275634765625,279.4702705504402,281.73318772088913,5902000
2014-05-15,282.86468505859375,287.9562493896484,282.58182037353515,285.6933319091797,3817000
2014-05-16,283.9961242675781,283.9961242675781,275.22731963381824,279.75315428350075,7868000
2014-05-19,278.33880615234375,287.3904746451029,278.33880615234375,284.5618282411157,5875000
2014-05-20,278.33880615234375,282.2989111179259,277.7730768715463,279.7531293543374,4734000
2014-05-21,276.3587646484375,280.6017344229785,276.07589999680147,279.18741116479816,5048000
2014-05-22,285.69329833984375,285.69329833984375,278.3388173924814,280.0360053034112,7338000
2014-05-23,282.01605224609375,285.69329264649417,281.1674583075398,284.5618340617556,4988000
2014-05-26,279.75311279296875,283.99608214776606,279.75311279296875,282.86462365315344,4488000
2014-05-27,287.95623779296875,289.6534258349705,281.7332149722955,282.86467366696337,8464000
2014-05-28,287.3904724121094,287.9562016885112,283.9960967536987,287.9562016885112,4976000
2014-05-29,281.7331848144531,284.5618312483332,280.6017262409011,284.5618312483332,7091000
2014-05-30,275.51019287109375,283.99613310326293,275.51019287109375,282.8646744056404,11017000
2014-06-03,278.33880615234375,281.4503171967297,276.9244829503501,280.8845879159323,6744000
2014-06-04,277.4902038574219,281.16744407163844,277.4902038574219,280.0359855441872,4716000
2014-06-05,286.82470703125,287.95616544162965,276.92444594042774,277.7730397482125,10437000
2014-06-06,282.86468505859375,286.82479064941407,282.58182037353515,286.82479064941407,4568000
2014-06-09,287.95623779296875,290.78488452963836,286.8247790983009,288.52196714030265,5933000
2014-06-10,288.52197265625,290.784890088848,286.82478458180145,290.784890088848,4646000
2014-06-11,286.259033203125,287.3904918323863,283.99611594460225,284.56184525923294,3814000
2014-06-12,282.86468505859375,284.5618731689453,281.16749694824216,282.86468505859375,5864000
2014-06-13,282.86468505859375,285.6933319091797,282.01609100341796,282.86468505859375,4140000
2014-06-16,280.8846130371094,282.29893636559433,278.9045603772305,281.16747770280637,5421000
2014-06-17,288.52197265625,288.52197265625,282.5818143956801,283.4304084329044,7880000
2014-06-18,290.2191162109375,291.3505747536702,286.82474058273937,290.7848454823038,8117000
2014-06-19,293.0477600097656,293.6134892761937,290.219113677625,291.35057221048123,5292000
2014-06-20,287.95623779296875,293.0478019189741,287.95623779296875,291.9163432243062,4300000
2014-06-23,289.0877380371094,290.78492632304153,287.95627917982125,290.78492632304153,4252000
2014-06-24,285.69329833984375,290.21913276898977,285.69329833984375,288.52194485806,2820000
2014-06-25,285.69329833984375,286.82475694713025,282.5817871698058,285.69329833984375,6152000
2014-06-26,291.3505859375,292.4820445236651,287.95621017900487,288.5219394720874,4828000
2014-06-27,283.4303894042969,286.82476532530643,281.7332014437921,285.6933066849699,10514000
2014-06-30,285.69329833984375,285.69329833984375,283.4303811252707,285.69329833984375,3592000
2014-07-01,287.3904724121094,288.521930964913,280.8845857334888,282.86463820089506,5453000
2014-07-02,293.0477600097656,294.17921854262187,288.52192587834065,291.35057221048123,11825000
2014-07-03,302.6651916503906,308.3224849522671,290.7848757164501,293.61352236738827,17283000
2014-07-04,306.1575012207031,310.2318405905604,304.4113557764786,306.73954970211133,9000000
2014-07-07,309.06768798828125,309.06768798828125,300.9190107155205,303.82925259864936,8069000
2014-07-08,303.82928466796875,307.3215752963362,303.82928466796875,306.739526858275,3753000
2014-07-09,302.0830993652344,305.5753895313064,301.50105100422235,303.24719608725843,3573000
2014-07-10,299.7549743652344,304.411362316539,298.00882888349514,303.8293138226259,6469000
2014-07-11,291.6062316894531,298.5908120892005,291.6062316894531,295.68057025597244,6856000
2014-07-14,292.7703552246094,293.35240364453904,285.7857741854537,290.73318575485564,8715000
2014-07-15,288.6960144042969,293.35240173339844,288.6960144042969,292.77035331726074,6806000
2014-07-16,289.2780456542969,295.6805778518769,288.9870214634978,291.0241907990914,8698000
2014-07-17,288.11395263671875,292.18829136087436,286.94985585838856,288.69600102588385,4836000
2014-07-18,293.3524169921875,294.51651388501364,286.65885985843715,287.53193252805676,4138000
2014-07-21,295.0985107421875,302.08309087809727,295.0985107421875,296.2626074315058,5975000
2014-07-22,300.9190368652344,300.9190368652344,297.42674630200145,300.33698843802887,4041000
2014-07-23,300.9190368652344,300.9190368652344,300.9190368652344,300.9190368652344,0
2014-07-24,298.5908203125,303.82925575657896,298.5908203125,302.66515899122805,4000000
2014-07-25,295.0985107421875,303.24718756741555,293.35236570821,303.24718756741555,5326000
2014-07-28,292.7703552246094,298.00879100397617,291.6062583847501,296.8446941641169,3995000
2014-07-29,289.8600769042969,296.8446570706655,288.4049560363034,296.8446570706655,6022000
2014-07-30,292.1883239746094,293.93446933700744,289.8601301580786,291.6062755204767,4677000
2014-07-31,272.9807434082031,285.78581026317215,272.1076706680916,285.78581026317215,21138000
2014-08-01,288.9870300292969,291.0241994252738,281.71142504366503,284.0396186390672,16694000
2014-08-04,286.3677978515625,291.6062331781155,286.3677978515625,290.151112254073,6499000
2014-08-05,283.4575500488281,288.1139369079464,283.4575500488281,285.20369512099745,6429000
2014-08-06,292.7703552246094,293.9344520644687,284.62167734559443,287.24089523527783,8115000
2014-08-07,286.3677978515625,296.2626201350514,286.3677978515625,293.9344266565834,6172000
2014-08-08,285.4947204589844,289.86008315713394,284.3306237394778,289.86008315713394,5038000
2014-08-11,288.11395263671875,291.02419458254417,285.49473488547585,285.49473488547585,2951000
2014-08-12,284.91265869140625,288.695972851762,284.91265869140625,288.695972851762,3790000
2014-08-13,290.151123046875,290.4421472425088,285.20371172110083,285.20371172110083,2764000
2014-08-14,291.02423095703125,293.9344732666015,290.44218249511715,293.9344732666015,3006000
2014-08-15,291.02423095703125,293.3524248046875,289.8601340332031,293.3524248046875,1374000
2014-08-18,291.02423095703125,292.77037634277343,290.15115826416013,292.18832788085933,1910000
2014-08-19,296.8447265625,299.7549689797794,292.7703871783088,293.3524356617647,7055000
2014-08-20,298.0087890625,299.7549343109131,295.6805953979492,297.4267406463623,3768000
2014-08-21,298.5908203125,300.3369654605263,295.09853001644734,300.3369654605263,4208000
2014-08-22,296.26263427734375,299.7549246617525,293.9344406877379,299.7549246617525,5896000
2014-08-25,291.6062316894531,297.42671535590927,291.6062316894531,297.42671535590927,3140000
2014-08-26,288.11395263671875,293.93443652836964,287.82292844213623,291.02419458254417,5977000
2014-08-27,291.6062316894531,292.77032842274434,288.1139414895794,290.4421349561619,6346000
2014-08-28,288.9870300292969,292.7703446218254,288.11395743102105,292.7703446218254,2450000
2014-08-29,290.733154296875,291.0241784753503,288.9870092260229,290.733154296875,3012000
2014-09-01,299.7549743652344,300.91907135306053,291.0242469565382,292.18834394436436,10140000
2014-09-02,299.7549743652344,300.33702285914745,295.68063490784283,297.42678038958206,7419000
2014-09-03,299.1728820800781,303.82926934980696,297.4267368539298,301.50107571494254,7139000
2014-09-04,299.7549743652344,299.7549743652344,296.2626834017559,299.1729258713213,3420000
2014-09-05,298.5908203125,302.66515899122805,298.00877192982455,302.66515899122805,5114000
2014-09-09,302.6651916503906,306.73953076876126,300.33699786846455,302.0831432049091,11249000
2014-09-10,298.5908203125,301.5010622258772,298.00877192982455,299.75491707785085,3959000
2014-09-11,296.8447265625,299.7549689797794,296.2626780790441,298.59087201286764,2791000
2014-09-12,294.5164794921875,296.2626246275167,291.0241892215292,295.6805762490736,6390000
2014-09-15,291.6062316894531,295.0985218893268,291.0241833228075,293.93442515603556,3430000
2014-09-16,289.2780456542969,292.770335943886,289.2780456542969,291.6062391806896,3734000
2014-09-17,289.5691223144531,293.93448596743485,289.5691223144531,290.15117080151737,5542000
2014-09-18,291.02423095703125,293.3524248046875,290.15115826416013,290.15115826416013,2901000
2014-09-19,289.2780456542969,292.770335943886,289.2780456542969,291.6062391806896,3980000
2014-09-22,287.53192138671875,292.1883087775968,286.36782453899923,290.7331877179474,6535000
2014-09-23,275.3088684082031,285.20369031716604,275.3088684082031,285.20369031716604,11345000
2014-09-24,260.7577209472656,269.488448211125,256.6833815574646,269.488448211125,24858000
2014-09-25,262.2127990722656,268.03328295844244,261.92177487795675,262.50382326657444,11386000
2014-09-26,264.83203125,266.2871523008242,256.97437757554945,261.92178914835165,11617000
2014-09-29,259.01153564453125,264.83201959159936,257.5564146577642,264.83201959159936,12741000
2014-09-30,262.2127990722656,263.66792004380983,256.6833393803976,256.6833393803976,11052000
2014-10-01,266.28717041015625,266.5781946401127,260.7577100409836,262.50385542072235,7418000
2014-10-02,265.4140625,265.99611088267545,261.92177220394734,263.95894154331137,4973000
2014-10-03,264.83203125,265.99612809065934,263.66793440934066,263.9589586195055,3790000
2014-10-06,271.23455810546875,273.27172753329955,264.8320256180006,264.8320256180006,6213000
2014-10-07,265.1230163574219,268.3242821970834,262.21277468500233,264.8319921901799,7265000
2014-10-08,257.8474426269531,260.7576846430587,257.265394223732,258.1384668285637,11128000
2014-10-09,244.4603271484375,259.88460969470793,243.87827875046503,257.8474403018043,14118000
2014-10-13,234.56553649902344,238.63987584267895,230.7822213942005,233.40143954369333,17085000
2014-10-14,243.5872802734375,243.5872802734375,233.69245646304697,233.98348069276435,7959000
2014-10-15,248.53465270996094,256.1012814809902,245.62441087494972,249.40772526046433,12874000
2014-10-16,245.6244354248047,247.6616049129251,243.29624172409564,243.29624172409564,9667000
2014-10-17,244.4603271484375,249.98978692917595,239.5129157656715,247.37056913829983,8526000
2014-10-20,243.2962188720703,249.40772676239743,243.2962188720703,247.95260583612907,4402000
2014-10-21,244.4603271484375,249.11671433221724,244.4603271484375,247.37056913829983,3987000
2014-10-22,247.66162109375,249.69879071496769,245.91547570413485,249.69879071496769,2933000
2014-10-23,244.4603271484375,247.37056913829983,244.4603271484375,247.37056913829983,2409000
2014-10-24,243.87828063964844,247.0795468532954,243.2962322371672,247.0795468532954,2550000
2014-10-27,243.2962188720703,245.91543653935338,236.0206142407285,245.91543653935338,3784000
2014-10-28,247.37060546875,249.11675091911764,243.58729032628676,245.62446001838234,3939000
2014-10-29,253.4821014404297,254.93722257384204,247.9526411334628,249.9898107202401,6045000
2014-10-30,249.40771484375,253.19102907125148,247.37054564432617,253.19102907125148,3625000
2014-10-31,252.02694702148438,252.02694702148438,248.24363257427964,251.73592283323788,4080000
2014-11-03,254.64617919921875,257.2653970424107,253.4820823800223,253.77310658482142,5233000
2014-11-04,252.60899353027344,255.8102595773161,250.86284841370474,255.8102595773161,3868000
2014-11-05,248.24362182617188,252.60898446086424,248.24362182617188,251.4448877582796,3758000
2014-11-06,240.38600158691406,249.116728036802,239.80395315692155,249.116728036802,6324000
2014-11-07,248.53465270996094,252.02694291197446,240.9680239389317,240.9680239389317,9575000
2014-11-10,263.0859069824219,263.3769312158095,251.73596188030413,252.90005881385468,11470000
2014-11-11,259.3026123046875,265.41412168560606,259.3026123046875,264.83207317313764,6741000
2014-11-12,260.7577209472656,264.83206033706665,259.0115754944938,264.83206033706665,5159000
2014-11-13,264.2499694824219,264.83201787335236,261.04870333230446,264.83201787335236,4072000
2014-11-14,265.1230163574219,267.16018552811556,263.6678955212121,267.16018552811556,4934000
2014-11-17,260.7577209472656,266.57820578983853,259.59362397875105,266.57820578983853,4401000
2014-11-18,254.64617919921875,261.92178431919643,253.77310658482142,261.92178431919643,5259000
2014-11-19,256.1012878417969,258.4294813676314,254.06411850669167,254.35514269742097,7230000
2014-11-20,256.1012878417969,259.30255393981935,255.51923946033824,255.51923946033824,4371000
2014-11-21,259.01153564453125,260.4666566312983,255.81026947364379,259.59358403923807,4297000
2014-11-24,261.9217834472656,264.249977077908,260.75768663194447,264.249977077908,2369000
2014-11-25,261.9217834472656,263.6679286702474,259.01154140896267,261.9217834472656,4654000
2014-11-26,265.99609375,266.57814209518597,262.794827851477,264.249948714442,4343000
2014-11-27,270.65252685546875,275.0178901918473,267.7422846312164,267.7422846312164,9114000
2014-11-28,270.65252685546875,274.7268659694221,270.0704784106183,274.1448175245716,4963000
2014-12-01,269.4884338378906,270.6525307443178,265.4140946653955,267.74228847824986,4926000
2014-12-02,263.66796875,266.8692354787528,263.66796875,265.70513848647903,4548000
2014-12-03,268.9063415527344,270.0704382694129,263.6679063276811,265.4140514026989,4594000
2014-12-04,271.81658935546875,274.4358070259176,269.7794200562308,270.65249261304706,6155000
2014-12-05,266.57818603515625,270.94354934359217,264.24999227065706,270.6525251230298,7320000
2014-12-08,253.77313232421875,262.79488358803843,253.77313232421875,261.9218108850881,9072000
2014-12-09,254.93719482421875,257.5564125792621,252.90002545918503,254.93719482421875,6715000
2014-12-10,250.28079223632812,256.6833241307458,250.28079223632812,254.9371790686319,4601000
2014-12-11,252.60899353027344,253.191041902463,249.69875166932562,249.9897758554204,4064000
2014-12-12,256.392333984375,258.42950349389895,254.06414025920472,255.51926133743615,3834000
2014-12-15,255.81024169921875,257.265362527997,253.19102420741785,256.1012658649744,3518000
2014-12-16,254.93719482421875,255.51924321422837,253.48207384919465,254.3551464342091,3722000
2014-12-17,256.1012878417969,257.84743298617275,254.9371910788796,254.9371910788796,7082000
2014-12-18,259.3026123046875,259.5936365609217,257.265442511048,258.7205637922191,5552000
2014-12-19,265.99609375,266.287117922593,261.048682815919,261.921755333698,7647000
2014-12-22,264.83203125,267.74227335164835,262.2128133585165,267.74227335164835,3835000
2014-12-23,266.57818603515625,267.7422829174058,263.66794382953225,267.7422829174058,2605000
2014-12-24,270.36151123046875,272.3986808522269,267.7422931453512,267.7422931453512,3684000
2014-12-25,268.6153564453125,270.94355021731957,268.0333080023108,270.6525259958187,1209000
2014-12-26,270.07049560546875,270.65254408737707,268.32435015974374,268.90639864165206,1152000
2014-12-29,272.1076354980469,272.98070812531336,269.4884176162475,271.23456287078045,2886000
2014-12-30,268.9063415527344,273.85375259861803,268.9063415527344,272.1076075236003,2309000
2014-12-31,268.9063415527344,270.0704382694129,267.7422448360559,269.4883899110736,1675000
2015-01-05,268.9063415527344,271.8165833444307,267.7422448360559,267.7422448360559,2459000
2015-01-06,266.57818603515625,268.9063797996554,266.57818603515625,267.7422829174058,5915000
2015-01-07,283.1665954589844,283.45761970919915,271.525625450393,272.39869820103735,13046000
2015-01-08,282.2934875488281,287.8229476142175,282.00246333486024,286.6588507583461,8367000
2015-01-09,284.0396728515625,288.1140124211546,284.0396728515625,286.3678668913294,7473000
2015-01-12,284.0396728515625,287.82298816618373,283.1666000866499,285.20376987144596,4567000
2015-01-13,281.1294250488281,284.0396675441576,279.9653280506963,282.29352204695994,4379000
2015-01-14,284.0396728515625,286.3678668913294,282.00250306676645,284.33069710653336,6673000
2015-01-15,282.8755187988281,285.20371236918885,281.4203978173527,284.0396155840085,4218000
2015-01-16,276.7640380859375,282.5845225882706,276.1819896357042,281.42042568780397,5495000
2015-01-19,283.4575500488281,284.6216467636077,279.09218736840467,280.83833244057405,5005000
2015-01-20,285.2037353515625,285.2037353515625,281.71144471460457,284.03963847257654,3760000
2015-01-21,287.24090576171875,288.1139784236085,286.65885732045894,286.94988154108887,4347000
2015-01-22,288.40496826171875,289.8600891913944,286.07677477423766,288.6959924476539,5372000
2015-01-23,287.82293701171875,291.0242032474406,286.07679179223413,290.15113063769826,5234000
2015-01-26,293.3524169921875,293.93446543860057,287.53193252805676,287.53193252805676,6872000
2015-01-27,292.1883239746094,293.35242088287475,290.151154385145,293.35242088287475,4814000
2015-01-28,292.1883239746094,293.35242088287475,290.151154385145,292.1883239746094,2744000
2015-01-29,289.5691223144531,290.7332192885816,286.9499041226641,289.27809807092103,3136000
2015-01-30,281.1294250488281,289.86015253481656,281.1294250488281,289.5691282852836,6713000
2015-02-02,280.8383483886719,284.62166292655036,279.3832274125648,284.62166292655036,3725000
2015-02-03,282.2934875488281,284.62168126057105,279.67426962311737,280.8383664789888,3138000
2015-02-04,282.2934875488281,287.2408991862818,281.7114391208924,286.3678265443782,4591000
2015-02-05,282.2934875488281,286.0768023304104,281.4204149069245,284.33065704660316,4312000
2015-02-06,278.80120849609375,284.3306687898576,277.05506314016833,283.45759611189493,4475000
2015-02-09,284.0396728515625,285.20376987144596,279.67430902699954,282.5845515767082,5017000
2015-02-10,264.2499694824219,264.2499694824219,264.2499694824219,264.2499694824219,8483000
2015-02-11,264.2499694824219,264.83201787335236,252.609001663813,253.19105005474344,33523000
2015-02-12,266.57818603515625,266.8692102557186,263.95896805009465,265.4140891529066,8398000
2015-02-13,267.1602478027344,267.7422962728929,265.414102392259,266.57819933257593,5977000
2015-02-24,273.5627136230469,275.3088586036195,268.9063270081865,272.3986169693318,10989000
2015-02-25,275.59991455078125,277.05503553573783,273.8537693688333,275.30889035378993,5781000
2015-02-26,275.3088684082031,277.0550134509613,273.85374753923804,277.0550134509613,5566000
2015-03-02,277.6371154785156,277.6371154785156,275.89097009814765,277.05506701839295,5087000
2015-03-03,278.5101623535156,279.3832349627743,275.3088961195672,278.80118655660186,3844000
2015-03-04,276.7640380859375,279.3832561119874,276.47301386082086,278.2191592115208,3914000
2015-03-05,276.7640380859375,278.2191592115208,276.1819896357042,278.2191592115208,4026000
2015-03-06,273.85382080078125,275.3089420590213,271.8166510392452,273.85382080078125,6985000
2015-03-09,267.7422790527344,271.81661808179774,267.160230620011,270.6525212163511,7085000
2015-03-10,267.7422790527344,269.1974001345427,265.414085321841,265.414085321841,6541000
2015-03-11,263.9589538574219,266.28714749673765,263.9589538574219,264.8320264721653,6111000
2015-03-12,263.9589538574219,266.8691959065666,261.33973601319167,261.63076021810616,6142000
2015-03-13,260.7577209472656,266.57820578983853,260.7577209472656,266.57820578983853,6080000
2015-03-16,251.44493103027344,259.593609350699,251.44493103027347,258.72053667351054,13722000
2015-03-17,250.28079223632812,253.19103400651798,247.95259882017623,250.28079223632812,13157000
2015-03-18,253.4821014404297,256.9743921606193,251.4449318536524,252.02698030701737,9237000
2015-03-19,252.60899353027344,256.39230794950566,252.60899353027347,254.93718701903174,6401000
2015-03-20,253.77313232421875,257.26542313601993,250.28084151241757,250.28084151241757,10052000
2015-03-23,255.2281951904297,256.6833160295997,253.4820501834256,255.22819519042966,7060000
2015-03-24,259.59356689453125,262.50380867586006,255.5192284006709,256.68332511320244,11538000
2015-03-25,257.8474426269531,263.66792665916427,255.81027321567925,261.92178144950094,8918000
2015-03-26,256.1012878417969,256.3923120325262,251.44490079012783,253.19104593450373,11711000
2015-03-27,243.87828063964844,254.35515188431114,243.00520803592656,253.19105507934864,13931000
2015-03-30,243.2962188720703,246.20646072460704,241.84109794580195,245.33338816884603,9159000
2015-03-31,246.4974822998047,248.24362739283754,244.46031302459969,247.3705548463211,7113000
2015-04-01,244.16932678222656,247.9526417383278,242.42318141787214,247.9526417383278,5400000
2015-04-02,239.80397033691406,245.0424065821379,238.05782492183943,243.58728540290906,9989000
2015-04-07,245.04237365722656,245.9154462474542,239.8039381158607,239.8039381158607,11800000
2015-04-08,245.04237365722656,248.24363982139462,243.29622847677126,248.24363982139462,5969000
2015-04-09,245.6244354248047,248.82570176327962,245.04238699962744,247.95262912551374,5696000
2015-04-10,245.33340454101562,249.69876761114048,244.46033192699068,249.69876761114048,7566000
2015-04-13,244.16932678222656,245.62444791918858,243.29625410004934,244.46035100961896,4201000
2015-04-14,241.55006408691406,244.75132999649966,240.9680157397167,244.46030582290098,8017000
2015-04-15,231.94627380371094,239.2218783772276,231.94627380371094,238.63983001134628,14613000
2015-04-16,238.05783081054688,238.34885505359156,233.40144292183203,233.40144292183203,8235000
2015-04-17,233.4014129638672,236.31165502077323,233.11038875817655,235.1475581980108,7490000
2015-04-20,226.9989013671875,233.40143448267227,226.9989013671875,231.07324062249597,9072000
2015-04-21,227.5809326171875,230.78219893277452,227.58093261718747,227.58093261718747,8377000
2015-04-22,233.98348999023438,235.1475869553599,228.74505364716944,228.74505364716944,9177000
2015-04-23,234.56553649902344,237.18475464851628,233.9834880213584,235.14758497668853,6949000
2015-04-24,243.87828063964844,248.24364365825792,236.31165140739205,236.31165140739205,15904000
2015-04-27,238.93087768554688,246.78853139749543,238.6398534739932,243.87828928195893,7423000
2015-04-28,232.23731994628906,241.55009468097734,231.94629573583003,241.55009468097734,10019000
2015-04-29,233.11036682128906,236.3116327826301,232.81934264298533,233.4013909995928,5123000
2015-04-30,229.90911865234375,232.52833645977552,229.0360460498665,229.90911865234375,9158000
2015-05-04,221.1783905029297,224.0886324832314,215.93995493838662,215.93995493838662,17037000
2015-05-05,217.97711181640625,222.9245228990216,215.93994254709406,220.01428108571847,9597000
2015-05-06,215.35792541503906,219.43226454451278,214.1938285209037,217.10407075624207,8291000
2015-05-07,214.48486328125,216.2310087082344,213.02974209209634,214.77588751908075,8355000
2015-05-08,219.14122009277344,220.88736527279553,214.7758571427182,214.7758571427182,8499000
2015-05-11,215.35792541503906,222.34250677985113,215.35792541503906,222.34250677985113,6182000
2015-05-12,216.23097229003906,218.26814161174872,215.9399481012234,217.10404485648604,5812000
2015-05-13,231.36424255371094,231.36424255371094,218.85020176149763,220.5963469883181,15148000
2015-05-14,228.74502563476562,233.98346133632515,228.74502563476562,231.3642434855454,12611000
2015-05-15,226.9989013671875,234.5655314127604,226.9989013671875,231.65528908754004,5303000
2015-05-18,227.87197875976562,232.52836657605712,225.8348090901381,226.99890604421097,7013000
2015-05-19,228.1629638671875,229.90910899882414,225.83477035833866,228.1629638671875,6483000
2015-05-20,232.52838134765625,233.69247837567957,229.90916303460384,229.90916303460384,8304000
2015-05-21,232.81935119628906,234.85652051925658,230.49115768432617,230.78218187332152,7276000
2015-05-22,238.6398468017578,239.8039436154249,234.56550795392292,235.72960476759002,8970000
2015-05-25,231.36424255371094,238.0577992565227,230.78219414477078,236.02062982523216,6723000
2015-05-26,232.52838134765625,234.56555114669706,231.6553085766388,233.40145411867377,3141000
2015-05-27,232.81935119628906,234.56549633026123,232.52832700729368,232.52832700729368,4556000
2015-05-28,238.05783081054688,239.80397626881495,236.3116853522788,238.63987929663622,8893000
2015-05-29,241.259033203125,241.25903320312497,238.63981571358562,238.63981571358562,10946000
2015-06-01,238.6398468017578,243.29623405642624,236.89370158125715,243.29623405642624,4976000
2015-06-02,238.6398468017578,241.2590646325088,237.47574998809068,240.0949678188417,5371000
2015-06-03,238.6398468017578,241.84111303934236,238.34882259834103,239.22189520859138,3678000
2015-06-04,234.56553649902344,238.63987584267895,234.56553649902347,238.63987584267895,5871000
2015-06-05,233.11036682128906,234.85651189111147,231.65524592977042,233.98343935620028,5602000
2015-06-08,233.11036682128906,234.56548771280774,230.4911492165555,232.81934264298533,3255000
2015-06-09,233.6924591064453,238.0578226015844,233.40143487343605,233.98348333945458,3626000
2015-06-10,234.85653686523438,238.057803166991,234.56551265598378,235.72960949298619,4813000
2015-06-11,234.85653686523438,236.8937063299886,233.4014158189814,235.4385852837356,4199000
2015-06-12,242.13214111328125,243.29623794555664,235.43858432769775,236.60268115997314,7263000
2015-06-15,238.05783081054688,244.1693399144851,237.18475808141284,243.2962671853511,5733000
2015-06-16,240.09495544433594,242.42314895167493,239.22188287908378,239.51290706750117,4161000
2015-06-17,247.0795440673828,247.37056826534203,240.3859875143206,241.84110850411673,9555000
2015-06-18,245.91543579101562,247.07953252848787,244.46031486917528,246.2064599753837,4858000
2015-06-22,252.60899353027344,253.7730902746526,247.37055818056731,247.37055818056731,8099000
2015-06-23,247.95265197753906,255.810306441616,247.95265197753906,254.64620948397499,6742000
2015-06-24,245.33340454101562,247.66159817841557,244.75135613166566,247.37057397374056,5255000
2015-06-25,251.7359161376953,251.7359161376953,245.6244083470692,245.6244083470692,5915000
2015-06-26,247.37060546875,250.8628963694853,245.62446001838234,249.11675091911764,6247000
2015-06-29,247.95265197753906,248.82572469576985,244.46036110461597,244.46036110461597,5090000
2015-06-30,245.6244354248047,247.95262912551374,245.04238699962744,247.95262912551374,4461000
2015-07-01,248.82569885253906,250.28081989846032,246.78852938824926,246.78852938824926,4018000
2015-07-02,245.04237365722656,248.53466401813716,245.04237365722656,247.0795430344244,4602000
2015-07-03,247.95265197753906,247.95265197753906,243.5872883863852,244.46036110461597,4670000
2015-07-06,243.87828063964844,247.0795468532954,243.87828063964844,245.04237744461096,3558000
2015-07-07,243.2962188720703,245.6244123540997,240.67700120478727,243.2962188720703,5591000
2015-07-08,234.56553649902344,241.55011823100432,232.81939106602826,241.25909399217178,11526000
2015-07-09,232.81935119628906,233.9834479522705,225.25272228240965,226.9988674163818,13737000
2015-07-10,232.81935119628906,232.81935119628906,232.81935119628906,232.81935119628906,0
2015-07-13,231.65528869628906,232.81938562441113,227.58094944786188,227.58094944786188,8025000
2015-07-14,226.41683959960938,232.81937233892992,226.41683959960935,230.49117861554063,12023000
2015-07-15,230.11842346191406,232.89465109081115,229.50148398882584,231.66077214463468,9487000
2015-07-16,227.65065002441406,231.66075632565716,225.79983173153266,230.73534717921643,6949000
2015-07-17,225.1829071044922,227.9591347263284,223.64055842569428,227.6506649905688,6786000
2015-07-20,213.76956176757812,226.10835321159416,207.2916962594697,225.49141363939336,15727000
2015-07-21,220.2473907470703,220.2473907470703,211.30176843381395,211.30176843381395,7202000
2015-07-22,216.23727416992188,218.39656221441467,214.69492556671273,216.5457438905637,5943000
2015-07-23,210.99330139160156,217.47116590801036,208.83401321946528,216.23728695250392,8501000
2015-07-24,201.12228393554688,210.99331627594182,201.12228393554688,209.75943723339245,11124000
2015-07-27,195.87826538085938,205.74929607721765,195.87826538085938,201.12225043829972,9601000
2015-07-28,198.34603881835938,202.3561453574553,197.42062961702956,197.42062961702956,7958000
2015-07-29,198.96298217773438,202.97308879527012,198.03757295830306,198.65451243792393,6259000
2015-07-30,201.7392120361328,205.44084895422696,200.50533306343473,204.2069699815289,8012000
2015-07-31,204.82386779785156,204.82386779785156,198.65447418948253,201.73917099366705,7007000
2015-08-03,184.4648895263672,184.4648895263672,184.4648895263672,184.4648895263672,5047000
2015-08-04,172.7430419921875,177.06161804199218,169.0414053780692,169.65834481375558,27160000
2015-08-05,166.5736541748047,177.37009472317163,165.3397752549913,177.37009472317163,16836000
2015-08-06,169.6583709716797,171.50918956409802,165.64826402143999,169.6583709716797,9617000
2015-08-07,171.50918579101562,174.28541361856804,164.72285110144307,168.42448820484628,9735000
2015-08-10,177.67857360839844,179.83786182933386,169.6583602163527,173.05152742067975,10242000
2015-08-11,175.2108154296875,183.53949855750716,175.2108154296875,182.61408932108276,8900000
2015-08-12,172.7430419921875,176.75314832414898,170.27528424944194,175.8277391706194,11023000
2015-08-13,172.43460083007812,174.5938892125657,170.89225198544415,172.74307059900494,8400000
2015-08-14,166.5736541748047,172.74304877387152,163.48895687527124,172.74304877387152,13702000
2015-08-17,163.48895263671875,165.3397709684552,162.25507374889446,165.3397709684552,7410000
2015-08-18,164.72283935546875,167.49906698505532,164.41436961884804,164.72283935546875,4985000
2015-08-19,161.02120971679688,165.03131647219604,161.02120971679688,163.79743747053476,6486000
2015-08-20,160.40426635742188,162.2550848153921,156.70262944148135,160.40426635742188,14019000
2015-08-21,156.70265197753906,158.55347070168324,155.46877282810962,157.01112176489642,12153000
2015-08-24,141.27914428710938,154.2348736758836,141.27914428710938,154.2348736758836,13145000
2015-08-25,144.98077392578125,148.06547124335106,140.04525821766956,140.66219768118353,18114000
2015-08-26,141.58761596679688,144.36384373085173,140.04526720898863,143.7469042277284,16231000
2015-08-27,141.89608764648438,146.831603738536,140.66220862347146,145.28925495976986,19428000
2015-08-28,156.08567810058594,156.08567810058594,148.68240483099294,149.91628370925844,20465000
2015-08-31,154.851806640625,157.93650398406373,152.0755790315301,157.319564515376,13268000
2015-09-01,151.15017700195312,153.92640474280532,147.75700976313377,153.30946524483818,9367000
2015-09-02,149.9163055419922,151.150184599951,148.3739567195437,149.6078357775025,8877000
2015-09-03,149.29934692382812,153.0009836244189,148.68240747372965,149.91628637392657,6643000
2015-09-04,149.29934692382812,156.7026203250097,149.29934692382812,149.29934692382812,13824000
2015-09-07,152.07559204101562,153.30947108394477,149.29936419442507,149.29936419442507,7237000
2015-09-08,157.319580078125,158.86192890242035,154.2348824295343,154.2348824295343,11779000
2015-09-09,172.7430419921875,173.05151171003067,160.4042532784598,161.0211927141462,15555000
2015-09-10,168.42446899414062,170.89222678160056,166.57365065354566,169.34987816443808,10355000
2015-09-11,170.89222717285156,174.90233358665495,168.4244693797418,168.4244693797418,9878000
2015-09-14,170.89222717285156,174.59386386251623,169.6583482762967,174.2853941383775,4999000
2015-09-15,167.19061279296875,170.89224997657692,166.5736732623674,170.27531044597558,4268000
2015-09-16,170.27528381347656,170.58375353052998,167.80752607704937,169.96681409642318,6371000
2015-09-17,170.89222717285156,174.90233358665495,170.89222717285156,173.66845469010008,6692000
2015-09-18,171.81764221191406,173.05152115059929,170.8922330079002,172.74305141592797,5487000
2015-09-21,162.56356811523438,169.6583727957854,161.94662857779514,169.6583727957854,13017000
2015-09-22,160.40426635742188,161.94661507239707,157.93650841346152,160.40426635742188,12116000
2015-09-23,154.851806640625,157.62803424971986,153.00098823456173,157.319564515376,13089000
2015-09-24,145.5977325439453,156.0857048034668,145.5977325439453,154.85182571411133,20145000
2015-09-25,146.2146453857422,148.68240311377158,144.05535737371648,144.67229680572382,11612000
2015-09-29,146.2146453857422,146.2146453857422,146.2146453857422,146.2146453857422,0
2015-09-30,150.22476196289062,151.4586409112511,142.2045487985474,142.5130185356375,15034000
2015-10-01,154.54331970214844,156.08566820216987,152.07556210211413,153.000971202127,10776000
2015-10-02,153.92642211914062,155.46877103817008,152.69254298391704,154.5433616867524,7712000
2015-10-05,149.9163055419922,154.23488224484794,149.29936601301281,153.92641248035824,11290000
2015-10-06,151.15017700195312,153.61793499382176,150.533237503986,152.38405599788743,11247000
2015-10-07,159.17037963867188,159.17037963867188,151.76710616710574,152.6925153510515,15450000
2015-10-08,163.7974090576172,165.3397575421522,161.6381211792682,163.1804696638032,16673000
2015-10-12,164.4143829345703,167.4990805506035,162.8720341265537,165.95673174258692,9383000
2015-10-13,170.89222717285156,171.2006968969903,165.03130241421587,166.5736510349095,15168000
2015-10-14,168.1160125732422,170.89224030380947,167.49907307756055,170.89224030380947,7220000
2015-10-15,170.27528381347656,170.8922232475834,167.499056359996,169.34987466231638,7383000
2015-10-16,170.27528381347656,170.58375353052998,167.80752607704937,170.58375353052998,8034000
2015-10-19,169.04141235351562,171.8176399286646,168.11600316179928,171.5091701980925,4797000
2015-10-20,169.6583709716797,170.58378026788884,168.1160221446644,170.2753105024858,5026000
2015-10-21,163.1804962158203,169.966830652017,162.25508697452076,169.65836090491715,10932000
2015-10-22,164.72283935546875,166.57365777519314,161.02120251602003,161.02120251602003,9351000
2015-10-23,164.72283935546875,168.11600645829677,164.1058998822273,168.11600645829677,8189000
2015-10-26,167.49905395507812,168.11599338032704,165.33976596670695,165.95670539195586,5593000
2015-10-27,163.1804962158203,165.6482541926191,162.5635567216206,165.0313146984194,7108000
2015-10-28,157.93650817871094,163.1804938018322,155.46875023841858,162.25508457422256,16425000
2015-10-29,156.08567810058594,159.78731473538244,155.77720838101956,159.78731473538244,6685000
2015-10-30,157.01107788085938,159.4788354899888,153.9263808694476,155.4687293751535,7042000
2015-11-02,166.5736541748047,167.19059363471135,160.09578984578448,160.09578984578448,18087000
2015-11-03,170.27528381347656,172.12610211579698,168.73293522820958,169.65834437936977,17449000
2015-11-04,186.6241912841797,187.24113075949927,173.35999256480824,174.59387151544743,29579000
2015-11-05,183.23104858398438,189.40044415920272,182.30563924770163,189.40044415920272,10867000
2015-11-06,177.67857360839844,183.23102903366092,177.67857360839844,183.23102903366092,14429000
2015-11-09,176.44467163085938,180.76324750993638,175.21079280826598,177.6785504534528,8403000
2015-11-10,176.13621520996094,180.45479141475857,174.28539683647622,174.28539683647622,10261000
2015-11-11,169.6583709716797,177.6785848721591,169.0414314408736,176.13623604514382,10949000
2015-11-12,167.80755615234375,171.50919342041016,163.4889793395996,169.65837478637695,8857000
2015-11-13,163.7974090576172,171.20068178338522,163.4889393607102,167.4990454205012,9976000
2015-11-16,166.8821258544922,168.11600478872134,161.9466101175756,163.48895878536203,7832000
2015-11-17,163.7974090576172,169.3498636019432,163.4889393607102,169.04139390503622,9165000
2015-11-18,159.17037963867188,163.48895583041877,158.55344018270802,162.25507691849108,9502000
2015-11-19,163.48895263671875,163.48895263671875,157.93649764150945,159.17037652933374,8340000
2015-11-20,161.3296661376953,163.18048448726736,160.4042569629093,161.638135862624,4671000
2015-11-23,169.6583709716797,169.6583709716797,160.40427800958807,162.8720361328125,13187000
2015-11-24,165.33978271484375,171.81764733613426,165.03131297097278,170.2752986167794,10319000
2015-11-25,161.9466094970703,169.04141334170387,161.9466094970703,167.19059494745161,9412000
2015-11-26,169.04141235351562,169.04141235351562,163.79742693378978,165.33977558665032,10174000
2015-11-27,164.72283935546875,168.73294593153824,164.41436961884804,168.4244761949175,5556000
2015-11-30,160.71273803710938,163.1804960108078,158.55344981012325,162.25508677067089,12016000
2015-12-01,161.02120971679688,162.8720282192888,157.9365122126437,161.02120971679688,13792000
2015-12-02,165.9567108154297,167.19058970625073,161.9466044202613,162.25507414296658,11601000
2015-12-03,169.04141235351562,169.65835181465985,164.41436639493398,164.7228361255061,9698000
2015-12-04,165.9567108154297,167.19058970625073,164.72283192460864,166.5736502608402,5555000
2015-12-07,169.6583709716797,169.6583709716797,167.19061284845526,167.49908261385832,7250000
2015-12-08,166.5736541748047,169.6583514743381,165.956714714898,169.04141201443142,6731000
2015-12-09,162.87200927734375,167.4990549954501,162.87200927734375,166.88211556636927,5235000
2015-12-10,160.40426635742188,162.2550848153921,159.47885712843674,160.40426635742188,6552000
2015-12-11,158.86192321777344,162.87203001744538,158.86192321777344,161.02121149451986,5445000
2015-12-14,157.319580078125,160.4042777267157,156.08570101868872,159.78733819699755,5006000
2015-12-15,159.7873077392578,161.63812597561986,157.6280197968354,157.6280197968354,6203000
2015-12-16,156.08567810058594,158.55343585711694,154.2348597831877,157.31955697885144,9756000
2015-12-17,159.7873077392578,160.71271685743883,156.39414097259402,157.01108038471472,5357000
2015-12-18,159.7873077392578,160.40424715137848,157.93648950289574,159.47883803319746,5487000
2015-12-21,156.70265197753906,158.24500091432586,156.08571240282433,156.70265197753906,6898000
2015-12-22,160.71273803710938,165.0313144910816,159.17038930354786,159.17038930354786,8666000
2015-12-23,158.55345153808594,161.94661878890102,158.55345153808594,160.7127397886046,4871000
2015-12-24,157.01107788085938,160.7127142945535,157.01107788085938,159.78730519112997,3300000
2015-12-25,158.24497985839844,158.5534496047111,157.01110087314774,157.01110087314774,1982000
2015-12-28,160.09579467773438,161.02120389552476,158.86191572068054,159.17038545994401,2633000
2015-12-29,154.23489379882812,157.93653125,153.0010146484375,157.93653125,14275000
2015-12-30,153.30946350097656,154.85181222835058,152.07558451907735,154.23487273740096,7914000
2015-12-31,154.23489379882812,154.85183337402344,153.6179542236328,154.23489379882812,3131000
2016-01-04,151.15017700195312,155.46875348772323,151.15017700195312,154.85181398975607,5380000
2016-01-05,149.60781860351562,152.38404616523036,149.29934887443622,151.1501672489127,4972000
2016-01-06,140.04527282714844,149.60783550917841,135.72669613203814,149.29936574524194,18427000
2016-01-07,127.08954620361328,139.42833709716797,126.47260665893555,139.1198673248291,21198000
2016-01-08,131.716552734375,133.87584048411887,124.62175012807378,124.62175012807378,15233000
2016-01-11,128.94033813476562,129.86574726013475,125.54717134174548,128.94033813476562,10884000
2016-01-12,127.39799499511719,130.48269221049532,125.23870694435249,129.5572830458819,9085000
2016-01-13,127.39799499511719,129.86575276741968,125.85564638742811,129.5572830458819,10201000
2016-01-14,128.32342529296875,128.32342529296875,120.61168098449707,124.31331825256348,14169000
2016-01-15,126.47259521484375,130.791171636814,123.6963675150057,129.5572926591082,10837000
2016-01-18,129.55728149414062,130.48269064767018,123.38788713727678,124.00482657296315,7459000
2016-01-19,133.5673828125,136.65207987514435,128.9403372185335,129.55727663106236,10276000
2016-01-20,129.55728149414062,132.95044839041572,129.55728149414062,132.95044839041572,7039000
2016-01-21,129.55728149414062,132.02503923688616,129.24881177629743,131.40809980119977,5090000
2016-01-22,130.79116821289062,132.95045636734872,130.48269847653947,131.7165774219441,4294000
2016-01-25,132.33349609375,133.8758445330711,132.0250264058858,133.25890515734267,3714000
2016-01-26,128.94033813476562,130.79115638550388,128.0149290093965,130.17421696859114,5465000
2016-01-27,130.17422485351562,131.0996340349387,129.55728539923356,130.17422485351562,2168000
2016-01-28,128.32342529296875,130.48271369934082,128.01495552062988,128.32342529296875,7225000
2016-01-29,132.0250701904297,132.6420097707588,124.3133254363158,127.39802333796135,13216000
2016-02-01,129.55728149414062,133.5673878261021,129.24881177629743,133.5673878261021,8530000
2016-02-02,130.79116821289062,132.02504715829525,119.37778796789782,119.68625770424897,19680000
2016-02-03,123.38790130615234,128.63188711166381,123.38790130615234,127.39800809860229,15159000
2016-02-15,126.78106689453125,128.32341564020683,124.93024839972058,125.2387181488557,9801000
2016-02-16,130.4827117919922,131.4081210954815,127.70648388152426,128.63189318501358,10065000
2016-02-17,129.55728149414062,132.64197867257252,129.55728149414062,131.71656951904296,6717000
2016-02-18,135.7266845703125,135.7266845703125,131.40810824307528,132.0250477183949,10812000
2016-02-19,136.03515625,137.57750496031744,134.49280753968253,136.96056547619045,5433000
2016-02-22,141.27914428710938,142.20455352916468,136.65209807683286,137.2690375715364,10789000
2016-02-23,142.5130157470703,143.12995520917883,140.66219736074473,142.82148547812457,8271000
2016-02-24,140.04527282714844,141.89609141076716,139.42833329927555,141.89609141076716,5317000
2016-02-25,144.6723175048828,144.98078726502115,141.27915014336105,141.89608966363772,7704000
2016-02-26,145.5977325439453,146.5231418609619,143.43844413757324,144.36385345458984,5875000
2016-03-01,143.43844604492188,144.67232515068463,142.2045669391591,144.05538559780325,4833000
2016-03-02,144.36383056640625,145.5977094601362,144.05536084297376,145.2892397367037,4584000
2016-03-03,148.06546020507812,149.9162784576416,145.90617224375407,145.90617224375407,8696000
2016-03-04,148.06546020507812,148.6823996225993,146.52311166127524,148.6823996225993,3814000
2016-03-07,144.98077392578125,149.91628963389294,144.36383446226728,149.299350170379,4541000
2016-03-08,144.98077392578125,147.14006204808013,142.5130160717254,145.59771338929522,4585000
2016-03-09,147.14007568359375,147.14007568359375,141.89608975776338,143.74690831982116,5789000
2016-03-10,143.43844604492188,147.44855313865085,143.43844604492188,147.14008336221016,5187000
2016-03-11,148.6824188232422,149.29935832043407,144.36384234289906,144.672312091495,7326000
2016-03-14,160.40426635742188,162.2550848153921,151.1501740675706,151.1501740675706,17164000
2016-03-15,153.00099182128906,163.48896303484514,152.3840523381387,162.25508406854445,13512000
2016-03-16,155.77723693847656,157.62805559517133,154.2348880578976,154.5433578340134,6006000
2016-03-17,155.77723693847656,160.4042835802135,155.46876716236076,159.1704044757503,10104000
2016-03-18,159.17037963867188,159.17037963867188,156.08568235885267,156.7026218148165,7834000
2016-03-21,158.55345153808594,158.55345153808594,156.39416328756727,157.93651203793775,4711000
2016-03-22,153.00099182128906,158.2449774280671,150.22476414711244,158.2449774280671,7882000
2016-03-23,150.22476196289062,153.9263988079721,148.06547380325975,150.84170143707087,6204000
2016-03-24,151.76710510253906,152.6925142799936,149.60781702181188,150.22475647344822,4197000
2016-03-25,150.22476196289062,152.69251985961162,149.9162922258005,152.69251985961162,1801000
2016-03-28,148.06546020507812,150.53321787516276,146.83158137003582,150.22474816640218,3132000
2016-03-29,150.5332489013672,153.00100708007812,147.75702095031738,147.75702095031738,3917000
2016-03-30,153.92642211914062,155.46877103817008,151.76713363249937,152.38407320011115,8398000
2016-03-31,152.38406372070312,155.16029160225438,150.22477536838545,154.85182183763757,5994000
2016-04-01,148.6824188232422,150.53323731481782,147.44853982885846,149.29935832043407,5715000
2016-04-06,142.5130157470703,147.1400617128843,142.5130157470703,146.83159198183,8188000
2016-04-07,141.27914428710938,146.21466024473764,141.27914428710938,143.43843251857174,8538000
2016-04-08,141.58761596679688,142.82149497304346,140.66220671211192,140.66220671211192,5109000
2016-04-11,143.1299591064453,144.67230780371304,141.89608014863114,143.7468985853524,6181000
2016-04-12,136.96055603027344,144.36382932920714,136.65208630948453,143.74688988762932,6521000
2016-04-13,139.119873046875,140.66222197200665,138.19446369179602,138.81140326184868,6713000
2016-04-14,142.5130157470703,144.3638341333959,141.27913682285325,143.12995520917883,6587000
2016-04-15,144.36383056640625,145.2892397367037,143.43842139610877,143.74689111954126,5190000
2016-04-18,144.6723175048828,145.59772678529782,142.20455942377606,145.59772678529782,2732000
2016-04-19,143.43844604492188,146.83161358576947,143.12997626848116,146.2146740328881,3016000
2016-04-20,143.1299591064453,146.21465650098077,142.82148936699178,145.28924728262015,4671000
2016-04-21,144.36383056640625,145.5977094601362,142.82148194924378,144.36383056640625,3074000
2016-04-22,141.89608764648438,144.98078520401663,140.66220862347146,144.67231544826342,3506000
2016-04-25,140.6621856689453,142.20453419601708,138.1944280256305,141.89606449060273,3629000
2016-04-26,145.90618896484375,146.5231284530672,141.8960822913914,141.8960822913914,12542000
2016-04-27,149.29934692382812,151.76710472422198,144.67230104808965,146.2146496733358,11216000
2016-04-28,145.5977325439453,151.15018844604492,145.5977325439453,151.15018844604492,6520000
2016-04-29,141.89608764648438,144.36384569251018,141.58761789073114,144.36384569251018,5620000
2016-05-03,130.17422485351562,132.33351294350285,128.3234064906694,128.3234064906694,19708000
2016-05-04,124.31331634521484,130.17424192972868,123.38790704239686,129.5573023945167,17084000
2016-05-05,125.23870086669922,126.78104939954035,123.38788262728988,124.00482204042633,7907000
2016-05-06,118.45237731933594,124.0048325061798,118.45237731933594,123.69636277357736,24238000
2016-05-09,120.92013549804688,124.31330256559411,120.92013549804689,121.22860523146026,15365000
2016-05-10,125.85565185546875,125.85565185546875,121.5370755663105,122.77095450607001,9119000
2016-05-11,123.38790130615234,128.32341735839844,123.38790130615234,127.0895383453369,6334000
2016-05-12,123.38790130615234,125.23871982574462,123.38790130615234,123.69637105941771,3710000
2016-05-13,123.38790130615234,123.38790130615234,123.38790130615234,123.38790130615234,0
2016-05-16,124.31331634521484,129.2488326269107,124.31331634521484,128.9403628593047,10076000
2016-05-17,124.93023681640625,125.54717625747492,123.38788821373457,125.54717625747492,5011000
2016-05-18,125.54718017578125,125.85564990594288,123.69636179481151,124.00483152497313,4352000
2016-05-19,123.38790130615234,126.16412908554076,123.38790130615234,125.85565933227538,4027000
2016-05-20,124.62178039550781,125.5471896558705,123.38790138169091,124.3133106420536,4002000
2016-05-23,129.55728149414062,130.79116036551338,125.23870544433592,125.85564488002231,8679000
2016-05-24,128.94033813476562,131.40809580241665,128.32339871785288,130.79115638550388,5241000
2016-05-25,130.17422485351562,132.0250432163618,129.86575512637458,131.40810376207975,4675000
2016-05-26,132.0250701904297,133.2589493510879,130.48272123960692,131.71660040026512,7984000
2016-05-27,131.0996551513672,133.56741336598114,130.48271559771368,133.2589435891544,4495000
2016-05-30,133.5673828125,135.41820105008662,131.40809486864896,131.40809486864896,7906000
2016-05-31,135.7266845703125,138.8113819469105,134.49280561967328,136.6520937832919,17211000
2016-06-01,136.96055603027344,137.57749547185122,135.4182074263289,135.7266771471178,4852000
2016-06-02,132.64198303222656,139.11984731984694,132.33351330424463,138.811377591865,11610000
2016-06-03,135.1097412109375,135.1097412109375,133.25892283818493,133.25892283818493,5373000
2016-06-06,141.58761596679688,143.12996472460512,140.04526720898863,140.04526720898863,14843000
2016-06-07,143.7469024658203,146.21466044806616,142.51302347469738,145.5977209525047,12230000
2016-06-08,141.89608764648438,145.28925495976986,140.66220862347146,144.98078520401663,12407000
2016-06-13,135.7266845703125,140.04526089754972,135.7266845703125,139.1198516845703,11112000
2016-06-14,138.81137084960938,140.0452497016059,134.80126458062065,135.72667371961805,11772000
2016-06-15,142.20452880859375,143.12993788977764,138.8113621775861,138.8113621775861,9223000
2016-06-16,139.4283447265625,142.51304261874307,139.4283447265625,142.51304261874307,6747000
2016-06-17,140.04527282714844,141.27915188289424,139.736803063212,140.66221235502135,7338000
2016-06-20,140.35372924804688,141.58760818649122,139.7367897788247,141.58760818649122,4113000
2016-06-21,141.58761596679688,142.82149497304346,140.35373696055026,140.97067646367358,6910000
2016-06-22,141.27914428710938,143.12996277121997,140.9706745397576,143.12996277121997,4715000
2016-06-23,140.6621856689453,141.58759478518837,140.0452462581166,141.27912507977402,2393000
2016-06-24,137.88597106933594,141.27913814263056,134.49280399604132,140.97066840869468,9056000
2016-06-27,139.73680114746094,141.27914994599803,136.96057331009416,137.88598258921644,4496000
2016-06-28,141.27914428710938,141.27914428710938,136.65209807683286,137.88597706623995,6877000
2016-06-29,146.52313232421875,148.99089034231085,141.279146535773,141.89608604029604,15035000
2016-06-30,150.5332489013672,150.84171867370605,148.06549072265625,149.6078395843506,19654000
2016-07-01,151.15017700195312,152.692525746871,149.91629800601882,152.07558624890387,14239000
2016-07-04,157.6280517578125,158.55346106363135,151.45865638568677,151.45865638568677,16697000
2016-07-05,151.15017700195312,156.70263248365754,151.15017700195312,156.70263248365754,10917000
2016-07-06,146.2146453857422,149.29934254577896,146.2146453857422,148.06546368176424,10624000
2016-07-07,146.8316192626953,148.99090778126435,146.5231494743283,147.75702862779633,5129000
2016-07-08,146.8316192626953,146.8316192626953,146.8316192626953,146.8316192626953,0
2016-07-11,152.38406372070312,152.69253348531993,150.53324513300225,152.38406372070312,9885000
2016-07-12,153.00099182128906,154.54334052916494,152.69252207971388,153.6179313044394,8562000
2016-07-13,152.38406372070312,154.23488230840397,151.4586544268527,154.23488230840397,6293000
2016-07-14,151.76710510253906,152.6925142799936,151.15016565090272,152.6925142799936,12779000
2016-07-15,154.6732940673828,154.9962028232646,152.4129327762102,153.05875028797382,13661000
2016-07-18,154.99620056152344,155.96492681503295,154.0274743080139,155.31910931269326,5036000
2016-07-19,154.99620056152344,155.6420180638631,153.70456555684407,155.6420180638631,4953000
2016-07-20,153.70458984375,154.35040744813548,152.41295463497897,154.35040744813548,7431000
2016-07-21,152.0900421142578,155.3191300572357,151.44422452566224,154.67331246864012,8344000
2016-07-22,152.41293334960938,153.70456837799588,151.76711583541612,153.38165962089926,5202000
2016-07-25,152.41293334960938,154.0274771350925,151.4442070783195,153.70456837799588,3316000
2016-07-26,155.6420135498047,155.6420135498047,151.12129116454065,152.09001738995437,8590000
2016-07-27,154.99620056152344,158.8711055755615,154.35038305918374,158.8711055755615,14289000
2016-07-28,157.57949829101562,157.57949829101562,153.7045925953349,154.99622782722847,6107000
2016-07-29,157.25656127929688,158.87110502959766,156.2878350291164,158.22528752947736,6177000
2016-08-01,160.8085479736328,161.13145670450356,157.25655193405458,158.54818685753756,7985000
2016-08-02,161.4543914794922,162.10020904541017,159.5169387817383,161.13148269653323,8737000
2016-08-03,160.8085479736328,160.8085479736328,158.54818685753756,158.8710955884083,5517000
2016-08-04,156.61074829101562,162.10019720018525,154.6732957348381,162.10019720018525,14502000
2016-08-05,160.8085479736328,160.8085479736328,156.61073447231308,156.61073447231308,8164000
2016-08-08,160.48565673828125,162.10020056864624,160.16274797220825,162.10020056864624,5768000
2016-08-09,161.4543914794922,161.4543914794922,160.16275634765626,161.13148269653323,3950000
2016-08-10,161.4543914794922,162.10020904541017,160.48566513061525,162.10020904541017,3066000
2016-08-11,160.48565673828125,161.77729180257325,158.22529537577026,161.77729180257325,3896000
2016-08-12,160.8085479736328,162.10018289711581,159.83982178102056,161.4543654353743,2999000
2016-08-15,160.8085479736328,161.77727416624506,159.83982178102056,161.4543654353743,2509000
2016-08-16,161.13150024414062,161.13150024414062,158.54822969914437,161.13150024414062,3809000
2016-08-17,161.77725219726562,163.71470431938855,160.80852613620414,161.13143482322462,8736000
2016-08-18,161.4543914794922,162.74602661132815,160.80857391357424,162.10020904541017,3773000
2016-08-19,158.2252960205078,161.45438369439572,158.2252960205078,161.45438369439572,5360000
2016-08-22,156.93365478515625,160.16274233217592,156.28783727575234,158.22528980396413,5158000
2016-08-23,157.57949829101562,158.5482247149358,156.61077186709545,156.61077186709545,3854000
2016-08-24,155.6420135498047,158.54819222604584,155.6420135498047,157.57946600063212,3420000
2016-08-25,156.93365478515625,157.5794722945602,155.96492852105035,156.28783727575234,4837000
2016-08-26,157.25656127929688,158.22528752947736,156.2878350291164,157.90237877941718,3444000
2016-08-29,157.9023895263672,158.5482070704423,156.28784566617938,158.22529829840474,4245000
2016-08-30,161.13150024414062,161.13150024414062,158.54822969914437,159.19404733539344,4230000
2016-08-31,161.4543914794922,162.10020904541017,159.83984756469727,161.13148269653323,6161000
2016-09-01,161.77725219726562,162.74597825832709,160.48561744918365,162.74597825832709,5590000
2016-09-02,158.2252960205078,162.1002012291733,158.2252960205078,161.45438369439572,4130000
2016-09-05,165.65220642089844,165.97511520534465,161.4543922230979,161.4543922230979,12917000
2016-09-06,163.7147216796875,165.65217400725777,163.06890423716408,165.65217400725777,6943000
2016-09-07,164.03765869140625,168.23547279177689,163.71474991445467,164.6834762453094,8711000
2016-09-08,162.10020446777344,163.71474833697437,161.77729569393324,161.77729569393324,7615000
2016-09-09,158.2252960205078,159.51693109006297,156.93366095095263,159.1940223226742,7954000
2016-09-12,154.02749633789062,154.99622272995285,153.05876994582843,154.3504051352447,5499000
2016-09-13,154.6732940673828,155.64202033502823,153.05875028797382,154.9962028232646,4518000
2016-09-14,154.99620056152344,157.57947057088214,154.35038305918374,154.35038305918374,6876000
2016-09-19,156.28781127929688,156.93362868127744,154.67326777434545,154.67326777434545,8097000
2016-09-20,158.54820251464844,160.16274632844323,157.2565674636126,158.2252937518895,9510000
2016-09-21,158.87110900878906,160.48565279952876,158.22529149249317,159.51692652508495,6637000
2016-09-22,158.54820251464844,160.4856550912022,157.90238498913052,160.16274632844323,4019000
2016-09-23,159.1940155029297,159.5169242564853,158.22528924226276,158.5481979958184,3347000
2016-09-26,157.57949829101562,158.2253159069624,157.25658948304223,157.90240709898902,4076000
2016-09-27,157.57949829101562,157.57949829101562,157.57949829101562,157.57949829101562,0
2016-09-28,157.57949829101562,157.57949829101562,157.57949829101562,157.57949829101562,0
2016-09-29,158.2252960205078,158.2252960205078,156.93366095095263,156.93366095095263,6015000
2016-09-30,155.31910705566406,155.96492454861902,153.70456332327672,153.70456332327672,6825000
2016-10-03,155.6420135498047,156.93364851702296,154.99619606619552,155.6420135498047,4515000
2016-10-04,156.93365478515625,157.90238104926217,155.6420197663484,156.93365478515625,5241000
2016-10-05,159.51695251464844,160.16277013616525,155.96495559630608,155.96495559630608,6979000
2016-10-06,157.25656127929688,157.57947002935703,155.96492627905624,156.93365252923672,11331000
2016-10-07,155.6420135498047,156.6107397752184,154.3503785825864,156.28783103341382,5810000
2016-10-11,155.6420135498047,156.93364851702296,154.3503785825864,156.93364851702296,5989000
2016-10-12,154.99620056152344,155.31910931269326,153.38165680567423,154.99620056152344,5399000
2016-10-13,153.3816680908203,154.6733031905325,153.05875931589227,154.35039441560443,6782000
2016-10-14,152.73583984375,153.70456610068712,151.7671135868129,152.73583984375,6505000
2016-10-17,155.6420135498047,155.96492229160924,152.7358348735635,152.7358348735635,5843000
2016-10-18,154.99620056152344,156.28783556620277,153.70456555684407,156.28783556620277,3835000
2016-10-19,153.70458984375,155.6420426569065,153.70458984375,154.996225052521,3336000
2016-10-20,152.41293334960938,154.99620340638242,152.41293334960938,153.05875086380263,3790000
2016-10-21,152.0900421142578,154.02749488004454,152.0900421142578,152.41295090855562,4276000
2016-10-24,153.70458984375,154.35040744813548,152.73586343717173,153.0587722393645,3235000
2016-10-25,156.93365478515625,158.22528980396413,155.6420197663484,158.22528980396413,5873000
2016-10-26,155.31910705566406,156.61074204157396,154.9961983091866,156.61074204157396,2860000
2016-10-27,154.35037231445312,156.28782468660108,154.0274635857618,155.3190985005271,2098000
2016-10-28,153.3816680908203,154.35039441560443,152.4129417660362,154.35039441560443,3400000
2016-10-31,154.99620056152344,155.6420180638631,153.05874805450438,153.05874805450438,4409000
2016-11-01,153.3816680908203,154.6733031905325,153.05875931589227,154.0274856406764,2866000
2016-11-02,152.73583984375,153.70456610068712,152.41293109143763,152.73583984375,2761000
2016-11-03,152.73583984375,153.70456610068712,152.41293109143763,153.38165734837474,2720000
2016-11-04,145.9547882080078,152.4129646773887,144.98606173760066,151.7671470304506,10539000
2016-11-07,149.183837890625,149.829655370671,146.92347671046403,147.24638545048703,3873000
2016-11-08,147.2463836669922,147.89220113921584,145.95474872254488,147.89220113921584,4212000
2016-11-09,142.4027862548828,149.18387131463913,140.78824219303607,149.18387131463913,6929000
2016-11-10,143.37147521972656,146.60056249945015,143.04856649175423,145.3089275875607,5381000
2016-11-11,138.85076904296875,140.14240410383357,135.94459015602288,139.49658657340115,12770000
2016-11-14,141.1111297607422,141.7569472882513,137.55913335944206,140.14240346947852,6339000
2016-11-15,139.49656677246094,140.46529293060303,138.85074933369953,138.85074933369953,5243000
2016-11-16,139.49656677246094,141.43401908874512,137.88202317555744,141.1111103693644,5163000
2016-11-17,143.04855346679688,143.37146216536752,139.81946648109042,140.14237517966106,4248000
2016-11-18,146.60057067871094,146.60057067871094,141.75693948888568,142.07984823487402,4897000
2016-11-21,144.01730346679688,146.92348223630623,144.01730346679688,146.92348223630623,3170000
2016-11-22,147.5692901611328,148.21510762354478,144.663111580279,145.30892904269095,6288000
2016-11-23,145.9547882080078,148.2151499722911,145.63187938453876,148.2151499722911,2849000
2016-11-24,143.37147521972656,145.3089275875607,143.37147521972656,144.98601885958837,3901000
2016-11-25,143.04855346679688,144.66309695965012,143.04855346679688,143.37146216536752,1956000
2016-11-28,144.3402099609375,145.63184494940228,143.04857497247272,143.37148371958892,3605000
2016-11-29,143.04855346679688,144.34018826107948,142.07982737108495,144.34018826107948,4482000
2016-11-30,143.04855346679688,145.95473175393272,143.04855346679688,144.66309695965012,8583000
2016-12-01,144.98605346679688,144.98605346679688,143.0486006365056,144.01732705165122,3836000
2016-12-02,145.30892944335938,145.95474690755208,143.37147705078127,144.66311197916667,4089000
2016-12-05,144.3402099609375,145.95475369651845,144.0173012138213,145.95475369651845,3164000
2016-12-06,145.9547882080078,147.24642350188398,145.3089705610697,145.9547882080078,4680000
2016-12-07,145.30892944335938,147.2463818359375,144.66311197916667,147.2463818359375,4604000
2016-12-08,148.53805541992188,148.53805541992188,145.6318760747495,145.95478489087975,7409000
2016-12-09,148.8609161376953,149.18382484949075,147.24637257871814,148.53800742589988,5121000
2016-12-12,148.21511840820312,150.4754796911169,147.89220965350117,149.82966218171296,4420000
2016-12-13,147.5692901611328,148.21510762354478,146.92347269872084,147.8921988923388,4146000
2016-12-14,145.30892944335938,148.53801676432292,144.34020324707032,148.21510803222657,7586000
2016-12-15,147.2463836669922,147.56929240310401,144.01729630587394,144.98602251420942,4676000
2016-12-16,145.9547882080078,147.89224114882208,145.9547882080078,146.60060585494588,4197000
2016-12-19,144.6631317138672,145.95476681845528,144.34022293772014,145.95476681845528,2637000
2016-12-20,141.75694274902344,143.3714865160966,138.85076396829174,143.3714865160966,8875000
2016-12-21,139.81948852539062,142.72566727072206,139.81948852539062,141.75694102227826,4953000
2016-12-22,140.14239501953125,141.11112125238515,139.49657753096199,139.81948627524662,4232000
2016-12-23,139.81948852539062,140.78821477383443,139.49657977590934,140.14239727487188,4036000
2016-12-26,139.49656677246094,139.81947549184162,138.20493189493814,138.20493189493814,3081000
2016-12-27,140.78823852539062,141.11114732934794,139.17369450560403,139.49660330956135,2065000
2016-12-28,141.1111297607422,141.7569472882513,139.81949470572397,140.78822099698763,2979000
2016-12-29,139.81948852539062,141.1111235233157,139.49657977590934,140.78821477383443,3600000
2016-12-30,139.81948852539062,141.43403227279697,139.81948852539062,141.1111235233157,3796000
2017-01-03,140.78823852539062,140.78823852539062,139.81951211351867,140.4653297214333,3403000
2017-01-04,139.49656677246094,141.1111103693644,139.17365805308023,140.7882016499837,3332000
2017-01-05,140.78823852539062,140.78823852539062,139.17369450560403,139.17369450560403,3647000
2017-01-06,142.079833984375,143.3714688387784,140.7881991299716,141.11110784357246,4246000
2017-01-09,140.14239501953125,142.72566497380834,140.14239501953125,142.4027562295237,2441000
2017-01-10,138.52784729003906,140.78820843463177,138.20493855509724,140.14239096474813,3954000
2017-01-11,139.17367553710938,139.49658429705627,137.55913173737494,138.5278580172156,3967000
2017-01-12,140.14239501953125,140.46530376381588,138.85076004239272,139.49657753096199,2714000
2017-01-13,138.85076904296875,138.85076904296875,137.2362252168877,137.2362252168877,3723000
2017-01-16,135.94456481933594,137.23619963947215,135.62165611430189,136.59038222940404,4837000
2017-01-17,137.8820343017578,137.8820343017578,135.94458182913357,136.26749057457096,3230000
2017-01-18,136.5904083251953,137.88204339210023,136.26749955846907,137.55913462537399,4684000
2017-01-19,137.55914306640625,137.55914306640625,136.59041670678369,136.91332549332452,3823000
2017-01-20,136.5904083251953,137.55913462537399,136.26749955846907,137.23622585864777,3661000
2017-01-23,138.52784729003906,138.85075602498088,137.23621235027178,137.5591210852136,3686000
2017-01-24,137.8820343017578,138.85076053806992,137.23621681088306,137.23621681088306,5771000
2017-02-02,132.06968688964844,134.0071395090565,131.10096057994443,132.06968688964844,17460000
2017-02-03,133.68423461914062,134.97586973623376,132.3925995020475,132.3925995020475,7663000
2017-02-06,136.91331481933594,138.20494986480136,133.03840968293963,134.33004472840506,9082000
2017-02-07,140.78823852539062,140.78823852539062,135.62169766207356,136.91333287790283,8804000
2017-02-08,137.8820343017578,140.14239551981942,137.55912555632042,138.20494304719517,8490000
2017-02-09,138.85076904296875,139.17367780818495,137.88204274732013,138.85076904296875,4841000
2017-02-10,139.17367553710938,140.46531057689694,138.85076677716248,140.14240181695004,6355000
2017-02-13,140.14239501953125,140.78821250810051,139.17366878667735,140.14239501953125,5549000
2017-02-14,140.14239501953125,140.46530376381588,138.85076004239272,138.85076004239272,4604000
2017-02-15,139.81948852539062,140.78821477383443,139.17367102642808,140.14239727487188,5806000
2017-02-16,140.14239501953125,140.78821250810051,139.49657753096199,140.78821250810051,5237000
2017-02-17,145.30892944335938,146.6005643717448,140.46529846191407,140.46529846191407,15689000
2017-02-20,144.98605346679688,146.60059749203958,144.66314466174833,146.60059749203958,4617000
2017-02-21,145.63185119628906,148.5380300449955,145.30894243532168,145.63185119628906,6929000
2017-02-22,145.63185119628906,147.56930376209337,145.30894243532168,147.24639500112596,4512000
2017-02-23,144.98605346679688,146.27768868699104,144.34023585669976,145.9547798819425,5733000
2017-02-24,144.6631317138672,145.63185804230827,144.01731416157313,145.30894926616122,7611000
2017-03-01,145.30892944335938,147.2463818359375,144.66311197916667,145.95474690755208,7513000
2017-03-02,144.3402099609375,146.92347993786703,143.69439246670512,146.60057119075083,7700000
2017-03-03,141.75694274902344,144.3402127763405,141.1111252421942,144.01730402292586,7710000
2017-03-06,140.78823852539062,141.43405613330526,139.49660330956135,140.78823852539062,5254000
2017-03-07,140.78823852539062,140.78823852539062,139.49660330956135,139.49660330956135,4281000
2017-03-08,143.37147521972656,144.663110131616,140.78820539594773,140.78820539594773,8795000
2017-03-09,140.78823852539062,143.37150895704917,140.78823852539062,143.37150895704917,4509000
2017-03-10,143.37147521972656,144.01729267567129,139.49657048405828,141.43402285189242,5633000
2017-03-13,143.6943817138672,145.30892532862975,142.40274682205714,145.30892532862975,5828000
2017-03-14,144.01730346679688,144.6631209711323,142.72566845812605,144.01730346679688,5670000
2017-03-15,143.04855346679688,144.01727956250883,142.07982737108495,144.01727956250883,4497000
2017-03-16,144.98605346679688,145.9547798819425,143.69441824660268,144.01732705165122,5465000
2017-03-17,145.63185119628906,145.95475995725644,144.66312491338692,145.30894243532168,5994000
2017-03-20,145.9547882080078,145.9547882080078,144.66315291413162,145.3089705610697,4087000
2017-03-21,148.53805541992188,149.5067818683127,146.27769370701003,146.60060252314028,11710000
2017-03-22,146.92347717285156,147.2463859138908,145.3089334676554,146.60056843181235,4936000
2017-03-23,144.6631317138672,146.92349314689636,144.34022293772014,146.2776755946023,5857000
2017-03-24,144.01730346679688,144.34021221896458,143.37148596246146,143.37148596246146,3290000
2017-03-27,144.6631317138672,145.30894926616122,142.72567905698503,143.3714966092791,3507000
2017-03-28,144.01730346679688,145.3089384754677,142.72566845812605,145.3089384754677,3138000
2017-03-29,141.4340362548828,143.69439756489237,140.78821873773722,143.37148880631958,7769000
2017-03-30,141.1111297607422,142.40276481576043,140.78822099698763,141.1111297607422,3256000
2017-03-31,138.85076904296875,141.1111303994822,138.52786027775252,140.46531286904977,7071000
2017-04-05,142.079833984375,142.079833984375,138.20492942116476,138.20492942116476,6211000
2017-04-06,140.14239501953125,141.75693874095444,139.49657753096199,141.4340299966698,4412000
2017-04-07,139.81948852539062,141.1111235233157,138.8507622769468,140.14239727487188,3697000
2017-04-10,140.14239501953125,141.4340299966698,139.49657753096199,139.81948627524662,3905000
2017-04-11,136.91331481933594,140.14240243299952,136.91331481933594,140.14240243299952,4660000
2017-04-12,138.2049560546875,139.49659115800236,136.91332095137267,136.91332095137267,4489000
2017-04-13,137.55914306640625,139.17368699911054,137.55914306640625,137.88205185294711,3610000
2017-04-14,136.91331481933594,138.52785862616773,136.91331481933594,138.20494986480136,2310000
2017-04-17,136.2675018310547,137.8820456916122,135.62168428683168,136.9133193752777,2315000
2017-04-18,137.23623657226562,137.8820541561351,135.94460140452665,137.8820541561351,3701000
2017-04-19,138.2049560546875,140.46531748548847,136.91332095137267,137.2362297272014,5889000
2017-04-20,138.85076904296875,139.81949533861737,137.5591339821039,138.20495151253633,3633000
2017-04-21,138.85076904296875,140.14240410383357,138.20495151253633,139.81949533861737,2407000
2017-04-24,138.85076904296875,139.49658657340115,138.20495151253633,139.17367780818495,1672000
2017-04-25,138.85076904296875,139.17367780818495,138.20495151253633,139.17367780818495,4827000
2017-04-26,137.8820343017578,138.85076053806992,136.9133080654457,138.85076053806992,5084000
2017-04-27,140.14239501953125,140.46530376381588,138.20494255382346,138.20494255382346,3602000
2017-04-28,140.14239501953125,140.78821250810051,139.17366878667735,139.81948627524662,3397000
2017-05-02,143.04855346679688,144.66309695965012,138.52783168680782,138.52783168680782,11417000
2017-05-03,141.1111297607422,142.725673579515,140.14240346947852,142.07985605200588,4582000
2017-05-04,140.78823852539062,141.43405613330526,139.81951211351867,140.78823852539062,2374000
2017-05-05,139.49656677246094,140.46529293060303,139.49656677246094,140.14238421122232,1229000
2017-05-08,137.23623657226562,139.4965981158088,136.9133277803309,139.4965981158088,4760000
2017-05-09,134.33004760742188,137.23622652200552,134.33004760742188,136.26750021714432,5119000
2017-05-10,134.97584533691406,136.2674802205209,133.0383930115038,135.62166277871748,4413000
2017-05-11,137.8820343017578,138.52785179263256,134.6529468473841,134.6529468473841,6470000
2017-05-12,138.52784729003906,138.52784729003906,136.59039488038817,137.88202982015542,4692000
2017-05-15,138.52784729003906,138.85075602498088,137.5591210852136,138.20493855509724,3073000
2017-05-16,136.5904083251953,139.4965872257314,136.5904083251953,138.5278609255527,5407000
2017-05-17,137.55914306640625,137.88205185294711,136.59041670678369,136.91332549332452,3570000
2017-05-18,137.55914306640625,137.88205185294711,135.6216903471611,135.94459913370196,4654000
2017-05-19,137.23623657226562,137.55914536420036,136.9133277803309,137.55914536420036,1824000
2017-05-22,134.97584533691406,136.9132976623243,134.65293661601237,136.9132976623243,4181000
2017-05-23,134.33004760742188,134.97586514399603,134.33004760742188,134.33004760742188,4239000
2017-05-24,139.81948852539062,141.1111235233157,136.91330978005917,137.882036028503,15510000
2017-05-25,147.5692901611328,148.86092508595672,142.72565919304313,144.98602031148496,23568000
2017-05-26,148.21511840820312,149.18384467230905,146.92348338939527,148.21511840820312,12758000
2017-05-31,148.53805541992188,149.82969068444294,147.89223778766134,148.53805541992188,11672000
2017-06-01,147.2463836669922,149.18383608366312,146.92347493088036,148.5380186114395,5294000
2017-06-02,151.1212921142578,152.41292708959335,148.21511341975287,148.53802216358676,11260000
2017-06-05,156.93365478515625,157.25656353985823,153.70456723813658,154.02747599283856,12226000
2017-06-06,158.2252960205078,158.87111355528538,154.99620834661988,158.87111355528538,9704000
2017-06-07,162.74600219726562,163.3918196663024,156.93364497593473,158.54818864852663,17411000
2017-06-08,164.03765869140625,166.62092890701894,159.83984459103561,161.13147969884196,16218000
2017-06-09,161.77725219726562,164.68343038045003,161.77725219726562,162.74597825832709,9941000
2017-06-12,160.48565673828125,162.42310933471924,158.87111290791626,159.83983920613525,6066000
2017-06-13,159.51695251464844,162.7460406222324,159.19404370389006,160.48567894692363,5346000
2017-06-14,161.4543914794922,162.10020904541017,158.54821243286133,160.48566513061525,6611000
2017-06-15,162.10020446777344,162.7460220154538,160.4856605985725,161.13147814625287,5915000
2017-06-16,163.39183044433594,163.39183044433594,159.51692537450978,160.80856039778516,7998000
2017-06-19,165.0063934326172,166.62093739966824,163.39184946556614,163.39184946556614,5502000
2017-06-20,166.29800415039062,166.29800415039062,164.6834604207752,165.65218665854445,5509000
2017-06-21,174.04782104492188,176.30818235719357,167.91255462589865,167.91255462589865,21193000
2017-06-22,175.01654052734375,176.95399300550622,173.07908804918128,175.66235802006457,9182000
2017-06-23,171.4645233154297,175.66233650394304,171.4645233154297,174.04779296989943,6092000
2017-06-26,174.04782104492188,174.69363856271377,170.49582469706633,170.81873345596227,7799000
2017-06-27,174.37074279785156,176.30819549560547,173.07910766601563,174.37074279785156,5658000
2017-06-28,170.49581909179688,173.07908907803622,169.85000159523705,172.4332715814764,6603000
2017-06-29,172.7561798095703,173.72490605149312,171.46454482033988,172.4332710622627,5434000
2017-06-30,168.2354736328125,170.17292630420766,167.26674729711493,169.8500175256418,10253000
2017-07-03,172.7561798095703,174.69363229341596,169.85000108380183,169.85000108380183,9996000
2017-07-04,170.1729278564453,173.40201567155813,170.1729278564453,172.110380545513,5134000
2017-07-05,171.14163208007812,172.1103582993993,168.881270901662,170.1729058607569,9453000
2017-07-06,168.47796630859375,172.1405307935632,168.47796630859375,171.8075703858387,9471000
2017-07-07,166.48019409179688,167.47907525634764,165.48131292724608,167.14611486816406,4608000
2017-07-10,164.48245239257812,168.14501712196753,163.81653153268917,167.47909626207854,5385000
2017-07-11,169.1438751220703,170.142756274366,165.14835051288753,166.14723166518323,6013000
2017-07-12,169.47682189941406,170.808663328879,168.1449804699491,169.14386154204783,5388000
2017-07-13,167.81204223632812,170.47572544642858,167.81204223632812,169.80980464390348,3417000
2017-07-14,169.47682189941406,169.8097822567803,168.1449804699491,169.14386154204783,2618000
2017-07-17,169.47682189941406,170.47570297151276,168.1449804699491,170.47570297151276,2962000
2017-07-18,167.14610290527344,169.4768254557454,165.4813010835078,169.4768254557454,4379000
2017-07-19,173.80532836914062,175.13716996583904,167.81204118399785,167.81204118399785,13654000
2017-07-20,172.4734649658203,175.1371478224353,171.80754425166657,173.80530639412783,5329000
2017-07-21,170.14276123046875,173.13940477464533,170.14276123046875,172.4734839870505,3599000
2017-07-24,168.81089782714844,169.47681852863622,165.8142546704535,168.47793747640455,5577000
2017-07-25,170.4757080078125,171.14162874221802,167.1461043357849,168.8109061717987,7255000
2017-07-26,172.4734649658203,175.80306853658905,171.80754425166657,172.4734649658203,13047000
2017-07-27,175.1371612548828,176.80196316795204,171.14163666351666,172.47347819397203,11908000
2017-07-28,177.4678955078125,179.79861833812146,173.8053310601841,175.13717267750351,13178000
2017-07-31,177.13491821289062,180.46452193869686,173.80531448708442,176.80195784031002,9531000
2017-08-01,194.7818603515625,194.7818603515625,183.1282447749733,185.12600744524573,27522000
2017-08-02,199.77621459960938,201.77397674560547,198.11141281127928,199.77621459960938,25444000
2017-08-03,193.78292846679688,198.11141312327172,193.78292846679688,197.1125320487006,8943000
2017-08-04,193.11703491210938,196.1136785572973,191.78519329202587,194.4488765321929,6986000
2017-08-07,192.4510955810547,194.44885781892032,190.78629371616668,193.1170163270099,11135000
2017-08-08,191.1192626953125,192.4511042471962,186.4578172637195,190.78630230734157,12713000
2017-08-09,189.1215057373047,190.78630772442884,187.78966414760535,187.78966414760535,5732000
2017-08-10,186.4578094482422,191.78517543247767,185.79188870021275,189.12149244035993,6899000
2017-08-11,190.45333862304688,190.786299005255,183.7941309788844,186.12485365434125,6111000
2017-08-14,186.4578094482422,189.78741318838937,186.4578094482422,189.78741318838937,4581000
2017-08-15,180.7974853515625,189.12149480605433,180.46452497338282,187.1237325369763,11565000
2017-08-16,181.79637145996094,183.7941337836968,179.7986091362251,181.46341107267165,7302000
2017-08-17,181.13046264648438,183.1282251021441,180.1315814186545,182.7952646928675,5031000
2017-08-18,178.1337890625,179.4656304760514,176.1360269421729,177.13490800233643,5741000
2017-08-21,181.13046264648438,181.79638346503762,175.80309609805835,177.13493773516487,5997487
2017-08-22,180.13157653808594,182.79525974012788,179.7986161378307,181.46341813910692,4224979
2017-08-23,180.46453857421875,185.7919050265942,180.1315781709453,183.79414260695341,7304257
2017-08-24,181.79637145996094,182.46229223453958,179.7986091362251,179.7986091362251,3828042
2017-08-25,179.13267517089844,181.79635807306792,179.13267517089844,181.46339771029673,5926124
2017-08-28,180.7974853515625,181.13044572974218,178.46676270430478,179.79860421702347,2632943
2017-08-29,177.80084228515625,179.7986045580232,177.80084228515625,179.46564417921203,3518006
2017-08-30,178.7997589111328,181.13048202543064,178.46679846623314,180.13160069073157,3422299
2017-08-31,180.13157653808594,183.46118054063837,180.13157653808594,180.79749733859643,9081408
2017-09-01,181.13046264648438,182.7952646928675,180.46454182793113,182.7952646928675,4452924
2017-09-04,180.46453857421875,180.7974989774922,178.79973655785142,180.1315781709453,2430050
2017-09-05,186.12484741210938,186.12484741210938,180.4645211044066,181.46340221753061,6238464
2017-09-06,180.7974853515625,185.45893064607793,180.46452497338282,185.45893064607793,7551773
2017-09-07,181.46340942382812,184.7930132664672,180.79748865530033,180.79748865530033,5622648
2017-09-08,182.7952423095703,183.7941234150871,180.46451973003118,183.4611630465815,5445804
2017-09-11,185.7919158935547,186.124876316303,183.12823251156823,183.79415335706486,6872066
2017-09-12,183.46119689941406,188.45560334858143,183.12823646946958,187.78968248869245,6680350
2017-09-13,183.12820434570312,184.79300620339131,181.79636285955254,184.46004583185368,4256271
2017-09-14,191.1192626953125,196.11366851487642,181.46341144415558,181.46341144415558,17341006
2017-09-15,194.44886779785156,196.11366974817562,193.1170262375923,195.7807093581108,13364831
2017-09-18,194.7818603515625,201.10810880742522,194.7818603515625,199.4433065821982,7120717
2017-09-19,195.11477661132812,198.11141993812325,194.4488558720403,196.77957845954765,6135117
2017-09-20,193.11703491210938,195.78071815227642,188.12262883679622,194.4488765321929,8499483
2017-09-21,195.44772338867188,196.1136440816486,189.78739749836961,189.78739749836961,6051869
2017-09-22,190.45333862304688,196.11366512058498,190.45333862304688,195.44774435616873,4793035
2017-09-25,190.120361328125,193.11700450142294,187.12371815482706,190.45332168071366,4673144
2017-09-26,187.78964233398438,192.45108735645917,187.78964233398438,190.12036484522176,3600978
2017-09-27,191.4521942138672,193.11699590268344,189.45443218728772,189.78739252505096,6917649
2017-09-28,193.78292846679688,195.7806906159391,191.7851663176546,192.45108703403537,8607612
2017-09-29,189.4544677734375,193.78295297740004,189.4544677734375,193.11703217679042,7326675
2017-10-02,191.78518676757812,195.44775109820895,191.4522263738844,195.11479070451523,4691717
2017-10-03,191.78518676757812,192.78406794865924,190.12038479910956,192.45110755496555,4003475
2017-10-05,189.78741455078125,193.44997869123495,189.4544541743764,193.11701831483006,5068194
2017-10-06,193.78292846679688,196.44661133231983,191.7851663176546,192.45108703403537,10976211
2017-10-11,203.77175903320312,204.10471942378024,197.11255122166054,198.44439278396905,18218715
2017-10-12,202.10693359375,205.76949746447693,201.77397324186572,205.1035767607084,16332612
2017-10-13,214.42648315429688,214.4264831542969,205.10359258237094,205.7695133375085,25082732
2017-10-16,217.0901641845703,219.7538471807,211.76279819231092,213.42760006489198,18159999
2017-10-17,213.76055908203125,217.75608355085427,213.42759870962934,217.09016280605044,8698007
2017-10-18,209.43209838867188,214.4265045505639,208.10025674550067,213.7605837289783,8309166
2017-10-19,210.76394653320312,215.4253924280923,210.4309861121396,211.09690695426664,7519592
2017-10-20,208.43321228027344,212.76169751932065,208.4332122802734,210.76393510129884,7447318
2017-10-23,213.4276123046875,214.75945387913174,212.0957707302433,213.76057269829857,6564806
2017-10-24,214.09353637695312,214.75945717439308,209.76505119359325,212.09577398463318,4263073
2017-10-25,218.42202758789062,222.41755248279105,217.09018595625713,218.42202758789062,11984238
2017-10-26,225.41415405273438,226.08007474417525,217.0901454097235,217.75606610116438,9927715
2017-10-27,219.75384521484375,230.40857710404828,219.75384521484372,225.41417153098365,12505057
2017-10-30,222.75050354003906,224.41530550969557,217.4231372371383,223.08346393397036,7630413
2017-10-31,228.07786560058594,233.07227141665717,221.7516182335624,223.7493805599909,14831751
2017-11-01,225.0812530517578,233.40526388947075,225.08125305175778,233.40526388947075,13411322
2017-11-02,223.7493896484375,229.07675606863842,223.74938964843753,224.74827085222518,6780834
2017-11-03,223.08348083496094,227.41196628399751,221.08571832002102,225.0812433499009,8807838
2017-11-06,218.42202758789062,221.41867125906595,215.09242350880692,220.7527504432492,13130766
2017-11-07,224.74827575683594,225.41419657389324,219.75386962890624,219.75386962890624,7730251
2017-11-08,224.0823516845703,225.74715370302923,221.08570805134426,224.4153120882621,4448375
2017-11-09,220.4197998046875,227.07900825800132,218.42203726869334,224.0823644540101,5387287
2017-11-10,217.0901641845703,217.0901641845703,204.77063032747046,215.09240193747303,15697597
2017-11-13,211.42984008789062,216.09128538116695,211.42984008789062,215.42536462498464,6588631
2017-11-14,217.0901641845703,221.41864905328106,214.42648118844062,217.0901641845703,8063450
2017-11-15,214.42648315429688,216.4242454197096,212.4287208888842,215.09240390943447,5776318
2017-11-16,213.4276123046875,216.42425584718703,212.76169151746538,214.42649348552067,4947048
2017-11-17,219.42092895507812,219.7538893935532,216.4242850088024,217.7561267627027,6854773
2017-11-20,213.0946502685547,222.41754121780397,212.42872948646547,222.41754121780397,6000173
2017-11-21,214.42648315429688,215.42536428700325,210.4309586234715,213.42760202159053,6266273
2017-11-22,217.756103515625,221.08570754491592,214.7594598892632,215.75834109805047,7402234
2017-11-23,217.756103515625,222.0845887537032,217.42314311269593,220.75274714198682,4104085
2017-11-24,217.0901641845703,219.7538471807,215.75832268650547,219.7538471807,3238485
2017-11-27,220.08680725097656,220.41976762503248,216.09128276230527,218.42200538069685,3919596
2017-11-28,220.4197998046875,224.41532487667578,218.75499769135905,224.41532487667578,7460233
2017-11-29,222.75050354003906,224.08234511576427,221.08570157038258,222.75050354003906,4474461
2017-11-30,217.0901641845703,224.08233204941075,212.09575856682713,223.74937167489455,9772780
2017-12-01,209.76502990722656,219.08792012532552,207.76726771763396,217.423118300665,7919572
2017-12-04,213.0946502685547,213.4276106595993,209.76504635810852,209.76504635810852,4552823
2017-12-05,211.76283264160156,213.0946743563286,209.76507006951098,211.76283264160156,2998874
2017-12-06,190.7863311767578,211.76283879305055,190.7863311767578,211.76283879305055,17346883
2017-12-07,191.4521942138672,195.1147579292629,189.45443218728772,192.45107522715693,11079895
2017-12-08,197.112548828125,198.111429987727,191.4522222570471,193.78294496278505,7051528
2017-12-11,199.4432830810547,200.77512470430045,197.11256024037456,198.1114414578089,3470565
2017-12-12,197.112548828125,199.77623192039698,193.78294496278505,199.44327153386297,3935176
2017-12-13,193.78292846679688,199.11029419784282,193.78292846679688,198.4443734814621,4712816
2017-12-14,192.78407287597656,196.77959770242165,192.4511124737728,194.1159144847916,4395536
2017-12-15,189.78741455078125,192.4510975620203,183.79412777549342,191.45221643280567,12426779
2017-12-18,191.4521942138672,192.45107522715693,186.45778914741848,189.78739252505096,5170946
2017-12-19,195.78073120117188,195.78073120117188,191.45224564740445,192.45112692904308,5989588
2017-12-20,194.7818603515625,195.78074168669872,191.78521634615385,195.78074168669872,2430748
2017-12-21,193.11703491210938,197.11255977235993,193.1170349121094,195.11479734223465,2601721
2017-12-22,193.449951171875,195.44771314611123,192.4510701847569,194.7817924880325,2119223
2017-12-25,191.1192626953125,194.11590618705085,190.45334191937064,193.78294579907993,1436728
2017-12-26,186.4578094482422,191.78517543247767,184.46004720415388,191.45221505846294,5960186
2017-12-27,188.45559692382812,188.78855734242146,184.12711148211477,186.4578344122681,4375518
2017-12-28,190.45333862304688,191.45221976967125,187.12373480096562,187.12373480096562,4585851
2017-12-29,195.78073120117188,195.78073120117188,191.11928522019159,192.11816650183022,5105493
2018-01-02,194.11590576171875,195.44774731068424,192.4511038255119,195.11478692344286,2537800
2018-01-03,200.10919189453125,201.44103343792247,196.4466276502054,196.4466276502054,8196202
2018-01-04,204.43768310546875,204.43768310546875,198.44439597859832,200.44215835422182,6783498
2018-01-05,199.77621459960938,206.43542175292967,197.77845245361328,206.43542175292967,4965501
2018-01-08,198.4443817138672,203.77174766591733,197.11254022585467,202.4399061779048,4142031
2018-01-09,202.43994140625,202.43994140625,197.11257452713818,197.77849538702716,5147465
2018-01-10,206.10250854492188,207.10138984643197,201.10810203737125,202.77290420655478,6727283
2018-01-11,203.77175903320312,206.10248176724303,201.44103629916322,206.10248176724303,3775458
2018-01-12,206.10250854492188,207.4343502802687,204.43770637573832,205.76954811108516,4794414
2018-01-15,208.43321228027344,208.4332122802734,205.43656865324073,207.76729147426616,4350414
2018-01-16,207.7672576904297,209.09909908588114,205.76949559725247,207.10133699270395,3804847
2018-01-17,204.10472106933594,205.10360224912063,202.1069587097666,205.10360224912063,5779149
2018-01-18,212.76168823242188,214.09352978630244,204.43767852066827,205.4365596860787,8785766
2018-01-19,212.4287109375,213.76055238538402,209.09910731779,213.76055238538402,7447305
2018-01-22,212.4287109375,212.4287109375,207.76726586990597,211.09686948961598,5523851
2018-01-23,211.76283264160156,215.42539735710096,211.09691178423802,212.09579307028332,10049361
2018-01-24,204.77064514160156,210.43097191787345,204.77064514160153,209.765051120665,7768626
2018-01-25,203.4387969970703,211.0968859184003,203.4387969970703,205.10359893648987,8777131
2018-01-26,205.10362243652344,205.43658286255675,200.10921604602368,200.10921604602368,7022277
2018-01-29,205.10362243652344,209.09914754892324,204.4377015844568,209.09914754892324,4417172
2018-01-30,199.11032104492188,203.43880628502887,198.7773606418367,203.43880628502887,6738505
2018-01-31,199.11032104492188,202.4399250757734,196.44663782024062,196.44663782024062,7733732
2018-02-01,204.43768310546875,207.10136627296671,204.1047227095315,206.43544548109222,13138201
2018-02-02,202.7728729248047,204.10471445468846,200.77511062997903,202.43991254233376,5242656
2018-02-05,199.11032104492188,200.4421626572625,196.44663782024062,196.44663782024062,5583969
2018-02-06,190.7863311767578,194.4488959986502,185.79192460145003,193.11705424523478,11116800
2018-02-07,189.4544677734375,196.44663617983852,189.4544677734375,194.78183417831445,7676256
2018-02-08,190.45333862304688,192.1181405340875,188.45557632979813,189.78741785863062,4649916
2018-02-09,188.45559692382812,190.45335943538814,179.7986260404014,181.46342813336807,8477304
2018-02-12,189.78741455078125,192.4510975620203,188.45557304516174,190.7862956799959,5525043
2018-02-21,202.7728729248047,202.7728729248047,194.4488633630311,195.44774451044393,11124413
2018-02-22,201.1080780029297,203.77176115528636,198.77735524461758,199.77623642675132,6376415
2018-02-23,200.10919189453125,201.10807305207467,199.44327112283563,199.77623150868345,6134549
2018-02-26,197.44549560546875,202.772861422817,197.44549560546875,202.772861422817,3613576
2018-02-27,200.4421844482422,204.43770971963573,200.4421844482422,201.1081053268078,7542774
2018-03-01,199.4432830810547,201.44104551592335,196.11367902294023,200.44216429848902,9324203
2018-03-02,201.4410400390625,204.4376836098915,197.11255488119835,197.11255488119835,11009432
2018-03-05,196.44662475585938,201.77399085093353,196.44662475585938,201.4410304699914,6953028
2018-03-06,200.4421844482422,201.77402620537336,197.44554049469704,199.11034269111101,7629162
2018-03-07,199.77621459960938,204.7706199645996,198.11141281127928,198.11141281127928,10376719
2018-03-08,206.10250854492188,206.10250854492188,201.44106247120797,202.4399437727181,11617109
2018-03-09,206.7683563232422,208.10019758780413,204.77059442639927,206.10243569096122,6950746
2018-03-12,211.09690856933594,214.75947322905628,207.4343439096156,207.76730433322655,12539320
2018-03-13,212.4287109375,213.427592023413,211.09686948961598,211.09686948961598,10215713
2018-03-14,208.76612854003906,212.42869219863624,208.76612854003906,212.42869219863624,6017705
2018-03-15,211.76283264160156,213.76059521369214,208.76618878346568,208.76618878346568,8616499
2018-03-16,211.09690856933594,214.75947322905628,211.09690856933594,214.42651280544533,12301493
2018-03-19,222.4175262451172,229.0767336177255,213.42759629209598,214.0935170293568,18084889
2018-03-20,228.07786560058594,229.0767467638002,223.08345978451473,223.08345978451473,16137222
2018-03-21,223.7493896484375,231.74043927873885,223.0834688459124,231.74043927873885,12857200
2018-03-22,223.7493896484375,227.74491446358817,223.0834688459124,225.74715205601285,5677495
2018-03-23,218.42202758789062,222.41755248279105,215.09242350880692,215.75834432462366,6414475
2018-03-26,231.07452392578125,231.4074843348962,218.4220283794128,218.75498878852778,11777725
2018-03-27,228.07786560058594,229.74266753927637,222.41753900903856,228.41082598832404,12445408
2018-03-28,221.75161743164062,227.41194400271854,221.75161743164065,225.0812212969806,6333805
2018-03-29,220.4197998046875,227.07900825800132,220.4197998046875,224.7482852993415,6376204
2018-03-30,226.41307067871094,230.741555853451,225.41418948454015,225.74714988259709,10060735
2018-04-02,224.0823516845703,228.74379733625528,223.74939128087854,228.74379733625528,3080504
2018-04-03,218.42202758789062,222.41755248279105,217.4231463641655,222.0845920748827,7879106
2018-04-09,218.0890350341797,221.75159898131855,218.08903503417966,220.41975754599534,6830784
2018-04-10,217.756103515625,220.41978673905774,217.09018270976682,219.75386593319956,4614776
2018-04-11,225.7471160888672,228.41079887457656,219.4208694728075,219.75382982102116,9473560
2018-04-12,220.7527313232422,227.74489928370687,220.0868105651027,226.08009738835815,5856142
2018-04-13,223.7493896484375,225.08123125348774,222.41754804338728,223.0834688459124,4800170
2018-04-16,227.74488830566406,230.4085712098239,225.41416576452426,226.41304685358418,7684952
2018-04-17,226.41307067871094,229.7426746592802,223.7493874942555,229.7426746592802,5928455
2018-04-18,241.0633544921875,248.38848404857993,229.74269972321736,229.74269972321736,25903106
2018-04-19,240.064453125,249.38734450849512,238.0666906856796,246.39070084951456,16688689
2018-04-20,236.06890869140625,241.06331437599172,233.7381860385997,237.73371058626807,9243973
2018-04-23,233.4052276611328,241.7292372068223,233.4052276611328,237.0677918612362,8170123
2018-04-24,227.41192626953125,235.73593528378936,219.75383797641382,234.4040938415081,10638684
2018-04-25,224.41529846191406,230.40858536445776,222.75049654454082,225.41417961233802,7676548
2018-04-26,215.42535400390625,229.40968919426803,213.76055219552987,227.07896666254106,12585799
2018-04-27,226.0801239013672,226.08012390136722,216.7572321940943,224.41532181078276,8263068
2018-04-30,226.41307067871094,227.0789914748248,217.7561003292308,218.42202112534466,10315708
2018-05-02,220.4197998046875,228.4108499486641,219.75387895935611,227.411968680667,8872980
2018-05-03,213.0946502685547,219.0879373073578,207.76728401184084,218.42201652526856,12988126
2018-05-04,216.75723266601562,218.42203476022465,209.7650638703377,209.7650638703377,5703448
2018-05-07,212.09576416015625,221.4186548924708,211.0968830102654,221.08569450917386,7252344
2018-05-08,216.42428588867188,217.09020676832932,212.42876061072718,212.42876061072718,5086816
2018-05-09,218.42202758789062,220.08682962743245,214.75946310089856,216.75722554834877,4851243
2018-05-10,219.42092895507812,220.75277070897843,217.09020588575257,218.42204763965287,4467038
2018-05-11,212.76168823242188,220.086816778765,211.09688629007113,219.42089600182473,8255872
2018-05-14,213.0946502685547,217.0901749610901,211.76280870437623,216.42425417900088,5333227
2018-05-15,212.4287109375,215.75831455721004,212.095750575529,215.75831455721004,3385594
2018-05-16,212.4287109375,214.42647310932603,209.765028041732,213.094631661442,3594624
2018-05-17,206.43545532226562,212.0957823230374,204.437692851405,212.0957823230374,8766504
2018-05-18,208.43321228027344,209.76505389228794,204.43768744422985,207.43433107126253,5357335
2018-05-21,209.09913635253906,211.09689880176714,208.76617594433438,210.09801757715312,3005338
2018-05-22,213.4276123046875,214.42649348552067,208.43320640052164,209.76504797496588,6695276
2018-05-23,213.0946502685547,215.0924126148224,211.4298483133316,215.0924126148224,6434676
2018-05-24,214.42648315429688,215.09240390943447,211.76280013374662,215.09240390943447,3680555
2018-05-25,215.75833129882812,217.4231332378623,212.42872742075977,214.42648974760078,4871678
2018-05-28,212.09576416015625,216.75720952631355,212.09576416015625,215.7583283764227,3884905
2018-05-29,209.76502990722656,212.76167319161553,209.7650299072266,212.42871282668344,2389488
2018-05-30,206.43545532226562,208.76617820493635,206.43545532226562,208.10025738131614,4860062
2018-05-31,207.43431091308594,208.43319202502698,205.4365486892039,208.43319202502698,9847970
2018-06-01,212.4287109375,212.4287109375,208.43318659384798,208.76614695581898,3291068
2018-06-04,219.42092895507812,220.0868498320283,212.7617201855765,212.7617201855765,8387494
2018-06-05,216.42428588867188,220.08685072678787,216.09132544884315,220.08685072678787,3675678
2018-06-06,220.4197998046875,222.41756234068166,217.756116423362,219.42091853669044,5458800
2018-06-07,220.4197998046875,221.08572065001889,218.42203726869334,220.4197998046875,3642395
2018-06-08,219.75384521484375,219.75384521484372,217.42312261408023,219.08792447176845,3650689
2018-06-11,221.418701171875,222.75054298343517,220.08685936031486,220.4198198132049,3276621
2018-06-12,215.75833129882812,220.08681634031694,215.09241052321445,219.08793517689645,3746024
2018-06-13,213.4276123046875,217.09017663440912,213.4276123046875,214.75945387913174,3460873
2018-06-14,209.76502990722656,214.75943538120816,209.7650299072266,213.09463355654765,3719428
2018-06-15,209.76502990722656,212.09575246175132,208.10022808256605,210.4309506370908,5146049
2018-06-19,207.7672576904297,211.7627818767841,207.10133699270395,207.4342973415668,4618793
2018-06-20,206.43545532226562,208.43321779312626,205.7695344986454,207.76729696950605,5514714
2018-06-21,207.7672576904297,208.76613873701828,206.76837664384107,207.7672576904297,3846807
2018-06-22,206.7683563232422,207.10131663938267,205.10355474253976,206.4353960071017,3055482
2018-06-25,206.43545532226562,207.10137614588584,204.437692851405,204.437692851405,2755202
2018-06-26,197.44549560546875,203.4387821499855,195.1147730603789,203.10582178640124,10955073
2018-06-27,197.44549560546875,201.10805960489566,197.1125352418845,197.77845596905303,6254777
2018-06-28,197.77850341796875,199.11034519182712,194.4488989833228,196.44666164411038,4398790
2018-06-29,199.77621459960938,201.10805603027345,198.77733352661133,198.77733352661133,4915252
2018-07-02,203.10581970214844,208.10022510466027,200.44213682080877,200.44213682080877,5731591
2018-07-03,202.7728729248047,205.7695163670432,201.77399177739187,203.10583330727565,3859712
2018-07-04,198.4443817138672,204.10470803792046,197.77846096986093,202.10694580590166,3724168
2018-07-05,187.4567108154297,196.44664188473095,186.79078999548145,196.44664188473095,9890612
2018-07-06,189.78741455078125,191.78517680921055,187.78965229235197,187.78965229235197,9758208
2018-07-09,188.06207275390625,192.89302508152954,187.02686868370128,191.85782101132455,6556647
2018-07-10,193.2380828857422,193.2380828857422,189.09726682390485,189.44233482905796,4572871
2018-07-11,190.47756958007812,192.20290988424549,188.75222927591074,191.16770570174506,3684846
2018-07-12,195.30850219726562,196.68877429759965,190.4775498460965,190.4775498460965,4540240
2018-07-13,196.6887664794922,197.37890250222728,193.92822238855197,194.2732903999195,3278038
2018-07-16,194.96343994140625,197.72398422376244,194.96343994140625,196.68878011787888,1847940
2018-07-17,197.0338592529297,198.41413147186438,195.3085189792613,195.3085189792613,3209658
2018-07-18,193.92823791503906,199.10425849996003,193.92823791503906,198.06905438297585,4952897
2018-07-19,195.99864196777344,196.34370999940685,194.2733018096064,195.65357393614002,2521955
2018-07-20,193.2380828857422,195.99862692696706,193.2380828857422,194.61835490635463,3062839
2018-07-23,187.37193298339844,192.20288521501462,187.02686496685442,192.20288521501462,10295269
2018-07-24,175.98471069335938,186.3367524988511,175.29457457299324,186.3367524988511,18761099
2018-07-25,181.16073608398438,182.19594029017858,175.2945789155506,175.98471505301342,7951621
2018-07-26,181.50576782226562,181.50576782226562,178.7452238249688,178.7452238249688,6681232
2018-07-27,184.6114044189453,187.37194878408843,181.50579200815932,181.50579200815932,7011218
2018-07-30,179.4353790283203,182.88605939424954,178.40017491854155,181.85085528447078,6547869
2018-07-31,175.2945556640625,177.36496380182703,172.53401148037648,176.6748277559055,11840789
2018-08-01,189.78741455078125,191.51275468306108,182.88605402166192,182.88605402166192,15825338
2018-08-02,185.64659118652344,191.16767940024903,185.64659118652344,190.47754337353334,9247991
2018-08-03,189.09725952148438,189.09725952148438,187.02685157051923,187.71698755417427,4041440
2018-08-06,188.4071502685547,189.0972863501245,186.33674202384532,188.7522183093396,2324777
2018-08-07,190.1325225830078,191.8578630783164,187.37197779051405,188.4071820876992,5155603
2018-08-08,191.51275634765625,191.8578243771115,189.78741620038008,191.16768831820102,4605097
2018-08-09,189.78741455078125,190.82261863014915,187.71700639204545,190.47755060369317,3245805
2018-08-10,189.4423370361328,190.82260907282594,188.06206499943966,188.06206499943966,1925377
2018-08-13,181.8508758544922,185.3015566107444,178.05512702261473,182.88608008136785,5137482
2018-08-14,182.8860626220703,184.26633479280292,181.85085849402088,181.85085849402088,2505500
2018-08-15,179.4353790283203,182.1959233210637,179.4353790283203,181.85085528447078,2342251
2018-08-16,170.80868530273438,174.60443386501734,169.77348114938445,172.53402555831755,12296116
2018-08-17,170.46360778808594,174.25935613964253,169.77347172416657,172.87908401180377,7505316
2018-08-20,170.46360778808594,172.1889479478844,168.39319959632783,172.1889479478844,5106423
2018-08-21,169.4283905029297,170.46359451822255,169.08332249783209,169.77345850802732,3879372
2018-08-22,170.80868530273438,172.1889575072009,168.39320894491792,170.46361725161773,6912322
2018-08-23,174.60443115234375,174.60443115234375,171.15375069478756,171.15375069478756,5146562
2018-08-24,172.5340118408203,174.60441998291017,170.46360369873048,174.60441998291017,2873118
2018-08-27,170.80868530273438,171.84388945608427,169.4284130982678,171.49882140496763,3028194
2018-08-28,173.91429138183594,176.67483568948413,170.80867903573173,170.80867903573173,10553025
2018-08-29,176.6748504638672,177.01991853117943,174.60444205999374,175.63964626193047,5288321
2018-08-30,176.6748504638672,178.4001908004284,175.9847143292427,177.36498659849167,4274480
2018-08-31,173.5692138671875,175.98469000450422,171.49880574948745,175.98469000450422,5802520
2018-09-03,172.18893432617188,174.60441035880356,171.8438663215102,174.2593423541419,2545530
2018-09-04,174.94952392578125,175.98472820936576,172.53404726408408,172.53404726408408,4155461
2018-09-05,175.2945556640625,176.6748277559055,173.9142835722195,174.94948764110174,3409310
2018-09-06,175.98471069335938,177.36498293409159,172.5340300915288,174.25937039244408,3895939
2018-09-07,171.1537322998047,175.6396164125012,169.4283922564599,174.60441238649432,6183361
2018-09-10,167.35800170898438,173.22415846991782,164.25238930613722,171.84388629087468,6448148
2018-09-11,168.39321899414062,170.46362742439644,166.3228105638848,169.77349128097782,4864726
2018-09-12,168.39321899414062,170.11855935268713,167.0129467073034,170.11855935268713,3333026
2018-09-13,167.01292419433594,169.4284003707003,167.01292419433594,169.4284003707003,3132346
2018-09-14,169.4283905029297,170.11852651312492,167.70305047744162,168.73825449273446,3522752
2018-09-17,168.04812622070312,169.08333028366434,167.0129221577419,168.3931942416902,1585951
2018-09-18,168.73825073242188,170.11852272205314,167.70304674019843,167.70304674019843,3103033
2018-09-19,169.08334350585938,171.49881984165737,167.70307131397482,170.1185476497728,3740889
2018-09-20,164.25238037109375,169.08333273494947,163.90731234510406,168.04812865698037,5312721
2018-09-21,167.7030487060547,168.39318470896026,165.97770869879076,166.66784470169634,4163227
2018-09-25,168.04812622070312,168.3931942416902,166.32278611576777,166.32278611576777,2246605
2018-09-26,166.66786193847656,169.08333819845447,166.32279390133687,168.73827016131477,3087089
2018-09-27,166.66786193847656,167.01292997561626,164.94252175277805,166.32279390133687,2935735
2018-09-28,170.1185302734375,170.1185302734375,167.70305418436232,168.7382582225374,5847255
2018-10-01,172.5340118408203,173.91428393554688,171.4988077697754,171.4988077697754,4200741
2018-10-02,169.08334350585938,173.22416008151308,167.70307131397482,172.5340239855708,5612236
2018-10-03,169.7734832763672,170.11855133180697,166.32280272196948,169.4284152209274,2859111
2018-10-04,167.01292419433594,171.15374049667486,167.01292419433594,171.15374049667486,4069030
2018-10-05,161.83689880371094,166.32278299229992,160.45662674568354,165.63264696328622,9232507
2018-10-08,161.14675903320312,162.52703105918346,160.45662302021296,161.8368950461933,5331698
2018-10-09,157.6960906982422,161.83690708419167,157.6960906982422,161.4918390520292,4308219
2018-10-11,145.27362060546875,145.27362060546875,142.85814472841818,143.203212710854,15727317
2018-10-12,151.82994079589844,152.52007689042526,144.92857985063034,144.92857985063034,7413236
2018-10-15,152.52008056640625,156.31582917778738,149.0694000106052,150.79474028850572,7201028
2018-10-16,153.210205078125,156.66088537267737,153.210205078125,153.55527310758026,3697987
2018-10-17,154.935546875,156.3158190075167,154.59047884187083,155.62568294125836,3131048
2018-10-18,155.28060913085938,156.6608812120226,154.59047309027778,155.28060913085938,2586243
2018-10-19,153.55526733398438,153.55526733398438,150.79472320213748,152.86513130102264,3881788
2018-10-22,152.86514282226562,154.59048303470655,151.82993869480106,152.17500673728924,2304109
2018-10-23,147.6891326904297,153.21022176296913,147.6891326904297,151.82994949483427,3750442
2018-10-24,147.6891326904297,149.06940495856455,142.16804361789028,146.30886042229483,5893975
2018-10-25,144.9285888671875,146.3088611421131,142.16804431733632,143.2032485235305,6389358
2018-10-26,139.407470703125,147.344034629293,138.37226671275525,146.30883063892327,8450095
2018-10-29,143.54827880859375,143.54827880859375,137.6821231842041,142.16800689697266,7011609
2018-10-30,142.85816955566406,146.30884997971393,142.16803347085408,144.23844172528402,3914023
2018-10-31,157.00595092773438,157.00595092773438,145.61870613517343,146.30884218320742,10063937
2018-11-01,154.24542236328125,158.04117101204207,150.79474177349866,156.66089877612905,9439080
2018-11-02,157.00595092773438,159.07635907183638,154.9355427836324,156.31581487970038,7303536
2018-11-05,158.73130798339844,158.73130798339844,154.59049125339675,155.62569543589717,4228811
2018-11-06,158.73130798339844,164.25239695673403,156.3158315575641,161.14678440923277,5864560
2018-11-07,162.18197631835938,162.87211238779918,158.73129597116022,158.73129597116022,3622354
2018-11-08,162.18197631835938,165.6326566655585,160.8017041794797,164.94252059611867,3624731
2018-11-09,157.6960906982422,161.83690708419167,156.31581856959238,161.83690708419167,4578760
2018-11-12,161.83689880371094,162.5270348327246,156.66087858610823,157.35101461512193,4708588
2018-11-13,159.4214324951172,161.4918407093395,156.31582017378375,157.00595624519116,4335995
2018-11-14,158.73130798339844,160.80171634839928,158.04117186173147,159.42144410506538,2604260
2018-11-15,159.76649475097656,162.18197091351834,158.38622265809556,159.76649475097656,2904993
2018-11-16,151.82994079589844,157.35102955211295,151.82994079589844,155.2806212685325,8579017
2018-11-19,154.24542236328125,155.28062654021602,151.82994595043343,153.21021818634648,3132386
2018-11-20,155.28060913085938,155.6256771511502,152.1749969482422,153.5552690294054,3009250
2018-11-21,153.90036010742188,154.93556432339108,151.82995167548347,153.90036010742188,3603281
2018-11-22,153.55526733398438,155.2806074163887,153.2101993175035,154.2454033669461,2248076
2018-11-23,153.210205078125,154.59047719594597,153.210205078125,154.59047719594597,1497480
2018-11-26,157.3510284423828,159.07636866653175,153.90034799408494,154.5904840837445,3783404
2018-11-27,160.111572265625,160.111572265625,155.28061965416217,157.35102791621767,3213824
2018-11-28,163.21717834472656,163.21717834472656,159.42143001112828,160.1115660717825,3988176
2018-11-29,159.76649475097656,166.6678552153816,159.76649475097656,165.63265114572084,4820111
2018-11-30,163.90733337402344,164.25240144428454,159.4214484606291,160.80172074167353,6659593
2018-12-03,169.4283905029297,170.46359451822255,167.357982472344,167.70305047744162,7403178
2018-12-04,173.91429138183594,174.25935942029196,169.0833388434516,171.15374707418775,9478331
2018-12-05,168.73825073242188,170.46359071946094,168.39318273501405,170.11852272205314,4806496
2018-12-06,158.38621520996094,165.28757534982853,158.04114720296758,164.94250734283514,8273167
2018-12-07,161.14675903320312,163.2171670721736,160.45662302021296,161.14675903320312,4605911
2018-12-10,158.0411834716797,161.49186433350675,157.35104729931427,158.38625155786238,3089071
2018-12-11,157.3510284423828,158.38623257687217,155.97075626306366,156.66089235272324,2707930
2018-12-12,160.8017120361328,162.18198424245153,158.7313037266547,159.76650788139375,2520059
2018-12-13,163.90733337402344,164.25240144428454,161.1467888119346,161.1467888119346,2655290
2018-12-14,162.8721160888672,165.63266042935646,160.80170783350025,164.94252434423416,3424139
2018-12-17,162.18197631835938,164.94252059611867,161.49184024891954,164.94252059611867,2126768
2018-12-18,161.83689880371094,163.2171708617383,161.14676277469724,161.49183078920407,2176231
2018-12-19,162.8721160888672,162.8721160888672,160.45663979093908,160.45663979093908,2708347
2018-12-20,155.28060913085938,159.42142537434898,154.245405069987,158.38622131347657,9002120
2018-12-21,154.24542236328125,155.97076265817253,152.86515012736822,154.5904904222595,4508734
2018-12-24,155.28060913085938,155.6256771511502,153.5552690294054,154.245405069987,1674367
2018-12-25,152.52008056640625,153.21021667756645,151.13980834408582,152.52008056640625,1528188
2018-12-26,151.82994079589844,154.2454171267423,151.82994079589844,153.21021298495208,897303
2018-12-27,155.28060913085938,156.6608812120226,153.9003370496962,154.93554111056858,2969386
2018-12-28,158.38621520996094,158.38621520996094,154.2453991260404,154.2453991260404,3415320
2019-01-02,152.1750030517578,158.38622766611527,152.1750030517578,158.38622766611527,4284014
2019-01-03,154.24542236328125,155.97076265817253,152.52008206838997,154.5904904222595,3718829
2019-01-04,149.75953674316406,150.79474091419976,147.34406034408076,150.79474091419976,5603944
2019-01-07,151.13980102539062,152.8651412197444,150.10459690877838,152.52007318087365,7008819
2019-01-08,153.210205078125,153.55527310758026,150.79472887193836,152.52006901921453,4626012
2019-01-09,155.97076416015625,159.7665128454698,154.59049191095133,155.62569609785504,8817353
2019-01-10,155.97076416015625,157.35103640936117,153.90035578634888,155.97076416015625,2881535
2019-01-11,157.00595092773438,158.0411549997854,155.9707468556834,156.66088290371738,2023139
2019-01-14,159.76649475097656,161.4918348670778,158.7312906813158,159.76649475097656,4203075
2019-01-15,160.8017120361328,161.14678008771247,159.76650788139375,161.14678008771247,4528299
2019-01-16,163.562255859375,164.25239196004748,160.11157535601265,160.80171145668513,4396761
2019-01-17,163.562255859375,164.94252806071992,161.8369156076938,163.90732390971124,2919704
2019-01-18,168.39321899414062,168.73828706584993,164.94253827704756,165.28760634875687,6656676
2019-01-21,168.73825073242188,171.8438627090922,168.04811473760623,170.46359071946094,4437388
2019-01-22,167.01292419433594,171.15374049667486,166.32278814394613,170.1185364210901,4435260
2019-01-23,166.3227996826172,166.3227996826172,163.56225528954468,165.9777316334831,3064991
2019-01-24,168.73825073242188,171.1537267142766,167.01291074538278,167.3579787427906,6357578
2019-01-25,171.1537322998047,172.1889363258116,169.08332424779093,170.1185282737978,6383195
2019-01-28,171.4988250732422,171.84389313173966,170.11855283925232,170.80868895624724,3686061
2019-01-29,169.4283905029297,171.15373052841778,168.39318648763685,169.08332249783209,4277832
2019-01-30,167.7030487060547,169.42838871331864,166.66784470169634,169.42838871331864,5074048
2019-02-11,179.09033203125,179.09033203125,172.18897048861993,174.25937895140896,19458668
2019-02-12,177.71005249023438,179.0903247425857,176.67484830097087,177.36498442714654,5978205
2019-02-13,178.74522399902344,180.47056399901402,177.01988399903288,179.09029199902156,5523900
2019-02-14,176.3297882080078,178.74526475880245,176.3297882080078,177.36499244406266,3051493
2019-02-15,173.91429138183594,178.05510784330824,172.87908726646788,175.63963157411607,4364578
2019-02-18,174.94952392578125,175.6396601148376,173.22418345314043,175.6396601148376,3331721
2019-02-19,172.5340118408203,174.25935195922852,171.84387579345704,173.91428393554688,3357988
2019-02-20,176.3297882080078,178.05512860143256,173.56924357852824,173.56924357852824,7741067
2019-02-21,178.74522399902344,179.09029199902156,174.94947599904418,175.2945439990423,6115313
2019-02-22,182.1959228515625,187.02687535141453,179.09031053022906,179.43537856593278,16461969
2019-02-25,194.96343994140625,194.96343994140625,186.68180709433767,187.0268751296322,20111509
2019-02-26,190.82261657714844,202.2098613276835,190.82261657714844,195.65356889555727,15256458
2019-02-27,193.2380828857422,194.61835490635463,189.09726682390485,193.2380828857422,9345510
2019-03-04,191.1676788330078,195.65356299334914,191.1676788330078,193.2380869070115,7891170
2019-03-05,188.4071502685547,192.54796675797348,187.7170141869849,190.1324904724792,5726149
2019-03-06,193.2380828857422,194.27328690120152,189.09726682390485,189.09726682390485,9119054
2019-03-07,189.09725952148438,192.54793943975963,188.0620555460018,191.51273546427706,4456436
2019-03-08,184.6114044189453,187.37194878408843,183.57620028201666,186.33674464715978,7604720
2019-03-11,186.33673095703125,188.06207105848526,184.61139085557727,184.61139085557727,3485628
2019-03-12,186.68182373046875,190.47757245696624,186.33675566442352,189.44236825883056,4929135
2019-03-13,188.4071502685547,188.7522183093396,185.6466059422755,186.33674202384532,2627183
2019-03-14,188.06207275390625,191.85782101132455,187.37193670710295,187.7170047305046,4932937
2019-03-15,190.47756958007812,191.16770570174506,188.75222927591074,189.09729733674422,4467807
2019-03-18,191.8578338623047,194.27331018790926,190.47756167624496,193.23810604836444,4328819
2019-03-19,190.1325225830078,191.16772688019296,187.71704588957576,190.82265878113125,5706614
2019-03-20,189.4423370361328,190.13247305447936,188.40713300861296,190.13247305447936,3167594
2019-03-21,191.51275634765625,192.89302846547722,189.44234817092484,189.44234817092484,4524736
2019-03-22,195.99864196777344,197.37891409430705,192.5479616514394,193.2380977147062,13172848
2019-03-25,190.82261657714844,192.54795669086587,190.47754855440496,190.82261657714844,5459643
2019-03-26,193.92823791503906,194.2733059540338,192.2028977200654,192.54796575906013,3638168
2019-03-27,192.8930206298828,193.58315666075896,191.8578165835686,193.2380886453209,2680720
2019-03-28,190.82261657714844,195.65356889555727,190.82261657714844,192.2028886681224,4616705
2019-03-29,194.96343994140625,194.96343994140625,191.1676915531665,192.5479636943446,5403033
2019-04-01,197.0338592529297,198.0690634171307,195.99865508872864,196.3437231434623,6930601
2019-04-02,200.48451232910156,201.1746483440038,198.75917229184594,200.13944432165042,9730324
2019-04-03,200.48451232910156,201.1746483440038,198.0690362769437,199.7943763141993,6655692
2019-04-08,203.2450714111328,203.24507141113278,199.4493230486159,199.4493230486159,8345644
2019-04-09,206.6957550048828,207.0408230432883,200.82959835198966,202.90000658242255,9914612
2019-04-10,207.0408172607422,210.14642951965334,205.66054514567057,207.0408172607422,12409630
2019-04-11,201.1746826171875,209.1112481406786,200.82961455094878,205.66056747829117,12174619
2019-04-12,202.55491638183594,204.97039238638934,201.51971237988445,202.89998438248642,6379713
2019-04-15,204.62530517578125,206.35064501706103,203.93516923926933,205.6605090805491,7192887
2019-04-16,207.0408172607422,208.0760213470459,205.31547711690268,206.3506812032064,8003479
2019-04-17,199.10426330566406,206.35069229945773,198.41412721101707,203.24507987354616,19673897
2019-04-18,200.82957458496094,202.55491457280425,199.4493025946863,199.79437059225495,10977862
2019-04-19,200.1394805908203,202.9000251506937,199.1042763808678,202.55495708070953,3333798
2019-04-22,199.44932556152344,202.55493789725648,199.10425752421975,201.51973378534547,3197270
2019-04-23,200.1394805908203,200.48454866080448,196.68879989097857,200.48454866080448,4918551
2019-04-24,199.7943878173828,201.51972795397506,198.06904768079056,201.51972795397506,3863399
2019-04-25,198.75918579101562,200.8295939763387,197.37891366746692,199.79438988367716,3703193
2019-04-26,200.1394805908203,200.1394805908203,195.65359568102605,197.37893603094693,3850978
2019-04-29,198.41412353515625,201.17466786260192,197.72398745329485,199.79439569887907,4219363
2019-04-30,203.93521118164062,203.93521118164062,198.06905451482527,200.13946275017187,8621796
2019-05-02,205.66053771972656,212.21683002958363,205.66053771972656,212.21683002958363,21971303
2019-05-03,213.25204467773438,213.94218074465263,207.73095614238852,209.8013643431432,18605013
2019-05-06,211.1816864013672,211.1816864013672,207.73100525101805,209.80141394122754,12178296
2019-05-07,214.63233947753906,216.0126117571374,211.87179491834243,213.25206719794076,12299811
2019-05-08,213.94219970703125,214.63233583511845,210.14645100255166,212.56192745085687,9096385
2019-05-09,207.0408172607422,216.7027220662435,207.0408172607422,214.63231389363608,9556606
2019-05-10,206.00563049316406,210.83658330204898,202.2098818576116,209.1112430131615,7160414
2019-05-13,197.72398376464844,207.04082069596697,197.0338476956619,207.04082069596697,8021402
2019-05-14,199.44932556152344,199.44932556152344,190.82262462893158,192.54796481544994,8106651
2019-05-15,200.1394805908203,202.55495708070953,198.41414024089943,200.1394805908203,5782386
2019-05-16,198.75918579101562,201.51973003811307,197.37891366746692,200.13945791456436,4927890
2019-05-17,200.82957458496094,204.62532255821623,199.4493025946863,201.1746425825296,8935427
2019-05-20,200.1394805908203,202.20988901072533,197.7240041009311,201.17468480077284,5080134
2019-05-21,200.48451232910156,201.86478435890604,197.7239682694926,198.0690362769437,5504726
2019-05-22,198.41412353515625,200.4845317807405,197.72398745329485,200.1394637398098,3821414
2019-05-23,201.5197296142578,203.5901377952262,199.4493214332894,200.829593553935,9875909
2019-05-24,198.0690460205078,203.24506638689738,197.37890997165587,203.24506638689738,5171759
2019-05-27,193.92823791503906,199.10425849996003,190.82262556408648,198.06905438297585,7623986
2019-05-28,193.5831756591797,195.6535839549998,192.893039560573,195.30851590569645,7631484
2019-05-29,193.5831756591797,193.5831756591797,189.78742711684285,191.5127673633596,5039512
2019-05-30,204.62530517578125,206.00557704880507,196.34367393763833,196.34367393763833,10940177
2019-05-31,214.63233947753906,216.0126117571374,204.9704335203508,206.00563773004956,15580408
2019-06-03,216.70269775390625,218.4280377041762,209.80133795282643,212.90694986331235,13144705
2019-06-04,214.63233947753906,219.4632924561332,214.63233947753906,218.0830201765349,8772745
2019-06-05,216.01260375976562,220.49848850238055,215.6675357026414,218.77314821675944,9334896
2019-06-06,211.87176513671875,215.3224453506718,210.83656107253282,215.3224453506718,6168786
2019-06-10,218.08299255371094,218.4280605799035,213.94217623939997,216.01258439655544,8082018
2019-06-11,212.56190490722656,216.70272123658813,212.56190490722656,213.94217701701376,8924969
2019-06-12,213.59713745117188,215.66754589173252,211.52672901061126,212.90700130431836,4458590
2019-06-13,213.59713745117188,218.4280904791467,212.90700130431836,213.5971374511719,6906886
2019-06-14,211.87176513671875,215.66751337206713,211.18162909392814,214.6323093078812,4800518
2019-06-17,207.38589477539062,211.8717793545588,207.04082673083923,210.49150717635322,6753100
2019-06-18,212.90696716308594,213.25203518117848,209.80135500025327,209.80135500025327,6585570
2019-06-19,212.90696716308594,217.39285139828874,212.2168311269009,217.04778338019622,8115800
2019-06-20,213.94219970703125,216.01260809129286,212.56192745085687,214.63233583511845,4674213
2019-06-21,216.35765075683594,218.08299087451405,213.94217459208656,215.32244668622906,9233348
2019-06-24,217.73794555664062,217.73794555664062,213.94219690192898,214.97740108048671,4462509
2019-06-25,214.9773406982422,217.39281643642468,213.2520008852547,216.35761254863218,3262743
2019-06-26,214.2872314453125,216.01257147305253,213.5970954342165,215.66750346750453,3335968
2019-06-27,216.01260375976562,217.73794404538674,215.6675357026414,216.70273987401407,5353416
2019-06-28,216.70269775390625,217.73790172406822,214.6322898135823,216.70269775390625,4236184
2019-07-01,216.70269775390625,218.7731056942302,215.66749378374428,217.39283373401423,8268252
2019-07-02,220.15338134765625,220.15338134765625,216.35763339338632,216.70270138922905,7758935
2019-07-03,219.11819458007812,225.3294189933717,218.08299051119587,222.2238067867249,8818515
2019-07-04,220.15338134765625,221.18858533518443,219.1181773601281,220.8435173393417,4090644
2019-07-05,221.53367614746094,222.22381221022562,219.80833599054927,220.49847205331395,6690938
2019-07-08,222.95375061035156,224.0188162979806,221.5336630268461,221.5336630268461,5706740
2019-07-09,222.5987091064453,224.37381842946323,222.24368724184174,223.30875283565248,3738897
2019-07-10,225.7939453125,226.50398916568395,224.01883567954008,225.08390145931602,4383939
2019-07-11,228.9891357421875,230.05420148982557,226.50398233103195,227.21402616279067,6720950
2019-07-12,225.7939453125,228.63412072523585,225.7939453125,228.27909879864387,3205923
2019-07-15,223.30882263183594,226.5040204119417,222.59877868070134,226.1489984363744,5194708
2019-07-16,222.95375061035156,225.43890388148603,222.24370681859884,224.0188162979806,5075568
2019-07-17,220.11355590820312,222.95373082314768,219.04849031509892,222.24368709441154,6807470
2019-07-18,214.43321228027344,220.82360602372532,213.72316853100102,220.82360602372532,9600433
2019-07-19,216.2083740234375,218.69352774784483,214.78828618091902,218.3385057872152,7333715
2019-07-22,219.0485382080078,219.7585820919884,216.9184065560661,217.27342849805638,7018764
2019-07-23,223.30882263183594,223.66384460740326,220.11362485173018,220.11362485173018,7586407
2019-07-24,218.6934814453125,224.01880972726005,218.33845955984933,223.66378784179688,8478357
2019-07-25,222.2437286376953,222.2437286376953,218.6935093303839,220.11359705330847,5465905
2019-07-26,222.5987091064453,223.66377470025606,218.6934685958059,219.75853418961665,4494969
2019-07-29,226.5039825439453,226.8590044601584,220.11358805210986,220.82363188453604,9083924
2019-07-30,231.1192626953125,232.89437223982333,227.5690436062908,228.6341093329973,17119494
2019-07-31,223.30882263183594,228.63415226534553,219.40358090059556,228.63415226534553,17759819
2019-08-01,222.95375061035156,232.53934179901316,222.95375061035153,225.7939257773624,24478906
2019-08-02,224.37384033203125,224.7288622312908,219.7585556416572,220.4685994401763,13587337
2019-08-05,221.5336456298828,224.01879870585907,219.40351442190317,222.24368936587604,9440893
2019-08-06,219.40353393554688,222.2437091321235,215.85331493982605,216.5633587389702,10117433
2019-08-07,225.7939453125,226.85901109227592,221.8887041199882,222.24372604658018,13326307
2019-08-08,224.72891235351562,227.5690881810482,223.30882443974932,224.72891235351562,7096959
2019-08-12,229.3441619873047,229.3441619873047,225.793942761495,226.14896468407596,8148041
2019-08-13,225.7939453125,228.63412072523585,225.08390145931602,228.27909879864387,3973869
2019-08-14,226.85899353027344,229.3441468240323,226.14894973205662,228.63410302581548,3991080
2019-08-15,224.72891235351562,225.08393433195718,222.59878048286618,223.30882443974932,5250867
2019-08-16,228.6341094970703,230.40921904285503,225.0838904055009,225.0838904055009,7821353
2019-08-19,250.6454315185547,250.6454315185547,231.82927306177936,232.89433863480437,30578217
2019-08-20,249.22535705566406,251.35548831255008,246.3851820464827,249.58037893181174,13464762
2019-08-21,246.38519287109375,253.13060881425048,246.38519287109375,249.2253680050545,10778561
2019-08-22,244.96511840820312,249.9354251585145,243.1900088545205,247.80529369409535,8555639
2019-08-23,243.1899871826172,249.93540288549272,243.18998718261722,246.7402059736043,6822420
2019-08-26,243.5450439453125,244.61010973516082,238.57473692602042,239.63980271586874,5118378
2019-08-27,245.32015991210938,247.09526960756602,243.54505021665273,246.38522572938336,8036958
2019-08-28,259.8760681152344,260.9411339681657,252.06558519373826,252.42060714471538,20997331
2019-08-29,259.5210266113281,259.87604853555706,256.6808512174969,258.8109827628703,8415969
2019-08-30,260.9411315917969,265.20139496472416,259.16602185307715,263.0712632782605,10421568
2019-09-02,263.0712585449219,263.7813024276342,258.4559733072917,260.94112689678485,5317803
2019-09-03,258.4559326171875,263.07121712820873,257.74588884626115,263.07121712820873,4462940
2019-09-04,259.1659851074219,262.0061602866813,257.0358537229773,259.1659851074219,6296489
2019-09-05,260.9411315917969,262.3612193827726,258.81099990533323,261.6511754872847,4485683
2019-09-06,265.91143798828125,268.3965916143399,261.29615268274364,263.42628436222253,13658238
2019-09-10,268.39654541015625,271.23672049386164,266.6214359828404,269.81663295200894,9046222
2019-09-11,265.91143798828125,269.4616574540794,264.49135020196195,266.97650382802067,7368588
2019-09-12,266.2664489746094,271.9467998860677,264.8463612467448,270.5267121582031,9749513
2019-09-16,271.23675537109375,273.0118650266637,266.62147026661177,266.62147026661177,10976486
2019-09-17,271.94677734375,275.4969963691253,271.59175544121246,273.3668649539001,8723754
2019-09-18,271.23675537109375,272.65684309554973,269.10662378440975,271.9467992333217,7371028
2019-09-19,270.17169189453125,275.49702090690704,270.17169189453125,274.78697703859024,7618232
2019-09-20,274.43194580078125,275.49701156714906,270.8817265795551,270.8817265795551,9000253
2019-09-23,275.49700927734375,277.62714079237475,273.0118558431409,273.72189968148456,4616257
2019-09-24,274.7869567871094,276.2070444190841,273.01184724714096,275.49700060309675,4040265
2019-09-25,269.816650390625,273.3668694747122,269.1066065738076,271.5917599326686,8943671
2019-09-26,266.9764709472656,272.6568213929521,265.556383335844,271.2367337815305,8219250
2019-09-27,262.00616455078125,268.3965588081174,261.6511426475959,266.976471195376,9126978
2019-10-01,267.3315124511719,267.3315124511719,262.0061835178816,262.3612054467676,7399613
2019-10-02,264.13629150390625,266.6214447841849,264.13629150390625,265.5563790926369,3950924
2019-10-03,269.4616394042969,270.5267051726933,260.94111325712544,264.13631056231475,8891382
2019-10-04,273.721923828125,274.78698967959633,271.23677017469197,271.5917921251824,7691915
2019-10-07,272.6568298339844,275.497005144755,270.8817202647527,274.431939403216,5092932
2019-10-08,273.0118713378906,273.72191521653275,271.94680551992747,272.6568493985696,5088917
2019-10-09,264.13629150390625,271.5917513447423,264.13629150390625,271.23672944755964,8426727
2019-10-14,263.0712585449219,266.2664560171274,261.29614883814105,263.4262804862781,14688516
2019-10-15,260.5860595703125,263.78125648602474,259.8760158112653,262.716190847454,9994456
2019-10-16,255.61578369140625,264.1363098144531,254.905739847819,262.7162221272786,12208364
2019-10-17,263.4262390136719,264.1362827845982,257.0358450753348,258.4559326171875,8885926
2019-10-18,262.7161865234375,265.5563615128801,262.00614277607684,265.2013396391998,5956854
2019-10-21,262.00616455078125,265.91140548582,261.6511426475959,264.84633977626396,4570574
2019-10-22,263.7812805175781,264.13630242944566,260.9411052226379,262.361192870108,4971040
2019-10-23,264.13629150390625,264.13629150390625,261.2961163264449,263.07122581235825,4064705
2019-10-24,270.8816833496094,270.8816833496094,266.97644282949705,267.3314646949618,12750908
2019-10-25,269.10662841796875,274.0769355391449,269.10662841796875,273.3668916646912,8223640
2019-10-28,274.7869567871094,274.7869567871094,270.52669389118523,271.59175961516627,7243786
2019-10-29,279.0472106933594,280.82232017614155,273.7218822450128,279.0472106933594,13551380
2019-10-30,281.5323791503906,283.30748872889245,276.5620723305855,279.0472257404881,11199167
2019-10-31,289.6978759765625,292.5380512312347,280.82232830571195,281.53237211938,24038661
2019-11-01,287.5677490234375,293.60312153380596,286.5026832863137,291.11796814718366,10009206
2019-11-04,292.5380554199219,292.5380554199219,287.21272674116113,287.5677486530785,8229135
2019-11-05,301.7686462402344,302.4786901137408,292.1830539478975,292.1830539478975,11961184
2019-11-06,308.1590270996094,308.1590270996094,300.3485448459326,302.12365444904094,13339309
2019-11-07,301.7686462402344,306.028909481273,298.92847074620863,303.8987778607537,11874714
2019-11-08,293.9581604003906,303.8987745202106,291.8280288032864,301.7686429231063,13226485
2019-11-11,286.5027160644531,292.5380892653152,286.14769411146125,292.5380892653152,8447587
2019-11-12,291.11798095703125,292.89309059701316,287.56776167706744,287.56776167706744,5316072
2019-11-13,289.6978759765625,294.3131607654048,286.85770072189035,286.85770072189035,4982554
2019-11-14,291.4730224609375,293.24813222013927,287.5677809906935,290.76297855725676,4877989
2019-11-15,299.63848876953125,302.47866401853156,293.60311636540564,293.9581382715307,9736952
2019-11-18,297.8633728027344,298.9284384980958,295.7332414120116,297.1533290058268,3777538
2019-11-19,298.928466796875,300.3485545251262,296.0882913403726,298.21842293274943,3798032
2019-11-20,294.3132019042969,298.9284873382605,293.2481360349206,298.9284873382605,6027873
2019-11-21,288.98785400390625,292.8930952742293,282.59745919792306,291.1179856059006,11718815
2019-11-22,291.8280029296875,292.53804673243616,286.8576963104471,286.8576963104471,7319917
2019-11-25,297.15338134765625,299.99355703556694,295.37827154271207,298.21844723062276,9091715
2019-11-26,298.2183837890625,303.5437120710101,297.153318132673,301.7686026436942,11090564
2019-11-27,299.9935607910156,302.4787145490477,298.2184509638498,301.05862668731504,5952772
2019-11-28,306.3839111328125,307.093954959308,300.3485386076007,301.7686262605917,9884036
2019-11-29,299.283447265625,310.2891256348235,298.2183816169929,308.1589943375593,11552430
2019-12-02,295.7332763671875,301.76864935427295,292.53807890343637,297.15336412885466,6767586
2019-12-03,296.7983093261719,301.7686159416819,295.7332436228483,295.7332436228483,7340205
2019-12-04,301.41363525390625,301.41363525390625,295.7332840594863,296.79834990844006,6065565
2019-12-05,298.2183837890625,302.4786464146205,298.2183837890625,301.7686026436942,5727907
2019-12-06,294.6681823730469,299.6384890636766,294.6681823730469,298.57342334425596,5191845
2019-12-09,302.833740234375,303.5437841739632,296.79836674787515,297.50841068746337,7316273
2019-12-10,301.7686462402344,303.18873398724725,300.70358042997475,303.18873398724725,3291268
2019-12-11,304.60882568359375,304.60882568359375,300.3485623873197,300.3485623873197,3798435
2019-12-12,303.5437316894531,307.0939507735403,302.8336878726357,305.67386313990545,6398487
2019-12-13,307.0939636230469,308.1590293928378,303.8987663136741,305.67387592999233,8981136
2019-12-16,313.8393859863281,314.9044517758745,307.44899124905,309.2241008982939,46360
2019-12-17,326.97515869140625,329.4603119062161,314.54939261735717,315.2594363930171,16791241
2019-12-18,324.135009765625,326.62016318113365,321.6498563501164,326.62016318113365,11668129
2019-12-19,322.71490478515625,323.7799704775165,320.5847734004358,323.4249485800631,9032898
2019-12-20,316.6795959472656,322.7149694126283,313.8394201988596,322.7149694126283,14087688
2019-12-23,318.8096618652344,319.51970565558014,313.83935533281425,316.32450859902434,3462155
2019-12-24,315.969482421875,318.099613764045,315.6144605315134,318.099613764045,3108958
2019-12-25,320.9398193359375,321.64986318402583,315.25946855123067,315.25946855123067,2911788
2019-12-26,318.8096618652344,326.97516545421036,318.8096618652344,326.2651216638646,5855027
2019-12-27,317.0345458984375,321.29480855328774,316.6795240105333,320.58476477747934,4173840
2019-12-30,317.0345458984375,317.74458967424584,315.9694802347249,317.0345458984375,2869387
2019-12-31,314.9044189453125,317.03455030232703,313.1293094811337,314.9044189453125,5710571
2020-01-02,313.4843444824219,316.67954165155186,312.77430066705966,315.96949783618965,6237434
2020-01-03,308.5140686035156,316.3245513529717,300.34856391090244,315.9695294098146,12375266
2020-01-06,301.0585632324219,306.38389159148596,301.0585632324219,303.89873835725604,8448516
2020-01-07,302.4786682128906,306.02888732337055,296.7983176361227,303.8987558570826,11707155
2020-01-08,305.67388916015625,309.9341524237124,301.0586039579704,302.47869171248914,9695448
2020-01-09,310.2891540527344,311.70924171430295,307.0939568142051,308.8690663911658,6951194
2020-01-10,306.7389221191406,313.12931632995605,302.47865931193036,312.0642506281535,7683248
2020-01-13,299.63848876953125,308.8690583287822,299.63848876953125,306.738926892032,10239998
2020-01-14,295.37823486328125,301.41360745063196,292.8930814449604,299.99351978302,19437055
2020-01-15,295.37823486328125,297.50836636469916,288.63281844212463,290.4079280266395,25888092
2020-01-16,298.928466796875,300.703576457189,294.66820361212143,297.5083790686238,13075722
2020-01-17,298.5734558105469,303.89878498671595,297.15336803023513,303.89878498671595,8525316
2020-01-20,297.50836181640625,299.6384932852588,296.0882741705045,298.9284494623079,5654773
2020-01-30,272.30181884765625,284.37256440283267,271.5917749914694,284.01754247473923,22330256
2020-01-31,275.49700927734375,279.0472284690621,271.23674624728176,273.36687776231275,10276123
2020-02-03,271.23675537109375,274.78697468223373,264.8463606110418,267.3315141288398,10441301
2020-02-04,277.2721252441406,310.6441864130897,277.2721252441406,309.2240987037727,9425276
2020-02-05,270.5267028808594,277.2721193568913,268.75159328190364,277.2721193568913,16153382
2020-02-06,271.23675537109375,277.2721282000317,269.81666764663777,270.52671150886573,10150866
2020-02-07,270.5267028808594,273.7219001589798,269.10661520169475,270.1716809610682,10226510
2020-02-10,269.816650390625,274.4319351999383,266.2664313065378,268.0415408485814,10628172
2020-02-11,276.9170837402344,277.98214944692756,271.23673330453727,271.23673330453727,11236133
2020-02-12,285.0826110839844,286.5026988104301,280.4673259730357,282.59745756270434,13580808
2020-02-13,290.05291748046875,292.5380709962133,288.6328297571862,290.05291748046875,15438270
2020-02-14,287.9227600097656,289.69786950427715,286.50267241415645,288.9878257064725,9177582
2020-02-17,282.59747314453125,283.66253899809107,279.7572975350385,282.24245119334466,9199824
2020-02-18,278.3371887207031,281.532386040201,278.3371887207031,279.75727641825773,7500223
2020-02-19,275.8520202636719,281.17734884019063,275.1419764534694,280.46730502998815,9008260
2020-02-20,279.75726318359375,279.75726318359375,275.1419783848796,277.9821536456268,8177571
2020-02-21,275.49700927734375,279.75727230740574,275.49700927734375,279.75727230740574,7800080
2020-02-24,267.6865234375,273.01185215310016,266.9764796087533,271.59176449560675,13066425
2020-02-25,268.7515869140625,271.9467841164754,263.4262582433743,265.9114116230288,10230047
2020-02-26,266.2664489746094,269.8166682942708,264.8463612467448,266.2664489746094,10856144
2020-02-27,255.61578369140625,268.3965728759766,255.61578369140625,266.9764851888021,14733370
2020-03-02,257.7458801269531,261.29609886148415,251.00046453134416,252.77557389860968,11499602
2020-03-03,264.13629150390625,268.751576167281,263.4262477095409,264.8463352982716,10014005
2020-03-04,263.0712585449219,264.49134631034656,258.4559733072917,263.7813024276342,10894688
2020-03-05,273.3668518066406,273.3668518066406,266.97645786830356,268.0415235246931,10735601
2020-03-06,268.7515869140625,271.5917622050962,267.33149926854566,269.81665264820015,7373406
2020-03-09,260.2310791015625,263.426276525729,256.32583780535896,261.6511668456365,11472891
2020-03-10,265.20135498046875,265.20135498046875,257.03585141346633,258.10091709611885,11832469
2020-03-11,257.7458801269531,267.68649258364,257.03583638004693,265.2013394694683,9371669
2020-03-12,238.57473754882812,254.55072443825858,238.57473754882812,252.77561478387744,19239208
2020-03-13,242.12496948242188,247.0952767738499,216.56338912650637,218.33849887344496,23633277
2020-03-16,227.2140350341797,243.19002187252042,227.2140350341797,236.44460520744323,12157253
2020-03-17,224.01882934570312,233.24939917611243,218.69350059739006,218.69350059739006,14275860
2020-03-18,214.07821655273438,228.2790932726504,214.07821655273438,224.0188302566756,14031612
2020-03-19,194.55198669433594,211.94805849729664,193.84194294727632,206.6227303943495,25712419
2020-03-20,213.72320556640625,213.72320556640628,203.78259135401527,210.17298620483805,17041676
2020-03-23,218.6934814453125,222.95374407087053,210.17295619419644,217.98343767438615,20264004
2020-03-24,234.314453125,240.34982540246213,231.47427793560607,238.5747159090909,13337078
2020-03-25,237.50967407226562,250.64548564277956,234.31447666322168,247.0952662993974,20283591
2020-03-26,243.9000701904297,244.96513599912151,232.89439016728076,240.70487276435418,11554093
2020-03-27,241.4149169921875,255.26077252556297,238.92976343491497,255.26077252556297,13224545
2020-03-30,238.92974853515625,238.92974853515625,229.3441568405809,233.95944173056162,10694349
2020-03-31,232.5393524169922,243.9000536037765,231.47428668073113,240.7048563949934,10806002
2020-04-01,237.15464782714844,237.15464782714844,231.11927505310422,236.4446039713785,6557209
2020-04-06,242.12496948242188,245.67518897629904,238.92977193793243,245.67518897629904,8234391
2020-04-07,246.38519287109375,248.5153242215643,245.67514908760356,247.09523665458394,8655322
2020-04-08,248.1603240966797,249.93543371110516,244.96512679071387,245.67517063648404,6885590
2020-04-09,249.5803985595703,252.77559569617932,246.74022332702899,252.77559569617932,8237776
2020-04-10,248.51536560058594,250.2904753548758,247.095277797154,250.2904753548758,6619621
2020-04-13,249.5803985595703,251.71052998397633,247.45026713516432,247.80528903923198,7148004
2020-04-14,259.5210266113281,261.65115815670157,251.00050042983446,251.35552235406337,13428196
2020-04-15,259.5210266113281,263.07124585361714,258.1009389144125,262.71622392938826,8618815
2020-04-16,256.68084716796875,259.5210225169919,255.97080333071293,256.3258252493408,6466648
2020-04-17,261.2961120605469,269.10659367105234,257.74589314668077,269.10659367105234,13317197
2020-04-20,262.7161865234375,265.2013396391998,260.2310334076753,263.42623027079816,5552576
2020-04-21,251.00051879882812,260.5861114545118,249.9354529481966,260.5861114545118,11227460
2020-04-22,245.6751708984375,249.93543397760118,242.8349955123284,248.5153462845466,12064371
2020-04-23,249.22535705566406,249.22535705566406,244.25505078959668,246.74020392263037,8791011
2020-04-24,247.45028686523438,250.64548425660755,247.09526493285958,249.22539652710836,6025467
2020-04-27,264.13629150390625,265.5563790926369,252.42056889687814,253.48563458842617,13194986
2020-04-28,266.2664489746094,266.2664489746094,258.100944539388,265.91142704264325,10595852
2020-04-29,282.59747314453125,284.01756094927765,274.43196826723954,284.01756094927765,31507975
2020-04-30,294.6681823730469,295.0232042795204,287.5677442435759,292.5380509342056,21757679
2020-05-04,283.66253662109375,287.5677780514217,282.59747077645886,286.85773415499847,11748303
2020-05-05,285.0826110839844,287.9227865368759,281.17736983625855,286.5026988104301,7287899
2020-05-06,289.6978759765625,290.7629416970646,285.0825911877202,287.56774453555835,8553772
2020-05-07,291.8280029296875,294.6681781406821,291.8280029296875,292.53804673243616,8084230
2020-05-08,292.18304443359375,296.79832946109883,292.18304443359375,294.66819790994265,6577964
2020-05-11,291.11798095703125,295.0232221649914,288.98784938905294,295.0232221649914,6480940
2020-05-12,288.98785400390625,290.7629636722349,286.8577224019119,289.6978978712377,5093041
2020-05-13,298.2183837890625,298.2183837890625,288.9878147670201,290.0528804234096,10514740
2020-05-14,291.8280029296875,297.5083533516766,288.6328058173187,296.08826574617933,8304088
2020-05-15,291.8280029296875,295.0232000420564,287.2127182118214,293.9581343379334,5763797
2020-05-18,312.7743225097656,320.9398269566721,309.93414704997207,320.9398269566721,25249990
2020-05-19,328.040283203125,329.46037100919915,325.20010759097676,328.39530515464355,21999164
2020-05-20,333.72064208984375,340.1110373639046,329.46037857380315,331.59051033182345,18417567
2020-05-21,329.8153381347656,335.1406665223022,326.9751629947461,333.72057895229244,9007736
2020-05-22,313.8393859863281,323.06995616239664,312.419298266933,317.03458335496725,15401024
2020-05-25,326.62017822265625,326.62017822265625,318.80969569994056,320.58480536419415,11317742
2020-05-26,326.62017822265625,332.3005291482677,325.2000904912534,326.62017822265625,6684259
2020-05-27,329.8153381347656,330.8804038122729,326.2651192097412,330.17036002726803,8149230
2020-05-28,326.62017822265625,333.01057301396906,322.00489309559697,332.3005291482677,10968535
2020-05-29,328.7502746582031,331.5904498172373,322.004858655497,326.6201432889275,9537183
2020-06-01,327.68524169921875,333.720614514914,326.6201759082137,332.30052679357397,8722266
2020-06-02,344.3712463378906,348.27648727574297,340.4660054000382,346.50137775853733,17040745
2020-06-03,347.9215087890625,350.40666242327006,345.7913771025988,349.34159658003824,9435845
2020-06-04,347.9215087890625,350.05164047552614,342.2411576251594,344.37128931162306,8177190
2020-06-05,350.76171875,353.24687262778343,348.6315868547571,350.05167478491904,8352917
2020-06-08,351.1166076660156,358.5720664738886,350.0515421220338,351.82665136200353,9669114
2020-06-09,353.246826171875,354.66691391527957,346.1463874548524,348.63154100581033,7942284
2020-06-10,355.02191162109375,357.1520430908203,351.4716925048828,351.82671441650393,6677972
2020-06-11,352.5367126464844,361.41225928914514,352.18169078077796,355.0218657064294,10694186
2020-06-12,349.696533203125,351.82666436984454,335.8506806194479,335.8506806194479,11862920
2020-06-15,349.696533203125,358.5720797311231,349.696533203125,353.6017736754441,7204482
2020-06-16,362.12237548828125,362.12237548828125,348.9865638284122,349.34158576516546,11665647
2020-06-17,362.12237548828125,366.38263872931986,358.57215612074907,362.8324193617877,6203179
2020-06-18,364.25250244140625,365.67259017022263,360.70228311936523,365.67259017022263,5395592
2020-06-19,387.6839294433594,397.62454301883014,367.80270229241785,369.22278994605654,21698522
2020-06-22,408.9852600097656,408.9852600097656,387.683944384257,392.65425136354236,17770887
2020-06-23,407.565185546875,421.76606309206227,396.2044835107252,411.82544881043117,15468824
2020-06-24,411.825439453125,414.66561489762927,403.304913119612,406.14508856411635,9137582
2020-06-29,401.1747741699219,408.9852564988938,399.75468647374515,401.8848180180102,11967207
2020-06-30,411.1153259277344,411.1153259277344,403.30484477884823,404.01488851965604,9477547
2020-07-01,409.6952819824219,421.7660268588537,408.27519434990046,418.92585159381093,7577668
2020-07-02,407.565185546875,413.24553656494993,406.85514166961565,409.6953171786531,6018098
2020-07-03,415.37567138671875,416.79575915214343,408.27523255959534,408.27523255959534,8709502
2020-07-06,425.86004638671875,425.86004638671875,419.3528470361577,424.41400208659405,7257983
2020-07-07,446.8276672363281,456.9499768500961,430.19815858513795,432.3672249309454,19356242
2020-07-08,477.91766357421875,487.3169519652397,451.88886495292996,454.78095368862876,21759399
2020-07-09,470.6874694824219,479.36373620099187,462.7342249903994,477.91769174789687,17160954
2020-07-10,445.3816833496094,467.7953719597358,445.3816833496094,463.4572386803565,16945547
2020-07-13,454.7810363769531,462.01125953079975,446.8277909077218,452.6119694307991,10446840
2020-07-14,441.7666320800781,454.0580113687219,441.04360976898147,453.3349890576252,9142920
2020-07-15,440.320556640625,446.82775698506777,432.36731177519505,442.4896234221059,14629162
2020-07-16,433.09033203125,442.4896213741653,433.09033203125,434.53637654554467,7417218
2020-07-17,438.8744812011719,439.59750341072896,430.9212368960435,432.3672813151578,8994459
2020-07-20,434.53631591796875,441.7665374806637,426.5830721990043,440.3204931681247,9008151
2020-07-21,460.5651550292969,464.90328835767326,442.4895994943951,442.4895994943951,15777808
2020-07-22,480.0867004394531,484.4248332747494,470.68741262964454,476.4715897433729,17852109
2020-07-23,489.48602294921875,496.716244853934,472.1334903779023,475.74860133025993,17281987
2020-07-24,488.03997802734375,508.2845993381076,484.42486707899303,489.486022406684,24419901
2020-07-27,526.3602294921875,532.867430131514,499.60840464162305,502.50049381465703,21292219
2020-07-28,491.65509033203125,551.6659322402056,491.6550903320312,535.7594440235811,36040539
2020-07-29,493.1011657714844,501.77743261790346,482.2558322134605,493.82418800868595,14464939
2020-07-30,493.8241882324219,501.7774328452427,484.4248991445427,495.99325494500937,13693896
2020-07-31,506.838623046875,511.1767567676756,484.42493215607163,490.2091104504725,14518563
2020-08-03,503.2234802246094,537.2055255846046,502.5004579829074,537.2055255846046,25733096
2020-08-04,529.2523803710938,529.2523803710938,506.1156642892973,508.2847314219657,19226303
2020-08-05,527.8062133789062,534.3134132698791,522.0220356980416,531.4213244294467,13000226
2020-08-06,529.2523803710938,544.4358502997726,527.8063356159814,532.1444698813183,12890678
2020-08-07,509.7306823730469,532.1443719525709,509.0076601285461,527.8062384855663,14627882
2020-08-10,510.4536437988281,516.2378210656703,503.2234222152753,503.2234222152753,11142754
2020-08-11,501.05438232421875,511.8997152749594,499.60833793078666,504.669493307799,9919208
2020-08-12,491.65509033203125,498.88531224867876,487.3169571820427,494.5471790986902,11113131
2020-08-13,494.5472106933594,507.5616109747636,485.14792160123415,506.115566499052,11410405
2020-08-14,491.65509033203125,493.8241569070255,484.4248684153837,484.4248684153837,9672925
2020-08-17,495.27020263671875,498.1622914112397,489.48602508767675,494.5471804430885,6056362
2020-08-18,446.1046447753906,464.1801976431131,446.1046447753906,446.1046447753906,42330663
2020-08-19,440.320556640625,452.61193506901685,437.42846759865046,446.82775698506777,23597107
2020-08-20,408.5075378417969,441.76655862183696,398.38522716961074,435.98238109487346,34165307
2020-08-21,436.7054443359375,438.15148885360617,420.0759323827478,421.52197690041646,21528784
2020-08-24,422.968017578125,433.8133513621795,421.5219730735844,433.0903291099092,14910954
2020-08-25,425.86004638671875,429.47515713703046,422.24493563640704,428.02911283690577,9904789
2020-08-26,417.9068603515625,423.691038349508,414.29174910284655,422.96801609976484,10781130
2020-08-27,403.4464416503906,423.6910659625966,401.27737475979717,421.52199907200315,14917596
2020-08-28,415.0147399902344,415.7377621853393,399.8312738930307,403.44638486855536,13150295
2020-08-31,402.0003662109375,421.5219667283751,399.1082772453912,419.35290000421537,17151699
2020-09-01,416.4608154296875,417.1838376786974,399.8313037024604,404.16943719651965,10727355
2020-09-02,430.92120361328125,440.32049161155754,426.5830706909999,437.4284029967033,18844801
2020-09-03,435.98236083984375,444.6586267272038,432.3672500534437,443.9356045699238,13478883
2020-09-04,435.98236083984375,441.0435159408038,420.7988955369636,425.8600506379236,13800424
2020-09-07,432.3673400878906,443.21267470547986,428.75222854869423,439.59756316628346,7040189
2020-09-08,436.7054443359375,443.93566692428084,432.3673107829315,435.25939981826883,6683057
2020-09-09,430.1982421875,433.09033121060924,423.6910418855042,429.4752199317227,10096718
2020-09-10,433.09033203125,438.8745100884287,432.3673097741027,434.53637654554467,7278603
2020-09-11,430.1982421875,435.98242023371847,423.6910418855042,432.36730895483197,7587495
2020-09-14,440.320556640625,441.0435789011187,425.8601114307523,430.92126725420775,8675428
2020-09-15,441.7666320800781,443.9356990133682,435.9824535913046,440.32058745788476,7364558
2020-09-16,446.1046447753906,454.0578880371885,445.3816226606817,446.8276668900995,10590991
2020-09-17,433.09033203125,441.76659911701796,428.75219848836605,441.04357685987065,12572944
2020-09-18,441.7666320800781,441.7666320800781,427.3061858581443,433.09036434691785,11400876
2020-09-21,445.3816833496094,451.1658610554485,441.0435500702301,443.9356389231496,8107351
2020-09-22,435.98236083984375,444.6586267272038,435.25933868256374,443.9356045699238,7610728
2020-09-23,446.1046447753906,447.5506890048084,440.3204678577194,440.3204678577194,6545842
2020-09-24,433.81329345703125,445.3816479492188,433.8132934570313,438.1514263916016,8632965
2020-09-25,422.968017578125,439.5975293803419,420.0759285690438,437.428462623531,7846337
2020-09-28,435.98236083984375,438.87444946896375,420.07587337968357,421.5219176942436,7734975
2020-09-29,441.04351806640625,443.9356067094647,438.1514294233479,438.1514294233479,5464334
2020-09-30,438.8744812011719,446.82772550630017,438.8744812011719,444.65865887762885,5974893
2020-10-05,441.7666320800781,446.1047659466583,441.04360976898147,443.9356990133682,5000804
2020-10-06,444.6586608886719,447.55074973998035,442.4895942501906,446.82772752715323,3949603
2020-10-07,467.7953796386719,475.7486241147544,443.21262398532593,446.10471288571955,17770203
2020-10-08,484.4248962402344,489.486051872595,469.9644515763468,477.19467390829055,15485367
2020-10-12,516.2379150390625,522.0220933588279,505.3925806895023,513.3458258791798,21415450
2020-10-13,505.39251708984375,514.7918056766363,501.05438389593957,514.7918056766363,7920165
2020-10-14,498.1623229980469,504.6695231533189,496.71627851909756,500.3313897164709,5713855
2020-10-15,498.1623229980469,511.1767233085909,498.1623229980469,501.05441195594557,6967919
2020-10-16,491.65509033203125,502.5004232070025,491.6550903320312,498.162290057014,5020630
2020-10-19,500.331298828125,502.5003651525244,493.8240998549268,493.8240998549268,3933553
2020-10-20,503.9465026855469,503.9465026855469,493.82419129731494,497.43930250739777,4936501
2020-10-21,499.60833740234375,513.3457591254183,496.7162486185386,509.0076259497106,5171741
2020-10-22,497.43927001953125,503.2234475778979,495.27020343514374,497.43927001953125,5090155
2020-10-23,490.208984375,501.77733798856934,490.208984375,498.1622274843289,4854113
2020-10-26,487.3170166015625,495.99328395945383,485.87097204191394,491.65515028050817,4322931
2020-10-27,495.27020263671875,497.4392692176095,485.87091411952554,487.316958506786,6036221
2020-10-28,492.3780822753906,498.1622594533688,488.03994939190704,495.27017086437974,6105449
2020-10-29,494.5472106933594,496.71627740692674,481.5328104119552,484.42489936337836,4525881
2020-10-30,490.208984375,493.10107277839234,484.42480756821533,490.208984375,6372434
2020-11-02,472.1335144042969,498.8853368131161,469.96444772250067,498.8853368131161,13777031
2020-11-03,480.80975341796875,488.762997459469,477.1946424900141,477.917664675605,8253830
2020-11-04,489.48602294921875,495.27020047299095,477.91766790167446,485.1478898063897,9284414
2020-11-05,503.2234802246094,503.2234802246094,490.932102115675,495.2702355658871,11678906
2020-11-06,506.11553955078125,509.0076283482143,500.3313619559152,506.83856175013955,7345707
2020-11-09,507.56158447265625,516.2378508738982,501.0543846717248,513.3457620734843,6544760
2020-11-10,495.9932861328125,507.5616426606915,492.37817471785036,507.5616426606915,6006693
2020-11-11,488.7630310058594,493.101164417154,478.64071971283863,478.64071971283863,7981123
2020-11-12,486.593994140625,493.8242169361766,485.14794958151464,489.4860832588456,4170904
2020-11-13,488.03997802734375,489.486022406684,482.25580050998263,485.14788926866316,4677318
2020-11-16,501.7774353027344,502.50045754380454,492.37814616882144,495.27023513310235,6299216
2020-11-17,503.2234802246094,508.2846359165236,499.6083690160993,506.8385914331195,6367119
2020-11-18,526.3602294921875,526.3602294921875,506.83862757420803,507.56164986746654,21063886
2020-11-19,529.975341796875,533.5904532688864,525.6372080304614,529.2523195024727,8842836
2020-11-20,540.0975952148438,545.1587507255585,522.7450620352504,529.2522619775979,11419475
2020-11-23,537.2055053710938,548.0508385885452,533.5903942986099,545.1587497305582,7022977
2020-11-24,536.4824829101562,543.7127050518026,530.6983051968392,543.7127050518026,5754058
2020-11-25,523.4680786132812,540.8206116059868,523.4680786132812,539.3745671899279,7106689
2020-11-26,527.8062133789062,532.8673688496629,524.1911023283658,529.9752800092306,3654252
2020-11-27,524.191162109375,528.529295864763,521.2990729391164,524.191162109375,3418735
2020-11-30,509.0076599121094,519.129971330816,508.284637667916,514.0688156214627,13232551
2020-12-01,503.9465026855469,511.8997473477291,501.0544137174806,506.11556941159654,8450506
2020-12-02,514.791748046875,518.4068586370919,502.50037204013785,510.45361533861484,8354076
2020-12-03,506.11553955078125,516.9608725411551,504.66949515206477,516.9608725411551,6972483
2020-12-04,509.7306823730469,511.1767268620484,503.2234821725399,506.11557115054296,5398397
2020-12-07,509.0076599121094,511.8997488888827,502.5004597143693,509.7306821563027,5457769
2020-12-08,527.8062133789062,528.5292355890143,507.5615914958797,508.2846137059878,10014080
2020-12-09,530.6983642578125,539.3746317933626,527.8062750792958,531.4213865524416,7869170
2020-12-10,512.6227416992188,527.806207955472,510.45367509118256,527.806207955472,7733557
2020-12-11,511.1767578125,522.022092136669,506.8386240828324,520.5760475601131,7453209
2020-12-14,507.56158447265625,513.3457620734843,505.39251787234576,510.45367327307025,3884022
2020-12-15,506.838623046875,510.4537344808755,503.2235116128744,507.5616453336751,5077673
2020-12-16,506.838623046875,516.2379127752763,506.83862304687494,514.0688459148761,6247245
2020-12-17,509.0076599121094,514.0688156214627,505.3925486911427,508.284637667916,5996672
2020-12-18,505.39251708984375,511.8997168807001,505.3925170898438,509.00762808476395,4853449
2020-12-21,511.8997802734375,511.8997802734375,498.1623567915232,504.66955738821946,5371824
2020-12-22,508.2846374511719,522.0220600849873,508.2846374511719,511.899748670597,6412332
2020-12-23,520.575927734375,522.0219719780816,509.7305959065755,511.8996622721354,5329119
2020-12-24,516.2379150390625,524.1911602287399,516.2379150390625,523.4681379387692,3320736
2020-12-25,516.9609375,522.0220935314686,514.7918706293707,520.576048951049,2209747
2020-12-28,535.0364379882812,535.7594602017789,522.7450603588208,523.4680825723184,10540685
2020-12-29,530.6983642578125,539.3746317933626,530.6983642578125,535.7595203202167,4566021
2020-12-30,539.3745727539062,539.3745727539062,531.4213283835403,535.0364394609794,5614368
2020-12-31,540.0975952148438,544.4357285097421,536.4824841357619,540.0975952148438,4626983
2021-01-04,572.6336059570312,576.9717393354936,543.7127167672822,545.8817834565134,13995441
2021-01-05,576.2487182617188,581.3098738800777,560.342229175448,575.5256960305246,9187166
2021-01-06,572.6336059570312,588.5400950113932,567.5724503488252,579.8638282544686,9257326
2021-01-07,577.6947631835938,584.2019632695166,567.5724519388249,574.0796520247477,7450197
2021-01-08,605.8926391601562,610.2307726147636,579.8638384325124,585.6480163719888,13239667
2021-01-11,615.2919311523438,618.9070423812059,603.7235752199847,609.5077531861642,7932068
2021-01-12,611.6768188476562,627.5833082266732,608.7847298696531,619.6300635371648,10297170
2021-01-13,639.1516723632812,649.9970061703506,614.5689157339243,618.1840270029473,15302374
2021-01-14,622.5220947265625,636.9825382742177,617.460939484883,630.4753386777729,11167095
2021-01-15,614.5689086914062,637.705620548024,608.7847307272518,634.8135315659467,9779613
2021-01-18,610.230712890625,615.2918680923245,590.7091142554983,614.5688459206532,8819889
2021-01-19,635.5364990234375,636.2595212066269,617.4609444437039,622.5220997260293,7901499
2021-01-20,630.4754028320312,649.2739813568395,629.0293583301229,639.8746920944354,11007193
2021-01-21,675.3027954101562,676.0258176750494,642.0437712250737,643.4898157548598,17528460
2021-01-22,663.0112915039062,683.9789332199513,656.5040923506509,660.8422251194878,16199876
2021-01-25,657.9501953125,668.7955282022665,644.2127736521292,663.0113506610577,8944898
2021-01-26,629.7523803710938,666.6265151574609,629.7523803710938,660.8423371517563,9931150
2021-01-27,648.5509643554688,654.3351424099211,629.7523856784986,636.982608246564,10941305
2021-01-28,628.3062133789062,636.2594565862341,623.9680807203637,626.137147049635,17650820
2021-01-29,632.6444702148438,652.8890932617188,632.6444702148438,642.7667817382812,17441562
2021-02-01,654.3350830078125,657.2271717724878,632.6444172727469,640.5976613756043,13528273
2021-02-02,673.1336669921875,688.3171331649436,665.1804228064581,668.7955337999714,14420674
2021-02-03,686.8711547851562,693.3783551989104,681.0869766395971,684.7020879805716,10829429
2021-02-04,683.97900390625,689.0401593262751,661.5653156175674,674.5797152690606,13169744
2021-02-05,686.8711547851562,713.6229787083677,686.8711547851562,690.4862661261308,15290557
2021-02-17,708.561767578125,730.2524339325574,702.0545676717953,723.0222118144133,11840037
2021-02-18,707.1156616210938,713.6228609611652,699.8854401321256,708.5617059188875,6292915
2021-02-19,696.993408203125,704.9466524876005,689.0401639186495,702.0545636568821,7255611
2021-02-22,687.5941772460938,708.5618230296234,687.5941772460938,702.7776448824428,7422176
2021-02-23,697.7163696289062,699.8854360629857,673.8566388540316,683.2559267350429,7807365
2021-02-24,679.640869140625,699.1624685733876,679.640869140625,685.4250467503324,7540161
2021-02-25,682.532958984375,690.4862032098284,672.4106481519796,686.8710921982587,7139928
2021-02-26,647.8279418945312,673.1337208747864,647.8279418945312,667.3495428221566,15220271
2021-03-02,650.719970703125,678.9178361002604,650.719970703125,665.1804144965278,13479811
2021-03-03,672.4107055664062,672.4107055664062,647.1049263246598,661.5653716056578,8671779
2021-03-04,648.5509643554688,664.4574540052126,647.1049198418557,664.4574540052126,12248552
2021-03-05,638.4286499023438,644.9358501844741,629.0293606059332,634.0905163809235,10351724
2021-03-08,626.8602294921875,657.227161024681,626.1372073128424,651.4429835899203,9488584
2021-03-09,635.5364990234375,639.8746321225736,617.4609444437039,621.7990775428399,9399408
2021-03-10,624.691162109375,644.9357831036604,621.7990733959057,643.4897387469257,9346906
2021-03-11,642.0437622070312,647.1049179901947,625.4142503480654,628.306339367016,9451838
2021-03-12,649.9970092773438,661.5653653935145,644.935853476519,650.7200315346045,7841829
2021-03-15,655.7811889648438,660.8423447782438,650.7200331514435,650.7200331514435,6825630
2021-03-16,664.4573364257812,664.4573364257812,655.0580487505525,663.0112921680537,6741317
2021-03-17,656.504150390625,668.7955276556478,652.1660172382641,668.0725054635876,5862315
2021-03-18,652.8890380859375,665.1804153256505,652.8890380859375,660.8422821822224,4563993
2021-03-19,639.8746948242188,647.8279396186441,636.2595835540254,647.1049173646054,7668776
2021-03-22,636.982666015625,644.2128892394119,630.4754651142168,636.2596436932463,7131194
2021-03-23,629.029296875,644.935784841954,629.029296875,643.4897404813219,8388784
2021-03-24,646.3818359375,647.1048581253496,626.1372146777124,630.4753478048098,6887986
2021-03-25,686.1480712890625,686.8710934927391,647.8278944942044,653.6120721236169,16360212
2021-03-26,681.8099365234375,690.486202947914,672.4106478969214,687.5941141397551,11651662
2021-03-29,680.3639526367188,701.331598360911,680.3639526367188,689.0402198329363,9564671
2021-03-30,702.0545654296875,706.3926986867195,680.3638991445273,692.6552767061181,12406387
2021-03-31,700.6085205078125,711.4538536426084,694.1013206269349,702.7775871347717,9109221
2021-04-01,694.8243408203125,712.176873785648,694.8243408203125,707.1157183374252,5681893
2021-04-07,721.5762329101562,730.2525002397373,714.3460101355054,726.6373888524118,5493804
2021-04-08,737.4826049804688,744.7128265979243,712.1768293193742,714.3458958046109,8021763
2021-04-09,722.2991943359375,744.7128830490647,722.2991943359375,741.0977719663023,6402048
2021-04-12,694.101318359375,726.6373176574707,691.2092295328775,720.8531400044759,10334862
2021-04-13,694.8243408203125,711.4538515787591,688.3171409583116,703.5006073029803,9547951
2021-04-14,697.7163696289062,700.6084582076788,676.0257052881112,697.7163696289062,8708863
2021-04-15,712.1769409179688,712.1769409179688,691.9323172167473,702.054629067358,5936707
2021-04-16,704.946533203125,715.7918644831731,699.1623565204327,715.7918644831731,6313141
2021-04-19,696.2703857421875,712.1768743053527,695.5473635347709,712.1768743053527,4552119
2021-04-20,721.5762329101562,730.2525002397373,696.2704531988782,698.4395200312734,9725033
2021-04-21,714.3460083007812,730.252498364159,710.7308969227408,730.252498364159,6691346
2021-04-22,711.4539184570312,730.2524976032537,711.4539184570312,722.2992525798519,5787315
2021-04-23,748.3279418945312,748.3279418945312,708.5617227600393,708.5617227600393,10968902
2021-04-26,773.6337280273438,788.0941715418736,744.7128409982843,773.6337280273438,11328469
2021-04-27,770.0186767578125,795.3244548672242,762.7884544408377,777.2488990747872,8213859
2021-04-28,780.8638916015625,788.0941128200955,762.78833855523,777.248780992296,8985602
2021-04-29,856.7811889648438,856.7811889648438,856.7811889648438,856.7811889648438,6156406
2021-05-03,798.9395751953125,849.5511319950155,780.8640191954185,849.5511319950155,24923162
2021-05-04,784.4790649414062,798.9395085347962,741.0977341612363,795.3243976364488,18013299
2021-05-05,726.6373901367188,795.3245066173041,722.2992564642607,788.094283829874,13757415
2021-05-06,762.7884521484375,770.0186744436833,723.0222295245853,744.7128964103229,14573730
2021-05-07,766.403564453125,770.0186756062058,737.4826752284788,762.7884533000442,9285007
2021-05-10,707.8386840820312,741.0977029459469,707.8386840820312,733.8674814537914,18810805
2021-05-11,658.6732177734375,677.4717947900231,649.2739292651448,651.4429958439816,24921478
2021-05-12,642.0437622070312,664.4574521038984,593.6012711396088,650.720029263883,31011290
2021-05-13,631.1983642578125,654.3350740587862,622.5220980824474,640.5976526144581,16643374
2021-05-14,647.1049194335938,665.1804758423533,642.043763639141,646.3818971772433,11830221
2021-05-17,660.8422241210938,677.4717330431781,628.3062284039721,636.2594718014907,16218012
2021-05-18,718.6841430664062,718.6841430664062,665.1804945886255,679.6409401231609,16219814
2021-05-19,681.8099365234375,717.2380244233829,681.8099365234375,710.7308246050255,12478300
2021-05-20,672.4107055664062,686.1481285833544,669.5186165102067,678.1948836788055,10698579
2021-05-21,690.4862670898438,703.5006679355163,676.7488439749673,694.8244007050679,13762585
2021-05-24,681.8099365234375,693.3782917560727,678.194825513239,686.8710919377154,6032351
2021-05-25,688.3171997070312,700.6085782732283,684.7020883640322,690.4862665128308,8682040
2021-05-26,687.5941772460938,699.8855558088525,684.7020881725034,694.1013776616719,5834656
2021-05-27,676.0258178710938,688.3171963778409,673.1337288106826,683.2560405221215,9218405
2021-05-28,694.8243408203125,699.8854962685353,678.1948300618659,686.8710965445337,7578285
2021-05-31,719.4071044921875,730.252437725738,693.3783047316662,702.0545713185065,9520375
2021-06-01,706.3927001953125,733.8675442151916,705.6696779842631,726.6373221046971,7203678
2021-06-02,693.3782958984375,714.3459398828531,691.9322514857191,709.284784438339,6983814
2021-06-03,709.2848510742188,711.4539178970757,697.7164946856484,699.8855615085054,4708980
2021-06-04,706.3927001953125,706.3927001953125,698.4394558737686,702.0545669290158,4043131
2021-06-07,703.5005493164062,705.6696157582862,685.4249956340731,702.0545050218195,5332777
2021-06-08,698.439453125,706.3926974152432,698.439453125,704.9466529988354,3549078
2021-06-09,699.1624755859375,711.4538531298475,696.2703867520764,696.2703867520764,3936851
2021-06-10,721.5762329101562,726.6373888524118,706.3927650833895,708.5618319157846,9017839
2021-06-11,708.561767578125,730.2524339325574,708.561767578125,726.6373228734853,5961361
2021-06-15,715.0689697265625,726.6373251518658,712.1768808702366,717.2380363688069,5175020
2021-06-16,712.1769409179688,719.4071636684049,709.2848518177942,719.4071636684049,4946749
2021-06-17,707.1156616210938,707.8386837699907,699.8854401321256,707.1156616210938,6201886
2021-06-18,697.7163696289062,715.7919232462353,697.7163696289062,708.5617017993037,5918101
2021-06-21,663.7343139648438,694.8242654904301,663.7343139648438,694.101243361928,11173057
2021-06-22,652.8890380859375,662.2883265633651,643.4897496085098,652.1660158953661,13992257
2021-06-23,680.3639526367188,680.3639526367188,649.2739951836062,652.8891065153636,8867351
2021-06-24,671.6876220703125,684.7020216367987,670.2415776740363,683.2559772405224,3484444
2021-06-25,670.2416381835938,688.3171947689118,670.2416381835938,679.6409276079592,4975532
2021-06-28,676.0258178710938,676.0258178710938,666.6265284247577,671.687684280477,3842050
2021-06-29,676.0258178710938,686.1481295825325,676.0258178710938,681.0869737268131,5371399
2021-06-30,695.54736328125,707.115718595699,681.8099413453417,683.2559857596478,10422047
2021-07-01,690.4862670898438,705.6697347431283,685.4251112054156,702.0546233971082,5520582
2021-07-02,691.9322509765625,696.9934064173524,689.040162153254,696.2703842115253,4595609
2021-07-05,691.9322509765625,704.9466506814508,691.9322509765625,694.1013175940438,7408825
2021-07-06,693.4364013671875,706.9742052984341,691.9322009303822,704.7179046432263,6914325
2021-07-07,689.6759033203125,697.9490057592693,689.6759033203125,696.4448053158226,5159765
2021-07-08,691.9321899414062,698.7010917995287,687.419588702658,691.9321899414062,5934229
2021-07-09,691.1801147460938,698.7011170828304,685.1633128767045,688.1717138113991,5129084
2021-07-12,703.2138061523438,707.7264081169577,699.4533045151654,706.9743077895221,5646291
2021-07-13,696.4448852539062,709.9826907987987,696.4448852539062,706.9742895666003,6948022
2021-07-14,699.4533081054688,705.4701107558383,695.6928064489877,698.7012077741725,3359604
2021-07-15,715.2474365234375,715.9995368773002,699.4533290923206,703.2138308616342,7385920
2021-07-16,719.760009765625,722.0163107366772,707.7264045866804,712.9911068524686,5866395
2021-07-19,691.1801147460938,710.7347208216089,688.1717138113991,707.7263198869142,6987035
2021-07-20,691.9321899414062,697.9489915930707,688.171688909116,689.6758893220322,3114282
2021-07-21,685.9154052734375,700.2053095499674,681.4028039229544,696.4448084245648,4941452
2021-07-22,691.1801147460938,700.2053175501776,688.1717138113991,688.1717138113991,4204358
2021-07-23,701.7095947265625,702.4616950424538,694.940691883541,700.9574944106712,4496889
2021-07-26,694.1885986328125,706.9743041330918,691.932297662175,706.9743041330918,4293853
2021-07-27,705.4700927734375,712.9910958946895,694.9406884036847,697.9490896521855,7973169
2021-07-28,669.3692626953125,700.95747509217,667.1129618098227,700.2053747970067,16290546
2021-07-29,701.7095947265625,703.213795358345,679.1465852498242,688.1717890405195,9074984
2021-07-30,684.4111938476562,704.7178995991801,682.154893208598,703.2136991731413,5727104
2021-08-02,702.461669921875,702.461669921875,691.9322658759369,694.9406670319192,3940140
2021-08-03,705.4700927734375,712.9910958946895,699.453290276436,712.9910958946895,2919205
2021-08-04,714.4953002929688,716.7516012412624,707.726397448088,712.9910996607731,6059477
2021-08-05,722.768310546875,725.0246112041493,715.999408575052,722.0162103277836,6733053
2021-08-06,703.9658813476562,719.7599876599434,703.2137810470712,719.0078873593583,3774421
2021-08-09,692.684326171875,697.9490278908795,685.1633237161543,697.9490278908795,4368676
2021-08-10,693.4364013671875,699.4532031144082,688.9238000567719,699.4532031144082,2445401
2021-08-11,684.4111938476562,688.9237951257726,681.4027929955786,686.6674944867144,4502303
2021-08-12,679.898681640625,694.188587560063,677.642380705977,694.188587560063,4215356
2021-08-13,684.4111938476562,688.9237951257726,677.6422919304816,683.6590936346369,4646391
2021-08-16,677.642333984375,690.4280383991745,676.8902337246809,684.4112363216218,3692905
2021-08-17,677.642333984375,677.642333984375,677.642333984375,677.642333984375,0
2021-08-18,685.9154052734375,685.9154052734375,650.5666946946528,654.3271958200555,6008564
2021-08-19,667.8651123046875,687.4197214487436,663.3525101945206,682.9071193385769,5483659
2021-08-20,656.58349609375,679.8986030569873,654.3271954198883,676.1381019338845,5459224
2021-08-23,685.163330078125,688.1717310883473,663.3524227540134,663.3524227540134,5262045
2021-08-24,683.6591796875,691.9322830720572,679.146577841378,691.9322830720572,2822689
2021-08-25,685.163330078125,688.1717310883473,676.8902273000137,688.1717310883473,3927236
2021-08-26,667.8651123046875,682.1550189868824,654.3273059741871,681.4029186351879,9234116
2021-08-27,673.8819580078125,673.8819580078125,656.5836488178797,656.5836488178797,5490911
2021-08-30,685.9154052734375,685.9154052734375,675.3860021223102,678.3944030226322,4109689
2021-08-31,677.642333984375,689.6759381394804,665.6087298292696,689.6759381394804,7520536
2021-09-01,697.197021484375,699.4533225247775,681.4029142015575,689.6760180163667,9142513
2021-09-02,701.7095947265625,710.7347985172578,697.1969928312149,699.4532937788887,5703535
2021-09-03,691.1801147460938,705.4700191858933,689.6759142787464,705.4700191858933,5908319
2021-09-06,673.8819580078125,689.6760663986206,673.1298576082502,682.1550624029976,8142260
2021-09-07,679.1465454101562,682.1549464972444,674.633943779524,677.6423448666121,3726008
2021-09-08,685.9154052734375,687.4196057235985,673.1297014470686,676.1381023473907,4347700
2021-09-09,677.642333984375,682.9070358022336,675.3860332052927,679.1465345037632,6296716
2021-09-10,695.6928100585938,695.6928100585938,678.3945023490287,679.1466026842272,4767470
2021-09-13,697.197021484375,700.9575232183792,690.4281183631675,690.4281183631675,2943072
2021-09-14,712.239013671875,713.7432143343289,700.9575087034715,700.9575087034715,8030381
2021-09-15,703.2138061523438,710.7348094267004,697.9491038602941,709.2306087718291,5098265
2021-09-16,703.9658813476562,703.9658813476562,696.4448783418052,699.4532795441456,2831392
2021-09-17,706.9743041992188,715.999508082613,703.965902904754,706.9743041992188,7222343
2021-09-22,685.163330078125,695.692733613903,676.8902273000137,690.4280318460139,8331836
2021-09-23,688.1716918945312,692.6842931528561,680.6506897973233,691.1800927334144,5235288
2021-09-24,691.9321899414062,694.1884905607805,685.9153882897419,690.4279895284902,4824937
2021-09-27,721.26416015625,721.26416015625,692.6843498476603,692.6843498476603,10615379
2021-09-28,719.760009765625,728.7852136498335,710.7348058814165,721.2642104129931,7201265
2021-09-29,686.6675415039062,709.2305494394125,686.6675415039062,706.9742486458618,8299794
2021-09-30,680.6507568359375,688.1717596739036,673.8818542817679,686.6675591063104,7633321
2021-10-01,665.6087646484375,680.6507706291932,663.3524637513242,680.6507706291932,6270815
2021-10-04,670.87353515625,676.1382377863999,660.3441298959501,670.87353515625,4562934
2021-10-05,652.0709228515625,660.3440256789756,643.0457197671118,655.8314241367503,8653551
2021-10-06,655.079345703125,669.3692510628947,655.079345703125,658.0877468314975,5342508
2021-10-07,685.163330078125,687.4196308357917,664.104523006569,665.6087235116802,6379657
2021-10-08,684.4111938476562,695.6926970429472,681.4027929955786,691.1800957648309,4246459
2021-10-12,667.1129150390625,682.9070201301789,665.6087145541942,682.1549198877448,6289120
2021-10-13,648.3103637695312,671.6254696591548,648.3103637695312,670.121269279179,5526679
2021-10-14,631.7642211914062,656.5835298810686,631.0121209280832,654.3272290910993,8578196
2021-10-15,644.5498657226562,646.0540661094069,637.028863788903,641.5414649491549,6129997
2021-10-18,652.0709228515625,660.3440256789756,646.8062210522996,648.3104215663748,5973592
2021-10-19,675.3861083984375,676.8903090852938,655.8314994693069,659.5920011864473,5917354
2021-10-20,677.642333984375,690.4280383991745,677.642333984375,684.4112363216218,4486883
2021-10-21,686.6675415039062,694.9406444135918,679.1465388587375,685.9154412393893,5875235
2021-10-22,696.4448852539062,696.4448852539062,681.4028790929148,686.6675812492618,4483378
2021-10-25,705.4700927734375,709.9826946461887,688.9238859066832,697.9490896521855,5129397
2021-10-26,711.4868774414062,715.9994792010768,706.9742756817355,715.2473789077984,6282515
2021-10-27,708.4784545898438,720.5120589140873,700.9574518871914,713.7431564817003,7944259
2021-10-28,703.9658813476562,712.2389846540924,697.1969786423903,708.4784831511669,3776228
2021-10-29,686.6675415039062,706.2221483813449,686.6675415039062,705.470048116828,5373611
2021-11-01,693.4364013671875,699.4532031144082,689.6759002751745,695.6927020223952,2927412
2021-11-02,697.9490356445312,702.4616371680951,691.1801333591856,698.7011358984586,2920555
2021-11-03,700.9574584960938,706.2221604375881,698.7011576640248,702.4616590508064,3049201
2021-11-04,697.9490356445312,710.7347399612953,696.4448351366767,710.7347399612953,2340539
2021-11-05,706.9743041992188,706.9743041992188,697.1969999922082,706.2222038756025,3449046
2021-11-08,737.0582885742188,739.3145894576091,709.9826779735331,712.2389788569236,10466167
2021-11-09,735.5540161132812,752.1002209747252,734.0498156713318,752.1002209747252,6868045
2021-11-10,720.5120239257812,735.554028600641,720.5120239257812,731.0414271981831,3495810
2021-11-11,717.5037231445312,722.0163251768868,703.9659170474646,703.9659170474646,3783645
2021-11-12,739.3146362304688,743.075137940695,719.0079269952473,725.0247297316092,4282008
2021-11-15,770.9027709960938,778.4237736399581,752.100264386433,759.6212670302973,11093470
2021-11-16,778.4237670898438,785.944769670422,759.6212606383983,770.9027645092656,5633120
2021-11-17,774.6632690429688,808.5077807972732,767.142266430901,797.2262768791717,6797429
2021-11-18,816.0287475585938,827.3102509810628,789.7052395728326,797.2262418544786,12481999
2021-11-19,819.789306640625,842.3523150802752,797.2262982009747,838.5918136736668,9960213
2021-11-22,812.2682495117188,834.8312564425997,812.2682495117188,827.3102541323061,4887612
2021-11-23,793.4658203125,819.789330938981,789.7053187944313,804.7473248667061,6036742
2021-11-24,782.184326171875,797.226332444411,770.9028214674729,785.944827740009,4207454
2021-11-25,778.4237670898438,793.4657722510002,767.1422632189765,785.944769670422,2988005
2021-11-26,755.86083984375,770.9028466068097,749.0919368003731,767.1423449160447,4249254
2021-11-29,774.6632690429688,774.6632690429688,745.3313588559049,750.5960606843522,3787113
2021-11-30,759.621337890625,797.2263546178837,759.621337890625,789.7053512724319,8133035
2021-12-01,800.98681640625,804.7473178917254,759.6213000660211,767.1423030369718,6353875
2021-12-02,812.2682495117188,816.0287506668656,782.1842402705439,785.9447414256908,7112276
2021-12-03,797.226318359375,819.789327369546,793.4658168576798,812.2683243661556,4662507
2021-12-06,816.0287475585938,816.0287475585938,782.1842372911866,797.2262418544786,4605648
2021-12-07,800.98681640625,812.2683208626761,789.7053119498239,797.2263149207746,6117755
2021-12-08,823.5499267578125,834.8314326038098,812.268420911815,816.0289228604809,7323171
2021-12-09,816.0287475585938,827.3102509810628,808.5077452769477,823.5497498402398,2463930
2021-12-10,808.5078125,816.0288154069767,800.9868095930232,808.5078125,2943248
2021-12-13,808.5078125,823.5498183139534,804.7473110465115,804.7473110465115,3276917
2021-12-14,804.7472534179688,808.5077546021648,789.7052486811842,804.7472534179688,4130770
2021-12-15,797.226318359375,808.5078228644604,785.9448138542895,800.9868198610701,2981924
2021-12-16,819.789306640625,819.789306640625,808.5078024207999,816.0288052340165,3810497
2021-12-17,808.5078125,823.5498183139534,804.7473110465115,808.5078125,4197118
2021-12-20,793.4658203125,808.5078263847748,793.4658203125,804.7473248667061,3226773
2021-12-21,819.789306640625,834.8313122670585,804.7473010141915,834.8313122670585,4406508
2021-12-22,816.0287475585938,823.5497498402398,812.2682464177707,823.5497498402398,1329910
2021-12-23,823.5499267578125,831.0709306551441,816.0289228604809,819.7894248091467,2693726
2021-12-24,842.352294921875,849.873297555106,823.5497883387974,827.3102896554129,4983433
2021-12-27,861.1548461914062,891.2388582854292,842.3523386326419,846.1128401443948,8440835
2021-12-28,883.7178344726562,887.4783358959442,868.6758287795047,872.4363302027926,4928695
2021-12-29,891.2387084960938,902.5202111352849,879.9572058569028,887.4782076163634,5074409
2021-12-30,894.9993896484375,902.5203929227941,883.7178847369026,902.5203929227941,3809725
2022-01-03,864.9153442382812,913.8018636952276,861.1548427415931,906.2808607018512,7374387
2022-01-04,876.1968383789062,883.7178412834462,861.1548325698262,876.1968383789062,6688764
2022-01-05,883.7178344726562,894.99933874252,864.9153273562168,879.9573330493685,7020406
2022-01-06,853.6337890625,868.6757941561123,834.8312826954846,864.9152928827092,8129690
2022-01-07,827.3103637695312,861.154878651012,819.7893604625355,849.8733736905184,8258414
2022-01-10,823.5499267578125,823.5499267578125,804.7474170144834,812.268420911815,7069419
2022-01-11,812.2682495117188,823.5497529771593,800.9867460462782,819.7892518220124,4406422
2022-01-12,816.0287475585938,823.5497498402398,804.7472441361247,823.5497498402398,3016339
2022-01-13,827.3103637695312,834.8313670765269,816.0288588090376,819.7893604625355,5047874
2022-01-14,800.98681640625,819.7893238336268,793.4658134352993,819.7893238336268,5581491
2022-01-17,838.591796875,842.352298206278,804.7472848934977,808.5077862247757,5457933
2022-01-18,831.0708618164062,861.1548749138327,831.0708618164062,834.8313634535846,4858889
2022-01-19,827.3103637695312,842.3523703835227,819.7893604625355,823.5498621160333,4742173
2022-01-20,819.789306640625,834.8313122670585,804.7473010141915,831.07081086045,5235983
2022-01-21,804.7472534179688,812.268255786361,793.4657498653804,797.2262510495765,5844178
2022-01-24,819.789306640625,819.789306640625,789.705295387758,797.2262982009747,5048568
2022-01-25,816.0287475585938,819.7892486994168,804.7472441361247,812.2682464177707,4466066
2022-01-26,808.5078125,823.5498183139534,804.7473110465115,804.7473110465115,5129604
2022-02-07,827.3103637695312,849.8733736905184,808.5078555020418,849.8733736905184,18787872
2022-02-08,823.5499267578125,846.1129384498073,819.7894248091467,846.1129384498073,8746495
2022-02-09,849.873291015625,853.6337923033047,823.5497820018667,846.1127897279453,7950712
2022-02-10,872.4364013671875,876.1969030972185,846.1128892569707,857.3943944470636,8574392
2022-02-11,864.9153442382812,879.957350225034,861.1548427415931,864.9153442382812,4989740
2022-02-14,831.0708618164062,846.1128683651195,827.3103601792279,842.3523667279412,5433143
2022-02-15,827.3103637695312,842.3523703835227,819.7893604625355,834.8313670765269,3248639
2022-02-16,849.873291015625,849.873291015625,838.5917871525858,849.873291015625,2903544
2022-02-17,849.873291015625,853.6337923033047,842.3522884402655,849.873291015625,3007009
2022-02-18,842.352294921875,846.1127962384904,831.0707909720285,838.5917936052595,2500405
2022-02-21,849.873291015625,853.6337923033047,834.831285864906,838.5917871525858,3088278
2022-02-22,834.8313598632812,842.3523631052927,819.7893533792582,838.5918614842869,4745273
2022-02-23,842.352294921875,842.352294921875,827.3102896554129,834.8312922886439,3540429
2022-02-24,797.226318359375,831.0708318746314,793.4658168576798,823.5498288712411,7867454
2022-02-25,816.0287475585938,823.5497498402398,797.2262418544786,808.5077452769477,7091202
2022-03-01,827.3103637695312,842.3523703835227,823.5498621160333,831.0708654230291,5420606
2022-03-02,812.2682495117188,831.0707552874529,804.747247201425,831.0707552874529,3632197
2022-03-03,812.2682495117188,827.3102541323061,800.9867460462782,816.0287506668656,3799148
2022-03-04,770.9027709960938,797.226280249619,770.9027709960938,797.226280249619,6254448
2022-03-07,731.0414428710938,748.3397486180436,729.5372423713591,740.8187461193697,10685986
2022-03-08,724.2725219726562,741.5708272741839,709.2305173626322,710.7347178236346,7230258
2022-03-09,726.5288696289062,734.0498724200958,719.0078668377167,730.2893710245011,5981552
2022-03-10,748.3397827148438,755.860785556199,738.5624790210819,744.5792812941661,5820879
2022-03-11,724.2725219726562,752.1002305012007,722.7683215116539,752.1002305012007,5586320
2022-03-14,709.982666015625,733.2977747513075,702.4616631976629,731.7935741877152,8517631
2022-03-15,679.898681640625,703.2137912986553,677.642380705977,701.7095906755566,9349160
2022-03-16,682.1549682617188,700.2053753601546,676.8902661913417,699.4532750643864,7483037
2022-03-17,728.0330200195312,735.5540222924602,713.7431157009661,715.2473161555519,9344377
2022-03-18,728.78515625,732.5456575722395,718.2557525477297,730.2893567788958,6554769
2022-03-21,735.5540161132812,740.8187176601043,734.8019158923065,740.8187176601043,3910421
2022-03-22,733.2976684570312,737.0581693209134,727.2808670748196,730.2892677659254,3925166
2022-03-23,734.8019409179688,748.3397453565802,734.0498406713792,743.0750436304536,4105013
2022-03-24,731.0414428710938,735.5540443702981,727.2809416217569,735.5540443702981,4654086
2022-03-25,730.2893676757812,734.0498690541323,725.77676602176,733.2977687784621,3500490
2022-03-28,725.024658203125,725.024658203125,711.4868533819049,714.4952544532871,2654466
2022-03-29,685.9154052734375,715.2473140515779,679.1465032477128,700.2053095499674,12940484
2022-03-30,688.1716918945312,694.1884935722976,679.1464893778816,685.9153912653688,11058276
2022-03-31,680.6507568359375,691.1801608090901,676.8902554169543,676.8902554169543,8375072
2022-04-01,676.8902587890625,679.898659939236,671.6255567762587,676.8902587890625,9228783
2022-04-06,663.3525390625,664.1046394469246,643.0458286830357,645.3021298363095,13328503
2022-04-07,639.2852783203125,655.8314855238971,639.2852783203125,645.3020809397979,12287176
2022-04-08,631.7642211914062,646.0541261945451,627.2516196114676,640.0373240879603,12711666
2022-04-11,628.755859375,637.028962787829,625.7474581339713,631.0121603057715,6163957
2022-04-12,633.2684326171875,637.7810342747922,624.2432293019782,631.7642320646526,7748278
2022-04-13,661.8482666015625,663.3524672074751,637.028956604004,638.5331572099166,10111374
2022-04-14,647.5582885742188,657.3355914214485,647.5582885742188,657.3355914214485,6220281
2022-04-15,625.7474365234375,640.789442209097,624.9953362391545,640.0373419248141,7092675
2022-04-18,626.4995727539062,634.7726763556985,621.9869707892923,621.9869707892923,3933699
2022-04-19,630.2600708007812,648.3104785564122,630.2600708007812,643.0457762943532,6253901
2022-04-20,643.7978515625,643.7978515625,632.5163471542786,637.0289489175672,5489289
2022-04-21,652.8230590820312,655.8314602759577,639.2852537093625,642.2936549032888,4505663
2022-04-22,642.2936401367188,644.5499409802903,636.2768378871945,637.7810384495755,5736473
2022-04-25,629.5079956054688,630.2600959586414,624.9953934864332,626.4995941927783,5934807
2022-04-26,626.4995727539062,629.5079740636489,620.482770134421,626.4995727539062,6976630
2022-04-27,607.6969604492188,613.713762037825,599.4238582648853,606.1927600520672,8488189
2022-04-28,622.739013671875,641.5415201233205,617.4743118654703,628.0037154782798,12449177
2022-04-29,624.2432250976562,639.2852305216962,624.2432250976562,639.2852305216962,6664286
2022-05-03,616.7222900390625,626.4995946372428,607.6970857945885,624.2432935761242,8296427
2022-05-04,623.4911499023438,628.0037517110459,620.4827486965423,623.4911499023438,3551729
2022-05-05,632.516357421875,637.7810595645066,629.5079561975141,634.0205580340554,5091069
2022-05-06,627.2516479492188,627.2516479492188,607.697040219387,608.4491405166882,5655744
2022-05-09,611.4575805664062,621.9869853978081,611.4575805664062,617.4743833272073,3073344
2022-05-10,616.7222900390625,619.7306914538872,602.4323833186452,602.4323833186452,5843583
2022-05-11,623.4911499023438,624.9953505052445,611.4575450791381,612.2096453805884,3755757
2022-05-12,616.7222900390625,628.0037953446551,616.7222900390625,622.7390928687119,4101437
2022-05-13,634.0205688476562,635.5247694854917,622.73906406389,624.9953650206434,4569731
2022-05-16,620.4827270507812,645.3020361328125,620.4827270507812,638.5331336558949,4950541
2022-05-17,632.516357421875,637.0289592584163,624.2432540548825,630.2600565036043,4006249
2022-05-18,643.0457153320312,643.0457153320312,635.5247128135279,642.2936150801809,5390518
2022-05-19,635.5247802734375,637.0289809368065,628.0037769565921,631.0121782833302,4799600
2022-05-20,636.27685546875,639.2852566766401,628.7558524490248,632.5163539588874,3499866
2022-05-23,634.0205688476562,644.5499733125046,634.0205688476562,642.2936723557514,3192724
2022-05-24,624.2432250976562,637.7810299792922,624.2432250976562,637.7810299792922,2917189
2022-05-25,634.0205688476562,637.7810704422449,621.2348634260546,626.4995656584788,3229937
2022-05-26,626.4995727539062,638.5331779928769,625.7474724264706,638.5331779928769,3458958
2022-05-27,640.037353515625,640.7894538135282,630.2600496428834,633.2684508344962,3283990
2022-05-30,660.3441162109375,660.3441162109375,649.8147111688496,650.5668115289988,5134164
2022-05-31,680.6507568359375,680.6507568359375,652.070946051666,658.8398486058356,10189792
2022-06-01,680.6507568359375,685.9154588225138,673.8818542817679,679.1465562683442,5234259
2022-06-02,675.3861083984375,681.4029111458624,674.6340080550094,676.1382087418657,3858451
2022-06-06,680.6507568359375,685.9154588225138,669.3692525789883,673.8818542817679,5605415
2022-06-07,669.3692626953125,677.6423659421085,669.3692626953125,676.8902656469452,5521169
2022-06-08,699.4533081054688,701.7096090993573,676.8902981665826,679.1465991604712,10296010
2022-06-09,694.9406127929688,703.2137153262183,691.9322118717871,697.196913483855,5894187
2022-06-10,699.4533081054688,702.4617094306535,687.4197028047295,688.1718031360257,4826273
2022-06-13,667.1129150390625,682.1549198877448,665.6087145541942,678.3944186755742,8704050
2022-06-14,661.8482666015625,663.3524672074751,651.318862360174,654.3272635719993,6417629
2022-06-15,664.856689453125,671.625592400046,660.344087488511,661.8482881433824,5010720
2022-06-16,656.58349609375,682.9070039554696,653.5750951952677,681.4028035062285,4915525
2022-06-17,624.9954223632812,643.7979320613342,624.9954223632812,637.0290285700352,12964828
2022-06-20,631.7642211914062,640.7894243512834,625.7474190848214,630.26002066476,6893103
2022-06-21,652.8230590820312,652.8230590820312,637.0289528139176,647.55835699266,7304422
2022-06-22,606.9449462890625,640.7894600226533,605.4407456786806,637.7810588018897,14514935
2022-06-23,569.7352905273438,611.9072786505578,561.4662732482822,604.4651630994024,30393472
2022-06-24,554.0241088867188,575.5235519181437,553.1972072316639,563.9469287473763,14518315
2022-06-27,560.6392822265625,574.6966093620367,560.6392822265625,566.427593399993,10153354
2022-06-28,538.31298828125,560.6393334173387,534.178479922715,554.0241200436828,16181238
2022-06-29,546.5819702148438,552.3702815484352,529.2170362140696,532.5246426904075,13465426
2022-06-30,538.31298828125,547.4089066700269,535.005381594422,541.620594968078,9682997
2022-07-01,506.0638732910156,541.6206487019857,504.4100697835287,539.1399434407552,10051624
2022-07-04,505.2369689941406,515.1597899891156,501.1024602462344,503.5831654949781,8976016
2022-07-05,508.5445251464844,520.9480501500572,493.66029514219707,515.9866401486281,8934695
2022-07-06,500.2755432128906,511.8521673533542,498.62173976425294,510.19836390471653,7663311
2022-07-07,525.9094848632812,527.563288274801,501.102433690485,506.06384392504424,8633974
2022-07-08,538.31298828125,543.274398311492,530.8708732358871,537.486086609543,9061449
2022-07-11,526.736328125,542.4474587912089,525.082524896978,541.6205571771978,5102748
2022-07-12,507.7176208496094,520.121145788932,502.7562108738803,519.2942441263106,7334318
2022-07-13,524.255615234375,539.1398440580639,521.7749104304269,537.4860408554318,6616953
2022-07-14,534.178466796875,539.1398767052051,516.8135321177197,520.121138723273,5473704
2022-07-15,535.832275390625,539.1398820288388,527.5632587950906,534.1784720715182,7738288
2022-07-18,546.5819702148438,556.5047896438576,537.4860524049145,539.1398556430835,7836261
2022-07-19,547.4088745117188,551.5433826273662,541.6205631498124,544.1012680192008,4680873
2022-07-20,554.8509521484375,568.0813772369248,551.5433458763156,562.2930662607116,8066906
2022-07-21,592.0615844726562,592.0615844726562,560.6393216095823,563.1200265724566,11439799
2022-07-22,582.9656982421875,596.1961254363364,579.6580914436503,593.7154203374334,8280121
2022-07-25,568.9083251953125,577.1773415498956,568.0814235598542,574.6966366435206,5931222
2022-07-26,563.1199951171875,575.5235192387115,558.1585854685779,561.4661919009843,5330274
2022-07-27,559.8124389648438,559.8124389648438,545.7551103645449,546.5820120469153,6598262
2022-07-28,563.9469604492188,573.0428791661416,560.639353643065,573.0428791661416,4665061
2022-07-29,564.7738647460938,580.4849971475224,558.9855528087253,570.5621766834622,6916095
2022-08-01,573.8697509765625,575.5235542934978,557.3317178072091,565.6007343918858,6377879
2022-08-02,564.7738647460938,570.5621766834622,555.6779459873719,561.4662579247404,6108080
2022-08-03,567.2545776367188,569.7352827867336,560.639363903346,566.4276759200471,3556948
2022-08-04,565.6007690429688,572.215982715986,562.2931622064602,569.7352775886045,3455237
2022-08-05,592.8884887695312,592.8884887695312,577.1773572679677,578.8311605839217,6982355
2022-08-08,586.2732543945312,595.3691723047426,583.7925495099282,589.5808609073354,5059785
2022-08-09,573.8697509765625,583.7925708781745,570.5621443426918,580.4849642443038,5278814
2022-08-10,552.3703002929688,562.2931200587107,552.3703002929688,559.8124151172752,6321671
2022-08-11,554.0241088867188,558.9855188170476,548.2357973013351,554.0241088867188,9025318
2022-08-12,565.6007690429688,565.6007690429688,554.0241451151887,557.3317519516974,4446417
2022-08-15,583.7925415039062,586.2732463544894,567.2545091666851,568.9083124004072,4793921
2022-08-16,583.7925415039062,592.8884592893779,582.9656398870452,586.2732463544894,5340783
2022-08-17,581.3118896484375,587.9271031863998,578.0042828794564,584.6194964174186,4656601
2022-08-18,580.4849853515625,582.9656904171675,571.3890667776776,580.4849853515625,4104406
2022-08-19,573.0428466796875,579.6580599169711,573.0428466796875,579.6580599169711,4021243
2022-08-22,559.8124389648438,564.7738490590668,558.9855372824733,563.9469473766964,3039000
2022-08-23,558.9855346679688,561.4662397034775,549.8896162044367,552.3703212399455,3485299
2022-08-24,551.5433959960938,564.7738222868546,551.5433959960938,562.293117357337,3956917
2022-08-25,554.0241088867188,559.8124204721023,550.7165022664996,554.0241088867188,2981905
2022-08-26,560.6392822265625,568.0813965924018,558.1585774379494,561.4661838227669,2900649
2022-08-29,539.966796875,544.9282069534839,538.3129935155054,543.2744035939893,4654505
2022-08-30,543.2744140625,545.7551191495434,535.8322988013699,539.9668072797755,4506040
2022-08-31,551.5433959960938,554.851002568784,539.1398713485054,541.6205762780231,4221631
2022-09-01,535.832275390625,546.5819969648196,531.6977670928578,541.620587007499,7093281
2022-09-02,512.6790161132812,533.351557085591,512.6790161132812,529.217048891129,9474700
2022-09-05,521.77490234375,526.7363118747523,509.3713785162441,509.3713785162441,5842744
2022-09-06,520.1212158203125,525.9095282380266,518.4674122723942,523.4288229161491,3988122
2022-09-07,511.8521423339844,516.8135524373832,503.58312549498623,512.6790440178842,5069764
2022-09-08,515.1597290039062,517.6404339589812,510.19831909375625,514.3328273522146,3336148
2022-09-12,518.4673461914062,530.8708712199087,517.6404445228394,524.2556578713741,5000340
2022-09-13,517.6405029296875,525.9095205483726,516.813601167819,521.7750117390301,4327108
2022-09-14,508.5445251464844,510.1983284802941,497.7948034767213,498.6217051436262,6129131
2022-09-15,509.3714294433594,512.6790361280565,505.23692108748793,505.23692108748793,3490200
2022-09-16,496.1409912109375,505.236909383138,496.1409912109375,501.92930277506514,7961748
2022-09-19,499.4486389160156,505.236950956433,496.9679337558367,501.1024423561349,4262713
2022-09-20,500.2755432128906,505.2369535588036,498.62173976425294,501.92934666152826,3209089
2022-09-21,500.2755432128906,504.41005183448476,496.9679363156153,504.41005183448476,4305556
2022-09-22,488.6988830566406,496.1409980270463,485.391276403127,494.4871947002895,5520105
2022-09-23,479.6029968261719,491.17962088749323,479.6029968261718,488.6989157314958,4137245
2022-09-26,470.50701904296875,476.29533034929705,466.37251096702,473.81462550372777,5078590
2022-09-27,469.68011474609375,474.64152440890456,465.5456066937514,472.1608195774992,4395712
2022-09-28,450.6614074707031,476.2953590883028,450.6614074707031,472.98775242796734,7153489
2022-09-29,449.0075988769531,465.54563198475984,446.5268939107821,461.41112370780814,7957861
2022-09-30,455.6228942871094,458.1035997006508,440.7386618058608,443.2193672194022,5765497
2022-10-03,453.1421203613281,459.7573337972599,447.3538086048878,449.0076119638707,3207800
2022-10-04,473.8146667480469,473.8146667480469,466.37255156352256,466.37255156352256,4417460
2022-10-05,495.3141174316406,502.7562327185935,489.52580554178843,492.8334123359897,9523847
2022-10-06,485.39129638671875,499.44862524289294,483.7374929918748,498.6217235454709,6813772
2022-10-07,468.0263366699219,481.25676314822357,466.3725333601342,480.4298614933297,5990213
2022-10-11,457.276611328125,467.1994311037805,447.3537915524695,451.48829979232596,8035781
2022-10-12,453.9690246582031,460.5842381322753,447.35381118413096,460.5842381322753,6779101
2022-10-13,449.8345642089844,458.10358193341426,444.87315357432647,454.7959748436423,6734775
2022-10-14,483.73748779296875,486.21819285857373,462.238043891059,464.718748956664,9168365
2022-10-17,477.9491882324219,479.60299165191117,467.1994660057411,469.6801711349751,6538416
2022-10-18,486.21820068359375,492.0065125964937,476.2953802614796,490.352709192808,6492274
2022-10-19,477.1222839355469,488.6989078091996,477.1222839355469,483.73749757763414,5843559
2022-10-20,471.33392333984375,471.33392333984375,461.4111039011102,468.0263168602659,8517491
2022-10-21,468.8532409667969,478.77606088143807,467.19943764769,468.8532409667969,4956286
2022-10-24,486.21820068359375,492.8334142983365,483.7374955780652,485.3912989817509,5684321
2022-10-25,465.5456237792969,489.52577136295514,465.5456237792969,488.69886972213936,6381937
2022-10-26,478.7760314941406,481.25673632053514,467.1994089709662,470.5070154061589,6518295
2022-10-27,487.0450439453125,489.5257487531834,482.08363432957077,487.0450439453125,6051076
2022-10-28,467.1994323730469,483.7374653774025,466.3725307228291,481.25676042674917,6036461
2022-10-31,487.8719787597656,499.44860198457366,476.29535553495765,483.73747046519134,16334090
2022-11-01,495.3141174316406,499.4486259243922,487.87200214468777,489.52580554178843,7663380
2022-11-02,495.3141174316406,501.9293310200432,490.3527072403387,492.00651063743936,6657914
2022-11-03,496.1409912109375,497.79479451497394,485.39126973470053,485.39126973470053,6358739
2022-11-04,493.6603088378906,496.1410139074278,484.5643902495878,496.1410139074278,4370544
2022-11-07,512.6790161132812,515.1597210299584,496.96788497432584,502.7561964465726,8093011
2022-11-08,512.6790161132812,522.6018357799899,509.3714095577117,522.6018357799899,7837433
2022-11-09,537.4861450195312,542.4475555889422,517.640502741887,519.294306265024,12019117
2022-11-10,545.755126953125,545.755126953125,530.043994510535,535.8323064630681,7154267
2022-11-11,578.8311767578125,578.8311767578125,562.2931431361608,577.1773733956474,15760682
2022-11-14,576.3504638671875,587.1001855748968,573.8697588577161,582.9656772257779,9563892
2022-11-15,597.02294921875,607.7726699110543,578.8311142010041,582.138720567867,13610403
2022-11-16,602.811279296875,610.2533938560956,594.5422631199631,605.2919841499486,9978727
2022-11-17,599.5037231445312,611.9072484509699,592.0616079606681,611.9072484509699,6790953
2022-11-18,597.02294921875,613.5609810530644,592.0615396684557,605.2919651359072,5407566
2022-11-21,595.369140625,597.0229437934028,586.2732231987848,592.0615342881945,4344910
2022-11-22,589.5808715820312,591.2346748683764,581.3118551503057,584.6194617229959,6221790
2022-11-23,582.9656982421875,597.0230271359708,582.9656982421875,597.0230271359708,3108090
2022-11-24,601.9844360351562,608.5996496179602,587.9271071716979,591.2347139630999,7357285
2022-11-25,601.157470703125,608.599585196011,597.8498642618423,602.8112739237663,5668842
2022-11-28,581.3118896484375,594.5423167243621,581.3118896484375,581.3118896484375,5409513
2022-11-29,589.5808715820312,593.715379797894,574.6966420049253,574.6966420049253,5090965
2022-11-30,606.1189575195312,610.2534660974271,587.9271197767895,590.407824923527,9170864
2022-12-01,612.734130859375,625.1376557755567,610.2534258761386,620.1762458090841,6799631
2022-12-02,611.080322265625,618.5224371511333,603.6382073801168,603.6382073801168,4024014
2022-12-05,611.080322265625,624.3107487287509,611.080322265625,611.080322265625,4458434
2022-12-06,599.5037231445312,615.2148551993535,595.3692147090517,611.0803467638739,4949511
2022-12-07,592.0615844726562,601.9844043241533,589.580879509782,592.8884861269477,5243678
2022-12-08,582.9656982421875,599.5037322348736,582.9656982421875,598.6768305352393,4093975
2022-12-09,602.811279296875,602.811279296875,587.9270501784337,590.4077550315072,4352527
2022-12-12,588.7539672851562,592.0615738429381,582.9656558090381,591.2346722034926,4940725
2022-12-13,586.2732543945312,597.0229755611447,585.4463527663303,592.8884674201395,5634859
2022-12-14,593.7154541015625,598.6768645815199,590.4078471149243,592.888552354903,4944047
2022-12-15,563.1199951171875,583.7925353197274,563.1199951171875,581.3118304954227,13507515
2022-12-16,545.755126953125,549.8896354906486,538.3130115855823,539.9668150005919,12668262
2022-12-19,542.447509765625,547.4089199159204,537.4860996153296,537.4860996153296,6529791
2022-12-20,534.178466796875,545.7550899163119,534.178466796875,537.4860734024284,5800713
2022-12-21,540.793701171875,546.5820129581183,534.1784877018827,536.6591927531298,4667715
2022-12-22,546.5819702148438,552.3702815484352,546.5819702148438,549.8895766911817,4043075
2022-12-23,545.755126953125,546.5820286606297,535.8323064630681,538.3130115855823,2381097
2022-12-26,538.31298828125,546.5820049983199,538.31298828125,546.5820049983199,1464464
2022-12-27,542.447509765625,549.0627232993521,539.9668046904774,540.7937063821932,1927473
2022-12-28,527.563232421875,536.6591502222522,513.5059049122012,536.6591502222522,8725713
2022-12-29,520.1212158203125,521.7750193682308,515.1598051765575,520.9481175942716,3623909
2022-12-30,516.8135375976562,529.2170625,516.8135375976562,525.0825541992187,2332797
2023-01-03,532.524658203125,533.3515598462975,513.5059204101562,515.1597236965014,4451795
2023-01-04,525.9094848632812,532.5246985093603,525.0825831575214,528.3901899805609,2734185
2023-01-05,521.77490234375,530.0439182287539,516.8134928127477,527.5632134632527,5231120
2023-01-06,545.755126953125,545.755126953125,524.2556825580018,524.2556825580018,6890898
2023-01-09,558.1586303710938,558.1586303710938,549.8896136248553,554.8510236725983,6953372
2023-01-10,573.8697509765625,575.5235542934978,563.1200294164828,565.6007343918858,8579851
2023-01-11,584.6195068359375,584.6195068359375,573.8697846451777,578.8311948870669,6807896
2023-01-12,591.2347412109375,595.3692498907343,585.446429059222,587.1002325311407,6154916
2023-01-13,573.8697509765625,600.3306040475279,571.3890460011595,597.0229974136572,6607197
2023-01-16,582.1387939453125,588.7540075128728,579.6580888574773,584.6194990331476,4831796
2023-01-17,573.0428466796875,586.2732731542546,573.0428466796875,583.7925681902733,4423459
2023-01-30,611.080322265625,611.080322265625,586.2732726472641,606.9458139958982,14092868
2023-01-31,593.7154541015625,621.8301134879875,592.0616506082434,606.9458820481154,10849696
2023-02-01,598.6767578125,601.9843642092542,593.7153482173687,598.6767578125,5742796
2023-02-02,617.695556640625,622.656966734124,609.4265398181267,617.695556640625,11004915
2023-02-03,621.0031127929688,622.656916022777,612.7340966439278,613.560998258832,6331833
2023-02-06,604.465087890625,619.3493171410098,603.6381862656036,616.0417106409243,7504061
2023-02-07,592.8884887695312,611.080325245026,592.0615871115542,611.080325245026,7083578
2023-02-08,615.21484375,617.695548765121,599.5037119875672,600.3306136592741,7726469
2023-02-09,619.349365234375,619.349365234375,608.5996432743658,611.9072500312917,3943535
2023-02-10,611.9072265625,619.349341480152,611.0803249049832,619.349341480152,3178891
2023-02-13,604.465087890625,609.4264976407533,600.3305797655181,607.7726943907105,4083761
2023-02-14,605.2920532226562,613.5610703431843,604.4651515106034,609.4265617829203,3253855
2023-02-15,587.1001586914062,603.6381913306008,585.4463554274868,603.6381913306008,6560069
2023-02-16,587.9271240234375,593.7154360743012,583.7926154156778,592.0616326311973,5055383
2023-02-17,597.849853515625,597.849853515625,584.6194279883083,585.4463295837655,3496855
2023-02-20,600.33056640625,605.2919760459711,594.5422551599088,599.5036647996299,2557688
2023-02-21,599.5037231445312,606.9458383283944,598.6768214574354,601.984428205819,2680312
2023-02-22,589.5808715820312,597.0229863705842,589.5808715820312,593.715379797894,4226425
2023-02-23,616.041748046875,616.041748046875,597.0230095165688,598.6768128670302,7415265
2023-02-24,597.849853515625,621.8299997838866,597.849853515625,621.0030981884294,8014012
2023-03-01,654.0792236328125,657.3868303262781,604.4651232308292,609.4265332710277,15610514
2023-03-02,640.8488159179688,653.2523413873488,639.1950125220513,653.2523413873488,9407400
2023-03-03,640.8488159179688,652.42543968939,637.541209126134,643.3295210118447,6400777
2023-03-06,648.2908325195312,657.3867498125348,642.5025215148926,649.1177340916224,7426468
2023-03-07,651.5984497070312,653.2522528788766,647.4639417774181,652.4253512929539,5137242
2023-03-08,635.0604858398438,648.2909126281738,632.5797808170319,646.6371092796326,8327224
2023-03-09,634.2335815429688,640.8487949097794,634.2335815429688,635.8873848846714,5235081
2023-03-10,625.1376342773438,629.2721424405537,622.6569293794178,627.6183391752697,5780275
2023-03-13,631.7528686523438,631.7528686523438,614.3879337810097,625.137655368026,4934528
2023-03-14,629.272216796875,635.0605289093298,619.3493960326667,619.3493960326667,4970598
2023-03-15,626.79150390625,639.1950297091441,625.964602186057,633.4067176677935,5204405
2023-03-16,625.1376342773438,632.5797489711217,618.5224212162078,621.0031261141338,5857200
2023-03-17,639.1950073242188,642.5026140891565,633.4066954855778,636.7143022505155,6673769
2023-03-20,636.7142333984375,644.983249416599,635.0604301948051,639.194938203886,5239975
2023-03-21,637.5411987304688,644.1564122062713,630.9259852546662,641.6757071528453,5224780
2023-03-22,645.8101806640625,649.1177872231614,641.6756724651888,642.5025741049635,5008621
2023-03-23,655.7330322265625,656.5599339065456,643.3295070268167,644.9833103867828,4688952
2023-03-24,653.2523193359375,656.5599260161194,649.1178109857101,653.2523193359375,4299481
2023-03-27,644.9832153320312,653.2522309132112,644.1563137739133,652.4253293550931,3000386
2023-03-28,633.4066772460938,644.9833005900172,633.4066772460938,640.8487922529016,3940649
2023-03-29,639.1950073242188,640.8488107066877,632.5797937943433,640.0219090154533,2913723
2023-03-30,643.3295288085938,647.4640373484947,640.8488236846531,644.9833322245541,2970689
2023-03-31,650.7715454101562,652.4253485751121,643.3294311678546,643.3294311678546,4356288
2023-04-06,622.6569213867188,642.5025603153791,621.0031181426638,640.0218554492966,8692104
2023-04-07,619.349365234375,621.8300703020694,614.3879550989861,619.349365234375,4322843
2023-04-10,613.56103515625,620.1762484732985,611.0803301623569,618.5224451440364,5720960
2023-04-11,625.1376342773438,627.6183391752697,614.3879130529979,614.3879130529979,4506545
2023-04-12,626.79150390625,628.4453073466359,621.8300935850923,625.1377004658641,3537841
2023-04-13,620.1762084960938,628.445224609375,619.3493068847656,627.6183229980469,5072055
2023-04-14,618.5224609375,626.7914777949533,616.8686575660093,623.483871051972,4358117
2023-04-17,586.2732543945312,587.1001560227323,573.8697299715158,582.9656478817271,14011693
2023-04-18,568.9083251953125,581.3118497271871,566.4276202889376,580.4849480917287,13970100
2023-04-19,558.1586303710938,566.4276471173322,558.1586303710938,563.9469420934606,10748670
2023-04-20,556.5048217773438,565.600740112486,546.5820017753703,546.5820017753703,9881462
2023-04-21,549.8895874023438,561.4662102950247,549.8895874023438,558.9855053894502,5084036
2023-04-24,558.9855346679688,563.1200430604833,548.2358128474309,548.2358128474309,4674121
2023-04-25,537.4861450195312,560.6393943434495,537.4861450195312,560.6393943434495,8340199
2023-04-26,536.6591796875,539.1398846783513,527.5632613877119,530.0439663785631,7111965
2023-04-27,547.4088745117188,551.5433826273662,539.9667599035535,540.7936615266829,4627385
2023-04-28,549.8895874023438,557.3317021190672,548.2357841319608,552.3702923079182,6381645
2023-05-02,554.8509521484375,556.5047552844984,540.7936254919197,540.7936254919197,6341076
2023-05-03,562.2931518554688,562.2931518554688,552.3703315286076,557.3317416920381,6487920
2023-05-04,552.3703002929688,557.3317101758397,550.7164969986784,557.3317101758397,5568985
2023-05-05,558.1586303710938,560.6393353949653,555.6779253472222,558.1586303710938,3164748
2023-05-08,558.1586303710938,565.6007454427083,557.3317286964699,563.1200404188368,2957572
2023-05-09,559.8124389648438,563.1200456943259,557.3317339177322,563.1200456943259,2163899
2023-05-10,552.3703002929688,559.8124151172752,550.7164969986784,559.8124151172752,3766277
2023-05-11,552.3703002929688,557.3317101758397,549.062693704388,550.7164969986784,3130043
2023-05-12,556.5048217773438,558.9855267778371,546.5820017753703,556.5048217773438,5100737
2023-05-15,562.2931518554688,563.946955243279,556.5048399981331,558.9855450798484,3589435
2023-05-16,562.2931518554688,568.9083654067095,562.2931518554688,568.9083654067095,3763602
2023-05-17,566.4276123046875,569.7352187998973,559.8123993142677,562.2931041856751,7787494
2023-05-18,569.7352905273438,573.8697991668745,566.427683615719,570.5621922552499,4371571
2023-05-19,577.1773681640625,577.1773681640625,570.5621547753626,571.3890564489501,4968629
2023-05-22,582.9656982421875,586.2733050407247,579.6580914436503,580.4849931432846,4440987
2023-05-23,592.0615844726562,597.0229943984048,585.4463712383249,587.1001745469077,5240558
2023-05-24,587.9271240234375,589.5809274665414,579.658106807918,589.5809274665414,5640355
2023-05-25,585.4464111328125,593.7154282392081,583.7926077115334,585.4464111328125,4666860
2023-05-26,603.63818359375,609.4264949432792,585.4463479238013,585.4463479238013,10749900
2023-05-29,610.25341796875,626.7914509760332,610.25341796875,624.3107460249407,10036727
2023-05-30,630.9259643554688,639.1949809263137,625.9645544129618,627.6183577271308,16298604
2023-05-31,627.618408203125,634.2336219918272,618.5224892436595,625.9646047559495,12027736
2023-06-01,618.5224609375,629.2721828521892,618.5224609375,624.3107727377172,6202943
2023-06-02,621.0031127929688,630.0990305569137,620.1762111780647,623.483817637681,6399171
2023-06-05,627.618408203125,634.2336219918272,625.9646047559495,625.9646047559495,5242068
2023-06-06,625.964599609375,631.7529116268989,621.8300910254293,628.4453047597424,4171308
2023-06-07,635.0604858398438,635.8873875141144,625.1376657485962,627.6183707714081,5292636
2023-06-08,635.0604858398438,640.8487975597382,630.9259774684906,636.714289188385,7246478
2023-06-09,631.7528686523438,636.714278615582,629.2721636707246,635.0604752945026,4570550
2023-06-12,634.2335815429688,635.8873848846714,630.9259748595634,635.8873848846714,3852674
2023-06-13,644.1563720703125,646.6370769691713,635.0604541078305,636.7142573737364,7182494
2023-06-14,644.9832153320312,646.6370184482672,641.6756090995593,645.8101168901493,5287535
2023-06-15,633.4066772460938,644.156398922594,632.5797755786707,642.5025955877478,7917545
2023-06-16,621.0031127929688,632.579735401626,621.0031127929688,628.4452273271055,10097247
2023-06-19,649.1177978515625,655.7330110780753,631.7528631319666,635.8873713985371,19694676
2023-06-20,632.6439819335938,663.7726293803986,632.6439819335938,648.2083056569961,24572675
2023-06-21,634.47509765625,637.2217431006493,625.3196128415855,630.8129037303842,11451567
2023-06-26,627.150634765625,631.7283766252281,627.150634765625,629.8972798813869,4552895
2023-06-27,623.4884643554688,629.897303196127,622.5729159496605,622.5729159496605,4553912
2023-06-28,636.3060913085938,638.13718797423,627.1506079804126,633.5594463101394,4150494
2023-06-29,637.2217407226562,645.4616770251043,636.3061922446065,644.5461285470545,4275815
2023-06-30,629.8973388671875,633.5595326978106,628.0662419518759,633.5595326978106,4338115
2023-07-03,632.6439819335938,639.0528211138183,631.728433479276,633.5595303879115,2906690
2023-07-04,640.8839111328125,642.7150080217634,632.6439751325336,637.2217173549108,3753123
2023-07-05,638.1372680664062,643.6305587527742,637.2217196186783,643.6305587527742,3610090
2023-07-06,631.7284545898438,639.9683909540591,629.8973576200182,633.5595515596694,4200756
2023-07-07,624.404052734375,628.0662465920547,622.5729558055352,628.0662465920547,4297744
2023-07-10,616.1641235351562,628.066253707455,616.1641235351562,622.5729628587017,5647752
2023-07-11,628.0662841796875,628.9818326988999,618.9107989875638,624.404090102838,3372502
2023-07-12,627.150634765625,630.8128282533074,622.5728929060219,630.8128282533074,3890508
2023-07-13,622.5729370117188,634.475066689884,622.5729370117188,633.559518253102,5058111
2023-07-14,633.5595092773438,639.0527998202109,627.1506703106654,628.0662187344766,6044895
2023-07-17,625.319580078125,633.5595159795937,623.488483211132,633.5595159795937,4271120
2023-07-18,625.319580078125,628.0662253786146,620.7418379106424,622.5729347776354,4684651
2023-07-19,637.2217407226562,639.9683861568056,630.8129013763077,631.7284498543575,6185652
2023-07-20,633.5595092773438,638.1372513963997,630.8128640059102,638.1372513963997,2484977
2023-07-21,624.404052734375,625.3196011987949,596.9375988017779,619.8263104122755,11417157
2023-07-24,617.9952392578125,631.728466796875,616.1641422526042,621.6574332682292,7400747
2023-07-25,608.8397216796875,621.6574000308389,608.8397216796875,617.9952062162241,6931420
2023-07-26,599.6842041015625,613.41743014969,598.768655698354,608.8396881336474,6972659
2023-07-27,602.430908203125,605.1775536812547,598.7687142322853,602.430908203125,4674341
2023-07-28,602.430908203125,609.7552961448043,599.6842627249953,604.2620051885449,4178929
2023-07-31,631.7284545898438,639.0528424691463,626.2351636803669,632.6440030747566,16722852
2023-08-01,652.7860107421875,654.6171075465135,636.3061395032544,640.8838815140691,13914572
2023-08-02,649.1238403320312,659.194873115744,644.5460981576164,651.8704856366802,8947248
2023-08-04,646.3771362304688,650.9548779884749,639.9682977692601,650.0393296368736,6732210
2023-08-07,646.3771362304688,651.8704263400762,643.630491175665,649.1237812852725,3488590
2023-08-08,631.7284545898438,645.461681863536,631.7284545898438,645.461681863536,5604493
2023-08-09,641.7994995117188,642.715048013162,628.06627199007,630.8129174943997,3176525
2023-08-10,634.47509765625,643.6305824709145,629.8973552489177,642.715033989448,4319324
2023-08-11,621.6574096679688,630.8128943464367,617.9952157965816,629.8973458785898,4857156
2023-08-14,615.24853515625,616.1640835716611,609.7552446637835,615.24853515625,3498430
2023-08-15,620.7417602539062,626.2350501676576,618.9106636159892,624.4039535297405,2734494
2023-08-16,630.8128662109375,639.0528020540412,625.3195756488684,639.0528020540412,5944886
2023-08-17,617.0796508789062,623.4884899829898,616.1641024354657,622.5729415395493,4594977
2023-08-18,617.0796508789062,621.6573930961088,612.5019086617036,613.4174571051442,3179069
2023-08-21,612.5018920898438,621.657376276538,610.6707952525048,620.7418278578685,2683227
2023-08-22,615.24853515625,624.4040193103609,611.5863414946057,617.9951804024832,3686021
2023-08-23,614.3330078125,618.9107500465723,613.4174593656855,615.2485562593145,2048921
2023-08-24,632.6439819335938,633.5595303879115,622.572948936098,624.4040458447336,5599510
2023-08-25,635.3906860351562,636.3062345741118,628.9818462624673,633.5595889572452,5624927
2023-08-28,641.7994995117188,649.1238875232648,639.052854007389,640.8839510102755,5872295
2023-08-29,650.0393676757812,655.5326581068442,642.7149804343641,653.7015612964899,5186169
2023-08-30,649.1238403320312,654.6171309413292,642.7150012878504,653.7015825064461,4253988
2023-08-31,645.461669921875,653.7016061336436,644.5461214539007,645.461669921875,5761753
2023-09-01,650.0393676757812,651.8704644861356,641.7994320291868,647.2927224602498,2955148
2023-09-04,650.9550170898438,652.78611418433,645.4617258063852,652.78611418433,2380158
2023-09-05,657.3638305664062,657.3638305664062,650.9549909926391,651.8705395031772,4791289
2023-09-06,651.8704223632812,661.0259058234396,651.8704223632812,660.1103574774238,3074614
2023-09-07,656.4481811523438,657.3637295221517,648.2082458240717,649.1237941938797,3205892
2023-09-08,649.1238403320312,650.0393887669143,641.7994528529674,645.4616465924993,4421983
2023-09-11,653.7015991210938,654.6171475792465,648.208308372177,654.6171475792465,2101421
2023-09-12,666.5193481445312,667.4348966996748,649.1239255968031,650.0394741519467,6513877
2023-09-13,670.1815185546875,681.1681008260758,667.4348729868404,676.5903582129973,9197173
2023-09-14,671.0970458984375,672.928142885882,663.7726579486592,672.928142885882,5527046
2023-09-15,698.5634155273438,698.5634155273438,674.7591575932535,678.421351121575,16255632
2023-09-18,715.9589233398438,725.1144082930388,686.66137148962,687.5769199849395,11994826
2023-09-19,707.718994140625,715.9589306830126,699.4790575982374,715.9589306830126,6244891
2023-09-20,694.9012451171875,701.3100840049614,687.5768578168746,700.3945355924222,5042205
2023-09-21,682.9991455078125,697.647920746586,681.1680486029658,688.4924362223526,5034920
2023-09-22,682.9991455078125,684.8302424126592,666.5192733641924,672.9281125311558,7559485
2023-09-25,691.2390747070312,697.6479138102752,678.4213965005432,678.4213965005432,4563725
2023-09-26,674.7592163085938,691.2390886200656,673.8436678468454,684.8302493878265,3845914
2023-09-27,674.7592163085938,674.7592163085938,666.519280152858,666.519280152858,3824756
2023-09-28,672.9281616210938,678.421452736368,668.3504190250319,676.5903556979432,3769234
2023-10-02,682.0836181640625,684.8302636063339,677.5058757602769,683.9147151255768,3898779
2023-10-03,706.8034057617188,717.7899871984293,701.3101150433635,702.2256634964226,10288796
2023-10-04,714.1277465820312,716.8743917611929,699.4789722931691,705.8878110445463,7599174
2023-10-05,719.62109375,719.62109375,710.4656090966921,716.8744483540077,5604602
2023-10-06,719.62109375,723.2832876113232,715.043351423346,723.2832876113232,2927223
2023-10-11,745.2564697265625,747.0875667037776,723.2833059999808,723.2833059999808,12439451
2023-10-12,746.1719360351562,749.834129586249,737.0164521574243,748.0030328107026,6769337
2023-10-13,770.8917846679688,770.8917846679688,748.9186221596182,750.749719035314,9828945
2023-10-16,769.0607299804688,777.3006663731167,761.7363420758929,767.2296330043248,5765614
2023-10-17,755.3274536132812,781.8783580433239,750.7497114701705,773.6384221857245,8242227
2023-10-18,744.3409423828125,752.5808790143565,732.4388116928044,732.4388116928044,7594780
2023-10-19,759.9052124023438,767.229599991764,742.5097918774709,742.5097918774709,7509749
2023-10-20,758.0740966796875,766.3140325131624,743.4253218646211,760.8207419575124,8501964
2023-10-23,751.6652221679688,758.9896092292888,747.0874802546438,755.3274156986288,5304563
2023-10-24,747.0875244140625,753.496363471536,736.1009431726792,751.6652665979722,5036466
2023-10-25,752.580810546875,761.7362948600974,747.0875199589416,748.918616821586,6474280
2023-10-26,748.0031127929688,748.0031127929688,742.5098218789444,746.1720158216273,5446904
2023-10-27,733.3543090820312,754.4119234501795,732.4387606312422,754.4119234501795,6956960
2023-10-30,784.6250610351562,791.0339005068554,748.918669692833,749.8342181887899,16172619
2023-10-31,770.8917846679688,788.2872049870797,763.5673971651852,787.3716565492318,10786996
2023-11-01,774.5540161132812,783.7095009373153,761.7363373596336,781.8784039725084,6856015
2023-11-02,794.696044921875,802.9359808715258,782.7939152168238,790.1183027276246,9692237
2023-11-03,796.5271606445312,802.0204514075971,791.0338698814655,798.3582575655532,5567970
2023-11-06,807.5137329101562,814.8381205102484,799.2737968600526,804.7670875601217,7264020
2023-11-07,813.0070190429688,823.078051936519,804.767083039155,814.8381159327051,7077114
2023-11-08,836.811279296875,838.6423761881153,819.4158588300909,822.1625041669515,9312449
2023-11-09,828.5713500976562,835.8957377228289,823.0780593787767,835.8957377228289,6788362
2023-11-10,809.3448486328125,827.6558180588943,809.3448486328125,823.9936241736779,7551994
2023-11-13,829.4869384765625,846.8823599236426,828.5713899793477,832.2335839682067,9498188
2023-11-14,828.5713500976562,839.5579315354153,825.8247047382165,838.6423830822687,4757053
2023-11-15,831.3179931640625,846.8823168246232,823.9936055590929,846.8823168246232,8426367
2023-11-16,817.584716796875,836.81123309333,815.7536200067364,836.81123309333,7645459
2023-11-17,827.65576171875,828.571310127731,817.58472921996,820.3313744469027,4816081
2023-11-20,834.9801635742188,845.9667446738795,827.6557761744449,842.3045509739926,6970538
2023-11-21,847.7978515625,855.1222390490011,837.7268187685611,844.1356578192494,9543750
2023-11-22,862.4466552734375,862.4466552734375,846.8823313459975,849.6289767449575,6417661
2023-11-23,851.4601440429688,870.6866634245841,850.544595500987,870.6866634245841,5187583
2023-11-24,865.1932983398438,869.7710406591023,853.2911683097718,856.0378137013269,4498302
2023-11-27,852.3756103515625,870.6865794246359,852.3756103515625,866.1088371563675,5615291
2023-11-28,862.4466552734375,862.4466552734375,846.8823313459975,850.5445252112775,5645888
2023-11-29,867.93994140625,868.855489867649,856.953359869462,861.531102176457,5118355
2023-11-30,865.1932983398438,872.5176860506573,859.7000075567337,868.8554921952506,7275320
2023-12-01,867.0244140625,867.0244140625,858.7844777092132,862.4466716440073,3387061
2023-12-04,854.2066650390625,866.1087943482885,851.4600198138565,865.1932459398864,5071102
2023-12-05,850.5444946289062,854.2066883625075,843.2201071617036,846.882300895305,5175120
2023-12-06,848.71337890625,854.2066693846076,846.8822820801308,846.8822820801308,3093275
2023-12-07,852.3756103515625,863.3621917954065,848.7134165369479,854.2067072588699,3018069
2023-12-08,863.3621826171875,866.1088279489495,857.8688919536636,861.5310857293462,4934438
2023-12-11,861.5310668945312,864.277712166246,853.291131079387,862.4466153184362,5648215
2023-12-12,859.699951171875,869.770983613718,856.0377575566594,869.770983613718,4510280
2023-12-13,874.3487548828125,874.3487548828125,859.6999799318963,864.2777221040576,5889291
2023-12-14,884.4198608398438,887.1665063704023,872.5177302074235,879.8421182889128,6610988
2023-12-15,911.88623046875,913.7173273170807,888.9975198646147,892.6597135612764,11839614
2023-12-18,905.4773559570312,912.8017430628515,898.152968851211,910.9706462863965,4783607
2023-12-19,908.2240600585938,910.0551569538732,894.490833343998,894.490833343998,5008169
2023-12-20,899.9841918945312,910.970774094668,899.9841918945312,909.1396770613119,6393160
2023-12-21,893.5753173828125,899.9841567492876,889.9131234591125,889.9131234591125,4418453
2023-12-22,906.3930053710938,906.3930053710938,896.3219719780816,897.2375204683555,3285155
2023-12-25,910.9706420898438,913.7172872418735,903.6462550177646,907.3084485538042,3304233
2023-12-26,915.5484619140625,920.1262042236328,910.9707196044922,914.6329134521484,3241620
2023-12-27,952.1703491210938,961.3258332472581,924.7038967426006,924.7038967426006,8561649
2023-12-28,938.4371337890625,965.9035864853278,938.4371337890625,956.7481022532393,5447955
2023-12-29,929.28173828125,943.0149659405788,924.7039957281404,938.4372233874692,5039654
2024-01-02,898.153076171875,929.2817250911856,897.2375276742482,924.7039826030517,10009034
2024-01-03,872.5177001953125,894.4908636839667,872.5177001953125,893.5753152052729,12547023
2024-01-04,872.1417236328125,889.9980735778809,866.5028762817383,883.4194183349609,8449251
2024-01-05,865.5630493164062,878.7203595123126,865.5630493164062,873.0815122854956,5524580
2024-01-08,864.623291015625,879.6602178158968,862.7436751655911,874.0213702657949,5553064
2024-01-09,872.1417236328125,883.4194183349609,870.2621078491211,881.5398025512695,5782533
2024-01-10,868.3825073242188,878.7203943161737,866.5028915074996,878.7203943161737,4252336
2024-01-11,864.623291015625,880.6000257409138,864.623291015625,875.9009861158288,6787619
2024-01-12,870.2621459960938,873.0815697952172,860.8640666656823,864.623298397847,4733940
2024-01-15,866.5028686523438,878.7203711387651,863.6834450016312,878.7203711387651,4242507
2024-01-16,841.1281127929688,861.8038876325725,841.1281127929688,859.9242717380631,10182511
2024-01-17,826.0911254882812,848.6465145801114,826.0911254882812,836.4290121553701,11463245
2024-01-18,843.0076904296875,843.0076904296875,830.790187669837,830.790187669837,6754372
2024-01-19,864.623291015625,864.623291015625,852.4057879904043,864.623291015625,9037844
2024-01-22,866.5028686523438,886.238834207332,864.623252885202,872.141715953769,9381596
2024-01-23,856.1649780273438,866.5028646994631,854.2853622687766,862.7436331823288,6015511
2024-01-24,879.6602172851562,879.6602172851562,859.9242508717073,860.8640587961572,7798880
2024-01-25,886.2388916015625,892.8175472126028,876.8408121572194,882.4796598238253,8962616
2024-01-26,879.6602172851562,882.4796410585062,872.1417538895566,879.6602172851562,5273128
2024-01-29,881.539794921875,888.1184501078592,870.2621003173308,888.1184501078592,7026602
2024-01-30,905.0350341796875,914.4331134546583,881.5398359922605,881.5398359922605,9478077
2024-01-31,907.8544921875,918.1923797796971,900.3360284840838,917.2525718167702,9080284
2024-02-01,874.0214233398438,893.7573909636467,866.5029594831569,893.7573909636467,16712977
2024-02-02,879.6602172851562,879.6602172851562,870.2621380406567,874.9611776629065,7360212
2024-02-05,880.6000366210938,883.4194604309798,872.1417651914354,873.0815731280642,5742677
2024-02-15,913.4932250976562,923.8311113899136,893.757260357892,923.8311113899136,11678406
2024-02-16,911.6137084960938,918.1923641244161,905.0350528677715,917.2525561775129,4417821
2024-02-19,905.0350341796875,914.4331134546583,893.7573390497225,914.4331134546583,4193442
2024-02-20,922.891357421875,925.7107811207198,902.2155836303463,902.2155836303463,7570527
2024-02-21,921.9515991210938,926.6506388719658,913.4933275695241,913.4933275695241,5334177
2024-02-22,953.9050903320312,958.6041301858836,928.5302751212284,928.5302751212284,10182733
2024-02-23,1033.7886962890625,1033.7886962890625,949.2059847745028,972.701182417436,23431414
2024-02-26,1047.8858642578125,1052.5849040078474,996.1964270074271,1024.3906655076373,12036894
2024-02-27,1047.8858642578125,1090.1772220081277,1038.4877847577425,1057.2839437578825,17137848
2024-02-29,1071.3809814453125,1076.0800208376165,1043.1867450914883,1047.8857844837923,9126357
2024-03-01,1038.48779296875,1094.876270415017,1029.0897133943722,1094.876270415017,12066326
2024-03-04,1080.7791748046875,1085.4782146951427,1038.487815790591,1047.8858955715014,12304302
2024-03-05,1085.4781494140625,1090.1771890219156,1061.982951374797,1080.7791098062094,8416339
2024-03-06,1118.3714599609375,1127.7695394564075,1071.3810624835871,1076.0801022313221,9634661
2024-03-07,1155.9637451171875,1184.1579828029726,1141.866626274295,1146.5656658885923,15008514
2024-03-08,1155.9637451171875,1198.2551016458651,1123.0704678171048,1184.1579828029726,16121484
2024-03-11,1151.2647705078125,1170.0609300263072,1132.4686109893175,1160.6628502670599,5703039
2024-03-12,1141.86669921875,1151.264779047711,1118.3714996463477,1127.7695794753088,5088394
2024-03-13,1141.86669921875,1184.1580584490741,1137.1676593042696,1170.0609387056327,6917876
2024-03-14,1080.7791748046875,1155.96381305197,1071.381095023777,1146.5657332710598,12529434
2024-03-15,1066.6820068359375,1080.7791258690115,1052.5848878028635,1066.6820068359375,8516381
2024-03-18,1099.5753173828125,1108.973397018563,1066.6820386576858,1066.6820386576858,5901035
2024-03-19,1080.7791748046875,1094.8762944760529,1066.682055133322,1080.7791748046875,8740357
2024-03-20,1061.98291015625,1104.2742649854813,1052.5848313053098,1076.0800284326604,6032629
2024-03-21,1071.3809814453125,1090.1771390145284,1057.2838632684004,1090.1771390145284,6391070
2024-03-22,1057.283935546875,1076.0800944010416,1043.18681640625,1071.3810546875,5827756
2024-03-25,1052.5848388671875,1071.3809967041016,1047.885799407959,1052.5848388671875,3241531
2024-03-26,1061.98291015625,1099.5752255600112,1052.5848313053098,1071.3809890071902,6534083
2024-03-27,1094.8760986328125,1104.274176732665,1057.2837862334027,1066.6818643332551,5980133
2024-03-28,1090.17724609375,1108.9734055091594,1066.6820468244882,1090.17724609375,6926740
2024-03-29,1113.6722412109375,1113.6722412109375,1090.1770462486816,1090.1770462486816,4051000
2024-04-01,1090.17724609375,1127.769564924569,1085.4782062398976,1118.3714852168644,5359025
2024-04-02,1094.8760986328125,1113.6722548325174,1090.1770595828864,1099.5751376827388,4164058
2024-04-03,1090.17724609375,1104.274365655307,1071.3810866783406,1080.7791663860453,4100953
2024-04-08,1080.7791748046875,1108.9734141474185,1076.0801349142323,1104.2743742569633,4066781
2024-04-09,1090.17724609375,1104.274365655307,1080.7791663860453,1090.17724609375,3322521
2024-04-10,1123.070556640625,1141.8667165844013,1094.8763167249608,1099.5753567109048,6393274
2024-04-11,1127.7694091796875,1155.9636444091798,1113.6722915649414,1132.4684483846029,6271331
2024-04-12,1108.973388671875,1127.7695478019068,1094.8762693243511,1118.371468236891,5214036
2024-04-15,1043.186767578125,1090.1771625140766,1043.186767578125,1090.1771625140766,9187015
2024-04-16,991.497314453125,1024.3905902880629,991.497314453125,1000.8953932631073,12016661
2024-04-17,986.7982788085938,1010.2934759230841,982.0992393856957,1000.895397077288,7727084
2024-04-18,986.7982788085938,996.1963576543899,958.6040422712053,982.0992393856957,7168984
2024-04-19,933.229248046875,968.0021404715823,911.6136662693542,958.6040614378776,15661098
2024-04-22,907.8544921875,929.4700753348214,907.8544921875,924.7710355201863,9091869
2024-04-23,913.4932250976562,929.4699584584178,911.6136094081548,929.4699584584178,5846136
2024-04-24,949.2059936523438,958.6040727974165,934.1690670202274,935.1088749347347,6229216
2024-04-25,921.9515991210938,944.5069899252796,917.2525593702218,936.0487183737099,6053259
2024-04-26,944.5070190429688,944.5070190429688,927.5904754183185,931.3497073349075,5747819
2024-04-29,953.9050903320312,991.4974091628502,944.5070106243265,991.4974091628502,7963720
2024-04-30,932.2894287109375,968.0021286010742,932.2894287109375,953.9050102233887,5868406
2024-05-02,939.8079223632812,958.6040808105469,922.8913797607422,930.4098431396484,5401225
2024-05-03,977.4002075195312,986.7982864379883,968.0021286010742,977.4002075195312,6598170
2024-05-06,972.701171875,996.1963692632851,972.701171875,996.1963692632851,4516638
2024-05-07,982.0993041992188,991.4973836652399,972.7012247331975,986.7983439322294,3178782
2024-05-08,1029.0897216796875,1033.7887615047089,996.1964429045378,1014.9926022046234,9985063
2024-05-09,1029.0897216796875,1057.283960629816,1024.3906818546661,1033.7887615047089,7792270
2024-05-10,1029.0897216796875,1038.4878013297305,1014.9926022046234,1038.4878013297305,4456276
2024-05-13,1047.8858642578125,1052.5849040078474,1033.7887450077073,1047.8858642578125,4025166
2024-05-14,1085.4781494140625,1090.1771890219156,1043.1867929433847,1047.8858325512379,7534580
2024-05-15,1085.4781494140625,1104.2743078454748,1076.0800701983562,1099.5752682376217,5522444
2024-05-16,1118.3714599609375,1137.1676189518776,1104.2743407177325,1108.9733804654675,10020318
2024-05-17,1094.8760986328125,1113.6722548325174,1094.8760986328125,1108.9732157825913,6360397
2024-05-20,1118.3714599609375,1123.0704997086725,1094.8762612222624,1094.8762612222624,6031212
2024-05-21,1104.2742919921875,1118.3714106133643,1094.876212911403,1108.9733315325798,3369008
2024-05-22,1113.6722412109375,1118.3712802033888,1090.1770462486816,1118.3712802033888,4429872
2024-05-23,1132.468505859375,1137.167545302775,1113.6723480857754,1123.0704269725752,6200782
2024-05-24,1123.070556640625,1132.4686366125131,1118.371516654681,1118.371516654681,3253977
2024-05-27,1207.6531982421875,1231.1483966515686,1160.6628014234254,1174.759920469054,14370057
2024-05-28,1231.1483154296875,1240.5463941734256,1207.6531185703425,1221.7502366859494,10026387
2024-05-29,1212.3521728515625,1235.8473699998485,1198.2550545625909,1231.1483305701913,7857214
2024-05-30,1212.3521728515625,1221.750251710877,1174.7598574143049,1179.458896843962,8407440
2024-05-31,1160.6627197265625,1235.8473493444774,1151.264641024323,1235.8473493444774,14212589
2024-06-03,1193.5560302734375,1193.5560302734375,1165.3617933378446,1188.856990784172,6293578
2024-06-04,1165.36181640625,1193.5560538999496,1146.565658077117,1184.157974735383,6985162
2024-06-05,1155.9637451171875,1170.06086396008,1146.5656658885923,1165.3618243457825,5828522
2024-06-06,1212.3521728515625,1221.750251710877,1160.662739125333,1179.458896843962,9895619
2024-06-07,1198.255126953125,1212.35224609375,1193.5560872395833,1212.35224609375,4931241
2024-06-11,1193.5560302734375,1202.9541092519685,1174.7598723163755,1193.5560302734375,5557895
2024-06-12,1221.7503662109375,1231.1484459510216,1188.857087120643,1193.556126990685,7741796
2024-06-13,1301.634033203125,1315.7311526962997,1245.2455552304266,1259.3426747236012,13075007
2024-06-14,1311.0321044921875,1311.0321044921875,1282.837865685904,1311.0321044921875,5947681
2024-06-17,1296.9349365234375,1306.3330157736075,1282.8378176481829,1292.2358968983526,4297102
2024-06-18,1320.4300537109375,1320.4300537109375,1292.2358176886398,1292.2358176886398,7677930
2024-06-19,1395.61474609375,1395.61474609375,1334.5272319549663,1339.2262715041036,11552021
2024-06-20,1409.7119140625,1409.7119140625,1372.1195963541668,1395.614794921875,6213796
2024-06-21,1400.3138427734375,1405.0128825142879,1358.0224851057833,1381.5176838100356,10724486
2024-06-24,1325.129150390625,1376.8185853349403,1320.4301108502327,1367.4205062541557,9093868
2024-06-25,1301.634033203125,1315.7311526962997,1282.8378738788922,1287.5369137099503,9382535
2024-06-26,1320.4300537109375,1343.9252503961854,1311.0319750368383,1311.0319750368383,4993229
2024-06-27,1311.0321044921875,1325.1292238953295,1296.9349850890458,1296.9349850890458,4724876
2024-06-28,1315.7310791015625,1320.4301186697824,1292.2358812604632,1315.7310791015625,6843642
2024-07-01,1329.8282470703125,1353.323445781802,1320.4301675857166,1320.4301675857166,5023006
2024-07-02,1325.129150390625,1329.8281899310173,1306.332992229056,1325.129150390625,5090265
2024-07-03,1320.4300537109375,1343.9252503961854,1306.3329356997888,1343.9252503961854,6361645
2024-07-04,1320.8194580078125,1344.8343572443182,1320.8194580078125,1325.6224378551137,7642964
2024-07-05,1296.8045654296875,1330.42542453342,1282.395625813802,1325.6224446614583,6406820
2024-07-08,1364.0462646484375,1364.0462646484375,1282.3956079617353,1287.1985877668353,7726110
2024-07-09,1402.4700927734375,1402.4700927734375,1359.243274845489,1392.8641332338934,9654123
2024-07-10,1378.4552001953125,1402.470099153419,1354.440301237206,1397.6671193617976,5443505
2024-07-11,1364.0462646484375,1402.4701030892386,1359.2432848433373,1378.455204063738,5250273
2024-07-12,1306.4105224609375,1330.4254217708813,1296.80456273696,1311.2135023229264,6871306
2024-07-15,1301.6075439453125,1325.6224432800968,1296.8045640783557,1316.0164835461833,3536752
2024-07-16,1292.0015869140625,1311.2135064220784,1272.7896674060466,1301.6075466680704,5001135
2024-07-17,1272.7896728515625,1292.0015924417748,1253.5777532613504,1282.3956326466687,5978911
2024-07-18,1229.562744140625,1239.1687030792236,1200.744867324829,1219.9567852020264,9831726
2024-07-19,1210.350830078125,1234.36572750031,1210.350830078125,1210.350830078125,5871057
2024-07-22,1176.7301025390625,1210.3509626116072,1147.9122224768814,1205.5479826012436,7245311
2024-07-23,1224.759765625,1224.759765625,1191.1389093137254,1205.5478477328431,6430338
2024-07-26,1195.9420166015625,1205.5479765742657,1138.3062567653426,1143.1092367516942,10242503
2024-07-29,1191.138916015625,1229.562752016129,1181.5329570154988,1215.1538135159399,5100068
2024-07-30,1205.5478515625,1205.5478515625,1162.3210361678287,1181.532954121016,4423237
2024-07-31,1171.927001953125,1186.335940501729,1152.7150838883197,1181.5329609855278,7379704
2024-08-01,1133.503173828125,1186.3359488794358,1133.503173828125,1167.1240306789591,12041919
2024-08-02,1047.049560546875,1095.0793569022362,1047.049560546875,1085.473397631164,13774887
2024-08-05,951.9506225585938,979.8079061652529,942.3446626942285,955.7930065043398,22181134
2024-08-06,1032.6407470703125,1047.0496877271075,994.2169053188591,1047.0496877271075,16439278
2024-08-07,1104.6854248046875,1104.6854248046875,1037.443703294837,1047.0496635105299,10529284
2024-08-08,1071.0645751953125,1095.079475984445,1056.655634721833,1075.867555353139,8053732
2024-08-09,1080.67041015625,1109.4882877604166,1075.8674305555555,1104.6853081597221,6961644
2024-08-12,1128.7003173828125,1128.7003173828125,1095.0794568650267,1099.882436938996,4578908
2024-08-13,1114.291259765625,1138.3061576054013,1104.6853006297144,1133.503178037446,3784683
2024-08-14,1138.30615234375,1143.1091318895042,1123.8972137064875,1128.7001932522417,4435983
2024-08-15,1109.4884033203125,1133.503303825081,1109.4884033203125,1123.8973436231736,3064248
2024-08-16,1181.5330810546875,1191.1390410632623,1138.3062610161014,1138.3062610161014,6964050
2024-08-19,1205.5478515625,1215.1538105390937,1181.532954121016,1191.1389130976097,5847224
2024-08-20,1200.7449951171875,1219.9569150390626,1191.13903515625,1219.9569150390626,4293705
2024-08-21,1171.927001953125,1191.1389200179303,1162.3210429207224,1171.927001953125,4500318
2024-08-22,1181.5330810546875,1191.1390410632623,1167.1241410418254,1181.5330810546875,3022975
2024-08-23,1176.7301025390625,1176.7301025390625,1143.1092424665178,1157.5181824976084,4222716
2024-08-26,1167.1241455078125,1195.942025643808,1162.3211654851466,1195.942025643808,3699292
2024-08-27,1162.3211669921875,1167.1241470210807,1143.1092468766142,1152.7152069344008,3877314
2024-08-28,1152.715087890625,1171.9270060221354,1138.3061492919921,1157.5180674235025,4610835
2024-08-29,1200.7449951171875,1205.5479750976563,1128.7002954101563,1128.7002954101563,5404585
2024-08-30,1191.138916015625,1210.350834015877,1176.7299775154358,1210.350834015877,5810148
2024-09-02,1176.7301025390625,1200.7450025908802,1167.1241425183355,1191.1390425701532,3182122
2024-09-03,1171.927001953125,1176.7299814693265,1152.7150838883197,1176.7299814693265,3422128
2024-09-04,1090.2764892578125,1123.8973501600358,1085.4735091289235,1090.2764892578125,9683111
2024-09-05,1066.261474609375,1085.473393070805,1061.4584949940174,1075.8674338400901,9051905
2024-09-06,1099.88232421875,1104.6853038004913,1061.4584875648197,1066.261467146561,5102862
2024-09-09,1061.45849609375,1071.0644553344175,1047.0495572327488,1056.6555164734164,7139369
2024-09-10,1085.473388671875,1085.473388671875,1056.6555110965155,1071.0644498841953,5579319
2024-09-11,1066.261474609375,1090.2763726861626,1066.261474609375,1080.6704134554477,4019795
2024-09-12,1109.4884033203125,1109.4884033203125,1090.2764829164976,1104.6854232193587,4341122
2024-09-13,1080.67041015625,1119.0942469618055,1080.67041015625,1114.291267361111,3453407
2024-09-16,1085.473388671875,1085.473388671875,1056.6555110965155,1075.8674294800885,3682733
2024-09-18,1061.45849609375,1075.8674349547512,1051.8525368530827,1071.0644553344175,7064375
2024-09-19,1075.867431640625,1085.4733908517019,1037.443594796317,1061.4584928240095,7749361
2024-09-20,1080.67041015625,1109.4882877604166,1080.67041015625,1099.8823285590277,8871960
2024-09-23,1099.88232421875,1104.6853038004913,1075.8674263100436,1080.6704058917849,4490555
2024-09-24,1147.9122314453125,1147.9122314453125,1090.2764708706525,1090.2764708706525,6847737
2024-09-25,1176.7301025390625,1181.5330825494261,1157.5181824976084,1171.927122528699,10887978
2024-09-26,1219.9569091796875,1229.5628690944882,1181.5330695204848,1186.3360494778851,9413246
2024-09-27,1210.350830078125,1253.577645438058,1200.7448711092509,1229.562748015873,8955853
2024-09-30,1128.7003173828125,1186.3360782704456,1128.7003173828125,1186.3360782704456,8477410
2024-10-01,1162.3211669921875,1181.5330871077608,1143.1092468766142,1147.9122269055074,6000269
2024-10-04,1181.5330810546875,1191.1390410632623,1152.7152010289635,1152.7152010289635,6956378
2024-10-07,1200.7449951171875,1243.9718149414064,1181.5330751953124,1200.7449951171875,8959497
2024-10-08,1176.7301025390625,1200.7450025908802,1176.7301025390625,1191.1390425701532,4347108
2024-10-09,1195.9420166015625,1224.7598965196723,1191.139036615211,1210.3509565606175,5544071
2024-10-11,1248.7747802734375,1258.3807401216948,1215.1539208045374,1215.1539208045374,9881759
2024-10-14,1239.1688232421875,1258.3807429823764,1234.3658433071403,1258.3807429823764,3998990
2024-10-15,1248.7747802734375,1258.3807401216948,1239.1688204251802,1258.3807401216948,5915032
2024-10-16,1224.759765625,1243.9716835171569,1210.3508272058823,1210.3508272058823,6461649
2024-10-17,1224.759765625,1243.9716835171569,1215.1538066789215,1243.9716835171569,4139436
2024-10-18,1253.5777587890625,1277.5926583827227,1243.9717989515984,1248.7747788703305,8327410
2024-10-21,1277.5926513671875,1292.001591044261,1258.380731797756,1258.380731797756,6320618
2024-10-22,1258.3807373046875,1263.1837172180642,1243.9717975645574,1258.3807373046875,5200879
2024-10-23,1248.7747802734375,1272.7896798940806,1224.7598806527944,1229.5628605769232,5399321
2024-10-24,1219.9569091796875,1253.5777688814899,1219.9569091796875,1248.7747889240895,4473596
2024-10-25,1263.18359375,1272.7895526378327,1219.9567787547528,1219.9567787547528,6810511
2024-10-28,1282.3955078125,1287.1984872425094,1263.1835900924625,1277.5925283824906,5375094
2024-10-29,1248.7747802734375,1263.1837200458233,1234.3658405010517,1263.1837200458233,5336390
2024-10-30,1239.1688232421875,1263.1837229174237,1234.3658433071403,1239.1688232421875,5429739
2024-11-01,1239.1688232421875,1248.774783112282,1171.9271041515262,1171.9271041515262,7755216
2024-11-04,1243.9716796875,1253.5776386040059,1229.5627413127413,1234.3657207709941,3429980
2024-11-05,1239.1688232421875,1248.774783112282,1229.562863372093,1234.3658433071403,3613551
2024-11-06,1253.5777587890625,1267.9866985452586,1239.1688190328664,1239.1688190328664,3781856
2024-11-07,1253.5777587890625,1277.5926583827227,1248.7747788703305,1277.5926583827227,4276840
2024-11-08,1229.562744140625,1267.9865798950195,1229.562744140625,1258.380620956421,4130119
2024-11-11,1243.9716796875,1258.3806180622587,1229.5627413127413,1248.7746591457528,2805531
2024-11-12,1215.1539306640625,1243.9718104426568,1215.1539306640625,1229.5628705533595,4165815
2024-11-13,1205.5478515625,1224.7597695156874,1205.5478515625,1215.1538105390937,4020882
2024-11-14,1186.3360595703125,1215.1539395598747,1181.5330795720522,1210.3509595616144,4261333
2024-11-15,1219.9569091796875,1224.7598891370878,1181.5330695204848,1191.1390294352855,4250152
2024-11-18,1191.138916015625,1215.1538135159399,1181.5329570154988,1210.350834015877,3884093
2024-11-19,1234.3658447265625,1239.1688246671329,1195.9420052020002,1205.5479650831408,4308916
2024-11-20,1224.759765625,1224.759765625,1224.759765625,1224.759765625,4926471
2024-11-21,1215.1539306640625,1219.9569106271615,1205.5479707378643,1215.1539306640625,2583520
2024-11-22,1258.3807373046875,1258.3807373046875,1219.956897997674,1229.5628578244275,6124283
2024-11-25,1229.562744140625,1277.5925388336182,1229.562744140625,1272.7895593643188,7448148
2024-11-26,1229.562744140625,1239.1687030792236,1219.9567852020264,1229.562744140625,3208553
2024-11-27,1200.7449951171875,1234.3658549804688,1200.7449951171875,1219.9569150390626,2932917
2024-11-28,1205.5478515625,1215.1538105390937,1191.1389130976097,1210.3508310507968,4205695
2024-11-29,1205.5478515625,1219.9567900273905,1176.7299746327192,1186.3359336093129,4141261
2024-12-02,1258.3807373046875,1263.1837172180642,1219.956897997674,1224.7598779110508,4380160
2024-12-03,1263.18359375,1277.5925320817491,1243.9716759743346,1272.7895526378327,5954597
2024-12-04,1267.9866943359375,1272.7896742387252,1253.5777546275744,1263.1837144331498,4729113
2024-12-05,1272.7896728515625,1282.3956326466687,1258.3807331589035,1272.7896728515625,5251677
2024-12-06,1253.5777587890625,1287.1986182201867,1248.7747788703305,1272.7896784639906,4223587
2024-12-09,1272.7896728515625,1272.7896728515625,1248.7747733637973,1267.9866929540094,4075270
2024-12-10,1296.8045654296875,1306.4105251736112,1258.380726453993,1263.1837063259547,5824301
2024-12-11,1296.8045654296875,1301.6075453016492,1253.5777465820313,1267.9866861979167,6205868
2024-12-12,1325.6224365234375,1344.8343558933423,1316.016476838485,1316.016476838485,7666196
2024-12-13,1354.4403076171875,1354.4403076171875,1311.2134892889794,1330.4254085459606,6323798
2024-12-16,1330.4254150390625,1383.25819325361,1330.4254150390625,1378.455213415924,7194809
2024-12-17,1368.8492431640625,1388.0611623663651,1335.228384560033,1335.228384560033,8783456
2024-12-18,1364.0462646484375,1373.6522242586377,1349.637325233137,1373.6522242586377,5995195
2024-12-19,1364.0462646484375,1373.6522242586377,1340.0313656229368,1344.834345428037,6353336
2024-12-20,1335.2283935546875,1368.8492523852012,1335.2283935546875,1364.0462725522707,5544646
2024-12-23,1354.4403076171875,1368.8492470599235,1344.8343479886967,1349.637327802942,4295456
2024-12-24,1349.6373291015625,1373.6522281958964,1349.6373291015625,1373.6522281958964,3196077
2024-12-25,1354.4403076171875,1373.652226874169,1354.4403076171875,1364.046267245678,2381315
2024-12-26,1364.0462646484375,1373.6522242586377,1359.2432848433373,1364.0462646484375,2351336
2024-12-27,1373.6522216796875,1383.2581812718531,1364.0462620875219,1364.0462620875219,2283253
2024-12-30,1364.0462646484375,1378.455204063738,1364.0462646484375,1373.6522242586377,2765852
2024-12-31,1359.2432861328125,1368.8492457521256,1344.8343467038428,1354.440306323156,3224086
2025-01-02,1323.938232421875,1372.9729817708333,1309.2278076171874,1368.0695068359375,6820305
2025-01-03,1338.648681640625,1343.5521566649497,1309.2278314946773,1338.648681640625,5752498
2025-01-06,1397.4903564453125,1397.4903564453125,1363.1660319010416,1363.1660319010416,6907233
2025-01-07,1461.235595703125,1471.0425460098575,1387.6834684026321,1417.1043193228293,12307998
2025-01-08,1441.6217041015625,1471.042555205676,1431.8147537335246,1471.042555205676,10805038
2025-01-09,1412.2008056640625,1451.4286058213975,1412.2008056640625,1441.6216557820637,7021298
2025-01-10,1436.7181396484375,1466.1389889245147,1417.1042401310526,1431.8146647690912,7157266
2025-01-13,1363.166015625,1431.814663893885,1358.2625407486512,1407.2972895121404,9742772
2025-01-14,1372.9730224609375,1387.6834477015905,1353.359122140067,1358.2625972202848,5279672
2025-01-15,1392.5869140625,1417.1042893100794,1363.166063765405,1363.166063765405,6417175
2025-01-16,1431.814697265625,1441.6216472468964,1402.3938473218109,1422.0077472843536,7314623
2025-01-17,1402.3939208984375,1426.9112971379207,1392.5869704026443,1422.0078218900242,5488719
2025-01-20,1417.104248046875,1426.9111978603482,1397.4903484199288,1397.4903484199288,3956489
2025-01-21,1436.7181396484375,1446.5250894071298,1407.2972903723603,1412.2007652517063,4428280
2025-01-22,1436.7181396484375,1466.1389889245147,1436.7181396484375,1451.428564286476,6502859
2025-02-03,1471.04248046875,1495.5598551432292,1387.6834065755208,1392.5868815104168,18533177
2025-02-04,1461.235595703125,1500.4633969300546,1451.4286453963925,1480.8494963165897,8166768
2025-02-05,1495.5599365234375,1500.4634117251537,1461.2356101114242,1475.9460357165729,9064753
2025-02-06,1495.5599365234375,1539.6912133388832,1490.6564613217213,1500.4634117251537,9371366
2025-02-07,1495.5599365234375,1500.4634117251537,1475.9460357165729,1495.5599365234375,6741142
2025-02-10,1451.4285888671875,1480.8494386415225,1446.5251139047984,1475.9459636791332,8922872
2025-02-11,1480.8494873046875,1500.4633877987894,1461.2355868105858,1461.2355868105858,8486272
2025-02-12,1456.33203125,1510.2702546296296,1451.4285563973065,1500.4633049242425,7865557
2025-02-13,1490.6563720703125,1490.6563720703125,1456.3320477134303,1466.1389975296825,4576098
2025-02-14,1475.946044921875,1505.3668963156665,1475.946044921875,1485.752995386472,4726126
2025-02-17,1515.173828125,1515.173828125,1480.849501921521,1485.7529770934466,7603778
2025-02-18,1505.3668212890625,1520.0772462527993,1490.6563963253257,1520.0772462527993,5362376
2025-02-19,1510.270263671875,1515.1737385539266,1495.5598390257203,1505.3667887898234,4447177
2025-02-20,1471.04248046875,1515.1737548828125,1471.04248046875,1515.1737548828125,6855773
2025-02-21,1480.8494873046875,1495.5599126752638,1461.2355868105858,1471.0425370576365,5655119
2025-02-24,1515.173828125,1515.173828125,1466.1390764057444,1471.0425515776699,6371982
2025-02-25,1520.0772705078125,1529.884220640121,1480.8494699785786,1495.5598951770412,7905273
2025-02-26,1529.8841552734375,1544.5945798433745,1495.5598312769182,1524.980680416792,7032006
2025-02-27,1485.7529296875,1544.5946298731435,1485.7529296875,1524.9807298112623,10335277
2025-03-03,1441.6217041015625,1466.139080021657,1436.7182289175435,1461.2356048376382,10588492
2025-03-04,1475.946044921875,1480.8495201541737,1407.2973916696947,1407.2973916696947,7871467
2025-03-05,1475.946044921875,1500.4634210833678,1461.2356192249792,1475.946044921875,6356979
2025-03-06,1466.1390380859375,1480.8494632172344,1456.332087998406,1475.9459881734688,3089136
2025-03-07,1436.7181396484375,1456.3320391658224,1422.007715010399,1446.5250894071298,5464123
2025-03-10,1368.069580078125,1431.8147576444892,1368.069580078125,1422.007807249664,9828231
2025-03-11,1358.2625732421875,1363.1660482358416,1294.517398324684,1294.517398324684,10078176
2025-03-12,1382.7799072265625,1397.490331771526,1348.4555832883145,1348.4555832883145,7914116
2025-03-13,1363.166015625,1412.2007643884892,1363.166015625,1402.3938146357914,6948447
2025-03-14,1372.9730224609375,1402.3938729422434,1363.1660723005023,1372.9730224609375,7153832
2025-03-17,1397.4903564453125,1412.20078125,1387.6834065755208,1387.6834065755208,4878893
2025-03-18,1446.525146484375,1471.042521848517,1417.1042960474047,1422.007771120233,10224305
2025-03-19,1436.7181396484375,1485.7528884418996,1431.8146647690912,1471.042463803861,7855359
2025-03-20,1456.33203125,1471.0424558080808,1436.7181318392256,1466.1389809553873,6419295
2025-03-21,1451.4285888671875,1471.0424887167442,1446.5251139047984,1466.139013754355,4597519
2025-03-24,1451.4285888671875,1475.9459636791332,1451.4285888671875,1471.0424887167442,3925730
2025-03-25,1495.5599365234375,1510.2703621285862,1475.9460357165729,1475.9460357165729,7987673
2025-03-26,1485.7529296875,1510.2703047648515,1485.7529296875,1505.3668297493812,3637846
2025-03-27,1456.33203125,1480.8494055134681,1451.4285563973065,1471.0424558080808,4779867
2025-03-28,1436.7181396484375,1466.1389889245147,1426.9111898897452,1441.6216145277838,4529681
2025-03-31,1363.166015625,1412.2007643884892,1363.166015625,1392.5868648830935,7884707
2025-04-01,1431.814697265625,1431.814697265625,1382.7799473592681,1382.7799473592681,6469737
2025-04-02,1407.29736328125,1431.8147389481708,1407.29736328125,1431.8147389481708,4501455
2025-04-07,1270.0,1270.0,1270.0,1270.0,1801849
2025-04-08,1235.6756591796875,1274.9034578838045,1201.3513353135852,1230.772184341673,18444110
2025-04-09,1162.12353515625,1230.7721828026108,1117.9922616693038,1225.8687079707279,19089246
2025-04-10,1274.903564453125,1274.903564453125,1274.903564453125,1274.903564453125,1930024
2025-04-11,1358.2625732421875,1368.0695232294959,1225.8687484135266,1255.2895983754513,16846917
2025-04-14,1372.9730224609375,1397.4903978620257,1358.2625972202848,1382.7799726213727,12574667
2025-04-15,1358.2625732421875,1387.6834232041122,1348.4556232548794,1377.876473216804,6567345
2025-04-16,1338.648681640625,1358.2625817379235,1338.648681640625,1343.5521566649497,5403460
2025-04-17,1314.13134765625,1323.9382980118937,1289.6139717671408,1314.13134765625,6686132
2025-04-18,1338.648681640625,1353.359106713599,1319.0347815433265,1323.9382565676513,3455357
2025-04-21,1319.0347900390625,1328.841740150877,1299.4208898154334,1328.841740150877,3022376
2025-04-22,1274.903564453125,1328.841792179988,1274.903564453125,1304.3244159405049,4954354
2025-04-23,1343.5521240234375,1348.4555989286325,1314.1312745922673,1314.1312745922673,6070924
2025-04-24,1304.3243408203125,1348.4556155097216,1299.4208658548228,1348.4556155097216,6035060
2025-04-25,1353.359130859375,1363.1660810829935,1343.5521806357563,1348.4556557475655,6909233
2025-04-28,1323.938232421875,1363.1660319010416,1323.938232421875,1358.262556966146,5231320
2025-04-29,1343.5521240234375,1343.5521240234375,1309.2277996870723,1323.9382244026574,5633730
2025-04-30,1323.938232421875,1343.5521321614583,1323.938232421875,1343.5521321614583,5374395
2025-05-02,1274.903564453125,1343.552217923678,1265.0966139573318,1343.552217923678,16309878
2025-05-05,1270.0,1309.2277992277993,1265.096525096525,1284.7104247104248,7202362
2025-05-06,1255.28955078125,1274.903450012207,1250.3860759735107,1269.9999752044678,6945409
2025-05-07,1250.3861083984375,1274.9034830729167,1240.5791585286458,1260.1930582682292,5876206
2025-05-08,1265.0965576171875,1279.8069827057595,1250.3861325286155,1260.1930825876636,5977244
2025-05-09,1299.4208984375,1299.4208984375,1255.2896226415096,1270.0000479068397,6464226
2025-05-12,1289.6138916015625,1299.420841347582,1279.806941855543,1294.5173664745723,5139679
2025-05-13,1328.841796875,1338.6487474054427,1319.034846344557,1323.9383216097785,9166229
2025-05-14,1333.7452392578125,1348.4556646908031,1319.034813824822,1343.5521895464728,6039143
2025-05-15,1343.5521240234375,1353.3590738338276,1323.9382244026574,1338.6486491182425,5523760
2025-05-16,1338.648681640625,1348.4556316892742,1333.7452066163005,1338.648681640625,3498707
2025-05-19,1284.71044921875,1323.938249194895,1284.71044921875,1319.034774197877,7045364
2025-05-20,1289.6138916015625,1323.9382157126306,1289.6138916015625,1304.3243162205918,5662042
2025-05-21,1314.13134765625,1319.0348228340717,1294.5174469449626,1299.4209221227845,4399231
2025-05-22,1299.4208984375,1314.1313237028303,1294.5174233490566,1299.4208984375,3287944
2025-05-23,1289.6138916015625,1314.1312659666112,1284.7104167285527,1309.2277910936014,4277084
2025-05-26,1255.28955078125,1279.8069248199463,1250.3860759735107,1279.8069248199463,7140240
2025-05-27,1255.28955078125,1265.0965003967285,1245.4826011657715,1255.28955078125,6424061
2025-05-28,1255.28955078125,1279.8069248199463,1245.4826011657715,1274.903450012207,7908648
2025-05-29,1235.6756591796875,1279.8069327218193,1235.6756591796875,1260.1930333697608,19212826
2025-06-02,1235.6756591796875,1245.4826088557168,1206.2548101515997,1225.8687095036582,10666133
2025-06-03,1250.3861083984375,1265.096533203125,1240.5791585286458,1245.4826334635418,5610470
2025-06-04,1250.3861083984375,1265.096533203125,1235.67568359375,1255.2895833333334,10297345
2025-06-05,1220.96533203125,1240.5792329474148,1211.1583815731676,1235.6757577183735,15362134
2025-06-06,1255.28955078125,1255.28955078125,1220.9652271270752,1225.8687019348145,10710374
2025-06-09,1260.193115234375,1274.9035407040371,1250.386164921267,1265.0965903909291,7952617
2025-06-10,1309.227783203125,1309.227783203125,1274.9034592989233,1274.9034592989233,11338136
2025-06-11,1289.6138916015625,1319.034740839621,1279.806941855543,1314.1312659666112,11700995
2025-06-12,1260.193115234375,1279.807015860591,1255.289640077821,1274.9035407040371,10502334
2025-06-13,1225.8687744140625,1240.5791997070312,1225.8687744140625,1230.7722495117189,8841922
2025-06-16,1230.772216796875,1245.4826416988296,1225.8687418295567,1235.6756917641933,4129774
2025-06-17,1250.3861083984375,1255.2895833333334,1235.67568359375,1235.67568359375,5360829
2025-06-18,1260.193115234375,1265.0965903909291,1235.675739451605,1240.5792146081592,5525157
2025-06-19,1240.5792236328125,1260.1931244017107,1240.5792236328125,1255.289649209486,4766573
2025-06-20,1225.8687744140625,1250.3861499023437,1220.9652993164063,1240.5791997070312,5271667
2025-06-23,1230.772216796875,1235.6756917641933,1201.3513669929657,1206.2548419602838,4404035
2025-06-24,1245.482666015625,1260.193091204786,1235.6757158895177,1250.3861410786785,4477491
2025-06-25,1270.0,1274.903474903475,1255.2895752895754,1255.2895752895754,5945025
2025-06-26,1265.0965576171875,1274.9035076762354,1260.1930825876636,1270.0000326467116,5174101
2025-06-27,1260.193115234375,1274.9035407040371,1255.289640077821,1260.193115234375,5856843
2025-06-30,1225.8687744140625,1274.903525390625,1225.8687744140625,1265.0965751953127,7763199
2025-07-01,1250.3861083984375,1279.8069580078125,1240.5791585286458,1240.5791585286458,8523024
2025-07-02,1270.0,1274.903474903475,1250.3861003861005,1270.0,6784867
2025-07-03,1270.0,1300.0,1270.0,1300.0,11618186
2025-07-04,1290.0,1305.0,1285.0,1290.0,7096708
2025-07-07,1280.0,1300.0,1280.0,1300.0,4446172
2025-07-08,1270.0,1280.0,1265.0,1280.0,3529215
2025-07-09,1355.0,1360.0,1280.0,1280.0,13138793
2025-07-10,1400.0,1400.0,1360.0,1375.0,11433007
2025-07-11,1420.0,1420.0,1390.0,1405.0,9744661
2025-07-14,1385.0,1410.0,1385.0,1410.0,5631886
2025-07-15,1395.0,1405.0,1380.0,1385.0,4329964
2025-07-16,1410.0,1415.0,1395.0,1395.0,5897943
2025-07-17,1390.0,1420.0,1385.0,1405.0,5213698
2025-07-18,1410.0,1410.0,1400.0,1405.0,4870093
2025-07-21,1425.0,1445.0,1410.0,1415.0,5766633
2025-07-22,1430.0,1455.0,1425.0,1440.0,7721986
2025-07-23,1430.0,1455.0,1425.0,1455.0,4835003
2025-07-24,1430.0,1450.0,1420.0,1445.0,4937526
2025-07-25,1430.0,1445.0,1415.0,1430.0,5748883
2025-07-28,1400.0,1440.0,1385.0,1435.0,6885421
2025-07-29,1360.0,1395.0,1350.0,1390.0,9487581
2025-07-30,1380.0,1385.0,1360.0,1365.0,5594339
2025-07-31,1370.0,1385.0,1340.0,1360.0,8942761
2025-08-01,1350.0,1375.0,1350.0,1350.0,6401643
